0,420.261509001255,3253.61440461874,410.356061071157,0,0,3972.47430995107,213.611908793449,7.26762765645981,0,2445.44388452172,5.70921570062637,1892.91361933947,0,2.75161397457123,0,288.96337261796,11.7658149003983,1372.16083231568,866.377883523703,0,0,19.7490715384483,6.36929458379745,0,0,0,0,747.813755720854,1.25164031982422,7.06461024284363,6.07357561588287,50.7374463677406,267.939493000507,0.891274213790894,0,933.197914987803,1.93400663137436,172.399029910564,0,2.74363720417023,0,0,0,0.442718386650085,0,8.80555993318558,1.99054074287415,3.26190453767776,0,161.283600181341,0,0,0,0,0,11665.9725045562,22.8816653192043,755.779295951128,1.40824264287949,1140.66682055593,1.20917117595673,122.902006208897,0,540.824233740568,0,157.78432700038,26.400325357914,1003.82487094402,69.4616696834564,3255.56487208605,130.691852778196,2060.66913548112,54.8382837772369,1048.75976374745,17.3351599276066,3519.51558712125,118.057687610388,4.8235827088356,0,7.65866875648499,0,30.5168190598488,0,52.1575051546097,0,0,0,17.9408116936684,0,0,0,0,0,149.30416610837,0,40.4376300573349,0,0,0,0,0,0,0,7.95795005559921,0,2.26902058720589,0,18.4848474264145,1.09749817848206,0,0,0,0,0,2.55714517831802
420.261509001255,0,104.079954385757,5931.18345722556,0,0,42.3330542445183,8569.55626985431,0,24.3814211785793,7.40967148542404,2150.09165892005,0.71936970949173,308.18776294589,0,12.7031856179237,9.08832585811615,682.698375195265,673.111184179783,836.403554320335,0,1.20702135562897,6.47910597920418,35.3324434459209,0,0,0,0,20.8959803879261,84.0231536924839,4.71416264772415,4.48177778720856,142.558654755354,168.427931845188,6.79357784986496,0,7.20794141292572,857.328316956758,3.26562559604645,87.9482870101929,0,0.930603682994843,0,0,0,0,0,17.6343108415604,0,0,0,68.9005441367626,0,0,0,1.90927720069885,64.2305974960327,11340.5949645042,8.37541210651398,335.423064857721,4.98640364408493,295.748589426279,0.459113895893097,146.809415608644,0.561320543289185,363.360410243273,84.5823346376419,69.4862152338028,477.652267426252,1012.70302313566,277.933462679386,2658.01264607906,51.5724032819271,2007.65181106329,21.0549850165844,821.528975367546,657.28032925725,3938.63914167881,0.859395563602448,17.615217924118,5.93363773822784,22.0761854052544,0,0,0,21.2694760560989,0,0,0,16.4830814599991,0,0,0,0,0.43074157834053,154.201971650124,0.413049191236496,0,0,1.13765776157379,0,0,0,1.09680140018463,0,6.25203931331635,0,2.97205644845963,7.50971695780754,4.30930024385452,0,0,0,0,0,3.18771892786026
3253.61440461874,104.079954385757,0,707.450885057449,361.607781171799,22.6055027842522,11283.287125051,647.943911164999,290.689258098602,34.0252358317375,803.901567876339,75.6436674594879,1159.27495372295,55.4075949788094,125.650687336922,8.4237322807312,129.925258874893,19.5572660565376,3517.2776953876,719.64006459713,4.0978856086731,2.2872588634491,5537.72126573324,1345.26261529326,59.994219660759,64.166967600584,6.36888211965561,10.1161271929741,1146.80261224508,9.77960383892059,200.198001503944,332.250551581383,111.62590688467,337.172861367464,6.90599048137665,0,149.801276624203,0,14.872635871172,0,2.27637702226639,0.875008702278137,1.69297701120377,0,1.16904997825623,0,9.02093148231506,0,0,0,28.4484514594078,0,0,0,0,0,104.068277716637,1.70860439538956,147.739698439837,0,203.788252621889,0,34.5070822238922,0,138.160901367664,0,193.065854460001,0,157.773919820786,3.41337668895721,1730.3068587184,519.271145552397,1925.18418619037,202.911013245583,611.863906770945,39.2936477661133,2173.39281818271,144.870787531137,1.48473250865936,0,11.8712781071663,0,108.659891933203,0,45.2338439822197,0,0,0,8.01817232370377,0,0,0,0,0,93.325925141573,0.632578194141388,10.1126847267151,0,0,0,0,0,0,0,0.785662710666656,0,1.15808236598969,0,21.6875604987144,4.07639849185944,0,0,0,0,0,2.06576579809189
410.356061071157,5931.18345722556,707.450885057449,0,191.214353352785,103.416006624699,663.346941739321,10799.787242502,75.6655561923981,555.582691341639,80.9286552369595,1136.3080329597,171.235320597887,505.269999921322,28.1440665721893,304.95244422555,5.08423864841461,384.49508690834,1384.70076602697,4927.72585743666,1.84588801860809,2.48406785726547,807.125086188316,4181.9148157239,59.2194517254829,52.3892273306847,27.6147197186947,15.1418629288673,91.2988807857037,123.449983239174,133.67265444994,68.6635301411152,189.279955208302,182.119964659214,0.786937057971954,2.91976028680801,8.11442977190018,276.302589267492,0.859036147594452,24.0862087011337,0,10.3857035636902,0,0,0,2.31769609451294,0,16.1462294757366,0,0.898026943206787,0,43.3966410756111,0,0,0,0,30.4283259510994,674.860292136669,1.18120813369751,232.526464790106,0.811601459980011,122.108624637127,0,81.6858942508698,2.04887926578522,143.452900856733,20.1756310462952,415.912918329239,207.95369887352,271.394892126322,553.746553421021,2297.85437646508,282.895117789507,2699.91605508327,55.744307756424,914.496858388186,367.87695389986,4136.91120278835,0,5.79359287023544,0,30.6707537174225,6.43246185779572,0.463977605104446,0,56.7541373372078,0,1.4041753411293,0,5.48136919736862,0,0,0,0,8.54882454872131,124.250378489494,2.98460745811462,0,0,0,0,0,0,0,0,2.34665787220001,0,0.607126593589783,54.3844494223595,6.47740542888641,0,0,0,0,0,5.37252992391586
0,0,361.607781171799,191.214353352785,0,196.02196586132,125.650386810303,34.9172045588493,1203.69656395912,56.1725870966911,0,0,42.335017323494,1.0284548997879,1907.42222160101,43.3058453798294,1.38730931282043,0,0,0,125.203994005919,35.6515035033226,308.638296216726,856.390202015638,287.439503371716,660.597225755453,1041.56245082617,286.048661798239,375.10323253274,0.868347465991974,145.396930187941,184.008454591036,7.01670145988464,13.1975090503693,0,0,99.3705938756466,9.81565368175507,26.8479461669922,0,94.4732418060303,1.21500653028488,0,0,0,0,26.8548040091991,0,0,0,4.56601494550705,0,3.85341608524323,0,11.206651866436,0,0,0,0,0,0,0,0.927193760871887,0,2.56409776210785,0,3.00249630212784,0,0,0,1066.71398717165,267.784903585911,815.354294121265,44.8783366084099,52.3254549503326,7.15914171934128,95.3590581417084,1.07283878326416,0,0,3.23468089103699,0,47.1668387651443,0.459179848432541,13.7996008098125,0,31.5933208465576,0,8.67115408182144,0,0,0,0,0,1.00549218058586,0,1.054927110672,0,1.25655841827393,0,0,0,0,0,0,0,0,0,0,0,0,0,0,0,0,0
0,0,22.6055027842522,103.416006624699,196.02196586132,0,13.8794360160828,67.8403749465942,66.5647265315056,2168.95807346702,0,0,6.33104360103607,1.82904243469238,61.2117322683334,2075.14308899641,0,0,0,0,9.92456638813019,213.293824225664,69.6316735744476,45.3225213587284,103.651505917311,292.252987235785,176.574496120214,805.716370642185,8.53668469190598,278.332789570093,56.303937792778,20.5424958467484,0,1.82204496860504,0,0,13.6327117085457,38.3393632769585,2.92839384078979,3.237908244133,4.38752084970474,270.79334834218,0,1.09632778167725,0,0,0,3.21367424726486,0,0,0,0,0,0,0,15.1498957872391,0,0,0,0,0,0,0,0,0,1.39491045475006,0,2.52288472652435,0,0,185.746127575636,666.495678752661,11.0316932499409,1121.54163059592,0,47.6989428699017,0,46.6877807676792,0,0,0,7.25770401954651,0.666857421398163,110.159600675106,0,18.8396808505058,0,41.5355698466301,0,10.5406039357185,0,0,0,0,0,0.519853711128235,0,0,0,0,0,0,0,0,0,0,0,0,0,0,0,0,0,0,0,0
3972.47430995107,42.3330542445183,11283.287125051,663.346941739321,125.650386810303,13.8794360160828,0,836.622491300106,1155.70398741961,11.7648552656174,1002.93852218986,125.312713325024,5145.62347236276,64.3350206315517,105.713651955128,5.21852004528046,41.6284344792366,26.6355851590633,213.597390383482,518.512010723352,2.14907014369965,1.11467480659485,871.003106236458,1189.97663739324,12.8312341570854,20.2407442331314,2.42637264728546,5.27689218521118,482.548757463694,8.28004622459412,156.355210930109,182.148353159428,26.4191770255566,242.577694684267,3.66737926006317,0,51.6018386483192,1.10848009586334,10.0994871258736,0,2.95706856250763,0,0,0,2.32511907815933,0,2.67442891001701,0,5.20910802483559,0,747.154039353132,0,1.03926229476929,0,0,0,350.51962351799,1.9750058054924,165.436514735222,0,777.54375615716,0,19.9399240016937,0,1368.04154482484,0,14.910172700882,0,2.52285969257355,0,2591.06156829,528.641068220139,886.106762111187,176.095122247934,307.321710020304,31.6248639822006,1116.7013888061,131.529771357775,0,0,9.98528921604156,0,35.320914119482,0,269.542372345924,0,0,0,43.1962455511093,0,0,0,0,0,25.0738887488842,1.24116313457489,1.93018785119057,0,0,0,0,0,0,0,0,0,0,0,7.42409285902977,0,0,0,0,0,0,0
213.611908793449,8569.55626985431,647.943911164999,10799.787242502,34.9172045588493,67.8403749465942,836.622491300106,0,28.8148704767227,1642.51903790236,107.040854364634,2075.35934567451,205.545590609312,4540.8383449316,18.4462760686874,327.787645637989,7.98909288644791,231.861528456211,650.733849465847,241.763921290636,0,0,936.846225142479,567.74787569046,8.45931833982468,6.55944114923477,1.63569283485413,0,87.796105235815,119.688404470682,110.123649179935,39.6433223485947,72.2475829422474,50.9982733726501,3.14104795455933,0.649241000413895,2.30482393503189,125.281720668077,0,7.05413353443146,0,0,0,0,0,0,0,7.08078336715698,0,4.07000494003296,0,295.980178594589,0,0,0,1.21140837669373,8.53891250491142,1452.69369080663,0,374.441286176443,0.933763802051544,374.415675640106,0,97.5448748469353,0,1418.37710022926,7.76385426521301,50.6655679643154,73.8846121132374,15.0472586154938,448.744337648153,3391.85790842772,249.480063766241,1525.09655627608,44.3768264651299,477.020283162594,249.682739138603,1961.80312922597,0,2.75849092006683,0,37.319164276123,14.0460343360901,0,0,387.126840293407,0,0,0,13.1638407111168,0,0,0,0,1.1593941450119,36.846176058054,0,0,0,0,0,0,0,0,0,0,0,0,13.1435725092888,1.62190622091293,0,0,0,0,0,1.14877879619598
7.26762765645981,0,290.689258098602,75.6655561923981,1203.69656395912,66.5647265315056,1155.70398741961,28.8148704767227,0,27.2726275920868,12.3909177482128,0,719.744032561779,0,2197.94365549088,24.9024744033813,1.2342534661293,0,1.77207455039024,0,36.8010937869549,3.55407297611237,62.5599087178707,306.127019286156,43.3112397789955,252.048664808273,243.632313281298,68.6469475030899,359.180766820908,0,49.2533438503742,47.6546420156956,1.78810292482376,1.40513229370117,0,0,66.0459645986557,0,2.75096201896667,0,40.0405712723732,0,0,0,0,0,8.64216434955597,0,0,0,0,0,0,0,0,0,2.22119069099426,0,0,0,0,0,0,0,3.668636739254,0,0,0,0,0,965.831200033426,104.449675858021,1301.22216808796,11.5889764428139,110.462005525827,0,245.864150881767,0,0,0,6.32671427726746,0,16.1623561382294,0,11.2437285780907,0,5.82007396221161,0,5.33573216199875,0,0,0,0,0,2.37394207715988,0,1.34270787239075,0,0,0,0,0,0,0,0,0,0,0,0,1.10587799549103,0,0,0,0,0,0
0,24.3814211785793,34.0252358317375,555.582691341639,56.1725870966911,2168.95807346702,11.7648552656174,1642.51903790236,27.2726275920868,0,0,49.7741767168045,1.28578448295593,504.226676672697,10.0648150444031,2187.72906258702,0,35.6183001995087,0,1.99729853868484,3.5217125415802,18.7848030030727,38.5970158278942,46.4938930571079,36.4009657502174,53.5878868699074,49.9640185832977,141.146871179342,1.71976256370544,187.539077043533,20.3489211201668,1.34463530778885,0,0,0,0,0,38.0039225518703,0,2.65926551818848,0,74.0272132158279,0,1.29349899291992,0,0,0,0.8715740442276,0,0,0,0,0,0,0,9.1116207242012,0,6.64604896306992,0,0,0,0,0,13.3621541261673,0,6.60811722278595,0,0,0,0,66.0857945978642,805.981231689453,9.20864033699036,1541.81397384405,0,216.578751862049,0,250.950988590717,0,0,0,0,0,12.089734017849,0,2.66871857643127,0,10.4721723794937,0,6.00001263618469,0,0,0,0,0.504649102687836,6.12084048986435,0,0,0,0,0,0,0,0,0,0,0,0,3.26469191908836,0.710265100002289,0,0,0,0,0,0
2445.44388452172,7.40967148542404,803.901567876339,80.9286552369595,0,0,1002.93852218986,107.040854364634,12.3909177482128,0,0,12.2902423143387,2882.8897010386,1.41246145963669,17.3980420827866,0,860.663117915392,2.91550189256668,343.073161840439,226.521677881479,0,0,132.051207154989,60.2850280404091,0,0,1.59244906902313,0,998.898690402508,2.91595757007599,27.8196431398392,21.9872667193413,9.29024940729141,53.6137602925301,5.03848654031754,0,43.3750046491623,0,14.866796374321,0,2.8086268901825,0,0,0,0,0,0.865248382091522,0,0.575696110725403,0,72.8454604744911,0,1.26929724216461,0,0,0,490.839907228947,0,22.1286735534668,0,553.388334214687,0,323.956784188747,0,381.615162432194,0,7.69538128376007,1.12969529628754,6.55178147554398,0,643.50664255023,49.6818578243256,311.960242211819,25.8669456243515,88.9534847140312,3.364481985569,357.874720573425,19.4520382285118,9.3286537528038,0,79.0082075595856,0,215.494139611721,0,465.845403254032,0,0,0,155.369239091873,0,0,0,0,0,17.7971454262733,0,0,0,0,0,0,0,0,0,0,0,0,0,2.19252347946167,1.24923765659332,0,0,0,0,0,1.35576486587524
5.70921570062637,2150.09165892005,75.6436674594879,1136.3080329597,0,0,125.312713325024,2075.35934567451,0,49.7741767168045,12.2902423143387,0,27.1752366423607,3029.33130994439,0,250.471644818783,0,745.796348750591,98.6357957720757,229.874773621559,0,0,124.305652201176,233.04913431406,0,0,0,0,13.1765059232712,791.775108397007,16.2356995642185,9.81856518983841,8.39187881350517,19.3333201408386,0,0.520935595035553,0,15.11376324296,0,3.63009738922119,0,0,0,0,0,0,0,0.73729795217514,0,0,0,25.3802989721298,0,0,0,0,0,239.045838773251,0,13.6450155377388,0,515.554298043251,0,418.684948980808,0,288.970711737871,0,5.45173662900925,0,0,60.7929136753082,879.656796067953,36.8789293766022,863.419481962919,8.89022135734558,78.2200766503811,33.7114014029503,276.55241560936,0,8.66762393712997,0,53.2050139904022,0,0,0,46.4759464263916,0,0,0,0.806855022907257,0,0,0,0,0,7.85789287090302,0,0,0,0,0,0,0,0,0,0,0,0,3.3496298789978,0,0,0,0,0,0,0
1892.91361933947,0.71936970949173,1159.27495372295,171.235320597887,42.335017323494,6.33104360103607,5145.62347236276,205.545590609312,719.744032561779,1.28578448295593,2882.8897010386,27.1752366423607,0,13.9857538342476,2917.23839735985,0,295.284259796143,3.17647504806519,181.877210319042,178.127156168222,0,0,518.349357098341,330.662154853344,0.904160857200623,3.14194679260254,0,2.0747475028038,3076.68903273344,3.87032777070999,89.1003728806973,67.4932459294796,12.432733476162,97.6715408861637,1.713010430336,0,43.3417650163174,0,3.78579300642014,0,0.888296008110046,0,0.621558308601379,0,0,0,1.33621901273727,0,1.38867127895355,0,102.055684566498,0,3.16914689540863,0,0,0,258.573627382517,0,30.4201890528202,0,763.813480556011,0,393.461848914623,0,1174.98068109155,0,2.70684057474136,0,11.0015016794205,0,1785.96591559052,173.568506419659,1431.31618559361,48.1486908197403,295.212376087904,7.33195912837982,846.226454883814,34.5286772251129,6.038554251194,0,227.785488188267,0,83.6398293375969,0,918.275280177593,0,0,0,217.107492536306,0,0,0,0,0,15.6423299908638,0,1.35485506057739,0,0,0,0,0,0,0,0,0,0,0,3.52395018935204,0,0,0,0,0,0,1.09881389141083
0,308.18776294589,55.4075949788094,505.269999921322,1.0284548997879,1.82904243469238,64.3350206315517,4540.8383449316,0,504.226676672697,1.41246145963669,3029.33130994439,13.9857538342476,0,0,1888.05436375737,0,293.589250862598,12.005760550499,41.3072104156017,0,0,97.6262965798378,244.385113149881,2.21532094478607,0,0,0,3.9505330324173,1101.84418255091,14.5849461555481,7.44982045888901,1.37648284435272,10.0784686207771,0,0.687435209751129,0,9.13093584775925,0,0,0,0,0,0,0,0,0,0.688344419002533,0,0,0,3.1494248509407,0,0,0,0,0,72.8168650269508,0,7.66467970609665,0,311.240310966969,0,224.907882630825,0,100.105567514896,0,0,0,0,35.0149104893208,598.461757659912,19.085845053196,1169.31738981605,4.27323031425476,109.13154438138,5.78835821151733,256.11526915431,0,6.6534548997879,0,59.5670723319054,0,0,0,16.3884927034378,0,0,0,0,0,0,0,0,0,5.08960539102554,0,0,0,0,0,0,0,0,0,0,0,0,4.44725346565247,0,0,0,0,0,0,0
2.75161397457123,0,125.650687336922,28.1440665721893,1907.42222160101,61.2117322683334,105.713651955128,18.4462760686874,2197.94365549088,10.0648150444031,17.3980420827866,0,2917.23839735985,0,0,10.0010101795197,11.0383523106575,0,2.28286910057068,0,87.7977707386017,18.9154520630836,61.6544678211212,103.075975179672,97.2077260017395,143.543486863375,601.712837338448,108.704413473606,2794.51180872321,3.42916393280029,90.1566721796989,38.9358507394791,6.58619248867035,5.48962301015854,0,0,91.0475736260414,0,10.9977620840073,0,77.964313685894,0,0,0,0,0,36.5180177092552,0,0,0,3.97205626964569,0,2.07380080223083,0,15.499032586813,0,6.26101338863373,0,0,0,0.667784333229065,0,1.5396021604538,0,16.3190146684647,0,0.572045862674713,0,0,0,971.780738264322,92.708827495575,1895.40698847175,9.17156684398651,195.633559167385,0,334.363784313202,0,0,0,30.8642857670784,0,106.511624336243,0,99.1574384570122,0,38.1906259059906,0,38.2382133603096,0,0,0,0,0,5.38446950912476,0,0.490921854972839,0,0,0,0,0,0,0,0,0,0,0,1.18945211172104,0,0,0,0,0,0,0
0,12.7031856179237,8.4237322807312,304.95244422555,43.3058453798294,2075.14308899641,5.21852004528046,327.787645637989,24.9024744033813,2187.72906258702,0,250.471644818783,0,1888.05436375737,10.0010101795197,0,0,114.882416605949,0,4.17788767814636,2.37804853916168,91.670489013195,22.0693691372871,101.663760721684,32.0506573021412,136.918266564608,58.5234950780869,442.019101262093,1.11297392845154,2461.27999085188,7.80426049232483,10.3740699589252,1.05431365966797,0.932864606380463,0,0,0,60.5697629749775,0,5.97659945487976,0,227.386737078428,0,1.88889837265015,0,0,0,2.5306841135025,0,0,0,1.35052061080933,0,0,0,27.35046261549,0,10.8546127080917,0,0,0,1.61196601390839,0,39.1854894161224,0,10.756399512291,0,0.575571000576019,0,0,69.0665048062801,815.532261192799,0.583081543445587,3824.70193842053,1.19556641578674,272.067374289036,1.14449000358582,270.418844550848,0,1.76130193471909,0,20.8469795286655,0,109.546953201294,0,18.241396009922,0.570236563682556,35.5263306498528,0,14.7333344221115,0,0,0,0,0,10.0926312804222,0,0,0,0,0,0,0,0,0,0,0,0,0.633253395557404,1.10993492603302,0,0,0,0,0,0
288.96337261796,9.08832585811615,129.925258874893,5.08423864841461,1.38730931282043,0,41.6284344792366,7.98909288644791,1.2342534661293,0,860.663117915392,0,295.284259796143,0,11.0383523106575,0,0,0,74.9803414046764,25.4339052438736,0,0,12.7396922111511,1.74433845281601,0,0,0,0,3147.13261675835,0,0.825198948383331,2.20180606842041,2.16341876983643,7.36170864105225,9.20102685689926,2.37353348731995,37.9230631291866,2.57587170600891,4.06148445606232,0,2.39474415779114,0,0.446009308099747,0,4.11969581246376,0.760738551616669,0.486059218645096,0,6.80234509706497,0,22.3472881317139,1.6524430513382,0,0,0,0,1736.41976633668,18.1082820296288,52.7548825740814,5.82112622261047,204.173130452633,0,1769.32535195351,2.13961571455002,35.815717279911,0,48.0446580648422,19.8238895535469,4.86664941906929,5.18918514251709,125.666232675314,9.66011840105057,276.328383892775,1.47793614864349,57.5552328824997,0,158.52051910758,3.8030024766922,518.048323810101,0,1380.48146694899,0,262.261227071285,0,150.181334495544,0,1.8185128569603,0,39.8170426189899,0,0,0,0,0,9.56122368574142,0,1.72746104001999,0,1.02105271816254,0,0,0,0,0,0.486652582883835,0,0,0,0,0,0,0,0,0,0,0
11.7658149003983,682.698375195265,19.5572660565376,384.49508690834,0,0,26.6355851590633,231.861528456211,0,35.6183001995087,2.91550189256668,745.796348750591,3.17647504806519,293.589250862598,0,114.882416605949,0,0,45.5565546154976,124.049305260181,0,0,9.7392982840538,76.5792935490608,0,0,0,0,1.60975909233093,2930.23324894905,5.40535634756088,2.33990681171417,8.05733004212379,6.83924776315689,0,0,1.33214223384857,31.4060399830341,0,6.49470263719559,0,0,0,0,0,0,0,1.39130306243896,0,0,0,3.29904615879059,0,0,0,0,2.18246015906334,1440.48413613439,0.726927161216736,30.4576660990715,0,269.533105611801,0,1960.02255174518,0,47.4671737551689,1.29950785636902,14.0152599811554,0.500147104263306,5.33161246776581,17.8563618659973,416.065669894218,5.06669968366623,1640.95909947157,0,181.739621728659,32.7032075822353,387.4942253232,0,339.2647318542,0.640757024288177,646.333571225405,0,0,0,51.5485970079899,0,0,0,4.12558716535568,0,0,0,0,0.540155470371246,12.6455359458923,1.55200397968292,0,0,0,0,0,0,0,0,0.907251119613647,0,0,1.7261757850647,2.21569162607193,0,0,0,0,0,1.31506437063217
1372.16083231568,673.111184179783,3517.2776953876,1384.70076602697,0,0,213.597390383482,650.733849465847,1.77207455039024,0,343.073161840439,98.6357957720757,181.877210319042,12.005760550499,2.28286910057068,0,74.9803414046764,45.5565546154976,0,3903.61725175381,0,2.06121850013733,658.957331389189,377.38084590435,1.23578655719757,1.37220972776413,0,0,296.953381448984,4.72697484493256,350.045785307884,158.92983263731,2829.04366466403,1347.57716327906,101.494232237339,2.7046305835247,114.634120494127,10.0500875115395,25.2238427400589,0,5.79293823242188,0,121.624665677547,0,30.6215434074402,0,76.9408063292503,0,1.33424192667007,0,21.7195134758949,0,0,0,0.416279673576355,0,148.70120677352,27.6168361902237,269.972180336714,4.63818210363388,71.88775613904,0,21.4547424316406,0,67.6550657749176,0,1875.7060418576,15.9826112091541,2638.14269846678,51.1058459281921,998.371494442225,395.08070614934,625.164248079062,306.514309793711,310.958550959826,65.5590536594391,1621.07664251328,492.847404956818,0,0,4.0877588391304,0,47.4533211290836,0,9.18369895219803,0,0,0,0,0,0,0,0,0,59.9295780658722,1.18801021575928,10.0205672681332,0,0,0,0,0,0,0,0,0,0,0,8.42321765422821,2.58042699098587,0,0,0,0,0,0.567007541656494
866.377883523703,836.403554320335,719.64006459713,4927.72585743666,0,0,518.512010723352,241.763921290636,0,1.99729853868484,226.521677881479,229.874773621559,178.127156168222,41.3072104156017,0,4.17788767814636,25.4339052438736,124.049305260181,3903.61725175381,0,0.815368473529816,0,401.298328310251,1202.82066604495,1.0519552230835,0,1.05363523960114,0,114.640132725239,21.021605014801,127.019340932369,101.090492069721,696.708433181047,5034.73643676937,1.88895684480667,24.6403705775738,23.2670106291771,76.5265595912933,2.96006262302399,8.29926061630249,0,0,0,3.70096132159233,0,0.375972807407379,1.87123167514801,49.5904629826546,0,0.846839070320129,0,21.9407763183117,0,0,0,0,63.1569145619869,520.932532548904,4.7013218998909,120.936108916998,8.14511466026306,36.9120429158211,0,18.4473885297775,3.49738591909409,46.0575285553932,144.92575442791,1094.43139120936,988.64415332675,3875.16828563809,621.421996504068,779.684886276722,295.360904991627,491.388983488083,105.992558002472,186.744020789862,818.555594176054,1636.26143723726,0,6.05882662534714,0,2.50126188993454,20.0712496042252,0,0,22.2043783664703,0,0,0,1.08722668886185,0,0,0,0,3.37863606214523,40.9162346422672,0,1.78139746189117,0,0,0,0,0,0,0,0,0,0,18.4033259749413,3.51345413923264,0,0,0,0,0,1.66115510463715
0,0,4.0978856086731,1.84588801860809,125.203994005919,9.92456638813019,2.14907014369965,0,36.8010937869549,3.5217125415802,0,0,0,0,87.7977707386017,2.37804853916168,0,0,0,0.815368473529816,0,21.7837814092636,27.0292557179928,40.9754664301872,127.918985724449,52.4159708619118,729.482907682657,59.6694095134735,63.320397913456,2.39119577407837,737.387919694185,30.210597217083,26.7080256938934,5.44474810361862,0,0,44.8532708287239,45.5399208664894,4.49785095453262,4.2904571890831,110.582691311836,25.5027111172676,0,0,0.540253221988678,0,16.1133108139038,0,0,0,2.128542304039,0,0,0,8.61835581064224,0.749527931213379,0,0,0,0,0,0,0,0,0.994432628154755,0,3.31262749433517,0.900275647640228,0,0,642.574769973755,80.7539876699448,72.9475498795509,22.9931800365448,18.1549160480499,12.1869411468506,25.37471139431,19.6966677308083,0,0,0,0,17.1420885324478,1.84872162342072,2.89120543003082,4.86861664056778,22.8619693517685,6.74301210045815,17.012408643961,7.6817215681076,0,0,0,0,0,0,0,0,0.408843368291855,0,0,0,0,0,0,0,0,0,0,0,0,0,0,0,0,0
0,1.20702135562897,2.2872588634491,2.48406785726547,35.6515035033226,213.293824225664,1.11467480659485,0,3.55407297611237,18.7848030030727,0,0,0,0,18.9154520630836,91.670489013195,0,0,2.06121850013733,0,21.7837814092636,0,33.1676403284073,56.7938453257084,30.6497514843941,487.032072067261,131.969291865826,1426.90525060892,7.83503651618958,86.1048066020012,52.2142018675804,928.707021474838,2.20432353019714,30.3966463208199,0,0,15.6759534478188,110.160265028477,8.74038851261139,34.939004778862,4.27359449863434,274.228941112757,0,0,0,0,0,1.19613671302795,0,0,0,0.663652241230011,0,0,0.476795375347137,1.29330086708069,0,0,0,0,0,0,0,0,0,0,0,0,0,0,140.548131465912,519.729258984327,6.06182646751404,194.258806586266,0,0,0,10.6046609282494,0,0,0,1.09539139270782,3.17114669084549,246.17819494009,0,3.89350152015686,1.16248428821564,31.8564766645432,0,0,0,0,0,0,0,3.31128656864166,0,0,0,0,0,0,0,0,0,0,0,0,0,0,0,0,0,0,0,0
19.7490715384483,6.47910597920418,5537.72126573324,807.125086188316,308.638296216726,69.6316735744476,871.003106236458,936.846225142479,62.5599087178707,38.5970158278942,132.051207154989,124.305652201176,518.349357098341,97.6262965798378,61.6544678211212,22.0693691372871,12.7396922111511,9.7392982840538,658.957331389189,401.298328310251,27.0292557179928,33.1676403284073,0,3279.64127632976,1053.74513718486,373.859081029892,138.928437709808,62.572576791048,498.507998943329,19.0421090126038,3819.03565889597,1200.98379716277,1108.57885673642,490.956684589386,224.823542326689,1.31407499313354,30.0817267894745,0,1.33599674701691,0,5.01456642150879,0,82.9591421186924,0,27.5402759313583,0,25.159415602684,0,0,0,1.32797241210938,0,0,0,0,0,6.17432254552841,0,7.94830530881882,0,2.10046344995499,0,0,0,0.833554089069366,0,505.419402807951,1.19935619831085,8.87666100263596,1.01521241664886,1267.38827061653,804.713942140341,998.448109924793,303.102340459824,289.989091575146,62.0429205298424,861.462326228619,205.58262950182,0.677491068840027,0,1.80443489551544,0,7.53870302438736,0,1.33073949813843,0,0.517592012882233,0,0,0,0,0,0,0,17.3383011221886,0,5.99775177240372,0,0,0,0,0,0,0,0,0,0,0,1.11746889352798,0,0,0,0,0,0,0
6.36929458379745,35.3324434459209,1345.26261529326,4181.9148157239,856.390202015638,45.3225213587284,1189.97663739324,567.74787569046,306.127019286156,46.4938930571079,60.2850280404091,233.04913431406,330.662154853344,244.385113149881,103.075975179672,101.663760721684,1.74433845281601,76.5792935490608,377.38084590435,1202.82066604495,40.9754664301872,56.7938453257084,3279.64127632976,0,605.912597358227,1684.11174529791,237.088409900665,124.984944462776,155.850623220205,76.5961247682571,632.304465413094,1893.7796318531,99.8279969096184,1502.82726374269,0,92.5192183554173,0,29.1683943867683,0,2.15711355209351,2.40697395801544,9.48646304011345,0,6.75126364827156,0,0,0,40.7690967619419,0,0,0,0,0,0,0,0,0,19.5052123963833,0,2.12412357330322,0,0,0,12.6288017630577,0,6.50079840421677,0,302.46774160862,0,12.5122755765915,1232.62932929397,1602.44687840343,519.849458783865,1052.46220734715,92.0163143873215,322.783166199923,167.245348989964,1011.84147104621,0,2.8134833574295,0,2.68492674827576,1.76442861557007,0.477972537279129,0,4.41077673435211,0,1.55468451976776,0,0,0,0,0,0,0,20.6284254193306,0,0,0,0,0,0,0,0,0,0,0,0,6.28018176555634,0,0,0,0,0,0,0
0,0,59.994219660759,59.2194517254829,287.439503371716,103.651505917311,12.8312341570854,8.45931833982468,43.3112397789955,36.4009657502174,0,0,0.904160857200623,2.21532094478607,97.2077260017395,32.0506573021412,0,0,1.23578655719757,1.0519552230835,127.918985724449,30.6497514843941,1053.74513718486,605.912597358227,0,645.795423746109,781.263101786375,219.616031676531,21.4933013617992,1.19598686695099,828.630098938942,166.27651771903,93.194675385952,21.708034157753,9.29282036423683,0,4.30579656362534,0,0,0,9.6040107011795,0.646904706954956,0,0,0,0,0,0,0,0,0,0,0,0,0.700942099094391,0,0,0,0,0,0,0,0,0,0,0,1.49590492248535,0,0,0,277.017507106066,139.200651407242,123.062824457884,14.6916944384575,4.2630986571312,0.928550064563751,7.71177324652672,0,0,0,0,0,0.450812160968781,0,0,0,0.497019380331039,0,0,0,0,0,0,0,0,0,0,0,0,0,0,0,0,0,0,0,0,0,0,0,0,0,0,0,0,0
0,0,64.166967600584,52.3892273306847,660.597225755453,292.252987235785,20.2407442331314,6.55944114923477,252.048664808273,53.5878868699074,0,0,3.14194679260254,0,143.543486863375,136.918266564608,0,0,1.37220972776413,0,52.4159708619118,487.032072067261,373.859081029892,1684.11174529791,645.795423746109,0,702.110318809748,1150.33687806129,25.4073434174061,29.2163983881474,284.65979835391,856.087728410959,7.46573227643967,28.8192756175995,0,2.58983924984932,7.33010196685791,5.41401147842407,0,0,7.1465802192688,37.6117753088474,0,0,0,0,0,0,0,0,0,0,0,0,0,1.2149806022644,0,0,0,0,0,0,0,0,0,0,0,0,0,0,512.40612912178,610.010649800301,45.221889346838,280.527549594641,2.37312042713165,18.7559166252613,0.954017758369446,17.4065785706043,0,0,0,0,0,12.2458503544331,0,1.86340352892876,2.70303308963776,4.34821152687073,0,0,0,0,0,0,0,0.430764853954315,0,0,0,0,0,0,0,0,0,0,0,0,0,0,0,0,0,0,0,0
0,0,6.36888211965561,27.6147197186947,1041.56245082617,176.574496120214,2.42637264728546,1.63569283485413,243.632313281298,49.9640185832977,1.59244906902313,0,0,0,601.712837338448,58.5234950780869,0,0,0,1.05363523960114,729.482907682657,131.969291865826,138.928437709808,237.088409900665,781.263101786375,702.110318809748,0,647.287802815437,172.789550870657,4.73782384395599,556.203722685575,163.83746150136,39.3127474188805,4.46064278483391,1.2600679397583,0,143.279268443584,32.235153734684,53.3531008064747,4.05614471435547,68.2293022274971,0.514527559280396,0,0,0,0,3.89855432510376,0,0,0,0,0,0,0,2.57971042394638,0,0,0,0,0,0,0,0,0,0,0,1.35647475719452,0,0,0,549.467481940985,243.347525805235,123.157483309507,31.4413946866989,10.2003052532673,4.44871938228607,9.02422988414764,2.35266673564911,0,0,0.823855459690094,0,30.9792001247406,3.93771117925644,7.21025025844574,0,20.2895159721375,0,12.577691167593,0,0,0,0,0,0,0.931599020957947,0.74857884645462,0,0,0,0,0,0,0,0,0,0,0,0,0,0,0,0,0,0,0
0,0,10.1161271929741,15.1418629288673,286.048661798239,805.716370642185,5.27689218521118,0,68.6469475030899,141.146871179342,0,0,2.0747475028038,0,108.704413473606,442.019101262093,0,0,0,0,59.6694095134735,1426.90525060892,62.572576791048,124.984944462776,219.616031676531,1150.33687806129,647.287802815437,0,33.3885402083397,70.453314781189,130.128340125084,146.487517654896,0.690395712852478,7.94282081723213,0,0.325854182243347,43.8665183782578,155.76743131876,34.0042856931686,11.0623291730881,10.0369988083839,226.166372418404,0,0,0,0,0,1.50294399261475,0,0,0,0,0,0,0,3.4984837770462,0,0,0,0,0,0,0,0,0,0.731305003166199,0,0,0,0,302.343151718378,733.351089924574,22.2232971489429,490.809996366501,1.21785271167755,14.3876177668571,1.28648579120636,16.2782827019691,0,0,0,0.561903297901154,1.82894396781921,77.865838944912,0,3.24852693080902,0.746291518211365,28.0197324156761,0,2.7286673784256,0,0,0,0,0,4.11090242862701,0,0,0,0,0,0,0,0,0,0.500311315059662,0,0,0,0,0,0,0,0,0,0
747.813755720854,20.8959803879261,1146.80261224508,91.2988807857037,375.10323253274,8.53668469190598,482.548757463694,87.796105235815,359.180766820908,1.71976256370544,998.898690402508,13.1765059232712,3076.68903273344,3.9505330324173,2794.51180872321,1.11297392845154,3147.13261675835,1.60975909233093,296.953381448984,114.640132725239,63.320397913456,7.83503651618958,498.507998943329,155.850623220205,21.4933013617992,25.4073434174061,172.789550870657,33.3885402083397,0,1.94091254472733,81.0188191533089,68.2015005946159,22.8209662437439,68.1358740925789,46.2700134813786,14.2599153518677,195.794319719076,8.98927915096283,123.622909158468,0,339.449119091034,0.585411548614502,58.4747479856014,7.8272750377655,99.7909747958183,4.77466666698456,366.231604635715,2.17065834999084,147.561371803284,0.533708512783051,581.716975450516,0,117.815855562687,0,186.896780431271,2.75389420986176,1378.61559307575,32.2226849794388,434.700868576765,18.6080446839333,378.170652896166,5.17191189527512,1093.48574376106,10.67760014534,257.661258846521,0.635147094726562,293.147973716259,104.545383185148,107.607253730297,12.0805354118347,701.055662721395,103.215527713299,1798.39088046551,19.6161847412586,162.855415701866,8.55769461393356,543.30309548974,40.5833150148392,486.869936853647,0,1146.02433657646,1.03715813159943,1553.34350198507,0,882.550543963909,0,281.871605426073,0,332.355823427439,0,29.2051699757576,0,0.883916854858398,0,24.6634485125542,0,5.16636508703232,0,18.6984493732452,0,1.37767386436462,0,0.49149814248085,0,2.23927503824234,1.86611938476562,6.6370884180069,0,2.43075275421143,0,0,0,0,0,0,0.383498579263687
1.25164031982422,84.0231536924839,9.77960383892059,123.449983239174,0.868347465991974,278.332789570093,8.28004622459412,119.688404470682,0,187.539077043533,2.91595757007599,791.775108397007,3.87032777070999,1101.84418255091,3.42916393280029,2461.27999085188,0,2930.23324894905,4.72697484493256,21.021605014801,2.39119577407837,86.1048066020012,19.0421090126038,76.5961247682571,1.19598686695099,29.2163983881474,4.73782384395599,70.453314781189,1.94091254472733,0,0,3.66564476490021,3.04564619064331,11.6607208251953,0.5674809217453,7.66736894845963,7.2858635187149,99.8353064358234,0,44.2401819229126,0,377.181015610695,10.4664080739021,33.3357072770596,0.978026688098907,33.2568130791187,6.41073191165924,183.021194219589,0,60.7785936594009,0,177.159257054329,0,76.0918793678284,0,120.538850605488,0.743382155895233,420.381764948368,1.87570154666901,192.148872941732,0.58197695016861,88.9044247567654,0,500.027808845043,0,95.792049407959,8.7053200006485,98.2645077109337,0,12.2750881910324,6.00242298841476,149.524675667286,5.17453598976135,4464.72239923477,0,40.8508461415768,8.20399510860443,66.5285059511662,0,568.515296399593,0,951.960862547159,0,1219.4652941227,1.3529896736145,295.951708078384,0,72.799306511879,0,59.4830280542374,0,11.417323410511,0,0,0,1.4257954955101,0,0,0,26.0704627335072,0,0,0,4.67144536972046,0,0,0,0,0,0,0,0,0,0,0,0
7.06461024284363,4.71416264772415,200.198001503944,133.67265444994,145.396930187941,56.303937792778,156.355210930109,110.123649179935,49.2533438503742,20.3489211201668,27.8196431398392,16.2356995642185,89.1003728806973,14.5849461555481,90.1566721796989,7.80426049232483,0.825198948383331,5.40535634756088,350.045785307884,127.019340932369,737.387919694185,52.2142018675804,3819.03565889597,632.304465413094,828.630098938942,284.65979835391,556.203722685575,130.128340125084,81.0188191533089,0,0,456.81010133028,1510.84753319621,141.683442831039,272.775993615389,1.89413297176361,13.9203473329544,0,3.11978477239609,0,14.122987985611,2.36080384254456,68.7811925113201,0,80.0090088844299,0,17.0078586339951,0,0,0,0,0,0,0,0,0,0,1.6449801325798,1.45790004730225,1.33941149711609,0,0,0,1.62358474731445,0.911944091320038,1.54028511047363,637.612363964319,5.14741104841232,14.9256827533245,2.92717325687408,868.626203596592,214.020214676857,144.143609017134,51.6992046236992,36.7132692337036,20.655775308609,135.663448989391,69.623820155859,0,0,0,0,7.38321757316589,0.695348680019379,2.0391358435154,0,0.630545616149902,0.575856804847717,1.87513840198517,0,0,0,0,0,4.3228400349617,0.50548642873764,0,0,0,0,0,0,0,0,0,0,0,0,2.22521317005157,0,0,0,0,0,0,0
6.07357561588287,4.48177778720856,332.250551581383,68.6635301411152,184.008454591036,20.5424958467484,182.148353159428,39.6433223485947,47.6546420156956,1.34463530778885,21.9872667193413,9.81856518983841,67.4932459294796,7.44982045888901,38.9358507394791,10.3740699589252,2.20180606842041,2.33990681171417,158.92983263731,101.090492069721,30.210597217083,928.707021474838,1200.98379716277,1893.7796318531,166.27651771903,856.087728410959,163.83746150136,146.487517654896,68.2015005946159,3.66564476490021,456.81010133028,0,61.0974499583244,1780.55175790191,3.43984013795853,166.576709657907,6.30416297912598,0.597616970539093,0,4.74617904424667,7.85514515638351,4.12844988703728,0,21.9290249049664,1.02583026885986,1.0033266544342,0,75.4220680594444,0,0,0.460603535175323,0,0,0,0,0,0,7.0933031886816,0,1.74159175157547,0,0,0,0,0,0,4.3245342373848,564.298304229975,0,17.6372704207897,401.16204226017,343.773963540792,153.217274725437,38.8384140133858,29.0841431617737,16.8953835368156,132.427057921886,50.0766087770462,0,0,0,1.40794336795807,3.30877637863159,3.2972266972065,0,0,0,0,0,0,0,0,0,0,0.752902269363403,1.83795869350433,1.34253787994385,0,0,0,0,0,0,0,0,0,0,0,0,0,0,0,0,0,0,0
50.7374463677406,142.558654755354,111.62590688467,189.279955208302,7.01670145988464,0,26.4191770255566,72.2475829422474,1.78810292482376,0,9.29024940729141,8.39187881350517,12.432733476162,1.37648284435272,6.58619248867035,1.05431365966797,2.16341876983643,8.05733004212379,2829.04366466403,696.708433181047,26.7080256938934,2.20432353019714,1108.57885673642,99.8279969096184,93.194675385952,7.46573227643967,39.3127474188805,0.690395712852478,22.8209662437439,3.04564619064331,1510.84753319621,61.0974499583244,0,644.139016389847,1194.97703647614,12.1251873672009,8.57044473290443,7.82602971792221,45.8228278756142,5.14848178625107,1.28526782989502,0,215.464141845703,1.07830330729485,367.775846093893,1.22370791435242,93.4627915024757,3.64239525794983,4.23944866657257,1.51522582769394,2.3509806394577,0.922722101211548,0,0,6.53150424361229,0,112.502134814858,100.833136022091,127.955289214849,47.738556355238,4.67816457152367,10.0117354989052,1.36547964811325,16.7735843658447,1.08292803168297,0.827800929546356,4801.33499011397,194.301319420338,1237.94122113287,110.358355909586,109.066115707159,50.6923733055592,46.0044903159142,49.8838869333267,8.34637331962585,5.87464421987534,86.5203520357609,83.456662684679,1.35943508148193,1.59214246273041,2.25563937425613,11.2527437806129,0,0,1.23949447274208,1.45972180366516,0,0,1.35258942842484,1.08618700504303,0,0,0,0,1.35541987419128,0,1.62465584278107,0,0,0,0,0,0,0,0,0,0,0,0.659317076206207,0,0,0,0,0,0,0
267.939493000507,168.427931845188,337.172861367464,182.119964659214,13.1975090503693,1.82204496860504,242.577694684267,50.9982733726501,1.40513229370117,0,53.6137602925301,19.3333201408386,97.6715408861637,10.0784686207771,5.48962301015854,0.932864606380463,7.36170864105225,6.83924776315689,1347.57716327906,5034.73643676937,5.44474810361862,30.3966463208199,490.956684589386,1502.82726374269,21.708034157753,28.8192756175995,4.46064278483391,7.94282081723213,68.1358740925789,11.6607208251953,141.683442831039,1780.55175790191,644.139016389847,0,111.201325565577,871.420324623585,43.2405000925064,18.7760990560055,9.12257790565491,84.1860979199409,1.00360059738159,0,36.0995287597179,76.7839495837688,15.033804744482,9.1615888774395,8.6238557100296,372.329942733049,0.910077095031738,1.36798572540283,6.30724728107452,2.70167961716652,0,0,1.32870614528656,5.35112291574478,194.457401961088,463.628863483667,119.516718745232,79.9109882116318,40.3248279094696,11.5122620463371,19.268202662468,26.439054697752,12.3088956475258,3.95182883739471,1145.70763662457,5439.40949207544,1087.65543434024,1151.04082098603,261.181697785854,193.438410267234,142.899469465017,88.7121555805206,32.548838019371,20.258925139904,373.207315355539,165.362302780151,1.18183779716492,4.79823404550552,25.9018861651421,23.9008065760136,4.6415034532547,1.01695573329926,12.122629404068,5.57228738069534,0,0,1.954913854599,5.49511253833771,0,0,0,0,2.63296359777451,8.4265219271183,1.32424509525299,0,0,0,0,0,0,0,0,0,0,0,0,0,0,0,0,0,0,1.24062156677246
0.891274213790894,6.79357784986496,6.90599048137665,0.786937057971954,0,0,3.66737926006317,3.14104795455933,0,0,5.03848654031754,0,1.713010430336,0,0,0,9.20102685689926,0,101.494232237339,1.88895684480667,0,0,224.823542326689,0,9.29282036423683,0,1.2600679397583,0,46.2700134813786,0.5674809217453,272.775993615389,3.43984013795853,1194.97703647614,111.201325565577,0,141.576361298561,193.464787602425,124.115105926991,115.339440762997,23.3819154500961,12.3178188800812,25.4482755661011,518.547325402498,177.174674600363,542.695170104504,180.976686269045,411.343632221222,149.317486524582,131.046834528446,137.009571909904,150.34170114994,114.705827355385,52.2358908653259,27.9228348731995,88.7410850226879,62.9626513421535,3.23864650726318,10.616519510746,33.2405449450016,150.600744754076,31.3491798341274,16.8031161427498,11.8332931101322,4.27530783414841,32.6250023245811,17.493445456028,1793.73299446702,425.227552771568,0,9.2774153649807,28.7366361021996,3.94458776712418,71.163991689682,45.4530335366726,19.6261080503464,11.427591919899,225.798319250345,63.7978647649288,3.65828502178192,1.21462917327881,48.8730415403843,21.0755776762962,5.43124297261238,2.2578521668911,47.7850267291069,32.3226447105408,4.18138986825943,4.76405102014542,103.517553895712,28.6659299731255,7.50172293186188,2.88539135456085,0,0,6.10891932249069,5.5397617816925,4.02173262834549,1.79910147190094,13.0692727565765,3.45418655872345,0,0,0,0,0,0,1.85342091321945,0,0,0,0,0,0,0,0,0
0,0,0,2.91976028680801,0,0,0,0.649241000413895,0,0,0,0.520935595035553,0,0.687435209751129,0,0,2.37353348731995,0,2.7046305835247,24.6403705775738,0,0,1.31407499313354,92.5192183554173,0,2.58983924984932,0,0.325854182243347,14.2599153518677,7.66736894845963,1.89413297176361,166.576709657907,12.1251873672009,871.420324623585,141.576361298561,0,76.4311851263046,75.2803814411163,35.1721849441528,63.4362304806709,2.03657230734825,9.67019301652908,399.766152620316,431.005383402109,275.207944452763,469.856082081795,205.195828825235,355.895683169365,154.504712879658,265.586681544781,183.167076081038,83.3418663144112,62.7937076091766,31.8114629983902,29.9954428076744,105.294826447964,2.54363578557968,0,28.7268830835819,97.0988065302372,15.9016636013985,1.63928925991058,8.76328694820404,0,7.10961765050888,3.48345464468002,299.566597670317,1480.24071907997,3.58603644371033,1.49290519952774,5.92757874727249,5.46133863925934,34.6536247134209,39.4691987931728,4.06753134727478,13.5430471897125,76.1786552965641,59.2505555152893,6.07185047864914,3.59155881404877,39.413660556078,21.8495247662067,0.419645607471466,3.61151373386383,35.7872480750084,20.5361810326576,0,3.24936109781265,51.2659345269203,31.7842084467411,9.92830276489258,1.54812693595886,0,0,6.70602810382843,8.32581448554993,2.1782420873642,0,3.56107479333878,4.33393692970276,0,0,0,0,0,0,0,0,0,0,0,0,0,0,0,1.74785470962524
933.197914987803,7.20794141292572,149.801276624203,8.11442977190018,99.3705938756466,13.6327117085457,51.6018386483192,2.30482393503189,66.0459645986557,0,43.3750046491623,0,43.3417650163174,0,91.0475736260414,0,37.9230631291866,1.33214223384857,114.634120494127,23.2670106291771,44.8532708287239,15.6759534478188,30.0817267894745,0,4.30579656362534,7.33010196685791,143.279268443584,43.8665183782578,195.794319719076,7.2858635187149,13.9203473329544,6.30416297912598,8.57044473290443,43.2405000925064,193.464787602425,76.4311851263046,0,312.363556593657,2294.28066110611,47.6588139235973,692.506771743298,54.7641808986664,311.542688280344,128.267171114683,309.650981605053,54.928766399622,916.749325424433,100.157987564802,348.779293447733,63.1208415031433,742.6053186059,42.1968405544758,162.847106903791,16.3064306378365,1244.75900509953,59.069784283638,623.474990934134,73.7385012507439,394.858673125505,263.138640880585,324.376888155937,56.3727401196957,140.379994809628,17.7117329835892,450.865268528461,31.3622806072235,545.829801648855,719.333013564348,208.610430151224,7.9721696972847,820.885897219181,71.9124146699905,671.188423514366,85.6137688159943,1997.48201951385,120.616038233042,4413.01630872488,107.204870939255,6.39898538589478,2.79880356788635,115.739602297544,8.60971289873123,286.374384909868,7.84743082523346,310.736677229404,24.5006111860275,735.864572674036,11.5955883860588,987.434095770121,22.0228125154972,253.447977781296,88.5652074217796,117.326186358929,40.3847969770432,219.002705901861,22.6196269989014,190.684583932161,11.8213880360126,121.724524706602,35.4561130404472,115.627468705177,13.426745146513,71.8226172924042,112.447486639023,87.0394649505615,34.6579675376415,65.2596774995327,15.8933294713497,24.5566112995148,19.4759273529053,14.9927244186401,4.57144981622696,5.49629366397858,2.05422949790955,0,14.0188717544079
1.93400663137436,857.328316956758,0,276.302589267492,9.81565368175507,38.3393632769585,1.10848009586334,125.281720668077,0,38.0039225518703,0,15.11376324296,0,9.13093584775925,0,60.5697629749775,2.57587170600891,31.4060399830341,10.0500875115395,76.5265595912933,45.5399208664894,110.160265028477,0,29.1683943867683,0,5.41401147842407,32.235153734684,155.76743131876,8.98927915096283,99.8353064358234,0,0.597616970539093,7.82602971792221,18.7760990560055,124.115105926991,75.2803814411163,312.363556593657,0,60.9429903328419,1760.05071699619,38.6087719202042,514.848033100367,83.1553120017052,140.075085431337,74.0102793872356,313.38063570857,147.797376811504,707.560782849789,21.2056834101677,352.365200906992,23.8757277131081,545.100281506777,2.895712018013,173.182330727577,20.7866740226746,1493.81095397472,7.449498295784,423.80657145381,100.716730833054,474.562071233988,23.0480819344521,353.751955389977,6.73964047431946,92.6117489337921,53.3806022405624,692.289244323969,583.359612315893,426.563566178083,0.678518533706665,58.572582423687,48.227753162384,474.740099102259,109.09078630805,345.377267688513,59.8230048418045,950.026228755713,143.940141707659,3985.76992705464,0,4.25330901145935,5.59106522798538,87.3910723924637,8.18400627374649,349.907036662102,13.8656784594059,449.135570734739,20.6016454100609,863.259732246399,60.1098297834396,1190.84091764688,74.1520208120346,191.307304859161,22.9008915424347,99.9917822182178,20.4690054655075,219.504685878754,66.4288860559464,27.0939413309097,32.4029251337051,128.737992405891,15.2453379034996,31.512080013752,19.4751062989235,233.999650061131,15.0280163288116,68.610845208168,21.3936935663223,17.9054162502289,8.78617268800735,24.0270702242851,25.4486087560654,3.60811567306519,5.73437881469727,0,3.04420578479767,3.12712150812149
172.399029910564,3.26562559604645,14.872635871172,0.859036147594452,26.8479461669922,2.92839384078979,10.0994871258736,0,2.75096201896667,0,14.866796374321,0,3.78579300642014,0,10.9977620840073,0,4.06148445606232,0,25.2238427400589,2.96006262302399,4.49785095453262,8.74038851261139,1.33599674701691,0,0,0,53.3531008064747,34.0042856931686,123.622909158468,0,3.11978477239609,0,45.8228278756142,9.12257790565491,115.339440762997,35.1721849441528,2294.28066110611,60.9429903328419,0,105.830292344093,716.965070873499,4.63276076316833,475.340047389269,24.968053996563,200.366037219763,2.34985423088074,944.904865711927,19.6938716769218,90.2093451619148,0,117.026172190905,3.68254160881042,26.2300052642822,1.82950222492218,1474.78815490007,18.837004840374,184.740044683218,1.39635121822357,89.6199330091476,10.460094332695,43.358246922493,0,41.1251724362373,0,26.3936631977558,0,226.699789017439,44.1311948001385,62.0131341218948,0,147.347500413656,19.8706043362617,143.368858337402,10.0935561656952,190.450830101967,26.8022854924202,235.980409651995,30.5328261256218,0,0,21.5521973967552,0,269.058344006538,0,54.5440390408039,1.20915699005127,113.331625133753,0,328.74058163166,5.51803135871887,379.117243438959,286.914986014366,176.183613300323,86.2516925632954,64.5434657931328,92.7302096188068,153.089258223772,47.5391840338707,107.584166646004,184.702559411526,103.376350849867,13.3004839420319,75.5307768285275,144.71080121398,65.038377314806,55.1374529600143,64.0497112572193,14.9285298287868,6.0117035806179,2.66510707139969,16.7769491672516,3.43997913599014,2.23737162351608,0,3.0096021592617,14.873119354248
0,87.9482870101929,0,24.0862087011337,0,3.237908244133,0,7.05413353443146,0,2.65926551818848,0,3.63009738922119,0,0,0,5.97659945487976,0,6.49470263719559,0,8.29926061630249,4.2904571890831,34.939004778862,0,2.15711355209351,0,0,4.05614471435547,11.0623291730881,0,44.2401819229126,0,4.74617904424667,5.14848178625107,84.1860979199409,23.3819154500961,63.4362304806709,47.6588139235973,1760.05071699619,105.830292344093,0,2.54222214221954,1337.74667403102,27.8576574623585,222.887144982815,5.02789211273193,180.714027911425,78.2374674677849,1290.90882706642,1.09974050521851,101.7750839293,0,116.603404015303,2.11016619205475,25.6989465355873,15.2409878969193,1248.14840310812,0,134.823609828949,0,120.091540008783,0.830938041210175,27.9551437795162,0,18.9620324373245,0,44.6945819556713,25.5603757500648,448.813328295946,0,12.8416786193848,8.00491625070572,49.5529406666756,7.41836208105087,41.8402807116508,13.503571420908,84.9005552232265,10.9022093117237,168.757891237736,0,1.49162626266479,0,16.5985601842403,0,153.404451012611,0,74.8750419914722,0,469.835335373878,1.70422261953354,286.182959675789,72.9916237294674,264.553004384041,27.3745032846928,91.7616956830025,10.5324096679688,90.8936278820038,37.3280723392963,43.9659289121628,24.2126377820969,101.704899966717,7.01308837532997,29.0622204840183,12.0666532516479,179.003761917353,9.99894869327545,71.6338792443275,8.55125319957733,26.4894722104073,2.87630671262741,0.499392002820969,16.4861062169075,2.28888368606567,4.2609159052372,0.497183710336685,5.33391326665878,1.86508882045746
2.74363720417023,0,2.27637702226639,0,94.4732418060303,4.38752084970474,2.95706856250763,0,40.0405712723732,0,2.8086268901825,0,0.888296008110046,0,77.964313685894,0,2.39474415779114,0,5.79293823242188,0,110.582691311836,4.27359449863434,5.01456642150879,2.40697395801544,9.6040107011795,7.1465802192688,68.2293022274971,10.0369988083839,339.449119091034,0,14.122987985611,7.85514515638351,1.28526782989502,1.00360059738159,12.3178188800812,2.03657230734825,692.506771743298,38.6087719202042,716.965070873499,2.54222214221954,0,41.1677390933037,48.2469763457775,0,13.465556293726,0,157.846930444241,1.59893763065338,8.16799080371857,0,77.7268802821636,0,21.185735553503,0,214.37492954731,12.0296066999435,1.09616899490356,0,26.324823230505,0,12.6053184568882,0,4.31952095031738,0,83.1791172325611,0,26.2640039920807,0.545981287956238,0,0,166.617087304592,31.7504686713219,536.903971552849,33.45669734478,312.704019367695,48.5583813786507,229.337259232998,7.5869180560112,0,0,7.50177028775215,0,917.254891723394,2.39966875314713,63.4578641951084,2.34629529714584,772.114027559757,8.52012276649475,192.276482135057,9.13174074888229,10.5613942444324,0,0,1.58443009853363,15.8005121946335,0,0,0,5.01044720411301,0,0,0,0,0,6.38703832030296,0,0,0,11.6933382153511,0.732634365558624,0,0,0,0,0,2.11505857110023
0,0.930603682994843,0.875008702278137,10.3857035636902,1.21500653028488,270.79334834218,0,0,0,74.0272132158279,0,0,0,0,0,227.386737078428,0,0,0,0,25.5027111172676,274.228941112757,0,9.48646304011345,0.646904706954956,37.6117753088474,0.514527559280396,226.166372418404,0.585411548614502,377.181015610695,2.36080384254456,4.12844988703728,0,0,25.4482755661011,9.67019301652908,54.7641808986664,514.848033100367,4.63276076316833,1337.74667403102,41.1677390933037,0,11.441511452198,56.0372635424137,0,34.2626202106476,10.2314134836197,283.373339742422,0,41.2033065855503,0,97.2057299315929,0,47.1564216017723,9.97868922352791,543.616396397352,0,0,0,44.6940509974957,0,10.7853187322617,0,1.80497315526009,0,57.0746815800667,9.37416177988052,50.2989733219147,0,0,23.6770079135895,153.102741241455,43.9870326519012,951.419622421265,34.7061442732811,425.616659581661,11.4998373985291,174.31568017602,0,0,0,27.3963621258736,9.69455677270889,1545.58014926314,1.72709941864014,180.785769164562,33.8690767288208,1773.54696369171,35.5757113695145,335.153451859951,0,7.17743402719498,0,0,0.683742940425873,2.94800159335136,0,1.76943469047546,0,18.309090256691,0,0,0,0,0,2.38147628307343,0,0,1.59044295549393,0,0,0,0,0,0,0
0,0,1.69297701120377,0,0,0,0,0,0,0,0,0,0.621558308601379,0,0,0,0.446009308099747,0,121.624665677547,0,0,0,82.9591421186924,0,0,0,0,0,58.4747479856014,10.4664080739021,68.7811925113201,0,215.464141845703,36.0995287597179,518.547325402498,399.766152620316,311.542688280344,83.1553120017052,475.340047389269,27.8576574623585,48.2469763457775,11.441511452198,0,3023.45947977901,6918.91616460681,2042.50509926677,6429.22285088897,1469.98683822155,1951.34604209661,978.19155690074,1549.28441384435,306.472646325827,362.876863747835,56.1991680264473,458.882225513458,79.6985368430614,0,4.32173454761505,61.1337379813194,302.243599534035,10.2100225687027,0.811076641082764,2.9367807507515,0.571879386901855,11.9921191334724,13.9347702264786,2503.24286082387,1066.08719688654,0,2.69037663936615,3.19587236642838,3.02765262126923,146.427329450846,56.4344719350338,13.5869541764259,9.80609312653542,217.18163767457,38.2456884682178,0.764066159725189,0,45.9560540914536,9.04370313882828,11.6875143349171,0.41890212893486,35.8149615228176,93.9261038899422,2.31240972876549,0.762321829795837,156.403631091118,17.2943043410778,381.534381091595,6.586674451828,0,0,9.38039600849152,0,10.0257929563522,0,181.111540019512,66.313748061657,0,0,0,0,0,0,0,0,0,0,0,0,0,0,0,0
0,0,0,0,0,1.09632778167725,0,0,0,1.29349899291992,0,0,0,0,0,1.88889837265015,0,0,0,3.70096132159233,0,0,0,6.75126364827156,0,0,0,0,7.8272750377655,33.3357072770596,0,21.9290249049664,1.07830330729485,76.7839495837688,177.174674600363,431.005383402109,128.267171114683,140.075085431337,24.968053996563,222.887144982815,0,56.0372635424137,3023.45947977901,0,1060.9169999361,6884.23774117231,533.851082146168,6729.70554554462,597.842483997345,1533.53176507354,521.543745815754,771.137983202934,177.599610775709,366.564269006252,69.7701047956944,252.969531863928,0,0,12.1058833599091,106.53199839592,0,0.746118247509003,0,0,3.18950819969177,2.41149896383286,596.478210747242,1803.62612223625,0,0,2.26428496837616,4.41668424010277,18.3379082679749,123.742549061775,1.11652374267578,20.9720648527145,43.6656399667263,52.1978377699852,0,0,4.40409350395203,9.18931716680527,0,39.0370500087738,25.8571160435677,179.028541892767,0,30.6635804474354,30.0178464651108,119.174134254456,3.70212113857269,112.728010952473,0,0,0,4.81407678127289,0,11.9834609627724,3.35267490148544,270.642885029316,0,0,0,0,0,0,0,0,0,0,0,0,0,0,0,0
0.442718386650085,0,1.16904997825623,0,0,0,2.32511907815933,0,0,0,0,0,0,0,0,0,4.11969581246376,0,30.6215434074402,0,0.540253221988678,0,27.5402759313583,0,0,0,0,0,99.7909747958183,0.978026688098907,80.0090088844299,1.02583026885986,367.775846093893,15.033804744482,542.695170104504,275.207944452763,309.650981605053,74.0102793872356,200.366037219763,5.02789211273193,13.465556293726,0,6918.91616460681,1060.9169999361,0,1008.16612738371,2871.85545516014,55.188526391983,2791.88321468234,220.808584272861,529.077828317881,56.7105884552002,96.6481786072254,3.60961759090424,116.817805200815,14.9378651678562,1.42075502872467,1.17260086536407,330.173623085022,174.350542068481,53.3773813843727,3.72339922189713,9.64493805170059,0,55.7278057038784,20.3527219295502,1892.89002963901,808.436739742756,0,1.06075158715248,1.80286553502083,0.442328065633774,262.123712182045,14.1217016577721,15.678355127573,3.76157912611961,378.111974865198,34.0255829691887,5.31079390645027,1.9419047832489,102.221554219723,2.85175824165344,2.67170834541321,0,95.1076231300831,10.7330785989761,0.851030588150024,0,161.571770578623,0,3.63954675197601,0.573843598365784,0,0,19.4795877039433,0,5.9301626086235,0,8.07720699906349,0,0,0,0,0,0,0,0,0,0,0,0,0,0,0,0,0
0,0,0,2.31769609451294,0,0,0,0,0,0,0,0,0,0,0,0,0.760738551616669,0,0,0.375972807407379,0,0,0,0,0,0,0,0,4.77466666698456,33.2568130791187,0,1.0033266544342,1.22370791435242,9.1615888774395,180.976686269045,469.856082081795,54.928766399622,313.38063570857,2.34985423088074,180.714027911425,0,34.2626202106476,2042.50509926677,6884.23774117231,1008.16612738371,0,76.3605214357376,2296.72196033597,93.7920573651791,4757.07331937551,47.7998104095459,822.643424332142,23.2435953021049,126.057716280222,2.670370221138,117.698476493359,0,0.83730286359787,14.803016602993,328.517529964447,0,0.997926831245422,0,0.814726769924164,3.08146357536316,3.38197773694992,559.153067708015,1684.55938714743,0,0,0,1.72603297233582,7.66759210824966,218.121428340673,0,58.6339604556561,14.0801955461502,252.545275658369,0,1.51387578248978,1.0871707201004,48.2622455358505,0,4.49545159935951,4.64517486095428,94.6115365922451,0,1.98936891555786,4.56039661169052,41.2114444375038,0,15.3087403476238,0,0,0,16.1600980162621,0,14.5570565462112,0,14.8651177883148,0,0,0,0,0,1.60375618934631,0,0,0,1.07941496372223,0,0,0,0,0,0
8.80555993318558,0,9.02093148231506,0,26.8548040091991,0,2.67442891001701,0,8.64216434955597,0,0.865248382091522,0,1.33621901273727,0,36.5180177092552,0,0.486059218645096,0,76.9408063292503,1.87123167514801,16.1133108139038,0,25.159415602684,0,0,0,3.89855432510376,0,366.231604635715,6.41073191165924,17.0078586339951,0,93.4627915024757,8.6238557100296,411.343632221222,205.195828825235,916.749325424433,147.797376811504,944.904865711927,78.2374674677849,157.846930444241,10.2314134836197,6429.22285088897,533.851082146168,2871.85545516014,76.3605214357376,0,406.156223803759,292.126283198595,45.9619825482368,1381.38727429509,22.7309720516205,1033.29412317276,20.7890144586563,3155.74549251795,97.1668900847435,4.81930834054947,7.38133627176285,66.5333917737007,169.461413681507,35.6037369966507,11.3984143733978,2.4010643362999,0,78.3847180604935,14.6933190226555,893.280714184046,607.247534066439,0,0,49.0428532958031,8.82489079236984,425.284789353609,19.2497260868549,38.2043662071228,18.7654739022255,666.259230822325,119.531162381172,0.589303851127625,0,51.9879958629608,2.25717258453369,100.651908636093,0,106.567365318537,5.56877869367599,56.2959903776646,0,686.176876872778,15.6303791701794,620.967887848616,0.533447444438934,1.1497118473053,0,90.8058362007141,4.16938817501068,124.519081890583,0,619.328080415726,1.87464737892151,0,0,1.10688090324402,0,2.58733576536179,0,0.768729209899902,0,1.85600578784943,41.2041083574295,0.948398411273956,0,0.707572162151337,3.96264266967773,0,0.968899428844452
1.99054074287415,17.6343108415604,0,16.1462294757366,0,3.21367424726486,0,7.08078336715698,0,0.8715740442276,0,0.73729795217514,0,0.688344419002533,0,2.5306841135025,0,1.39130306243896,0,49.5904629826546,0,1.19613671302795,0,40.7690967619419,0,0,0,1.50294399261475,2.17065834999084,183.021194219589,0,75.4220680594444,3.64239525794983,372.329942733049,149.317486524582,355.895683169365,100.157987564802,707.560782849789,19.6938716769218,1290.90882706642,1.59893763065338,283.373339742422,1469.98683822155,6729.70554554462,55.188526391983,2296.72196033597,406.156223803759,0,11.5090638399124,692.691545933485,1.94962954521179,793.00934445858,2.70994639396667,1266.01634758711,13.3925609588623,3118.15880316496,1.76101422309875,23.9492988586426,0,113.217433065176,0.969260513782501,8.99369245767593,0,7.36653855443001,1.7383451461792,27.3009740710258,327.881341874599,1576.06253579259,5.44225108623505,0.527941226959229,2.89382129907608,31.5437968969345,6.16484916210175,461.161660403013,2.66720151901245,74.5333384275436,12.0874175429344,778.606249243021,0,1.74860036373138,0,47.4044545888901,0,83.9020545780659,0,238.996703565121,0,96.5859527885914,0,452.295083463192,0.62168687582016,255.263857841492,0,5.96289321780205,2.79003983736038,108.919180423021,0.908723056316376,68.1405413746834,3.92648515105247,722.410163402557,0,0,0,4.97332432866096,1.85263341665268,6.23799914121628,0.529824256896973,0.710296034812927,10.6507241725922,128.74810141325,0.990732431411743,0,1.53699404001236,0.634580910205841,0,7.26251345872879
3.26190453767776,0,0,0,0,0,5.20910802483559,0,0,0,0.575696110725403,0,1.38867127895355,0,0,0,6.80234509706497,0,1.33424192667007,0,0,0,0,0,0,0,0,0,147.561371803284,0,0,0,4.23944866657257,0.910077095031738,131.046834528446,154.504712879658,348.779293447733,21.2056834101677,90.2093451619148,1.09974050521851,8.16799080371857,0,1951.34604209661,597.842483997345,2791.88321468234,93.7920573651791,292.126283198595,11.5090638399124,0,49.1669976711273,5227.4498346746,24.6176801323891,427.255592077971,1.41152501106262,152.015510499477,6.67618644237518,1.50460654497147,0,904.652902007103,36.0801854133606,133.9393235147,0.930625200271606,9.03474178910255,0,112.239018797874,3.03262257575989,609.164513170719,423.597705751657,0,0,13.3320931196213,0.753465712070465,298.531772077084,0,35.7627163827419,0,444.823461830616,4.97199463844299,8.53635194897652,0,186.474178224802,0,10.4784688353539,0,156.832589387894,2.43372416496277,0,0,163.36652970314,0,10.6567488908768,0,0,0,30.8435924649239,0,11.4755055010319,0,0,0,0,0,0,0,0.820002794265747,0,0,0,0,1.10824263095856,0,0,0,0,0,0
0,0,0,0.898026943206787,0,0,0,4.07000494003296,0,0,0,0,0,0,0,0,0,0,0,0.846839070320129,0,0,0,0,0,0,0,0,0.533708512783051,60.7785936594009,0,0,1.51522582769394,1.36798572540283,137.009571909904,265.586681544781,63.1208415031433,352.365200906992,0,101.7750839293,0,41.2033065855503,978.19155690074,1533.53176507354,220.808584272861,4757.07331937551,45.9619825482368,692.691545933485,49.1669976711273,0,63.6603116393089,3094.07789930701,1.54675042629242,395.637938201427,2.70354902744293,131.911980032921,0,8.01036912202835,10.1886319518089,785.088454067707,0,2.6792967915535,0,1.43818855285645,0,83.3587525486946,409.602243185043,389.66103336215,0,0,0,8.56373810768127,2.08097422122955,294.951914995909,0.546404242515564,101.109381407499,6.34141743183136,294.951653212309,1.16340041160583,1.57682472467422,1.12760710716248,71.1153308749199,0,7.92689853906631,1.93882393836975,144.014993399382,0,1.3550683259964,4.45674359798431,46.1500753164291,0,18.6535381376743,0,0,0,30.4289923906326,0,2.47534066438675,0,20.0259448885918,0,0,0,0,0,0,0,0,0,0,0,0,0,0,0,0
161.283600181341,0,28.4484514594078,0,4.56601494550705,0,747.154039353132,0,0,0,72.8454604744911,0,102.055684566498,0,3.97205626964569,0,22.3472881317139,0,21.7195134758949,0,2.128542304039,0,1.32797241210938,0,0,0,0,0,581.716975450516,0,0,0.460603535175323,2.3509806394577,6.30724728107452,150.34170114994,183.167076081038,742.6053186059,23.8757277131081,117.026172190905,0,77.7268802821636,0,1549.28441384435,521.543745815754,529.077828317881,47.7998104095459,1381.38727429509,1.94962954521179,5227.4498346746,63.6603116393089,0,9.4503835439682,3973.58251973987,0,1254.02234128118,8.35818755626678,51.1530947685242,1.16340962052345,3447.63847097754,25.1864735484123,1288.4293845892,0,17.3489884436131,0,1762.01165750623,0,936.632577598095,447.606219917536,2.43882083892822,1.2167375087738,221.519093066454,4.48333418369293,789.40112555027,0,79.4933426082134,0,792.205505281687,2.28258156776428,28.2286502122879,0,600.983457863331,0,103.002778977156,0,3646.81265699863,0,8.66333451867104,0,1317.55467680097,0,202.947072029114,0,0,0,70.7402622699738,0,25.0245704352856,0,3.67720717191696,0,0,0,0,0,0.952340424060822,0,0,0,0,1.26676547527313,0,0,0,0,0,0
0,68.9005441367626,0,43.3966410756111,0,0,0,295.980178594589,0,0,0,25.3802989721298,0,3.1494248509407,0,1.35052061080933,1.6524430513382,3.29904615879059,0,21.9407763183117,0,0.663652241230011,0,0,0,0,0,0,0,177.159257054329,0,0,0.922722101211548,2.70167961716652,114.705827355385,83.3418663144112,42.1968405544758,545.100281506777,3.68254160881042,116.603404015303,0,97.2057299315929,306.472646325827,771.137983202934,56.7105884552002,822.643424332142,22.7309720516205,793.00934445858,24.6176801323891,3094.07789930701,9.4503835439682,0,0,3581.2673945725,0,663.190565258265,0,64.5403773188591,4.73095381259918,1805.38136422634,0,38.1512795984745,0,11.600894510746,2.18987822532654,924.292907446623,281.749897539616,307.578252792358,0,0.907097578048706,0,111.675217956305,0,775.482852518559,0,169.400308459997,19.4834278523922,525.388753980398,0,16.600541561842,1.84534394741058,376.867852658033,0,75.1071103513241,3.89652270078659,4284.30647030473,0,27.9292950630188,0,928.265411406755,0,52.1387318074703,0,0,0,100.508329838514,0,2.06282231211662,0,13.1596577167511,0,0,0,0,0,0.636648118495941,0,0,0,0.678625762462616,0,0,0,0,0,1.10578846931458
0,0,0,0,3.85341608524323,0,1.03926229476929,0,0,0,1.26929724216461,0,3.16914689540863,0,2.07380080223083,0,0,0,0,0,0,0,0,0,0,0,0,0,117.815855562687,0,0,0,0,0,52.2358908653259,62.7937076091766,162.847106903791,2.895712018013,26.2300052642822,2.11016619205475,21.185735553503,0,362.876863747835,177.599610775709,96.6481786072254,23.2435953021049,1033.29412317276,2.70994639396667,427.255592077971,1.54675042629242,3973.58251973987,0,0,0,2008.31670409441,1.9624696969986,0,0,4.32036107778549,0,0.748864054679871,0,0,0,39.3147771060467,0,94.0193487405777,122.618238627911,0,0,1.74460649490356,0,152.242725640535,0,9.7093191742897,0,127.818209320307,0,0.628365039825439,0,33.2347055375576,0,32.6107903122902,0,466.5428571105,0,7.464459836483,0,561.074590831995,0,117.977148234844,0,0,0,6.93413823843002,0,1.12832492589951,0,6.8034128844738,0,0,0,0,0,0,0,0,0,0,0,0,0,0,0,0,0
0,0,0,0,0,0,0,0,0,0,0,0,0,0,0,0,0,0,0,0,0,0,0,0,0,0,0,0,0,76.0918793678284,0,0,0,0,27.9228348731995,31.8114629983902,16.3064306378365,173.182330727577,1.82950222492218,25.6989465355873,0,47.1564216017723,56.1991680264473,366.564269006252,3.60961759090424,126.057716280222,20.7890144586563,1266.01634758711,1.41152501106262,395.637938201427,0,3581.2673945725,0,0,1.43683123588562,1471.41234773397,0,0,0,18.2949512302876,0,0.70825457572937,0,0,0,2.36976718902588,52.9765457808971,49.411420404911,0,0,0,2.30911108851433,0,217.079208165407,0,29.9609542191029,0,100.450280785561,0,0,0,29.3211770951748,0,32.4937466681004,0,601.589725315571,0,18.3732731938362,0,745.304470062256,0,39.5402128696442,0,0,0,13.1477385759354,0,3.66599753499031,0,20.1286811828613,0,0,0,0,0,0,0,0,0,0,0,0,0,0,0,0
0,0,0,0,11.206651866436,0,0,0,0,0,0,0,0,0,15.499032586813,0,0,0,0.416279673576355,0,8.61835581064224,0.476795375347137,0,0,0.700942099094391,0,2.57971042394638,0,186.896780431271,0,0,0,6.53150424361229,1.32870614528656,88.7410850226879,29.9954428076744,1244.75900509953,20.7866740226746,1474.78815490007,15.2409878969193,214.37492954731,9.97868922352791,458.882225513458,69.7701047956944,116.817805200815,2.670370221138,3155.74549251795,13.3925609588623,152.015510499477,2.70354902744293,1254.02234128118,0,2008.31670409441,1.43683123588562,0,9.59417963027954,0,0,5.4977636039257,2.0269660949707,9.26790499687195,0,2.84313848614693,0,31.4777862131596,0,115.480075627565,74.4040094017982,0,0,20.8671230971813,8.66955357789993,216.916923135519,5.32865250110626,37.7798997759819,22.4258822202682,217.734020829201,5.25917702913284,0,0,26.0521953105927,0,110.868776410818,0,303.040387302637,0,286.723059237003,0,2810.33866673708,2.23085278272629,119.077014058828,0,0,0,9.79916971921921,0,3.56097429990768,0,102.017967253923,0,0,0,0,0,0,0,0,0,0,1.0129086971283,0,0,0,0,0,0
0,1.90927720069885,0,0,0,15.1498957872391,0,1.21140837669373,0,9.1116207242012,0,0,0,0,0,27.35046261549,0,0,0,0,0.749527931213379,1.29330086708069,0,0,0,1.2149806022644,0,3.4984837770462,2.75389420986176,120.538850605488,0,0,0,5.35112291574478,62.9626513421535,105.294826447964,59.069784283638,1493.81095397472,18.837004840374,1248.14840310812,12.0296066999435,543.616396397352,79.6985368430614,252.969531863928,14.9378651678562,117.698476493359,97.1668900847435,3118.15880316496,6.67618644237518,131.911980032921,8.35818755626678,663.190565258265,1.9624696969986,1471.41234773397,9.59417963027954,0,0,9.84670525789261,2.99163496494293,40.3213259875774,3.41150200366974,6.13372930884361,0,0,0,64.0688034296036,86.0124627947807,207.262148946524,0,0,5.56303215026855,23.6001235246658,16.6810944676399,349.603906959295,7.31256699562073,52.35538610816,18.6735283732414,149.489942282438,0,0.881952822208405,0,55.446404248476,0,151.283124953508,0,755.565435618162,0,439.760033279657,8.05554437637329,2818.239772439,0,61.3139559626579,0,0,0,3.02556258440018,0,27.879270106554,1.68649804592133,241.449669063091,0,0,0,0,0,0,0,0,0,0,0,0,0,0,0,0
11665.9725045562,64.2305974960327,104.068277716637,30.4283259510994,0,0,350.51962351799,8.53891250491142,2.22119069099426,0,490.839907228947,0,258.573627382517,0,6.26101338863373,0,1736.41976633668,2.18246015906334,148.70120677352,63.1569145619869,0,0,6.17432254552841,0,0,0,0,0,1378.61559307575,0.743382155895233,0,0,112.502134814858,194.457401961088,3.23864650726318,2.54363578557968,623.474990934134,7.449498295784,184.740044683218,0,1.09616899490356,0,0,0,1.42075502872467,0,4.81930834054947,1.76101422309875,1.50460654497147,0,51.1530947685242,0,0,0,0,0,0,154.939093619585,2761.00302881002,54.6003811657429,3786.49649584293,10.4329850077629,1488.24746444821,42.720044195652,279.169394999743,0.677904486656189,566.74211242795,155.046003222466,1240.57637968659,86.9845459461212,1008.24517267942,88.6504963934422,1776.7054310739,16.7902820706367,666.532214701176,3.61826533079147,2325.99636691809,56.4726155996323,32.5931366682053,3.138831615448,74.1454372704029,6.00571972131729,30.7289746999741,0,72.5202522277832,3.61311519145966,0,0,20.2776873707771,0,0,0,0,0,124.273694753647,0.962944567203522,42.4899271726608,0,3.96716874837875,0,0,0,0,0,2.13249015808105,0,9.32782572507858,0,6.97984677553177,1.97554457187653,0,0,0,0,0,0
22.8816653192043,11340.5949645042,1.70860439538956,674.860292136669,0,0,1.9750058054924,1452.69369080663,0,6.64604896306992,0,239.045838773251,0,72.8168650269508,0,10.8546127080917,18.1082820296288,1440.48413613439,27.6168361902237,520.932532548904,0,0,0,19.5052123963833,0,0,0,0,32.2226849794388,420.381764948368,1.6449801325798,7.0933031886816,100.833136022091,463.628863483667,10.616519510746,0,73.7385012507439,423.80657145381,1.39635121822357,134.823609828949,0,0,4.32173454761505,0,1.17260086536407,0.83730286359787,7.38133627176285,23.9492988586426,0,8.01036912202835,1.16340962052345,64.5403773188591,0,0,0,9.84670525789261,154.939093619585,0,159.343104243279,1815.30716761947,89.7836285829544,1668.09179085493,12.1458795070648,2400.25940483809,26.8615067601204,584.562810778618,443.474266022444,588.638189792633,114.072991609573,1111.91722130775,135.922010660172,925.948487788439,64.4875313639641,2045.94047731161,12.7863220572472,565.757869511843,441.26443707943,2184.30059346557,5.20149427652359,57.8014169335365,17.9714496731758,172.787270277739,0,3.33042711019516,9.98752844333649,58.6344789862633,0,0,2.03009700775146,27.1858991682529,0,0,0,0,0,103.681055128574,1.57124102115631,0.769196093082428,0,0,0,0,0,1.62829959392548,2.09790372848511,4.71888053417206,0,0,1.00904512405396,1.67649567127228,0,0,0,0,0,0
755.779295951128,8.37541210651398,147.739698439837,1.18120813369751,0,0,165.436514735222,0,0,0,22.1286735534668,0,30.4201890528202,0,0,0,52.7548825740814,0.726927161216736,269.972180336714,4.7013218998909,0,0,7.94830530881882,0,0,0,0,0,434.700868576765,1.87570154666901,1.45790004730225,0,127.955289214849,119.516718745232,33.2405449450016,28.7268830835819,394.858673125505,100.716730833054,89.6199330091476,0,26.324823230505,0,61.1337379813194,12.1058833599091,330.173623085022,14.803016602993,66.5333917737007,0,904.652902007103,10.1886319518089,3447.63847097754,4.73095381259918,4.32036107778549,0,5.4977636039257,2.99163496494293,2761.00302881002,159.343104243279,0,146.46895223856,6640.13561326265,39.4893401861191,138.069804102182,23.4717456102371,1648.25976026058,1.17307794094086,2911.99678185582,514.054780125618,664.531846225262,25.1424792408943,179.173376947641,39.5459639132023,564.148841649294,22.6847268939018,185.118033379316,0.665953040122986,748.695282071829,68.9848240017891,28.4178623259068,6.34671086072922,182.131822228432,6.60335433483124,4.63002952933311,0,67.0024247765541,1.79664576053619,0,0,82.6297926902771,0,0,0,0,0,34.9801734983921,0,22.1074575781822,0,0,0,0,0,0,0,0.796023786067963,0,0,0,0,0,0,0,0,0,0,0
1.40824264287949,335.423064857721,0,232.526464790106,0,0,0,374.441286176443,0,0,0,13.6450155377388,0,7.66467970609665,0,0,5.82112622261047,30.4576660990715,4.63818210363388,120.936108916998,0,0,0,2.12412357330322,0,0,0,0,18.6080446839333,192.148872941732,1.33941149711609,1.74159175157547,47.738556355238,79.9109882116318,150.600744754076,97.0988065302372,263.138640880585,474.562071233988,10.460094332695,120.091540008783,0,44.6940509974957,302.243599534035,106.53199839592,174.350542068481,328.517529964447,169.461413681507,113.217433065176,36.0801854133606,785.088454067707,25.1864735484123,1805.38136422634,0,18.2949512302876,2.0269660949707,40.3213259875774,54.6003811657429,1815.30716761947,146.46895223856,0,60.9637005329132,1190.97510868311,7.49581176042557,215.644458860159,42.3287090063095,2483.93904480338,902.340858101845,2399.34514254332,3.05645954608917,73.4159091114998,21.4939576387405,102.431581526995,43.6326151490211,834.281179577112,5.95929545164108,223.701851427555,203.713642776012,788.253608375788,3.16572338342667,132.340905815363,8.58916813135147,532.889083355665,0,12.1102953255177,16.2301679253578,149.100695937872,0,3.56200024485588,2.92770463228226,42.9711952507496,0,0,0,0,0,82.0757383704185,0,2.14513438940048,0,1.1685231924057,0,0,0,0,0,1.93934798240662,0,0,1.2287425994873,2.44977509975433,0,0,0,0,0,0
1140.66682055593,4.98640364408493,203.788252621889,0.811601459980011,0,0,777.54375615716,0.933763802051544,0,0,553.388334214687,0,763.813480556011,0,0.667784333229065,0,204.173130452633,0,71.88775613904,8.14511466026306,0,0,2.10046344995499,0,0,0,0,0,378.170652896166,0.58197695016861,0,0,4.67816457152367,40.3248279094696,31.3491798341274,15.9016636013985,324.376888155937,23.0480819344521,43.358246922493,0.830938041210175,12.6053184568882,0,10.2100225687027,0,53.3773813843727,0,35.6037369966507,0.969260513782501,133.9393235147,0,1288.4293845892,0,0.748864054679871,0,9.26790499687195,3.41150200366974,3786.49649584293,89.7836285829544,6640.13561326265,60.9637005329132,0,11.035856962204,2345.8021325469,15.6266514658928,3676.71660500765,3.21324503421783,534.792728483677,187.221658080816,59.8154727220535,9.70113891363144,348.33825096488,42.1819543838501,440.887237280607,13.6590766310692,141.124059706926,1.20514208078384,660.46208140254,44.2411752939224,18.4378975629807,0,212.617866784334,3.34264677762985,55.432465493679,0,571.647033423185,0.704800546169281,0.534148454666138,0,205.461313098669,0,0,0,0,0,25.2483896911144,0,6.67714720964432,0,0,0,0,0,0,0,0.837897658348083,0,2.71187496185303,0,0,0.713140726089478,0,0,0,0,0,0
1.20917117595673,295.748589426279,0,122.108624637127,0,0,0,374.415675640106,0,0,0,515.554298043251,0,311.240310966969,0,1.61196601390839,0,269.533105611801,0,36.9120429158211,0,0,0,0,0,0,0,0,5.17191189527512,88.9044247567654,0,0,10.0117354989052,11.5122620463371,16.8031161427498,1.63928925991058,56.3727401196957,353.751955389977,0,27.9551437795162,0,10.7853187322617,0.811076641082764,0.746118247509003,3.72339922189713,0.997926831245422,11.3984143733978,8.99369245767593,0.930625200271606,2.6792967915535,0,38.1512795984745,0,0.70825457572937,0,6.13372930884361,10.4329850077629,1668.09179085493,39.4893401861191,1190.97510868311,11.035856962204,0,6.04283034801483,3777.20179659128,15.0313491821289,3026.80965211987,95.6625279188156,63.7416581511497,2.82350730895996,0.542467832565308,15.1493542790413,185.795351088047,8.66645634174347,241.603204488754,1.47257518768311,61.5951684713364,54.5179083943367,395.223905384541,0,15.0163363814354,6.65412497520447,203.678105741739,0,3.87379109859467,3.46784591674805,245.677889019251,0,0.421796202659607,0,82.4024670124054,0,0,0,0,0,21.7459291517735,0,0,0,0,0,0,0,0,0,1.768345952034,0,0,0,0,0,0,0,0,0,0
122.902006208897,0.459113895893097,34.5070822238922,0,0.927193760871887,0,19.9399240016937,0,0,0,323.956784188747,0,393.461848914623,0,1.5396021604538,0,1769.32535195351,0,21.4547424316406,0,0,0,0,0,0,0,0,0,1093.48574376106,0,0,0,1.36547964811325,19.268202662468,11.8332931101322,8.76328694820404,140.379994809628,6.73964047431946,41.1251724362373,0,4.31952095031738,0,2.9367807507515,0,9.64493805170059,0,2.4010643362999,0,9.03474178910255,0,17.3489884436131,0,0,0,2.84313848614693,0,1488.24746444821,12.1458795070648,138.069804102182,7.49581176042557,2345.8021325469,6.04283034801483,0,3.76533401012421,677.830871880054,0,123.685076594353,51.9190237224102,10.2540923953056,9.6942932009697,127.877511411905,18.6794258356094,461.550541937351,0,123.327564060688,0,492.435031622648,12.9472258687019,96.713749229908,0,1982.54502266645,0,86.4729055762291,0,1237.55527436733,0,2.23637020587921,0,112.031658738852,0,0,0,0,0,22.5180233716965,0,8.2161568403244,0,0,0,0,0,0,0,0,0,4.25297582149506,0,0,1.87102484703064,0,0,0,0,0,0
0,146.809415608644,0,81.6858942508698,0,0,0,97.5448748469353,0,13.3621541261673,0,418.684948980808,0,224.907882630825,0,39.1854894161224,2.13961571455002,1960.02255174518,0,18.4473885297775,0,0,0,12.6288017630577,0,0,0,0,10.67760014534,500.027808845043,1.62358474731445,0,16.7735843658447,26.439054697752,4.27530783414841,0,17.7117329835892,92.6117489337921,0,18.9620324373245,0,1.80497315526009,0.571879386901855,0,0,0.814726769924164,0,7.36653855443001,0,1.43818855285645,0,11.600894510746,0,0,0,0,42.720044195652,2400.25940483809,23.4717456102371,215.644458860159,15.6266514658928,3777.20179659128,3.76533401012421,0,7.0037899017334,943.875961333513,59.6527528166771,64.8583646416664,6.56238913536072,10.9197835624218,13.026860833168,234.05528819561,21.8205251097679,773.28265529871,2.36783564090729,103.797753453255,73.818688750267,384.447480201721,3.57521772384644,50.453162997961,0.990193486213684,1808.17986440659,0,3.37884885072708,0,283.6858471632,0,0,0,23.5950524508953,0,0,0,0,0,18.316559612751,0,0,0,0,0,0,0,0,0,1.05011510848999,0,1.66205644607544,0,0,0,0,0,0,0,0
540.824233740568,0.561320543289185,138.160901367664,2.04887926578522,2.56409776210785,0,1368.04154482484,0,3.668636739254,0,381.615162432194,0,1174.98068109155,0,16.3190146684647,0,35.815717279911,0,67.6550657749176,3.49738591909409,0.994432628154755,0,0.833554089069366,0,0,0,0,0,257.661258846521,0,0.911944091320038,0,1.08292803168297,12.3088956475258,32.6250023245811,7.10961765050888,450.865268528461,53.3806022405624,26.3936631977558,0,83.1791172325611,0,11.9921191334724,3.18950819969177,55.7278057038784,3.08146357536316,78.3847180604935,1.7383451461792,112.239018797874,0,1762.01165750623,2.18987822532654,39.3147771060467,0,31.4777862131596,0,279.169394999743,26.8615067601204,1648.25976026058,42.3287090063095,3676.71660500765,15.0313491821289,677.830871880054,7.0037899017334,0,0,326.5972648561,144.699324995279,3.5922600030899,1.93425142765045,339.733388751745,10.9134611487389,371.599431574345,3.14007914066315,63.6440770328045,3.15538024902344,455.000092685223,11.4831107854843,6.42877680063248,0,142.676577627659,1.67455768585205,36.4299499988556,0,4434.2070723176,0,5.91932857036591,0,749.112707644701,0,0.558313608169556,0,0,0,16.5294681489468,0,5.01334062218666,0,2.49079644680023,0,0,0,0,0,0,0,0,0,0,0,0,0,0,0,0,0
0,363.360410243273,0,143.452900856733,0,1.39491045475006,0,1418.37710022926,0,6.60811722278595,0,288.970711737871,0,100.105567514896,0,10.756399512291,0,47.4671737551689,0,46.0575285553932,0,0,0,6.50079840421677,0,0,0,0.731305003166199,0.635147094726562,95.792049407959,1.54028511047363,0,0.827800929546356,3.95182883739471,17.493445456028,3.48345464468002,31.3622806072235,692.289244323969,0,44.6945819556713,0,57.0746815800667,13.9347702264786,2.41149896383286,20.3527219295502,3.38197773694992,14.6933190226555,27.3009740710258,3.03262257575989,83.3587525486946,0,924.292907446623,0,2.36976718902588,0,64.0688034296036,0.677904486656189,584.562810778618,1.17307794094086,2483.93904480338,3.21324503421783,3026.80965211987,0,943.875961333513,0,0,57.2570294737816,64.9317885041237,0,0,6.36364984512329,357.750130027533,2.05592042207718,545.217535465956,0,190.191368252039,51.0779569149017,512.54963389039,0,10.2285508513451,0.828083515167236,694.330418467522,0,25.8634493052959,0,3085.20892137289,0,9.45583960413933,1.81356847286224,644.722106784582,0,0,0,0,0,44.7120782136917,0,0,0,0,0,0,0,0,0,0,0,0,0,0,1.1318519115448,0,0,0,0,0
157.78432700038,84.5823346376419,193.065854460001,20.1756310462952,3.00249630212784,0,14.910172700882,7.76385426521301,0,0,7.69538128376007,0,2.70684057474136,0,0.572045862674713,0,48.0446580648422,1.29950785636902,1875.7060418576,144.92575442791,3.31262749433517,0,505.419402807951,0,1.49590492248535,0,1.35647475719452,0,293.147973716259,8.7053200006485,637.612363964319,4.3245342373848,4801.33499011397,1145.70763662457,1793.73299446702,299.566597670317,545.829801648855,583.359612315893,226.699789017439,25.5603757500648,26.2640039920807,9.37416177988052,2503.24286082387,596.478210747242,1892.89002963901,559.153067708015,893.280714184046,327.881341874599,609.164513170719,409.602243185043,936.632577598095,281.749897539616,94.0193487405777,52.9765457808971,115.480075627565,86.0124627947807,566.74211242795,443.474266022444,2911.99678185582,902.340858101845,534.792728483677,95.6625279188156,123.685076594353,59.6527528166771,326.5972648561,57.2570294737816,0,3391.39172428846,2073.52885758877,239.379595756531,166.19095030427,151.440482020378,502.118958026171,144.614686816931,119.520730674267,32.7862840294838,918.433809071779,393.934416115284,38.4959979653358,7.81621366739273,321.241967499256,19.5196278095245,5.68821486830711,0,160.268828511238,64.2673272788525,0.88760307431221,0,242.744736075401,16.5070829093456,24.2922957539558,6.73794853687286,0,0,39.3019044399261,2.33966994285583,23.5394469499588,0,7.8318318426609,9.0769208073616,0,0,0,0,0,0,0.969014257192612,0,0,0,0,0,0,0,0,0
26.400325357914,69.4862152338028,0,415.912918329239,0,2.52288472652435,0,50.6655679643154,0,0,1.12969529628754,5.45173662900925,0,0,0,0.575571000576019,19.8238895535469,14.0152599811554,15.9826112091541,1094.43139120936,0.900275647640228,0,1.19935619831085,302.46774160862,0,0,0,0,104.545383185148,98.2645077109337,5.14741104841232,564.298304229975,194.301319420338,5439.40949207544,425.227552771568,1480.24071907997,719.333013564348,426.563566178083,44.1311948001385,448.813328295946,0.545981287956238,50.2989733219147,1066.08719688654,1803.62612223625,808.436739742756,1684.55938714743,607.247534066439,1576.06253579259,423.597705751657,389.66103336215,447.606219917536,307.578252792358,122.618238627911,49.411420404911,74.4040094017982,207.262148946524,155.046003222466,588.638189792633,514.054780125618,2399.34514254332,187.221658080816,63.7416581511497,51.9190237224102,64.8583646416664,144.699324995279,64.9317885041237,3391.39172428846,0,79.3507269322872,461.158516585827,85.8923169970512,147.809950560331,310.611588776112,472.987423211336,38.1457913219929,135.806071966887,920.673919290304,730.137961804867,14.7187837362289,48.6460609436035,89.4160180091858,284.974305987358,0.518345952033997,16.115255177021,80.4151438474655,114.879852384329,0,33.6764753460884,184.591729342937,87.1812088787556,8.00417220592499,9.91478395462036,0,0,0.840405344963074,75.264879077673,2.37809073925018,4.37575250864029,3.07695841789246,14.3062904775143,0,0,0,0,0,0,1.48858880996704,0.800897181034088,0,0.611072421073914,0,0,0,0,0,0
1003.82487094402,477.652267426252,157.773919820786,207.95369887352,0,0,2.52285969257355,73.8846121132374,0,0,6.55178147554398,0,11.0015016794205,0,0,0,4.86664941906929,0.500147104263306,2638.14269846678,988.64415332675,0,0,8.87666100263596,0,0,0,0,0,107.607253730297,0,14.9256827533245,0,1237.94122113287,1087.65543434024,0,3.58603644371033,208.610430151224,0.678518533706665,62.0131341218948,0,0,0,0,0,0,0,0,5.44225108623505,0,0,2.43882083892822,0,0,0,0,0,1240.57637968659,114.072991609573,664.531846225262,3.05645954608917,59.8154727220535,2.82350730895996,10.2540923953056,6.56238913536072,3.5922600030899,0,2073.52885758877,79.3507269322872,0,324.934386134148,844.118186205626,164.516335189342,268.637294113636,33.1804521083832,155.094218581915,9.18089652061462,1315.17196530104,129.783482968807,3.7252841591835,0.691294431686401,2.61878284811974,1.28547286987305,0.695019900798798,0,0,0,0,0,0,0,0,0,0,0,34.6699233651161,0,5.11661440134048,0,0,0,0,0,0,0,0,0,2.72840487957001,0,0,1.13627111911774,0,0,0,0,0,0
69.4616696834564,1012.70302313566,3.41337668895721,271.394892126322,0,0,0,15.0472586154938,0,0,0,0,0,0,0,0,5.18918514251709,5.33161246776581,51.1058459281921,3875.16828563809,0,0,1.01521241664886,12.5122755765915,0,0,0,0,12.0805354118347,12.2750881910324,2.92717325687408,17.6372704207897,110.358355909586,1151.04082098603,9.2774153649807,1.49290519952774,7.9721696972847,58.572582423687,0,12.8416786193848,0,0,2.69037663936615,0,1.06075158715248,0,0,0.527941226959229,0,0,1.2167375087738,0.907097578048706,0,0,0,0,86.9845459461212,1111.91722130775,25.1424792408943,73.4159091114998,9.70113891363144,0.542467832565308,9.6942932009697,10.9197835624218,1.93425142765045,0,239.379595756531,461.158516585827,324.934386134148,0,113.980468869209,329.358734488487,16.8053519129753,97.5111694931984,8.14790380001068,69.9640054106712,326.343604832888,575.947241097689,2.84234249591827,1.56275594234467,6.49143123626709,2.84085440635681,0,0,1.2711820602417,1.18710207939148,0,0,0,0.700998723506927,0,0,0,0,0,15.3927873075008,0,0,0,0,0,0,0,0,0,0,0,0,0,0,0,0,0,0,0,0
3255.56487208605,277.933462679386,1730.3068587184,553.746553421021,1066.71398717165,185.746127575636,2591.06156829,448.744337648153,965.831200033426,66.0857945978642,643.50664255023,60.7929136753082,1785.96591559052,35.0149104893208,971.780738264322,69.0665048062801,125.666232675314,17.8563618659973,998.371494442225,621.421996504068,642.574769973755,140.548131465912,1267.38827061653,1232.62932929397,277.017507106066,512.40612912178,549.467481940985,302.343151718378,701.055662721395,6.00242298841476,868.626203596592,401.16204226017,109.066115707159,261.181697785854,28.7366361021996,5.92757874727249,820.885897219181,48.227753162384,147.347500413656,8.00491625070572,166.617087304592,23.6770079135895,3.19587236642838,2.26428496837616,1.80286553502083,0,49.0428532958031,2.89382129907608,13.3320931196213,0,221.519093066454,0,1.74460649490356,0,20.8671230971813,5.56303215026855,1008.24517267942,135.922010660172,179.173376947641,21.4939576387405,348.33825096488,15.1493542790413,127.877511411905,13.026860833168,339.733388751745,6.36364984512329,166.19095030427,85.8923169970512,844.118186205626,113.980468869209,0,659.514740943909,4070.17742936313,224.254044502974,3202.69067075849,99.1447025239468,6882.87361377478,207.75647982955,6.87877577543259,0,69.3454554080963,2.62648212909698,109.684997469187,4.39022797346115,181.845362782478,4.30015406012535,28.9192778468132,6.80640482902527,149.788591384888,1.31782710552216,50.8567225933075,2.33290994167328,13.3004871308804,0.366843998432159,327.993204295635,12.3430596590042,85.5978785455227,2.39512631297112,45.5871342122555,0,10.5895558297634,0,13.186683177948,5.69755971431732,76.4783767461777,12.7273274958134,37.4376402795315,2.55740964412689,66.4287440180779,16.6938290596008,1.06641042232513,1.25886595249176,0.843085169792175,0.643536567687988,0,21.9448050260544
130.691852778196,2658.01264607906,519.271145552397,2297.85437646508,267.784903585911,666.495678752661,528.641068220139,3391.85790842772,104.449675858021,805.981231689453,49.6818578243256,879.656796067953,173.568506419659,598.461757659912,92.708827495575,815.532261192799,9.66011840105057,416.065669894218,395.08070614934,779.684886276722,80.7539876699448,519.729258984327,804.713942140341,1602.44687840343,139.200651407242,610.010649800301,243.347525805235,733.351089924574,103.215527713299,149.524675667286,214.020214676857,343.773963540792,50.6923733055592,193.438410267234,3.94458776712418,5.46133863925934,71.9124146699905,474.740099102259,19.8706043362617,49.5529406666756,31.7504686713219,153.102741241455,3.02765262126923,4.41668424010277,0.442328065633774,1.72603297233582,8.82489079236984,31.5437968969345,0.753465712070465,8.56373810768127,4.48333418369293,111.675217956305,0,2.30911108851433,8.66955357789993,23.6001235246658,88.6504963934422,925.948487788439,39.5459639132023,102.431581526995,42.1819543838501,185.795351088047,18.6794258356094,234.05528819561,10.9134611487389,357.750130027533,151.440482020378,147.809950560331,164.516335189342,329.358734488487,659.514740943909,0,256.939330071211,2930.30812782049,88.3587833940983,3394.03242829442,269.994477987289,8845.65876379609,1.44674205780029,8.92176881432533,26.4142855405807,109.585822492838,13.7860943078995,10.1903722286224,6.93021124601364,211.566308379173,14.8797329068184,27.972227871418,27.4430098235607,101.752780526876,12.6315053105354,67.1518119871616,1.46651792526245,26.5529353022575,30.0266574025154,215.878433376551,19.0359522104263,1.47507137060165,9.93443208932877,37.3611216545105,2.27384090423584,8.35798490047455,2.25615251064301,82.4906806051731,15.7424522936344,89.4381043612957,14.1261911988258,6.01882183551788,98.3648518621922,33.4759536683559,8.00569254159927,2.10396689176559,1.78181111812592,1.35677850246429,4.81243246793747,20.86313778162
2060.66913548112,51.5724032819271,1925.18418619037,282.895117789507,815.354294121265,11.0316932499409,886.106762111187,249.480063766241,1301.22216808796,9.20864033699036,311.960242211819,36.8789293766022,1431.31618559361,19.085845053196,1895.40698847175,0.583081543445587,276.328383892775,5.06669968366623,625.164248079062,295.360904991627,72.9475498795509,6.06182646751404,998.448109924793,519.849458783865,123.062824457884,45.221889346838,123.157483309507,22.2232971489429,1798.39088046551,5.17453598976135,144.143609017134,153.217274725437,46.0044903159142,142.899469465017,71.163991689682,34.6536247134209,671.188423514366,109.09078630805,143.368858337402,7.41836208105087,536.903971552849,43.9870326519012,146.427329450846,18.3379082679749,262.123712182045,7.66759210824966,425.284789353609,6.16484916210175,298.531772077084,2.08097422122955,789.40112555027,0,152.242725640535,0,216.916923135519,16.6810944676399,1776.7054310739,64.4875313639641,564.148841649294,43.6326151490211,440.887237280607,8.66645634174347,461.550541937351,21.8205251097679,371.599431574345,2.05592042207718,502.118958026171,310.611588776112,268.637294113636,16.8053519129753,4070.17742936313,256.939330071211,0,104.838386386633,3103.30529615283,101.634456932545,2170.76093393564,83.3095523118973,30.6530588269234,0,278.971897810698,3.75340092182159,135.84326723218,1.16207206249237,357.283143341541,0.688895761966705,38.6517763435841,4.88175594806671,201.329364001751,7.03768438100815,78.2249360978603,3.91200822591782,35.3185004591942,5.05071693658829,180.814063102007,8.37294545769691,72.7730413079262,1.53908002376556,46.1619437038898,2.36740642786026,8.53315475583076,0,19.6493373513222,11.6053935587406,40.1580618917942,8.6783744096756,34.7435567975044,2.88704192638397,27.6953887939453,4.86920443177223,1.76239371299744,0.724221289157867,0,0.7589151263237,1.13714241981506,9.56280633807182
54.8382837772369,2007.65181106329,202.911013245583,2699.91605508327,44.8783366084099,1121.54163059592,176.095122247934,1525.09655627608,11.5889764428139,1541.81397384405,25.8669456243515,863.419481962919,48.1486908197403,1169.31738981605,9.17156684398651,3824.70193842053,1.47793614864349,1640.95909947157,306.514309793711,491.388983488083,22.9931800365448,194.258806586266,303.102340459824,1052.46220734715,14.6916944384575,280.527549594641,31.4413946866989,490.809996366501,19.6161847412586,4464.72239923477,51.6992046236992,38.8384140133858,49.8838869333267,88.7121555805206,45.4530335366726,39.4691987931728,85.6137688159943,345.377267688513,10.0935561656952,41.8402807116508,33.45669734478,951.419622421265,56.4344719350338,123.742549061775,14.1217016577721,218.121428340673,19.2497260868549,461.161660403013,0,294.951914995909,0,775.482852518559,0,217.079208165407,5.32865250110626,349.603906959295,16.7902820706367,2045.94047731161,22.6847268939018,834.281179577112,13.6590766310692,241.603204488754,0,773.28265529871,3.14007914066315,545.217535465956,144.614686816931,472.987423211336,33.1804521083832,97.5111694931984,224.254044502974,2930.30812782049,104.838386386633,0,36.2736573219299,1400.09984874725,85.3736229240894,780.879799991846,0,256.626007795334,0,1075.50838816166,7.79835444688797,430.982273578644,4.02707397937775,902.697117030621,11.5545095205307,148.770040243864,27.1769092082977,355.721616208553,1.31166082620621,25.5621555447578,1.83096659183502,4.11551642417908,4.32143822312355,29.6901419460773,2.34105324745178,1.65126913785934,1.65124106407166,73.94738265872,0,0.571912527084351,0,11.8608288168907,1.21293950080872,14.9766770601273,2.23206293582916,0,17.7730984687805,0.610065579414368,0,0,0.505110442638397,0,0,1.86894112825394
1048.75976374745,21.0549850165844,611.863906770945,55.744307756424,52.3254549503326,0,307.321710020304,44.3768264651299,110.462005525827,0,88.9534847140312,8.89022135734558,295.212376087904,4.27323031425476,195.633559167385,1.19556641578674,57.5552328824997,0,310.958550959826,105.992558002472,18.1549160480499,0,289.989091575146,92.0163143873215,4.2630986571312,2.37312042713165,10.2003052532673,1.21785271167755,162.855415701866,0,36.7132692337036,29.0841431617737,8.34637331962585,32.548838019371,19.6261080503464,4.06753134727478,1997.48201951385,59.8230048418045,190.450830101967,13.503571420908,312.704019367695,34.7061442732811,13.5869541764259,1.11652374267578,15.678355127573,0,38.2043662071228,2.66720151901245,35.7627163827419,0.546404242515564,79.4933426082134,0,9.7093191742897,0,37.7798997759819,7.31256699562073,666.532214701176,12.7863220572472,185.118033379316,5.95929545164108,141.124059706926,1.47257518768311,123.327564060688,2.36783564090729,63.6440770328045,0,119.520730674267,38.1457913219929,155.094218581915,8.14790380001068,3202.69067075849,88.3587833940983,3103.30529615283,36.2736573219299,0,78.0595774054527,1151.13299015164,28.6434931159019,1.48219704627991,0,33.6231336891651,0,31.9291240572929,1.99538564682007,57.5920375585556,1.72533291578293,48.689899623394,8.44532430171967,115.064337491989,8.56850558519363,144.788485586643,59.2016002833843,69.2490638494492,28.8470565676689,256.545262932777,21.7767482697964,106.288439005613,6.42975383996964,76.3133333325386,20.3448528647423,45.2766204476357,12.2339370846748,38.5921156704426,74.1471756100655,76.1644385159016,27.4426390826702,36.5564902126789,12.7996424138546,38.0714025199413,13.2901186048985,3.15228223800659,0.827414929866791,0,2.44613265991211,0.95044469833374,20.8597493469715
17.3351599276066,821.528975367546,39.2936477661133,914.496858388186,7.15914171934128,47.6989428699017,31.6248639822006,477.020283162594,0,216.578751862049,3.364481985569,78.2200766503811,7.33195912837982,109.13154438138,0,272.067374289036,0,181.739621728659,65.5590536594391,186.744020789862,12.1869411468506,0,62.0429205298424,322.783166199923,0.928550064563751,18.7559166252613,4.44871938228607,14.3876177668571,8.55769461393356,40.8508461415768,20.655775308609,16.8953835368156,5.87464421987534,20.258925139904,11.427591919899,13.5430471897125,120.616038233042,950.026228755713,26.8022854924202,84.9005552232265,48.5583813786507,425.616659581661,9.80609312653542,20.9720648527145,3.76157912611961,58.6339604556561,18.7654739022255,74.5333384275436,0,101.109381407499,0,169.400308459997,0,29.9609542191029,22.4258822202682,52.35538610816,3.61826533079147,565.757869511843,0.665953040122986,223.701851427555,1.20514208078384,61.5951684713364,0,103.797753453255,3.15538024902344,190.191368252039,32.7862840294838,135.806071966887,9.18089652061462,69.9640054106712,99.1447025239468,3394.03242829442,101.634456932545,1400.09984874725,78.0595774054527,0,46.2309024333954,840.445409208536,0,7.47372192144394,1.25936126708984,76.2923804521561,17.614176094532,11.8084679245949,8.90206718444824,170.373612225056,31.8518330454826,34.0135778486729,68.3305847048759,91.3612453937531,68.279931217432,121.574568331242,27.5210466384888,52.1528467237949,24.9071776866913,216.578391969204,43.0953948497772,11.250278621912,27.1048546135426,58.8047238588333,12.9817506968975,25.7360533773899,11.9026242494583,139.132654190063,28.7033193707466,107.755084127188,18.3108062148094,20.2784081697464,46.9473668634892,9.10842287540436,13.9866240918636,4.41102021932602,0,0.541086971759796,2.58248972892761,14.3451207280159
3519.51558712125,657.28032925725,2173.39281818271,367.87695389986,95.3590581417084,0,1116.7013888061,249.682739138603,245.864150881767,0,357.874720573425,33.7114014029503,846.226454883814,5.78835821151733,334.363784313202,1.14449000358582,158.52051910758,32.7032075822353,1621.07664251328,818.555594176054,25.37471139431,0,861.462326228619,167.245348989964,7.71177324652672,0.954017758369446,9.02422988414764,1.28648579120636,543.30309548974,8.20399510860443,135.663448989391,132.427057921886,86.5203520357609,373.207315355539,225.798319250345,76.1786552965641,4413.01630872488,143.940141707659,235.980409651995,10.9022093117237,229.337259232998,11.4998373985291,217.18163767457,43.6656399667263,378.111974865198,14.0801955461502,666.259230822325,12.0874175429344,444.823461830616,6.34141743183136,792.205505281687,19.4834278523922,127.818209320307,0,217.734020829201,18.6735283732414,2325.99636691809,441.26443707943,748.695282071829,203.713642776012,660.46208140254,54.5179083943367,492.435031622648,73.818688750267,455.000092685223,51.0779569149017,918.433809071779,920.673919290304,1315.17196530104,326.343604832888,6882.87361377478,269.994477987289,2170.76093393564,85.3736229240894,1151.13299015164,46.2309024333954,0,257.519288092852,12.4342279434204,5.0342743396759,305.270619779825,15.3373266458511,100.892153531313,0,452.255208998919,9.50362128019333,84.105201870203,1.09970605373383,450.773261964321,5.62580528855324,149.925475358963,13.1337699890137,150.837550908327,15.6632109284401,1536.32856571674,61.8643376529217,805.079124569893,1.79908096790314,60.2044088840485,3.28517723083496,77.2143394649029,7.124591588974,91.8647646009922,26.9391034245491,533.490209758282,55.41782361269,97.1182182431221,8.12276667356491,516.966305494308,424.962699234486,15.3663142323494,5.53006088733673,10.2833274900913,14.1593217849731,4.45082187652588,115.961534589529
118.057687610388,3938.63914167881,144.870787531137,4136.91120278835,1.07283878326416,46.6877807676792,131.529771357775,1961.80312922597,0,250.950988590717,19.4520382285118,276.55241560936,34.5286772251129,256.11526915431,0,270.418844550848,3.8030024766922,387.4942253232,492.847404956818,1636.26143723726,19.6966677308083,10.6046609282494,205.58262950182,1011.84147104621,0,17.4065785706043,2.35266673564911,16.2782827019691,40.5833150148392,66.5285059511662,69.623820155859,50.0766087770462,83.456662684679,165.362302780151,63.7978647649288,59.2505555152893,107.204870939255,3985.76992705464,30.5328261256218,168.757891237736,7.5869180560112,174.31568017602,38.2456884682178,52.1978377699852,34.0255829691887,252.545275658369,119.531162381172,778.606249243021,4.97199463844299,294.951653212309,2.28258156776428,525.388753980398,0,100.450280785561,5.25917702913284,149.489942282438,56.4726155996323,2184.30059346557,68.9848240017891,788.253608375788,44.2411752939224,395.223905384541,12.9472258687019,384.447480201721,11.4831107854843,512.54963389039,393.934416115284,730.137961804867,129.783482968807,575.947241097689,207.75647982955,8845.65876379609,83.3095523118973,780.879799991846,28.6434931159019,840.445409208536,257.519288092852,0,0,12.6545186042786,20.8308864235878,182.890224039555,1.37963879108429,46.1376891136169,1.52406859397888,385.54423469305,0,94.3468047678471,2.37196618318558,275.556161671877,29.109447479248,236.257050037384,18.6556372046471,304.927431046963,119.786698877811,1158.3735191524,34.3229686617851,31.949468433857,23.2579823732376,91.4391766786575,4.21527257561684,30.7602041661739,11.8117153644562,291.644782721996,79.4073625206947,482.390242874622,23.8425401747227,47.343938857317,798.008726119995,979.195303618908,30.63273614645,4.6602795124054,23.970075905323,25.7839854955673,27.1298569440842,193.951831191778
4.8235827088356,0.859395563602448,1.48473250865936,0,0,0,0,0,0,0,9.3286537528038,0,6.038554251194,0,0,0,518.048323810101,0,0,0,0,0,0.677491068840027,0,0,0,0,0,486.869936853647,0,0,0,1.35943508148193,1.18183779716492,3.65828502178192,6.07185047864914,6.39898538589478,0,0,0,0,0,0.764066159725189,0,5.31079390645027,0,0.589303851127625,0,8.53635194897652,1.16340041160583,28.2286502122879,0,0.628365039825439,0,0,0,32.5931366682053,5.20149427652359,28.4178623259068,3.16572338342667,18.4378975629807,0,96.713749229908,3.57521772384644,6.42877680063248,0,38.4959979653358,14.7187837362289,3.7252841591835,2.84234249591827,6.87877577543259,1.44674205780029,30.6530588269234,0,1.48219704627991,0,12.4342279434204,0,0,2.60708439350128,1064.8867739439,0,15.1668209731579,0,37.8232053518295,0,0,0,6.35201352834702,0,0,0,0,0,0,0,0,0,0,0,0,0,0,0,0,0,0,0,0,0,0,0,0,0,0,0
0,17.615217924118,0,5.79359287023544,0,0,0,2.75849092006683,0,0,0,8.66762393712997,0,6.6534548997879,0,1.76130193471909,0,339.2647318542,0,6.05882662534714,0,0,0,2.8134833574295,0,0,0,0,0,568.515296399593,0,0,1.59214246273041,4.79823404550552,1.21462917327881,3.59155881404877,2.79880356788635,4.25330901145935,0,1.49162626266479,0,0,0,0,1.9419047832489,1.51387578248978,0,1.74860036373138,0,1.57682472467422,0,16.600541561842,0,0,0,0.881952822208405,3.138831615448,57.8014169335365,6.34671086072922,132.340905815363,0,15.0163363814354,0,50.453162997961,0,10.2285508513451,7.81621366739273,48.6460609436035,0.691294431686401,1.56275594234467,0,8.92176881432533,0,256.626007795334,0,7.47372192144394,5.0342743396759,12.6545186042786,2.60708439350128,0,0,1428.62455403805,0,9.1105625629425,0,22.165382951498,0,2.56632149219513,0,2.47015905380249,0,0,0,0,0,2.25371432304382,0,0,0,0,0,0,0,0,0,0,0,0,0,0,0,0,0,0,0,0
7.65866875648499,5.93363773822784,11.8712781071663,0,3.23468089103699,0,9.98528921604156,0,6.32671427726746,0,79.0082075595856,0,227.785488188267,0,30.8642857670784,0,1380.48146694899,0.640757024288177,4.0877588391304,0,0,0,1.80443489551544,0,0,0,0.823855459690094,0,1146.02433657646,0,0,0,2.25563937425613,25.9018861651421,48.8730415403843,39.413660556078,115.739602297544,5.59106522798538,21.5521973967552,0,7.50177028775215,0,45.9560540914536,4.40409350395203,102.221554219723,1.0871707201004,51.9879958629608,0,186.474178224802,1.12760710716248,600.983457863331,1.84534394741058,33.2347055375576,0,26.0521953105927,0,74.1454372704029,17.9714496731758,182.131822228432,8.58916813135147,212.617866784334,6.65412497520447,1982.54502266645,0.990193486213684,142.676577627659,0.828083515167236,321.241967499256,89.4160180091858,2.61878284811974,6.49143123626709,69.3454554080963,26.4142855405807,278.971897810698,0,33.6231336891651,1.25936126708984,305.270619779825,20.8308864235878,1064.8867739439,0,0,0.816799283027649,1436.19306072593,0,4475.24038916826,0,15.9912146925926,0,152.311543792486,0,3.52549213171005,0,0,0,9.37917602062225,0,3.89512193202972,0,0,0,0,0,0,0,0,0,0,0,0,0,0,0,0,0,0,0
0,22.0761854052544,0,30.6707537174225,0,7.25770401954651,0,37.319164276123,0,0,0,53.2050139904022,0,59.5670723319054,0,20.8469795286655,0,646.333571225405,0,2.50126188993454,0,1.09539139270782,0,2.68492674827576,0,0,0,0.561903297901154,1.03715813159943,951.960862547159,0,1.40794336795807,11.2527437806129,23.9008065760136,21.0755776762962,21.8495247662067,8.60971289873123,87.3910723924637,0,16.5985601842403,0,27.3963621258736,9.04370313882828,9.18931716680527,2.85175824165344,48.2622455358505,2.25717258453369,47.4044545888901,0,71.1153308749199,0,376.867852658033,0,29.3211770951748,0,55.446404248476,6.00571972131729,172.787270277739,6.60335433483124,532.889083355665,3.34264677762985,203.678105741739,0,1808.17986440659,1.67455768585205,694.330418467522,19.5196278095245,284.974305987358,1.28547286987305,2.84085440635681,2.62648212909698,109.585822492838,3.75340092182159,1075.50838816166,0,76.2923804521561,15.3373266458511,182.890224039555,0,1428.62455403805,0.816799283027649,0,0,2027.17002478242,0,6523.46295070648,0,169.489283770323,0,354.668271780014,0,1.40660113096237,0,0,0,1.69538986682892,0,0,0,8.79919105768204,0,0,0,0,0,2.02599906921387,0,0,0,0,0,0,0,0,0,0
30.5168190598488,0,108.659891933203,6.43246185779572,47.1668387651443,0.666857421398163,35.320914119482,14.0460343360901,16.1623561382294,0,215.494139611721,0,83.6398293375969,0,106.511624336243,0,262.261227071285,0,47.4533211290836,20.0712496042252,17.1420885324478,3.17114669084549,7.53870302438736,1.76442861557007,0.450812160968781,0,30.9792001247406,1.82894396781921,1553.34350198507,0,7.38321757316589,3.30877637863159,0,4.6415034532547,5.43124297261238,0.419645607471466,286.374384909868,8.18400627374649,269.058344006538,0,917.254891723394,9.69455677270889,11.6875143349171,0,2.67170834541321,0,100.651908636093,0,10.4784688353539,0,103.002778977156,0,32.6107903122902,0,110.868776410818,0,30.7289746999741,0,4.63002952933311,0,55.432465493679,0,86.4729055762291,0,36.4299499988556,0,5.68821486830711,0.518345952033997,0.695019900798798,0,109.684997469187,13.7860943078995,135.84326723218,7.79835444688797,31.9291240572929,17.614176094532,100.892153531313,1.37963879108429,15.1668209731579,0,1436.19306072593,0,0,0,1678.14498659968,0,945.088947445154,0,324.460984021425,0,1.29687213897705,0,0,0,3.28619319200516,0,1.52501571178436,0,2.67912730574608,0,0,0,0,0,0,0,0,0,0,1.32209670543671,0,0,0,0,0,0
0,0,0,0.463977605104446,0.459179848432541,110.159600675106,0,0,0,12.089734017849,0,0,0,0,0,109.546953201294,0,0,0,0,1.84872162342072,246.17819494009,0,0.477972537279129,0,12.2458503544331,3.93771117925644,77.865838944912,0,1219.4652941227,0.695348680019379,3.2972266972065,0,1.01695573329926,2.2578521668911,3.61151373386383,7.84743082523346,349.907036662102,0,153.404451012611,2.39966875314713,1545.58014926314,0.41890212893486,39.0370500087738,0,4.49545159935951,0,83.9020545780659,0,7.92689853906631,0,75.1071103513241,0,32.4937466681004,0,151.283124953508,0,3.33042711019516,0,12.1102953255177,0,3.87379109859467,0,3.37884885072708,0,25.8634493052959,0,16.115255177021,0,0,4.39022797346115,10.1903722286224,1.16207206249237,430.982273578644,1.99538564682007,11.8084679245949,0,46.1376891136169,0,9.1105625629425,0,2027.17002478242,0,0,0,661.141495287418,0,1477.31792056561,0,175.123036086559,0,2.12514758110046,0,0,0,4.25983875989914,0,1.4504399895668,0,3.72828429937363,0,0,0,0,0,1.01947784423828,0,0,0,1.41821897029877,0,0,0,0,0,0
52.1575051546097,0,45.2338439822197,0,13.7996008098125,0,269.542372345924,0,11.2437285780907,0,465.845403254032,0,918.275280177593,0,99.1574384570122,0,150.181334495544,0,9.18369895219803,0,2.89120543003082,0,1.33073949813843,0,0,0,7.21025025844574,0,882.550543963909,1.3529896736145,2.0391358435154,0,1.23949447274208,12.122629404068,47.7850267291069,35.7872480750084,310.736677229404,13.8656784594059,54.5440390408039,0,63.4578641951084,1.72709941864014,35.8149615228176,25.8571160435677,95.1076231300831,4.64517486095428,106.567365318537,0,156.832589387894,1.93882393836975,3646.81265699863,3.89652270078659,466.5428571105,0,303.040387302637,0,72.5202522277832,9.98752844333649,67.0024247765541,16.2301679253578,571.647033423185,3.46784591674805,1237.55527436733,0,4434.2070723176,0,160.268828511238,80.4151438474655,0,1.2711820602417,181.845362782478,6.93021124601364,357.283143341541,4.02707397937775,57.5920375585556,8.90206718444824,452.255208998919,1.52406859397888,37.8232053518295,0,4475.24038916826,0,1678.14498659968,0,0,0,490.893901586533,0,5003.19068938494,0,5.8168004155159,0,0,0,18.5124361515045,0,9.31393492221832,0,3.81883215904236,0,0,0,0,0,0,0,0,0,0,0.862472593784332,0,0,0,0,0,0.577492117881775
0,21.2694760560989,0,56.7541373372078,0,18.8396808505058,0,387.126840293407,0,2.66871857643127,0,46.4759464263916,0,16.3884927034378,0,18.241396009922,0,51.5485970079899,0,22.2043783664703,4.86861664056778,3.89350152015686,0,4.41077673435211,0,1.86340352892876,0,3.24852693080902,0,295.951708078384,0,0,1.45972180366516,5.57228738069534,32.3226447105408,20.5361810326576,24.5006111860275,449.135570734739,1.20915699005127,74.8750419914722,2.34629529714584,180.785769164562,93.9261038899422,179.028541892767,10.7330785989761,94.6115365922451,5.56877869367599,238.996703565121,2.43372416496277,144.014993399382,0,4284.30647030473,0,601.589725315571,0,755.565435618162,3.61311519145966,58.6344789862633,1.79664576053619,149.100695937872,0.704800546169281,245.677889019251,0,283.6858471632,0,3085.20892137289,64.2673272788525,114.879852384329,0,1.18710207939148,4.30015406012535,211.566308379173,0.688895761966705,902.697117030621,1.72533291578293,170.373612225056,9.50362128019333,385.54423469305,0,22.165382951498,0,6523.46295070648,0,661.141495287418,0,0,0,816.180354386568,0,6572.54521432519,0,8.3628985285759,0,0,0,17.8534216880798,0,0,0,23.0236830413342,0,0,0,0,0,0,0,0,0,0,0,0,0,0,0,0
0,0,0,0,31.5933208465576,0,0,0,5.82007396221161,0,0,0,0,0,38.1906259059906,0.570236563682556,1.8185128569603,0,0,0,22.8619693517685,1.16248428821564,0.517592012882233,0,0.497019380331039,2.70303308963776,20.2895159721375,0.746291518211365,281.871605426073,0,0.630545616149902,0,0,0,4.18138986825943,0,735.864572674036,20.6016454100609,113.331625133753,0,772.114027559757,33.8690767288208,2.31240972876549,0,0.851030588150024,0,56.2959903776646,0,0,0,8.66333451867104,0,7.464459836483,0,286.723059237003,0,0,0,0,0,0.534148454666138,0,2.23637020587921,0,5.91932857036591,0,0.88760307431221,0,0,0,28.9192778468132,14.8797329068184,38.6517763435841,11.5545095205307,48.689899623394,31.8518330454826,84.105201870203,0,0,0,15.9912146925926,0,945.088947445154,0,490.893901586533,0,0,0,1068.6981779635,0,0,0,0,0,5.19121956825256,0,0.575159788131714,0,0,0,0,0,0,0,0.676190733909607,0,0,0,0,0,0,0,0,0,0,0
0,0,0,1.4041753411293,0,41.5355698466301,0,0,0,10.4721723794937,0,0,0,0,0,35.5263306498528,0,0,0,0,6.74301210045815,31.8564766645432,0,1.55468451976776,0,4.34821152687073,0,28.0197324156761,0,72.799306511879,0.575856804847717,0,0,0,4.76405102014542,3.24936109781265,11.5955883860588,863.259732246399,0,469.835335373878,8.52012276649475,1773.54696369171,0.762321829795837,30.6635804474354,0,1.98936891555786,0,96.5859527885914,0,1.3550683259964,0,27.9292950630188,0,18.3732731938362,0,439.760033279657,0,0,0,3.56200024485588,0,0.421796202659607,0,0,0,9.45583960413933,0,33.6764753460884,0,0,6.80640482902527,27.972227871418,4.88175594806671,148.770040243864,8.44532430171967,34.0135778486729,1.09970605373383,94.3468047678471,0,2.56632149219513,0,169.489283770323,0,1477.31792056561,0,816.180354386568,0,0,0,1829.61478337646,0,2.29812631011009,0,0,0,4.31095713376999,0,3.65995615720749,0,1.01032245159149,0,0,0,0,0,0,0,0,0,0,0,0,0,0,0,0
17.9408116936684,0,8.01817232370377,0,8.67115408182144,0,43.1962455511093,0,5.33573216199875,0,155.369239091873,0,217.107492536306,0,38.2382133603096,0,39.8170426189899,0,0,0,17.012408643961,0,0,0,0,0,12.577691167593,0,332.355823427439,0,1.87513840198517,0,1.35258942842484,1.954913854599,103.517553895712,51.2659345269203,987.434095770121,60.1098297834396,328.74058163166,1.70422261953354,192.276482135057,35.5757113695145,156.403631091118,30.0178464651108,161.571770578623,4.56039661169052,686.176876872778,0,163.36652970314,4.45674359798431,1317.55467680097,0,561.074590831995,0,2810.33866673708,8.05554437637329,20.2776873707771,2.03009700775146,82.6297926902771,2.92770463228226,205.461313098669,0,112.031658738852,0,749.112707644701,1.81356847286224,242.744736075401,184.591729342937,0,0,149.788591384888,27.4430098235607,201.329364001751,27.1769092082977,115.064337491989,68.3305847048759,450.773261964321,2.37196618318558,6.35201352834702,0,152.311543792486,0,324.460984021425,0,5003.19068938494,0,1068.6981779635,0,0,2.0042650103569,31.8180553615093,0,0,0,9.08738750219345,0,4.13601011037827,0,23.807978451252,0,0,0,0,0,0.933111310005188,0,0,0,0,0,0,0,0,0,0,0
0,16.4830814599991,0,5.48136919736862,0,10.5406039357185,0,13.1638407111168,0,6.00001263618469,0,0.806855022907257,0,0,0,14.7333344221115,0,4.12558716535568,0,1.08722668886185,7.6817215681076,0,0,0,0,0,0,2.7286673784256,0,59.4830280542374,0,0,1.08618700504303,5.49511253833771,28.6659299731255,31.7842084467411,22.0228125154972,1190.84091764688,5.51803135871887,286.182959675789,9.13174074888229,335.153451859951,17.2943043410778,119.174134254456,0,41.2114444375038,15.6303791701794,452.295083463192,0,46.1500753164291,0,928.265411406755,0,745.304470062256,2.23085278272629,2818.239772439,0,27.1858991682529,0,42.9711952507496,0,82.4024670124054,0,23.5950524508953,0,644.722106784582,16.5070829093456,87.1812088787556,0,0.700998723506927,1.31782710552216,101.752780526876,7.03768438100815,355.721616208553,8.56850558519363,91.3612453937531,5.62580528855324,275.556161671877,0,2.47015905380249,0,354.668271780014,0,175.123036086559,0,6572.54521432519,0,1829.61478337646,2.0042650103569,0,0,8.9664820432663,0,0,0,11.8824042379856,0,5.10391592979431,0,19.0617344975471,0,0,0,0,0,0,0.464076995849609,0,0,0,0,0,0,0,0,0
0,0,0,0,0,0,0,0,0,0,0,0,0,0,0,0,0,0,0,0,0,0,0,0,0,0,0,0,29.2051699757576,0,0,0,0,0,7.50172293186188,9.92830276489258,253.447977781296,74.1520208120346,379.117243438959,72.9916237294674,10.5613942444324,0,381.534381091595,3.70212113857269,3.63954675197601,0,620.967887848616,0.62168687582016,10.6567488908768,0,202.947072029114,0,117.977148234844,0,119.077014058828,0,0,0,0,0,0,0,0,0,0.558313608169556,0,24.2922957539558,8.00417220592499,0,0,50.8567225933075,12.6315053105354,78.2249360978603,1.31166082620621,144.788485586643,68.279931217432,149.925475358963,29.109447479248,0,0,3.52549213171005,0,1.29687213897705,0,5.8168004155159,0,0,0,31.8180553615093,0,0,50.1696276962757,1519.67983013391,13.9584621787071,296.371555954218,115.554655313492,2394.51450294256,30.084582477808,2775.56629920006,51.2506125867367,311.687143117189,1.84256428480148,229.797049283981,71.9365157485008,456.941607683897,57.2002787590027,572.780353158712,16.651290178299,19.2017719745636,1.49866986274719,82.4663852155209,37.1024315357208,58.8753178119659,5.94385859370232,1.47802525758743,16.9423395395279
0,0,0,0,0,0,0,0,0,0,0,0,0,0,0,0,0,0,0,0,0,0,0,0,0,0,0,0,0,11.417323410511,0,0,0,0,2.88539135456085,1.54812693595886,88.5652074217796,191.307304859161,286.914986014366,264.553004384041,0,7.17743402719498,6.586674451828,112.728010952473,0.573843598365784,15.3087403476238,0.533447444438934,255.263857841492,0,18.6535381376743,0,52.1387318074703,0,39.5402128696442,0,61.3139559626579,0,0,0,0,0,0,0,0,0,0,6.73794853687286,9.91478395462036,0,0,2.33290994167328,67.1518119871616,3.91200822591782,25.5621555447578,59.2016002833843,121.574568331242,13.1337699890137,236.257050037384,0,0,0,1.40660113096237,0,2.12514758110046,0,8.3628985285759,0,2.29812631011009,0,8.9664820432663,50.1696276962757,0,21.0386908054352,2666.92434415221,38.3018675744534,613.223768353462,196.239333212376,632.236297726631,89.1477570533752,1969.3017783463,23.9288074076176,284.771974653006,25.9654071033001,583.397066682577,27.7331036031246,555.715731650591,58.0713512599468,607.783717095852,97.468063801527,49.9711561501026,223.381268918514,36.284126251936,73.6073684096336,5.95131680369377,117.8268853724,78.5688785016537
0,0,0,0,0,0,0,0,0,0,0,0,0,0,0,0,0,0,0,0,0,0,0,0,0,0,0,0,0.883916854858398,0,0,0,0,0,0,0,117.326186358929,22.9008915424347,176.183613300323,27.3745032846928,0,0,0,0,0,0,1.1497118473053,0,0,0,0,0,0,0,0,0,0,0,0,0,0,0,0,0,0,0,0,0,0,0,13.3004871308804,1.46651792526245,35.3185004591942,1.83096659183502,69.2490638494492,27.5210466384888,150.837550908327,18.6556372046471,0,0,0,0,0,0,0,0,0,0,0,0,1519.67983013391,21.0386908054352,0,17.5893157124519,793.857512712479,48.4574355185032,785.629697054625,16.5097967386246,183.036692976952,26.9120961129665,1958.45951679349,1.6241729259491,1065.52203789353,57.5675818920135,1499.58496922255,48.4529798328876,306.57034599781,19.393816113472,69.2014478445053,15.0039249062538,148.2246350348,40.0255092978477,295.387865871191,85.293320119381,8.16736552119255,26.3224409520626
0,0,0,0,0,0,0,0,0,0,0,0,0,0,0,0,0,0,0,0,0,0,0,0,0,0,0,0,0,0,0,0,0,0,0,0,40.3847969770432,99.9917822182178,86.2516925632954,91.7616956830025,1.58443009853363,0,0,0,0,0,0,5.96289321780205,0,0,0,0,0,0,0,0,0,0,0,0,0,0,0,0,0,0,0,0,0,0,0.366843998432159,26.5529353022575,5.05071693658829,4.11551642417908,28.8470565676689,52.1528467237949,15.6632109284401,304.927431046963,0,0,0,0,0,0,0,0,0,0,0,0,13.9584621787071,2666.92434415221,17.5893157124519,0,51.6330103874207,300.747686803341,62.7101311087608,159.233184337616,14.5587300956249,163.985230624676,8.31968253850937,2173.35743463039,31.8156336545944,2035.97118146718,27.8837166130543,1097.03000596166,22.2442255616188,270.164545238018,235.474588751793,117.727385550737,314.175292491913,17.7444231510162,205.534745633602,53.401500672102,301.825662314892,154.607198238373
149.30416610837,0.43074157834053,93.325925141573,8.54882454872131,1.00549218058586,0,25.0738887488842,1.1593941450119,2.37394207715988,0.504649102687836,17.7971454262733,0,15.6423299908638,0,5.38446950912476,0,9.56122368574142,0.540155470371246,59.9295780658722,3.37863606214523,0,0,17.3383011221886,0,0,0,0,0,24.6634485125542,0,4.3228400349617,0.752902269363403,1.35541987419128,2.63296359777451,6.10891932249069,6.70602810382843,219.002705901861,20.4690054655075,64.5434657931328,10.5324096679688,15.8005121946335,0.683742940425873,9.38039600849152,0,19.4795877039433,0,90.8058362007141,2.79003983736038,30.8435924649239,0,70.7402622699738,0,6.93413823843002,0,9.79916971921921,0,124.273694753647,0,34.9801734983921,0,25.2483896911144,0,22.5180233716965,0,16.5294681489468,0,39.3019044399261,0.840405344963074,34.6699233651161,0,327.993204295635,30.0266574025154,180.814063102007,4.32143822312355,256.545262932777,24.9071776866913,1536.32856571674,119.786698877811,0,0,9.37917602062225,0,3.28619319200516,0,18.5124361515045,0,5.19121956825256,0,9.08738750219345,0,296.371555954218,38.3018675744534,793.857512712479,51.6330103874207,0,94.6672414839268,1313.72060599923,6.52537181973457,148.890440940857,29.9617181122303,288.430540472269,4.43766412138939,361.172845184803,71.9827697575092,1186.8182811141,118.544449001551,280.495645433664,10.5677153766155,255.434991657734,604.344572335482,483.310830920935,78.325784444809,134.056991219521,176.962415456772,47.9338271319866,179.175552159548
0,154.201971650124,0.632578194141388,124.250378489494,0,0.519853711128235,1.24116313457489,36.846176058054,0,6.12084048986435,0,7.85789287090302,0,5.08960539102554,0,10.0926312804222,0,12.6455359458923,1.18801021575928,40.9162346422672,0,3.31128656864166,0,20.6284254193306,0,0.430764853954315,0.931599020957947,4.11090242862701,0,1.4257954955101,0.50548642873764,1.83795869350433,0,8.4265219271183,5.5397617816925,8.32581448554993,22.6196269989014,219.504685878754,92.7302096188068,90.8936278820038,0,2.94800159335136,0,4.81407678127289,0,16.1600980162621,4.16938817501068,108.919180423021,0,30.4289923906326,0,100.508329838514,0,13.1477385759354,0,3.02556258440018,0.962944567203522,103.681055128574,0,82.0757383704185,0,21.7459291517735,0,18.316559612751,0,44.7120782136917,2.33966994285583,75.264879077673,0,15.3927873075008,12.3430596590042,215.878433376551,8.37294545769691,29.6901419460773,21.7767482697964,216.578391969204,61.8643376529217,1158.3735191524,0,2.25371432304382,0,1.69538986682892,0,4.25983875989914,0,17.8534216880798,0,4.31095713376999,0,11.8824042379856,115.554655313492,613.223768353462,48.4574355185032,300.747686803341,94.6672414839268,0,78.4497221410275,1164.91592630744,43.1370303630829,492.426829636097,20.778257727623,45.3653816282749,20.0836444497108,307.243019193411,49.0120841264725,365.701622068882,16.9124310314655,95.5317815840244,118.14725920558,290.178441464901,343.24014160037,19.8718743622303,29.1418457329273,13.7641651630402,16.9694879055023,82.0142131447792
40.4376300573349,0.413049191236496,10.1126847267151,2.98460745811462,1.054927110672,0,1.93018785119057,0,1.34270787239075,0,0,0,1.35485506057739,0,0.490921854972839,0,1.72746104001999,1.55200397968292,10.0205672681332,0,0,0,5.99775177240372,0,0,0,0.74857884645462,0,5.16636508703232,0,0,1.34253787994385,1.62465584278107,1.32424509525299,4.02173262834549,2.1782420873642,190.684583932161,66.4288860559464,153.089258223772,37.3280723392963,0,0,10.0257929563522,0,5.9301626086235,0,124.519081890583,0.908723056316376,11.4755055010319,0,25.0245704352856,0,1.12832492589951,0,3.56097429990768,0,42.4899271726608,1.57124102115631,22.1074575781822,0,6.67714720964432,0,8.2161568403244,0,5.01334062218666,0,23.5394469499588,2.37809073925018,5.11661440134048,0,85.5978785455227,19.0359522104263,72.7730413079262,2.34105324745178,106.288439005613,43.0953948497772,805.079124569893,34.3229686617851,0,0,3.89512193202972,0,1.52501571178436,0,9.31393492221832,0,0.575159788131714,0,4.13601011037827,0,2394.51450294256,196.239333212376,785.629697054625,62.7101311087608,1313.72060599923,78.4497221410275,0,31.274373203516,3101.35251089931,123.960599720478,215.508677661419,18.3297470808029,194.612275779247,132.381212204695,605.864693701267,57.764329791069,271.670542001724,18.027398198843,29.472221404314,168.709260880947,791.931917279959,168.979167521,126.334191650152,24.9207362532616,10.7884591221809,81.0954881906509
0,0,0,0,0,0,0,0,0,0,0,0,0,0,0,0,0,0,0,1.78139746189117,0,0,0,0,0,0,0,0,0,0,0,0,0,0,1.79910147190094,0,11.8213880360126,27.0939413309097,47.5391840338707,43.9659289121628,0,1.76943469047546,0,11.9834609627724,0,14.5570565462112,0,68.1405413746834,0,2.47534066438675,0,2.06282231211662,0,3.66599753499031,0,27.879270106554,0,0.769196093082428,0,2.14513438940048,0,0,0,0,0,0,0,4.37575250864029,0,0,2.39512631297112,1.47507137060165,1.53908002376556,1.65126913785934,6.42975383996964,11.250278621912,1.79908096790314,31.949468433857,0,0,0,0,0,1.4504399895668,0,0,0,3.65995615720749,0,5.10391592979431,30.084582477808,632.236297726631,16.5097967386246,159.233184337616,6.52537181973457,1164.91592630744,31.274373203516,0,20.7046193778515,2337.59195384383,6.06944888830185,8.32577478885651,12.685596704483,89.882377833128,4.51455897092819,130.536719858646,12.7987872958183,153.669563800097,3.98883026838303,14.5111381411552,328.772157073021,85.4144726097584,43.8962999582291,0,16.8879327774048,5.91998684406281
0,0,0,0,1.25655841827393,0,0,0,0,0,0,0,0,0,0,0,1.02105271816254,0,0,0,0.408843368291855,0,0,0,0,0,0,0,18.6984493732452,0,0,0,0,0,13.0692727565765,3.56107479333878,121.724524706602,32.4029251337051,107.584166646004,24.2126377820969,5.01044720411301,0,181.111540019512,3.35267490148544,8.07720699906349,0,619.328080415726,3.92648515105247,0,0,3.67720717191696,0,6.8034128844738,0,102.017967253923,1.68649804592133,3.96716874837875,0,0,0,0,0,0,0,2.49079644680023,0,7.8318318426609,3.07695841789246,0,0,45.5871342122555,9.93443208932877,46.1619437038898,1.65124106407166,76.3133333325386,27.1048546135426,60.2044088840485,23.2579823732376,0,0,0,0,2.67912730574608,0,3.81883215904236,0,0,0,23.807978451252,0,2775.56629920006,89.1477570533752,183.036692976952,14.5587300956249,148.890440940857,43.1370303630829,3101.35251089931,20.7046193778515,0,62.4711671769619,54.9954065680504,5.26527640223503,40.9464637637138,96.2055586576462,205.201183199883,39.3346349298954,130.541917920113,13.6245663762093,5.4334377348423,3.49941635131836,72.0299346745014,172.284455060959,15.1475384235382,2.85066515207291,6.24552363157272,6.81258085370064
0,1.13765776157379,0,0,0,0,0,0,0,0,0,0,0,0,0,0,0,0,0,0,0,0,0,0,0,0,0,0,0,26.0704627335072,0,0,0,0,3.45418655872345,4.33393692970276,35.4561130404472,128.737992405891,184.702559411526,101.704899966717,0,18.309090256691,66.313748061657,270.642885029316,0,14.8651177883148,1.87464737892151,722.410163402557,0,20.0259448885918,0,13.1596577167511,0,20.1286811828613,0,241.449669063091,0,0,0,1.1685231924057,0,0,0,0,0,0,9.0769208073616,14.3062904775143,0,0,0,37.3611216545105,2.36740642786026,73.94738265872,20.3448528647423,58.8047238588333,3.28517723083496,91.4391766786575,0,0,0,8.79919105768204,0,3.72828429937363,0,23.0236830413342,0,1.01032245159149,0,19.0617344975471,51.2506125867367,1969.3017783463,26.9120961129665,163.985230624676,29.9617181122303,492.426829636097,123.960599720478,2337.59195384383,62.4711671769619,0,18.7836362719536,15.9322343170643,30.9454611539841,96.4387763142586,20.0988203287125,186.881800353527,24.9273944795132,518.702781617641,17.5479670763016,8.98250639438629,294.174486517906,264.409589290619,175.35640501976,4.13325083255768,12.4717836678028,14.3668605089188
0,0,0,0,0,0,0,0,0,0,0,0,0,0,0,0,0,0,0,0,0,0,0,0,0,0,0,0,1.37767386436462,0,0,0,0,0,0,0,115.627468705177,15.2453379034996,103.376350849867,7.01308837532997,0,0,0,0,0,0,0,0,0,0,0,0,0,0,0,0,0,0,0,0,0,0,0,0,0,0,0,0,0,0,10.5895558297634,2.27384090423584,8.53315475583076,0,45.2766204476357,12.9817506968975,77.2143394649029,4.21527257561684,0,0,0,0,0,0,0,0,0,0,0,0,311.687143117189,23.9288074076176,1958.45951679349,8.31968253850937,288.430540472269,20.778257727623,215.508677661419,6.06944888830185,54.9954065680504,18.7836362719536,0,5.21128994226456,1915.91430613399,58.0567876696587,955.78236952424,37.1687690615654,325.219205886126,8.89181566238403,14.3783155977726,7.59946328401566,23.4512669444084,9.22659176588058,32.7645898461342,20.0428439080715,8.46859619021416,8.08521476387978
0,0,0,0,0,0,0,0,0,0,0,0,0,0,0,0,0,0,0,0,0,0,0,0,0,0,0,0,0,0,0,0,0,0,0,0,13.426745146513,31.512080013752,13.3004839420319,29.0622204840183,0,0,0,0,0,0,0,0,0,0,0,0,0,0,0,0,0,0,0,0,0,0,0,0,0,0,0,0,0,0,0,8.35798490047455,0,0.571912527084351,12.2339370846748,25.7360533773899,7.124591588974,30.7602041661739,0,0,0,0,0,0,0,0,0,0,0,0,1.84256428480148,284.771974653006,1.6241729259491,2173.35743463039,4.43766412138939,45.3653816282749,18.3297470808029,8.32577478885651,5.26527640223503,15.9322343170643,5.21128994226456,0,4.32312005758286,1735.99084568024,5.50999787449837,206.224125355482,8.24362194538116,107.621053636074,15.2614506781101,2.06873464584351,8.19194757938385,1.90009689331055,4.1770658493042,5.73549565672874,23.4999309182167,5.72284752130508
0,0,0,0,0,0,0,0,0,0,0,0,0,0,0,0,0,0,0,0,0,0,0,0,0,0,0,0,0.49149814248085,0,0,0,0,0,0,0,71.8226172924042,19.4751062989235,75.5307768285275,12.0666532516479,0,0,0,0,0,0,1.10688090324402,0,0,0,0,0,0,0,0,0,0,0,0,0,0,0,0,0,0,0,0,0,0,0,13.186683177948,2.25615251064301,19.6493373513222,0,38.5921156704426,11.9026242494583,91.8647646009922,11.8117153644562,0,0,0,0,0,0,0,0,0,0,0,0,229.797049283981,25.9654071033001,1065.52203789353,31.8156336545944,361.172845184803,20.0836444497108,194.612275779247,12.685596704483,40.9464637637138,30.9454611539841,1915.91430613399,4.32312005758286,0,146.885703653097,4504.45721140504,71.9713776409626,724.871231853962,13.4961750209332,89.2158445417881,42.6484627723694,166.962663054466,65.3225349187851,107.582274764776,897.404357284307,524.580939739943,46.3798513114452
0,1.09680140018463,0,0,0,0,0,0,0,0,0,0,0,0,0,0,0,0,0,0,0,0,0,0,0,0,0,0,0,4.67144536972046,0,0,0,0,0,0,112.447486639023,233.999650061131,144.71080121398,179.003761917353,0,0,0,0,0,0,0,4.97332432866096,0,0,0,0,0,0,0,0,0,1.62829959392548,0,0,0,0,0,0,0,0,0,0,0,0,5.69755971431732,82.4906806051731,11.6053935587406,11.8608288168907,74.1471756100655,139.132654190063,26.9391034245491,291.644782721996,0,0,0,0,0,0,0,0,0,0,0,0,71.9365157485008,583.397066682577,57.5675818920135,2035.97118146718,71.9827697575092,307.243019193411,132.381212204695,89.882377833128,96.2055586576462,96.4387763142586,58.0567876696587,1735.99084568024,146.885703653097,0,46.8479169607162,5357.78723621368,59.8031851053238,506.886451691389,145.236309349537,82.9215861260891,215.026336401701,24.1434074342251,84.2866360843182,297.462578564882,256.117078989744,123.021241426468
7.95795005559921,0,0.785662710666656,0,0,0,0,0,0,0,0,0,0,0,0,0,0.486652582883835,0,0,0,0,0,0,0,0,0,0,0,2.23927503824234,0,0,0,0,0,0,0,87.0394649505615,15.0280163288116,65.038377314806,9.99894869327545,6.38703832030296,0,0,0,0,0,2.58733576536179,1.85263341665268,0.820002794265747,0,0.952340424060822,0,0,0,0,0,2.13249015808105,2.09790372848511,0.796023786067963,0,0.837897658348083,0,0,0,0,0,0,0,0,0,76.4783767461777,15.7424522936344,40.1580618917942,1.21293950080872,76.1644385159016,28.7033193707466,533.490209758282,79.4073625206947,0,0,0,0,0,0,0,0,0.676190733909607,0,0.933111310005188,0,456.941607683897,27.7331036031246,1499.58496922255,27.8837166130543,1186.8182811141,49.0120841264725,605.864693701267,4.51455897092819,205.201183199883,20.0988203287125,955.78236952424,5.50999787449837,4504.45721140504,46.8479169607162,0,285.937341481447,582.472878813744,5.42581233382225,207.252071529627,46.3626354038715,286.019683808088,76.5093992948532,97.0098760724068,127.41156449914,289.092944294214,366.324286520481
0,6.25203931331635,0,2.34665787220001,0,0,0,0,0,0,0,0,0,0,0,0,0,0.907251119613647,0,0,0,0,0,0,0,0,0,0.500311315059662,1.86611938476562,0,0,0,0,0,0,0,34.6579675376415,68.610845208168,55.1374529600143,71.6338792443275,0,2.38147628307343,0,0,0,1.60375618934631,0,6.23799914121628,0,0,0,0.636648118495941,0,0,0,0,0,4.71888053417206,0,1.93934798240662,0,1.768345952034,0,1.05011510848999,0,0,0,0,0,0,12.7273274958134,89.4381043612957,8.6783744096756,14.9766770601273,27.4426390826702,107.755084127188,55.41782361269,482.390242874622,0,0,0,2.02599906921387,0,1.01947784423828,0,0,0,0,0,0,57.2002787590027,555.715731650591,48.4529798328876,1097.03000596166,118.544449001551,365.701622068882,57.764329791069,130.536719858646,39.3346349298954,186.881800353527,37.1687690615654,206.224125355482,71.9713776409626,5357.78723621368,285.937341481447,0,63.7490945756435,402.032636672258,320.292010933161,81.7614830434322,387.121166527271,52.7915964126587,91.6200781166553,126.04539039731,357.830486744642,462.224436402321
2.26902058720589,0,1.15808236598969,0,0,0,0,0,0,0,0,0,0,0,0,0,0,0,0,0,0,0,0,0,0,0,0,0,6.6370884180069,0,0,0,0,0,1.85342091321945,0,65.2596774995327,21.3936935663223,64.0497112572193,8.55125319957733,0,0,0,0,0,0,0.768729209899902,0.529824256896973,0,0,0,0,0,0,0,0,9.32782572507858,0,0,0,2.71187496185303,0,4.25297582149506,0,0,0,0.969014257192612,1.48858880996704,2.72840487957001,0,37.4376402795315,14.1261911988258,34.7435567975044,2.23206293582916,36.5564902126789,18.3108062148094,97.1182182431221,23.8425401747227,0,0,0,0,0,0,0,0,0,0,0,0.464076995849609,572.780353158712,58.0713512599468,306.57034599781,22.2442255616188,280.495645433664,16.9124310314655,271.670542001724,12.7987872958183,130.541917920113,24.9273944795132,325.219205886126,8.24362194538116,724.871231853962,59.8031851053238,582.472878813744,63.7490945756435,0,10.8813209533691,20.9442114830017,5.22655493021011,65.9479642212391,9.98330599069595,3.06894311308861,22.569710880518,7.98164317011833,39.1753447651863
0,2.97205644845963,0,0.607126593589783,0,0,0,0,0,0,0,0,0,0,0,0,0,0,0,0,0,0,0,0,0,0,0,0,0,0,0,0,0,0,0,0,15.8933294713497,17.9054162502289,14.9285298287868,26.4894722104073,0,0,0,0,0,0,0,0.710296034812927,0,0,0,0,0,0,0,0,0,0,0,0,0,0,0,1.66205644607544,0,0,0,0.800897181034088,0,0,2.55740964412689,6.01882183551788,2.88704192638397,0,12.7996424138546,20.2784081697464,8.12276667356491,47.343938857317,0,0,0,0,0,0,0,0,0,0,0,0,16.651290178299,607.783717095852,19.393816113472,270.164545238018,10.5677153766155,95.5317815840244,18.027398198843,153.669563800097,13.6245663762093,518.702781617641,8.89181566238403,107.621053636074,13.4961750209332,506.886451691389,5.42581233382225,402.032636672258,10.8813209533691,0,20.7125278115273,5.52970063686371,39.3338629007339,7.58865189552307,5.03880494832993,5.13986277580261,21.8907776474953,26.1979370713234
18.4848474264145,7.50971695780754,21.6875604987144,54.3844494223595,0,0,7.42409285902977,13.1435725092888,0,3.26469191908836,2.19252347946167,3.3496298789978,3.52395018935204,4.44725346565247,1.18945211172104,0.633253395557404,0,1.7261757850647,8.42321765422821,18.4033259749413,0,0,1.11746889352798,6.28018176555634,0,0,0,0,2.43075275421143,0,2.22521317005157,0,0.659317076206207,0,0,0,24.5566112995148,8.78617268800735,6.0117035806179,2.87630671262741,11.6933382153511,1.59044295549393,0,0,0,0,1.85600578784943,10.6507241725922,0,0,0,0,0,0,0,0,6.97984677553177,1.00904512405396,0,1.2287425994873,0,0,0,0,0,0,0,0,0,0,66.4287440180779,98.3648518621922,27.6953887939453,17.7730984687805,38.0714025199413,46.9473668634892,516.966305494308,798.008726119995,0,0,0,0,0,0,0,0,0,0,0,0,19.2017719745636,97.468063801527,69.2014478445053,235.474588751793,255.434991657734,118.14725920558,29.472221404314,3.98883026838303,5.4334377348423,17.5479670763016,14.3783155977726,15.2614506781101,89.2158445417881,145.236309349537,207.252071529627,320.292010933161,20.9442114830017,20.7125278115273,0,385.6733314991,271.985068678856,62.5795491337776,191.049202769995,445.602336347103,148.18675917387,287.874374687672
1.09749817848206,4.30930024385452,4.07639849185944,6.47740542888641,0,0,0,1.62190622091293,1.10587799549103,0.710265100002289,1.24923765659332,0,0,0,0,1.10993492603302,0,2.21569162607193,2.58042699098587,3.51345413923264,0,0,0,0,0,0,0,0,0,0,0,0,0,0,0,0,19.4759273529053,24.0270702242851,2.66510707139969,0.499392002820969,0.732634365558624,0,0,0,0,1.07941496372223,41.2041083574295,128.74810141325,1.10824263095856,0,1.26676547527313,0.678625762462616,0,0,1.0129086971283,0,1.97554457187653,1.67649567127228,0,2.44977509975433,0.713140726089478,0,1.87102484703064,0,0,0,0,0.611072421073914,1.13627111911774,0,16.6938290596008,33.4759536683559,4.86920443177223,0.610065579414368,13.2901186048985,9.10842287540436,424.962699234486,979.195303618908,0,0,0,0,1.32209670543671,1.41821897029877,0.862472593784332,0,0,0,0,0,1.49866986274719,49.9711561501026,15.0039249062538,117.727385550737,604.344572335482,290.178441464901,168.709260880947,14.5111381411552,3.49941635131836,8.98250639438629,7.59946328401566,2.06873464584351,42.6484627723694,82.9215861260891,46.3626354038715,81.7614830434322,5.22655493021011,5.52970063686371,385.6733314991,0,591.924001455307,16.1180635094643,84.8926083445549,175.395387887955,75.1988434195518,170.105827391148
0,0,0,0,0,0,0,0,0,0,0,0,0,0,0,0,0,0,0,0,0,0,0,0,0,0,0,0,0,0,0,0,0,0,0,0,14.9927244186401,25.4486087560654,16.7769491672516,16.4861062169075,0,0,0,0,0,0,0.948398411273956,0.990732431411743,0,0,0,0,0,0,0,0,0,0,0,0,0,0,0,0,0,1.1318519115448,0,0,0,0,1.06641042232513,8.00569254159927,1.76239371299744,0,3.15228223800659,13.9866240918636,15.3663142323494,30.63273614645,0,0,0,0,0,0,0,0,0,0,0,0,82.4663852155209,223.381268918514,148.2246350348,314.175292491913,483.310830920935,343.24014160037,791.931917279959,328.772157073021,72.0299346745014,294.174486517906,23.4512669444084,8.19194757938385,166.962663054466,215.026336401701,286.019683808088,387.121166527271,65.9479642212391,39.3338629007339,271.985068678856,591.924001455307,0,460.856628000736,538.922421962023,502.621263921261,182.666997849941,262.765126049519
0,0,0,0,0,0,0,0,0,0,0,0,0,0,0,0,0,0,0,0,0,0,0,0,0,0,0,0,0,0,0,0,0,0,0,0,4.57144981622696,3.60811567306519,3.43997913599014,2.28888368606567,0,0,0,0,0,0,0,0,0,0,0,0,0,0,0,0,0,0,0,0,0,0,0,0,0,0,0,0,0,0,1.25886595249176,2.10396689176559,0.724221289157867,0,0.827414929866791,4.41102021932602,5.53006088733673,4.6602795124054,0,0,0,0,0,0,0,0,0,0,0,0,37.1024315357208,36.284126251936,40.0255092978477,17.7444231510162,78.325784444809,19.8718743622303,168.979167521,85.4144726097584,172.284455060959,264.409589290619,9.22659176588058,1.90009689331055,65.3225349187851,24.1434074342251,76.5093992948532,52.7915964126587,9.98330599069595,7.58865189552307,62.5795491337776,16.1180635094643,460.856628000736,0,233.294265449047,188.439885497093,24.2261668145657,38.2688833475113
0,0,0,0,0,0,0,0,0,0,0,0,0,0,0,0,0,0,0,0,0,0,0,0,0,0,0,0,0,0,0,0,0,0,0,0,5.49629366397858,5.73437881469727,2.23737162351608,4.2609159052372,0,0,0,0,0,0,0.707572162151337,1.53699404001236,0,0,0,0,0,0,0,0,0,0,0,0,0,0,0,0,0,0,0,0,0,0,0.843085169792175,1.78181111812592,0,0.505110442638397,0,0,10.2833274900913,23.970075905323,0,0,0,0,0,0,0,0,0,0,0,0,58.8753178119659,73.6073684096336,295.387865871191,205.534745633602,134.056991219521,29.1418457329273,126.334191650152,43.8962999582291,15.1475384235382,175.35640501976,32.7645898461342,4.1770658493042,107.582274764776,84.2866360843182,97.0098760724068,91.6200781166553,3.06894311308861,5.03880494832993,191.049202769995,84.8926083445549,538.922421962023,233.294265449047,0,438.833227515221,80.6758766174316,136.304208576679
0,0,0,0,0,0,0,0,0,0,0,0,0,0,0,0,0,0,0,0,0,0,0,0,0,0,0,0,0,0,0,0,0,0,0,0,2.05422949790955,0,0,0.497183710336685,0,0,0,0,0,0,3.96264266967773,0.634580910205841,0,0,0,0,0,0,0,0,0,0,0,0,0,0,0,0,0,0,0,0,0,0,0.643536567687988,1.35677850246429,0.7589151263237,0,2.44613265991211,0.541086971759796,14.1593217849731,25.7839854955673,0,0,0,0,0,0,0,0,0,0,0,0,5.94385859370232,5.95131680369377,85.293320119381,53.401500672102,176.962415456772,13.7641651630402,24.9207362532616,0,2.85066515207291,4.13325083255768,20.0428439080715,5.73549565672874,897.404357284307,297.462578564882,127.41156449914,126.04539039731,22.569710880518,5.13986277580261,445.602336347103,175.395387887955,502.621263921261,188.439885497093,438.833227515221,0,425.204276710749,307.29533547163
0,0,0,0,0,0,0,0,0,0,0,0,0,0,0,0,0,0,0,0,0,0,0,0,0,0,0,0,0,0,0,0,0,0,0,0,0,3.04420578479767,3.0096021592617,5.33391326665878,0,0,0,0,0,0,0,0,0,0,0,0,0,0,0,0,0,0,0,0,0,0,0,0,0,0,0,0,0,0,0,4.81243246793747,1.13714241981506,0,0.95044469833374,2.58248972892761,4.45082187652588,27.1298569440842,0,0,0,0,0,0,0,0,0,0,0,0,1.47802525758743,117.8268853724,8.16736552119255,301.825662314892,47.9338271319866,16.9694879055023,10.7884591221809,16.8879327774048,6.24552363157272,12.4717836678028,8.46859619021416,23.4999309182167,524.580939739943,256.117078989744,289.092944294214,357.830486744642,7.98164317011833,21.8907776474953,148.18675917387,75.1988434195518,182.666997849941,24.2261668145657,80.6758766174316,425.204276710749,0,143.596922129393
2.55714517831802,3.18771892786026,2.06576579809189,5.37252992391586,0,0,0,1.14877879619598,0,0,1.35576486587524,0,1.09881389141083,0,0,0,0,1.31506437063217,0.567007541656494,1.66115510463715,0,0,0,0,0,0,0,0,0.383498579263687,0,0,0,0,1.24062156677246,0,1.74785470962524,14.0188717544079,3.12712150812149,14.873119354248,1.86508882045746,2.11505857110023,0,0,0,0,0,0.968899428844452,7.26251345872879,0,0,0,1.10578846931458,0,0,0,0,0,0,0,0,0,0,0,0,0,0,0,0,0,0,21.9448050260544,20.86313778162,9.56280633807182,1.86894112825394,20.8597493469715,14.3451207280159,115.961534589529,193.951831191778,0,0,0,0,0,0,0.577492117881775,0,0,0,0,0,16.9423395395279,78.5688785016537,26.3224409520626,154.607198238373,179.175552159548,82.0142131447792,81.0954881906509,5.91998684406281,6.81258085370064,14.3668605089188,8.08521476387978,5.72284752130508,46.3798513114452,123.021241426468,366.324286520481,462.224436402321,39.1753447651863,26.1979370713234,287.874374687672,170.105827391148,262.765126049519,38.2688833475113,136.304208576679,307.29533547163,143.596922129393,0
