0,192.827610403299,3902.14636075497,279.042933672667,0.617100596427917,0,3262.16569840908,58.4018000364304,9.58135735988617,0,2920.36176729202,15.9789646267891,1095.0826357305,0,40.1804945468903,0,767.909827053547,5.90505349636078,2238.09491977096,1242.76390019059,0,0,9.43440595269203,11.3647834658623,0,0,0,0,920.500416666269,3.73900508880615,5.39752811193466,16.5318664610386,75.1183689832687,154.862549185753,1.1725606918335,1.09293138980865,544.731742054224,2.23727840185165,73.9733142852783,0.896704971790314,1.11445707082748,0,0,0,6.461894094944,0,0,0,1.04488980770111,0,58.8374140262604,0,5.5395325422287,0,15.4391515851021,0,12210.6543254852,3.00832426548004,710.057323694229,0,1738.1052313745,0,267.632032155991,0,496.641303002834,0,165.555747210979,3.06755602359772,1932.35070756078,13.9573100209236,1498.74451175332,111.358121961355,1625.18212008476,54.6265960931778,734.652952164412,8.80892598628998,2209.18818971515,56.6300179958344,31.479770809412,0,117.817399293184,0,130.137611687183,0,2002.42745247483,0,0,0,314.100306987762,0,0,0,0,0,73.0855070650578,2.88988643884659,1.4823260307312,0,0,0,0,0,0,0,4.73637026548386,0,1.25021636486053,0,7.47678142786026,7.01365464925766,0,0,0,0,0,1.88613498210907
192.827610403299,0,45.602105140686,7347.5644429028,0,0,28.0860809087753,3145.275747329,0,10.6195806264877,5.98130106925964,2937.86584213376,0,670.869905203581,0,14.4488306045532,2.36676073074341,1242.47000464797,527.300647109747,2652.04577916861,0,0,0,14.9838950037956,0,0,0,0,11.3910406827927,264.046725511551,2.88298714160919,10.3749854564667,241.134630024433,209.905642539263,0,5.51762932538986,8.99487364292145,486.762046277523,1.57004594802856,27.2542835474014,0,2.03939825296402,0,0,0,1.38978034257889,0,7.06328016519547,0,36.3547324240208,0,121.225475788116,0,0,0,19.282261967659,42.1111326515675,12874.846831888,0.811853885650635,1159.97867926955,0,1542.36722183228,0,514.945253133774,0,1114.33460640907,22.5351204276085,255.425926983356,263.487735331059,833.76001226902,49.6140862703323,2966.2660933435,61.9162380695343,2568.80749905109,26.074724316597,816.503659367561,200.548623204231,3755.30700457096,0,12.9660299420357,0,63.0921838283539,0.805250465869904,0,0,861.360102802515,0,0,0,373.316328316927,0,0,0,0,0.612530469894409,33.6558028757572,0,0,0,0,0,0,0,1.43745946884155,0,4.32918417453766,0,0,11.9218806028366,7.2200363278389,0,0,0,0,0,0
3902.14636075497,45.602105140686,0,256.52264726162,626.04651722312,22.1334410905838,10437.8103989363,143.84682521224,266.925485700369,5.41646468639374,996.659785926342,20.8624677062035,883.152808904648,12.4518101215363,425.336983263493,8.82018268108368,245.182410240173,1.50789934396744,2027.7182071209,415.591110378504,3.16254085302353,2.56404399871826,2979.74784910679,811.729107528925,94.0845119059086,103.396102935076,14.0822059214115,18.9001151919365,1234.50455287099,3.22815173864365,112.468556791544,393.220826655626,44.8382181823254,127.197438955307,1.55312621593475,0,118.362845540047,0,13.1657119095325,0,10.5669535398483,0,0,0,0.763955295085907,0,0,0.766743838787079,7.14017727971077,0,29.966422021389,0,1.76236438751221,0,6.32246822118759,0,231.188782811165,0,135.276056587696,0,67.6982214748859,0,20.9306488633156,0,24.3988513052464,0,118.977473765612,0,265.682021081448,0,1054.35286688805,209.340781450272,1803.1953292191,26.8978953361511,663.075948894024,18.8233687281609,1698.59382206202,37.1756084561348,1.88422459363937,0,20.1042200028896,0,212.288646161556,0,158.130848884583,0,3.03463935852051,0,5.65226155519485,0,0,0,0,0,56.4920299649239,0,3.30394411087036,0,0,0,0,0,0,0,3.42739111185074,0.676420092582703,0,0,3.17502951622009,6.62602549791336,0,0,0,0,0,0.742196142673492
279.042933672667,7347.5644429028,256.52264726162,0,73.1827347278595,573.897593617439,273.40642362833,10502.604301244,48.9068291187286,434.157741039991,33.4391173422337,1527.60701560974,95.9206597507,835.987159192562,28.0305389165878,124.687276870012,1.73672550916672,460.695717096329,936.514994412661,4204.07275280356,2.34606504440308,4.21118351817131,890.122217804193,2630.53141918778,78.537645637989,179.872146964073,17.7311851978302,23.3678665757179,55.7372872233391,167.788857072592,121.14899533987,338.770145833492,144.511403024197,215.568682104349,1.95079004764557,0,4.47953307628632,105.311106026173,0.797968327999115,9.28276741504669,0,24.3366960287094,0,0,1.9831120967865,11.246335119009,0,6.7997932434082,0,48.9343655109406,0,211.7305560112,0,0,0,2.02008986473083,73.1486778855324,757.847628295422,0,373.071347415447,0,112.061253517866,0,146.059056460857,0,331.576300024986,5.06560719013214,597.83081844449,146.940962612629,282.106638073921,217.234696626663,3046.76386207342,133.464320510626,2335.48845386505,46.1246582567692,798.292260140181,122.022393673658,2707.36695554852,0,7.14472275972366,0.638993859291077,74.7544506490231,1.38232707977295,0.556894481182098,0,147.509820193052,0,1.06374475359917,0,11.6849987506866,0,0,0,0,2.75467675924301,40.8005376160145,0,0,0,0,0,0,0,0,0,3.0193954706192,0,0,15.0890953540802,3.60134989023209,0,0,0,0,0,2.55026823282242
0.617100596427917,0,626.04651722312,73.1827347278595,0,48.9768259227276,573.713364303112,3.95847934484482,1977.78793352842,10.8023532629013,5.5190461575985,0,27.0314953327179,0,2002.9695468843,5.68617540597916,0,0,6.1500831246376,0,198.925220549107,30.7391056418419,185.128363966942,283.332971602678,241.621748000383,295.40826690197,497.53410667181,153.905334979296,444.778018712997,0,81.7987478673458,124.089020907879,8.91318011283875,2.03550404310226,3.28156727552414,0,10.7170804738998,0,2.01048091053963,0,235.096108496189,0,0,0,0,0,1.23503029346466,0,0,0,0,0,0,0,1.72393614053726,0,0,0,0,0,0,0,0,0,0,0,2.26567906141281,0,0,0,604.510270774364,73.0614671111107,530.554548412561,5.1047534942627,28.2339226007462,0,74.3487574458122,0,0,0,1.92904514074326,0,63.7253209352493,0,14.0006103217602,0,43.3641130924225,0,18.0972805917263,0,0,0,0,0,0.587673306465149,0,0,0,0,0,0,0,0,0,0,0,0,0,0,0,0,0,0,0,0,0
0,0,22.1334410905838,573.897593617439,48.9768259227276,0,20.8813515305519,142.580199122429,15.77606138587,1528.76746141911,0,9.42578315734863,0,14.6166250109673,23.2386911511421,1854.02697870135,0,5.01322972774506,0,0.761003255844116,15.6585174202919,545.826253950596,80.165253251791,93.8685276508331,55.4363121986389,300.601987332106,57.0820772349834,971.40956440568,0,145.636841833591,31.4928978979588,27.7171900272369,0,2.97100365161896,0,0,0,22.7325472831726,0,5.78544729948044,0.59589421749115,287.245550990105,0,0.702857673168182,0,0,0,0,0,0,0,0,0,0,0,3.98338884115219,0,0,0,0,0,0,0,0,0,0,0,0,0,0,76.1324642002583,743.47612953186,3.37738430500031,820.533724457026,0,45.5821650326252,0,42.987024307251,0,0,0,5.17228221893311,1.78251135349274,156.293101340532,0,3.55886164307594,0,43.1446570456028,0,5.25096505880356,0,0,0,0,0,1.5385477244854,0,0,0,0,0,0,0,0,0,0.598496615886688,0,0,0,0,0,0,0,0,0,0
3262.16569840908,28.0860809087753,10437.8103989363,273.40642362833,573.713364303112,20.8813515305519,0,150.381963729858,899.646446526051,7.88291019201279,2050.25089240074,34.8696954846382,5387.79790809751,11.936509013176,499.158624529839,2.47070789337158,74.8685691952705,1.84006309509277,398.851461023092,411.360253304243,0,0,489.649605304003,757.873411625624,12.7723064720631,62.8946659564972,4.53786960244179,20.6089226007462,1064.91611471772,3.37220901250839,66.8367042541504,267.464863717556,5.36362451314926,98.2535387277603,0,1.51508343219757,54.5631687939167,0,16.6686879396439,0,6.90281665325165,0,2.47316807508469,0,0,0,0,0,2.04193913936615,0,99.399787068367,0,2.44200074672699,0,3.15767687559128,0,438.603838890791,0,262.011936873198,0,689.261574268341,0,36.0626314878464,0,424.275391638279,0,13.177363038063,0,40.2453736066818,0,1336.66162580252,221.874473899603,1246.50342354178,37.5178418159485,473.166222721338,4.94490921497345,1299.89536696672,26.4033536911011,14.6910372376442,0,56.8913497924805,0,95.1922498345375,0,807.975644499063,0,4.46708333492279,0,48.9168328940868,0,0,0,0,0,54.3269454240799,1.77977508306503,1.8470630645752,0,0,0,0,0,0,0,1.24656534194946,0,0,0,4.97808492183685,5.81368327140808,0,0,0,0,0,1.48495495319366
58.4018000364304,3145.275747329,143.84682521224,10502.604301244,3.95847934484482,142.580199122429,150.381963729858,0,6.79317367076874,2096.59500169754,36.7162906527519,2393.70790910721,47.8304725885391,4300.8469222188,6.87209564447403,364.249472945929,1.64734429121017,158.031129986048,418.15464553237,292.420029342175,0,0,376.365340560675,483.181181043386,7.85847187042236,12.8484168052673,0,3.7065691947937,46.9198565483093,128.950421929359,34.4868183135986,81.0255207717419,29.6682177186012,26.2899347543716,0,0.759257972240448,1.87171423435211,35.3922055959702,0.987274825572968,1.56870317459106,0,11.9861188530922,0,0,0,0,0,4.43072211742401,0,13.618069767952,0,64.6977294683456,0,0,0,0,5.13591629266739,198.73890927434,0,174.128534674644,0,338.403657287359,0,206.459120839834,0,621.845743745565,0,11.4581922292709,6.91099488735199,3.6327491402626,148.53399631381,3328.62458708882,73.5386283397675,1404.10233131051,37.680470764637,479.310359865427,76.3725964128971,1479.19229391217,0,1.84001940488815,0,104.301118791103,5.30263990163803,0,0,679.330766171217,0,0,0,187.333539068699,0,0,0,0,0,25.5474248826504,0,0,0,0,0,0,0,0,0,1.33037048578262,0,0,10.6566646695137,3.31497740745544,0,0,0,0,0,1.08193469047546
9.58135735988617,0,266.925485700369,48.9068291187286,1977.78793352842,15.77606138587,899.646446526051,6.79317367076874,0,8.06416845321655,16.9246122837067,0,348.229965507984,0,2626.87814754248,4.06134176254272,0.633247792720795,0,9.27392271161079,0,56.4797822833061,11.4801604747772,69.803181707859,161.862883061171,70.0528456270695,137.205618351698,84.2024084329605,51.1465625464916,257.815810352564,0,31.1464364230633,61.330120742321,6.60316646099091,0,0.475539594888687,0,13.8421850800514,0,0,0,97.3288195729256,0,0,0,0,0,2.33602738380432,0,0,0,0,0,0,0,0,0,0,0,0,0,0,0,0,0,0,0,0,0,0,0,475.683826744556,24.8874390125275,502.506961852312,3.70772153139114,35.4318298101425,0,87.2727738022804,0,0,0,1.39349365234375,0,43.9056795537472,0,11.7037935554981,0,16.8005546033382,0,13.61765858531,0,0,0,0,0,1.59706205129623,1.26099216938019,0,0,0,0,0,0,0,0,0,0,0,0,0,0.50676441192627,0,0,0,0,0,0
0,10.6195806264877,5.41646468639374,434.157741039991,10.8023532629013,1528.76746141911,7.88291019201279,2096.59500169754,8.06416845321655,0,0,91.2425151467323,2.17168265581131,300.236909240484,4.50602561235428,1993.5249710083,0,48.1721596717834,0,19.0374791026115,1.88823240995407,58.6721150875092,34.4010964632034,40.8583058416843,24.2513581514359,49.0152989327908,5.82895094156265,141.704920440912,1.3270343542099,152.559917807579,14.0242974162102,8.47363007068634,0.757145822048187,3.03227913379669,0,0,1.44777035713196,17.7086879014969,0,0,0,120.609699487686,0,0,0,0,0,0.559350669384003,0,0,0,0,0,0,0,0.656836569309235,0,0,0,0,0,1.9201038479805,0,45.7684116959572,0,1.21480405330658,0,0,0,0,14.4068079590797,895.440950900316,0.942470252513885,1270.93633717299,0,121.007888525724,0,187.353394627571,0,0.784648716449738,0,15.8422428369522,0,25.5744905471802,0,0.52121639251709,0,12.974523961544,0,0.566437005996704,0,0,0,0,0.50016850233078,4.81372165679932,0,0,0,0,0,0,0,0,0,0,0,0,0.502994894981384,0,0,0,0,0,0,0
2920.36176729202,5.98130106925964,996.659785926342,33.4391173422337,5.5190461575985,0,2050.25089240074,36.7162906527519,16.9246122837067,0,0,12.2778841257095,3117.5717330873,7.75635766983032,75.0046027004719,0,583.090755224228,0,829.385908991098,95.5472428202629,0,0,126.798321574926,63.0891903042793,0,0,0,0,552.83987480402,3.6882072687149,10.1447308659554,40.8281131386757,10.2849924564362,42.5840879678726,0.627814054489136,2.40559631586075,16.4714072346687,0,1.60815954208374,0,1.20382916927338,0,1.67025119066238,0,1.17940446734428,0,0,0,0.589327991008759,0,10.5640427470207,0,1.01290285587311,0,3.12204551696777,0,383.940988302231,0,51.9002665579319,0,307.251672208309,0,439.547134578228,0,43.9654173254967,0,9.20430427789688,0,42.4764840006828,1.59284794330597,275.613097131252,45.3742582201958,131.913181245327,12.3047075867653,45.2582340240479,1.4038302898407,150.708549439907,4.02621459960938,7.05652022361755,0,450.342058420181,0,206.570430994034,0,1361.0226816535,0,0,0,105.421979784966,0,0,0,0,0,7.89812862873077,0,0,0,0,0,0,0,0,0,0.648325860500336,0,0,0,0,0,0,0,0,0,0,0
15.9789646267891,2937.86584213376,20.8624677062035,1527.60701560974,0,9.42578315734863,34.8696954846382,2393.70790910721,0,91.2425151467323,12.2778841257095,0,8.47919034957886,4666.17674091458,0,381.994586527348,0,1042.2494828105,162.129132419825,1037.13610729575,0,0.509852647781372,26.3058097362518,443.995075076818,0,1.41210925579071,0,5.21421849727631,12.4492586255074,792.105251729488,7.96133607625961,53.1510618329048,3.742791056633,50.7490267753601,1.98475766181946,1.91594183444977,0,4.64210724830627,0,0,0,1.31131362915039,0,0,0,0,0,0,0,1.35672211647034,0,3.05399870872498,0,0,0,4.25414001941681,0,89.5022808611393,0,71.3507840931416,0,437.552427262068,0,777.386925697327,0,209.348037481308,0,15.5827007889748,1.54360437393188,3.22865837812424,19.8914445638657,1007.16077893972,10.9689599871635,935.574794948101,5.20861172676086,178.298835754395,16.7378403544426,390.563133656979,0,4.64144003391266,0,264.970034062862,0,0.863275170326233,0,489.546490371227,0,0,0,94.6454524993896,0,0,0,0,0,4.55157655477524,1.83669102191925,0,0,0,0,0,0,0,0,0,0,0,3.03190135955811,2.66759395599365,0,0,0,0,0,0
1095.0826357305,0,883.152808904648,95.9206597507,27.0314953327179,0,5387.79790809751,47.8304725885391,348.229965507984,2.17168265581131,3117.5717330873,8.47919034957886,0,6.28539741039276,3131.12140351534,0,75.1682086586952,0,363.346509814262,18.5970192551613,0.928708732128143,0,420.259718298912,199.790044665337,5.48872953653336,8.14858734607697,1.55780547857285,0,2106.75896167755,0,32.7403173446655,71.6809552311897,9.66325008869171,26.3270503282547,0,0,4.87161201238632,0,0.598657011985779,0,0,0,0,0,0.818012177944183,0,0.558009445667267,0,0,0,12.1571664810181,0,0,0,0,0,41.4093288779259,0,4.10996532440186,0,50.4489448666573,0,100.42923361063,0,28.5218809247017,0,0.912408947944641,0,10.6342211961746,0,822.729720622301,80.9416064918041,479.108850777149,4.72083413600922,96.9769716262817,5.76823425292969,274.721006214619,5.07826828956604,6.70830357074738,0,165.322865486145,0,25.3959307670593,0,604.474691569805,0,1.0304289162159,0,26.9693576097488,0,0,0,0,0,4.30631762742996,0,0,0,0,0,0,0,0,0,0,0,0,0,0,0.872827887535095,0,0,0,0,0,0
0,670.869905203581,12.4518101215363,835.987159192562,0,14.6166250109673,11.936509013176,4300.8469222188,0,300.236909240484,7.75635766983032,4666.17674091458,6.28539741039276,0,0,1716.1533395052,0,165.293541103601,43.3051694631577,184.114890366793,0,0.724895358085632,52.811000585556,254.875801205635,0,1.80254799127579,0,6.10560268163681,1.53507733345032,971.178951382637,1.72614914178848,18.5438262820244,0,15.0861500501633,0,2.75674682855606,0,13.1635365486145,0,0,0,1.86570772528648,0,0,0,0,0,0,0,0,0,0,0,0,0,0,0,21.4125860333443,0,12.2165924310684,0,189.048924982548,0,369.934109985828,0,129.653194159269,0,0.474523663520813,0,4.72473150491714,22.6953229904175,1094.32297956944,6.28512936830521,1220.89001953602,3.28659278154373,203.556569039822,5.26903736591339,473.232086747885,0,4.08083325624466,0,200.345566630363,0,0,0,148.261013388634,0,0,0,4.1617956161499,0,0,0,0,0,6.65512117743492,0,0,0,0,0,0,0,0,0,1.70159006118774,0,0,2.27009040117264,0,0,0,0,0,0,0.946553587913513
40.1804945468903,0,425.336983263493,28.0305389165878,2002.9695468843,23.2386911511421,499.158624529839,6.87209564447403,2626.87814754248,4.50602561235428,75.0046027004719,0,3131.12140351534,0,0,4.86654990911484,20.5813792943954,0,39.2892517447472,0,49.0709124207497,16.591863155365,324.052096962929,85.5082102119923,264.270624816418,107.4218506217,366.830879926682,78.7739759087563,2856.62258037925,0,89.7521404623985,48.7977275848389,8.52646440267563,0,3.99939104914665,0,43.9523920416832,0,7.99270057678223,0,168.635749667883,0,0.546040296554565,0,0,0,4.07856076955795,0,0,0,0,0,0,0,4.05755543708801,0,11.5370945930481,0,0,0,0,0,3.61840242147446,0,0,0,0,0,0.506955325603485,0,998.630175024271,47.3630476593971,1562.88079819083,3.40325009822845,123.376526206732,0,314.515143245459,0,2.21713209152222,0,14.4361827969551,0,176.99452495575,0,62.0543156862259,0,51.4669477939606,0,20.3437855243683,0,0,0,0,0,10.5363236367702,0.463542550802231,0,0,0,0,0,0,0,0,2.19081079959869,0,0,0,0.430882424116135,0.59307986497879,0,0,0,0,0,1.37887871265411
0,14.4488306045532,8.82018268108368,124.687276870012,5.68617540597916,1854.02697870135,2.47070789337158,364.249472945929,4.06134176254272,1993.5249710083,0,381.994586527348,0,1716.1533395052,4.86654990911484,0,0,116.424424648285,0,28.7774044573307,2.58768111467361,202.318746745586,10.0958374738693,56.4741058349609,8.75151723623276,106.661885470152,2.54660511016846,262.798680990934,1.53100681304932,2373.43879908323,2.29784971475601,9.87218636274338,0,7.06384056806564,0,0,0,38.1317848563194,0,0.718251764774323,0,302.128569066525,0,0.971314907073975,0,0,0,2.09349197149277,0,0,0,0,0,0,0,5.51755118370056,0,1.97651642560959,0,0,0,5.16548228263855,0,94.9401197433472,0,1.27773654460907,0,1.09932458400726,0,0,27.8760184645653,781.307400405407,1.5035126209259,2622.97747832537,0,117.4748044312,0,187.098581343889,0,3.14144283533096,0,35.3058897852898,0,96.2433724701405,0,9.27273970842361,0,25.5879804491997,0,3.60143274068832,0,0,0,0,0,2.15967464447021,0,0,0,0,0,0,0,0,0,0,0,0,2.77513861656189,0.655947387218475,0,0,0,0,0,0.745354652404785
767.909827053547,2.36676073074341,245.182410240173,1.73672550916672,0,0,74.8685691952705,1.64734429121017,0.633247792720795,0,583.090755224228,0,75.1682086586952,0,20.5813792943954,0,0,0,361.536027759314,36.8642272353172,0,0,11.5191517472267,0,0,0,0,0,2376.06321966648,1.05482220649719,1.42376506328583,3.22955167293549,4.20116227865219,14.5492881536484,2.86278343200684,1.52481114864349,7.84722518920898,1.67758572101593,5.99201190471649,0,0,0,0,0,0.938681423664093,0,0,0,3.07455629110336,0,13.6764095425606,0,0.773545563220978,0,0,0,1732.65468034148,2.15517425537109,116.798810094595,0,500.609142065048,0,1671.23646697402,0,27.6913413703442,0,53.5036036670208,9.42375600337982,102.984843343496,3.39390468597412,121.802085787058,14.5717006325722,163.118472516537,10.0401012301445,31.4530445933342,1.22946345806122,149.034228682518,8.53843176364899,309.467540562153,0,1734.96654507518,0,195.209648609161,0,318.847507894039,0,3.08602660894394,0,22.2456129193306,0,0,0,0,0,2.46248084306717,0,0,0,0,0,0,0,0,0,0,0,0,0,0,0,0,0,0,0,0,0
5.90505349636078,1242.47000464797,1.50789934396744,460.695717096329,0,5.01322972774506,1.84006309509277,158.031129986048,0,48.1721596717834,0,1042.2494828105,0,165.293541103601,0,116.424424648285,0,0,39.2722114920616,489.927635401487,0,0,1.81179463863373,55.1608249247074,0,0,0,1.93478882312775,6.88062655925751,2551.12200945616,1.4872053861618,5.0791482925415,14.1902046203613,35.6717212498188,3.20219767093658,2.61953014135361,0,44.9223613739014,0,5.24417555332184,0,0,0,0,0,0,0,0.926111280918121,0,6.64977696537971,0,5.63327658176422,0,0,0,0,4.12580913305283,3110.05809634924,4.39666098356247,257.446270376444,0,665.661961168051,3.5512820482254,2704.49956253171,0,96.4263326823711,24.5085068941116,72.448899179697,1.2959897518158,74.7765567600727,9.78362095355988,453.223947197199,8.36325538158417,1920.14914265275,0,184.952553272247,29.3371556997299,498.573373526335,0,293.240662842989,1.13169586658478,626.228827238083,0,6.32569918036461,0,101.769857257605,0,0.906360805034637,0,8.48852789402008,0,0,0,0,1.30377346277237,2.68673944473267,0,0,0,1.8883216381073,0,0,0,0,0,0,0,0,3.00538605451584,0,0,0,0,0,0,1.7797544002533
2238.09491977096,527.300647109747,2027.7182071209,936.514994412661,6.1500831246376,0,398.851461023092,418.15464553237,9.27392271161079,0,829.385908991098,162.129132419825,363.346509814262,43.3051694631577,39.2892517447472,0,361.536027759314,39.2722114920616,0,5463.23230880499,0,0,1166.87339058518,804.448547869921,6.76098498702049,0,1.83665025234222,0,865.116094410419,21.0999426841736,689.676103144884,623.633306115866,3053.61161988974,1603.43082839251,26.189410597086,1.85703617334366,289.958983182907,4.13824737071991,42.648245126009,0,6.32541865110397,0,10.8949423730373,0,11.5385801792145,0,2.80559122562408,0,5.79384654760361,0,39.7793347239494,0,0,0,0,0,318.397768169641,11.1729167699814,367.888640135527,0,54.471181333065,0,10.5147672891617,0,8.74267518520355,0,1997.61885556579,18.7990476489067,3221.67929390073,26.9924595952034,1018.02597892284,575.382538974285,1324.4912160337,249.384093612432,729.436819434166,102.683923602104,2572.62021645904,340.016062796116,1.60275414586067,0,10.1476160287857,0,241.028388440609,0,55.8186900913715,0,0,0,0.736105501651764,0,0,0,0,0,102.138269603252,2.11428952217102,0,0,0,0,0,0,0,0,2.60074609518051,0,0,0,6.13588070869446,12.3796602487564,0,0,0,0,0,0
1242.76390019059,2652.04577916861,415.591110378504,4204.07275280356,0,0.761003255844116,411.360253304243,292.420029342175,0,19.0374791026115,95.5472428202629,1037.13610729575,18.5970192551613,184.114890366793,0,28.7774044573307,36.8642272353172,489.927635401487,5463.23230880499,0,0,1.23695111274719,272.782008886337,1003.17269441485,0,3.14938282966614,0,0,197.469008088112,181.511402577162,137.604690372944,705.480049431324,1464.26676383615,5721.84992128611,0,19.6246610581875,22.7505921721458,186.079678416252,1.18028354644775,26.2739114165306,0,1.17948508262634,0,6.19687271118164,0,17.0691320002079,0,25.3626383841038,0,27.4475806057453,0,37.8449881076813,0,0,0,0,210.317783176899,620.239364653826,3.90185362100601,147.112229585648,1.64111626148224,34.8405503332615,0.773036658763885,73.744764238596,0,43.4401473701,131.087273240089,2032.10335084796,1243.72039997578,2034.82329252362,384.798321306705,1706.49557492137,420.380073130131,1324.52208715677,155.039091646671,587.829271942377,680.479339241982,3361.84976691008,0,0.49124675989151,0,61.2031267881393,32.591771364212,0,0,27.2716403305531,0,0,0,2.10217475891113,0,0,0,0,2.24021780490875,24.932335048914,0,0,0,0,0,0,0,0,0,0,2.1208713054657,1.25268232822418,7.08843466639519,1.13702476024628,5.12077736854553,0,0,0,0,4.20932239294052
0,0,3.16254085302353,2.34606504440308,198.925220549107,15.6585174202919,0,0,56.4797822833061,1.88823240995407,0,0,0.928708732128143,0,49.0709124207497,2.58768111467361,0,0,0,0,0,94.4147146940231,78.7031591534615,4.84538999199867,196.548426181078,34.6281960010529,555.339135706425,97.8480069041252,44.477247685194,0,1052.89375883341,21.1032248139381,46.3510224819183,1.0985449552536,15.8676027655602,0,36.9401821494102,12.6323064565659,5.64512634277344,0,296.885965764523,19.0856337547302,1.44048082828522,0.675760686397552,0,0,3.31762689352036,0,0,0,0.57668799161911,0,0.611001908779144,0,1.97204631567001,2.92948806285858,0,0,0,0,0,0,0,0,0,0,8.67877930402756,0,0,0,576.981147378683,141.882547944784,189.536558479071,6.0947362780571,12.7610340118408,8.29951000213623,36.408145904541,13.5678026080132,0,0,0,0,0.888195931911469,0,2.71166896820068,0,2.38499808311462,4.56946629285812,2.59133642911911,0.831733167171478,0,0,0,0,0,0,0,0,0.572479248046875,0,0,0,0,0,0,0,0,0,0,0,0,0,0,0,0,0
0,0,2.56404399871826,4.21118351817131,30.7391056418419,545.826253950596,0,0,11.4801604747772,58.6721150875092,0,0.509852647781372,0,0.724895358085632,16.591863155365,202.318746745586,0,0,0,1.23695111274719,94.4147146940231,0,46.2435109615326,48.5763797163963,79.4984730184078,293.530839920044,189.269454658031,1059.41248509288,1.59817612171173,81.2449866235256,140.139114379883,775.210471987724,3.63983535766602,40.6281750202179,1.70503520965576,2.57301843166351,8.91306239366531,12.2782480716705,5.55192619562149,11.7609031200409,8.92921531200409,678.682656049728,0,0.740964770317078,0,0,0,0,0,0,0,0.752154588699341,0,0,0,1.6123765707016,0,0,0,0,0,0,0,0,0,0,0,2.62078711390495,0,0,90.5661670267582,278.264753818512,1.26982700824738,192.155993670225,2.49569845199585,2.76591551303864,2.71423900127411,1.7889683842659,0,0,0,1.81978470087051,0,179.754087179899,0,0,0,83.7630560696125,0,0,0,0,0,0,0,0,0,0,0,0,0,0,0,0,0,0,0,0,0,0,0,0,0,0,0,0
9.43440595269203,0,2979.74784910679,890.122217804193,185.128363966942,80.165253251791,489.649605304003,376.365340560675,69.803181707859,34.4010964632034,126.798321574926,26.3058097362518,420.259718298912,52.811000585556,324.052096962929,10.0958374738693,11.5191517472267,1.81179463863373,1166.87339058518,272.782008886337,78.7031591534615,46.2435109615326,0,4130.43423828483,1113.83779752254,487.096434414387,278.751226127148,168.567103385925,598.67698943615,2.93740355968475,4676.55570235848,2208.25718411803,1057.04902356863,384.131999075413,139.856409311295,0,21.6224933862686,0,6.43747082352638,0,22.4626216292381,0,43.8259936273098,0,26.0229696929455,0,14.2430955767632,0,0.472592711448669,0,0,0,0,0,0,0,5.4474670290947,0,2.21053349971771,0,0,0,2.28851002454758,0,0,0,305.040488183498,1.68312066793442,1.14979702234268,1.25450170040131,1492.05810207129,395.336968004704,1284.71698355675,41.5950049161911,368.516427248716,8.8500018119812,1033.3845769465,22.7294406890869,0.884809136390686,0,2.22085100412369,0,21.7792810797691,0,3.81978499889374,0,1.13451981544495,0,0.502689778804779,0,0,0,0,0,23.781579375267,0,0,0,0,0,0,0,0,0,0,0,0,0,2.08069413900375,2.30802977085114,0,0,0,0,0,0.546888649463654
11.3647834658623,14.9838950037956,811.729107528925,2630.53141918778,283.332971602678,93.8685276508331,757.873411625624,483.181181043386,161.862883061171,40.8583058416843,63.0891903042793,443.995075076818,199.790044665337,254.875801205635,85.5082102119923,56.4741058349609,0,55.1608249247074,804.448547869921,1003.17269441485,4.84538999199867,48.5763797163963,4130.43423828483,0,418.345671892166,1471.77504837513,106.85795596242,226.189734190702,102.195243895054,78.9070737957954,623.371846675873,4298.62550395727,73.177148103714,1304.24472776055,0,15.4939800202847,1.07478165626526,11.6611512005329,0,4.28925359249115,3.81892144680023,8.74640256166458,0,2.713986068964,0,0,0,7.61633589863777,0,0,0,0,0,0,0,0,0,3.70411422848701,0,2.38352864980698,0,0.421043992042542,0,8.39247930049896,0,0.555184125900269,0,136.98959928751,0,3.50539267063141,700.960735738277,2751.83661279082,218.372317492962,781.434373825788,63.3945977091789,426.490435779095,63.3741532564163,950.616526305676,0,0,0,8.80880922079086,4.36209923028946,1.29287350177765,0,2.32243573665619,0,0,0,0,0,0,0,0,0,9.71625405550003,0,0,0,0,0,0,0,0,0,0,0,0,1.52875119447708,0,1.20191705226898,0,0,0,0,0
0,0,94.0845119059086,78.537645637989,241.621748000383,55.4363121986389,12.7723064720631,7.85847187042236,70.0528456270695,24.2513581514359,0,0,5.48872953653336,0,264.270624816418,8.75151723623276,0,0,6.76098498702049,0,196.548426181078,79.4984730184078,1113.83779752254,418.345671892166,0,476.319252282381,776.739996939898,322.213962286711,79.1832289099693,0,730.212341368198,229.231798648834,94.992300003767,14.2410869598389,28.4967147707939,0,1.28098106384277,0,0.635143458843231,0,40.6121626496315,0,3.31799864768982,0,0,0,0,0,0,0,0,0,0,0,0,0,0,0,0,0,0,0,0,0,0,0,20.7026309967041,0,0,0,378.863917291164,66.1444838643074,219.860773831606,6.41504156589508,21.5328780710697,0,13.3871471583843,0,0,0,0,0,8.99090075492859,0,5.06869521737099,0,7.49822816252708,0,5.39672300219536,0,0,0,0,0,0,0,0,0,0,0,0,0,0,0,0,0,0,0,0,0,0,0,0,0,0,0
0,0,103.396102935076,179.872146964073,295.40826690197,300.601987332106,62.8946659564972,12.8484168052673,137.205618351698,49.0152989327908,0,1.41210925579071,8.14858734607697,1.80254799127579,107.4218506217,106.661885470152,0,0,0,3.14938282966614,34.6281960010529,293.530839920044,487.096434414387,1471.77504837513,476.319252282381,0,312.47653824091,1364.89899656177,11.5238925814629,29.3850617408752,238.993557423353,1246.21939113736,1.82311403751373,55.6147459149361,0,3.79652005434036,0,2.35429441928864,0,0,1.70827448368073,16.149093747139,0,0,0,0,0,0,0,0,0,0,0,0,0,0,0,0,0,0,0,0,0,0,0,0,0,3.82713043689728,0,0,266.942852973938,675.110712230206,23.2144208550453,225.221651434898,0,21.1794418990612,0,21.2256101369858,0,0,0,0,0,3.93031626939774,0,1.29909300804138,0,0.883278787136078,0,0,0,0,0,0,0,0.612715661525726,0,0,0,0,0,0,0,0,0,0,0,0,0.748280048370361,0,0,0,0,0,0,0
0,0,14.0822059214115,17.7311851978302,497.53410667181,57.0820772349834,4.53786960244179,0,84.2024084329605,5.82895094156265,0,0,1.55780547857285,0,366.830879926682,2.54660511016846,0,0,1.83665025234222,0,555.339135706425,189.269454658031,278.751226127148,106.85795596242,776.739996939898,312.47653824091,0,593.009944677353,80.5946985185146,1.57514703273773,611.680970549583,69.7406924366951,36.3512108922005,5.21707433462143,12.9768653213978,0,108.627653539181,110.533146739006,24.4055132269859,0,62.6895230412483,0,0.818682253360748,0,0,0,0,1.55108898878098,0,0,0,0.64868825674057,0,0,0,0,0,0,0.577115297317505,0,0,0,0,0,0,0.708571195602417,11.6064277589321,0,0,0,492.284061431885,120.716434717178,115.393899649382,7.10233461856842,26.1707335114479,0.739550650119781,11.8044778704643,15.1597775220871,0,0,0.866289436817169,0,1.9141443669796,0,2.62037920951843,0,7.72000557184219,0,2.07685375213623,0,0,0.665959119796753,0,0,1.00258910655975,0,0,0,0,0.712571501731873,0,0,0,0,0,0,0,0,0,0,0,0,0,0,0,0
0,0,18.9001151919365,23.3678665757179,153.905334979296,971.40956440568,20.6089226007462,3.7065691947937,51.1465625464916,141.704920440912,0,5.21421849727631,0,6.10560268163681,78.7739759087563,262.798680990934,0,1.93478882312775,0,0,97.8480069041252,1059.41248509288,168.567103385925,226.189734190702,322.213962286711,1364.89899656177,593.009944677353,0,7.13349640369415,32.5403681099415,229.773322373629,816.805103957653,4.88716298341751,67.1288175284863,0,2.16228979825974,92.7213854193687,86.8167551755905,39.4243428111076,4.18939161300659,18.0139951705933,75.7991915345192,0,0,0,0,0,0.885637581348419,0,0,0,0,0,0,0,0,0,0,0,0,0,0,0,0,0,0,0,3.54425424337387,0,0,269.43134739995,530.378130733967,12.6248930096626,233.125456243753,13.0759136676788,10.3362597227097,4.43083083629608,16.7163453102112,0,0,0,0,0,35.3063619434834,0,0,0,8.78471326828003,0,0,0,0,0,0,1.95242595672607,0.548352718353271,1.42632269859314,0,0,1.12449419498444,0,0,0,0,0,0,0,0,0.518671452999115,0,0,0,0,0,0,0
920.500416666269,11.3910406827927,1234.50455287099,55.7372872233391,444.778018712997,0,1064.91611471772,46.9198565483093,257.815810352564,1.3270343542099,552.83987480402,12.4492586255074,2106.75896167755,1.53507733345032,2856.62258037925,1.53100681304932,2376.06321966648,6.88062655925751,865.116094410419,197.469008088112,44.477247685194,1.59817612171173,598.67698943615,102.195243895054,79.1832289099693,11.5238925814629,80.5946985185146,7.13349640369415,0,6.1282320022583,36.8789154589176,68.4617665410042,26.6486660242081,59.1557255983353,12.6148114204407,20.2113829851151,222.889664649963,8.86382687091827,42.324439406395,0,564.410980522633,1.14079892635345,139.88498839736,2.13683754205704,45.1543780565262,0,437.559176385403,3.07071453332901,44.4856896400452,0,229.115329146385,0,79.9351138472557,0,128.855729132891,0,1356.0758266449,1.43262231349945,782.769537270069,1.29901504516602,510.707376241684,0,571.669868648052,0,85.6126415431499,0,202.85102981329,53.5786630511284,330.900482326746,2.87573599815369,590.963482350111,65.7220834493637,1656.78331360221,8.72827470302582,178.446342617273,3.46821999549866,556.235766381025,23.117203950882,330.158306986094,0,1296.94468969107,0,1627.90067619085,0,594.990574151278,0,284.347724437714,0,137.512859880924,0,39.8532574176788,2.48627305030823,0,0,21.4644956588745,0,3.78895902633667,3.48822557926178,13.1735287308693,0,1.26699280738831,0,2.20233702659607,0,5.76795357465744,2.10891526937485,0,0,5.3218520283699,2.37898182868958,0,0,0,0,0,2.72234064340591
3.73900508880615,264.046725511551,3.22815173864365,167.788857072592,0,145.636841833591,3.37220901250839,128.950421929359,0,152.559917807579,3.6882072687149,792.105251729488,0,971.178951382637,0,2373.43879908323,1.05482220649719,2551.12200945616,21.0999426841736,181.511402577162,0,81.2449866235256,2.93740355968475,78.9070737957954,0,29.3850617408752,1.57514703273773,32.5403681099415,6.1282320022583,0,0,8.63578760623932,10.2346997857094,13.0157110095024,3.71524012088776,5.85220175981522,0,88.5869495272636,0,12.5003982186317,0,381.583248913288,9.18983581662178,50.041452050209,0,45.5694386661053,0,109.162540614605,0,41.4006533324718,0,64.5294266045094,0,28.6947338581085,0,44.5347778201103,0,370.357820630074,2.58036720752716,114.163517296314,0,30.2550098001957,0,358.128544479609,0,32.9656667709351,14.1187368631363,93.8273131847382,15.2268705964088,39.0752404332161,3.30274718999863,265.823145329952,0.92996084690094,3601.39445433021,0,31.3123244047165,18.0208951234818,170.309566348791,0,325.785292863846,0,551.906532406807,0,499.213922172785,0,74.9262603223324,0,79.5660378932953,0,37.2408726513386,0,1.90371209383011,0,0,0,1.92633229494095,0,0,0,30.4970400631428,0,0,0,0,0,0,0,1.05267190933228,0,1.06395959854126,0,0,0,0,0,0.647285461425781
5.39752811193466,2.88298714160919,112.468556791544,121.14899533987,81.7987478673458,31.4928978979588,66.8367042541504,34.4868183135986,31.1464364230633,14.0242974162102,10.1447308659554,7.96133607625961,32.7403173446655,1.72614914178848,89.7521404623985,2.29784971475601,1.42376506328583,1.4872053861618,689.676103144884,137.604690372944,1052.89375883341,140.139114379883,4676.55570235848,623.371846675873,730.212341368198,238.993557423353,611.680970549583,229.773322373629,36.8789154589176,0,0,617.765434741974,1196.87577721477,123.990012913942,199.347234994173,1.07920134067535,3.68748825788498,0,33.2889705002308,0,16.2665231227875,0,132.857080101967,0,51.8956431746483,0,81.6778730750084,0,1.16668379306793,0,0,0,0,0,1.63231897354126,0,0.706315219402313,1.621710896492,3.65556466579437,0,0,0,0,0,0,0,677.39203235507,6.47777509689331,4.62542816996574,0,699.393659740686,151.513479471207,77.5473799407482,15.8392770886421,27.2866057753563,1.16642165184021,38.3867882192135,15.2426306009293,0,0,0,0,5.38583678007126,0,0,0,0.481499522924423,0,0.668859899044037,0,0,0,0,0,0.547925412654877,0.893653988838196,4.92750450968742,0,0,0,0,0,0,0,0,0,0,0,0,0,0,0,0,0,0,0
16.5318664610386,10.3749854564667,393.220826655626,338.770145833492,124.089020907879,27.7171900272369,267.464863717556,81.0255207717419,61.330120742321,8.47363007068634,40.8281131386757,53.1510618329048,71.6809552311897,18.5438262820244,48.7977275848389,9.87218636274338,3.22955167293549,5.0791482925415,623.633306115866,705.480049431324,21.1032248139381,775.210471987724,2208.25718411803,4298.62550395727,229.231798648834,1246.21939113736,69.7406924366951,816.805103957653,68.4617665410042,8.63578760623932,617.765434741974,0,122.983102917671,2632.31576827168,0.757837355136871,155.365930736065,2.0920569896698,2.35922247171402,0,7.47587454319,1.92035740613937,0,0,31.1826409399509,0,0.639848351478577,0,73.4791221618652,0,0,1.64541411399841,0.573813498020172,0,0,0,0,3.05007529258728,3.11556279659271,1.53353869915009,2.439697265625,0,0,0,2.31210774183273,0,2.0742883682251,24.1464397907257,670.99699190259,0.586907386779785,11.6647491455078,278.013286203146,543.322286278009,115.284162521362,75.2194018065929,35.8624102473259,17.6183294653893,83.1204867660999,82.0496847629547,0,0,0,0,2.56830966472626,0,1.01175498962402,4.81072735786438,0,0,0,0,0,0,0,0,2.21171355247498,0.636751055717468,0,1.00085747241974,0,0,0,0,0,0,1.03250312805176,0,0,0,1.03779017925262,0,33.6708957850933,0,0,0,0,0
75.1183689832687,241.134630024433,44.8382181823254,144.511403024197,8.91318011283875,0,5.36362451314926,29.6682177186012,6.60316646099091,0.757145822048187,10.2849924564362,3.742791056633,9.66325008869171,0,8.52646440267563,0,4.20116227865219,14.1902046203613,3053.61161988974,1464.26676383615,46.3510224819183,3.63983535766602,1057.04902356863,73.177148103714,94.992300003767,1.82311403751373,36.3512108922005,4.88716298341751,26.6486660242081,10.2346997857094,1196.87577721477,122.983102917671,0,1233.38312712312,493.815847396851,24.738937318325,15.5625056624413,18.7756514549255,69.3760059177876,0,2.33020409941673,0,157.363697856665,2.90812265872955,254.283296018839,2.28103244304657,109.317455381155,5.50861138105392,4.67155689001083,0,3.15582740306854,0,0,0,9.80830407142639,0,130.674302816391,103.182744204998,135.116727620363,10.1165043413639,1.80341869592667,10.5678441524506,2.04028052091599,23.7890690565109,0,3.89623320102692,4597.94335347414,313.181280881166,1583.37753197551,335.994507610798,129.857080250978,73.1008557677269,45.9043954610825,37.8859687447548,21.816728413105,11.9113987088203,200.239989042282,90.929202735424,0,1.37661278247833,5.90603545308113,13.0483611226082,3.00927233695984,0,3.8037094771862,0.719097495079041,0,0,0,0,0,0,0,0,2.4268079996109,0,8.26060825586319,0,0,0,0,0,0,0,0,0,0,0,0,0,1.01869964599609,0,0,0,0,0
154.862549185753,209.905642539263,127.197438955307,215.568682104349,2.03550404310226,2.97100365161896,98.2535387277603,26.2899347543716,0,3.03227913379669,42.5840879678726,50.7490267753601,26.3270503282547,15.0861500501633,0,7.06384056806564,14.5492881536484,35.6717212498188,1603.43082839251,5721.84992128611,1.0985449552536,40.6281750202179,384.131999075413,1304.24472776055,14.2410869598389,55.6147459149361,5.21707433462143,67.1288175284863,59.1557255983353,13.0157110095024,123.990012913942,2632.31576827168,1233.38312712312,0,55.7590762674809,856.451276153326,47.8220474123955,40.0178355574608,13.633096575737,48.212941467762,1.19766640663147,0,26.7880834341049,75.3261314630508,31.1269856095314,13.1951185166836,16.4671629071236,202.474759042263,5.21564704179764,16.4280260801315,5.80549085140228,23.018258869648,0,0,0,5.5789797604084,119.56496745348,205.236290305853,128.399351656437,54.0008454620838,13.3374207615852,23.7817506492138,21.2307558059692,56.4531835317612,0.603628277778625,7.23152643442154,1117.08212208748,5202.80931019783,629.208140403032,1225.38817602396,125.178997933865,277.889395534992,94.3059867620468,130.980352759361,40.1460871696472,49.6206908226013,254.778295516968,316.099381268024,1.24152725934982,13.774311542511,40.2241462469101,73.0607337355614,8.01829570531845,4.8362210392952,11.9664890766144,21.8514555692673,0,0.588019728660583,0.915791988372803,16.0705289244652,0,0,0,0,5.54427659511566,1.70381331443787,2.15787136554718,1.71499168872833,0,0,0,0,0,1.66955280303955,0,0,0,1.75899910926819,1.0414582490921,0,62.5356663763523,0,0,0,0,0
1.1725606918335,0,1.55312621593475,1.95079004764557,3.28156727552414,0,0,0,0.475539594888687,0,0.627814054489136,1.98475766181946,0,0,3.99939104914665,0,2.86278343200684,3.20219767093658,26.189410597086,0,15.8676027655602,1.70503520965576,139.856409311295,0,28.4967147707939,0,12.9768653213978,0,12.6148114204407,3.71524012088776,199.347234994173,0.757837355136871,493.815847396851,55.7590762674809,0,145.32085287571,159.379723072052,44.5669085979462,146.561008453369,20.2683229446411,1.48645055294037,5.05808615684509,331.959247589111,170.991766571999,465.153849065304,197.592200428247,251.682508051395,71.7058990597725,172.112841546535,62.8015736937523,89.346616089344,37.1681454777718,27.1121644377708,5.90845629572868,26.8334019184113,30.1051253974438,0,0,74.9783534407616,15.3726319074631,15.0725931823254,9.79902899265289,22.2695248425007,13.7111091017723,4.55068349838257,5.77173706889153,1772.41537564993,273.527249157429,0,0,29.7533177137375,0.597897112369537,41.0034328103065,11.9888959527016,5.39790260791779,5.87415200471878,116.496152102947,52.4056466221809,2.7530888915062,0,74.1106979250908,27.7121255397797,2.6677657365799,0,50.3904713988304,6.08132916688919,2.36636078357697,0,24.0168794989586,6.47200840711594,5.6141597032547,0,0,0,10.8226186931133,0,1.45454013347626,0,0,1.39825582504272,0,0,0,0,0,0,0,0,0,0,0,0,0,0,0,0
1.09293138980865,5.51762932538986,0,0,0,0,1.51508343219757,0.759257972240448,0,0,2.40559631586075,1.91594183444977,0,2.75674682855606,0,0,1.52481114864349,2.61953014135361,1.85703617334366,19.6246610581875,0,2.57301843166351,0,15.4939800202847,0,3.79652005434036,0,2.16228979825974,20.2113829851151,5.85220175981522,1.07920134067535,155.365930736065,24.738937318325,856.451276153326,145.32085287571,0,87.2373817563057,98.1732816100121,29.4436323642731,56.7683767080307,4.62191450595856,9.79457926750183,165.2631957829,369.467264324427,235.801034927368,539.159917742014,90.8514713644981,197.236451983452,113.584897100925,172.278166294098,85.0588452219963,95.8531035482883,20.5284078121185,28.8892125487328,11.0844134092331,55.9312430620193,0,5.31564521789551,99.741288870573,49.4666683375835,8.44679045677185,30.0098603963852,8.52974981069565,31.340572476387,1.72322165966034,22.4482394456863,470.432030618191,1610.37563443184,0.751867115497589,0,3.53492343425751,10.510899156332,38.1292407512665,50.1018547415733,3.62324464321136,19.8013010323048,121.72756934166,76.1900162100792,4.40016573667526,6.59027713537216,46.1116279959679,64.5535481572151,0.801556825637817,1.59904617071152,31.3248338103294,33.5059816241264,0,8.16816788911819,3.20830017328262,36.299546122551,1.91516941785812,0,0,0,3.47534227371216,10.9763844013214,0,0.680847525596619,0,3.38506656885147,0,0,0,0,0,1.1528068780899,0,2.3754289150238,0,0,20.0729540586472,0,0,0,0,0
544.731742054224,8.99487364292145,118.362845540047,4.47953307628632,10.7170804738998,0,54.5631687939167,1.87171423435211,13.8421850800514,1.44777035713196,16.4714072346687,0,4.87161201238632,0,43.9523920416832,0,7.84722518920898,0,289.958983182907,22.7505921721458,36.9401821494102,8.91306239366531,21.6224933862686,1.07478165626526,1.28098106384277,0,108.627653539181,92.7213854193687,222.889664649963,0,3.68748825788498,2.0920569896698,15.5625056624413,47.8220474123955,159.379723072052,87.2373817563057,0,183.175538271666,1575.90393599868,24.3918960690498,570.870605379343,84.0790026187897,318.670747488737,142.534453034401,207.108353674412,98.0275563597679,969.316658556461,28.6345473527908,215.824838191271,37.7144658565521,591.82342132926,17.1407991051674,182.23884549737,4.75916182994843,869.500759810209,20.0712055265903,323.299952566624,3.2016829252243,492.027351498604,31.9413873553276,183.567253679037,13.0011755228043,41.0107632875443,18.1450435519218,52.5306713581085,2.82885837554932,573.096117138863,533.409869611263,540.718582242727,3.45294439792633,664.480690687895,33.6139941811562,414.964670062065,30.1690909862518,1050.48687955737,66.6115202307701,4211.29325443506,115.325844019651,0,4.46677136421204,75.9745889604092,7.08819013834,210.324874579906,0,393.4154304564,6.15074622631073,952.986274749041,14.8409863114357,773.415434032679,4.18822830915451,137.925470530987,124.123252987862,27.2965400516987,18.203664124012,206.160917460918,44.6600966453552,120.086174190044,14.9846140444279,44.5268607139587,35.7993543148041,28.1222860515118,7.74754667282104,42.2240144014359,39.1924319863319,31.6516202688217,18.3629570901394,49.2796467244625,19.160336792469,8.27937144041061,29.8299788534641,5.49096703529358,2.12393128871918,0.517476320266724,0,0,6.16350436210632
2.23727840185165,486.762046277523,0,105.311106026173,0,22.7325472831726,0,35.3922055959702,0,17.7086879014969,0,4.64210724830627,0,13.1635365486145,0,38.1317848563194,1.67758572101593,44.9223613739014,4.13824737071991,186.079678416252,12.6323064565659,12.2782480716705,0,11.6611512005329,0,2.35429441928864,110.533146739006,86.8167551755905,8.86382687091827,88.5869495272636,0,2.35922247171402,18.7756514549255,40.0178355574608,44.5669085979462,98.1732816100121,183.175538271666,0,79.5278481245041,1292.36474475265,34.1514344215393,660.687757134438,151.387124717236,421.214263319969,66.8475039303303,368.048169374466,43.1486107707024,1064.50644120574,22.4678755998611,247.256228923798,19.8527179956436,308.190892785788,7.42148250341415,105.732392609119,3.2735698223114,1481.81297458708,0.631832838058472,252.975080430508,81.0189544558525,235.770739942789,6.37150245904922,20.8931309878826,2.84563028812408,28.8801428079605,5.6206818819046,66.1623739600182,290.460076928139,688.042244702578,6.32776015996933,78.937198728323,25.9570019841194,488.069704592228,52.8748505711555,394.055456846952,43.956056535244,485.42727419734,204.325141787529,3979.9156114459,0,0,8.2869747877121,68.1736724376678,0,273.398252636194,0,236.012840270996,2.24572587013245,946.162423789501,7.76340728998184,655.355665653944,37.1118593811989,182.957879126072,6.35334929823875,62.1361521184444,13.3609501123428,149.969609469175,31.4546809792519,46.8397586345673,11.5153782963753,157.593071699142,6.09439164400101,24.0667998194695,22.4219202399254,117.1625200212,9.37452989816666,34.8042250573635,19.6286509037018,55.72870439291,4.81368255615234,8.04663950204849,15.8587316870689,4.25874078273773,2.08463105559349,0.976806223392487,1.03985702991486,0.540118157863617
73.9733142852783,1.57004594802856,13.1657119095325,0.797968327999115,2.01048091053963,0,16.6686879396439,0.987274825572968,0,0,1.60815954208374,0,0.598657011985779,0,7.99270057678223,0,5.99201190471649,0,42.648245126009,1.18028354644775,5.64512634277344,5.55192619562149,6.43747082352638,0,0.635143458843231,0,24.4055132269859,39.4243428111076,42.324439406395,0,33.2889705002308,0,69.3760059177876,13.633096575737,146.561008453369,29.4436323642731,1575.90393599868,79.5278481245041,0,74.0609685778618,773.796272337437,6.03257057070732,227.007108330727,27.8734828233719,161.279373973608,8.12802577018738,1296.50978949666,7.382688164711,86.6471740007401,3.74267959594727,121.943196028471,0,43.781793743372,0,1300.36560460925,3.10342478752136,123.896804571152,0,189.5952488482,0,49.2211630940437,1.59295511245728,6.07225325703621,0,13.3986806869507,0,538.000759959221,66.3961338400841,131.57630366087,0,93.5470538437366,12.6169299483299,86.9301772415638,4.49097204208374,179.572927445173,40.66309851408,230.962253957987,29.738923728466,0,0,23.2577881217003,0,105.461222589016,0,53.9700227677822,0,198.450320363045,0,151.359037816525,0,234.048778027296,314.18003988266,65.1263783574104,33.8170217871666,97.2003029584885,117.212490320206,258.763792663813,43.7093395590782,61.1883472502232,97.6285305023193,53.288274616003,22.6989707350731,126.558691293001,72.9119845032692,52.593063980341,18.9729605615139,106.484977602959,27.6373164057732,1.84743958711624,5.38786280155182,12.3843222856522,1.53540790081024,3.15922668576241,0.562790930271149,1.79073721170425,3.36265730857849
0.896704971790314,27.2542835474014,0,9.28276741504669,0,5.78544729948044,0,1.56870317459106,0,0,0,0,0,0,0,0.718251764774323,0,5.24417555332184,0,26.2739114165306,0,11.7609031200409,0,4.28925359249115,0,0,0,4.18939161300659,0,12.5003982186317,0,7.47587454319,0,48.212941467762,20.2683229446411,56.7683767080307,24.3918960690498,1292.36474475265,74.0609685778618,0,1.7374894618988,1541.8796800673,51.7812954187393,387.900902837515,31.3420871496201,319.44985473156,20.8118458390236,747.544215977192,1.99804043769836,98.2704971730709,3.74128258228302,112.3071654737,0,44.4200928211212,0.737027168273926,1528.33718001842,0,51.1683225631714,0,74.0846386551857,0,1.86005860567093,0,5.60529839992523,0,5.83461838960648,55.3028404712677,715.33588668704,0,20.8448413610458,4.08831679821014,29.2606006264687,5.40721452236176,40.9763160347939,13.1947126090527,39.2700245082378,13.1318272948265,108.430838555098,0,0,0,5.77994322776794,0,135.025164723396,0,38.3095019161701,0,258.889249265194,0,98.0354297459126,45.0164460539818,98.7722164690495,13.7389655709267,40.7200751304626,9.63358813524246,78.1872993409634,42.0175186991692,42.0536707937717,15.8298854827881,55.6826582849026,8.51717883348465,18.726092427969,20.5136716365814,74.5257993936539,2.22271925210953,15.7314539253712,14.0987269282341,30.6282704770565,0,0.64227706193924,9.36334508657455,0,1.39476650953293,0,1.6038419008255,0.594952404499054
1.11445707082748,0,10.5669535398483,0,235.096108496189,0.59589421749115,6.90281665325165,0,97.3288195729256,0,1.20382916927338,0,0,0,168.635749667883,0,0,0,6.32541865110397,0,296.885965764523,8.92921531200409,22.4626216292381,3.81892144680023,40.6121626496315,1.70827448368073,62.6895230412483,18.0139951705933,564.410980522633,0,16.2665231227875,1.92035740613937,2.33020409941673,1.19766640663147,1.48645055294037,4.62191450595856,570.870605379343,34.1514344215393,773.796272337437,1.7374894618988,0,87.1305982470512,93.8560209572315,0,17.7409663796425,0,253.781447470188,2.32591414451599,14.8928061425686,0,53.9053107202053,0,38.2760255932808,0,147.963226318359,5.21676808595657,0,0,6.46191123127937,0,2.82524359226227,0,0,0,5.31147554516792,0,10.242860019207,1.16769695281982,2.08780372142792,0,392.707272201777,43.0932999253273,607.423146307468,22.355063021183,213.894886881113,50.6615356206894,344.453654110432,11.1757435202599,0,0,10.4120930433273,0,733.146980017424,0,77.1354934573174,0,1270.05252528191,12.4433773159981,171.869719207287,7.59463286399841,24.9840344190598,0,0.667786777019501,0,12.9493944644928,0.528860986232758,1.8384308218956,0,6.26204437017441,0,0,0,0.50798773765564,0,7.6990972161293,0.763231158256531,2.9347220659256,0,3.04765492677689,2.21546363830566,0,0,0,0.686891674995422,0,2.13385090231895
0,2.03939825296402,0,24.3366960287094,0,287.245550990105,0,11.9861188530922,0,120.609699487686,0,1.31131362915039,0,1.86570772528648,0,302.128569066525,0,0,0,1.17948508262634,19.0856337547302,678.682656049728,0,8.74640256166458,0,16.149093747139,0,75.7991915345192,1.14079892635345,381.583248913288,0,0,0,0,5.05808615684509,9.79457926750183,84.0790026187897,660.687757134438,6.03257057070732,1541.8796800673,87.1305982470512,0,44.7956852912903,131.001134723425,5.288947224617,74.7081018388271,5.45514905452728,417.763571560383,0,65.1267659962177,0.616790413856506,90.6680129766464,0,61.6347732841969,1.71816551685333,775.380865871906,0,4.01092359423637,0,18.6510486006737,0,0,0,7.86987829208374,0,15.3699735105038,6.83510714769363,53.2770129740238,0,0.696954488754272,42.4604536294937,259.613407194614,125.547894954681,1454.99442753196,48.87257117033,231.045829534531,15.2677587866783,182.307153105736,0,1.39566075801849,0,27.0609050691128,1.70691406726837,994.051628082991,0.732685446739197,124.805934131145,10.8892030119896,1744.41376298666,11.1933881044388,232.258557498455,0,2.0406881570816,0,4.37139213085175,0.451774924993515,7.72538429498672,0,1.64662700891495,0,50.7178935706615,0,0,0,3.62730053067207,0,1.73368668556213,3.26392483711243,1.10284101963043,0.656649827957153,1.06759989261627,0,0,0,0,0,0
0,0,0,0,0,0,2.47316807508469,0,0,0,1.67025119066238,0,0,0,0.546040296554565,0,0,0,10.8949423730373,0,1.44048082828522,0,43.8259936273098,0,3.31799864768982,0,0.818682253360748,0,139.88498839736,9.18983581662178,132.857080101967,0,157.363697856665,26.7880834341049,331.959247589111,165.2631957829,318.670747488737,151.387124717236,227.007108330727,51.7812954187393,93.8560209572315,44.7956852912903,0,2128.78683534265,9674.80009421706,2138.12268579006,6831.40027984977,1789.59535872936,3908.18916448951,368.059888899326,1279.40741729736,130.797646641731,501.787176012993,11.317787706852,404.172137081623,122.119079053402,1.70195734500885,0.985104620456696,133.630777299404,46.0257391631603,5.58694911003113,0.975924968719482,1.79612624645233,4.66812604665756,4.07534492015839,6.84312635660172,1917.3536683917,897.267329394817,0,0,6.68667101860046,0,230.667099684477,40.0626577436924,6.3710016310215,10.5186284780502,208.616629809141,62.0090678334236,1.2897721529007,0,101.846485555172,18.8333552479744,24.8674681484699,4.57630372047424,149.69159835577,24.6577800810337,7.67726781964302,3.29417097568512,193.669307440519,15.3595641553402,302.436135262251,0.88469398021698,0,0,7.96068587899208,0.653058469295502,5.48121392726898,11.1962151527405,153.595674097538,17.3443973064423,0,0,0,0,0,0,0,0,0,1.14855098724365,0,0,0,0,0,0
0,0,0,0,0,0.702857673168182,0,0,0,0,0,0,0,0,0,0.971314907073975,0,0,0,6.19687271118164,0.675760686397552,0.740964770317078,0,2.713986068964,0,0,0,0,2.13683754205704,50.041452050209,0,31.1826409399509,2.90812265872955,75.3261314630508,170.991766571999,369.467264324427,142.534453034401,421.214263319969,27.8734828233719,387.900902837515,0,131.001134723425,2128.78683534265,0,1807.06423842907,9806.43883618712,139.903200745583,5562.29720410705,330.485849410295,1678.14111733437,175.99477481842,1993.07762783766,28.5013502836227,767.414936542511,12.49821382761,627.114892750978,1.48368644714355,0,96.6731137037277,14.1719993054867,8.7581153512001,1.26027035713196,0.708651185035706,8.63763612508774,2.23608231544495,5.30813521146774,822.532378315926,2783.23094537854,0,0,0,6.70526748895645,13.6763190925121,163.715847164392,3.37463891506195,25.5670189261436,53.2033622860909,266.504306674004,0,0.854106724262238,0.954833984375,115.716805309057,0,53.2650866508484,0,183.777302742004,0,60.1449655294418,2.35916376113892,216.203945696354,2.18813467025757,28.550920188427,0,0,0,14.8312630057335,1.64658975601196,125.170178502798,0,409.817601531744,0,0,0,0,0,1.24289858341217,0,1.41666913032532,0,0,32.0578265786171,0,0,0,0,0
6.461894094944,0,0.763955295085907,1.9831120967865,0,0,0,0,0,0,1.17940446734428,0,0.818012177944183,0,0,0,0.938681423664093,0,11.5385801792145,0,0,0,26.0229696929455,0,0,0,0,0,45.1543780565262,0,51.8956431746483,0,254.283296018839,31.1269856095314,465.153849065304,235.801034927368,207.108353674412,66.8475039303303,161.279373973608,31.3420871496201,17.7409663796425,5.288947224617,9674.80009421706,1807.06423842907,0,2012.96118509769,3052.54875382781,361.092176318169,2523.22897070646,170.194353878498,976.119429826736,26.0457449555397,214.657810151577,2.22427278757095,218.723329991102,22.305766493082,2.10376864671707,0.616850554943085,324.758682787418,28.9791417121887,21.7755598425865,2.90395960211754,27.7051950991154,6.93176198005676,8.15558239817619,5.31530255079269,2398.34167602658,922.653665482998,0,0,2.80340480804443,0,123.337714999914,40.9264828264713,4.26486849784851,9.99787986278534,157.420670330524,48.8553150296211,3.43443292379379,0.843613803386688,105.482911646366,15.3424796462059,2.5899253487587,0,134.49574971199,4.30393725633621,1.85028749704361,0,46.5375804901123,3.73414659500122,21.9752382934093,0,0,0,10.1590334773064,0,0,5.69568702578545,2.97514662146568,0.586812555789948,0,0,0,0,0,0,0.836817443370819,0,0,1.19501924514771,0,0,0,0,0,0
0,1.38978034257889,0,11.246335119009,0,0,0,0,0,0,0,0,0,0,0,0,0,0,0,17.0691320002079,0,0,0,0,0,0,0,0,0,45.5694386661053,0,0.639848351478577,2.28103244304657,13.1951185166836,197.592200428247,539.159917742014,98.0275563597679,368.048169374466,8.12802577018738,319.44985473156,0,74.7081018388271,2138.12268579006,9806.43883618712,2012.96118509769,0,59.3410986959934,1940.99008396268,148.575282454491,4100.13852611184,40.1570568680763,1592.27391946316,3.01006400585175,250.720513761044,0,550.783403277397,0,5.206209897995,21.210942029953,314.103710204363,2.49195158481598,4.90134084224701,0,5.41603589057922,1.69388151168823,14.8635028600693,1019.78167647123,3281.19520536065,0,0,0,9.64332610368729,0.606648504734039,245.060522735119,0,63.3392367959023,20.2996198534966,289.114212304354,0,3.12595069408417,1.66906607151031,232.996340215206,0,14.6037686467171,0,207.11686655879,0,4.50809764862061,0,321.043398439884,0,1.16185677051544,0,0,0,22.0412568449974,1.96383833885193,42.4023199677467,0,43.3719007074833,0,0,0,0,0,0,0,0,0,0,12.4077460169792,0,0,0,0,0
0,0,0,0,1.23503029346466,0,0,0,2.33602738380432,0,0,0,0.558009445667267,0,4.07856076955795,0,0,0,2.80559122562408,0,3.31762689352036,0,14.2430955767632,0,0,0,0,0,437.559176385403,0,81.6778730750084,0,109.317455381155,16.4671629071236,251.682508051395,90.8514713644981,969.316658556461,43.1486107707024,1296.50978949666,20.8118458390236,253.781447470188,5.45514905452728,6831.40027984977,139.903200745583,3052.54875382781,59.3410986959934,0,50.8492529988289,400.880772054195,7.82210129499435,1836.02717122436,0,1970.05558598042,1.52652013301849,4621.63714212179,9.16971623897552,1.13481640815735,0,77.4623905718327,7.01064586639404,4.92318105697632,0.94843053817749,1.0651353597641,1.38571894168854,9.28737193346024,0,1362.49381044507,260.836245536804,0,0,14.8198394775391,3.58927398920059,504.450173914433,7.99068063497543,12.9889412820339,1.51444804668427,503.579249352217,34.987900018692,1.55275523662567,0,160.036321163177,0,85.3691748380661,0,420.046530783176,0,128.293648451567,0,795.060655027628,0.566462695598602,745.53496786952,0.66855788230896,0,0,22.7624624073505,1.24990701675415,98.8405202031136,0,371.360346078873,0,0,0,0,0.508375942707062,0.591152489185333,0,1.08153653144836,0,1.63311004638672,14.8831272125244,0,0,0,1.05643153190613,0,0.782307326793671
0,7.06328016519547,0.766743838787079,6.7997932434082,0,0,0,4.43072211742401,0,0.559350669384003,0,0,0,0,0,2.09349197149277,0,0.926111280918121,0,25.3626383841038,0,0,0,7.61633589863777,0,0,1.55108898878098,0.885637581348419,3.07071453332901,109.162540614605,0,73.4791221618652,5.50861138105392,202.474759042263,71.7058990597725,197.236451983452,28.6345473527908,1064.50644120574,7.382688164711,747.544215977192,2.32591414451599,417.763571560383,1789.59535872936,5562.29720410705,361.092176318169,1940.99008396268,50.8492529988289,0,22.5792182087898,381.361294448376,8.54744601249695,579.619921922684,1.63788557052612,1224.73843619227,4.68392223119736,4116.21330738068,2.0091073513031,6.48608189821243,10.3582440018654,38.3799508810043,0,2.8650398850441,1.18816065788269,7.34803694486618,0,8.49008059501648,267.707621186972,1874.36929732561,0,0,1.30352216959,37.2964349091053,8.30234867334366,355.034936875105,0,61.4575412869453,24.855054795742,874.118098169565,0,0,0,153.210255950689,0,99.7962101101875,0.622431874275208,296.376780241728,0,148.658072352409,0,386.943290799856,0,189.68462562561,0,1.42082262039185,5.00920727849007,52.704346626997,1.72912657260895,225.965667903423,0,858.286922186613,0,0,0.486071467399597,3.10288417339325,1.98450142145157,6.56177419424057,1.78116375207901,2.46063140034676,4.07954698801041,19.3018762469292,40.1803903579712,0,1.18755674362183,0.656670272350311,0,0.66366982460022
1.04488980770111,0,7.14017727971077,0,0,0,2.04193913936615,0,0,0,0.589327991008759,0,0,0,0,0,3.07455629110336,0,5.79384654760361,0,0,0,0.472592711448669,0,0,0,0,0,44.4856896400452,0,1.16668379306793,0,4.67155689001083,5.21564704179764,172.112841546535,113.584897100925,215.824838191271,22.4678755998611,86.6471740007401,1.99804043769836,14.8928061425686,0,3908.18916448951,330.485849410295,2523.22897070646,148.575282454491,400.880772054195,22.5792182087898,0,41.6601800918579,7064.73447701335,12.2914055585861,723.578632742167,0,323.825307995081,0,8.34140992164612,0,1797.79390391707,14.2395052313805,280.048000276089,1.85290110111237,16.5732138454914,1.12016594409943,26.6919256448746,4.12061679363251,898.413673579693,496.247047036886,2.73903995752335,0,2.02442088723183,0,145.671064019203,12.1628798246384,13.5844701528549,3.64801037311554,254.246814399958,12.3434134721756,1.76999381184578,0,134.161415457726,5.98439967632294,8.55754300951958,0,181.432292729616,1.19885861873627,2.07866987586021,0,58.1732577979565,1.10476541519165,18.2431849241257,0,0,0,11.6276254951954,0,2.90529412031174,0,8.73883128166199,0,0,0,0,0,0,0,0,0,0,0,0,0,0,0,0,0
0,36.3547324240208,0,48.9343655109406,0,0,0,13.618069767952,0,0,0,1.35672211647034,0,0,0,0,0,6.64977696537971,0,27.4475806057453,0,0,0,0,0,0,0,0,0,41.4006533324718,0,0,0,16.4280260801315,62.8015736937523,172.278166294098,37.7144658565521,247.256228923798,3.74267959594727,98.2704971730709,0,65.1267659962177,368.059888899326,1678.14111733437,170.194353878498,4100.13852611184,7.82210129499435,381.361294448376,41.6601800918579,0,7.49133878946304,5410.68267697096,0,697.230365455151,1.59116268157959,668.062212765217,0,11.7865244746208,8.52755171060562,1659.21965244412,0,51.9996554851532,0,29.9117757976055,0,649.821540534496,325.417596638203,1081.17924433947,0,0,0,7.53083223104477,1.7285532951355,208.451109468937,0,33.2895359396935,8.43423610925674,200.053941190243,0,0.756138324737549,0,245.261001110077,0,30.9338007569313,0,361.801899284124,0,11.7325908839703,0,545.429691821337,0,0,0,0,0,26.7399607896805,0,3.0613751411438,0,30.0738829374313,0,0,0,0,0,0,0,0,0,0,0.52642410993576,0,0,0,0,0
58.8374140262604,0,29.966422021389,0,0,0,99.399787068367,0,0,0,10.5640427470207,0,12.1571664810181,0,0,0,13.6764095425606,0,39.7793347239494,0,0.57668799161911,0,0,0,0,0,0,0,229.115329146385,0,0,1.64541411399841,3.15582740306854,5.80549085140228,89.346616089344,85.0588452219963,591.82342132926,19.8527179956436,121.943196028471,3.74128258228302,53.9053107202053,0.616790413856506,1279.40741729736,175.99477481842,976.119429826736,40.1570568680763,1836.02717122436,8.54744601249695,7064.73447701335,7.49133878946304,0,11.8114343881607,5937.21353709698,0,2153.45233088732,0,62.8792854547501,2.27071624994278,3055.46764686704,3.81458538770676,1041.37469795346,1.24172472953796,48.3650249242783,2.7473224401474,1386.15427553654,0.763208031654358,692.004916697741,316.3454888165,9.51727241277695,0,29.8335509300232,1.68988418579102,595.233117491007,3.3172082901001,36.9408283829689,1.01200425624847,583.593664884567,5.7918820977211,17.5945682525635,0,497.336258232594,0,75.0836569070816,0,3176.83612543344,0,19.8332644104958,0,942.058418869972,0,182.816542357206,0,0,0,25.2590467333794,0,3.6658650636673,0,15.8639008104801,0,0,0,0,0,0.462347596883774,0,0,0,0,0.474420070648193,0.629092812538147,0,0,0,0,0
0,121.225475788116,0,211.7305560112,0,0,0,64.6977294683456,0,0,0,3.05399870872498,0,0,0,0,0,5.63327658176422,0,37.8449881076813,0,0.752154588699341,0,0,0,0,0.64868825674057,0,0,64.5294266045094,0,0.573813498020172,0,23.018258869648,37.1681454777718,95.8531035482883,17.1407991051674,308.190892785788,0,112.3071654737,0,90.6680129766464,130.797646641731,1993.07762783766,26.0457449555397,1592.27391946316,0,579.619921922684,12.2914055585861,5410.68267697096,11.8114343881607,0,0,3142.01633885503,0,2113.39942073822,0,36.8231799602509,3.57149422168732,1621.25153487921,0,23.8855546712875,0,33.4021289944649,0,987.646859019995,115.796360313892,973.308243393898,0,5.89364916086197,0,30.5164378583431,0,305.239725768566,0,58.629731297493,7.82673299312592,244.370317548513,0,3.30882692337036,0,441.709350943565,0,72.0579432249069,0,3588.08477526903,0,49.4921623170376,0,2687.88045072556,0,10.2562777101994,0,0,0,13.0175021290779,0,0,0,26.1759701967239,0,0,0,0,0,0,0,0,0,0,0.784471869468689,0,0,0,0,0
5.5395325422287,0,1.76236438751221,0,0,0,2.44200074672699,0,0,0,1.01290285587311,0,0,0,0,0,0.773545563220978,0,0,0,0.611001908779144,0,0,0,0,0,0,0,79.9351138472557,0,0,0,0,0,27.1121644377708,20.5284078121185,182.23884549737,7.42148250341415,43.781793743372,0,38.2760255932808,0,501.787176012993,28.5013502836227,214.657810151577,3.01006400585175,1970.05558598042,1.63788557052612,723.578632742167,0,5937.21353709698,0,0,0,3700.14753729105,0,7.56672185659409,0,65.2684661448002,0,21.0728053450584,0,1.9613755941391,0,44.3208708167076,0,123.181089103222,83.3178997039795,0,0,4.12027806043625,0,140.648125261068,0,6.00571376085281,0,144.666023105383,0,3.88318574428558,0,60.1270372867584,0,29.5264585316181,0,654.286444962025,0,16.6130335628986,0,694.827433407307,0,263.656432956457,0,0,0,5.12119108438492,0,2.18991404771805,0,27.0881264805794,0,0,0,0,0,0,0,0,0,0,0.47294008731842,0,0,0,0,0,0
0,0,0,0,0,0,0,0,0,0,0,0,0,0,0,0,0,0,0,0,0,0,0,0,0,0,0,0,0,28.6947338581085,0,0,0,0,5.90845629572868,28.8892125487328,4.75916182994843,105.732392609119,0,44.4200928211212,0,61.6347732841969,11.317787706852,767.414936542511,2.22427278757095,250.720513761044,1.52652013301849,1224.73843619227,0,697.230365455151,0,3142.01633885503,0,0,0,4261.55877789855,0,0,0,3.72907736897469,0,0,0,0,0,2.33680403232574,15.9598931074142,56.1769936680794,0,0,0,0,0,56.0901190936565,0,13.889109313488,2.48499798774719,62.3445273935795,0,0,0,54.6576073169708,0,5.38040405511856,0,221.495384961367,0,5.43969094753265,0,993.481631189585,0,66.8817399740219,0,0,0,1.10540246963501,0,0.574412941932678,0,212.196651309729,0,0,0,0,0,0,0,0,0,0,0,0,0,0,0,0
15.4391515851021,0,6.32246822118759,0,1.72393614053726,0,3.15767687559128,0,0,0,3.12204551696777,0,0,0,4.05755543708801,0,0,0,0,0,1.97204631567001,0,0,0,0,0,0,0,128.855729132891,0,1.63231897354126,0,9.80830407142639,0,26.8334019184113,11.0844134092331,869.500759810209,3.2735698223114,1300.36560460925,0.737027168273926,147.963226318359,1.71816551685333,404.172137081623,12.49821382761,218.723329991102,0,4621.63714212179,4.68392223119736,323.825307995081,1.59116268157959,2153.45233088732,0,3700.14753729105,0,0,1.12016344070435,7.88953536748886,0,69.0544740855694,0,38.468073785305,0.684858620166779,9.37547546625137,0,85.0234133899212,0,146.92653670907,33.4877172708511,0,0,8.9946596622467,2.3928639292717,132.821334958076,0,8.4997870028019,1.89101850986481,141.703744262457,4.58190619945526,1.16129529476166,0,58.6032625436783,0,56.8876025080681,0,814.244829297066,0,568.707350939512,0,3005.08668324351,0,449.625931173563,0,0,0,2.61879152059555,0,4.9435116648674,0,140.602940559387,0,0,0,0,0,0,0,0,0,0,0.467142164707184,0,0,0,0,0,0
0,19.282261967659,0,2.02008986473083,0,3.98338884115219,0,0,0,0.656836569309235,0,4.25414001941681,0,0,0,5.51755118370056,0,0,0,0,2.92948806285858,1.6123765707016,0,0,0,0,0,0,0,44.5347778201103,0,0,0,5.5789797604084,30.1051253974438,55.9312430620193,20.0712055265903,1481.81297458708,3.10342478752136,1528.33718001842,5.21676808595657,775.380865871906,122.119079053402,627.114892750978,22.305766493082,550.783403277397,9.16971623897552,4116.21330738068,0,668.062212765217,0,2113.39942073822,0,4261.55877789855,1.12016344070435,0,0,3.21500301361084,0,48.2333976924419,0,2.6221849322319,0,21.4512965679169,0,107.215542942286,73.2535957992077,305.631710737944,0,0,3.49992847442627,16.7041798830032,17.4887038469315,182.978648334742,5.82290941476822,30.753542393446,6.42203485965729,243.091040283442,0,0,0,111.69521176815,0,116.955394923687,0,704.830168426037,0,895.812770366669,1.11111497879028,3602.45444214344,0,47.6256157159805,0,0,0,11.7895659208298,0,9.63189312815666,0,451.004897207022,0,0,0,0,0,1.62487006187439,0,0,0,0,0,0,0,0,0,0
12210.6543254852,42.1111326515675,231.188782811165,73.1486778855324,0,0,438.603838890791,5.13591629266739,0,0,383.940988302231,0,41.4093288779259,0,11.5370945930481,0,1732.65468034148,4.12580913305283,318.397768169641,210.317783176899,0,0,5.4474670290947,0,0,0,0,0,1356.0758266449,0,0.706315219402313,3.05007529258728,130.674302816391,119.56496745348,0,0,323.299952566624,0.631832838058472,123.896804571152,0,0,0,1.70195734500885,1.48368644714355,2.10376864671707,0,1.13481640815735,2.0091073513031,8.34140992164612,0,62.8792854547501,0,7.56672185659409,0,7.88953536748886,0,0,24.9536156654358,3225.71315228939,6.07766783237457,4934.20960760117,7.6878222823143,2225.2547686398,15.0508350729942,193.578497201204,0,820.339983582497,62.2291848659515,2012.80188432336,56.8861485123634,797.813596278429,55.3198803067207,1158.60963562131,5.22175002098083,327.751749843359,3.91379952430725,1599.56130483747,41.7121211886406,129.751318991184,1.62282645702362,248.076489299536,2.29525685310364,56.3379884958267,0,341.540018975735,0,0,0,57.6744611859322,0,1.21104627847672,0,0,0,68.0659643411636,0,1.86225497722626,0,0,0,0,0,0,0,0.637823045253754,0,2.15299713611603,0,0,2.02811563014984,0,0,0,0,0,0.688907146453857
3.00832426548004,12874.846831888,0,757.847628295422,0,0,0,198.73890927434,0,0,0,89.5022808611393,0,21.4125860333443,0,1.97651642560959,2.15517425537109,3110.05809634924,11.1729167699814,620.239364653826,0,0,0,3.70411422848701,0,0,0,0,1.43262231349945,370.357820630074,1.621710896492,3.11556279659271,103.182744204998,205.236290305853,0,5.31564521789551,3.2016829252243,252.975080430508,0,51.1683225631714,0,4.01092359423637,0.985104620456696,0,0.616850554943085,5.206209897995,0,6.48608189821243,0,11.7865244746208,2.27071624994278,36.8231799602509,0,0,0,3.21500301361084,24.9536156654358,0,9.1477872133255,3122.47179231048,0,2260.10612344742,3.14488232135773,3342.18029549718,0,243.884028851986,147.151022434235,676.55085837841,35.41356164217,2185.57587391138,34.1175367832184,736.692352294922,8.49326884746552,1377.93515333533,1.41025173664093,328.331017464399,150.816627055407,1846.01529577374,0,60.0568691790104,19.2907536625862,274.903657197952,0,1.43539839982986,0,146.578009098768,0,0.96057516336441,0,38.2233715355396,0,0,0,0,0,26.5267861485481,0,3.11963778734207,0,0,0,0,0,0,0,1.99246954917908,0,2.88356733322144,0,3.77512347698212,0,0,0,0,0,0
710.057323694229,0.811853885650635,135.276056587696,0,0,0,262.011936873198,0,0,0,51.9002665579319,0,4.10996532440186,0,0,0,116.798810094595,4.39666098356247,367.888640135527,3.90185362100601,0,0,2.21053349971771,0,0,0,0.577115297317505,0,782.769537270069,2.58036720752716,3.65556466579437,1.53353869915009,135.116727620363,128.399351656437,74.9783534407616,99.741288870573,492.027351498604,81.0189544558525,189.5952488482,0,6.46191123127937,0,133.630777299404,96.6731137037277,324.758682787418,21.210942029953,77.4623905718327,10.3582440018654,1797.79390391707,8.52755171060562,3055.46764686704,3.57149422168732,65.2684661448002,0,69.0544740855694,0,3225.71315228939,9.1477872133255,0,37.7382239103317,9370.87661212683,9.54763942956924,572.428991228342,10.434732735157,695.893080115318,4.94402897357941,2977.17725142837,696.458344787359,810.591612845659,19.5085246562958,190.653318285942,26.1797677278519,921.604889899492,18.5082920789719,179.005477666855,0,1263.19656577706,80.0269415378571,131.587504982948,3.49811065196991,942.130337506533,3.17822599411011,21.4622268676758,0,686.967437893152,1.25637382268906,1.45990777015686,0,111.689435243607,0,0,0,0,0,82.1523876786232,1.89775145053864,10.5339761674404,0,0,0,0,0,0,0,0.497950673103333,0,0.95305997133255,0,0.796693682670593,3.38549399375916,4.27300953865051,0,0,0,0,1.26278698444366
0,1159.97867926955,0,373.071347415447,0,0,0,174.128534674644,0,0,0,71.3507840931416,0,12.2165924310684,0,0,0,257.446270376444,0,147.112229585648,0,0,0,2.38352864980698,0,0,0,0,1.29901504516602,114.163517296314,0,2.439697265625,10.1165043413639,54.0008454620838,15.3726319074631,49.4666683375835,31.9413873553276,235.770739942789,0,74.0846386551857,0,18.6510486006737,46.0257391631603,14.1719993054867,28.9791417121887,314.103710204363,7.01064586639404,38.3799508810043,14.2395052313805,1659.21965244412,3.81458538770676,1621.25153487921,0,3.72907736897469,0,48.2333976924419,6.07766783237457,3122.47179231048,37.7382239103317,0,2.11567687988281,2850.66885137558,0,1377.14744475484,0,2401.42846018076,200.534741729498,2434.07941296697,0,38.3332240581512,5.30168259143829,94.9699725210667,0.830044567584991,665.511695832014,1.03339600563049,192.70794993639,43.0450291633606,663.109352171421,1.68766891956329,94.2895215451717,1.31635499000549,1276.72064501047,0,57.318768799305,0,484.988541483879,0,1.70304244756699,0,260.825221419334,0,0,0,0,0,49.6636845469475,0,0,0,0,0,0,0,0,0,0,0,0,0,0.610334157943726,3.83189994096756,0,0,0,0,0
1738.1052313745,0,67.6982214748859,0,0,0,689.261574268341,0,0,0,307.251672208309,0,50.4489448666573,0,0,0,500.609142065048,0,54.471181333065,1.64111626148224,0,0,0,0,0,0,0,0,510.707376241684,0,0,0,1.80341869592667,13.3374207615852,15.0725931823254,8.44679045677185,183.567253679037,6.37150245904922,49.2211630940437,0,2.82524359226227,0,5.58694911003113,8.7581153512001,21.7755598425865,2.49195158481598,4.92318105697632,0,280.048000276089,0,1041.37469795346,0,21.0728053450584,0,38.468073785305,0,4934.20960760117,0,9370.87661212683,2.11567687988281,0,1.78868114948273,2884.93122521043,0,3310.41060250998,1.38383889198303,350.248624056578,49.9535658955574,69.0028238296509,2.99300199747086,146.08065456152,8.48567944765091,435.556952863932,2.62915426492691,94.9395945072174,0,551.423145413399,12.1655616164207,63.6982238590717,1.99687147140503,525.09020653367,0,97.3894780278206,0,1657.89796796441,0,0,0,208.662850111723,0,0,0,0,0,23.8191605210304,0,2.03993058204651,0,0,0,0,0,0,0,0,0,1.34835124015808,0,0,2.89366000890732,0,0,0,0,0,0
0,1542.36722183228,0,112.061253517866,0,0,0,338.403657287359,0,1.9201038479805,0,437.552427262068,0,189.048924982548,0,5.16548228263855,0,665.661961168051,0,34.8405503332615,0,0,0,0.421043992042542,0,0,0,0,0,30.2550098001957,0,0,10.5678441524506,23.7817506492138,9.79902899265289,30.0098603963852,13.0011755228043,20.8931309878826,1.59295511245728,1.86005860567093,0,0,0.975924968719482,1.26027035713196,2.90395960211754,4.90134084224701,0.94843053817749,2.8650398850441,1.85290110111237,51.9996554851532,1.24172472953796,23.8855546712875,0,0,0.684858620166779,2.6221849322319,7.6878222823143,2260.10612344742,9.54763942956924,2850.66885137558,1.78868114948273,0,0,5262.8283419311,0,2876.69077631831,92.5916761755943,181.047175049782,0,1.83669126033783,0,107.722717612982,6.05676466226578,94.3469868004322,0,24.7006081342697,42.8465778827667,103.023877233267,0,10.9561122059822,2.22341811656952,118.316304594278,0,4.54727771878242,0,436.330047726631,0,0.573960781097412,0,61.117515951395,0,0,0,0,0,0,0,0,0,0,0,0,0,0,0,0,0,0,0,0,0.800425589084625,0,0,0,0,0
267.632032155991,0,20.9306488633156,0,0,0,36.0626314878464,0,0,0,439.547134578228,0,100.42923361063,0,3.61840242147446,0,1671.23646697402,3.5512820482254,10.5147672891617,0.773036658763885,0,0,2.28851002454758,0,0,0,0,0,571.669868648052,0,0,0,2.04028052091599,21.2307558059692,22.2695248425007,8.52974981069565,41.0107632875443,2.84563028812408,6.07225325703621,0,0,0,1.79612624645233,0.708651185035706,27.7051950991154,0,1.0651353597641,1.18816065788269,16.5732138454914,0,48.3650249242783,0,1.9613755941391,0,9.37547546625137,0,2225.2547686398,3.14488232135773,572.428991228342,0,2884.93122521043,0,0,0,412.088960826397,0,216.895450383425,19.1558879613876,97.0550577938557,11.7768183946609,129.491003036499,5.82642042636871,133.916435450315,2.75627851486206,27.7426990866661,0,310.569856643677,9.30847918987274,78.6772886514664,0,2406.49362853169,0,122.253801822662,0,2035.43650388718,0,0.484482973814011,0,141.08782684803,0,0,0,0,0,9.85579603910446,0,1.0444667339325,0,0,0,0,0,0,0,0,0,0,0,0,0,0,0,0,0,0,0
0,514.945253133774,0,146.059056460857,0,0,0,206.459120839834,0,45.7684116959572,0,777.386925697327,0,369.934109985828,0,94.9401197433472,0,2704.49956253171,0,73.744764238596,0,0,0,8.39247930049896,0,0,0,0,0,358.128544479609,0,2.31210774183273,23.7890690565109,56.4531835317612,13.7111091017723,31.340572476387,18.1450435519218,28.8801428079605,0,5.60529839992523,0,7.86987829208374,4.66812604665756,8.63763612508774,6.93176198005676,5.41603589057922,1.38571894168854,7.34803694486618,1.12016594409943,29.9117757976055,2.7473224401474,33.4021289944649,0,0,0,21.4512965679169,15.0508350729942,3342.18029549718,10.434732735157,1377.14744475484,0,5262.8283419311,0,0,0,1391.08229109645,109.203753054142,407.023731529713,0,40.7651433050632,18.4747853279114,330.224208861589,6.72753375768661,458.863184511662,0.655244767665863,57.0903941988945,99.1905328631401,297.93798956275,1.6686737537384,81.72247838974,10.438156247139,2081.024869591,0,10.215664088726,0,2140.00318390131,0,8.77726921439171,0,283.673681378365,0,0,0,0,0,3.89364945888519,0,0,0,0,0,0,0,0,0,0,0,0,0,0,1.11270236968994,0,0,0,0,0
496.641303002834,0,24.3988513052464,0,0,0,424.275391638279,0,0,0,43.9654173254967,0,28.5218809247017,0,0,0,27.6913413703442,0,8.74267518520355,0,0,0,0,0,0,0,0,0,85.6126415431499,0,0,0,0,0.603628277778625,4.55068349838257,1.72322165966034,52.5306713581085,5.6206818819046,13.3986806869507,0,5.31147554516792,0,4.07534492015839,2.23608231544495,8.15558239817619,1.69388151168823,9.28737193346024,0,26.6919256448746,0,1386.15427553654,0,44.3208708167076,0,85.0234133899212,0,193.578497201204,0,695.893080115318,0,3310.41060250998,0,412.088960826397,0,0,0,44.0412977039814,9.96199721097946,7.6978919506073,0,36.6113941967487,0,132.331085592508,0,16.7248025536537,0,96.6658555567265,1.51524615287781,5.6730130314827,0,270.959762185812,0,18.2440138161182,0,7115.37968012691,0,4.25419944524765,0,401.283615201712,0,0,0,0,0,2.17837655544281,0,0,0,0,0,0,0,0,0,0,0,0,0,0,1.25944006443024,0,0,0,0,0,0
0,1114.33460640907,0,331.576300024986,0,0,0,621.845743745565,0,1.21480405330658,0,209.348037481308,0,129.653194159269,0,1.27773654460907,0,96.4263326823711,0,43.4401473701,0,0,0,0.555184125900269,0,0,0.708571195602417,0,0,32.9656667709351,0,2.0742883682251,3.89623320102692,7.23152643442154,5.77173706889153,22.4482394456863,2.82885837554932,66.1623739600182,0,5.83461838960648,0,15.3699735105038,6.84312635660172,5.30813521146774,5.31530255079269,14.8635028600693,0,8.49008059501648,4.12061679363251,649.821540534496,0.763208031654358,987.646859019995,0,2.33680403232574,0,107.215542942286,0,243.884028851986,4.94402897357941,2401.42846018076,1.38383889198303,2876.69077631831,0,1391.08229109645,0,0,27.1884272694588,161.258093178272,0,0.800358951091766,0.84984678030014,159.791564553976,0,116.050029814243,0,41.8080134987831,7.7833594083786,107.502543568611,0,6.77677154541016,0,562.271515071392,0,46.2703754007816,0,3350.80154427886,0,18.2498712837696,0,540.628705471754,0,0,0,0,0,7.28764605522156,0,0,0,0,0,0,0,0,0,0,0,0,0,0,1.31613433361053,0,0,0,0,0
165.555747210979,22.5351204276085,118.977473765612,5.06560719013214,2.26567906141281,0,13.177363038063,0,0,0,9.20430427789688,0,0.912408947944641,0,0,0,53.5036036670208,24.5085068941116,1997.61885556579,131.087273240089,8.67877930402756,0,305.040488183498,0,20.7026309967041,0,11.6064277589321,0,202.85102981329,14.1187368631363,677.39203235507,24.1464397907257,4597.94335347414,1117.08212208748,1772.41537564993,470.432030618191,573.096117138863,290.460076928139,538.000759959221,55.3028404712677,10.242860019207,6.83510714769363,1917.3536683917,822.532378315926,2398.34167602658,1019.78167647123,1362.49381044507,267.707621186972,898.413673579693,325.417596638203,692.004916697741,115.796360313892,123.181089103222,15.9598931074142,146.92653670907,73.2535957992077,820.339983582497,147.151022434235,2977.17725142837,200.534741729498,350.248624056578,92.5916761755943,216.895450383425,109.203753054142,44.0412977039814,27.1884272694588,0,3416.25994557142,2811.95536673069,269.574665606022,293.547003656626,130.683453679085,336.730161726475,158.502583086491,90.3083992004395,31.381561756134,1337.7041785419,464.720841884613,39.3094106018543,8.42174434661865,401.00780376792,49.6756859123707,8.3687547147274,2.53461158275604,233.16616165638,21.2711956202984,10.8484590053558,2.28819161653519,56.2918815910816,14.5001153051853,19.3243614137173,0,0,0,48.7848514318466,0,11.0646947026253,2.25737535953522,8.55252748727798,7.29012799263,0,0,0,0,0.684643447399139,0,0,0,0.774891257286072,4.23565113544464,15.350605070591,0,0,0,0,0
3.06755602359772,255.425926983356,0,597.83081844449,0,0,0,11.4581922292709,0,0,0,15.5827007889748,0,0.474523663520813,0,1.09932458400726,9.42375600337982,72.448899179697,18.7990476489067,2032.10335084796,0,2.62078711390495,1.68312066793442,136.98959928751,0,3.82713043689728,0,3.54425424337387,53.5786630511284,93.8273131847382,6.47777509689331,670.99699190259,313.181280881166,5202.80931019783,273.527249157429,1610.37563443184,533.409869611263,688.042244702578,66.3961338400841,715.33588668704,1.16769695281982,53.2770129740238,897.267329394817,2783.23094537854,922.653665482998,3281.19520536065,260.836245536804,1874.36929732561,496.247047036886,1081.17924433947,316.3454888165,973.308243393898,83.3178997039795,56.1769936680794,33.4877172708511,305.631710737944,62.2291848659515,676.55085837841,696.458344787359,2434.07941296697,49.9535658955574,181.047175049782,19.1558879613876,407.023731529713,9.96199721097946,161.258093178272,3416.25994557142,0,72.5249464511871,1141.1157348454,59.1967957615852,199.144354194403,177.610647201538,561.01309376955,24.4944778680801,188.792867988348,807.501740723848,1121.87065401673,17.9833111763,67.2424413263798,62.767846763134,859.723074585199,3.40961587429047,44.0829375684261,12.8143573999405,272.671233206987,0,28.6134007275105,4.45829337835312,253.749004900455,4.9143089056015,7.09241449832916,0,0,0,49.569376707077,4.59315919876099,27.1810423731804,1.18146669864655,25.3635168373585,0,0,0,1.15589463710785,0,3.6846467256546,1.6184995174408,1.39192843437195,0,2.34559071063995,125.629301160574,0,0,0,0,0
1932.35070756078,263.487735331059,265.682021081448,146.940962612629,0,0,40.2453736066818,6.91099488735199,0,0,42.4764840006828,1.54360437393188,10.6342211961746,0,0.506955325603485,0,102.984843343496,1.2959897518158,3221.67929390073,1243.72039997578,0,0,1.14979702234268,0,0,0,0,0,330.900482326746,15.2268705964088,4.62542816996574,0.586907386779785,1583.37753197551,629.208140403032,0,0.751867115497589,540.718582242727,6.32776015996933,131.57630366087,0,2.08780372142792,0,0,0,0,0,0,0,2.73903995752335,0,9.51727241277695,0,0,0,0,0,2012.80188432336,35.41356164217,810.591612845659,0,69.0028238296509,0,97.0550577938557,0,7.6978919506073,0,2811.95536673069,72.5249464511871,0,244.567072927952,898.126337558031,85.474434196949,775.113867551088,38.6400148868561,451.985644429922,9.45639485120773,2756.31888532639,130.02357801795,6.44986689090729,0,34.7680872380733,0,25.7267407178879,0,4.08656692504883,0,0,0,0,0,0,0,0,0,97.954537242651,0,6.29573446512222,0,0,0,0,0,0,0,1.05739772319794,0,0,0,7.14701354503632,5.51304006576538,0,0,0,0,0,1.63888120651245
13.9573100209236,833.76001226902,0,282.106638073921,0,0,0,3.6327491402626,0,0,1.59284794330597,3.22865837812424,0,4.72473150491714,0,0,3.39390468597412,74.7765567600727,26.9924595952034,2034.82329252362,0,0,1.25450170040131,3.50539267063141,0,0,0,0,2.87573599815369,39.0752404332161,0,11.6647491455078,335.994507610798,1225.38817602396,0,0,3.45294439792633,78.937198728323,0,20.8448413610458,0,0.696954488754272,0,0,0,0,0,0,0,0,0,5.89364916086197,0,0,0,0,56.8861485123634,2185.57587391138,19.5085246562958,38.3332240581512,2.99300199747086,1.83669126033783,11.7768183946609,40.7651433050632,0,0.800358951091766,269.574665606022,1141.1157348454,244.567072927952,0,50.1438578367233,351.406425625086,6.04376137256622,221.210200756788,3.14634644985199,69.8500003516674,108.972320616245,714.341582804918,0,4.15808373689651,7.46895408630371,4.88854587078094,0,0,0,2.04534888267517,0,0,0,0,0,0,0,0,0,4.0764307975769,0,0,0,0,0,0,0,0,0,0,0,0,0,0,0,0,0,0,0,0
1498.74451175332,49.6140862703323,1054.35286688805,217.234696626663,604.510270774364,76.1324642002583,1336.66162580252,148.53399631381,475.683826744556,14.4068079590797,275.613097131252,19.8914445638657,822.729720622301,22.6953229904175,998.630175024271,27.8760184645653,121.802085787058,9.78362095355988,1018.02597892284,384.798321306705,576.981147378683,90.5661670267582,1492.05810207129,700.960735738277,378.863917291164,266.942852973938,492.284061431885,269.43134739995,590.963482350111,3.30274718999863,699.393659740686,278.013286203146,129.857080250978,125.178997933865,29.7533177137375,3.53492343425751,664.480690687895,25.9570019841194,93.5470538437366,4.08831679821014,392.707272201777,42.4604536294937,6.68667101860046,0,2.80340480804443,0,14.8198394775391,1.30352216959,2.02442088723183,0,29.8335509300232,0,4.12027806043625,0,8.9946596622467,3.49992847442627,797.813596278429,34.1175367832184,190.653318285942,5.30168259143829,146.08065456152,0,129.491003036499,18.4747853279114,36.6113941967487,0.84984678030014,293.547003656626,59.1967957615852,898.126337558031,50.1438578367233,0,322.522388905287,5267.73819386959,68.7131055593491,3333.18947482109,39.7569509148598,7429.52793350816,121.441274255514,5.99013394117355,0,102.039794057608,8.36615550518036,85.7182555198669,2.87710332870483,149.601420819759,1.80108457803726,21.6795553565025,10.1410217285156,37.3229620456696,7.17042618989944,22.9657821953297,22.2853254675865,5.19759282469749,0,201.462022483349,26.1620202660561,18.383920788765,0,11.006877720356,8.32843673229218,3.86601024866104,1.63482993841171,26.5863946080208,7.57144558429718,56.8748894929886,14.8154972791672,22.8772692680359,8.78774642944336,29.8536310791969,33.96253657341,0,0,1.28215369582176,2.47070920467377,0,17.4770946800709
111.358121961355,2966.2660933435,209.340781450272,3046.76386207342,73.0614671111107,743.47612953186,221.874473899603,3328.62458708882,24.8874390125275,895.440950900316,45.3742582201958,1007.16077893972,80.9416064918041,1094.32297956944,47.3630476593971,781.307400405407,14.5717006325722,453.223947197199,575.382538974285,1706.49557492137,141.882547944784,278.264753818512,395.336968004704,2751.83661279082,66.1444838643074,675.110712230206,120.716434717178,530.378130733967,65.7220834493637,265.823145329952,151.513479471207,543.322286278009,73.1008557677269,277.889395534992,0.597897112369537,10.510899156332,33.6139941811562,488.069704592228,12.6169299483299,29.2606006264687,43.0932999253273,259.613407194614,0,6.70526748895645,0,9.64332610368729,3.58927398920059,37.2964349091053,0,7.53083223104477,1.68988418579102,30.5164378583431,0,0,2.3928639292717,16.7041798830032,55.3198803067207,736.692352294922,26.1797677278519,94.9699725210667,8.48567944765091,107.722717612982,5.82642042636871,330.224208861589,0,159.791564553976,130.683453679085,199.144354194403,85.474434196949,351.406425625086,322.522388905287,0,131.458362668753,3944.52503234148,59.578455477953,3077.59348252416,247.853929281235,10989.2353859246,0,17.3091607689857,12.5330792665482,200.649161219597,13.7029687166214,2.83231073617935,8.47491773962975,472.794688284397,4.44515597820282,20.7964911460876,6.70942145586014,346.815665245056,8.03900349140167,26.6801312863827,0.491512566804886,11.1964699625969,28.7554038763046,144.462768167257,9.71386477351189,12.6262727081776,1.8596522808075,22.8438609838486,2.93937247991562,4.36507788300514,1.25045222043991,42.7170903384686,18.4253219664097,43.6803895533085,19.4161116480827,13.9143486320972,70.6045116484165,15.023544549942,6.60593670606613,0.577867209911346,2.73581284284592,2.11390221118927,0.485678017139435,18.3852378726006
1625.18212008476,61.9162380695343,1803.1953292191,133.464320510626,530.554548412561,3.37738430500031,1246.50342354178,73.5386283397675,502.506961852312,0.942470252513885,131.913181245327,10.9689599871635,479.108850777149,6.28512936830521,1562.88079819083,1.5035126209259,163.118472516537,8.36325538158417,1324.4912160337,420.380073130131,189.536558479071,1.26982700824738,1284.71698355675,218.372317492962,219.860773831606,23.2144208550453,115.393899649382,12.6248930096626,1656.78331360221,0.92996084690094,77.5473799407482,115.284162521362,45.9043954610825,94.3059867620468,41.0034328103065,38.1292407512665,414.964670062065,52.8748505711555,86.9301772415638,5.40721452236176,607.423146307468,125.547894954681,230.667099684477,13.6763190925121,123.337714999914,0.606648504734039,504.450173914433,8.30234867334366,145.671064019203,1.7285532951355,595.233117491007,0,140.648125261068,0,132.821334958076,17.4887038469315,1158.60963562131,8.49326884746552,921.604889899492,0.830044567584991,435.556952863932,6.05676466226578,133.916435450315,6.72753375768661,132.331085592508,0,336.730161726475,177.610647201538,775.113867551088,6.04376137256622,5267.73819386959,131.458362668753,0,43.316613137722,2371.00717675686,82.3115546107292,1846.50164249539,63.8924109339714,43.7420391142368,0,334.491519898176,2.32963991165161,163.740874201059,3.73725777864456,280.208278536797,0,39.2936862111092,24.7852872014046,74.1192872524261,4.084108710289,85.6632612347603,17.8846781849861,1.9171177148819,0,121.802979886532,9.0075975060463,19.2146956920624,1.23277044296265,25.1213654279709,8.28988879919052,8.51810866594315,1.4357613325119,10.8590829372406,3.59978383779526,27.0923409163952,10.3101326227188,11.6395426690578,4.40904891490936,9.86627468466759,12.8287396430969,2.16794082522392,0,0.679198026657104,0.628754734992981,0.566556394100189,5.14141297340393
54.6265960931778,2568.80749905109,26.8978953361511,2335.48845386505,5.1047534942627,820.533724457026,37.5178418159485,1404.10233131051,3.70772153139114,1270.93633717299,12.3047075867653,935.574794948101,4.72083413600922,1220.89001953602,3.40325009822845,2622.97747832537,10.0401012301445,1920.14914265275,249.384093612432,1324.52208715677,6.0947362780571,192.155993670225,41.5950049161911,781.434373825788,6.41504156589508,225.221651434898,7.10233461856842,233.125456243753,8.72827470302582,3601.39445433021,15.8392770886421,75.2194018065929,37.8859687447548,130.980352759361,11.9888959527016,50.1018547415733,30.1690909862518,394.055456846952,4.49097204208374,40.9763160347939,22.355063021183,1454.99442753196,40.0626577436924,163.715847164392,40.9264828264713,245.060522735119,7.99068063497543,355.034936875105,12.1628798246384,208.451109468937,3.3172082901001,305.239725768566,0,56.0901190936565,0,182.978648334742,5.22175002098083,1377.93515333533,18.5082920789719,665.511695832014,2.62915426492691,94.3469868004322,2.75627851486206,458.863184511662,0,116.050029814243,158.502583086491,561.01309376955,38.6400148868561,221.210200756788,68.7131055593491,3944.52503234148,43.316613137722,0,13.3316355347633,983.584135770798,109.344595968723,1315.39439484477,2.06387257575989,229.073200523853,2.85183876752853,642.842918425798,1.01566004753113,347.012963205576,0,180.462087035179,1.95365142822266,115.691988438368,5.91066706180573,119.377690941095,1.7250811457634,20.4173027276993,0,6.05451792478561,6.63918033242226,33.7721451818943,1.32274526357651,13.0311023592949,0.881597578525543,70.454820483923,0.622796773910522,2.26533555984497,0.515808761119843,9.53345215320587,3.58791506290436,11.2156774997711,2.42925620079041,3.2620435655117,9.33037957549095,2.06148219108582,6.34576612710953,0,2.30528473854065,0,1.46559250354767,5.37025302648544
734.652952164412,26.074724316597,663.075948894024,46.1246582567692,28.2339226007462,0,473.166222721338,37.680470764637,35.4318298101425,0,45.2582340240479,5.20861172676086,96.9769716262817,3.28659278154373,123.376526206732,0,31.4530445933342,0,729.436819434166,155.039091646671,12.7610340118408,2.49569845199585,368.516427248716,63.3945977091789,21.5328780710697,0,26.1707335114479,13.0759136676788,178.446342617273,0,27.2866057753563,35.8624102473259,21.816728413105,40.1460871696472,5.39790260791779,3.62324464321136,1050.48687955737,43.956056535244,179.572927445173,13.1947126090527,213.894886881113,48.87257117033,6.3710016310215,3.37463891506195,4.26486849784851,0,12.9889412820339,0,13.5844701528549,0,36.9408283829689,0,6.00571376085281,0,8.4997870028019,5.82290941476822,327.751749843359,1.41025173664093,179.005477666855,1.03339600563049,94.9395945072174,0,27.7426990866661,0.655244767665863,16.7248025536537,0,90.3083992004395,24.4944778680801,451.985644429922,3.14634644985199,3333.18947482109,59.578455477953,2371.00717675686,13.3316355347633,0,62.9360179901123,1575.19188329577,48.821267336607,3.42996972799301,0,17.3198832273483,0.547339081764221,21.7073343396187,2.04309546947479,26.4601671099663,0.629431664943695,17.9201212525368,12.5272637009621,24.1642027497292,2.72569286823273,77.1675127744675,135.72602006793,26.354371547699,22.8523508906364,266.089232563972,71.3050380051136,66.9455716907978,26.9568466544151,30.9696841239929,45.5113126337528,35.3265345692635,10.6646739244461,65.109365016222,44.570110142231,100.255534827709,25.328270316124,64.5851259529591,25.5742618739605,30.4267383813858,25.8219095468521,10.369872033596,1.13028457760811,3.23809358477592,2.52792775630951,1.50917586684227,32.3263985216618
8.80892598628998,816.503659367561,18.8233687281609,798.292260140181,0,45.5821650326252,4.94490921497345,479.310359865427,0,121.007888525724,1.4038302898407,178.298835754395,5.76823425292969,203.556569039822,0,117.4748044312,1.22946345806122,184.952553272247,102.683923602104,587.829271942377,8.29951000213623,2.76591551303864,8.8500018119812,426.490435779095,0,21.1794418990612,0.739550650119781,10.3362597227097,3.46821999549866,31.3123244047165,1.16642165184021,17.6183294653893,11.9113987088203,49.6206908226013,5.87415200471878,19.8013010323048,66.6115202307701,485.42727419734,40.66309851408,39.2700245082378,50.6615356206894,231.045829534531,10.5186284780502,25.5670189261436,9.99787986278534,63.3392367959023,1.51444804668427,61.4575412869453,3.64801037311554,33.2895359396935,1.01200425624847,58.629731297493,0,13.889109313488,1.89101850986481,30.753542393446,3.91379952430725,328.331017464399,0,192.70794993639,0,24.7006081342697,0,57.0903941988945,0,41.8080134987831,31.381561756134,188.792867988348,9.45639485120773,69.8500003516674,39.7569509148598,3077.59348252416,82.3115546107292,983.584135770798,62.9360179901123,0,58.5707338154316,1186.71827560663,0,8.98424303531647,0,32.1264523565769,2.17442846298218,3.64253908395767,0.92022830247879,24.1009844839573,11.2863627076149,24.586885869503,9.90359598398209,30.3582257330418,39.3853881657124,97.8319352269173,15.2801997959614,36.9066888689995,36.7824931144714,151.862807840109,36.208838224411,28.8927991390228,13.7494214177132,42.489964812994,14.8702029585838,16.661296159029,35.0291886329651,77.9987115561962,18.1581661105156,52.6791307926178,35.1030949056149,41.6910307705402,45.8455717861652,14.901539504528,20.6304172873497,0.499656289815903,3.28558415174484,0,1.63645568490028,19.0411477386951
2209.18818971515,200.548623204231,1698.59382206202,122.022393673658,74.3487574458122,0,1299.89536696672,76.3725964128971,87.2727738022804,0,150.708549439907,16.7378403544426,274.721006214619,5.26903736591339,314.515143245459,0,149.034228682518,29.3371556997299,2572.62021645904,680.479339241982,36.408145904541,2.71423900127411,1033.3845769465,63.3741532564163,13.3871471583843,0,11.8044778704643,4.43083083629608,556.235766381025,18.0208951234818,38.3867882192135,83.1204867660999,200.239989042282,254.778295516968,116.496152102947,121.72756934166,4211.29325443506,204.325141787529,230.962253957987,13.1318272948265,344.453654110432,15.2677587866783,208.616629809141,53.2033622860909,157.420670330524,20.2996198534966,503.579249352217,24.855054795742,254.246814399958,8.43423610925674,583.593664884567,7.82673299312592,144.666023105383,2.48499798774719,141.703744262457,6.42203485965729,1599.56130483747,150.816627055407,1263.19656577706,43.0450291633606,551.423145413399,42.8465778827667,310.569856643677,99.1905328631401,96.6658555567265,7.7833594083786,1337.7041785419,807.501740723848,2756.31888532639,108.972320616245,7429.52793350816,247.853929281235,1846.50164249539,109.344595968723,1575.19188329577,58.5707338154316,0,459.269555002451,14.2056478857994,10.3264375925064,182.811993807554,43.4829027056694,119.043140530586,0,245.403900891542,15.1690417528152,128.950489997864,0.876815617084503,192.028114795685,8.68383741378784,105.735900849104,39.5029183924198,95.0927633941174,12.6382687985897,859.551964223385,81.8605228066444,349.502777904272,12.1915706396103,38.1367029547691,14.935980796814,98.4001310765743,5.56006914377213,158.681203097105,42.2291144728661,573.704541236162,104.280202925205,81.6469710171223,26.1938060224056,245.491363972425,419.139015644789,48.6567660868168,4.15201485157013,16.2190551161766,28.3122220933437,7.83603689074516,125.574630796909
56.6300179958344,3755.30700457096,37.1756084561348,2707.36695554852,0,42.987024307251,26.4033536911011,1479.19229391217,0,187.353394627571,4.02621459960938,390.563133656979,5.07826828956604,473.232086747885,0,187.098581343889,8.53843176364899,498.573373526335,340.016062796116,3361.84976691008,13.5678026080132,1.7889683842659,22.7294406890869,950.616526305676,0,21.2256101369858,15.1597775220871,16.7163453102112,23.117203950882,170.309566348791,15.2426306009293,82.0496847629547,90.929202735424,316.099381268024,52.4056466221809,76.1900162100792,115.325844019651,3979.9156114459,29.738923728466,108.430838555098,11.1757435202599,182.307153105736,62.0090678334236,266.504306674004,48.8553150296211,289.114212304354,34.987900018692,874.118098169565,12.3434134721756,200.053941190243,5.7918820977211,244.370317548513,0,62.3445273935795,4.58190619945526,243.091040283442,41.7121211886406,1846.01529577374,80.0269415378571,663.109352171421,12.1655616164207,103.023877233267,9.30847918987274,297.93798956275,1.51524615287781,107.502543568611,464.720841884613,1121.87065401673,130.02357801795,714.341582804918,121.441274255514,10989.2353859246,63.8924109339714,1315.39439484477,48.821267336607,1186.71827560663,459.269555002451,0,0,14.5240490436554,16.7442573308945,124.24483320117,1.36218655109406,46.4976343214512,0.709646105766296,106.090427309275,0.373582631349564,145.76596352458,2.50370424985886,163.862355262041,17.6872750818729,209.414118289948,28.2879946231842,118.765975147486,203.822014659643,717.780631422997,61.4494687020779,48.6886819601059,12.8463488221169,144.016549527645,24.06911444664,38.4187657535076,43.4624851047993,243.323634833097,188.400462895632,380.25527754426,43.7126507461071,94.1263272762299,624.631177932024,530.23170208931,54.695405125618,6.92530924081802,20.7939632534981,47.6283638477325,21.7201581597328,232.345009386539
31.479770809412,0,1.88422459363937,0,0,0,14.6910372376442,0,0,0,7.05652022361755,0,6.70830357074738,0,2.21713209152222,0,309.467540562153,0,1.60275414586067,0,0,0,0.884809136390686,0,0,0,0,0,330.158306986094,0,0,0,0,1.24152725934982,2.7530888915062,4.40016573667526,0,0,0,0,0,0,1.2897721529007,0,3.43443292379379,0,1.55275523662567,0,1.76999381184578,0,17.5945682525635,0,3.88318574428558,0,1.16129529476166,0,129.751318991184,0,131.587504982948,1.68766891956329,63.6982238590717,0,78.6772886514664,1.6686737537384,5.6730130314827,0,39.3094106018543,17.9833111763,6.44986689090729,0,5.99013394117355,0,43.7420391142368,2.06387257575989,3.42996972799301,0,14.2056478857994,0,0,0,1246.71791002154,0,20.5968509316444,0,35.5365887284279,0,0,0,1.58725744485855,0,0,0,0,0,0.664968073368073,0,0,0,0,0,0,0,1.90611922740936,0,2.19304823875427,0,0,0,1.97011196613312,0,0,0,0,0,0,0
0,12.9660299420357,0,7.14472275972366,0,0,0,1.84001940488815,0,0.784648716449738,0,4.64144003391266,0,4.08083325624466,0,3.14144283533096,0,293.240662842989,0,0.49124675989151,0,0,0,0,0,0,0,0,0,325.785292863846,0,0,1.37661278247833,13.774311542511,0,6.59027713537216,4.46677136421204,0,0,0,0,1.39566075801849,0,0.854106724262238,0.843613803386688,3.12595069408417,0,0,0,0.756138324737549,0,3.30882692337036,0,0,0,0,1.62282645702362,60.0568691790104,3.49811065196991,94.2895215451717,1.99687147140503,10.9561122059822,0,81.72247838974,0,6.77677154541016,8.42174434661865,67.2424413263798,0,4.15808373689651,0,17.3091607689857,0,229.073200523853,0,8.98424303531647,10.3264375925064,14.5240490436554,0,0,1.72984457015991,1712.01173862815,0,54.1330024600029,0,5.7823234796524,0,0,0,1.09483790397644,0,0,0,0,0,0,0,0,0,0,0,0,0,0,0,0,0,0,0,0,0,0,0,0,0,0
117.817399293184,0,20.1042200028896,0.638993859291077,1.92904514074326,0,56.8913497924805,0,1.39349365234375,0,450.342058420181,0,165.322865486145,0,14.4361827969551,0,1734.96654507518,1.13169586658478,10.1476160287857,0,0,0,2.22085100412369,0,0,0,0.866289436817169,0,1296.94468969107,0,0,0,5.90603545308113,40.2241462469101,74.1106979250908,46.1116279959679,75.9745889604092,8.2869747877121,23.2577881217003,0,10.4120930433273,0,101.846485555172,0.954833984375,105.482911646366,1.66906607151031,160.036321163177,0,134.161415457726,0,497.336258232594,0,60.1270372867584,0,58.6032625436783,0,248.076489299536,19.2907536625862,942.130337506533,1.31635499000549,525.09020653367,2.22341811656952,2406.49362853169,10.438156247139,270.959762185812,0,401.00780376792,62.767846763134,34.7680872380733,7.46895408630371,102.039794057608,12.5330792665482,334.491519898176,2.85183876752853,17.3198832273483,0,182.811993807554,16.7442573308945,1246.71791002154,1.72984457015991,0,1.02642774581909,1097.76045164466,0,6238.38846921921,0.965352833271027,49.2205107808113,0,123.947923690081,0,21.0867261886597,0,0,0,8.57893574237823,0,0,0,7.43598815798759,0,0,0,0,0,0,0,0,0,0,0,0,0,0,0,0,0
0,63.0921838283539,0,74.7544506490231,0,5.17228221893311,0,104.301118791103,0,15.8422428369522,0,264.970034062862,0,200.345566630363,0,35.3058897852898,0,626.228827238083,0,61.2031267881393,0,1.81978470087051,0,8.80880922079086,0,0,0,0,0,551.906532406807,0,0,13.0483611226082,73.0607337355614,27.7121255397797,64.5535481572151,7.08819013834,68.1736724376678,0,5.77994322776794,0,27.0609050691128,18.8333552479744,115.716805309057,15.3424796462059,232.996340215206,0,153.210255950689,5.98439967632294,245.261001110077,0,441.709350943565,0,54.6576073169708,0,111.69521176815,2.29525685310364,274.903657197952,3.17822599411011,1276.72064501047,0,118.316304594278,0,2081.024869591,0,562.271515071392,49.6756859123707,859.723074585199,0,4.88854587078094,8.36615550518036,200.649161219597,2.32963991165161,642.842918425798,0.547339081764221,32.1264523565769,43.4829027056694,124.24483320117,0,1712.01173862815,1.02642774581909,0,0,2263.51274815202,0,3466.70760625601,0,229.491540700197,0,319.208778619766,0,0.907536864280701,0,0,0,0,0,0,0,42.0799462795258,0,0,0,0,0,0,0,0,0,0,8.24382781982422,0,0,0,0,0
130.137611687183,0.805250465869904,212.288646161556,1.38232707977295,63.7253209352493,1.78251135349274,95.1922498345375,5.30263990163803,43.9056795537472,0,206.570430994034,0,25.3959307670593,0,176.99452495575,0,195.209648609161,0,241.028388440609,32.591771364212,0.888195931911469,0,21.7792810797691,4.36209923028946,8.99090075492859,0,1.9141443669796,0,1627.90067619085,0,5.38583678007126,2.56830966472626,3.00927233695984,8.01829570531845,2.6677657365799,0.801556825637817,210.324874579906,0,105.461222589016,0,733.146980017424,1.70691406726837,24.8674681484699,0,2.5899253487587,0,85.3691748380661,0,8.55754300951958,0,75.0836569070816,0,29.5264585316181,0,56.8876025080681,0,56.3379884958267,0,21.4622268676758,0,97.3894780278206,0,122.253801822662,0,18.2440138161182,0,8.3687547147274,3.40961587429047,25.7267407178879,0,85.7182555198669,13.7029687166214,163.740874201059,1.01566004753113,21.7073343396187,2.17442846298218,119.043140530586,1.36218655109406,20.5968509316444,0,1097.76045164466,0,0,0,575.017274528742,0,559.538023561239,0,58.1882327198982,0,3.1610244512558,0,0,0,6.08076149225235,0.726668775081635,0,0,2.78522443771362,0,0,0,0,0,2.44422060251236,0,0.796163022518158,0,0,0,0,0,0,0,0,0
0,0,0,0.556894481182098,0,156.293101340532,0,0,0,25.5744905471802,0,0.863275170326233,0,0,0,96.2433724701405,0,6.32569918036461,0,0,0,179.754087179899,0,1.29287350177765,0,3.93031626939774,0,35.3063619434834,0,499.213922172785,0,0,0,4.8362210392952,0,1.59904617071152,0,273.398252636194,0,135.025164723396,0,994.051628082991,4.57630372047424,53.2650866508484,0,14.6037686467171,0,99.7962101101875,0,30.9338007569313,0,72.0579432249069,0,5.38040405511856,0,116.955394923687,0,1.43539839982986,0,57.318768799305,0,4.54727771878242,0,10.215664088726,0,46.2703754007816,2.53461158275604,44.0829375684261,0,0,2.87710332870483,2.83231073617935,3.73725777864456,347.012963205576,2.04309546947479,3.64253908395767,0,46.4976343214512,0,54.1330024600029,0,2263.51274815202,0,0,0,258.924057871103,0,1447.92407277226,0,83.1601471304893,0,0,0,0,0,4.83271902799606,0.561991989612579,0.66431987285614,0,5.43528461456299,0,0,0,0,0,0,0,0,0,0,0,0,0,0,0,0
2002.42745247483,0,158.130848884583,0,14.0006103217602,0,807.975644499063,0,11.7037935554981,0,1361.0226816535,0,604.474691569805,0,62.0543156862259,0,318.847507894039,0,55.8186900913715,0,2.71166896820068,0,3.81978499889374,0,5.06869521737099,0,2.62037920951843,0,594.990574151278,0,0,1.01175498962402,3.8037094771862,11.9664890766144,50.3904713988304,31.3248338103294,393.4154304564,0,53.9700227677822,0,77.1354934573174,0.732685446739197,149.69159835577,0,134.49574971199,0,420.046530783176,0.622431874275208,181.432292729616,0,3176.83612543344,0,654.286444962025,0,814.244829297066,0,341.540018975735,0,686.967437893152,0,1657.89796796441,0,2035.43650388718,0,7115.37968012691,0,233.16616165638,12.8143573999405,4.08656692504883,0,149.601420819759,8.47491773962975,280.208278536797,0,26.4601671099663,0.92022830247879,245.403900891542,0.709646105766296,35.5365887284279,0,6238.38846921921,0,575.017274528742,0,0,0,353.62605535984,0,6925.64545884728,0,34.3214064240456,0,0,0,12.2375429272652,0,2.32212483882904,0,13.7328639030457,0,0,0,0,0,0,0,0,0,0,0.849817156791687,0,0,0,0,0,0
0,861.360102802515,0,147.509820193052,0,3.55886164307594,0,679.330766171217,0,0.52121639251709,0,489.546490371227,0,148.261013388634,0,9.27273970842361,0,101.769857257605,0,27.2716403305531,0,0,0,2.32243573665619,0,1.29909300804138,0,0,0,74.9262603223324,0,4.81072735786438,0.719097495079041,21.8514555692673,6.08132916688919,33.5059816241264,6.15074622631073,236.012840270996,0,38.3095019161701,0,124.805934131145,24.6577800810337,183.777302742004,4.30393725633621,207.11686655879,0,296.376780241728,1.19885861873627,361.801899284124,0,3588.08477526903,0,221.495384961367,0,704.830168426037,0,146.578009098768,1.25637382268906,484.988541483879,0,436.330047726631,0,2140.00318390131,0,3350.80154427886,21.2711956202984,272.671233206987,0,2.04534888267517,1.80108457803726,472.794688284397,0,180.462087035179,0.629431664943695,24.1009844839573,15.1690417528152,106.090427309275,0,5.7823234796524,0.965352833271027,3466.70760625601,0,258.924057871103,0,0,0,1462.22222319245,0,5133.70563283563,0,1.96150213479996,0,0,0,2.37344861030579,0,0.980248987674713,0,47.1010025143623,0,0,0,0,0,0,0,0,0,1.0651261806488,1.08332428336143,0,0,0,0,0
0,0,3.03463935852051,0,43.3641130924225,0,4.46708333492279,0,16.8005546033382,0,0,0,1.0304289162159,0,51.4669477939606,0,3.08602660894394,0,0,0,2.38499808311462,0,1.13451981544495,0,7.49822816252708,0,7.72000557184219,0,284.347724437714,0,0.481499522924423,0,0,0,2.36636078357697,0,952.986274749041,2.24572587013245,198.450320363045,0,1270.05252528191,10.8892030119896,7.67726781964302,0,1.85028749704361,0,128.293648451567,0,2.07866987586021,0,19.8332644104958,0,16.6130335628986,0,568.707350939512,0,0,0,1.45990777015686,0,0,0,0.484482973814011,0,4.25419944524765,0,10.8484590053558,0,0,0,21.6795553565025,4.44515597820282,39.2936862111092,1.95365142822266,17.9201212525368,11.2863627076149,128.950489997864,0.373582631349564,0,0,49.2205107808113,0,559.538023561239,0,353.62605535984,0,0,0,748.75243550539,0,1.78521725535393,0,1.10290944576263,0,5.35442098975182,0,1.90008652210236,0,1.77508068084717,0,0,0,0,0,0,0,2.29028344154358,0,0,0.43537563085556,0,0,0,0,0,0
0,0,0,1.06374475359917,0,43.1446570456028,0,0,0,12.974523961544,0,0,0,0,0,25.5879804491997,0,0.906360805034637,0,0,4.56946629285812,83.7630560696125,0,0,0,0.883278787136078,0,8.78471326828003,0,79.5660378932953,0,0,0,0.588019728660583,0,8.16816788911819,14.8409863114357,946.162423789501,0,258.889249265194,12.4433773159981,1744.41376298666,3.29417097568512,60.1449655294418,0,4.50809764862061,0,148.658072352409,0,11.7325908839703,0,49.4921623170376,0,5.43969094753265,0,895.812770366669,0,0.96057516336441,0,1.70304244756699,0,0.573960781097412,0,8.77726921439171,0,18.2498712837696,2.28819161653519,28.6134007275105,0,0,10.1410217285156,20.7964911460876,24.7852872014046,115.691988438368,12.5272637009621,24.586885869503,0.876815617084503,145.76596352458,0,0,0,229.491540700197,0,1447.92407277226,0,1462.22222319245,0,0,0,1502.80654546618,0,0,0,0,0,4.58122274279594,0,0.989580184221268,0,3.87603229284286,0,0,0,0,0,0,2.35340356826782,0.5159991979599,0,0,0,0,0,0,0,0
314.100306987762,0,5.65226155519485,0,18.0972805917263,0,48.9168328940868,0,13.61765858531,0,105.421979784966,0,26.9693576097488,0,20.3437855243683,0,22.2456129193306,0,0.736105501651764,0,2.59133642911911,0,0.502689778804779,0,5.39672300219536,0,2.07685375213623,0,137.512859880924,0,0.668859899044037,0,0,0.915791988372803,24.0168794989586,3.20830017328262,773.415434032679,7.76340728998184,151.359037816525,0,171.869719207287,11.1933881044388,193.669307440519,2.35916376113892,46.5375804901123,0,795.060655027628,0,58.1732577979565,0,942.058418869972,0,694.827433407307,0,3005.08668324351,1.11111497879028,57.6744611859322,0,111.689435243607,0,208.662850111723,0,141.08782684803,0,401.283615201712,0,56.2918815910816,4.45829337835312,0,0,37.3229620456696,6.70942145586014,74.1192872524261,5.91066706180573,24.1642027497292,9.90359598398209,192.028114795685,2.50370424985886,1.58725744485855,0,123.947923690081,0,58.1882327198982,0,6925.64545884728,0,748.75243550539,0,0,0,59.2677698433399,0,0,0,13.2943860590458,0.766363978385925,3.09584760665894,0,18.5429679453373,0,0,0,0,0,1.98916557431221,0,2.40341770648956,0,0,0.642657160758972,0,0,0,0,0,0
0,373.316328316927,0,11.6849987506866,0,5.25096505880356,0,187.333539068699,0,0.566437005996704,0,94.6454524993896,0,4.1617956161499,0,3.60143274068832,0,8.48852789402008,0,2.10217475891113,0.831733167171478,0,0,0,0,0,0,0,0,37.2408726513386,0,0,0,16.0705289244652,6.47200840711594,36.299546122551,4.18822830915451,655.355665653944,0,98.0354297459126,7.59463286399841,232.258557498455,15.3595641553402,216.203945696354,3.73414659500122,321.043398439884,0.566462695598602,386.943290799856,1.10476541519165,545.429691821337,0,2687.88045072556,0,993.481631189585,0,3602.45444214344,0,38.2233715355396,0,260.825221419334,0,61.117515951395,0,283.673681378365,0,540.628705471754,14.5001153051853,253.749004900455,0,0,7.17042618989944,346.815665245056,4.084108710289,119.377690941095,2.72569286823273,30.3582257330418,8.68383741378784,163.862355262041,0,1.09483790397644,0,319.208778619766,0,83.1601471304893,0,5133.70563283563,0,1502.80654546618,0,0,0,2.19534036517143,0,0,0,5.69417589902878,0,0,0,48.7763683795929,0,0,0,1.18429362773895,0,0.56740814447403,0,0,0,0,0.720516324043274,0,0,0,0,0
0,0,0,0,0,0,0,0,0,0,0,0,0,0,0,0,0,0,0,0,0,0,0,0,0,0,0,0,39.8532574176788,0,0,0,0,0,5.6141597032547,1.91516941785812,137.925470530987,37.1118593811989,234.048778027296,45.0164460539818,24.9840344190598,0,302.436135262251,2.18813467025757,21.9752382934093,0,745.53496786952,0,18.2431849241257,0,182.816542357206,0,263.656432956457,0,449.625931173563,0,1.21104627847672,0,0,0,0,0,0,0,0,0,19.3243614137173,4.9143089056015,0,0,22.9657821953297,8.03900349140167,85.6632612347603,1.7250811457634,77.1675127744675,39.3853881657124,105.735900849104,17.6872750818729,0,0,21.0867261886597,0,3.1610244512558,0,34.3214064240456,0,1.78521725535393,0,59.2677698433399,0,0,462.042806148529,1416.08556437492,52.0847364962101,214.938505142927,176.217183917761,2499.58322033286,166.282340288162,2916.989028126,234.205897986889,535.013516098261,46.7595543563366,526.905947268009,279.847310185432,377.288730233908,96.9004888236523,613.217986851931,191.061941146851,14.9379710555077,22.3666012883186,210.376430034637,61.5021353960037,37.9267278313637,11.6133128404617,13.0236950814724,8.14486238360405
0,0,0,0,0,0,0,0,0,0,0,0,0,0,0,0,0,0,0,0,0,0,0,0,0,0,0.665959119796753,0,2.48627305030823,1.90371209383011,0,0,0,0,0,0,124.123252987862,182.957879126072,314.18003988266,98.7722164690495,0,2.0406881570816,0.88469398021698,28.550920188427,0,1.16185677051544,0.66855788230896,189.68462562561,0,0,0,10.2562777101994,0,66.8817399740219,0,47.6256157159805,0,0,0,0,0,0,0,0,0,0,0,7.09241449832916,0,0,22.2853254675865,26.6801312863827,17.8846781849861,20.4173027276993,135.72602006793,97.8319352269173,39.5029183924198,209.414118289948,0,0,0,0.907536864280701,0,0,0,1.96150213479996,0,0,0,2.19534036517143,462.042806148529,0,37.9419805109501,1404.167427212,211.281832069159,950.069930285215,920.64466714859,1054.52370682359,283.878172725439,2119.9154599905,107.705528885126,260.434630215168,252.742231041193,822.907144427299,110.41046705842,701.328909873962,394.04078567028,488.706924587488,109.78143325448,52.2644930481911,336.902187824249,49.1468647420406,132.016440808773,6.07777878642082,64.2230488657951,82.5987987220287
0,0,0,0,0,0,0,0,0,0,0,0,0,0,0,0,0,0,0,0,0,0,0,0,0,0,0,0,0,0,0,0,0,0,0,0,27.2965400516987,6.35334929823875,65.1263783574104,13.7389655709267,0.667786777019501,0,0,0,0,0,0,0,0,0,0,0,0,0,0,0,0,0,0,0,0,0,0,0,0,0,0,0,0,0,5.19759282469749,0.491512566804886,1.9171177148819,0,26.354371547699,15.2801997959614,95.0927633941174,28.2879946231842,0,0,0,0,0,0,0,0,1.10290944576263,0,0,0,1416.08556437492,37.9419805109501,0,7.874391913414,336.882765859365,36.4085850119591,640.014523625374,68.8179350793362,398.560368865728,37.4448588490486,1040.25532618165,4.15151810646057,607.89498385787,67.8223848640919,575.237094908953,46.90110039711,245.310614168644,67.4721817076206,38.4546743035316,36.2523773312569,245.087344199419,31.2543780207634,51.7335911393166,13.9357243776321,13.0193722248077,9.31717792153358
0,0,0,0,0,0,0,0,0,0,0,0,0,0,0,0,0,0,0,0,0,0,0,0,0,0,0,0,0,0,0,0,0,0,0,0,18.203664124012,62.1361521184444,33.8170217871666,40.7200751304626,0,4.37139213085175,0,0,0,0,0,1.42082262039185,0,0,0,0,0,0,0,0,0,0,0,0,0,0,0,0,0,0,0,0,0,0,0,11.1964699625969,0,6.05451792478561,22.8523508906364,36.9066888689995,12.6382687985897,118.765975147486,0,0,0,0,0,0,0,0,0,0,0,0,52.0847364962101,1404.167427212,7.874391913414,0,58.7060470879078,195.688005924225,150.44756257534,182.092468768358,49.8743019104004,154.057435929775,20.1841815114021,513.641842722893,89.3722188770771,752.541212707758,32.3305420577526,614.779474556446,138.827807039022,249.14165776968,106.209681600332,64.5833776593208,210.169523835182,37.8136330544949,124.749052017927,22.8419604301453,68.0868434309959,81.1141666471958
73.0855070650578,0.612530469894409,56.4920299649239,2.75467675924301,0.587673306465149,0,54.3269454240799,0,1.59706205129623,0.50016850233078,7.89812862873077,0,4.30631762742996,0,10.5363236367702,0,2.46248084306717,1.30377346277237,102.138269603252,2.24021780490875,0,0,23.781579375267,0,0,0,1.00258910655975,1.95242595672607,21.4644956588745,0,0.547925412654877,2.21171355247498,2.4268079996109,5.54427659511566,10.8226186931133,3.47534227371216,206.160917460918,13.3609501123428,97.2003029584885,9.63358813524246,12.9493944644928,0.451774924993515,7.96068587899208,0,10.1590334773064,0,22.7624624073505,5.00920727849007,11.6276254951954,0,25.2590467333794,0,5.12119108438492,0,2.61879152059555,0,68.0659643411636,0,82.1523876786232,0,23.8191605210304,0,9.85579603910446,0,2.17837655544281,0,48.7848514318466,0,97.954537242651,0,201.462022483349,28.7554038763046,121.802979886532,6.63918033242226,266.089232563972,36.7824931144714,859.551964223385,203.822014659643,0.664968073368073,0,8.57893574237823,0,6.08076149225235,0,12.2375429272652,0,5.35442098975182,0,13.2943860590458,0,214.938505142927,211.281832069159,336.882765859365,58.7060470879078,0,127.455625504255,1080.77848348022,36.1943051218987,132.990507245064,86.1769170165062,331.558367192745,20.1640278697014,388.882852733135,88.8655179142952,1003.08942273259,145.063357174397,268.351244628429,48.0917747914791,143.062937915325,792.34394210577,277.512204766273,21.4885371923447,31.9163709282875,73.1197474896908,13.9372838139534,80.1262998580933
2.88988643884659,33.6558028757572,0,40.8005376160145,0,1.5385477244854,1.77977508306503,25.5474248826504,1.26099216938019,4.81372165679932,0,4.55157655477524,0,6.65512117743492,0.463542550802231,2.15967464447021,0,2.68673944473267,2.11428952217102,24.932335048914,0,0,0,9.71625405550003,0,0.612715661525726,0,0.548352718353271,0,1.92633229494095,0.893653988838196,0.636751055717468,0,1.70381331443787,0,10.9763844013214,44.6600966453552,149.969609469175,117.212490320206,78.1872993409634,0.528860986232758,7.72538429498672,0.653058469295502,14.8312630057335,0,22.0412568449974,1.24990701675415,52.704346626997,0,26.7399607896805,0,13.0175021290779,0,1.10540246963501,0,11.7895659208298,0,26.5267861485481,1.89775145053864,49.6636845469475,0,0,0,3.89364945888519,0,7.28764605522156,0,49.569376707077,0,4.0764307975769,26.1620202660561,144.462768167257,9.0075975060463,33.7721451818943,71.3050380051136,151.862807840109,81.8605228066444,717.780631422997,0,0,0,0,0.726668775081635,4.83271902799606,0,2.37344861030579,0,4.58122274279594,0.766363978385925,5.69417589902878,176.217183917761,950.069930285215,36.4085850119591,195.688005924225,127.455625504255,0,163.889421522617,701.318463921547,52.520491451025,613.136055976152,35.4878970086575,69.4116983413696,82.0086151361465,329.097139656544,86.1788698732853,484.827415496111,66.1631214916706,139.343273460865,77.2080332636833,436.616796195507,204.175329983234,15.3396528959274,31.2648552656174,6.55790820717812,20.4076455533504,37.6689694821835
1.4823260307312,0,3.30394411087036,0,0,0,1.8470630645752,0,0,0,0,1.83669102191925,0,0,0,0,0,0,0,0,0,0,0,0,0,0,0,1.42632269859314,3.78895902633667,0,4.92750450968742,0,8.26060825586319,2.15787136554718,1.45454013347626,0,120.086174190044,31.4546809792519,258.763792663813,42.0175186991692,1.8384308218956,0,5.48121392726898,1.64658975601196,0,1.96383833885193,98.8405202031136,1.72912657260895,2.90529412031174,0,3.6658650636673,0,2.18991404771805,0,4.9435116648674,0,1.86225497722626,0,10.5339761674404,0,2.03993058204651,0,1.0444667339325,0,0,0,11.0646947026253,4.59315919876099,6.29573446512222,0,18.383920788765,9.71386477351189,19.2146956920624,1.32274526357651,66.9455716907978,36.208838224411,349.502777904272,61.4494687020779,0,0,0,0,0,0.561991989612579,2.32212483882904,0,1.90008652210236,0,3.09584760665894,0,2499.58322033286,920.64466714859,640.014523625374,150.44756257534,1080.77848348022,163.889421522617,0,186.801987826824,3147.42432832718,303.386795014143,468.738450080156,73.6012098491192,520.435658067465,398.003325790167,972.204754441977,184.392905890942,584.067075550556,130.686675935984,27.7103850245476,227.333450436592,1258.65690511465,69.1259781718254,50.5180213451385,25.5178796052933,13.5158088207245,39.1631571650505
0,0,0,0,0,0,0,0,0,0,0,0,0,0,0,0,0,0,0,0,0,0,0,0,0,0,0,0,3.48822557926178,0,0,1.00085747241974,0,1.71499168872833,0,0.680847525596619,14.9846140444279,46.8397586345673,43.7093395590782,42.0536707937717,0,1.64662700891495,11.1962151527405,125.170178502798,5.69568702578545,42.4023199677467,0,225.965667903423,0,3.0613751411438,0,0,0,0.574412941932678,0,9.63189312815666,0,3.11963778734207,0,0,0,0,0,0,0,0,2.25737535953522,27.1810423731804,0,0,0,12.6262727081776,1.23277044296265,13.0311023592949,26.9568466544151,28.8927991390228,12.1915706396103,48.6886819601059,0,0,0,0,0,0.66431987285614,0,0.980248987674713,0,0.989580184221268,0,0,166.282340288162,1054.52370682359,68.8179350793362,182.092468768358,36.1943051218987,701.318463921547,186.801987826824,0,81.0178322196007,2286.21355682611,87.875470995903,61.0461244285107,135.757061690092,232.280252069235,53.2845027446747,380.990314632654,65.3348492085934,182.508357077837,27.4306670427322,30.6450276374817,890.609369367361,75.7126604318619,68.4630099833012,3.45447635650635,8.31811052560806,10.5171744823456
0,0,0,0,0,0,0,0,0,0,0,0,0,0,0,0,0,0,0,0,0.572479248046875,0,0,0,0,0,0,0,13.1735287308693,0,0,0,0,0,0,0,44.5268607139587,11.5153782963753,61.1883472502232,15.8298854827881,6.26204437017441,0,153.595674097538,0,2.97514662146568,0,371.360346078873,0,8.73883128166199,0,15.8639008104801,0,27.0881264805794,0,140.602940559387,0,0,0,0,0,0,0,0,0,0,0,8.55252748727798,1.18146669864655,0,0,11.006877720356,1.8596522808075,25.1213654279709,0.881597578525543,30.9696841239929,13.7494214177132,38.1367029547691,12.8463488221169,0,0,7.43598815798759,0,2.78522443771362,0,13.7328639030457,0,1.77508068084717,0,18.5429679453373,0,2916.989028126,283.878172725439,398.560368865728,49.8743019104004,132.990507245064,52.520491451025,3147.42432832718,81.0178322196007,0,135.544236510992,134.013311475515,33.829577088356,131.793364435434,182.273997873068,137.857330173254,47.1650150716305,134.766410291195,47.4656845629215,6.68114107847214,15.9173739552498,273.429208487272,233.369422793388,42.0772169828415,15.1835722923279,6.7180181145668,4.50246381759644
0,0,0,0,0,0,0,0,0,0,0,0,0,0,0,0,0,1.8883216381073,0,0,0,0,0,0,0,0,0.712571501731873,1.12449419498444,0,30.4970400631428,0,0,0,0,1.39825582504272,3.38506656885147,35.7993543148041,157.593071699142,97.6285305023193,55.6826582849026,0,50.7178935706615,17.3443973064423,409.817601531744,0.586812555789948,43.3719007074833,0,858.286922186613,0,30.0738829374313,0,26.1759701967239,0,212.196651309729,0,451.004897207022,0,0,0,0,0,0,0,0,0,0,7.29012799263,25.3635168373585,0,0,8.32843673229218,22.8438609838486,8.28988879919052,70.454820483923,45.5113126337528,42.489964812994,14.935980796814,144.016549527645,0,0,0,42.0799462795258,0,5.43528461456299,0,47.1010025143623,0,3.87603229284286,0,48.7763683795929,234.205897986889,2119.9154599905,37.4448588490486,154.057435929775,86.1769170165062,613.136055976152,303.386795014143,2286.21355682611,135.544236510992,0,50.0627704262733,31.9423217475414,137.730951398611,170.70594009757,39.4668706357479,178.471272468567,96.0608967542648,252.687269210815,10.3048744499683,15.8024491071701,326.499858438969,364.208327710629,184.669272363186,12.4851825237274,3.88999855518341,4.4604207277298
0,0,0,0,0,0,0,0,0,0,0,0,0,0,0,0,0,0,0,0,0,0,0,0,0,0,0,0,1.26699280738831,0,0,0,0,0,0,0,28.1222860515118,6.09439164400101,53.288274616003,8.51717883348465,0,0,0,0,0,0,0,0,0,0,0,0,0,0,0,0,0,0,0,0,0,0,0,0,0,0,0,0,0,0,3.86601024866104,2.93937247991562,8.51810866594315,0.622796773910522,35.3265345692635,14.8702029585838,98.4001310765743,24.06911444664,0,0,0,0,0,0,0,0,0,0,0,0,535.013516098261,107.705528885126,1040.25532618165,20.1841815114021,331.558367192745,35.4878970086575,468.738450080156,87.875470995903,134.013311475515,50.0627704262733,0,15.6691973507404,2272.43147584796,126.541906535625,831.953368186951,44.6804152727127,318.452468633652,84.8004917800426,21.8575923740864,32.179209113121,135.556511312723,21.8269772529602,36.625325858593,16.3824938237667,5.9432498216629,6.71827754378319
0,0,0,0,0,0,0,0,0,0,0,0,0,0,0,0,0,0,0,0,0,0,0,0,0,0,0,0,0,0,0,0,0,0,0,0,7.74754667282104,24.0667998194695,22.6989707350731,18.726092427969,0,0,0,0,0,0,0,0,0,0,0,0,0,0,0,0,0,0,0,0,0,0,0,0,0,0,0,0,0,0,1.63482993841171,4.36507788300514,1.4357613325119,2.26533555984497,10.6646739244461,16.661296159029,5.56006914377213,38.4187657535076,0,0,0,0,0,0,0,0,0,0,0,0,46.7595543563366,260.434630215168,4.15151810646057,513.641842722893,20.1640278697014,69.4116983413696,73.6012098491192,61.0461244285107,33.829577088356,31.9423217475414,15.6691973507404,0,70.6686420440674,812.353001385927,23.1609383523464,310.462496489286,88.0429134368896,158.633191913366,22.5211438238621,14.1940092742443,38.117224752903,3.26893419027328,4.57583191990852,5.45305404067039,9.66472947597504,21.9444942474365
0,0,0,0,0,0,0,0,0,0,0,0,0,0,0,0,0,0,0,0,0,0,0,0,0,0,0,0,2.20233702659607,0,0,0,0,0,0,0,42.2240144014359,22.4219202399254,126.558691293001,20.5136716365814,0.50798773765564,0,0,0,0,0,0,0.486071467399597,0,0,0,0,0,0,0,0,0,0,0,0,0,0,0,0,0,0,0,0,0,0,26.5863946080208,1.25045222043991,10.8590829372406,0.515808761119843,65.109365016222,35.0291886329651,158.681203097105,43.4624851047993,1.90611922740936,0,0,0,0,0,0,0,0,0,0,0,526.905947268009,252.742231041193,607.89498385787,89.3722188770771,388.882852733135,82.0086151361465,520.435658067465,135.757061690092,131.793364435434,137.730951398611,2272.43147584796,70.6686420440674,0,443.214170992374,5910.60729116201,135.157316446304,570.468050181866,171.310531169176,86.5633034110069,163.755459338427,428.605633825064,61.6528078615665,67.3824018239975,535.284052073956,478.99694570899,72.0024056136608
0,1.43745946884155,0,0,0,0,0,0,0,0,0,0,0,0,0,0,0,0,0,0,0,0,0,0,0,0,0,0,0,0,0,0,0,1.66955280303955,0,0,39.1924319863319,117.1625200212,72.9119845032692,74.5257993936539,0,3.62730053067207,0,0,0,0,0.508375942707062,3.10288417339325,0,0,0,0,0,0,0,0,0,0,0,0,0,0,0,0,0,0,0,1.15589463710785,0,0,7.57144558429718,42.7170903384686,3.59978383779526,9.53345215320587,44.570110142231,77.9987115561962,42.2291144728661,243.323634833097,0,0,0,0,0,0,0,0,0,0,0,1.18429362773895,279.847310185432,822.907144427299,67.8223848640919,752.541212707758,88.8655179142952,329.097139656544,398.003325790167,232.280252069235,182.273997873068,170.70594009757,126.541906535625,812.353001385927,443.214170992374,0,116.395967870951,5914.83258232474,269.699614852667,514.778764307499,182.539982289076,116.435638338327,359.633450657129,47.4748618900776,114.585304170847,196.55680590868,239.324807167053,118.759530901909
4.73637026548386,0,3.42739111185074,0,0,0,1.24656534194946,0,0,0,0.648325860500336,0,0,0,2.19081079959869,0,0,0,2.60074609518051,0,0,0,0,0,0,0,0,0,5.76795357465744,0,0,1.03250312805176,0,0,0,0,31.6516202688217,9.37452989816666,52.593063980341,2.22271925210953,7.6990972161293,0,0,0,0,0,0.591152489185333,1.98450142145157,0,0,0.462347596883774,0,0,0,0,0,0.637823045253754,0,0.497950673103333,0,0,0,0,0,0,0,0.684643447399139,0,1.05739772319794,0,56.8748894929886,18.4253219664097,27.0923409163952,3.58791506290436,100.255534827709,18.1581661105156,573.704541236162,188.400462895632,2.19304823875427,0,0,0,2.44422060251236,0,0,0,0,0,1.98916557431221,0,377.288730233908,110.41046705842,575.237094908953,32.3305420577526,1003.08942273259,86.1788698732853,972.204754441977,53.2845027446747,137.857330173254,39.4668706357479,831.953368186951,23.1609383523464,5910.60729116201,116.395967870951,0,300.124216943979,441.766470491886,67.9384875893593,148.318616181612,136.502605021,426.812159836292,27.4114167094231,39.1985357999802,50.4068060517311,475.88118481636,191.243115395308
0,4.32918417453766,0.676420092582703,3.0193954706192,0,0.598496615886688,0,1.33037048578262,0,0,0,0,0,1.70159006118774,0,0,0,0,0,0,0,0,0,0,0,0,0,0,2.10891526937485,0,0,0,0,0,0,1.1528068780899,18.3629570901394,34.8042250573635,18.9729605615139,15.7314539253712,0.763231158256531,1.73368668556213,0,1.24289858341217,0,0,0,6.56177419424057,0,0,0,0,0,0,0,1.62487006187439,0,1.99246954917908,0,0,0,0,0,0,0,0,0,3.6846467256546,0,0,14.8154972791672,43.6803895533085,10.3101326227188,11.2156774997711,25.328270316124,52.6791307926178,104.280202925205,380.25527754426,0,0,0,0,0,0,0,0,0,0,0,0.56740814447403,96.9004888236523,701.328909873962,46.90110039711,614.779474556446,145.063357174397,484.827415496111,184.392905890942,380.990314632654,47.1650150716305,178.471272468567,44.6804152727127,310.462496489286,135.157316446304,5914.83258232474,300.124216943979,0,110.454335659742,372.452815920115,208.284792214632,186.820822924376,783.981382191181,69.4222682714462,97.55552983284,140.007960170507,425.15765812993,326.16615614295
1.25021636486053,0,0,0,0,0,0,0,0,0,0,0,0,0,0,0,0,0,0,2.1208713054657,0,0,0,0,0,0,0,0,0,0,0,0,0,0,0,0,49.2796467244625,19.6286509037018,106.484977602959,14.0987269282341,2.9347220659256,3.26392483711243,0,0,0.836817443370819,0,1.08153653144836,1.78116375207901,0,0,0,0,0,0,0,0,2.15299713611603,0,0.95305997133255,0,1.34835124015808,0,0,0,0,0,0,1.6184995174408,0,0,22.8772692680359,19.4161116480827,11.6395426690578,2.42925620079041,64.5851259529591,35.1030949056149,81.6469710171223,43.7126507461071,0,0,0,0,0.796163022518158,0,0,0,2.29028344154358,2.35340356826782,2.40341770648956,0,613.217986851931,394.04078567028,245.310614168644,138.827807039022,268.351244628429,66.1631214916706,584.067075550556,65.3348492085934,134.766410291195,96.0608967542648,318.452468633652,88.0429134368896,570.468050181866,269.699614852667,441.766470491886,110.454335659742,0,116.935784250498,22.8385243713856,17.9246188700199,96.0733897089958,3.76849579811096,11.9634854793549,7.10463392734528,6.83345276117325,20.4702451825142
0,0,0,0,0,0,0,0,0,0,0,0,0,0,0,0,0,0,0,1.25268232822418,0,0,0,0,0,0,0,0,0,1.05267190933228,0,0,0,1.75899910926819,0,2.3754289150238,19.160336792469,55.72870439291,27.6373164057732,30.6282704770565,0,1.10284101963043,0,1.41666913032532,0,0,0,2.46063140034676,0,0,0,0,0,0,0,0,0,2.88356733322144,0,0,0,0,0,0,0,0,0,1.39192843437195,0,0,8.78774642944336,13.9143486320972,4.40904891490936,3.2620435655117,25.5742618739605,41.6910307705402,26.1938060224056,94.1263272762299,0,0,0,0,0,0,0,0,0,0.5159991979599,0,0,191.061941146851,488.706924587488,67.4721817076206,249.14165776968,48.0917747914791,139.343273460865,130.686675935984,182.508357077837,47.4656845629215,252.687269210815,84.8004917800426,158.633191913366,171.310531169176,514.778764307499,67.9384875893593,372.452815920115,116.935784250498,0,20.4869753420353,14.9697904586792,60.4579116404057,4.28007233142853,7.59674483537674,2.70541596412659,2.49462854862213,18.0896645784378
7.47678142786026,11.9218806028366,3.17502951622009,15.0890953540802,0,0,4.97808492183685,10.6566646695137,0,0.502994894981384,0,3.03190135955811,0,2.27009040117264,0.430882424116135,2.77513861656189,0,3.00538605451584,6.13588070869446,7.08843466639519,0,0,2.08069413900375,1.52875119447708,0,0.748280048370361,0,0.518671452999115,5.3218520283699,0,0,1.03779017925262,0,1.0414582490921,0,0,8.27937144041061,4.81368255615234,1.84743958711624,0,3.04765492677689,0.656649827957153,0,0,0,0,1.63311004638672,4.07954698801041,0,0,0,0,0,0,0,0,0,0,0.796693682670593,0,0,0,0,0,0,0,0.774891257286072,0,7.14701354503632,0,29.8536310791969,70.6045116484165,9.86627468466759,9.33037957549095,30.4267383813858,45.8455717861652,245.491363972425,624.631177932024,1.97011196613312,0,0,0,0,0,0,0,0,0,0,0,14.9379710555077,109.78143325448,38.4546743035316,106.209681600332,143.062937915325,77.2080332636833,27.7103850245476,27.4306670427322,6.68114107847214,10.3048744499683,21.8575923740864,22.5211438238621,86.5633034110069,182.539982289076,148.318616181612,208.284792214632,22.8385243713856,20.4869753420353,0,215.631178617477,167.530325651169,19.1581640839577,89.4104593098164,160.476381361485,63.995123565197,229.172543555498
7.01365464925766,7.2200363278389,6.62602549791336,3.60134989023209,0,0,5.81368327140808,3.31497740745544,0.50676441192627,0,0,2.66759395599365,0.872827887535095,0,0.59307986497879,0.655947387218475,0,0,12.3796602487564,1.13702476024628,0,0,2.30802977085114,0,0,0,0,0,2.37898182868958,1.06395959854126,0,0,0,0,0,0,29.8299788534641,8.04663950204849,5.38786280155182,0.64227706193924,2.21546363830566,1.06759989261627,1.14855098724365,0,1.19501924514771,0,14.8831272125244,19.3018762469292,0,0,0.474420070648193,0,0.47294008731842,0,0.467142164707184,0,2.02811563014984,3.77512347698212,3.38549399375916,0.610334157943726,2.89366000890732,0,0,0,1.25944006443024,0,4.23565113544464,2.34559071063995,5.51304006576538,0,33.96253657341,15.023544549942,12.8287396430969,2.06148219108582,25.8219095468521,14.901539504528,419.139015644789,530.23170208931,0,0,0,0,0,0,0.849817156791687,1.0651261806488,0.43537563085556,0,0.642657160758972,0,22.3666012883186,52.2644930481911,36.2523773312569,64.5833776593208,792.34394210577,436.616796195507,227.333450436592,30.6450276374817,15.9173739552498,15.8024491071701,32.179209113121,14.1940092742443,163.755459338427,116.435638338327,136.502605021,186.820822924376,17.9246188700199,14.9697904586792,215.631178617477,0,624.456803321838,60.4708677530289,124.915637224913,326.6621542871,61.9688900411129,141.588920533657
0,0,0,0,0,0,0,0,0,0,0,0,0,0,0,0,0,0,0,5.12077736854553,0,0,0,1.20191705226898,0,0,0,0,0,0,0,33.6708957850933,1.01869964599609,62.5356663763523,0,20.0729540586472,5.49096703529358,15.8587316870689,12.3843222856522,9.36334508657455,0,0,0,32.0578265786171,0,12.4077460169792,0,40.1803903579712,0,0.52642410993576,0.629092812538147,0.784471869468689,0,0,0,0,0,0,4.27300953865051,3.83189994096756,0,0.800425589084625,0,1.11270236968994,0,1.31613433361053,15.350605070591,125.629301160574,0,0,0,6.60593670606613,2.16794082522392,6.34576612710953,10.369872033596,20.6304172873497,48.6567660868168,54.695405125618,0,0,0,8.24382781982422,0,0,0,1.08332428336143,0,0,0,0.720516324043274,210.376430034637,336.902187824249,245.087344199419,210.169523835182,277.512204766273,204.175329983234,1258.65690511465,890.609369367361,273.429208487272,326.499858438969,135.556511312723,38.117224752903,428.605633825064,359.633450657129,426.812159836292,783.981382191181,96.0733897089958,60.4579116404057,167.530325651169,624.456803321838,0,449.46434533596,461.378183484077,443.754438400269,117.550367355347,220.420387536287
0,0,0,0,0,0,0,0,0,0,0,0,0,0,0,0,0,0,0,0,0,0,0,0,0,0,0,0,0,0,0,0,0,0,0,0,2.12393128871918,4.25874078273773,1.53540790081024,0,0,0,0,0,0,0,0,0,0,0,0,0,0,0,0,0,0,0,0,0,0,0,0,0,0,0,0,0,0,0,0,0.577867209911346,0,0,1.13028457760811,0.499656289815903,4.15201485157013,6.92530924081802,0,0,0,0,0,0,0,0,0,0,0,0,61.5021353960037,49.1468647420406,31.2543780207634,37.8136330544949,21.4885371923447,15.3396528959274,69.1259781718254,75.7126604318619,233.369422793388,364.208327710629,21.8269772529602,3.26893419027328,61.6528078615665,47.4748618900776,27.4114167094231,69.4222682714462,3.76849579811096,4.28007233142853,19.1581640839577,60.4708677530289,449.46434533596,0,204.332111656666,129.803162753582,22.5051664113998,15.2499383687973
0,0,0,0,0,0,0,0,0,0,0,0,0,0,0,0,0,0,0,0,0,0,0,0,0,0,0,0,0,0,0,0,0,0,0,0,0.517476320266724,2.08463105559349,3.15922668576241,1.39476650953293,0,0,0,0,0,0,0,1.18755674362183,0,0,0,0,0,0,0,0,0,0,0,0,0,0,0,0,0,0,0,0,0,0,1.28215369582176,2.73581284284592,0.679198026657104,2.30528473854065,3.23809358477592,3.28558415174484,16.2190551161766,20.7939632534981,0,0,0,0,0,0,0,0,0,0,0,0,37.9267278313637,132.016440808773,51.7335911393166,124.749052017927,31.9163709282875,31.2648552656174,50.5180213451385,68.4630099833012,42.0772169828415,184.669272363186,36.625325858593,4.57583191990852,67.3824018239975,114.585304170847,39.1985357999802,97.55552983284,11.9634854793549,7.59674483537674,89.4104593098164,124.915637224913,461.378183484077,204.332111656666,0,235.511943876743,41.401447981596,71.0765920877457
0,0,0,0,0,0,0,0,0,0,0,0,0,0,0,0,0,0,0,0,0,0,0,0,0,0,0,0,0,0,0,0,0,0,0,0,0,0.976806223392487,0.562790930271149,0,0.686891674995422,0,0,0,0,0,1.05643153190613,0.656670272350311,0,0,0,0,0,0,0,0,0,0,0,0,0,0,0,0,0,0,0,0,0,0,2.47070920467377,2.11390221118927,0.628754734992981,0,2.52792775630951,0,28.3122220933437,47.6283638477325,0,0,0,0,0,0,0,0,0,0,0,0,11.6133128404617,6.07777878642082,13.9357243776321,22.8419604301453,73.1197474896908,6.55790820717812,25.5178796052933,3.45447635650635,15.1835722923279,12.4851825237274,16.3824938237667,5.45305404067039,535.284052073956,196.55680590868,50.4068060517311,140.007960170507,7.10463392734528,2.70541596412659,160.476381361485,326.6621542871,443.754438400269,129.803162753582,235.511943876743,0,205.259534865618,247.613811969757
0,0,0,0,0,0,0,0,0,0,0,0,0,0,0,0,0,0,0,0,0,0,0,0,0,0,0,0,0,0,0,0,0,0,0,0,0,1.03985702991486,1.79073721170425,1.6038419008255,0,0,0,0,0,0,0,0,0,0,0,0,0,0,0,0,0,0,0,0,0,0,0,0,0,0,0,0,0,0,0,0.485678017139435,0.566556394100189,1.46559250354767,1.50917586684227,1.63645568490028,7.83603689074516,21.7201581597328,0,0,0,0,0,0,0,0,0,0,0,0,13.0236950814724,64.2230488657951,13.0193722248077,68.0868434309959,13.9372838139534,20.4076455533504,13.5158088207245,8.31811052560806,6.7180181145668,3.88999855518341,5.9432498216629,9.66472947597504,478.99694570899,239.324807167053,475.88118481636,425.15765812993,6.83345276117325,2.49462854862213,63.995123565197,61.9688900411129,117.550367355347,22.5051664113998,41.401447981596,205.259534865618,0,84.6449567377567
1.88613498210907,0,0.742196142673492,2.55026823282242,0,0,1.48495495319366,1.08193469047546,0,0,0,0,0,0.946553587913513,1.37887871265411,0.745354652404785,0,1.7797544002533,0,4.20932239294052,0,0,0.546888649463654,0,0,0,0,0,2.72234064340591,0.647285461425781,0,0,0,0,0,0,6.16350436210632,0.540118157863617,3.36265730857849,0.594952404499054,2.13385090231895,0,0,0,0,0,0.782307326793671,0.66366982460022,0,0,0,0,0,0,0,0,0.688907146453857,0,1.26278698444366,0,0,0,0,0,0,0,0,0,1.63888120651245,0,17.4770946800709,18.3852378726006,5.14141297340393,5.37025302648544,32.3263985216618,19.0411477386951,125.574630796909,232.345009386539,0,0,0,0,0,0,0,0,0,0,0,0,8.14486238360405,82.5987987220287,9.31717792153358,81.1141666471958,80.1262998580933,37.6689694821835,39.1631571650505,10.5171744823456,4.50246381759644,4.4604207277298,6.71827754378319,21.9444942474365,72.0024056136608,118.759530901909,191.243115395308,326.16615614295,20.4702451825142,18.0896645784378,229.172543555498,141.588920533657,220.420387536287,15.2499383687973,71.0765920877457,247.613811969757,84.6449567377567,0
