0,183.066872298717,2951.00837144256,198.133689343929,0,0,2598.34215191007,121.027540951967,4.50735864043236,0,2287.69442462921,16.4609244465828,2301.41761639714,0,10.2548281550407,0,490.301864773035,20.0771362781525,1164.6744466424,759.189387053251,1.60114765167236,0,42.8894446790218,10.9947502613068,0,0,0,0,289.201284259558,3.15456336736679,10.751805126667,7.7470378279686,25.5991752743721,106.235738396645,0,0,487.953289121389,0,40.7423953413963,0,3.23128148913383,0,1.52065765857697,0,0,0,1.71498048305511,0,0,0,6.28279691934586,0,14.198056936264,0,29.924455344677,0,12657.6887201965,2.82840543985367,296.726101785898,0,1503.89925596118,0,655.095895588398,0,110.411665439606,0,138.492742240429,3.54033464193344,693.549608051777,26.4924570322037,3461.53046822548,175.247996151447,1600.05029049516,72.3966165482998,721.093567043543,26.083636879921,3001.68238005042,270.361922591925,50.6485042870045,0,262.99279999733,0,11.636312186718,0,911.304859101772,0,0,0,249.363170206547,0,0,0,0,0,139.50560683012,0,4.61581909656525,0,0,0,0,0,0,0,8.36237740516663,1.34938788414001,0,1.53354346752167,17.2106958031654,7.65393060445786,0,0,0,0,0,2.67044508457184
183.066872298717,0,93.8270489275455,5422.47946316004,0,4.30440270900726,62.9856423139572,9840.30905792117,0,5.29389744997025,3.86945348978043,2411.71893849969,0.975917816162109,780.422444373369,0,78.2072542905807,10.0044358372688,939.904329121113,692.23046168685,1712.53820645809,0,0,37.2514371275902,55.727240383625,0,0,0,0,9.21804523468018,158.751585572958,28.0758587121964,21.3644517958164,137.111649781466,250.953787893057,4.02092558145523,3.78238266706467,2.80198961496353,256.927182555199,0,54.9429797530174,0,0.764327347278595,0.855190992355347,0,0,0,0,9.1893954873085,0,12.6664997339249,0,39.1251751482487,0,0.638478398323059,0,32.5479100942612,75.5455150008202,11322.4777501523,0,759.408099025488,2.84324091672897,1145.26956662536,0,251.507315456867,0,781.238515198231,88.0428686439991,191.254926204681,441.705685347319,786.449966967106,300.55994489789,2905.52817872167,35.6408393681049,1880.32624006271,14.7262414693832,896.871096313,579.471596509218,4762.61789163947,0,6.78995335102081,0.648866832256317,32.5235859751701,0.786563694477081,0,0,379.056241154671,0,0,0,192.297828316689,0,0,0,0,0.513285219669342,196.48157787323,0,0.9407017827034,0,0,0,0,0,0,0,5.30657142400742,0,0.818370163440704,25.5819135308266,13.4681532382965,0,0,0,0,1.31247341632843,1.23845458030701
2951.00837144256,93.8270489275455,0,672.471165508032,982.698201030493,75.5360201597214,15283.0167295635,772.328807890415,545.647491842508,73.5309846997261,633.414708912373,127.262966394424,1752.98260381818,155.184938132763,339.08286523819,61.8999512791634,274.393902420998,15.2376452088356,1487.73645952344,650.17886531353,2.40122538805008,7.69731390476227,4105.32449606061,1193.56834769249,78.0561417341232,131.748930156231,14.4776093363762,17.2469455599785,710.465895235538,15.8706752061844,152.892168849707,287.313916623592,84.6489377319813,162.144176006317,8.03682264685631,1.2392543554306,177.818929672241,0,24.8607212007046,0,4.79011046886444,0,1.37518715858459,0,0,0,20.4648499786854,0,0,0,1.65105986595154,0,0,0,1.31980204582214,0,494.082184940577,0,405.363569140434,0,77.1514959037304,0,40.984611004591,0,20.2171828746796,0,430.217712074518,1.58058732748032,178.57540372014,0.563191592693329,2927.3398180902,778.507132917643,1768.64968031645,271.505863875151,515.977962344885,69.1116591095924,2364.55292320251,224.037659794092,7.77268505096436,0,34.988883972168,0,30.7561351060867,0,37.3505646586418,0,0,0,2.63757395744324,0,0,0,0,0,148.5243511796,2.30753779411316,5.15960964560509,0,0,0,0,0,0,0,6.35911518335342,1.33198606967926,0,0,14.1850002408028,15.4123774766922,0,0,0,0,0,0.870154082775116
198.133689343929,5422.47946316004,672.471165508032,0,87.9176577627659,1024.35868027806,542.583696097136,13678.6580494344,122.587882936001,616.837749779224,24.4642596840858,933.49865218997,192.943769872189,1104.49267271161,51.9196315407753,292.398984372616,3.77837193012238,267.873890548944,714.794623464346,2679.68018496037,4.6073505282402,2.3459507226944,1177.02871930599,3255.68796494603,29.2542861402035,75.5470053553581,14.329518198967,14.6032530367374,60.3055390715599,83.6598598062992,209.551084935665,204.897981703281,151.961769074202,241.071049928665,2.31126233935356,4.24429538846016,4.1697233915329,89.4083715379238,1.35894167423248,13.3881152570248,0,7.50874650478363,0,1.74499118328094,0,1.03504991531372,0,11.0379101037979,0,13.0110678374767,0,31.6653030216694,0,0,0,0.641276478767395,68.400105714798,502.285289555788,0,316.427663743496,0,139.234866201878,0,73.3122124671936,0,141.972507923841,21.1216800808907,240.778984129429,263.576991736889,70.753865480423,828.627607524395,2247.62906938791,179.163832873106,1503.96261766553,39.6485891342163,514.485623002052,312.370813131332,2345.56483763456,0,7.44867354631424,0,30.3077349960804,0,0,0,34.1370546221733,0,0,0,4.29224264621735,0,0,0,0,1.77099525928497,100.342434108257,0,0,0,0,0,0,0,0,0,2.04146534204483,0,0,24.1432310044765,7.8796826004982,0,0,0,0,0,0.717195749282837
0,0,982.698201030493,87.9176577627659,0,122.326269477606,215.256980925798,13.9417844712734,1981.97794097662,87.7647742331028,1.02869978547096,0,7.44423794746399,1.70014691352844,1820.98428913951,65.5093691647053,0,0,0,0.850468933582306,174.97133988142,18.5547996759415,250.477477550507,248.680053621531,144.558340668678,476.299931108952,593.045372694731,240.320573478937,450.598725348711,0.930363059043884,101.768863320351,111.085183560848,9.24541664123535,2.47941735386848,0,0,72.2160541713238,0,6.90747803449631,0,111.838071465492,0.983310043811798,3.65883362293243,0,0,0,13.3210093379021,0,1.45909667015076,0,1.92420345544815,0,0,0,4.16509717702866,0,0,0,0,0,0,0,0,0,1.41891247034073,0,1.1018580198288,0,0,0,971.642165362835,180.664875715971,570.877140283585,24.8021540045738,33.138436794281,2.94260615110397,66.4083884358406,0,0,0,12.659769743681,0,40.0196944475174,0,23.7880881428719,0,20.5106011927128,0,12.9958781003952,0,0,0,0,0,4.50955137610435,0.370673984289169,0,0,0,0,0,0,0,0,0.553069710731506,0,0,0,1.21315956115723,0,0,0,0,0,0,0
0,4.30440270900726,75.5360201597214,1024.35868027806,122.326269477606,0,3.19494044780731,422.283406972885,73.0709755420685,1883.93341195583,0,2.80895388126373,1.1581221818924,22.3458346128464,46.8894425034523,1508.75988596678,0,0,0,1.47731718420982,8.96574580669403,277.847645819187,170.420933157206,146.376098722219,110.180666714907,230.954611450434,101.013455629349,942.023758739233,10.6528000831604,119.06260985136,90.5778592228889,42.6215919554234,1.1240416765213,2.06668275594711,0,0,0.805437624454498,26.0553332269192,0,5.33844584226608,0.961644887924194,232.681708693504,0,0,0,0,0,0,0,0,0,0,0,0,0,0.935803711414337,0,0,0,0,0,0,0,0,0,0,0,0,0,0,248.67250752449,973.453394830227,19.7381977438927,678.510191768408,0,48.114543646574,0,97.3973379433155,0,0,0,1.73948323726654,0,57.356213003397,0,2.25733327865601,0,6.03514158725739,0,0,0,0,0,0,0,3.16444680094719,0,0,0,0,0,0,0,0,0,0.559700608253479,0,0,2.73661798238754,0,0,0,0,0,0,0
2598.34215191007,62.9856423139572,15283.0167295635,542.583696097136,215.256980925798,3.19494044780731,0,860.839219033718,969.591010689735,6.95951837301254,795.395705729723,144.374303758144,4522.13620200753,170.921748161316,176.102685898542,15.00377368927,48.3425416946411,12.5300392508507,122.837521791458,470.024911344051,0,1.26986384391785,686.005454361439,788.451789408922,4.7241789996624,7.33560529351234,0,1.06369531154633,247.692856639624,14.9622429609299,34.8039712011814,164.816611081362,21.6573610305786,144.706034123898,3.00680300593376,0,31.1866888999939,0,6.44968640804291,0,0.681464076042175,0,0,0,0,0,10.1865637898445,0,0,0,4.568643450737,0,2.99015128612518,0,9.22420614957809,0,693.993249505758,0,31.5221534967422,0,548.566498994827,0,98.4767416715622,0,90.3652774691582,0,7.87778717279434,0,19.6290866732597,0,3170.94094824791,554.284509003162,430.493426054716,201.849973261356,107.46566811204,58.9899855256081,701.132277727127,133.793383032084,1.02879369258881,0,52.5667486786842,0,6.70908540487289,0,275.556519925594,0,0,0,68.4273543953896,0,0,0,0,0,16.8445620834827,0,0,0,0,0,0,0,0,0,1.19481062889099,2.03347551822662,0.595437169075012,0,5.29334419965744,0.992928743362427,0,0,0,0,0,0
121.027540951967,9840.30905792117,772.328807890415,13678.6580494344,13.9417844712734,422.283406972885,860.839219033718,0,52.7165231406689,658.243365228176,27.1663845777512,1535.16337582469,343.311778962612,3061.11267542839,18.1580869555473,158.132391244173,2.10900175571442,89.6614326238632,595.155040681362,280.115324348211,0,2.12019872665405,1320.98132553697,639.725530683994,10.9021881222725,26.7249976992607,0.618246793746948,9.77158272266388,52.9557027220726,50.9570500254631,147.781683921814,140.265342146158,115.051017075777,83.597450196743,4.7201943397522,1.97717076539993,3.84078246355057,35.2897040843964,1.50337541103363,7.11202269792557,0,1.82228976488113,0,1.62014961242676,0,0,0,3.61045935750008,0,4.51912027597427,0,42.4887946546078,0,1.42223155498505,0,20.6163063049316,30.303933262825,973.424844890833,0,333.870982140303,0,681.364808768034,0,122.323293626308,0,600.680479884148,9.49165463447571,32.5637138485909,102.397367089987,0,952.862326443195,3335.127089113,182.921227037907,532.110310137272,31.4449083805084,203.785682290792,232.79545712471,1085.11883333325,0,8.73719495534897,0,47.1619119644165,2.6442277431488,0,0,396.509047955275,0,0,0,58.8366319537163,0,0,0,0,0,33.1821793019772,0,0,0,0,0,0,0,0,0,1.58210742473602,0,0,6.10000115633011,1.38691943883896,0,0,0,0,0,0
4.50735864043236,0,545.647491842508,122.587882936001,1981.97794097662,73.0709755420685,969.591010689735,52.7165231406689,0,58.9172812700272,4.41808816790581,0,219.174590677023,14.4468712806702,3127.59187334776,38.9784201383591,1.36350372433662,0,5.39253172278404,0.681322455406189,26.9500749707222,3.7743576169014,311.788018852472,272.491104066372,83.0890023112297,132.106006860733,23.1850491464138,30.3243473768234,282.107971012592,1.33423900604248,59.0251097679138,58.9198845624924,5.50524741411209,1.58451569080353,0,0,28.5530084073544,0,2.27893343567848,0,41.4908288121223,0,0,0,0,0,5.88498914241791,0,0,0,0,0,0,0,0,0,0,0,0,0,0,0,0,0,0,0,0,0,0,0,1156.8709885776,131.256764948368,809.181511193514,22.4744538068771,38.1208447813988,2.62098908424377,180.272057414055,0,0,0,9.29171317815781,0,8.21510982513428,0,11.5428751111031,0,6.07799917459488,0,0.578362941741943,0,0,0,0,0,7.98232480883598,0,0.353405565023422,0,0,0,0,0,0,0,0.492142260074615,0,0,0,0.591142773628235,0.599739193916321,0,0,0,0,0,0
0,5.29389744997025,73.5309846997261,616.837749779224,87.7647742331028,1883.93341195583,6.95951837301254,658.243365228176,58.9172812700272,0,0,9.64940232038498,1.23867249488831,129.657065242529,24.0352683663368,1709.88576611876,0,0,0,0.733033180236816,4.52163851261139,51.4158838689327,148.29026350379,121.073932349682,77.4164382219315,103.38407561183,53.7184288203716,200.784893959761,3.27732241153717,71.2144055962563,45.3810176849365,27.9149599075317,1.4622665643692,3.6526272892952,0,0,0,14.0515605509281,0,0,0,97.0988287031651,0,0,0,0,0,1.75669080018997,0,0,0,0,0,0,0,0,0,0.614357531070709,0,0,0,0,0,0,0,0,0,0.610218584537506,0,0,177.406346946955,1108.5307302475,24.9536706805229,726.14498513937,0,63.9603418409824,0.988533914089203,157.481053173542,0,0,0,1.68283885717392,0.680639982223511,10.4070312380791,0,0,0,1.36454480886459,0,1.14230215549469,0,0,0,0,0,4.39280417561531,1.36768710613251,0,0,0,0,0,0,0,0,0,0,0,1.27586969733238,1.33524596691132,0,0,0,0,0.56577068567276,0.723349273204803
2287.69442462921,3.86945348978043,633.414708912373,24.4642596840858,1.02869978547096,0,795.395705729723,27.1663845777512,4.41808816790581,0,0,4.11850720643997,2141.51420772076,5.81647175550461,19.7837481498718,0,734.858178675175,0,373.366293519735,74.2486147284508,0,0,141.763602226973,18.3968358039856,0,0,0,0,651.84492212534,0,10.2026625871658,8.02292966842651,14.2970348000526,33.0230240225792,0,0,13.6791365146637,0,10.3716424107552,0,2.07824850082397,0,0,0,0,0,0,0,0,0,0,0,3.45435059070587,0,1.03156673908234,0,347.076468348503,0,19.0618726313114,0,304.016759097576,0,566.860799491405,0,9.56898993253708,0,7.39319574832916,0,22.2224548459053,0,435.811894923449,21.5287876725197,163.577714979649,6.93141674995422,33.2123557925224,3.83847105503082,187.67917278409,10.226056098938,33.5606020092964,0,505.52750647068,0,48.6634770035744,0,593.160460174084,0,0,0,95.0441908240318,0,0,0,0,0,9.02787107229233,0,0,0,0,0,0,0,0,0,0,0,1.76496934890747,0,0.862246751785278,0,0,0,0,0,0,0
16.4609244465828,2411.71893849969,127.262966394424,933.49865218997,0,2.80895388126373,144.374303758144,1535.16337582469,0,9.64940232038498,4.11850720643997,0,27.9718199968338,2486.07571601868,0,137.107608556747,0.708340704441071,902.939577996731,245.224582821131,538.636616706848,0,0,137.426973313093,214.127220839262,0,0,0,1.3583105802536,7.90410596132278,610.527372360229,32.5362502932549,95.2816109657288,30.9225310087204,47.3023803532124,0,1.60917541384697,0,10.4564343094826,0,0,0,0,0,0,0,0,0,0.679885447025299,0,0,0,7.26856625080109,0,0,0,0,1.73406755924225,248.39857006073,0,72.5489097833633,0,911.990882277489,0,730.294980108738,0,372.022504389286,0,11.4118777215481,0,3.2983760535717,228.721910476685,1186.46317827702,29.3878489732742,713.303463965654,0,53.6405980587006,46.0710968971252,242.132525920868,0,3.2895285487175,0,167.42005610466,0,0,0,140.803011357784,0,0,0,2.91254460811615,0,0,0,0,1.78419303894043,4.8669056892395,0,0,0,0,0,0,0,0,0,1.07745754718781,0,0,4.00202107429504,0,0,0,0,0,0,0
2301.41761639714,0.975917816162109,1752.98260381818,192.943769872189,7.44423794746399,1.1581221818924,4522.13620200753,343.311778962612,219.174590677023,1.23867249488831,2141.51420772076,27.9718199968338,0,43.8932672441006,2677.90144100785,1.29703772068024,259.65109360218,0,363.463605374098,118.661082416773,0,0,936.683272331953,254.786644726992,2.66911017894745,0,0,0,2457.5359172225,0.985358834266663,55.8771700263023,71.6694942712784,38.7352024316788,62.3116173744202,1.67560696601868,0.886172354221344,29.7633975744247,0,4.59660643339157,0,2.08968365192413,0,0,0,0,0,5.3016699552536,0,0,0,0,0,4.12955284118652,0,1.43061542510986,0,366.452056467533,0,13.4419876337051,0,293.379075169563,0,412.877270936966,0,10.13972479105,0,5.95379096269608,0,38.4420028030872,0,2863.53077507019,211.378275305033,922.601403295994,66.0148123502731,138.690685600042,13.3652690052986,693.923054516315,14.2744812071323,29.0452639460564,0,693.211718380451,0,20.7039667367935,0,691.758840739727,0,0,0,63.0489292144775,0,0,0,0,0,15.2876114249229,0,0,0,0,0,0,0,0,0,0,0,0,0,2.8767791390419,0,0,0,0,0,0,2.08879345655441
0,780.422444373369,155.184938132763,1104.49267271161,1.70014691352844,22.3458346128464,170.921748161316,3061.11267542839,14.4468712806702,129.657065242529,5.81647175550461,2486.07571601868,43.8932672441006,0,2.08125996589661,2258.71995002031,0,170.206494420767,53.2407057881355,141.043213963509,0,1.08589601516724,315.514343708754,511.291240483522,1.07285344600677,3.31705766916275,0,2.07754629850388,13.4581523537636,954.177755355835,32.6150830984116,106.482937127352,27.9574256539345,66.4095892608166,0,2.89949548244476,0,27.0409326255322,0,0,0,4.66649013757706,0,0,0,0,0,0.75216805934906,0,0,0,9.57478964328766,0,0,0,0,0,105.393303602934,0,21.8647316098213,0,509.797677695751,0,610.508978366852,0,238.466346681118,0,3.57944887876511,0,0,301.580091178417,1999.27655592561,30.2552706003189,1481.75590491295,4.42700108885765,145.813136428595,9.48717284202576,529.604757815599,0,0,0,218.185446381569,0,0,0,102.391489326954,0,0,0,1.58383858203888,0,0,0,0,1.98658865690231,19.9671557843685,0,0,0,0,0,0,0,0,0,0,0,0,4.91756588220596,1.23727536201477,0,0,0,0,0,0
10.2548281550407,0,339.08286523819,51.9196315407753,1820.98428913951,46.8894425034523,176.102685898542,18.1580869555473,3127.59187334776,24.0352683663368,19.7837481498718,0,2677.90144100785,2.08125996589661,0,11.7849044203758,12.8662712574005,0,10.0227312743664,0,143.489368289709,16.3386226296425,213.44792625308,132.655034661293,149.403733193874,127.556433469057,361.727316439152,135.685515493155,3319.39392212033,0,102.247239559889,46.0246738195419,5.22807848453522,2.2812871336937,0,0,64.9856766462326,0,5.36632916331291,0,63.2783932089806,0.501688957214355,2.46612420678139,0,0,0,18.7893581986427,0,0,0,6.58648562431335,0,0,0,2.72321200370789,0,8.54771247506142,0,0,0,0,0,0,0,0,0,0,0,1.20080065727234,0,1706.75684833527,79.3790497481823,2151.72641888261,13.5988924503326,174.673972100019,2.06100273132324,695.317774027586,0,2.97190257906914,0,25.2200037240982,0,52.9457249045372,0,28.1042831540108,0,17.366986811161,0,7.90049982070923,0,0,0,0,0,16.7553805410862,0,0,0,0,0,0,0,0,0,1.71742203831673,0.412106186151505,0,0,7.9344936311245,0.817547261714935,0,0,0,0,0,0
0,78.2072542905807,61.8999512791634,292.398984372616,65.5093691647053,1508.75988596678,15.00377368927,158.132391244173,38.9784201383591,1709.88576611876,0,137.107608556747,1.29703772068024,2258.71995002031,11.7849044203758,0,0,59.1725843548775,0,14.1371957063675,3.00790643692017,126.504797518253,95.1189061403275,200.816828787327,40.1149003505707,89.0260785520077,29.501309633255,292.904652446508,4.45447301864624,2027.07210671902,33.9793056547642,42.896789431572,2.10837292671204,12.3736054599285,0,0,0,53.3853820562363,0.607060790061951,1.06634438037872,1.60660821199417,285.785881668329,0,0,0,0,0,2.126649081707,0,0,0,0,0,0,0,4.18170768022537,0,37.2952651083469,0,0,0,0,0,26.5990089774132,0,0,0,0,0,0,152.636267602444,1420.42699187994,15.1237617731094,3372.52437761426,0,190.020896196365,1.28645265102386,514.541283756495,0,2.12788498401642,0,20.543180167675,0,61.3454158902168,0,1.65898853540421,0.712719202041626,4.12103736400604,0,1.20423197746277,0,0,0,0,1.13878226280212,24.2435971200466,0.85929274559021,0,0,0,0,0,0,0,0,1.33527183532715,0,0,2.41124457120895,1.90748751163483,0,0,0,0,0,0.680555939674377
490.301864773035,10.0044358372688,274.393902420998,3.77837193012238,0,0,48.3425416946411,2.10900175571442,1.36350372433662,0,734.858178675175,0.708340704441071,259.65109360218,0,12.8662712574005,0,0,0,185.566023409367,23.1074600219727,0,0,28.0875815451145,1.51317811012268,0,0,0,0,2986.42561098933,0,8.08482491970062,1.68077993392944,7.78901541233063,10.7348163723946,0,0,21.4077239632607,0,2.93454802036285,0,1.4329571723938,0,0.882632374763489,0,0,0,0.522924304008484,0,0,0,1.25075197219849,0,2.19716167449951,0,0,0,1591.24584430456,1.55501282215118,38.9346969425678,0,147.600906997919,0,1227.95157557726,0.921627998352051,14.7745587229729,0,23.9370395839214,0,39.0323126614094,0,239.441425681114,8.65846544504166,383.948319256306,0,43.7490715384483,1.48756003379822,176.85488986969,9.11917942762375,652.599010527134,0,2351.24734765291,0,67.3359795808792,0,233.156660228968,0,0,0,40.1517008543015,0,0,0,0,0,9.28365716338158,0,0,0,0,0,0,0,0,0,0,0,0,0,1.47575235366821,0,0,0,0,0,0,0
20.0771362781525,939.904329121113,15.2376452088356,267.873890548944,0,0,12.5300392508507,89.6614326238632,0,0,0,902.939577996731,0,170.206494420767,0,59.1725843548775,0,0,131.763586938381,279.063368529081,0,0,9.04493373632431,28.0455748438835,0,0,0,1.24338889122009,0,2235.69988304377,9.85656505823135,10.995137155056,11.1433723568916,35.9773755669594,0.877226412296295,2.28426444530487,0.708500385284424,10.8740435242653,0,5.07360416650772,0,0,0,0,0,0,0,2.10181373357773,0,0,0,3.85450786352158,0,0,0,1.07228875160217,10.3943395018578,2097.69214898348,1.53672695159912,79.2932133078575,0,614.167713284492,1.29936850070953,2710.21595194936,0,40.087446808815,15.6701786518097,5.74734079837799,13.1412917971611,26.6635367870331,82.6261935830116,662.033237159252,4.78209394216537,1839.27662855387,0.896820545196533,64.1691337823868,82.0191749930382,278.129256933928,0,171.297716349363,0,734.219489246607,0,5.44580274820328,0,50.8590692281723,0,0,0,5.41814863681793,0,0,0,0,0,12.6811835169792,0,1.53230285644531,0,0,0,0,0,0,0,0,0,0,0.822398602962494,0,0,0,0,0,0,0
1164.6744466424,692.23046168685,1487.73645952344,714.794623464346,0,0,122.837521791458,595.155040681362,5.39253172278404,0,373.366293519735,245.224582821131,363.463605374098,53.2407057881355,10.0227312743664,0,185.566023409367,131.763586938381,0,3582.57076302171,0,0,2057.79303196073,287.5948779881,2.19187486171722,0,0,0,172.806524008512,28.2178480029106,387.210860073566,332.755025207996,2497.62051680684,823.000600665808,15.7007423043251,0.831238508224487,138.166873365641,3.37201482057571,25.4528763890266,0,1.75141143798828,0,13.4459191262722,0,4.21098041534424,0,26.9054210186005,0,0.474380791187286,0,1.02893757820129,0,0,0,0,0,274.941148847342,13.5463729798794,302.147988677025,0.662976682186127,36.7523655295372,0,15.7268704771996,0,24.7396319508553,0,2320.07608243823,29.5112651586533,4690.4023398459,27.7723529338837,1162.16283473372,621.254664421082,716.539386034012,415.114509016275,347.537512600422,177.891002386808,1820.56160548329,889.552154868841,2.8984951376915,0,14.1532302498817,0,25.3226815760136,0,9.16324180364609,1.72184991836548,0,0,0,0,0,0,0,0,92.4580055773258,0.959582448005676,2.69866025447845,0,0,0,0,0,0,0,5.40962338447571,0,0,0,5.60478207468987,6.36882355809212,0,0,0,0,0,0
759.189387053251,1712.53820645809,650.17886531353,2679.68018496037,0.850468933582306,1.47731718420982,470.024911344051,280.115324348211,0.681322455406189,0.733033180236816,74.2486147284508,538.636616706848,118.661082416773,141.043213963509,0,14.1371957063675,23.1074600219727,279.063368529081,3582.57076302171,0,0,1.22127044200897,552.402238965034,855.056154489517,0,0.876958549022675,0,0,56.2091346383095,51.8845232725143,189.922758638859,436.95535326004,575.788367658854,4032.66768997908,4.3795440196991,11.8525913953781,9.92738324403763,76.0714147686958,0,22.330083489418,0,0.561422109603882,0,2.22209376096725,0,0.761917531490326,0,35.0500699579716,0,6.67460125684738,0,10.5791616439819,0,0,0,0,243.362944751978,774.368055224419,1.77863699197769,275.659631967545,0,48.9116065204144,0,35.1657028198242,0,39.2546907365322,123.150439858437,1439.10903790593,994.181425899267,2787.49641236663,826.004732400179,1046.18389195204,258.06273239851,561.566648542881,116.092201262712,316.315787911415,818.477530777454,2178.79546654224,0,2.01339024305344,0,5.30360382795334,1.16301131248474,0,0,12.3882332444191,0,0,0,1.33007740974426,0,0,0,0,0.965008318424225,84.3168206214905,0,0,0,0,0,0,0,0,0,0.683526396751404,0,0,12.8770972490311,5.28516840934753,0,0,0,0,0,0
1.60114765167236,0,2.40122538805008,4.6073505282402,174.97133988142,8.96574580669403,0,0,26.9500749707222,4.52163851261139,0,0,0,0,143.489368289709,3.00790643692017,0,0,0,0,0,44.4710648655891,43.1826140284538,14.333598703146,154.194603770971,35.3080394566059,718.540654599667,115.240429580212,179.249257266521,0,888.505883127451,33.1407808661461,96.0840352475643,3.04394054412842,34.4542031288147,0,81.9056614637375,1.05315089225769,10.8073326349258,1.51161623001099,255.713415205479,15.0746140480042,3.52534157037735,0,0,0,21.4870021343231,0,1.34052956104279,0,2.69482529163361,0,0,0,5.64150732755661,0,0,0,0,0,0.537557780742645,0,1.04786789417267,0,5.47685289382935,0,8.65774393081665,0.606607258319855,0,0,746.183620899916,190.419703900814,151.91431593895,7.38229793310165,18.182753443718,6.37545937299728,12.6809939742088,4.40615344047546,0,0,4.13901793956757,0,23.1479194760323,0.826077222824097,11.7723615169525,0,17.9494141936302,0,3.37121659517288,0,1.28024804592133,0,0,0,3.98731333017349,0,0,0,0,0,0,0,0,0,0,0,0,0,0,0,0,0,0,0,0,0
0,0,7.69731390476227,2.3459507226944,18.5547996759415,277.847645819187,1.26986384391785,2.12019872665405,3.7743576169014,51.4158838689327,0,0,0,1.08589601516724,16.3386226296425,126.504797518253,0,0,0,1.22127044200897,44.4710648655891,0,14.7885800004005,32.4914253652096,21.4352324306965,311.190741509199,57.7370539605618,1576.97944638133,3.12875026464462,51.7783272862434,85.2511523962021,1187.53194409609,17.1856809854507,83.0308938324451,0.914043098688126,18.2341501712799,0,56.689320743084,0,15.1623004674911,1.75659227371216,520.943391025066,0,0,0,0,0,2.17907112836838,0,0,0,0,0,0,0,0,0,0,0,0,0,0,0,0,0,0,0,6.39862388372421,0,0,51.0928310751915,344.081358462572,3.95314490795135,364.603770911694,0,6.50826287269592,0.806896805763245,11.4834509193897,0,0,0,0,1.9305025935173,179.782316803932,1.01771283149719,0.783883512020111,0,3.15892052650452,1.62821614742279,0,0,0,0,0,0,0,0,0,0,0,0,0,0,0,0,0.583367347717285,0,0,0,0,0,0,0,0,0,0
42.8894446790218,37.2514371275902,4105.32449606061,1177.02871930599,250.477477550507,170.420933157206,686.005454361439,1320.98132553697,311.788018852472,148.29026350379,141.763602226973,137.426973313093,936.683272331953,315.514343708754,213.44792625308,95.1189061403275,28.0875815451145,9.04493373632431,2057.79303196073,552.402238965034,43.1826140284538,14.7885800004005,0,3139.2935513854,298.072690039873,498.928011238575,219.238044500351,130.647329479456,485.854692280293,14.3590684533119,3939.80635243654,1277.76513534784,994.24610260129,375.289660722017,155.099218308926,0,36.4713703095913,1.34533274173737,11.6974394321442,0,5.95073997974396,1.55555129051208,72.1025774776936,0,1.41574215888977,0,58.092926710844,0,0,0,0,0,0,0,0,0,25.1255087852478,0,6.20310860872269,0,1.41229778528214,0,3.50285667181015,0,1.37821465730667,0,507.813798904419,0.903448581695557,19.0417094826698,0,2383.68778926134,1198.49266940355,1060.88706561923,576.019495487213,239.654107064009,138.828497856855,1217.95328599215,313.942717641592,3.13413047790527,0,11.0179842710495,0,11.8099343180656,0,0,0,0,0,0,0,0,0,0,0,52.7268405556679,0,1.84623205661774,0,0,0,0,0,0,0,1.12546801567078,0,0,0,4.01439192891121,3.05772751569748,0,0,0,0,0,0.722935199737549
10.9947502613068,55.727240383625,1193.56834769249,3255.68796494603,248.680053621531,146.376098722219,788.451789408922,639.725530683994,272.491104066372,121.073932349682,18.3968358039856,214.127220839262,254.786644726992,511.291240483522,132.655034661293,200.816828787327,1.51317811012268,28.0455748438835,287.5948779881,855.056154489517,14.333598703146,32.4914253652096,3139.2935513854,0,226.310690790415,1268.31033313274,92.2058571577072,100.892376154661,90.247999638319,37.1660234034061,766.052788764238,3441.08714848757,129.375651896,1728.80580589175,0,81.312118023634,0,21.9727746248245,0,1.28277039527893,0,6.26013189554214,0,6.52811187505722,0,0,0,32.4816710948944,0,0,0,0,0,0,0,0,2.40603762865067,16.0648316442966,0,6.96430736780167,0,1.04234826564789,0,4.59195667505264,0,0,0,261.061173439026,0,18.8602766096592,1322.64866030216,1582.40006649494,317.459523946047,1005.96110770106,43.9080270528793,267.076846390963,79.687702447176,725.936219334602,0,0,0,1.77955758571625,0.757588446140289,1.21623587608337,0,1.48562681674957,0,0,0,0,0,0,0,0,0,20.8428258001804,0,0,0,0,0,0,0,0,0,0,0,0,4.81074541807175,3.91751450300217,0,0,0,0,0,0
0,0,78.0561417341232,29.2542861402035,144.558340668678,110.180666714907,4.7241789996624,10.9021881222725,83.0890023112297,77.4164382219315,0,0,2.66911017894745,1.07285344600677,149.403733193874,40.1149003505707,0,0,2.19187486171722,0,154.194603770971,21.4352324306965,298.072690039873,226.310690790415,0,579.479373425245,993.945643305779,230.588519066572,35.9474735856056,0,534.48966562748,131.975823640823,51.8268349766731,4.461470246315,18.3873588144779,0,2.81551325321198,0,0,0.718345880508423,10.9790080189705,1.54616737365723,0,0,0,0,0.641789495944977,0,0,0,0,0,0,0,0,0,0,0,0,0,0,0,0,0,0,0,2.74344497919083,0,0,0,407.217489421368,102.450207471848,92.4985345304012,7.34510764479637,4.94493734836578,0,6.88400304317474,0,0,0,1.40857446193695,0,4.51086503267288,0,0.978803932666779,0,0.51348876953125,0,1.44102728366852,0,0,0,0,0,0.433999925851822,0,0,0,0,0,0,0,0,0,0,0,0,0,0,0,0,0,0,0,0,0
0,0,131.748930156231,75.5470053553581,476.299931108952,230.954611450434,7.33560529351234,26.7249976992607,132.106006860733,103.38407561183,0,0,0,3.31705766916275,127.556433469057,89.0260785520077,0,0,0,0.876958549022675,35.3080394566059,311.190741509199,498.928011238575,1268.31033313274,579.479373425245,0,572.407591611147,1126.61845242977,24.2132743597031,7.54522013664246,561.528600126505,723.834213107824,20.1383272409439,46.2510813474655,1.44689571857452,8.05058434605598,0.867125689983368,0.537010371685028,0,0.534305214881897,11.6631169915199,20.6606431007385,0,0,0,0,0,0,0,0,0,0,0,0,0,0,0,0,0,0,0,0,0,0,0,0,0,7.42573961615562,0,0,535.33256611228,450.576061069965,52.4359097778797,133.573283702135,0,12.9728209376335,0,35.210521876812,0,0,0,0,0,2.42859092354774,0,0,0,0,0,0,0,0,0,0,0,0,0,0,0,0,0,0,0,0,0,0,0,0,0,0,0,0,0,0,0,0
0,0,14.4776093363762,14.329518198967,593.045372694731,101.013455629349,0,0.618246793746948,23.1850491464138,53.7184288203716,0,0,0,0,361.727316439152,29.501309633255,0,0,0,0,718.540654599667,57.7370539605618,219.238044500351,92.2058571577072,993.945643305779,572.407591611147,0,543.109751313925,56.510021597147,0,613.398723453283,139.024208247662,50.8888400495052,4.5502642095089,18.9867104887962,0,111.301645219326,34.8718860149384,44.0531220436096,7.2813566327095,41.0498832762241,2.87334114313126,0,0,0,0,3.38748627901077,0,0,0,2.2119505405426,0,0,0,0.898363351821899,0,0,0,0,0,0,0,0,0,0,0,2.53112101554871,0,0,0,600.567376315594,111.496109992266,74.7640998959541,15.6414754986763,25.0246652066708,1.28593313694,4.98840010166168,0.757210195064545,0,0,0.763195216655731,0,10.2062647342682,0.687682747840881,3.44802469015121,0,8.23697412014008,0,4.87310981750488,0,0,0,0,0,0.924455046653748,0,0,0,0,0,0,0,0,0,0,0,0,0,0,0,0,0,0,0,0,0
0,0,17.2469455599785,14.6032530367374,240.320573478937,942.023758739233,1.06369531154633,9.77158272266388,30.3243473768234,200.784893959761,0,1.3583105802536,0,2.07754629850388,135.685515493155,292.904652446508,0,1.24338889122009,0,0,115.240429580212,1576.97944638133,130.647329479456,100.892376154661,230.588519066572,1126.61845242977,543.109751313925,0,28.2553644180298,14.1076480448246,337.103091597557,174.794730901718,9.57243424654007,16.8239071071148,0,1.50214791297913,30.0326581001282,108.952555507421,10.1221694946289,27.1742422580719,15.8507232069969,152.05903711915,0,1.41696220636368,0,0.980539798736572,0,2.96022421121597,0,0,0,0,0,0,0,0.779755771160126,0,0,0,0,0,0.676203787326813,0,0,0,0,0,0.433906257152557,0,0,399.947567343712,598.680896192789,16.1825488805771,274.484243541956,7.2832316160202,20.8561089336872,0,24.7639200091362,0,0,0.935619115829468,2.04642140865326,2.34952265024185,48.7413935959339,0,0,0.816732168197632,3.09092086553574,0,0,0,0,0,0,1.72454965114594,1.20434239506721,0,0,0,0,0,0,0,0,0,0.972490012645721,0,0,0,0,0,0,0,0,0,0
289.201284259558,9.21804523468018,710.465895235538,60.3055390715599,450.598725348711,10.6528000831604,247.692856639624,52.9557027220726,282.107971012592,3.27732241153717,651.84492212534,7.90410596132278,2457.5359172225,13.4581523537636,3319.39392212033,4.45447301864624,2986.42561098933,0,172.806524008512,56.2091346383095,179.249257266521,3.12875026464462,485.854692280293,90.247999638319,35.9474735856056,24.2132743597031,56.510021597147,28.2553644180298,0,2.83710396289825,42.3637577295303,56.4235230088234,23.6905184388161,18.7170934379101,19.6336241364479,16.8316930830479,185.297881603241,9.0878102183342,42.025424182415,0,247.841321647167,0,186.321809828281,3.14498007297516,68.289558917284,1.18680834770203,214.010490298271,0.801073431968689,150.593495577574,0,212.808760493994,0,36.0876867175102,0,118.263285249472,0,1076.80613091588,3.65287661552429,307.709056019783,1.40359973907471,201.110711634159,0,590.127889186144,0,125.502930939198,0,235.188388466835,17.1997745633125,75.3520046770573,3.55469703674316,629.303319960833,73.8888115882874,1934.59323456883,18.647969186306,72.9858426451683,3.5962415933609,365.99157717824,25.071101129055,631.156892061234,0,2004.23912459612,0,850.67727342248,0,626.629882276058,0,199.061930716038,0,197.715071022511,0,7.27900516986847,1.42286360263824,0.378846883773804,0,15.9152884185314,3.35539031028748,3.40702211856842,0,0,0,0,0,1.71622437238693,0,2.93215748667717,0,0.57549661397934,0,2.49622011184692,2.58797550201416,0,0,0,0,0,1.24258458614349
3.15456336736679,158.751585572958,15.8706752061844,83.6598598062992,0.930363059043884,119.06260985136,14.9622429609299,50.9570500254631,1.33423900604248,71.2144055962563,0,610.527372360229,0.985358834266663,954.177755355835,0,2027.07210671902,0,2235.69988304377,28.2178480029106,51.8845232725143,0,51.7783272862434,14.3590684533119,37.1660234034061,0,7.54522013664246,0,14.1076480448246,2.83710396289825,0,8.77298736572266,9.43310242891312,7.77304738759995,10.5458059310913,7.38253355026245,3.23543930053711,4.10510575771332,200.166309654713,0,12.6212283372879,0,352.706007361412,13.7569491267204,61.0868413448334,0.756282806396484,34.3437364399433,1.56728857755661,74.7003825306892,0,58.5612010657787,0,64.2626581788063,0,33.5956365168095,0,23.5932117700577,7.01181608438492,421.656756997108,1.10931348800659,178.221909761429,0,94.9855775237083,0,382.451406061649,0,58.7964518666267,22.4838904738426,85.1406635046005,3.01569640636444,12.5473460555077,26.663213968277,266.802553415298,3.43567132949829,4819.51559585333,0,40.4423385262489,12.6892846822739,124.182850778103,0,511.156453579664,0,875.111890166998,0,679.886855632067,0,113.719473212957,0,19.7761971950531,0,35.5261124968529,0,0.828288495540619,0,0,0,9.12640315294266,0.60168194770813,0.752881944179535,0,3.56201446056366,0,0,0,1.80417060852051,1.27409195899963,3.51702523231506,0,0,2.28146374225616,0,0,0,0,0,1.12053728103638,0
10.751805126667,28.0758587121964,152.892168849707,209.551084935665,101.768863320351,90.5778592228889,34.8039712011814,147.781683921814,59.0251097679138,45.3810176849365,10.2026625871658,32.5362502932549,55.8771700263023,32.6150830984116,102.247239559889,33.9793056547642,8.08482491970062,9.85656505823135,387.210860073566,189.922758638859,888.505883127451,85.2511523962021,3939.80635243654,766.052788764238,534.48966562748,561.528600126505,613.398723453283,337.103091597557,42.3637577295303,8.77298736572266,0,882.634993314743,1446.84929397702,185.162945449352,282.950708180666,2.25912046432495,12.0731006264687,2.39520269632339,20.7221641242504,0,10.3689861297607,0,137.994505286217,0.669138848781586,7.04089546203613,0,64.5926143825054,0,0,0,0,0,0,0,0,0,1.76416885852814,1.41976425051689,0.44093656539917,0.635740637779236,0,1.22957909107208,0.581291079521179,1.3594799041748,0,0,882.506629884243,5.1617958843708,10.0425705313683,0.785803616046906,977.313254863024,278.315087288618,105.780313551426,128.326576530933,18.6392556428909,35.6927134394646,126.582738637924,153.564148753881,0,0,2.06727194786072,1.04380249977112,2.56111526489258,0,0,0,0.75928008556366,0,0,0,0,0,0,0,2.90450727939606,1.14372074604034,0,0,0,0,0,0,0,0,0,0.560091555118561,0,0,1.56115400791168,0.799725353717804,0,0,0,0,0,0
7.7470378279686,21.3644517958164,287.313916623592,204.897981703281,111.085183560848,42.6215919554234,164.816611081362,140.265342146158,58.9198845624924,27.9149599075317,8.02292966842651,95.2816109657288,71.6694942712784,106.482937127352,46.0246738195419,42.896789431572,1.68077993392944,10.995137155056,332.755025207996,436.95535326004,33.1407808661461,1187.53194409609,1277.76513534784,3441.08714848757,131.975823640823,723.834213107824,139.024208247662,174.794730901718,56.4235230088234,9.43310242891312,882.634993314743,0,254.734643697739,2348.17744633555,1.74602079391479,115.081688523293,4.01831007003784,7.88305920362473,0,6.5214056968689,1.6309802532196,3.08165949583054,0,8.51941829919815,0,1.40387591719627,4.47850233316422,68.3006308078766,0,0,0,0,0,0,0,0,2.29035884141922,10.5417020022869,0,1.43941330909729,1.83973729610443,6.25683617591858,0,6.04331594705582,0,1.56320655345917,25.2093300521374,553.102310806513,1.42550325393677,4.8371467590332,454.261923551559,473.392396122217,150.731055021286,228.550739586353,26.5330003499985,114.161139249802,157.12208199501,365.9599404037,0,0,0,1.54322355985641,0,0,0,0,0,0,0,0,0,0,0,0,1.76894813776016,10.7546784877777,0,0,0,0,0,0,0,0,0.925726771354675,2.84492307901382,0,0,2.43790054321289,0.645154297351837,0.466017752885818,0,0,0,0.61411988735199,0.750177800655365
25.5991752743721,137.111649781466,84.6489377319813,151.961769074202,9.24541664123535,1.1240416765213,21.6573610305786,115.051017075777,5.50524741411209,1.4622665643692,14.2970348000526,30.9225310087204,38.7352024316788,27.9574256539345,5.22807848453522,2.10837292671204,7.78901541233063,11.1433723568916,2497.62051680684,575.788367658854,96.0840352475643,17.1856809854507,994.24610260129,129.375651896,51.8268349766731,20.1383272409439,50.8888400495052,9.57243424654007,23.6905184388161,7.77304738759995,1446.84929397702,254.734643697739,0,316.921035587788,679.013743311167,13.5237571597099,14.8012467324734,7.00563275814056,32.0374990999699,1.91980940103531,0,0,119.812561511993,0,23.7573327422142,0,60.2970570325851,7.42329889535904,0.628304362297058,0,0,0,0,0,1.39196002483368,0,112.422515869141,103.827307343483,39.112543463707,25.8554828763008,0,4.95594871044159,1.39219558238983,16.2264755368233,0.489644050598145,5.06882864236832,4801.6868301928,203.295625627041,1485.58505049348,175.164857745171,349.518547713757,120.854990065098,82.4075085222721,65.5903643965721,14.245292365551,14.3351837992668,177.739009797573,176.095528304577,0,0,1.88085007667542,11.8994081020355,0.633608043193817,0,0,0,0,0,0,0,0,0,0,0,6.99713528156281,0.838493883609772,0.727568328380585,0,0,0,0,0,0,0,2.84936314821243,0,0,0,0,0.563029170036316,0,0,0,0,0,0.985838115215302
106.235738396645,250.953787893057,162.144176006317,241.071049928665,2.47941735386848,2.06668275594711,144.706034123898,83.597450196743,1.58451569080353,3.6526272892952,33.0230240225792,47.3023803532124,62.3116173744202,66.4095892608166,2.2812871336937,12.3736054599285,10.7348163723946,35.9773755669594,823.000600665808,4032.66768997908,3.04394054412842,83.0308938324451,375.289660722017,1728.80580589175,4.461470246315,46.2510813474655,4.5502642095089,16.8239071071148,18.7170934379101,10.5458059310913,185.162945449352,2348.17744633555,316.921035587788,0,39.0795485973358,763.394743174314,16.0845640301704,36.1502497494221,4.2133726477623,66.5420881211758,0,1.75363779067993,3.70459544658661,19.3582156300545,0.743626177310944,2.42867740988731,7.42658412456512,174.560017943382,0,1.99887007474899,0,0,0,0,0,0,93.8063164353371,386.611826956272,28.9966452121735,71.5748589634895,3.77612721920013,13.3777156472206,5.37334001064301,16.0641376376152,2.47788918018341,6.17852264642715,653.312751531601,5208.36473754048,569.925156712532,970.251019746065,245.032590270042,321.443585664034,70.2166483998299,195.982093036175,38.0767164230347,76.7536452710629,246.844477623701,495.08533346653,1.05167317390442,2.02058589458466,2.52733838558197,38.1382884383202,3.73044615983963,0,0,7.86382094025612,0,0,0,1.59615039825439,0,0,0,0,7.40528282523155,27.2630611360073,0,0,0,0,0,0,0,0,0.992440164089203,1.83907216787338,0,0.888611435890198,5.50177562236786,0,2.11790698766708,0,0,0,0,0.573922991752625
0,4.02092558145523,8.03682264685631,2.31126233935356,0,0,3.00680300593376,4.7201943397522,0,0,0,0,1.67560696601868,0,0,0,0,0.877226412296295,15.7007423043251,4.3795440196991,34.4542031288147,0.914043098688126,155.099218308926,0,18.3873588144779,1.44689571857452,18.9867104887962,0,19.6336241364479,7.38253355026245,282.950708180666,1.74602079391479,679.013743311167,39.0795485973358,0,286.32341915369,290.4141484797,221.089889258146,123.165816962719,34.3421541452408,3.59648633003235,12.5757739543915,572.467102766037,507.20223993063,204.723265916109,239.220325410366,303.825978755951,89.6221224069595,175.98182964325,311.828937858343,105.397141575813,78.6400855779648,24.5785368680954,13.823879301548,54.5489171147346,7.97142827510834,5.64949256181717,20.249135196209,83.1218082308769,185.156826764345,17.4211714267731,20.0972949266434,5.71857446432114,24.5970329046249,12.9429399967194,22.3691231012344,3410.61952269077,889.854943782091,4.28453826904297,2.16584032773972,72.747519671917,6.97184318304062,54.5009067058563,65.1374900043011,3.40688621997833,28.3397237956524,260.461994320154,194.180217444897,4.21645224094391,3.36761581897736,46.7906019687653,70.8921417295933,6.67218619585037,0.637150883674622,32.8879146873951,28.8725635409355,3.01771020889282,0,14.0535293221474,1.18567037582397,0,0,0,0,14.0036513805389,19.7335735559464,0,0,0,0,0,0,0,0,0.609008014202118,0,0,0,0,1.59809851646423,0,0,0,0,0,0
0,3.78238266706467,1.2392543554306,4.24429538846016,0,0,0,1.97717076539993,0,0,0,1.60917541384697,0.886172354221344,2.89949548244476,0,0,0,2.28426444530487,0.831238508224487,11.8525913953781,0,18.2341501712799,0,81.312118023634,0,8.05058434605598,0,1.50214791297913,16.8316930830479,3.23543930053711,2.25912046432495,115.081688523293,13.5237571597099,763.394743174314,286.32341915369,0,185.201196789742,229.703607738018,51.4397306144238,111.431831538677,4.53445506095886,1.84606772661209,263.047520399094,456.849461168051,243.264753103256,252.550948172808,199.621379077435,296.667597174644,215.711843907833,251.669673860073,108.828294217587,54.7690747380257,21.7086085677147,17.6413756608963,46.33016243577,20.9776701331139,3.93697768449783,1.2643648982048,142.920105934143,88.5898604094982,19.2359160780907,8.91186380386353,2.01236343383789,3.91131830215454,19.1273936629295,10.8956302404404,897.424979239702,2487.61354586482,2.21129846572876,0,12.771851837635,9.97663760185242,61.7476091384888,39.708555072546,6.1717381477356,14.4848037362099,173.987071841955,218.026519149542,2.40600323677063,0.759636580944061,33.1226114630699,54.5499432086945,1.45916143059731,1.60565394163132,29.3153214454651,18.5401033759117,0,2.73391288518906,8.18969827890396,8.61179110407829,0,0,0,0,11.9716939330101,16.745069950819,2.29764896631241,1.19340753555298,0,0,0,0,0,0,0,0,0,0.820106744766235,0,3.72783762216568,4.74482500553131,0,0,0,0,0
487.953289121389,2.80198961496353,177.818929672241,4.1697233915329,72.2160541713238,0.805437624454498,31.1866888999939,3.84078246355057,28.5530084073544,0,13.6791365146637,0,29.7633975744247,0,64.9856766462326,0,21.4077239632607,0.708500385284424,138.166873365641,9.92738324403763,81.9056614637375,0,36.4713703095913,0,2.81551325321198,0.867125689983368,111.301645219326,30.0326581001282,185.297881603241,4.10510575771332,12.0731006264687,4.01831007003784,14.8012467324734,16.0845640301704,290.4141484797,185.201196789742,0,216.604656904936,2347.75148662925,28.1627209186554,717.516557991505,9.06154084205627,749.60898989439,178.248405516148,289.923772335052,74.010941952467,1376.73261541128,49.4508885145187,471.816257297993,81.0218506157398,661.707184940577,19.5372039079666,85.9454180002213,5.48823225498199,1054.63114985824,2.60854887962341,627.856499522924,31.8080563545227,382.726536542177,102.650615811348,311.140890687704,14.0997050404549,150.509496062994,31.2242329716682,304.110595941544,6.17517173290253,1012.24634438753,671.560776859522,396.426337569952,8.28081601858139,602.650690376759,40.84021961689,303.788980811834,29.7038810551167,867.77657648921,28.6041734218597,4414.44668379426,238.17986369133,5.2426723241806,3.06638932228088,181.421127229929,13.798436820507,390.448536038399,0,355.924244433641,3.3792906999588,1473.41645687819,0,1100.05428233743,0,146.196489006281,108.683477342129,40.144820868969,23.9550389051437,188.958696216345,53.89519572258,95.7578637897968,19.4811733961105,32.9184856116772,51.6085166931152,24.3160838484764,9.22409456968307,66.7273789942265,61.375065267086,60.722882270813,25.6672871112823,25.1823253631592,13.3373935818672,14.902733206749,35.3012417852879,15.8804905414581,2.03551894426346,2.23081564903259,1.29721009731293,2.21933913230896,8.47920876741409
0,256.927182555199,0,89.4083715379238,0,26.0553332269192,0,35.2897040843964,0,14.0515605509281,0,10.4564343094826,0,27.0409326255322,0,53.3853820562363,0,10.8740435242653,3.37201482057571,76.0714147686958,1.05315089225769,56.689320743084,1.34533274173737,21.9727746248245,0,0.537010371685028,34.8718860149384,108.952555507421,9.0878102183342,200.166309654713,2.39520269632339,7.88305920362473,7.00563275814056,36.1502497494221,221.089889258146,229.703607738018,216.604656904936,0,29.7414510846138,3254.60220292211,4.92927980422974,734.706873387098,290.612748026848,540.683599352837,90.0447717308998,255.244792938232,82.5574085712433,1364.09693354368,97.7719696164131,543.511446177959,38.3721158504486,449.017264008522,2.69461870193481,319.973677575588,9.55232608318329,2128.57598701119,0,218.742504149675,151.082557797432,569.754019320011,13.5375175476074,150.490812182426,0,31.0212416350842,23.6466096639633,335.501804322004,919.500188797712,757.403593599796,1.69136476516724,27.815370619297,23.7700071930885,318.10211750865,28.116198182106,433.848903775215,13.5232037901878,645.057001233101,216.672294855118,4281.09324252605,0,4.86125284433365,5.89063024520874,174.803746789694,0,421.726811349392,1.54146385192871,463.962479799986,0,1224.16585284472,0.502430140972137,794.923346847296,24.4925028681755,60.4877494573593,5.91023737192154,14.8887428045273,7.74073487520218,201.46498298645,8.97848090529442,18.5289762020111,1.7217001914978,51.5732171833515,2.66326594352722,7.10817283391953,2.87180751562119,65.1808324754238,11.1634695827961,26.6539173722267,0.959918677806854,3.18595877289772,10.1192461252213,25.4077600836754,7.67744249105453,0,0.562160193920135,0,0,1.48163264989853
40.7423953413963,0,24.8607212007046,1.35894167423248,6.90747803449631,0,6.44968640804291,1.50337541103363,2.27893343567848,0,10.3716424107552,0,4.59660643339157,0,5.36632916331291,0.607060790061951,2.93454802036285,0,25.4528763890266,0,10.8073326349258,0,11.6974394321442,0,0,0,44.0531220436096,10.1221694946289,42.025424182415,0,20.7221641242504,0,32.0374990999699,4.2133726477623,123.165816962719,51.4397306144238,2347.75148662925,29.7414510846138,0,53.1256008148193,680.026007890701,0,489.879672586918,43.6707876324654,178.399423241615,15.4752352833748,1316.48118650913,5.42937213182449,138.186947911978,12.3915079236031,169.36845228076,0,21.0651636123657,0,1769.56755170226,0,108.921823501587,3.02098476886749,131.929323136806,0,61.7110375165939,0,44.7436898946762,0,72.8651357591152,0,822.672081083059,74.9604961276054,59.1919847130775,0,80.5778378844261,15.3685262799263,75.0834507346153,1.27086913585663,122.385499238968,19.0028495788574,222.924030840397,33.0357452630997,2.27564576268196,0,74.0970374941826,0,143.222365766764,0,78.2931817173958,0,107.148325234652,0,358.854216784239,0,366.771308630705,149.179402351379,35.915465503931,21.1113838553429,93.3789913654327,91.8464456498623,209.151009887457,26.1871879696846,108.263183116913,84.0901553928852,49.9095512330532,14.1731837689877,57.529637992382,59.6856773495674,58.8680337369442,38.6625971794128,43.4678034484386,11.3802139759064,3.5837938785553,0.818739771842957,9.95163309574127,6.29463505744934,4.12164556980133,0,2.14935749769211,2.23587733507156
0,54.9429797530174,0,13.3881152570248,0,5.33844584226608,0,7.11202269792557,0,0,0,0,0,0,0,1.06634438037872,0,5.07360416650772,0,22.330083489418,1.51161623001099,15.1623004674911,0,1.28277039527893,0.718345880508423,0.534305214881897,7.2813566327095,27.1742422580719,0,12.6212283372879,0,6.5214056968689,1.91980940103531,66.5420881211758,34.3421541452408,111.431831538677,28.1627209186554,3254.60220292211,53.1256008148193,0,0,1382.34256187081,28.1099542975426,515.541596084833,6.34029638767242,194.17545902729,7.51892668008804,1439.52894645929,4.31430017948151,187.312238276005,0,131.91391569376,0,98.890071362257,1.06648850440979,1102.807287395,0,95.5644472837448,0.8216313123703,127.458640366793,0,27.6079984903336,0,13.6458074450493,0,66.288737654686,64.584620654583,799.376082837582,0,19.0571486949921,10.3581607937813,27.1120066642761,0,38.7122027277946,6.61743098497391,56.8325560390949,48.2183178663254,200.446152150631,0,1.85702329874039,0,33.6838960647583,0,122.212609767914,0,89.2994467914104,1.07684886455536,515.526877582073,0,96.6054822206497,16.0467460155487,129.93317681551,2.27285939455032,25.6176536679268,4.64186483621597,78.5110389590263,15.0674602389336,26.4588983058929,3.85249489545822,83.6596542596817,1.24461102485657,7.93308493494987,6.19986915588379,39.541242480278,2.7770482301712,25.0899872481823,2.23541885614395,6.76765143871307,1.86869770288467,1.02449622750282,1.29279381036758,4.25055372714996,2.31958723068237,0,1.6136509180069,0
3.23128148913383,0,4.79011046886444,0,111.838071465492,0.961644887924194,0.681464076042175,0,41.4908288121223,0,2.07824850082397,0,2.08968365192413,0,63.2783932089806,1.60660821199417,1.4329571723938,0,1.75141143798828,0,255.713415205479,1.75659227371216,5.95073997974396,0,10.9790080189705,11.6631169915199,41.0498832762241,15.8507232069969,247.841321647167,0,10.3689861297607,1.6309802532196,0,0,3.59648633003235,4.53445506095886,717.516557991505,4.92927980422974,680.026007890701,0,0,31.1864257454872,137.978473931551,0,24.3901717662811,0,182.931888818741,0,47.2631362378597,0,79.025516718626,0,19.1903972625732,0,106.17634755373,0,5.25568163394928,0,16.8188547194004,0,10.2324931621552,0,0.99040687084198,0,23.2896616458893,0,40.7809009850025,0,0,0,277.557289600372,34.1741161942482,419.15646314621,6.29808437824249,215.982476055622,16.4639548659325,262.40387159586,1.49220085144043,0,0,16.6352438926697,0,531.680167943239,0,47.5844980180264,0,649.059801727533,0,96.5574509203434,1.64283084869385,5.69651961326599,0.375886887311935,0.933957576751709,0,12.7674073278904,2.59496328234673,0,0,0,1.55043911933899,0.619561195373535,0.653200805187225,2.7726930975914,0,7.43005675077438,3.95376026630402,2.34129345417023,0.66965264081955,5.07660269737244,2.24237716197968,0,0,0,0,1.33913081884384,3.18411844968796
0,0.764327347278595,0,7.50874650478363,0.983310043811798,232.681708693504,0,1.82228976488113,0,97.0988287031651,0,0,0,4.66649013757706,0.501688957214355,285.785881668329,0,0,0,0.561422109603882,15.0746140480042,520.943391025066,1.55555129051208,6.26013189554214,1.54616737365723,20.6606431007385,2.87334114313126,152.05903711915,0,352.706007361412,0,3.08165949583054,0,1.75363779067993,12.5757739543915,1.84606772661209,9.06154084205627,734.706873387098,0,1382.34256187081,31.1864257454872,0,30.1846159994602,114.847039908171,1.87410843372345,24.4421537220478,6.82714295387268,390.016176521778,0,49.1026158630848,0,73.5298852920532,0,116.087072610855,0,404.987068831921,0,0,0,18.6896454691887,0,3.3867073059082,0,0.523338496685028,0,23.1639287769794,8.14859837293625,34.5207350850105,0,0,34.0301691889763,325.791866987944,35.1649639606476,1584.70401340723,19.5270434617996,279.187979221344,6.72698074579239,201.611027956009,0,0,0,15.7745988667011,1.35808181762695,1371.00849330425,0,140.419755429029,0.68085515499115,1761.41229367256,1.03885900974274,197.243320763111,0,0,0,0,0,9.66931998729706,0,1.18413209915161,0,10.2395537793636,0,0,0.833469867706299,0.636766910552979,3.455710709095,2.62340196967125,0,0,1.49926674365997,0,0,0,0,0.400118887424469,0,0
1.52065765857697,0.855190992355347,1.37518715858459,0,3.65883362293243,0,0,0,0,0,0,0,0,0,2.46612420678139,0,0.882632374763489,0,13.4459191262722,0,3.52534157037735,0,72.1025774776936,0,0,0,0,0,186.321809828281,13.7569491267204,137.994505286217,0,119.812561511993,3.70459544658661,572.467102766037,263.047520399094,749.60898989439,290.612748026848,489.879672586918,28.1099542975426,137.978473931551,30.1846159994602,0,1888.58512943983,12608.3789886534,1933.90017172694,8381.83475413918,1189.09893187881,3895.68853589892,518.556876480579,1943.00505113602,62.4608845412731,548.056953459978,48.9676218628883,1335.10552230477,101.410010367632,0,5.02258038520813,142.418620049953,205.468359291553,16.6150267422199,1.1193083524704,1.12244856357574,1.71361935138702,21.2701779603958,13.9116483926773,3683.57670947909,1064.98197868466,1.70434302091599,2.02202790975571,5.92598444223404,0.784939646720886,443.382446527481,104.654180794954,19.4287742376328,22.0158111453056,509.27078461647,160.265731841326,2.26355993747711,1.33431315422058,130.418721526861,20.6618058085442,29.7438955903053,1.23095524311066,163.106748431921,18.2885580062866,23.7724077403545,0,237.040049731731,19.1884710788727,254.655456215143,0,0,0,30.1612424254417,2.09045511484146,3.71913552284241,0,12.9973713755608,78.3053334951401,0,0,0,0,0,0,0,0,0,4.66989666223526,0,0,0,0,0,0
0,0,0,1.74499118328094,0,0,0,1.62014961242676,0,0,0,0,0,0,0,0,0,0,0,2.22209376096725,0,0,0,6.52811187505722,0,0,0,1.41696220636368,3.14498007297516,61.0868413448334,0.669138848781586,8.51941829919815,0,19.3582156300545,507.20223993063,456.849461168051,178.248405516148,540.683599352837,43.6707876324654,515.541596084833,0,114.847039908171,1888.58512943983,0,1181.82907298207,9677.03856524825,259.288233101368,7419.21023619175,192.990683197975,3529.6327585578,62.0166967213154,2083.51068410277,5.85374557971954,1716.52670347691,4.54805332422256,420.502363264561,0,7.08689498901367,61.8879509568214,52.2538273632526,4.49946087598801,1.91500619053841,0,0,0,15.935384452343,1058.98762089014,1892.48322784901,0.828647494316101,0,0,0,9.24046739935875,354.121611535549,0,48.5020039379597,142.22665810585,289.96631538868,0,1.29542934894562,0,106.819322824478,0,11.2327676713467,0,195.885814756155,0,11.5923703312874,0,167.084610641003,0,0,0,0,0,27.1381349563599,0,15.0978035926819,0,94.8112117648125,0,0,0,0,0,0,0,0,0,1.30871617794037,7.04586720466614,0,0,0,0,0
0,0,0,0,0,0,0,0,0,0,0,0,0,0,0,0,0,0,4.21098041534424,0,0,0,1.41574215888977,0,0,0,0,0,68.289558917284,0.756282806396484,7.04089546203613,0,23.7573327422142,0.743626177310944,204.723265916109,243.264753103256,289.923772335052,90.0447717308998,178.399423241615,6.34029638767242,24.3901717662811,1.87410843372345,12608.3789886534,1181.82907298207,0,686.469717890024,1472.51428836584,92.9858394861221,3378.35954770446,172.631362587214,1153.89021751285,21.5482406318188,181.33737000823,3.58737605810165,301.328457683325,7.139318972826,0,1.17815411090851,120.563888639212,44.2747452259064,4.66245478391647,0,1.76017087697983,0,4.13509821891785,2.21258068084717,2245.52341899276,574.50868588686,0,0,0.535695135593414,0,144.83976984024,10.5335936546326,12.1306594312191,1.81192761659622,283.867217332125,33.7814599871635,0.444543480873108,0,91.9347624182701,6.46522891521454,6.06763592362404,1.10642957687378,105.059615343809,4.22063672542572,0.449496924877167,0,99.6848317980766,3.69872111082077,4.65121555328369,0,0,0,33.6377936601639,1.28368079662323,3.44230198860168,0,2.62469732761383,0,0,0,0,0,0,0,0,0,0,1.07432889938354,0,0,0,0,0,0
0,0,0,1.03504991531372,0,0,0,0,0,0,0,0,0,0,0,0,0,0,0,0.761917531490326,0,0,0,0,0,0,0,0.980539798736572,1.18680834770203,34.3437364399433,0,1.40387591719627,0,2.42867740988731,239.220325410366,252.550948172808,74.010941952467,255.244792938232,15.4752352833748,194.17545902729,0,24.4421537220478,1933.90017172694,9677.03856524825,686.469717890024,0,137.478500723839,1082.14492031932,25.8427554965019,5121.83450159431,4.98574274778366,907.034025788307,1.12265956401825,262.160875767469,1.03369951248169,105.781991332769,0,0.563479542732239,10.1224259138107,48.5085860788822,0,3.06541180610657,0,0,1.49032247066498,10.505599796772,478.543633937836,938.498046338558,0,0,0,0,0,157.741487711668,0,31.5170789957047,35.6147121191025,148.501187622547,0,1.1262953877449,0,142.53951561451,0,9.58387473225594,0,126.864575922489,0,0,0,54.2013567090034,0,0,0,0,0,16.5559600889683,0,2.33808124065399,0,2.87608098983765,0,0,0,0,0,0,0,0,0,0.826892018318176,1.22438204288483,0,0,0,0,0
1.71498048305511,0,20.4648499786854,0,13.3210093379021,0,10.1865637898445,0,5.88498914241791,0,0,0,5.3016699552536,0,18.7893581986427,0,0.522924304008484,0,26.9054210186005,0,21.4870021343231,0,58.092926710844,0,0.641789495944977,0,3.38748627901077,0,214.010490298271,1.56728857755661,64.5926143825054,4.47850233316422,60.2970570325851,7.42658412456512,303.825978755951,199.621379077435,1376.73261541128,82.5574085712433,1316.48118650913,7.51892668008804,182.931888818741,6.82714295387268,8381.83475413918,259.288233101368,1472.51428836584,137.478500723839,0,322.568138003349,976.346161752939,37.6466824412346,1819.08733072877,1.26807045936584,1200.49202349782,0,4068.75234401226,22.2504332661629,3.92221832275391,0,65.4592375457287,13.0532324314117,15.8006458282471,4.40284061431885,1.32125353813171,0,34.9702840447426,0,2648.72761186957,415.608650147915,3.26376992464066,1.1480370759964,72.5151339173317,6.43813145160675,411.018046468496,6.92791837453842,31.4337527453899,6.4395472407341,676.160601109266,67.9606580734253,0.759384393692017,0,97.1746296286583,1.29863500595093,47.6269480586052,0,197.492961406708,4.47311294078827,112.687237352133,0.620443999767303,503.301645904779,1.24425572156906,347.013690620661,0,0,0,29.1081984639168,6.10581767559052,30.5626086592674,1.81389343738556,62.3015834093094,2.99792021512985,0,0,0,0,3.75954645872116,0.557595193386078,0,0,1.08243584632874,105.145179331303,3.13179361820221,0,0,0,0,0
0,9.1893954873085,0,11.0379101037979,0,0,0,3.61045935750008,0,1.75669080018997,0,0.679885447025299,0,0.75216805934906,0,2.126649081707,0,2.10181373357773,0,35.0500699579716,0,2.17907112836838,0,32.4816710948944,0,0,0,2.96022421121597,0.801073431968689,74.7003825306892,0,68.3006308078766,7.42329889535904,174.560017943382,89.6221224069595,296.667597174644,49.4508885145187,1364.09693354368,5.42937213182449,1439.52894645929,0,390.016176521778,1189.09893187881,7419.21023619175,92.9858394861221,1082.14492031932,322.568138003349,0,4.03352630138397,553.593029946089,2.81958830356598,339.912056535482,0,1971.66240382195,0,3600.13979387283,3.94090527296066,18.5651048123837,2.194002866745,74.7843644022942,0.518190801143646,5.51765429973602,0,4.76636523008347,1.91469085216522,28.9972875118256,191.177092552185,1510.48403832316,10.0453074574471,5.64063584804535,4.79579961299896,46.6870889365673,0,496.124287098646,0.612275421619415,49.214106887579,74.2122907340527,663.241167604923,0,2.06986629962921,0,106.970156103373,0,48.2906600534916,0,318.974706351757,0,81.7482028603554,0,369.786013185978,0.509023606777191,2.55484482645988,1.71748244762421,0,15.2449859380722,46.7653961181641,2.79821443557739,42.9850918054581,0,491.008184492588,0.56614089012146,0.645123302936554,0,2.20205795764923,0,0.958340674638748,0,0.558337986469269,0,37.792106449604,10.541380405426,0,1.0681459903717,0,0,0
0,0,0,0,1.45909667015076,0,0,0,0,0,0,0,0,0,0,0,0,0,0.474380791187286,0,1.34052956104279,0,0,0,0,0,0,0,150.593495577574,0,0,0,0.628304362297058,0,175.98182964325,215.711843907833,471.816257297993,97.7719696164131,138.186947911978,4.31430017948151,47.2631362378597,0,3895.68853589892,192.990683197975,3378.35954770446,25.8427554965019,976.346161752939,4.03352630138397,0,46.3314591646194,6167.20881089568,6.27254968881607,542.165263801813,0,800.509077548981,3.14946568012238,0,0,502.488057851791,12.220794737339,23.49913418293,0,0,0,11.6299365162849,2.0250449180603,1212.50482457876,527.874071210623,0,0,2.66573888063431,0,250.148107409477,0,26.9107126295567,0,424.917954713106,34.9743698239326,0.468066036701202,0,178.450684159994,0,26.8701806366444,0,233.899468928576,2.7990083694458,0.588801741600037,0,265.814860075712,0,29.107741355896,0,0,0,34.7782161831856,0,5.41853773593903,0,1.15539395809174,0,0,0,0,0,0,0,0,0,0,4.13000822067261,0,0,0,0,0,0
0,12.6664997339249,0,13.0110678374767,0,0,0,4.51912027597427,0,0,0,0,0,0,0,0,0,0,0,6.67460125684738,0,0,0,0,0,0,0,0,0,58.5612010657787,0,0,0,1.99887007474899,311.828937858343,251.669673860073,81.0218506157398,543.511446177959,12.3915079236031,187.312238276005,0,49.1026158630848,518.556876480579,3529.6327585578,172.631362587214,5121.83450159431,37.6466824412346,553.593029946089,46.3314591646194,0,20.5942676663399,5908.75049442053,0,1474.66711291671,0.581009447574615,464.73878595233,0,25.3688208460808,19.8549315333366,978.949945569038,0,18.0919941663742,0,4.16499489545822,0,368.464856296778,671.165384054184,983.038876712322,0,0,0,7.24382102489471,0,344.113443553448,0,79.0367832481861,69.9843985438347,359.375267952681,0,5.58579331636429,0,413.716983139515,0,32.4938586652279,0,443.018276929855,0,7.28269925713539,0,225.952603161335,0,0,0,0,0,91.8734474182129,0,0.924472451210022,0,1.46308612823486,0,0,0,0,0,0,0,0,0,2.85546922683716,0,0,0,0,0,0
6.28279691934586,0,1.65105986595154,0,1.92420345544815,0,4.568643450737,0,0,0,0,0,0,0,6.58648562431335,0,1.25075197219849,0,1.02893757820129,0,2.69482529163361,0,0,0,0,0,2.2119505405426,0,212.808760493994,0,0,0,0,0,105.397141575813,108.828294217587,661.707184940577,38.3721158504486,169.36845228076,0,79.025516718626,0,1943.00505113602,62.0166967213154,1153.89021751285,4.98574274778366,1819.08733072877,2.81958830356598,6167.20881089568,20.5942676663399,0,0,3821.41316792369,0,2978.75332346559,1.62731599807739,6.95040518045425,1.50378942489624,3013.52925524116,13.5642323493958,779.357887208462,0,7.54544770717621,0,1039.31205925345,0,877.055213660002,258.673754453659,0,0,15.5066694319248,0,394.061721742153,0,30.8679904639721,0,468.632578551769,25.4603440761566,2.92094969749451,0,319.315463066101,0,95.2541646361351,0,3159.50330361724,0,17.0210303068161,0,1187.87514200807,0,88.4108295738697,0,0,0,67.1585661768913,0,6.10001230239868,0,0,0,0,0,0,0,1.43019843101501,0,0,0,0,8.41649031639099,0,0,0,0,0,0
0,39.1251751482487,0,31.6653030216694,0,0,0,42.4887946546078,0,0,0,7.26856625080109,0,9.57478964328766,0,0,0,3.85450786352158,0,10.5791616439819,0,0,0,0,0,0,0,0,0,64.2626581788063,0,0,0,0,78.6400855779648,54.7690747380257,19.5372039079666,449.017264008522,0,131.91391569376,0,73.5298852920532,62.4608845412731,2083.51068410277,21.5482406318188,907.034025788307,1.26807045936584,339.912056535482,6.27254968881607,5908.75049442053,0,0,0,5384.75433307886,0,1152.34574571252,0,68.241642922163,0,1105.07750913501,0,42.0846243202686,0,3.08138298988342,0,1207.9200950563,105.111186593771,295.869224101305,0,0.700923681259155,0,12.6623990833759,0,327.197759687901,0,43.3389189839363,18.4921160042286,240.877282261848,0,10.7162526845932,0,308.96742478013,0,44.6703987419605,0,4160.36855450273,0,18.9358233511448,0,1183.40505370498,0,0,0,0,0,70.8114782273769,0,1.02295970916748,0,2.44614404439926,0,0,0,0,0,0,0,0,0,0.898992419242859,0,0,0,0,0,0
14.198056936264,0,0,0,0,0,2.99015128612518,0,0,0,3.45435059070587,0,4.12955284118652,0,0,0,2.19716167449951,0,0,0,0,0,0,0,0,0,0,0,36.0876867175102,0,0,0,0,0,24.5785368680954,21.7086085677147,85.9454180002213,2.69461870193481,21.0651636123657,0,19.1903972625732,0,548.056953459978,5.85374557971954,181.33737000823,1.12265956401825,1200.49202349782,0,542.165263801813,0,3821.41316792369,0,0,0,2915.96553102136,0,9.7314435839653,0,54.1900438666344,0,25.4976229071617,0,3.93001279234886,0,113.634194821119,0,152.591325998306,27.0551166534424,0,0,6.99968409538269,0,80.8653428554535,0,8.3086040019989,0,75.0704971253872,3.75107169151306,0.610787451267242,0,33.8627256155014,0,5.18491843342781,0,379.898365646601,0,11.5124400258064,0,554.531931966543,0,47.0084117650986,0,0,0,3.52810087800026,0,0.715929448604584,0,0,0,0,0,0,0,0,0,0,0,0,0,0,0,0,0,0,0
0,0.638478398323059,0,0,0,0,0,1.42223155498505,0,0,0,0,0,0,0,0,0,0,0,0,0,0,0,0,0,0,0,0,0,33.5956365168095,0,0,0,0,13.823879301548,17.6413756608963,5.48823225498199,319.973677575588,0,98.890071362257,0,116.087072610855,48.9676218628883,1716.52670347691,3.58737605810165,262.160875767469,0,1971.66240382195,0,1474.66711291671,0,5384.75433307886,0,0,0,2547.79122254252,0,4.18085205554962,0,19.4373861551285,0,0.439159631729126,0,0,0,28.1794503629208,18.1950086355209,39.0950412750244,0,0,0,0.382613897323608,0,183.865872621536,0,12.9672560989857,3.43132448196411,65.6614088118076,0,0,0,75.5715708434582,0,16.5224053561687,0,756.389805018902,0,18.9739902615547,0,1191.90335085988,0,0,0,0,0,10.069282501936,0,0,0,16.8037031292915,0,0,0,0,0,0,0,0,0,0,0,0,0,0,0,0
29.924455344677,0,1.31980204582214,0,4.16509717702866,0,9.22420614957809,0,0,0,1.03156673908234,0,1.43061542510986,0,2.72321200370789,0,0,0,0,0,5.64150732755661,0,0,0,0,0,0.898363351821899,0,118.263285249472,0,0,0,1.39196002483368,0,54.5489171147346,46.33016243577,1054.63114985824,9.55232608318329,1769.56755170226,1.06648850440979,106.17634755373,0,1335.10552230477,4.54805332422256,301.328457683325,1.03369951248169,4068.75234401226,0,800.509077548981,0.581009447574615,2978.75332346559,0,2915.96553102136,0,0,0,24.7351773679256,0,94.6586998999119,0,73.9404207468033,0,17.7930073142052,0,399.200290948153,0,327.441793322563,63.9470179378986,0,0,27.8011036813259,0,176.263589978218,0,17.726550668478,0,203.709439367056,10.9241341948509,3.88443166017532,0,79.0570797026157,0,94.738637804985,0,684.811341643333,0,279.110988020897,0,3414.62853112817,0,168.319273591042,0,0,0,13.6390642523766,0,0,0,8.63851803541183,0,0,0,0,0,0,0,0,0,0,1.40608501434326,0,0,0,0,0,0
0,32.5479100942612,0,0.641276478767395,0,0.935803711414337,0,20.6163063049316,0,0,0,0,0,0,0,4.18170768022537,0,1.07228875160217,0,0,0,0,0,0,0,0,0,0.779755771160126,0,23.5932117700577,0,0,0,0,7.97142827510834,20.9776701331139,2.60854887962341,2128.57598701119,0,1102.807287395,0,404.987068831921,101.410010367632,420.502363264561,7.139318972826,105.781991332769,22.2504332661629,3600.13979387283,3.14946568012238,464.73878595233,1.62731599807739,1152.34574571252,0,2547.79122254252,0,0,0,36.7191441953182,3.62841069698334,52.1073023080826,0,43.9044714272022,0,4.54105716943741,0,202.524321109056,28.0598515868187,58.331938803196,0,0,0.825574040412903,27.8384426236153,0,127.374931186438,0,11.0896234810352,4.86808896064758,145.024945169687,0,0,0,55.42707285285,0,39.7882443666458,0,1404.43905758858,0,473.508914679289,0,3692.64299121499,0,0.971603691577911,0,0,0,9.03619539737701,0,1.09242618083954,0,107.448989570141,0,0,0,0,0,0,0,0,0,0.615455806255341,0,0,0,0,0,0
12657.6887201965,75.5455150008202,494.082184940577,68.400105714798,0,0,693.993249505758,30.303933262825,0,0,347.076468348503,1.73406755924225,366.452056467533,0,8.54771247506142,0,1591.24584430456,10.3943395018578,274.941148847342,243.362944751978,0,0,25.1255087852478,2.40603762865067,0,0,0,0,1076.80613091588,7.01181608438492,1.76416885852814,2.29035884141922,112.422515869141,93.8063164353371,5.64949256181717,3.93697768449783,627.856499522924,0,108.921823501587,0,5.25568163394928,0,0,0,0,0,3.92221832275391,3.94090527296066,0,0,6.95040518045425,0,9.7314435839653,0,24.7351773679256,0,0,73.694769769907,1478.86338508129,9.32575970888138,3840.01927837729,6.4712780714035,2293.41991484165,12.7333043813705,130.144032597542,2.33186960220337,735.629965931177,108.173214435577,1442.31843459606,50.1897810697556,2690.03894564509,138.232479184866,1772.82929337025,27.2671300172806,629.38181579113,5.08564031124115,3526.43883138895,283.024853885174,206.598782122135,1.83466148376465,263.756693810225,8.46950221061707,6.59705537557602,0,190.198697268963,0,0,0,65.8190221786499,0,0,0,0,0,218.988367557526,0,20.3825641870499,0,0,0,0,0,0,0,6.50137293338776,0,1.90567433834076,0,11.2308965325356,22.4814126491547,0,0,0,0,0,0
2.82840543985367,11322.4777501523,0,502.285289555788,0,0,0,973.424844890833,0,0.614357531070709,0,248.39857006073,0,105.393303602934,0,37.2952651083469,1.55501282215118,2097.69214898348,13.5463729798794,774.368055224419,0,0,0,16.0648316442966,0,0,0,0,3.65287661552429,421.656756997108,1.41976425051689,10.5417020022869,103.827307343483,386.611826956272,20.249135196209,1.2643648982048,31.8080563545227,218.742504149675,3.02098476886749,95.5644472837448,0,0,5.02258038520813,7.08689498901367,1.17815411090851,0.563479542732239,0,18.5651048123837,0,25.3688208460808,1.50378942489624,68.241642922163,0,4.18085205554962,0,36.7191441953182,73.694769769907,0,38.2744967341423,1687.15551587939,17.4956048130989,1573.26247724891,10.6285597085953,2472.10925123096,0,325.86977019906,428.316432088614,477.087490856647,97.7821646928787,1547.61908870935,188.015136122704,1143.07829737663,7.80258202552795,2006.40762156248,1.31454157829285,600.205390423536,611.558078914881,2968.29198268056,0,47.9586564302444,0,186.141851127148,0,1.58157461881638,0,137.940204918385,0,0,0,81.9806906580925,0,0,0,0,1.76839745044708,266.70568177104,0,2.14319843053818,0,0,0,0,0,0,0,3.67897659540176,0,0,14.2421207726002,10.7514149546623,0,0,0,0,0,0
296.726101785898,0,405.363569140434,0,0,0,31.5221534967422,0,0,0,19.0618726313114,0,13.4419876337051,0,0,0,38.9346969425678,1.53672695159912,302.147988677025,1.77863699197769,0,0,6.20310860872269,0,0,0,0,0,307.709056019783,1.10931348800659,0.44093656539917,0,39.112543463707,28.9966452121735,83.1218082308769,142.920105934143,382.726536542177,151.082557797432,131.929323136806,0.8216313123703,16.8188547194004,0,142.418620049953,61.8879509568214,120.563888639212,10.1224259138107,65.4592375457287,2.194002866745,502.488057851791,19.8549315333366,3013.52925524116,0,54.1900438666344,0,94.6586998999119,3.62841069698334,1478.86338508129,38.2744967341423,0,16.5982917547226,5381.94027325511,1.53912711143494,205.884178221226,8.37670731544495,1139.4439406991,0.936211764812469,2964.90448173881,434.094698488712,449.193726718426,7.15485048294067,303.279838323593,78.0574100017548,437.974437177181,5.66133308410645,110.243112325668,1.64460599422455,1165.83944699168,184.565560400486,61.8068360984325,1.25038361549377,291.814631342888,0,8.22759157419205,0,175.328700631857,0,0,0,103.636141955853,0,0,0,0,0,129.126400381327,0,11.2654004693031,0,0,0,0,0,0,0,0.872185587882996,0,0,0,1.1763516664505,4.50912070274353,0,0,0,0,0,0
0,759.408099025488,0,316.427663743496,0,0,0,333.870982140303,0,0,0,72.5489097833633,0,21.8647316098213,0,0,0,79.2932133078575,0.662976682186127,275.659631967545,0,0,0,6.96430736780167,0,0,0,0,1.40359973907471,178.221909761429,0.635740637779236,1.43941330909729,25.8554828763008,71.5748589634895,185.156826764345,88.5898604094982,102.650615811348,569.754019320011,0,127.458640366793,0,18.6896454691887,205.468359291553,52.2538273632526,44.2747452259064,48.5085860788822,13.0532324314117,74.7843644022942,12.220794737339,978.949945569038,13.5642323493958,1105.07750913501,0,19.4373861551285,0,52.1073023080826,9.32575970888138,1687.15551587939,16.5982917547226,0,1.59670072793961,2756.81651589274,1.42190802097321,252.181574076414,0,2447.34542745352,531.494051426649,1626.50172170997,6.69120752811432,169.826472640038,60.9168469309807,107.137630432844,0.717423319816589,678.724772512913,1.43836033344269,165.982672691345,209.155857414007,851.872110426426,0,130.655362278223,0,893.693129360676,0,25.1445935666561,0,321.355521827936,0,0.60134744644165,0,75.9133182764053,0,0,0,0,0,151.568795055151,0,0,0,0,0,0,0,0,0,0,0,0,1.77845537662506,7.78925204277039,0,0,0,0,0,0
1503.89925596118,2.84324091672897,77.1514959037304,0,0,0,548.566498994827,0,0,0,304.016759097576,0,293.379075169563,0,0,0,147.600906997919,0,36.7523655295372,0,0.537557780742645,0,1.41229778528214,0,0,0,0,0,201.110711634159,0,0,1.83973729610443,0,3.77612721920013,17.4211714267731,19.2359160780907,311.140890687704,13.5375175476074,61.7110375165939,0,10.2324931621552,0,16.6150267422199,4.49946087598801,4.66245478391647,0,15.8006458282471,0.518190801143646,23.49913418293,0,779.357887208462,0,25.4976229071617,0,73.9404207468033,0,3840.01927837729,17.4956048130989,5381.94027325511,1.59670072793961,0,0,3100.4941559732,0,1882.42987242341,1.58244061470032,691.813212543726,59.2767151594162,19.8727680742741,0,530.242563724518,24.5862097740173,425.263169050217,1.70046812295914,106.936361283064,0,865.050212651491,51.3566190004349,40.3683496713638,0,822.894657760859,1.64441430568695,19.5765571892262,0,1106.13937020302,0,1.97448134422302,0,235.711765378714,0,0,0,0,0,63.0872251093388,1.81119441986084,10.4441239833832,0,0,0,0,0,0,0,0.694758296012878,0,0,0,1.30557996034622,6.92057377099991,0,0,0,0,0,0
0,1145.26956662536,0,139.234866201878,0,0,0,681.364808768034,0,0,0,911.990882277489,0,509.797677695751,0,0,0,614.167713284492,0,48.9116065204144,0,0,0,1.04234826564789,0,0,0,0.676203787326813,0,94.9855775237083,1.22957909107208,6.25683617591858,4.95594871044159,13.3777156472206,20.0972949266434,8.91186380386353,14.0997050404549,150.490812182426,0,27.6079984903336,0,3.3867073059082,1.1193083524704,1.91500619053841,0,3.06541180610657,4.40284061431885,5.51765429973602,0,18.0919941663742,0,42.0846243202686,0,0.439159631729126,0,43.9044714272022,6.4712780714035,1573.26247724891,1.53912711143494,2756.81651589274,0,0,0.729509174823761,3115.33726796508,0,3903.02821424603,64.9958936572075,124.534510701895,1.87070286273956,2.64391905069351,20.1668650507927,232.663754105568,0,251.85289105773,0,51.5433921813965,76.0568189024925,419.261536210775,0,17.5574913024902,0,247.662667691708,0,4.06193780899048,0,632.131655097008,0,0,0,205.663478285074,0,0,0,0,0,42.6087135076523,0,0,0,0,0,0,0,0,0,0,0,0,0,1.84456223249435,0,0,0,0,0,0
655.095895588398,0,40.984611004591,0,0,0,98.4767416715622,0,0,0,566.860799491405,0,412.877270936966,0,0,0,1227.95157557726,1.29936850070953,15.7268704771996,0,1.04786789417267,0,3.50285667181015,0,0,0,0,0,590.127889186144,0,0.581291079521179,0,1.39219558238983,5.37334001064301,5.71857446432114,2.01236343383789,150.509496062994,0,44.7436898946762,0,0.99040687084198,0,1.12244856357574,0,1.76017087697983,0,1.32125353813171,0,0,0,7.54544770717621,0,3.93001279234886,0,17.7930073142052,0,2293.41991484165,10.6285597085953,205.884178221226,1.42190802097321,3100.4941559732,0.729509174823761,0,4.0789852142334,477.377664297819,0,79.9663771986961,8.44486081600189,32.1733581423759,2.99808895587921,440.909215956926,15.7765801548958,417.371244728565,0,69.3364292383194,0,925.466358333826,39.0767239928246,136.809818506241,0,2473.75855875015,0,20.5974130630493,0,1093.69688534737,0,0,0,115.325699061155,0,0,0,0,0,66.949356764555,0,5.16405135393143,0,0,0,0,0,0,0,1.61490219831467,0,1.68591034412384,0,0,8.9622220993042,0,0,0,0,0,0
0,251.507315456867,0,73.3122124671936,0,0,0,122.323293626308,0,0,0,730.294980108738,0,610.508978366852,0,26.5990089774132,0.921627998352051,2710.21595194936,0,35.1657028198242,0,0,0,4.59195667505264,0,0,0,0,0,382.451406061649,1.3594799041748,6.04331594705582,16.2264755368233,16.0641376376152,24.5970329046249,3.91131830215454,31.2242329716682,31.0212416350842,0,13.6458074450493,0,0.523338496685028,1.71361935138702,0,0,0,0,4.76636523008347,0,4.16499489545822,0,3.08138298988342,0,0,0,4.54105716943741,12.7333043813705,2472.10925123096,8.37670731544495,252.181574076414,0,3115.33726796508,4.0789852142334,0,0,1244.76338726282,78.2586936354637,65.7601438164711,7.53207737207413,18.2454867959023,34.4636371135712,474.702954620123,1.42135751247406,723.725432723761,0,60.7729372382164,153.681969165802,460.006470769644,0,82.139041185379,0,1310.97301879525,0,6.35525763034821,0,357.906852692366,0,0,0,48.5738951265812,0,0,0,0,0,14.4931542575359,0,0,0,0,0,0,0,0,0,0,0,0,0,2.3357293009758,0,0,0,0,0,0
110.411665439606,0,20.2171828746796,0,1.41891247034073,0,90.3652774691582,0,0,0,9.56898993253708,0,10.13972479105,0,0,0,14.7745587229729,0,24.7396319508553,0,5.47685289382935,0,1.37821465730667,0,0,0,0,0,125.502930939198,0,0,0,0.489644050598145,2.47788918018341,12.9429399967194,19.1273936629295,304.110595941544,23.6466096639633,72.8651357591152,0,23.2896616458893,0,21.2701779603958,0,4.13509821891785,1.49032247066498,34.9702840447426,1.91469085216522,11.6299365162849,0,1039.31205925345,0,113.634194821119,0,399.200290948153,0,130.144032597542,0,1139.4439406991,0,1882.42987242341,0,477.377664297819,0,0,0,365.512216746807,41.0297148823738,0.521673023700714,0,87.694916665554,1.32043147087097,299.356983304024,0,42.5746526420116,2.6428804397583,376.794563353062,26.1530822515488,24.511307746172,0,930.130501568317,0,44.8165301084518,0,3350.30356565118,0,9.30431461334229,0,843.338687032461,0,0,0,0,0,43.3506593108177,0,6.1044317483902,0,0,0,0,0,0,0,0,0,0,0,0,4.87241142988205,0,0,0,0,0,0
0,781.238515198231,0,141.972507923841,0,0,0,600.680479884148,0,0,0,372.022504389286,0,238.466346681118,0,0,0,40.087446808815,0,39.2546907365322,0,0,0,0,0,0,0,0,0,58.7964518666267,0,1.56320655345917,5.06882864236832,6.17852264642715,22.3691231012344,10.8956302404404,6.17517173290253,335.501804322004,0,66.288737654686,0,23.1639287769794,13.9116483926773,15.935384452343,2.21258068084717,10.505599796772,0,28.9972875118256,2.0250449180603,368.464856296778,0,1207.9200950563,0,28.1794503629208,0,202.524321109056,2.33186960220337,325.86977019906,0.936211764812469,2447.34542745352,1.58244061470032,3903.02821424603,0,1244.76338726282,0,0,71.4243819713593,183.350168973207,0,0,13.9135100841522,112.57293587923,0,344.60094845295,0,77.9366666078568,45.4082990288734,363.734441757202,0,15.1246372461319,0,1198.51723983884,0,28.5010558664799,0,5183.94804772735,0,8.09680870175362,0,879.974704325199,0,0,0,0,0,85.7714631259441,0,0,0,0,0,0,0,0,0,0,0,0,0,0,0,0,0,0,0,0
138.492742240429,88.0428686439991,430.217712074518,21.1216800808907,1.1018580198288,0,7.87778717279434,9.49165463447571,0,0,7.39319574832916,0,5.95379096269608,0,0,0,23.9370395839214,15.6701786518097,2320.07608243823,123.150439858437,8.65774393081665,0,507.813798904419,0,2.74344497919083,0,2.53112101554871,0,235.188388466835,22.4838904738426,882.506629884243,25.2093300521374,4801.6868301928,653.312751531601,3410.61952269077,897.424979239702,1012.24634438753,919.500188797712,822.672081083059,64.584620654583,40.7809009850025,8.14859837293625,3683.57670947909,1058.98762089014,2245.52341899276,478.543633937836,2648.72761186957,191.177092552185,1212.50482457876,671.165384054184,877.055213660002,105.111186593771,152.591325998306,18.1950086355209,327.441793322563,28.0598515868187,735.629965931177,428.316432088614,2964.90448173881,531.494051426649,691.813212543726,64.9958936572075,79.9663771986961,78.2586936354637,365.512216746807,71.4243819713593,0,4572.8380741179,2095.61798399687,277.584808975458,504.868848234415,318.813298285007,449.227357566357,184.453608423471,85.5734621882439,37.6774727404118,1913.38202887774,1359.89135989547,51.1774897873402,10.564903318882,409.0145842731,63.3412801325321,20.6510483920574,0,249.451552331448,5.82942426204681,11.9377799630165,0,152.562570273876,3.878213763237,8.74708598852158,0,0,0,134.294353604317,4.52806395292282,19.3045151233673,0,0.884063243865967,0,0,0,0,0,1.18935745954514,0,0,0,0,16.1107219457626,0,0,0,0,0,0.942409753799438
3.54033464193344,191.254926204681,1.58058732748032,240.778984129429,0,0,0,32.5637138485909,0,0.610218584537506,0,11.4118777215481,0,3.57944887876511,0,0,0,5.74734079837799,29.5112651586533,1439.10903790593,0.606607258319855,6.39862388372421,0.903448581695557,261.061173439026,0,7.42573961615562,0,0.433906257152557,17.1997745633125,85.1406635046005,5.1617958843708,553.102310806513,203.295625627041,5208.36473754048,889.854943782091,2487.61354586482,671.560776859522,757.403593599796,74.9604961276054,799.376082837582,0,34.5207350850105,1064.98197868466,1892.48322784901,574.50868588686,938.498046338558,415.608650147915,1510.48403832316,527.874071210623,983.038876712322,258.673754453659,295.869224101305,27.0551166534424,39.0950412750244,63.9470179378986,58.331938803196,108.173214435577,477.087490856647,434.094698488712,1626.50172170997,59.2767151594162,124.534510701895,8.44486081600189,65.7601438164711,41.0297148823738,183.350168973207,4572.8380741179,0,156.871672958136,909.38267442584,200.895172297955,106.900354892015,60.9727098345757,418.704209327698,7.8154918551445,142.339278757572,763.140356004238,958.490231990814,3.60152840614319,49.4061329066753,24.849511295557,503.638612985611,0,12.9440471529961,10.2591969966888,139.136781215668,0,9.54706826806068,5.82154905796051,30.1977420151234,0,0,0,0,1.43119919300079,142.716835021973,0,4.50441139936447,0,2.73891973495483,0,0,0,0,0,0,0,0,1.66023641824722,8.82238912582397,5.05497705936432,0,0,0,0,0
693.549608051777,441.705685347319,178.57540372014,263.576991736889,0,0,19.6290866732597,102.397367089987,0,0,22.2224548459053,0,38.4420028030872,0,1.20080065727234,0,39.0323126614094,13.1412917971611,4690.4023398459,994.181425899267,0,0,19.0417094826698,0,0,0,0,0,75.3520046770573,3.01569640636444,10.0425705313683,1.42550325393677,1485.58505049348,569.925156712532,4.28453826904297,2.21129846572876,396.426337569952,1.69136476516724,59.1919847130775,0,0,0,1.70434302091599,0.828647494316101,0,0,3.26376992464066,10.0453074574471,0,0,0,0,0,0,0,0,1442.31843459606,97.7821646928787,449.193726718426,6.69120752811432,19.8727680742741,1.87070286273956,32.1733581423759,7.53207737207413,0.521673023700714,0,2095.61798399687,156.871672958136,0,389.687570214272,1426.32457736135,277.175416648388,452.41113242507,55.2298108935356,331.041530370712,15.1646889448166,3090.61261188984,575.030371159315,10.6383135318756,0.873175203800201,4.06412941217422,0,0,0,0,0,0,0,0,0,0,0,0,0,140.488733798265,0,6.68206959962845,0,0,0,0,0,0,0,1.60432976484299,0,0,0,10.5626923441887,16.2660830020905,0,0,0,0,0,0
26.4924570322037,786.449966967106,0.563191592693329,70.753865480423,0,0,0,0,0,0,0,3.2983760535717,0,0,0,0,0,26.6635367870331,27.7723529338837,2787.49641236663,0,0,0,18.8602766096592,0,0,0,0,3.55469703674316,12.5473460555077,0.785803616046906,4.8371467590332,175.164857745171,970.251019746065,2.16584032773972,0,8.28081601858139,27.815370619297,0,19.0571486949921,0,0,2.02202790975571,0,0,0,1.1480370759964,5.64063584804535,0,0,0,0.700923681259155,0,0,0,0,50.1897810697556,1547.61908870935,7.15485048294067,169.826472640038,0,2.64391905069351,2.99808895587921,18.2454867959023,0,0,277.584808975458,909.38267442584,389.687570214272,0,102.219011604786,215.688672304153,3.14164626598358,86.9451682567596,0,48.6649745702744,253.959796011448,657.037902891636,0,0,2.09082317352295,5.37171322107315,0,0,0,0,0,0,0,0,0,0,0,0,0,28.8129798471928,0,0,0,0,0,0,0,0,0,0.572666883468628,0,0,1.21238100528717,2.82732671499252,0,0,0,0,0,0
3461.53046822548,300.55994489789,2927.3398180902,828.627607524395,971.642165362835,248.67250752449,3170.94094824791,952.862326443195,1156.8709885776,177.406346946955,435.811894923449,228.721910476685,2863.53077507019,301.580091178417,1706.75684833527,152.636267602444,239.441425681114,82.6261935830116,1162.16283473372,826.004732400179,746.183620899916,51.0928310751915,2383.68778926134,1322.64866030216,407.217489421368,535.33256611228,600.567376315594,399.947567343712,629.303319960833,26.663213968277,977.313254863024,454.261923551559,349.518547713757,245.032590270042,72.747519671917,12.771851837635,602.650690376759,23.7700071930885,80.5778378844261,10.3581607937813,277.557289600372,34.0301691889763,5.92598444223404,0,0.535695135593414,0,72.5151339173317,4.79579961299896,2.66573888063431,0,15.5066694319248,0,6.99968409538269,0,27.8011036813259,0.825574040412903,2690.03894564509,188.015136122704,303.279838323593,60.9168469309807,530.242563724518,20.1668650507927,440.909215956926,34.4636371135712,87.694916665554,13.9135100841522,504.868848234415,200.895172297955,1426.32457736135,102.219011604786,0,968.096197277308,4031.01444515586,373.206662833691,2771.0950666368,132.830011308193,6785.44564387202,753.228739976883,30.3150269389153,3.30098259449005,213.230899900198,30.123072385788,27.6506986021996,0.774508535861969,229.460534274578,10.1433671712875,20.2928677797318,1.12125301361084,108.358222544193,0.909634053707123,21.6463682353497,8.88721987605095,9.36464264988899,0,325.739471942186,43.4883842170238,23.1638215780258,0.869153082370758,2.42710113525391,5.03654247522354,5.75359925627708,0,19.2186173498631,2.97288769483566,110.64683046937,33.312627106905,22.4553791284561,8.42490914463997,68.0080682635307,25.8293809294701,3.66312849521637,0,1.55422085523605,2.62387907505035,2.84351116418839,30.9097655415535
175.247996151447,2905.52817872167,778.507132917643,2247.62906938791,180.664875715971,973.453394830227,554.284509003162,3335.127089113,131.256764948368,1108.5307302475,21.5287876725197,1186.46317827702,211.378275305033,1999.27655592561,79.3790497481823,1420.42699187994,8.65846544504166,662.033237159252,621.254664421082,1046.18389195204,190.419703900814,344.081358462572,1198.49266940355,1582.40006649494,102.450207471848,450.576061069965,111.496109992266,598.680896192789,73.8888115882874,266.802553415298,278.315087288618,473.392396122217,120.854990065098,321.443585664034,6.97184318304062,9.97663760185242,40.84021961689,318.10211750865,15.3685262799263,27.1120066642761,34.1741161942482,325.791866987944,0.784939646720886,0,0,0,6.43813145160675,46.6870889365673,0,7.24382102489471,0,12.6623990833759,0,0.382613897323608,0,27.8384426236153,138.232479184866,1143.07829737663,78.0574100017548,107.137630432844,24.5862097740173,232.663754105568,15.7765801548958,474.702954620123,1.32043147087097,112.57293587923,318.813298285007,106.900354892015,277.175416648388,215.688672304153,968.096197277308,0,245.777634084225,3055.22429075837,52.6422173380852,3063.25392690301,356.696619093418,9024.94868567586,2.11099648475647,21.9068284034729,5.05166333913803,229.801849812269,1.86484241485596,5.24280369281769,2.18774008750916,204.270463138819,5.41361439228058,2.2626023888588,1.1240668296814,88.5512740015984,0.865191280841827,29.3373257815838,0.49412876367569,10.2198503017426,28.4897752404213,359.890244811773,12.5764829516411,10.5424066185951,0,14.7600539922714,0.631851613521576,1.84656310081482,4.73310714960098,34.1461974084377,32.3096557855606,95.1661999821663,9.47282576560974,17.7157120108604,113.839764624834,20.9949565529823,5.79584592580795,0,2.71892017126083,1.93313187360764,6.64350408315659,10.6030385196209
1600.05029049516,35.6408393681049,1768.64968031645,179.163832873106,570.877140283585,19.7381977438927,430.493426054716,182.921227037907,809.181511193514,24.9536706805229,163.577714979649,29.3878489732742,922.601403295994,30.2552706003189,2151.72641888261,15.1237617731094,383.948319256306,4.78209394216537,716.539386034012,258.06273239851,151.91431593895,3.95314490795135,1060.88706561923,317.459523946047,92.4985345304012,52.4359097778797,74.7640998959541,16.1825488805771,1934.59323456883,3.43567132949829,105.780313551426,150.731055021286,82.4075085222721,70.2166483998299,54.5009067058563,61.7476091384888,303.788980811834,28.116198182106,75.0834507346153,0,419.15646314621,35.1649639606476,443.382446527481,9.24046739935875,144.83976984024,0,411.018046468496,0,250.148107409477,0,394.061721742153,0,80.8653428554535,0,176.263589978218,0,1772.82929337025,7.80258202552795,437.974437177181,0.717423319816589,425.263169050217,0,417.371244728565,1.42135751247406,299.356983304024,0,449.227357566357,60.9727098345757,452.41113242507,3.14164626598358,4031.01444515586,245.777634084225,0,88.1232075691223,1440.5556332171,44.4068304896355,2042.34862855077,79.1520297527313,87.112723171711,0,729.880167752504,1.31712257862091,109.56144118309,0,643.685030341148,1.00112426280975,39.588161945343,0,285.624961167574,0,28.4012093544006,6.09397006034851,7.08139288425446,0,132.629001140594,15.457701086998,18.6884874105453,3.18285417556763,3.48389920592308,4.82990503311157,2.55567824840546,1.76807022094727,19.8895632326603,6.05236062407494,60.2257514595985,22.2293563485146,8.31150084733963,0.950534820556641,39.3793266415596,8.9587789773941,2.05183762311935,0,1.60931831598282,1.4408386349678,3.43815487623215,16.6422935128212
72.3966165482998,1880.32624006271,271.505863875151,1503.96261766553,24.8021540045738,678.510191768408,201.849973261356,532.110310137272,22.4744538068771,726.14498513937,6.93141674995422,713.303463965654,66.0148123502731,1481.75590491295,13.5988924503326,3372.52437761426,0,1839.27662855387,415.114509016275,561.566648542881,7.38229793310165,364.603770911694,576.019495487213,1005.96110770106,7.34510764479637,133.573283702135,15.6414754986763,274.484243541956,18.647969186306,4819.51559585333,128.326576530933,228.550739586353,65.5903643965721,195.982093036175,65.1374900043011,39.708555072546,29.7038810551167,433.848903775215,1.27086913585663,38.7122027277946,6.29808437824249,1584.70401340723,104.654180794954,354.121611535549,10.5335936546326,157.741487711668,6.92791837453842,496.124287098646,0,344.113443553448,0,327.197759687901,0,183.865872621536,0,127.374931186438,27.2671300172806,2006.40762156248,5.66133308410645,678.724772512913,1.70046812295914,251.85289105773,0,723.725432723761,0,344.60094845295,184.453608423471,418.704209327698,55.2298108935356,86.9451682567596,373.206662833691,3055.22429075837,88.1232075691223,0,13.3173536658287,1007.67191451788,171.02598080039,1285.68230435252,0,282.762581646442,0,1277.76831531525,0,452.833696722984,0,1040.98735326529,0,36.5546639561653,1.68865561485291,263.645294308662,0.449379354715347,8.51421093940735,0,2.34287002682686,10.5007520318031,77.6119405329227,2.64855518937111,0.965740203857422,1.15441673994064,20.8041242659092,0,1.36001682281494,0.545121669769287,8.3994659781456,6.3614786863327,18.9045117795467,1.15975141525269,1.04580438137054,16.7252811789513,1.70056134462357,3.46259140968323,0.881306052207947,0,0,1.08553838729858,2.31605237722397
721.093567043543,14.7262414693832,515.977962344885,39.6485891342163,33.138436794281,0,107.46566811204,31.4449083805084,38.1208447813988,0,33.2123557925224,0,138.690685600042,4.42700108885765,174.673972100019,0,43.7490715384483,0.896820545196533,347.537512600422,116.092201262712,18.182753443718,0,239.654107064009,43.9080270528793,4.94493734836578,0,25.0246652066708,7.2832316160202,72.9858426451683,0,18.6392556428909,26.5330003499985,14.245292365551,38.0767164230347,3.40688621997833,6.1717381477356,867.77657648921,13.5232037901878,122.385499238968,6.61743098497391,215.982476055622,19.5270434617996,19.4287742376328,0,12.1306594312191,0,31.4337527453899,0.612275421619415,26.9107126295567,0,30.8679904639721,0,8.3086040019989,0,17.726550668478,0,629.38181579113,1.31454157829285,110.243112325668,1.43836033344269,106.936361283064,0,69.3364292383194,0,42.5746526420116,0,85.5734621882439,7.8154918551445,331.041530370712,0,2771.0950666368,52.6422173380852,1440.5556332171,13.3173536658287,0,28.5994883477688,1179.68324369192,38.0463415980339,9.23107808828354,0,68.3113256692886,0,7.48544532060623,0,80.4723537266254,0,4.5327080488205,0,61.1661477982998,0,105.990630894899,77.1692223548889,42.260498136282,15.1262199580669,324.408137410879,42.0348943173885,67.0662741065025,16.1119132637978,24.1978143453598,37.9078769087791,21.2023454606533,11.0060334205627,72.2428034842014,51.9395900964737,149.971960604191,45.4061990082264,34.8640340566635,18.2000403404236,60.4666238725185,29.7495461702347,8.34258735179901,1.75934725999832,5.68164259195328,3.10376244783401,3.44582530856133,25.1567285060883
26.083636879921,896.871096313,69.1116591095924,514.485623002052,2.94260615110397,48.114543646574,58.9899855256081,203.785682290792,2.62098908424377,63.9603418409824,3.83847105503082,53.6405980587006,13.3652690052986,145.813136428595,2.06100273132324,190.020896196365,1.48756003379822,64.1691337823868,177.891002386808,316.315787911415,6.37545937299728,6.50826287269592,138.828497856855,267.076846390963,0,12.9728209376335,1.28593313694,20.8561089336872,3.5962415933609,40.4423385262489,35.6927134394646,114.161139249802,14.3351837992668,76.7536452710629,28.3397237956524,14.4848037362099,28.6041734218597,645.057001233101,19.0028495788574,56.8325560390949,16.4639548659325,279.187979221344,22.0158111453056,48.5020039379597,1.81192761659622,31.5170789957047,6.4395472407341,49.214106887579,0,79.0367832481861,0,43.3389189839363,0,12.9672560989857,0,11.0896234810352,5.08564031124115,600.205390423536,1.64460599422455,165.982672691345,0,51.5433921813965,0,60.7729372382164,2.6428804397583,77.9366666078568,37.6774727404118,142.339278757572,15.1646889448166,48.6649745702744,132.830011308193,3063.25392690301,44.4068304896355,1007.67191451788,28.5994883477688,0,67.7298981249332,1000.9423057735,0,6.15797370672226,0,87.7690829634666,0,0.735464334487915,0,159.844033271074,2.23757326602936,2.94148981571198,1.82463395595551,52.0428906679153,22.4294687509537,75.9947321116924,6.67850357294083,31.8091054558754,28.985320687294,299.520179867744,29.0023500919342,19.6123138964176,9.49084711074829,27.5219351053238,6.26903167366982,14.460100799799,19.6959676146507,75.7547745108604,36.9331352710724,83.899783551693,12.6333091855049,13.305295586586,43.0090585052967,14.3263549208641,12.4591079652309,2.90255379676819,3.77715563774109,2.11690008640289,8.02937904000282,9.01812264323235
3001.68238005042,579.471596509218,2364.55292320251,312.370813131332,66.4083884358406,0,701.132277727127,232.79545712471,180.272057414055,0.988533914089203,187.67917278409,46.0710968971252,693.923054516315,9.48717284202576,695.317774027586,1.28645265102386,176.85488986969,82.0191749930382,1820.56160548329,818.477530777454,12.6809939742088,0.806896805763245,1217.95328599215,79.687702447176,6.88400304317474,0,4.98840010166168,0,365.99157717824,12.6892846822739,126.582738637924,157.12208199501,177.739009797573,246.844477623701,260.461994320154,173.987071841955,4414.44668379426,216.672294855118,222.924030840397,48.2183178663254,262.40387159586,6.72698074579239,509.27078461647,142.22665810585,283.867217332125,35.6147121191025,676.160601109266,74.2122907340527,424.917954713106,69.9843985438347,468.632578551769,18.4921160042286,75.0704971253872,3.43132448196411,203.709439367056,4.86808896064758,3526.43883138895,611.558078914881,1165.83944699168,209.155857414007,865.050212651491,76.0568189024925,925.466358333826,153.681969165802,376.794563353062,45.4082990288734,1913.38202887774,763.140356004238,3090.61261188984,253.959796011448,6785.44564387202,356.696619093418,2042.34862855077,171.02598080039,1179.68324369192,67.7298981249332,0,962.98382255435,32.5017927289009,5.41835606098175,476.318163454533,115.853405147791,23.0396716594696,1.28863960504532,463.688408285379,45.4075500369072,64.7548388838768,0.502832651138306,345.335957735777,6.46398490667343,176.173614054918,23.0984197258949,144.113299399614,14.355351537466,672.789236396551,103.129199683666,212.037144839764,2.07449823617935,15.6740031540394,8.97465163469315,66.6338548660278,5.31008398532867,170.07474192977,23.3887882530689,559.173661530018,95.0633902847767,49.7511241734028,13.4988173246384,293.759558141232,655.062545210123,25.9176941812038,3.52780103683472,25.7342513203621,27.0467826128006,33.2467733919621,82.3905465006828
270.361922591925,4762.61789163947,224.037659794092,2345.56483763456,0,97.3973379433155,133.793383032084,1085.11883333325,0,157.481053173542,10.226056098938,242.132525920868,14.2744812071323,529.604757815599,0,514.541283756495,9.11917942762375,278.129256933928,889.552154868841,2178.79546654224,4.40615344047546,11.4834509193897,313.942717641592,725.936219334602,0,35.210521876812,0.757210195064545,24.7639200091362,25.071101129055,124.182850778103,153.564148753881,365.9599404037,176.095528304577,495.08533346653,194.180217444897,218.026519149542,238.17986369133,4281.09324252605,33.0357452630997,200.446152150631,1.49220085144043,201.611027956009,160.265731841326,289.96631538868,33.7814599871635,148.501187622547,67.9606580734253,663.241167604923,34.9743698239326,359.375267952681,25.4603440761566,240.877282261848,3.75107169151306,65.6614088118076,10.9241341948509,145.024945169687,283.024853885174,2968.29198268056,184.565560400486,851.872110426426,51.3566190004349,419.261536210775,39.0767239928246,460.006470769644,26.1530822515488,363.734441757202,1359.89135989547,958.490231990814,575.030371159315,657.037902891636,753.228739976883,9024.94868567586,79.1520297527313,1285.68230435252,38.0463415980339,1000.9423057735,962.98382255435,0,2.64462506771088,21.5323713421822,37.411278039217,426.156849324703,0,24.3532578349113,13.7915224432945,382.599892616272,0,98.7296120226383,2.25905746221542,194.941001266241,23.9473295807838,238.936834126711,9.19458764791489,119.862266778946,132.338551193476,756.922379016876,44.3897559046745,29.4940149486065,8.96639466285706,38.0800644159317,9.23222190141678,30.9177804589272,25.2572351098061,181.558251857758,119.73947390914,368.573809862137,11.3568823933601,42.5114781558514,363.372916549444,725.660522311926,29.75703561306,5.03899782896042,26.1902244985104,23.1833846569061,80.6782787442207,57.007759064436
50.6485042870045,0,7.77268505096436,0,0,0,1.02879369258881,0,0,0,33.5606020092964,0,29.0452639460564,0,2.97190257906914,0,652.599010527134,0,2.8984951376915,0,0,0,3.13413047790527,0,0,0,0,0,631.156892061234,0,0,0,0,1.05167317390442,4.21645224094391,2.40600323677063,5.2426723241806,0,2.27564576268196,0,0,0,2.26355993747711,0,0.444543480873108,0,0.759384393692017,0,0.468066036701202,0,2.92094969749451,0,0.610787451267242,0,3.88443166017532,0,206.598782122135,0,61.8068360984325,0,40.3683496713638,0,136.809818506241,0,24.511307746172,0,51.1774897873402,3.60152840614319,10.6383135318756,0,30.3150269389153,2.11099648475647,87.112723171711,0,9.23107808828354,0,32.5017927289009,2.64462506771088,0,0,1395.74753263593,0,13.9085491001606,0,68.3956669569016,0,0,0,11.3740714788437,0,0,0,0,0,2.48204457759857,0,0,0,0,0,0,0,0,0,0,0,0,0,0,0,0,0,0,0,0,0
0,6.78995335102081,0,7.44867354631424,0,0,0,8.73719495534897,0,0,0,3.2895285487175,0,0,0,2.12788498401642,0,171.297716349363,0,2.01339024305344,0,0,0,0,0,0,0,0,0,511.156453579664,0,0,0,2.02058589458466,3.36761581897736,0.759636580944061,3.06638932228088,4.86125284433365,0,1.85702329874039,0,0,1.33431315422058,1.29542934894562,0,1.1262953877449,0,2.06986629962921,0,5.58579331636429,0,10.7162526845932,0,0,0,0,1.83466148376465,47.9586564302444,1.25038361549377,130.655362278223,0,17.5574913024902,0,82.139041185379,0,15.1246372461319,10.564903318882,49.4061329066753,0.873175203800201,0,3.30098259449005,21.9068284034729,0,282.762581646442,0,6.15797370672226,5.41835606098175,21.5323713421822,0,0,0,1467.26924213767,0,7.8573847413063,0,10.299325466156,0,0,0,0.641932964324951,0,0,0,0,0,1.08459556102753,0,0,0,0,0,0,0,0,0,0,0,0,0,0,0,0,0,0,0,0
262.99279999733,0.648866832256317,34.988883972168,0,12.659769743681,0,52.5667486786842,0,9.29171317815781,0,505.52750647068,0,693.211718380451,0,25.2200037240982,0,2351.24734765291,0,14.1532302498817,0,4.13901793956757,0,11.0179842710495,0,1.40857446193695,0,0.763195216655731,0.935619115829468,2004.23912459612,0,2.06727194786072,0,1.88085007667542,2.52733838558197,46.7906019687653,33.1226114630699,181.421127229929,5.89063024520874,74.0970374941826,0,16.6352438926697,0,130.418721526861,0,91.9347624182701,0,97.1746296286583,0,178.450684159994,0,319.315463066101,0,33.8627256155014,0,79.0570797026157,0,263.756693810225,0,291.814631342888,0,822.894657760859,0,2473.75855875015,0,930.130501568317,0,409.0145842731,24.849511295557,4.06412941217422,2.09082317352295,213.230899900198,5.05166333913803,729.880167752504,0,68.3113256692886,0,476.318163454533,37.411278039217,1395.74753263593,0,0,0,713.211760669947,0,5785.14940705895,0,88.0606194138527,0,323.036727845669,0,5.63249260187149,0,0,0,44.9855945110321,0,8.0626882314682,0,0,0,0,0,0,0,3.3019158244133,0,0.878702044487,0,0,8.56830716133118,0,0,0,0,0,0
0,32.5235859751701,0,30.3077349960804,0,1.73948323726654,0,47.1619119644165,0,1.68283885717392,0,167.42005610466,0,218.185446381569,0,20.543180167675,0,734.219489246607,0,5.30360382795334,0,0,0,1.77955758571625,0,0,0,2.04642140865326,0,875.111890166998,1.04380249977112,1.54322355985641,11.8994081020355,38.1382884383202,70.8921417295933,54.5499432086945,13.798436820507,174.803746789694,0,33.6838960647583,0,15.7745988667011,20.6618058085442,106.819322824478,6.46522891521454,142.53951561451,1.29863500595093,106.970156103373,0,413.716983139515,0,308.96742478013,0,75.5715708434582,0,55.42707285285,8.46950221061707,186.141851127148,0,893.693129360676,1.64441430568695,247.662667691708,0,1310.97301879525,0,1198.51723983884,63.3412801325321,503.638612985611,0,5.37171322107315,30.123072385788,229.801849812269,1.31712257862091,1277.76831531525,0,87.7690829634666,115.853405147791,426.156849324703,0,1467.26924213767,0,0,0,2168.42766398191,0,6485.9359356761,0,221.005147606134,0,224.503181874752,0,0,0,0,0,18.6631530225277,0,0,0,2.26496183872223,0,0,0,0,0,0,0,0,0,0.639862060546875,0,0,0,0,0,0
11.636312186718,0.786563694477081,30.7561351060867,0,40.0196944475174,0,6.70908540487289,2.6442277431488,8.21510982513428,0.680639982223511,48.6634770035744,0,20.7039667367935,0,52.9457249045372,0,67.3359795808792,0,25.3226815760136,1.16301131248474,23.1479194760323,1.9305025935173,11.8099343180656,0.757588446140289,4.51086503267288,0,10.2062647342682,2.34952265024185,850.67727342248,0,2.56111526489258,0,0.633608043193817,3.73044615983963,6.67218619585037,1.45916143059731,390.448536038399,0,143.222365766764,0,531.680167943239,1.35808181762695,29.7438955903053,0,6.06763592362404,0,47.6269480586052,0,26.8701806366444,0,95.2541646361351,0,5.18491843342781,0,94.738637804985,0,6.59705537557602,0,8.22759157419205,0,19.5765571892262,0,20.5974130630493,0,44.8165301084518,0,20.6510483920574,0,0,0,27.6506986021996,1.86484241485596,109.56144118309,0,7.48544532060623,0,23.0396716594696,0,13.9085491001606,0,713.211760669947,0,0,0,685.431234955788,0,1010.12115138769,0,73.613680511713,0,2.41371816396713,0,0,0,3.03802067041397,0,0,0,0,0,0,0,0,0,0.710336267948151,0,0,0,0,0.72821033000946,0,0,0,0,0,0
0,0,0,0,0,57.356213003397,0,0,0,10.4070312380791,0,0,0,0,0,61.3454158902168,0,5.44580274820328,0,0,0.826077222824097,179.782316803932,0,1.21623587608337,0,2.42859092354774,0.687682747840881,48.7413935959339,0,679.886855632067,0,0,0,0,0.637150883674622,1.60565394163132,0,421.726811349392,0,122.212609767914,0,1371.00849330425,1.23095524311066,11.2327676713467,1.10642957687378,9.58387473225594,0,48.2906600534916,0,32.4938586652279,0,44.6703987419605,0,16.5224053561687,0,39.7882443666458,0,1.58157461881638,0,25.1445935666561,0,4.06193780899048,0,6.35525763034821,0,28.5010558664799,0,12.9440471529961,0,0,0.774508535861969,5.24280369281769,0,452.833696722984,0,0.735464334487915,1.28863960504532,24.3532578349113,0,7.8573847413063,0,2168.42766398191,0,0,0,562.248152196407,0,1241.02079761028,0,91.6332690417767,0,0,0,0,0,1.43749570846558,0,0,0,1.77717179059982,0,0,0,0,0,0,0,0,0,0,0,0,0,0,0,0
911.304859101772,0,37.3505646586418,0,23.7880881428719,0,275.556519925594,0,11.5428751111031,0,593.160460174084,0,691.758840739727,0,28.1042831540108,0,233.156660228968,0,9.16324180364609,0,11.7723615169525,1.01771283149719,0,0,0.978803932666779,0,3.44802469015121,0,626.629882276058,0,0,0,0,0,32.8879146873951,29.3153214454651,355.924244433641,1.54146385192871,78.2931817173958,0,47.5844980180264,0,163.106748431921,0,105.059615343809,0,197.492961406708,0,233.899468928576,0,3159.50330361724,0,379.898365646601,0,684.811341643333,0,190.198697268963,0,175.328700631857,0,1106.13937020302,0,1093.69688534737,0,3350.30356565118,0,249.451552331448,10.2591969966888,0,0,229.460534274578,2.18774008750916,643.685030341148,0,80.4723537266254,0,463.688408285379,13.7915224432945,68.3956669569016,0,5785.14940705895,0,685.431234955788,0,0,0,1236.20129534602,0,4437.26711061597,0,6.49589848518372,0,0,0,26.100092113018,0,9.36502915620804,0,0,0,0,0,0,0,0,0,0,0,0,2.50149255990982,0,0,0,0,0,0
0,379.056241154671,0,34.1370546221733,0,2.25733327865601,0,396.509047955275,0,0,0,140.803011357784,0,102.391489326954,0,1.65898853540421,0,50.8590692281723,1.72184991836548,12.3882332444191,0,0.783883512020111,0,1.48562681674957,0,0,0,0,0,113.719473212957,0,0,0,7.86382094025612,28.8725635409355,18.5401033759117,3.3792906999588,463.962479799986,0,89.2994467914104,0,140.419755429029,18.2885580062866,195.885814756155,4.22063672542572,126.864575922489,4.47311294078827,318.974706351757,2.7990083694458,443.018276929855,0,4160.36855450273,0,756.389805018902,0,1404.43905758858,0,137.940204918385,0,321.355521827936,0,632.131655097008,0,357.906852692366,0,5183.94804772735,5.82942426204681,139.136781215668,0,0,10.1433671712875,204.270463138819,1.00112426280975,1040.98735326529,0,159.844033271074,45.4075500369072,382.599892616272,0,10.299325466156,0,6485.9359356761,0,562.248152196407,0,0,0,950.441659599543,0,6966.47957006097,0,0,0,0,0,9.24469786882401,0,1.30869090557098,0,10.1782090961933,0,0,0,0,0,0,0,0,0,0,0.506391525268555,0,0,0,0,0
0,0,0,0,20.5106011927128,0,0,0,6.07799917459488,0,0,0,0,0,17.366986811161,0.712719202041626,0,0,0,0,17.9494141936302,0,0,0,0.51348876953125,0,8.23697412014008,0.816732168197632,199.061930716038,0,0.75928008556366,0,0,0,3.01771020889282,0,1473.41645687819,0,107.148325234652,1.07684886455536,649.059801727533,0.68085515499115,23.7724077403545,0,0.449496924877167,0,112.687237352133,0,0.588801741600037,0,17.0210303068161,0,11.5124400258064,0,279.110988020897,0,0,0,0,0,1.97448134422302,0,0,0,9.30431461334229,0,11.9377799630165,0,0,0,20.2928677797318,5.41361439228058,39.588161945343,0,4.5327080488205,2.23757326602936,64.7548388838768,0,0,0,88.0606194138527,0,1010.12115138769,0,1236.20129534602,0,0,0,812.822949260473,0,0,0,0,0,1.90967005491257,0,0.475215226411819,0,0,0,0,0,0,0,0,0,0,0,0,0,0,0,0,0,0,0
0,0,0,0,0,6.03514158725739,0,0,0,1.36454480886459,0,0,0,0,0,4.12103736400604,0,0,0,0,0,3.15892052650452,0,0,0,0,0,3.09092086553574,0,19.7761971950531,0,0,0,0,0,2.73391288518906,0,1224.16585284472,0,515.526877582073,0,1761.41229367256,0,11.5923703312874,0,0,0.620443999767303,81.7482028603554,0,7.28269925713539,0,18.9358233511448,0,18.9739902615547,0,473.508914679289,0,0,0,0.60134744644165,0,0,0,0,0,8.09680870175362,0,9.54706826806068,0,0,1.12125301361084,2.2626023888588,0,36.5546639561653,0,2.94148981571198,0.502832651138306,98.7296120226383,0,0,0,221.005147606134,0,1241.02079761028,0,950.441659599543,0,0,0,930.195391505957,0,0,0,0,0,5.8746834397316,0,0,0,2.58299517631531,0,0,0,0,0,0.395061641931534,0,0,0,0,0,0,0,0,0,0
249.363170206547,0,2.63757395744324,0,12.9958781003952,0,68.4273543953896,0,0.578362941741943,0,95.0441908240318,0,63.0489292144775,0,7.90049982070923,0,40.1517008543015,0,0,0,3.37121659517288,1.62821614742279,0,0,1.44102728366852,0,4.87310981750488,0,197.715071022511,0,0,0,0,0,14.0535293221474,8.18969827890396,1100.05428233743,0.502430140972137,358.854216784239,0,96.5574509203434,1.03885900974274,237.040049731731,0,99.6848317980766,0,503.301645904779,0,265.814860075712,0,1187.87514200807,0,554.531931966543,0,3414.62853112817,0,65.8190221786499,0,103.636141955853,0,235.711765378714,0,115.325699061155,0,843.338687032461,0,152.562570273876,5.82154905796051,0,0,108.358222544193,1.1240668296814,285.624961167574,1.68865561485291,61.1661477982998,1.82463395595551,345.335957735777,2.25905746221542,11.3740714788437,0,323.036727845669,0,73.613680511713,0,4437.26711061597,0,812.822949260473,0,0,0,12.1021575331688,0,0,0,15.1247998476028,0,2.47430753707886,0,1.47386562824249,0,0,0,0,0,0,0,0,0,0,0.666757106781006,0,0,0,0,0,0
0,192.297828316689,0,4.29224264621735,0,0,0,58.8366319537163,0,1.14230215549469,0,2.91254460811615,0,1.58383858203888,0,1.20423197746277,0,5.41814863681793,0,1.33007740974426,0,0,0,0,0,0,0,0,0,35.5261124968529,0,0,0,1.59615039825439,1.18567037582397,8.61179110407829,0,794.923346847296,0,96.6054822206497,1.64283084869385,197.243320763111,19.1884710788727,167.084610641003,3.69872111082077,54.2013567090034,1.24425572156906,369.786013185978,0,225.952603161335,0,1183.40505370498,0,1191.90335085988,0,3692.64299121499,0,81.9806906580925,0,75.9133182764053,0,205.663478285074,0,48.5738951265812,0,879.974704325199,3.878213763237,30.1977420151234,0,0,0.909634053707123,88.5512740015984,0,263.645294308662,0,52.0428906679153,6.46398490667343,194.941001266241,0,0.641932964324951,0,224.503181874752,0,91.6332690417767,0,6966.47957006097,0,930.195391505957,0,0,0,0,0,0,0,0.586927652359009,0,0,0,13.2868976593018,0,0,0,0,0,1.2763466835022,0,0.889061450958252,0,0,0,0,0,0,0,0
0,0,0,0,0,0,0,0,0,0,0,0,0,0,0,0,0,0,0,0,1.28024804592133,0,0,0,0,0,0,0,7.27900516986847,0,0,0,0,0,0,0,146.196489006281,24.4925028681755,366.771308630705,16.0467460155487,5.69651961326599,0,254.655456215143,0,4.65121555328369,0,347.013690620661,0.509023606777191,29.107741355896,0,88.4108295738697,0,47.0084117650986,0,168.319273591042,0,0,0,0,0,0,0,0,0,0,0,8.74708598852158,0,0,0,21.6463682353497,0.865191280841827,28.4012093544006,0.449379354715347,105.990630894899,22.4294687509537,176.173614054918,23.9473295807838,0,0,5.63249260187149,0,2.41371816396713,0,6.49589848518372,0,0,0,12.1021575331688,0,0,147.390893340111,1953.64856043458,30.8175765872002,527.900681525469,184.34324914217,2902.36103481054,73.9921493828297,3297.34755474329,132.047304928303,587.982886195183,18.2795112729073,668.484791785479,240.108311086893,1065.76990193129,125.636750400066,424.252113819122,81.5246709287167,28.9733102619648,22.8242848813534,144.592402637005,13.1324328780174,70.6580573022366,5.02757889032364,11.3755653500557,5.55321261286736
0,0,0,0,0,0,0,0,0,0,0,0,0,0,0,0,0,0,0,0,0,0,0,0,0,0,0,0,1.42286360263824,0.828288495540619,0,0,0,0,0,0,108.683477342129,60.4877494573593,149.179402351379,129.93317681551,0.375886887311935,0,0,0,0,0,0,2.55484482645988,0,0,0,0,0,0,0,0.971603691577911,0,0,0,0,0,0,0,0,0,0,0,0,0,0,8.88721987605095,29.3373257815838,6.09397006034851,8.51421093940735,77.1692223548889,75.9947321116924,23.0984197258949,238.936834126711,0,0,0,0,0,0,0,0,0,0,0,0,147.390893340111,0,21.4992162585258,2918.13752859831,96.0965088009834,932.503264904022,217.552763402462,771.784842669964,92.4479673206806,2283.32124921679,30.5775119066238,474.727925419807,108.788382798433,1102.37987700105,82.4443362653255,856.543084323406,79.8266126215458,465.154885321856,151.646156072617,59.593709975481,228.074053049088,17.6079289317131,66.0873044729233,7.88172161579132,155.941840052605,21.6919682323933
0,0,0,0,0,0,0,0,0,0,0,0,0,0,0,0,0,0,0,0,0,0,0,0,0,0,0,0,0.378846883773804,0,0,0,0,0,0,0,40.144820868969,5.91023737192154,35.915465503931,2.27285939455032,0.933957576751709,0,0,0,0,0,0,1.71748244762421,0,0,0,0,0,0,0,0,0,0,0,0,0,0,0,0,0,0,0,0,0,0,9.36464264988899,0.49412876367569,7.08139288425446,0,42.260498136282,6.67850357294083,144.113299399614,9.19458764791489,0,0,0,0,0,0,0,0,0,0,0,0,1953.64856043458,21.4992162585258,0,0.681727170944214,332.419398128986,36.5021767616272,541.36755630374,12.381004601717,147.273697793484,12.5354490280151,1361.06260609627,6.7514306306839,1433.09143930674,46.1273221969604,867.483741611242,25.7087654769421,206.367705643177,38.8404416739941,35.8462339937687,25.3555015027523,163.864069491625,6.42929875850677,74.6513073444366,4.57919770479202,7.13525128364563,2.43892163038254
0,0,0,0,0,0,0,0,0,0,0,0,0,0,0,0,0,0,0,0,0,0,0,0,0,0,0,0,0,0,0,0,0,0,0,0,23.9550389051437,14.8887428045273,21.1113838553429,25.6176536679268,0,0,0,0,0,0,0,0,0,0,0,0,0,0,0,0,0,0,0,0,0,0,0,0,0,0,0,0,0,0,0,10.2198503017426,0,2.34287002682686,15.1262199580669,31.8091054558754,14.355351537466,119.862266778946,0,0,0,0,0,0,0,0,0,0,0,0,30.8175765872002,2918.13752859831,0.681727170944214,0,41.5722078382969,227.95632648468,71.1290343701839,130.995134890079,21.0681042075157,105.720237225294,8.56665182113647,792.676964074373,19.8912271559238,1250.84714865685,24.6820143163204,459.747212648392,38.8570907711983,123.009676456451,142.661523461342,69.6452701091766,227.641552001238,11.4038667678833,126.45461332798,16.9351562559605,123.312032520771,18.758315384388
139.50560683012,0.513285219669342,148.5243511796,1.77099525928497,4.50955137610435,0,16.8445620834827,0,7.98232480883598,0,9.02787107229233,1.78419303894043,15.2876114249229,1.98658865690231,16.7553805410862,1.13878226280212,9.28365716338158,0,92.4580055773258,0.965008318424225,3.98731333017349,0,52.7268405556679,0,0.433999925851822,0,0.924455046653748,1.72454965114594,15.9152884185314,0,2.90450727939606,1.76894813776016,6.99713528156281,7.40528282523155,14.0036513805389,11.9716939330101,188.958696216345,7.74073487520218,93.3789913654327,4.64186483621597,12.7674073278904,0,30.1612424254417,0,33.6377936601639,0,29.1081984639168,15.2449859380722,34.7782161831856,0,67.1585661768913,0,3.52810087800026,0,13.6390642523766,0,218.988367557526,1.76839745044708,129.126400381327,0,63.0872251093388,0,66.949356764555,0,43.3506593108177,0,134.294353604317,1.43119919300079,140.488733798265,0,325.739471942186,28.4897752404213,132.629001140594,10.5007520318031,324.408137410879,28.985320687294,672.789236396551,132.338551193476,2.48204457759857,0,44.9855945110321,0,3.03802067041397,0,26.100092113018,0,1.90967005491257,0,15.1247998476028,0,527.900681525469,96.0965088009834,332.419398128986,41.5722078382969,0,168.842772096395,774.861007928848,15.0473795235157,106.574570596218,48.8989742994308,136.922338217497,21.7583374381065,416.767128616571,111.947480201721,744.90550121665,158.090852767229,216.550650060177,47.9679332077503,193.96035656333,387.556282758713,151.853263676167,22.6391335725784,59.3652782440186,64.4318489730358,35.9888521134853,51.7100345790386
0,196.48157787323,2.30753779411316,100.342434108257,0.370673984289169,3.16444680094719,0,33.1821793019772,0,4.39280417561531,0,4.8669056892395,0,19.9671557843685,0,24.2435971200466,0,12.6811835169792,0.959582448005676,84.3168206214905,0,0,0,20.8428258001804,0,0,0,1.20434239506721,3.35539031028748,9.12640315294266,1.14372074604034,10.7546784877777,0.838493883609772,27.2630611360073,19.7335735559464,16.745069950819,53.89519572258,201.46498298645,91.8464456498623,78.5110389590263,2.59496328234673,9.66931998729706,2.09045511484146,27.1381349563599,1.28368079662323,16.5559600889683,6.10581767559052,46.7653961181641,0,91.8734474182129,0,70.8114782273769,0,10.069282501936,0,9.03619539737701,0,266.70568177104,0,151.568795055151,1.81119441986084,42.6087135076523,0,14.4931542575359,0,85.7714631259441,4.52806395292282,142.716835021973,0,28.8129798471928,43.4883842170238,359.890244811773,15.457701086998,77.6119405329227,42.0348943173885,299.520179867744,103.129199683666,756.922379016876,0,1.08459556102753,0,18.6631530225277,0,1.43749570846558,0,9.24469786882401,0,5.8746834397316,0,0.586927652359009,184.34324914217,932.503264904022,36.5021767616272,227.95632648468,168.842772096395,0,138.128697276115,814.76137766242,78.9876368939877,646.321840494871,28.1348072588444,88.7229266762733,77.1424326300621,452.684016406536,125.056947290897,616.217337608337,41.0778624117374,153.240113556385,106.677042931318,350.697464585304,212.937329262495,30.9775663018227,47.2402711510658,26.4154164791107,83.849008589983,19.1970216929913
4.61581909656525,0,5.15960964560509,0,0,0,0,0,0.353405565023422,1.36768710613251,0,0,0,0,0,0.85929274559021,0,0,2.69866025447845,0,0,0,1.84623205661774,0,0,0,0,0,3.40702211856842,0.60168194770813,0,0,0.727568328380585,0,0,2.29764896631241,95.7578637897968,8.97848090529442,209.151009887457,15.0674602389336,0,0,3.71913552284241,0,3.44230198860168,0,30.5626086592674,2.79821443557739,5.41853773593903,0,6.10001230239868,0,0.715929448604584,0,0,0,20.3825641870499,0,11.2654004693031,0,10.4441239833832,0,5.16405135393143,0,6.1044317483902,0,19.3045151233673,0,6.68206959962845,0,23.1638215780258,12.5764829516411,18.6884874105453,2.64855518937111,67.0662741065025,29.0023500919342,212.037144839764,44.3897559046745,0,0,8.0626882314682,0,0,0,9.36502915620804,0,0.475215226411819,0,2.47430753707886,0,2902.36103481054,217.552763402462,541.36755630374,71.1290343701839,774.861007928848,138.128697276115,0,46.0982016324997,2831.31934127212,113.33746060729,237.366017907858,40.7563053965569,389.501857876778,282.239224940538,686.875772446394,130.819099992514,332.226159065962,81.2565517425537,50.4034369587898,72.7978323996067,435.932586401701,49.9070716500282,100.990549504757,13.6996532082558,15.9742016196251,7.71190053224564
0,0.9407017827034,0,0,0,0,0,0,0,0,0,0,0,0,0,0,0,1.53230285644531,0,0,0,0,0,0,0,0,0,0,0,0.752881944179535,0,0,0,0,0,1.19340753555298,19.4811733961105,18.5289762020111,26.1871879696846,26.4588983058929,0,1.18413209915161,0,15.0978035926819,0,2.33808124065399,1.81389343738556,42.9850918054581,0,0.924472451210022,0,1.02295970916748,0,0,0,1.09242618083954,0,2.14319843053818,0,0,0,0,0,0,0,0,0,4.50441139936447,0,0,0.869153082370758,10.5424066185951,3.18285417556763,0.965740203857422,16.1119132637978,19.6123138964176,2.07449823617935,29.4940149486065,0,0,0,0,0,0,0,1.30869090557098,0,0,0,0,73.9921493828297,771.784842669964,12.381004601717,130.995134890079,15.0473795235157,814.76137766242,46.0982016324997,0,24.2158198356628,2428.29770380259,12.9109319746494,27.5799030065536,27.8541039228439,140.256046682596,18.1486974060535,122.961537361145,10.3178790807724,52.5797076225281,14.0333380103111,12.1417197883129,210.051495492458,122.34678208828,115.165813803673,11.6919905543327,24.8278108537197,2.67182332277298
0,0,0,0,0,0,0,0,0,0,0,0,0,0,0,0,0,0,0,0,0,0,0,0,0,0,0,0,0,0,0,0,0,0,0,0,32.9184856116772,1.7217001914978,108.263183116913,3.85249489545822,0,0,12.9973713755608,0,2.62469732761383,0,62.3015834093094,0,1.15539395809174,0,0,0,0,0,8.63851803541183,0,0,0,0,0,0,0,0,0,0,0,0.884063243865967,0,0,0,2.42710113525391,0,3.48389920592308,1.15441673994064,24.1978143453598,9.49084711074829,15.6740031540394,8.96639466285706,0,0,0,0,0,0,0,0,0,0,1.47386562824249,0,3297.34755474329,92.4479673206806,147.273697793484,21.0681042075157,106.574570596218,78.9876368939877,2831.31934127212,24.2158198356628,0,50.7830579578876,56.5811688303947,15.6484125852585,62.9592898488045,111.988981544971,151.192380100489,50.0974445939064,81.0882639288902,23.4176414608955,6.17999589443207,2.54774424433708,114.25409758091,40.1662925481796,19.1519397497177,5.15149629116058,4.62618774175644,0
0,0,0,0,0,0,0,0,0,0,0,0,0,0,0,0,0,0,0,0,0,0,0,0,0,0,0,0,0,3.56201446056366,0,0,0,0,0,0,51.6085166931152,51.5732171833515,84.0901553928852,83.6596542596817,1.55043911933899,10.2395537793636,78.3053334951401,94.8112117648125,0,2.87608098983765,2.99792021512985,491.008184492588,0,1.46308612823486,0,2.44614404439926,0,16.8037031292915,0,107.448989570141,0,0,0,0,0,0,0,0,0,0,0,2.73891973495483,0,0,5.03654247522354,14.7600539922714,4.82990503311157,20.8041242659092,37.9078769087791,27.5219351053238,8.97465163469315,38.0800644159317,0,0,0,2.26496183872223,0,1.77717179059982,0,10.1782090961933,0,2.58299517631531,0,13.2868976593018,132.047304928303,2283.32124921679,12.5354490280151,105.720237225294,48.8989742994308,646.321840494871,113.33746060729,2428.29770380259,50.7830579578876,0,18.0068006515503,37.55117598176,41.088873565197,126.262572735548,20.9687195420265,160.157301902771,22.769416898489,311.182182967663,18.3520784378052,10.7322842478752,218.261558949947,44.9821543097496,140.467062294483,6.33766704797745,21.2472264170647,0.962984561920166
0,0,0,0,0,0,0,0,0,0,0,0,0,0,0,0,0,0,0,0,0,0,0,0,0,0,0,0,0,0,0,0,0,0,0,0,24.3160838484764,2.66326594352722,49.9095512330532,1.24461102485657,0.619561195373535,0,0,0,0,0,0,0.56614089012146,0,0,0,0,0,0,0,0,0,0,0,0,0,0,0,0,0,0,0,0,0,0,5.75359925627708,0.631851613521576,2.55567824840546,0,21.2023454606533,6.26903167366982,66.6338548660278,9.23222190141678,0,0,0,0,0,0,0,0,0,0,0,0,587.982886195183,30.5775119066238,1361.06260609627,8.56665182113647,136.922338217497,28.1348072588444,237.366017907858,12.9109319746494,56.5811688303947,18.0068006515503,0,7.67011642456055,2088.99778354168,46.1402234733105,563.675037592649,27.841573625803,248.829787909985,20.07764929533,16.1867364346981,6.31400853395462,35.6512495279312,5.49283224344254,20.7686455845833,2.36996871232986,1.48886382579803,1.56828093528748
0,0,0,0,0,0,0,0,0,0,0,0,0,0,0,0,0,0,0,0,0,0,0,0,0,0,0,0,0,0,0,0,0,0,0,0,9.22409456968307,7.10817283391953,14.1731837689877,7.93308493494987,0.653200805187225,0,0,0,0,0,0,0.645123302936554,0,0,0,0,0,0,0,0,0,0,0,0,0,0,0,0,0,0,0,0,0,0,0,1.84656310081482,1.76807022094727,1.36001682281494,11.0060334205627,14.460100799799,5.31008398532867,30.9177804589272,0,0,0,0,0,0,0,0,0,0,0,0,18.2795112729073,474.727925419807,6.7514306306839,792.676964074373,21.7583374381065,88.7229266762733,40.7563053965569,27.5799030065536,15.6484125852585,37.55117598176,7.67011642456055,0,23.4752199351788,1103.03538602591,29.8697296977043,245.635226815939,11.9339616596699,69.1116189956665,27.3385100662708,8.67504069209099,16.6863619089127,0.486962467432022,10.0107629597187,2.45780810713768,25.9552762508392,3.4294285774231
0,0,0,0,0,0,0,0,0,0,0,0,0,0,0,0,0,0,0,0,0,0,0,0,0,0,0,0,1.71622437238693,0,0,0,0,0,0,0,66.7273789942265,2.87180751562119,57.529637992382,6.19986915588379,2.7726930975914,0.833469867706299,0,0,0,0,0,0,0,0,0,0,0,0,0,0,0,0,0,0,0,0,0,0,0,0,0,0,0,0,19.2186173498631,4.73310714960098,19.8895632326603,0.545121669769287,72.2428034842014,19.6959676146507,170.07474192977,25.2572351098061,0,0,0,0,0,0,0,0,0,0,0,0,668.484791785479,108.788382798433,1433.09143930674,19.8912271559238,416.767128616571,77.1424326300621,389.501857876778,27.8541039228439,62.9592898488045,41.088873565197,2088.99778354168,23.4752199351788,0,201.595551609993,3956.49270355701,74.9537247419357,758.637397915125,60.8374244868755,85.7387159466743,80.5056812763214,359.864397585392,13.0936451554298,64.324070751667,492.627961426973,197.114743053913,27.684828042984
0,0,0,0,0,0,0,0,0,0,0,0,0,0,0,0,0,0,0,0,0,0,0,0,0,0,0,0,0,1.80417060852051,0,0,0,0,0,0,61.375065267086,65.1808324754238,59.6856773495674,39.541242480278,0,0.636766910552979,0,0,0,0,0,2.20205795764923,0,0,0,0,0,0,0,0,0,0,0,0,0,0,0,0,0,0,0,0,0,0,2.97288769483566,34.1461974084377,6.05236062407494,8.3994659781456,51.9395900964737,75.7547745108604,23.3887882530689,181.558251857758,0,0,0,0,0,0,0,0,0,0,0,0,240.108311086893,1102.37987700105,46.1273221969604,1250.84714865685,111.947480201721,452.684016406536,282.239224940538,140.256046682596,111.988981544971,126.262572735548,46.1402234733105,1103.03538602591,201.595551609993,0,118.474722981453,3443.96139243245,101.665575832129,287.845896631479,174.382159411907,85.9687092900276,369.915559202433,18.8757764101028,161.478370517492,453.176537901163,210.844519793987,41.4173545837402
8.36237740516663,0,6.35911518335342,0,0.553069710731506,0,1.19481062889099,0,0.492142260074615,0,0,0,0,0,1.71742203831673,0,0,0,5.40962338447571,0,0,0,1.12546801567078,0,0,0,0,0,2.93215748667717,1.27409195899963,0,0.925726771354675,2.84936314821243,0.992440164089203,0.609008014202118,0,60.722882270813,11.1634695827961,58.8680337369442,2.7770482301712,7.43005675077438,3.455710709095,0,0,0,0,3.75954645872116,0,0,0,1.43019843101501,0,0,0,0,0,6.50137293338776,0,0.872185587882996,0,0.694758296012878,0,1.61490219831467,0,0,0,1.18935745954514,0,1.60432976484299,0,110.64683046937,32.3096557855606,60.2257514595985,6.3614786863327,149.971960604191,36.9331352710724,559.173661530018,119.73947390914,0,0,3.3019158244133,0,0.710336267948151,0,0,0,0,0,0,0,1065.76990193129,82.4443362653255,867.483741611242,24.6820143163204,744.90550121665,125.056947290897,686.875772446394,18.1486974060535,151.192380100489,20.9687195420265,563.675037592649,29.8697296977043,3956.49270355701,118.474722981453,0,253.361065119505,720.316170722246,47.9481111466885,181.315832614899,80.122824460268,190.263998657465,25.4484614133835,81.5380208790302,40.2468057572842,104.893398612738,124.788315236568
1.34938788414001,5.30657142400742,1.33198606967926,2.04146534204483,0,0.559700608253479,2.03347551822662,1.58210742473602,0,0,0,1.07745754718781,0,0,0.412106186151505,1.33527183532715,0,0,0,0.683526396751404,0,0.583367347717285,0,0,0,0,0,0.972490012645721,0,3.51702523231506,0.560091555118561,2.84492307901382,0,1.83907216787338,0,0,25.6672871112823,26.6539173722267,38.6625971794128,25.0899872481823,3.95376026630402,2.62340196967125,0,0,0,0,0.557595193386078,0.958340674638748,0,0,0,0,0,0,0,0,0,3.67897659540176,0,0,0,0,0,0,0,0,0,0,0,0.572666883468628,33.312627106905,95.1661999821663,22.2293563485146,18.9045117795467,45.4061990082264,83.899783551693,95.0633902847767,368.573809862137,0,0,0,0,0,0,0,0,0,0.395061641931534,0,1.2763466835022,125.636750400066,856.543084323406,25.7087654769421,459.747212648392,158.090852767229,616.217337608337,130.819099992514,122.961537361145,50.0974445939064,160.157301902771,27.841573625803,245.635226815939,74.9537247419357,3443.96139243245,253.361065119505,0,52.5220049917698,360.713826984167,229.022007167339,88.8291530311108,261.497220724821,27.1011445522308,92.918795645237,61.989972025156,426.904467374086,202.24354994297
0,0,0,0,0,0,0.595437169075012,0,0,0,1.76496934890747,0,0,0,0,0,0,0,0,0,0,0,0,0,0,0,0,0,0.57549661397934,0,0,0,0,0,0,0,25.1823253631592,0.959918677806854,43.4678034484386,2.23541885614395,2.34129345417023,0,0,0,0,0,0,0,0,0,0,0,0,0,0,0,1.90567433834076,0,0,0,0,0,1.68591034412384,0,0,0,0,0,0,0,22.4553791284561,9.47282576560974,8.31150084733963,1.15975141525269,34.8640340566635,12.6333091855049,49.7511241734028,11.3568823933601,0,0,0.878702044487,0,0,0,0,0,0,0,0,0,424.252113819122,79.8266126215458,206.367705643177,38.8570907711983,216.550650060177,41.0778624117374,332.226159065962,10.3178790807724,81.0882639288902,22.769416898489,248.829787909985,11.9339616596699,758.637397915125,101.665575832129,720.316170722246,52.5220049917698,0,56.0435724854469,26.7437653541565,10.3429192900658,46.9400175511837,3.97753006219864,12.9879983067513,6.9566787481308,10.8401139378548,18.0218505561352
1.53354346752167,0.818370163440704,0,0,0,0,0,0,0,0,0,0,0,0,0,0,0,0,0,0,0,0,0,0,0,0,0,0,0,0,0,0,0,0.888611435890198,0,0.820106744766235,13.3373935818672,3.18595877289772,11.3802139759064,6.76765143871307,0.66965264081955,0,0,0,0,0,0,0.558337986469269,0,0,0,0,0,0,0,0,0,0,0,0,0,0,0,0,0,0,0,0,0,0,8.42490914463997,17.7157120108604,0.950534820556641,1.04580438137054,18.2000403404236,13.305295586586,13.4988173246384,42.5114781558514,0,0,0,0,0,0,0,0,0,0,0,0.889061450958252,81.5246709287167,465.154885321856,38.8404416739941,123.009676456451,47.9679332077503,153.240113556385,81.2565517425537,52.5797076225281,23.4176414608955,311.182182967663,20.07764929533,69.1116189956665,60.8374244868755,287.845896631479,47.9481111466885,360.713826984167,56.0435724854469,0,22.3877807855606,8.26999646425247,32.8848403096199,4.25416874885559,11.9068319201469,12.7711495161057,18.8569244146347,14.551744312048
17.2106958031654,25.5819135308266,14.1850002408028,24.1432310044765,1.21315956115723,2.73661798238754,5.29334419965744,6.10000115633011,0.591142773628235,1.27586969733238,0.862246751785278,4.00202107429504,2.8767791390419,4.91756588220596,7.9344936311245,2.41124457120895,1.47575235366821,0.822398602962494,5.60478207468987,12.8770972490311,0,0,4.01439192891121,4.81074541807175,0,0,0,0,2.49622011184692,2.28146374225616,1.56115400791168,2.43790054321289,0,5.50177562236786,0,0,14.902733206749,10.1192461252213,3.5837938785553,1.86869770288467,5.07660269737244,1.49926674365997,0,0,0,0,1.08243584632874,0,0,0,0,0,0,0,0,0,11.2308965325356,14.2421207726002,1.1763516664505,1.77845537662506,1.30557996034622,0,0,0,0,0,0,1.66023641824722,10.5626923441887,1.21238100528717,68.0080682635307,113.839764624834,39.3793266415596,16.7252811789513,60.4666238725185,43.0090585052967,293.759558141232,363.372916549444,0,0,0,0,0,0,0,0,0,0,0,0,28.9733102619648,151.646156072617,35.8462339937687,142.661523461342,193.96035656333,106.677042931318,50.4034369587898,14.0333380103111,6.17999589443207,18.3520784378052,16.1867364346981,27.3385100662708,85.7387159466743,174.382159411907,181.315832614899,229.022007167339,26.7437653541565,22.3877807855606,0,321.186412990093,287.825120359659,22.6738214492798,120.694097071886,371.263874858618,204.625698179007,162.111843645573
7.65393060445786,13.4681532382965,15.4123774766922,7.8796826004982,0,0,0.992928743362427,1.38691943883896,0.599739193916321,1.33524596691132,0,0,0,1.23727536201477,0.817547261714935,1.90748751163483,0,0,6.36882355809212,5.28516840934753,0,0,3.05772751569748,3.91751450300217,0,0,0,0,2.58797550201416,0,0.799725353717804,0.645154297351837,0.563029170036316,0,1.59809851646423,3.72783762216568,35.3012417852879,25.4077600836754,0.818739771842957,1.02449622750282,2.24237716197968,0,4.66989666223526,1.30871617794037,1.07432889938354,0.826892018318176,105.145179331303,37.792106449604,4.13000822067261,2.85546922683716,8.41649031639099,0.898992419242859,0,0,1.40608501434326,0.615455806255341,22.4814126491547,10.7514149546623,4.50912070274353,7.78925204277039,6.92057377099991,1.84456223249435,8.9622220993042,2.3357293009758,4.87241142988205,0,16.1107219457626,8.82238912582397,16.2660830020905,2.82732671499252,25.8293809294701,20.9949565529823,8.9587789773941,1.70056134462357,29.7495461702347,14.3263549208641,655.062545210123,725.660522311926,0,0,8.56830716133118,0.639862060546875,0.72821033000946,0,2.50149255990982,0,0,0,0.666757106781006,0,22.8242848813534,59.593709975481,25.3555015027523,69.6452701091766,387.556282758713,350.697464585304,72.7978323996067,12.1417197883129,2.54774424433708,10.7322842478752,6.31400853395462,8.67504069209099,80.5056812763214,85.9687092900276,80.122824460268,88.8291530311108,10.3429192900658,8.26999646425247,321.186412990093,0,328.400932252407,20.5815808773041,103.250212579966,233.627875953913,132.705582648516,69.1982160210609
0,0,0,0,0,0,0,0,0,0,0,0,0,0,0,0,0,0,0,0,0,0,0,0,0,0,0,0,0,0,0,0.466017752885818,0,2.11790698766708,0,4.74482500553131,15.8804905414581,7.67744249105453,9.95163309574127,1.29279381036758,0,0,0,7.04586720466614,0,1.22438204288483,3.13179361820221,10.541380405426,0,0,0,0,0,0,0,0,0,0,0,0,0,0,0,0,0,0,0,5.05497705936432,0,0,3.66312849521637,5.79584592580795,2.05183762311935,3.46259140968323,8.34258735179901,12.4591079652309,25.9176941812038,29.75703561306,0,0,0,0,0,0,0,0.506391525268555,0,0,0,0,144.592402637005,228.074053049088,163.864069491625,227.641552001238,151.853263676167,212.937329262495,435.932586401701,210.051495492458,114.25409758091,218.261558949947,35.6512495279312,16.6863619089127,359.864397585392,369.915559202433,190.263998657465,261.497220724821,46.9400175511837,32.8848403096199,287.825120359659,328.400932252407,0,447.251136183739,775.179093420506,644.927363306284,287.722354263067,112.08414375782
0,0,0,0,0,0,0,0,0,0,0,0,0,0,0,0,0,0,0,0,0,0,0,0,0,0,0,0,0,0,0,0,0,0,0,0,2.03551894426346,0,6.29463505744934,4.25055372714996,0,0,0,0,0,0,0,0,0,0,0,0,0,0,0,0,0,0,0,0,0,0,0,0,0,0,0,0,0,0,0,0,0,0.881306052207947,1.75934725999832,2.90255379676819,3.52780103683472,5.03899782896042,0,0,0,0,0,0,0,0,0,0,0,0,13.1324328780174,17.6079289317131,6.42929875850677,11.4038667678833,22.6391335725784,30.9775663018227,49.9070716500282,122.34678208828,40.1662925481796,44.9821543097496,5.49283224344254,0.486962467432022,13.0936451554298,18.8757764101028,25.4484614133835,27.1011445522308,3.97753006219864,4.25416874885559,22.6738214492798,20.5815808773041,447.251136183739,0,112.389653205872,43.6789279580116,16.8997409939766,30.7946171760559
0,0,0,0,0,0,0,0,0,0,0,0,0,0,0,0,0,0,0,0,0,0,0,0,0,0,0,0,0,0,0,0,0,0,0,0,2.23081564903259,0.562160193920135,4.12164556980133,2.31958723068237,0,0,0,0,0,0,0,1.0681459903717,0,0,0,0,0,0,0,0,0,0,0,0,0,0,0,0,0,0,0,0,0,0,1.55422085523605,2.71892017126083,1.60931831598282,0,5.68164259195328,3.77715563774109,25.7342513203621,26.1902244985104,0,0,0,0,0,0,0,0,0,0,0,0,70.6580573022366,66.0873044729233,74.6513073444366,126.45461332798,59.3652782440186,47.2402711510658,100.990549504757,115.165813803673,19.1519397497177,140.467062294483,20.7686455845833,10.0107629597187,64.324070751667,161.478370517492,81.5380208790302,92.918795645237,12.9879983067513,11.9068319201469,120.694097071886,103.250212579966,775.179093420506,112.389653205872,0,196.766706228256,41.3228498995304,32.4086846113205
0,0,0,0,0,0,0,0,0,0,0,0,0,0,0,0,0,0,0,0,0,0,0,0,0,0,0,0,0,0,0,0,0,0,0,0,1.29721009731293,0,0,0,0,0.400118887424469,0,0,0,0,0,0,0,0,0,0,0,0,0,0,0,0,0,0,0,0,0,0,0,0,0,0,0,0,2.62387907505035,1.93313187360764,1.4408386349678,0,3.10376244783401,2.11690008640289,27.0467826128006,23.1833846569061,0,0,0,0,0,0,0,0,0,0,0,0,5.02757889032364,7.88172161579132,4.57919770479202,16.9351562559605,64.4318489730358,26.4154164791107,13.6996532082558,11.6919905543327,5.15149629116058,6.33766704797745,2.36996871232986,2.45780810713768,492.627961426973,453.176537901163,40.2468057572842,61.989972025156,6.9566787481308,12.7711495161057,371.263874858618,233.627875953913,644.927363306284,43.6789279580116,196.766706228256,0,152.094100475311,201.242548525333
0,1.31247341632843,0,0,0,0,0,0,0,0.56577068567276,0,0,0,0,0,0,0,0,0,0,0,0,0,0,0,0,0,0,0,1.12053728103638,0,0.61411988735199,0,0,0,0,2.21933913230896,0,2.14935749769211,1.6136509180069,1.33913081884384,0,0,0,0,0,0,0,0,0,0,0,0,0,0,0,0,0,0,0,0,0,0,0,0,0,0,0,0,0,2.84351116418839,6.64350408315659,3.43815487623215,1.08553838729858,3.44582530856133,8.02937904000282,33.2467733919621,80.6782787442207,0,0,0,0,0,0,0,0,0,0,0,0,11.3755653500557,155.941840052605,7.13525128364563,123.312032520771,35.9888521134853,83.849008589983,15.9742016196251,24.8278108537197,4.62618774175644,21.2472264170647,1.48886382579803,25.9552762508392,197.114743053913,210.844519793987,104.893398612738,426.904467374086,10.8401139378548,18.8569244146347,204.625698179007,132.705582648516,287.722354263067,16.8997409939766,41.3228498995304,152.094100475311,0,196.599913805723
2.67044508457184,1.23845458030701,0.870154082775116,0.717195749282837,0,0,0,0,0,0.723349273204803,0,0,2.08879345655441,0,0,0.680555939674377,0,0,0,0,0,0,0.722935199737549,0,0,0,0,0,1.24258458614349,0,0,0.750177800655365,0.985838115215302,0.573922991752625,0,0,8.47920876741409,1.48163264989853,2.23587733507156,0,3.18411844968796,0,0,0,0,0,0,0,0,0,0,0,0,0,0,0,0,0,0,0,0,0,0,0,0,0,0.942409753799438,0,0,0,30.9097655415535,10.6030385196209,16.6422935128212,2.31605237722397,25.1567285060883,9.01812264323235,82.3905465006828,57.007759064436,0,0,0,0,0,0,0,0,0,0,0,0,5.55321261286736,21.6919682323933,2.43892163038254,18.758315384388,51.7100345790386,19.1970216929913,7.71190053224564,2.67182332277298,0,0.962984561920166,1.56828093528748,3.4294285774231,27.684828042984,41.4173545837402,124.788315236568,202.24354994297,18.0218505561352,14.551744312048,162.111843645573,69.1982160210609,112.08414375782,30.7946171760559,32.4086846113205,201.242548525333,196.599913805723,0
