task,seed,outer_fold,condition,condition_name,model,pearson_r,rmse,mae,n_train,n_test
working_memory,0,0,R0,Same-solver no prior,FC,0.1096029516007761,12.547446463935351,10.392120054882012,329,83
working_memory,0,0,R0,Same-solver no prior,SC,0.023785645476149364,10.857320783613266,8.995294779982327,329,83
working_memory,0,0,R0,Same-solver no prior,FP,0.1964792714174451,10.434480636178566,8.754485183102082,329,83
working_memory,0,0,R0,Same-solver no prior,fused,0.10702666823993774,11.198542577259946,9.221272100868953,329,83
working_memory,0,0,R0,Same-solver no prior,equal_weight,0.09765510126604021,10.660919398405271,8.772729258711843,329,83
working_memory,0,1,R0,Same-solver no prior,FC,0.2237641420265108,12.214787373731113,10.129159698366971,329,83
working_memory,0,1,R0,Same-solver no prior,SC,0.21558221350616558,11.216293245520712,8.864305298276777,329,83
working_memory,0,1,R0,Same-solver no prior,FP,0.18577704988066915,11.449049495043635,9.287734032482229,329,83
working_memory,0,1,R0,Same-solver no prior,fused,0.25239524027292115,11.30809743698019,9.31831013027532,329,83
working_memory,0,1,R0,Same-solver no prior,equal_weight,0.27405138855229266,10.810386082891414,8.694171265442433,329,83
working_memory,0,2,R0,Same-solver no prior,FC,0.1685160003819302,13.299255478325943,10.101068328393021,330,82
working_memory,0,2,R0,Same-solver no prior,SC,0.2031359119450421,12.176341208668152,9.596286342811371,330,82
working_memory,0,2,R0,Same-solver no prior,FP,0.1693858915200235,13.237791924970349,10.064434071029497,330,82
working_memory,0,2,R0,Same-solver no prior,fused,0.21915295637139817,12.130781227520037,9.197707254522086,330,82
working_memory,0,2,R0,Same-solver no prior,equal_weight,0.23733595800101565,11.87081608723011,9.056577321046989,330,82
working_memory,0,3,R0,Same-solver no prior,FC,0.41148067169408975,11.0103425177745,9.358325458676655,330,82
working_memory,0,3,R0,Same-solver no prior,SC,0.13368703342062013,11.896707163315615,9.864810877442466,330,82
working_memory,0,3,R0,Same-solver no prior,FP,0.437743180946877,10.297719669166671,8.793502115904943,330,82
working_memory,0,3,R0,Same-solver no prior,fused,0.40296651458738003,10.524664074569488,8.85165107928133,330,82
working_memory,0,3,R0,Same-solver no prior,equal_weight,0.38583585380504326,10.584174906132606,8.932522967029,330,82
working_memory,0,4,R0,Same-solver no prior,FC,0.29188663649529883,13.756908616324663,11.435498620341678,330,82
working_memory,0,4,R0,Same-solver no prior,SC,0.1966043792971892,13.798974767477036,11.040710069044442,330,82
working_memory,0,4,R0,Same-solver no prior,FP,0.3393183256371628,12.92529324367363,10.71693423447126,330,82
working_memory,0,4,R0,Same-solver no prior,fused,0.3197125743215864,13.110914509263706,10.942902540413671,330,82
working_memory,0,4,R0,Same-solver no prior,equal_weight,0.32702958989178244,12.990599811815553,10.765088046788728,330,82
working_memory,1,0,R0,Same-solver no prior,FC,0.48838527459024383,10.523026081139273,9.017446374058048,329,83
working_memory,1,0,R0,Same-solver no prior,SC,0.26691832496707435,11.031901405780012,9.140436510853709,329,83
working_memory,1,0,R0,Same-solver no prior,FP,0.505248146258738,9.69442170755156,8.142115384281151,329,83
working_memory,1,0,R0,Same-solver no prior,fused,0.5091417281527253,9.64887210483868,8.252252658418183,329,83
working_memory,1,0,R0,Same-solver no prior,equal_weight,0.5091417281527253,9.64887210483868,8.252252658418183,329,83
working_memory,1,1,R0,Same-solver no prior,FC,0.13260232716977488,13.340319199044513,10.494777683755485,329,83
working_memory,1,1,R0,Same-solver no prior,SC,-0.003393335705033279,13.012315515617694,10.47765455802252,329,83
working_memory,1,1,R0,Same-solver no prior,FP,0.12353342742996776,12.499277178102123,10.125600794299928,329,83
working_memory,1,1,R0,Same-solver no prior,fused,0.1046026576541091,12.446066747502314,10.01378388143481,329,83
working_memory,1,1,R0,Same-solver no prior,equal_weight,0.09793649213556088,12.42089991142375,10.010215226408578,329,83
working_memory,1,2,R0,Same-solver no prior,FC,0.1814001034684659,12.611181733902807,10.417508403277436,330,82
working_memory,1,2,R0,Same-solver no prior,SC,0.05647282272038237,12.679914024361944,10.68263963552131,330,82
working_memory,1,2,R0,Same-solver no prior,FP,0.2545236412639779,11.365375023902624,9.617401945366128,330,82
working_memory,1,2,R0,Same-solver no prior,fused,0.14440260380515077,11.912644372509872,10.065985724414478,330,82
working_memory,1,2,R0,Same-solver no prior,equal_weight,0.15998479994610346,11.873500868710916,10.01120250475473,330,82
working_memory,1,3,R0,Same-solver no prior,FC,0.26801576748319283,12.698931716448344,10.359787936362123,330,82
working_memory,1,3,R0,Same-solver no prior,SC,0.12882725845007922,12.657428014429508,10.178328044481805,330,82
working_memory,1,3,R0,Same-solver no prior,FP,0.26887670264467634,12.66117187286571,10.31693019586949,330,82
working_memory,1,3,R0,Same-solver no prior,fused,0.27252512128730033,12.046413369211766,9.8261619701281,330,82
working_memory,1,3,R0,Same-solver no prior,equal_weight,0.26010244739887245,11.911765414709327,9.659846144472686,330,82
working_memory,1,4,R0,Same-solver no prior,FC,0.25915044405047016,11.584411086891313,8.701619924197324,330,82
working_memory,1,4,R0,Same-solver no prior,SC,0.1880710165876515,11.300480125656815,8.86949953956614,330,82
working_memory,1,4,R0,Same-solver no prior,FP,0.3165529865429253,10.587709541268486,8.088440002793883,330,82
working_memory,1,4,R0,Same-solver no prior,fused,0.28575138236236153,10.711727167521708,8.283822561404769,330,82
working_memory,1,4,R0,Same-solver no prior,equal_weight,0.2840966121904766,10.648422094055423,8.271327825245372,330,82
working_memory,2,0,R0,Same-solver no prior,FC,0.33633522058744836,12.801379231240663,10.585895526824556,329,83
working_memory,2,0,R0,Same-solver no prior,SC,0.14680313951390953,12.773319090568899,10.7992868901525,329,83
working_memory,2,0,R0,Same-solver no prior,FP,0.3386990663981867,12.71456633036315,10.510918674031892,329,83
working_memory,2,0,R0,Same-solver no prior,fused,0.34254501074393084,12.326888329195821,10.097655797001096,329,83
working_memory,2,0,R0,Same-solver no prior,equal_weight,0.3372998154851362,11.846892763815633,9.636909653740977,329,83
working_memory,2,1,R0,Same-solver no prior,FC,0.36602557910438005,11.46037854755019,9.36400566789761,329,83
working_memory,2,1,R0,Same-solver no prior,SC,0.19298499084545145,11.47370910974906,9.329511076590814,329,83
working_memory,2,1,R0,Same-solver no prior,FP,0.3861855533014258,10.397958563217362,8.38847343482711,329,83
working_memory,2,1,R0,Same-solver no prior,fused,0.37379220425452986,11.077490997358616,9.015587617796847,329,83
working_memory,2,1,R0,Same-solver no prior,equal_weight,0.379868025337987,10.365204587291258,8.47926187618056,329,83
working_memory,2,2,R0,Same-solver no prior,FC,0.26177983450531245,13.097718345761852,10.185070601357069,330,82
working_memory,2,2,R0,Same-solver no prior,SC,0.13045294930776022,12.15196265514668,9.602792313882993,330,82
working_memory,2,2,R0,Same-solver no prior,FP,0.2518524864879762,11.906655711671199,9.20785394451173,330,82
working_memory,2,2,R0,Same-solver no prior,fused,0.270621910843033,12.223890306721698,9.446649580663168,330,82
working_memory,2,2,R0,Same-solver no prior,equal_weight,0.27149567184809276,11.510851495725888,9.053167298988788,330,82
working_memory,2,3,R0,Same-solver no prior,FC,0.27429204345693337,12.110199729884673,9.853876113749502,330,82
working_memory,2,3,R0,Same-solver no prior,SC,0.2602030814016132,11.237849169200711,9.556014525580801,330,82
working_memory,2,3,R0,Same-solver no prior,FP,0.2970317940536793,10.955796538068832,9.41053024719191,330,82
working_memory,2,3,R0,Same-solver no prior,fused,0.29909869675467377,11.399317571356336,9.333254911371633,330,82
working_memory,2,3,R0,Same-solver no prior,equal_weight,0.3217508318711218,10.999045187330847,9.235804026336195,330,82
working_memory,2,4,R0,Same-solver no prior,FC,0.2328051661020903,12.06732174960654,9.827188706921913,330,82
working_memory,2,4,R0,Same-solver no prior,SC,0.03266357714682908,12.19528734184252,9.502382390788533,330,82
working_memory,2,4,R0,Same-solver no prior,FP,0.25077713696264226,10.95635625394882,9.039099018180115,330,82
working_memory,2,4,R0,Same-solver no prior,fused,0.19375360506499126,11.178589644003182,8.911311901004431,330,82
working_memory,2,4,R0,Same-solver no prior,equal_weight,0.19375360506499126,11.178589644003182,8.911311901004431,330,82
working_memory,3,0,R0,Same-solver no prior,FC,0.16178700074653538,11.44663321248821,9.710457178039363,329,83
working_memory,3,0,R0,Same-solver no prior,SC,0.14503629664146206,10.488011964086983,8.51415615263242,329,83
working_memory,3,0,R0,Same-solver no prior,FP,0.23432069483441909,10.054323953018622,8.560607975946512,329,83
working_memory,3,0,R0,Same-solver no prior,fused,0.19824777835079976,10.080811614777705,8.405672472303742,329,83
working_memory,3,0,R0,Same-solver no prior,equal_weight,0.1975965889111228,10.12392878111596,8.442089131087466,329,83
working_memory,3,1,R0,Same-solver no prior,FC,0.13672259970906078,13.912617491150696,11.67243746245386,329,83
working_memory,3,1,R0,Same-solver no prior,SC,0.14391514556941717,12.973851903833829,10.994247992409905,329,83
working_memory,3,1,R0,Same-solver no prior,FP,0.16706819876024664,12.879121030496549,11.091806049692817,329,83
working_memory,3,1,R0,Same-solver no prior,fused,0.17837269036692815,12.763348897596458,10.904200106392874,329,83
working_memory,3,1,R0,Same-solver no prior,equal_weight,0.18561426497173106,12.63021471037545,10.800283715151357,329,83
working_memory,3,2,R0,Same-solver no prior,FC,0.13799033953099718,13.85993567231044,11.398909844445312,330,82
working_memory,3,2,R0,Same-solver no prior,SC,0.015187945699944638,13.308977690958285,10.521067213323125,330,82
working_memory,3,2,R0,Same-solver no prior,FP,0.15317390417016802,12.565027900353062,9.946771248051327,330,82
working_memory,3,2,R0,Same-solver no prior,fused,0.1242724595290071,12.836436092815822,10.11636207437607,330,82
working_memory,3,2,R0,Same-solver no prior,equal_weight,0.10896322095023056,12.66272328203238,9.869261277063897,330,82
working_memory,3,3,R0,Same-solver no prior,FC,0.49680163168673885,10.441939429255276,8.252199186361286,330,82
working_memory,3,3,R0,Same-solver no prior,SC,0.27776944495556943,11.822095568877748,9.642974999338033,330,82
working_memory,3,3,R0,Same-solver no prior,FP,0.47564202934589106,10.856475692788187,8.906200239635687,330,82
working_memory,3,3,R0,Same-solver no prior,fused,0.49680163168673885,10.441939429255276,8.252199186361286,330,82
working_memory,3,3,R0,Same-solver no prior,equal_weight,0.4575857645615943,10.588681913347626,8.558213858471282,330,82
working_memory,3,4,R0,Same-solver no prior,FC,0.3647372701336913,12.109710730506002,9.70940420241633,330,82
working_memory,3,4,R0,Same-solver no prior,SC,0.059176055671054426,11.885404443432375,9.558159548335377,330,82
working_memory,3,4,R0,Same-solver no prior,FP,0.37261355615132585,10.731113902958217,8.317227057339732,330,82
working_memory,3,4,R0,Same-solver no prior,fused,0.38099308990868547,10.511415964086046,8.100159422828701,330,82
working_memory,3,4,R0,Same-solver no prior,equal_weight,0.37586878663551304,10.418007316839677,8.029735088798962,330,82
working_memory,4,0,R0,Same-solver no prior,FC,0.08741895181732796,13.650730164174018,11.260384578581773,329,83
working_memory,4,0,R0,Same-solver no prior,SC,0.06017590163721376,12.14189657659608,9.794658826293741,329,83
working_memory,4,0,R0,Same-solver no prior,FP,0.17928809863270456,11.48207119615525,9.354839729676462,329,83
working_memory,4,0,R0,Same-solver no prior,fused,0.09643848271698525,12.315993979598879,10.05107808773298,329,83
working_memory,4,0,R0,Same-solver no prior,equal_weight,0.09923410009197536,11.811964499250283,9.528129305816899,329,83
working_memory,4,1,R0,Same-solver no prior,FC,0.20017163492264634,12.944102512208595,10.2410062048859,329,83
working_memory,4,1,R0,Same-solver no prior,SC,0.3022740513703532,11.373318075495401,9.331653561245673,329,83
working_memory,4,1,R0,Same-solver no prior,FP,0.19957962886102404,11.98699355492136,9.438427100347312,329,83
working_memory,4,1,R0,Same-solver no prior,fused,0.24464056410694468,12.069681595938912,9.539154346740938,329,83
working_memory,4,1,R0,Same-solver no prior,equal_weight,0.31268368566278537,11.234405746589514,9.173266946512372,329,83
working_memory,4,2,R0,Same-solver no prior,FC,0.29823865423951523,11.623529268739704,9.553155014586133,330,82
working_memory,4,2,R0,Same-solver no prior,SC,-0.03897620629042424,12.327692914961588,10.282657331172627,330,82
working_memory,4,2,R0,Same-solver no prior,FP,0.2055915225731353,10.694132902009494,8.80237171822312,330,82
working_memory,4,2,R0,Same-solver no prior,fused,0.2804024969326334,11.1832097546808,9.361319430568507,330,82
working_memory,4,2,R0,Same-solver no prior,equal_weight,0.2128464348137576,11.071481823562205,9.362552171238695,330,82
working_memory,4,3,R0,Same-solver no prior,FC,0.17682921462162637,13.241110276168705,10.74512490760744,330,82
working_memory,4,3,R0,Same-solver no prior,SC,0.15607906424959012,12.696101793570184,10.089735773794311,330,82
working_memory,4,3,R0,Same-solver no prior,FP,0.2292561031674095,12.193295412166982,9.973653040700452,330,82
working_memory,4,3,R0,Same-solver no prior,fused,0.21058871160672896,12.31646553810005,9.957850224116976,330,82
working_memory,4,3,R0,Same-solver no prior,equal_weight,0.21973756813117207,12.154301602197545,9.73853299613147,330,82
working_memory,4,4,R0,Same-solver no prior,FC,0.36816521268257374,11.385884428616848,9.281915392588974,330,82
working_memory,4,4,R0,Same-solver no prior,SC,0.11436543989085651,12.35789757283086,10.127954306739062,330,82
working_memory,4,4,R0,Same-solver no prior,FP,0.42077512525018546,10.704899151628235,8.825316625862852,330,82
working_memory,4,4,R0,Same-solver no prior,fused,0.36816521268257374,11.385884428616848,9.281915392588974,330,82
working_memory,4,4,R0,Same-solver no prior,equal_weight,0.3642133919496844,10.883890489896494,8.788841828041633,330,82
working_memory,5,0,R0,Same-solver no prior,FC,0.2275645719385427,12.8680164152553,9.58151541790263,329,83
working_memory,5,0,R0,Same-solver no prior,SC,-0.14917927631050604,14.128116025100887,11.296471306456501,329,83
working_memory,5,0,R0,Same-solver no prior,FP,0.2655782285980121,11.853777843669011,9.068890642683655,329,83
working_memory,5,0,R0,Same-solver no prior,fused,0.0875779104861454,12.71704895772808,10.01417418808315,329,83
working_memory,5,0,R0,Same-solver no prior,equal_weight,0.0875779104861454,12.71704895772808,10.01417418808315,329,83
working_memory,5,1,R0,Same-solver no prior,FC,0.25978687513640664,12.6013194059408,10.412730486817845,329,83
working_memory,5,1,R0,Same-solver no prior,SC,0.03171382666493764,12.99924580390622,10.794201744518215,329,83
working_memory,5,1,R0,Same-solver no prior,FP,0.3144892199577086,11.598697105125508,9.486239353729616,329,83
working_memory,5,1,R0,Same-solver no prior,fused,0.24297635693313846,12.045306894251489,9.895944474969758,329,83
working_memory,5,1,R0,Same-solver no prior,equal_weight,0.21826034946832112,12.037837570989836,9.976038010748645,329,83
working_memory,5,2,R0,Same-solver no prior,FC,0.08523015635513881,13.926937024991219,10.987684324370829,330,82
working_memory,5,2,R0,Same-solver no prior,SC,0.12305426550718643,11.162286627407068,8.817015979388744,330,82
working_memory,5,2,R0,Same-solver no prior,FP,0.08663039411497782,13.802531172134128,10.875315894699053,330,82
working_memory,5,2,R0,Same-solver no prior,fused,0.12155530142486634,11.573595361102807,9.272795260827312,330,82
working_memory,5,2,R0,Same-solver no prior,equal_weight,0.12600570705033692,11.410042621004335,9.15408403840924,330,82
working_memory,5,3,R0,Same-solver no prior,FC,0.38226567496803676,11.810345591704372,9.856142449547553,330,82
working_memory,5,3,R0,Same-solver no prior,SC,0.04861221583860488,13.030209025479596,10.671688155503338,330,82
working_memory,5,3,R0,Same-solver no prior,FP,0.38665213012905464,10.871015273896427,8.950859935006605,330,82
working_memory,5,3,R0,Same-solver no prior,fused,0.25891554564309904,11.50276132233811,9.32344095230619,330,82
working_memory,5,3,R0,Same-solver no prior,equal_weight,0.3245337296609305,11.185303738128026,8.998278605823446,330,82
working_memory,5,4,R0,Same-solver no prior,FC,0.1658775144567571,12.5939183374014,10.51598770804133,330,82
working_memory,5,4,R0,Same-solver no prior,SC,0.2290078258362625,11.633606189663553,9.33402415831521,330,82
working_memory,5,4,R0,Same-solver no prior,FP,0.2123222285401347,11.454053853990048,9.478109852906147,330,82
working_memory,5,4,R0,Same-solver no prior,fused,0.1836539598602036,12.160892080823244,10.119826986539765,330,82
working_memory,5,4,R0,Same-solver no prior,equal_weight,0.2573583052788664,11.120261624538534,9.137886865262622,330,82
working_memory,6,0,R0,Same-solver no prior,FC,0.27060377374621086,12.308192511086066,9.97685810496089,329,83
working_memory,6,0,R0,Same-solver no prior,SC,0.15174256143125162,12.105997416769096,10.110971469652778,329,83
working_memory,6,0,R0,Same-solver no prior,FP,0.22695504398063013,11.84685274482292,9.72096770225305,329,83
working_memory,6,0,R0,Same-solver no prior,fused,0.2822195947659015,11.763818433018068,9.54919168163941,329,83
working_memory,6,0,R0,Same-solver no prior,equal_weight,0.2830548327322491,11.405732902827832,9.302073229985218,329,83
working_memory,6,1,R0,Same-solver no prior,FC,0.1572188636916686,12.61208655992124,10.17418658988994,329,83
working_memory,6,1,R0,Same-solver no prior,SC,0.20921801059805267,10.894235367416083,8.654438992415573,329,83
working_memory,6,1,R0,Same-solver no prior,FP,0.18400035093839187,11.159717890055488,9.078261910815097,329,83
working_memory,6,1,R0,Same-solver no prior,fused,0.20424269161796915,11.15247046653069,8.989277997899334,329,83
working_memory,6,1,R0,Same-solver no prior,equal_weight,0.236777058908579,10.583095097344856,8.47808014537425,329,83
working_memory,6,2,R0,Same-solver no prior,FC,0.005948440502796897,14.190395798795011,11.687228316289168,330,82
working_memory,6,2,R0,Same-solver no prior,SC,-0.0007369131139800221,13.088936975999749,11.102639687956312,330,82
working_memory,6,2,R0,Same-solver no prior,FP,0.03523461351764285,12.91437147375,10.925754236242458,330,82
working_memory,6,2,R0,Same-solver no prior,fused,0.0056204715575292954,13.704412848830042,11.356806923236235,330,82
working_memory,6,2,R0,Same-solver no prior,equal_weight,0.003934016520363501,12.98460603734001,10.964827293359775,330,82
working_memory,6,3,R0,Same-solver no prior,FC,0.3702842544768581,11.039288675052578,8.628985803636665,330,82
working_memory,6,3,R0,Same-solver no prior,SC,0.18272493772729825,11.160182770916144,8.290233519024438,330,82
working_memory,6,3,R0,Same-solver no prior,FP,0.3373432317379194,10.418796511269475,8.010877652983302,330,82
working_memory,6,3,R0,Same-solver no prior,fused,0.37532867299966677,10.595253511189293,8.229783186603246,330,82
working_memory,6,3,R0,Same-solver no prior,equal_weight,0.36163465821341745,10.177532552133405,7.671414424557008,330,82
working_memory,6,4,R0,Same-solver no prior,FC,0.4073367203901036,11.97963208477304,10.338590691698155,330,82
working_memory,6,4,R0,Same-solver no prior,SC,0.180614150560036,12.684894611726769,10.270579963065561,330,82
working_memory,6,4,R0,Same-solver no prior,FP,0.4574118821226376,11.107902927207542,9.36421767974194,330,82
working_memory,6,4,R0,Same-solver no prior,fused,0.36031544842981156,11.639564097919486,9.601156366925677,330,82
working_memory,6,4,R0,Same-solver no prior,equal_weight,0.42007032699052105,11.320388696895261,9.49876913588235,330,82
working_memory,7,0,R0,Same-solver no prior,FC,0.24928813164441166,12.651471157711121,9.896975837492839,329,83
working_memory,7,0,R0,Same-solver no prior,SC,0.1869174792165601,12.156643322760049,9.122388821230434,329,83
working_memory,7,0,R0,Same-solver no prior,FP,0.22310314792111585,11.686917002707007,9.049373560836381,329,83
working_memory,7,0,R0,Same-solver no prior,fused,0.24928813164441166,12.651471157711121,9.896975837492839,329,83
working_memory,7,0,R0,Same-solver no prior,equal_weight,0.2880259297196737,11.62692993438679,8.777493666901869,329,83
working_memory,7,1,R0,Same-solver no prior,FC,0.28346807103558364,11.873686305621147,9.855812704741025,329,83
working_memory,7,1,R0,Same-solver no prior,SC,-0.03958644103302229,12.223495553532242,10.023740963098513,329,83
working_memory,7,1,R0,Same-solver no prior,FP,0.3145302668497019,10.565938352265496,8.880766845615744,329,83
working_memory,7,1,R0,Same-solver no prior,fused,0.26867848282712536,11.039661513909302,9.11440001738209,329,83
working_memory,7,1,R0,Same-solver no prior,equal_weight,0.2181094751893055,10.812443254786425,8.880639877615025,329,83
working_memory,7,2,R0,Same-solver no prior,FC,0.09037570773686981,13.961555784424144,10.969690983923234,330,82
working_memory,7,2,R0,Same-solver no prior,SC,0.14723377790419007,12.452449099854169,10.083959299058213,330,82
working_memory,7,2,R0,Same-solver no prior,FP,0.14797128600460796,12.45979050924665,9.921926931404,330,82
working_memory,7,2,R0,Same-solver no prior,fused,0.13485473844840867,12.442594034390137,9.809264046457285,330,82
working_memory,7,2,R0,Same-solver no prior,equal_weight,0.14631221992164728,12.240311670562459,9.652807813797258,330,82
working_memory,7,3,R0,Same-solver no prior,FC,0.3794883880326916,11.787390572174626,9.765189734653617,330,82
working_memory,7,3,R0,Same-solver no prior,SC,0.03803258943150366,13.01953331965814,10.781937788831122,330,82
working_memory,7,3,R0,Same-solver no prior,FP,0.4214087652736896,10.672133400744366,9.205009828975385,330,82
working_memory,7,3,R0,Same-solver no prior,fused,0.3031651263422722,11.323311631492876,9.436774484918942,330,82
working_memory,7,3,R0,Same-solver no prior,equal_weight,0.32091953249941324,11.243262791379276,9.36405608377556,330,82
working_memory,7,4,R0,Same-solver no prior,FC,0.20895147194728272,12.87878466631738,10.598285196127572,330,82
working_memory,7,4,R0,Same-solver no prior,SC,0.10384239284118463,12.077722991829589,9.968532762854917,330,82
working_memory,7,4,R0,Same-solver no prior,FP,0.2499594879080729,11.619531725801393,9.562547790300018,330,82
working_memory,7,4,R0,Same-solver no prior,fused,0.22425713634345945,11.770809547075393,9.682512165339622,330,82
working_memory,7,4,R0,Same-solver no prior,equal_weight,0.22503255337426303,11.423391731068932,9.47228567801958,330,82
working_memory,8,0,R0,Same-solver no prior,FC,0.3150832135060667,11.608263496146703,9.534391879324303,329,83
working_memory,8,0,R0,Same-solver no prior,SC,0.11127082994516836,12.122921708350255,9.831690306075007,329,83
working_memory,8,0,R0,Same-solver no prior,FP,0.19535013644964017,11.342627811843185,9.180647714328542,329,83
working_memory,8,0,R0,Same-solver no prior,fused,0.2993273817691149,11.063792379215505,8.942000304885307,329,83
working_memory,8,0,R0,Same-solver no prior,equal_weight,0.2993273817691149,11.063792379215505,8.942000304885307,329,83
working_memory,8,1,R0,Same-solver no prior,FC,0.23293169935528715,12.814521965048922,10.596374074331148,329,83
working_memory,8,1,R0,Same-solver no prior,SC,0.3089211249010387,11.082791273303394,9.01321320994935,329,83
working_memory,8,1,R0,Same-solver no prior,FP,0.26574572896705684,11.562001885917002,9.687083760366388,329,83
working_memory,8,1,R0,Same-solver no prior,fused,0.2585068530385697,12.11042750891624,10.018422907294449,329,83
working_memory,8,1,R0,Same-solver no prior,equal_weight,0.32443488598305387,11.012764247733937,9.053701420357452,329,83
working_memory,8,2,R0,Same-solver no prior,FC,0.4194469021111399,10.9347442530954,8.53172448334681,330,82
working_memory,8,2,R0,Same-solver no prior,SC,0.1777128248224245,11.495264781933848,9.467791994577194,330,82
working_memory,8,2,R0,Same-solver no prior,FP,0.42151313644916844,10.889399672115104,8.494018632323593,330,82
working_memory,8,2,R0,Same-solver no prior,fused,0.42660700203543234,10.212995013174503,8.163779403857767,330,82
working_memory,8,2,R0,Same-solver no prior,equal_weight,0.41446791684329887,10.21011138152808,8.341351834952059,330,82
working_memory,8,3,R0,Same-solver no prior,FC,0.2966038107357877,12.534535024669456,10.11824942787959,330,82
working_memory,8,3,R0,Same-solver no prior,SC,0.2743910173809332,11.364885524119057,8.940719826601123,330,82
working_memory,8,3,R0,Same-solver no prior,FP,0.2975654758095535,12.478274589340185,10.075893940898933,330,82
working_memory,8,3,R0,Same-solver no prior,fused,0.2966038107357877,12.534535024669456,10.11824942787959,330,82
working_memory,8,3,R0,Same-solver no prior,equal_weight,0.3611863479130355,10.79241905093707,8.847746293889076,330,82
working_memory,8,4,R0,Same-solver no prior,FC,0.26469331106661875,12.318241954801413,9.84085472981546,330,82
working_memory,8,4,R0,Same-solver no prior,SC,0.03998996515734923,12.59602539968044,10.418819996669233,330,82
working_memory,8,4,R0,Same-solver no prior,FP,0.291366244157482,11.456425273379788,9.185699274401541,330,82
working_memory,8,4,R0,Same-solver no prior,fused,0.24162731809344445,11.54283960914112,9.370542465612772,330,82
working_memory,8,4,R0,Same-solver no prior,equal_weight,0.23171518132682892,11.54836951582708,9.40604651512771,330,82
working_memory,9,0,R0,Same-solver no prior,FC,0.46946514724909716,11.320981501972962,9.217331722800242,329,83
working_memory,9,0,R0,Same-solver no prior,SC,0.1559632693949845,12.804769301458833,10.269608592969112,329,83
working_memory,9,0,R0,Same-solver no prior,FP,0.47406812470724813,10.98101198626192,8.773831249200756,329,83
working_memory,9,0,R0,Same-solver no prior,fused,0.46946514724909716,11.320981501972962,9.217331722800242,329,83
working_memory,9,0,R0,Same-solver no prior,equal_weight,0.4338484942138605,11.272160858617658,8.749692203360006,329,83
working_memory,9,1,R0,Same-solver no prior,FC,0.1868962487356066,13.16968552359939,10.064913256934235,329,83
working_memory,9,1,R0,Same-solver no prior,SC,0.026232912222491637,12.324804974248744,10.494601290297405,329,83
working_memory,9,1,R0,Same-solver no prior,FP,0.18982097757310173,13.072460334295966,10.007859647401034,329,83
working_memory,9,1,R0,Same-solver no prior,fused,0.18324921765034208,11.578084080363901,9.340335916018796,329,83
working_memory,9,1,R0,Same-solver no prior,equal_weight,0.17830544095522813,11.518467115453912,9.356797493321954,329,83
working_memory,9,2,R0,Same-solver no prior,FC,0.22595221665816115,12.09492264971399,9.641486881374682,330,82
working_memory,9,2,R0,Same-solver no prior,SC,0.21382871902267028,11.667885272438024,9.322833358196558,330,82
working_memory,9,2,R0,Same-solver no prior,FP,0.23236596108705518,11.330432337055369,8.969296872666247,330,82
working_memory,9,2,R0,Same-solver no prior,fused,0.2622175714658977,11.357376629694528,9.059667285076552,330,82
working_memory,9,2,R0,Same-solver no prior,equal_weight,0.27873996770116366,11.146553301555265,8.893524882281802,330,82
working_memory,9,3,R0,Same-solver no prior,FC,0.19470533158347364,12.537032391880391,10.125870352747917,330,82
working_memory,9,3,R0,Same-solver no prior,SC,0.3688432949801423,10.273753898831053,7.921130623496334,330,82
working_memory,9,3,R0,Same-solver no prior,FP,0.1526776234091723,11.582074862442191,9.509894905150293,330,82
working_memory,9,3,R0,Same-solver no prior,fused,0.25690136159609844,11.310758495101402,9.142807775446105,330,82
working_memory,9,3,R0,Same-solver no prior,equal_weight,0.331678608494179,10.468082739647535,8.400102892502575,330,82
working_memory,9,4,R0,Same-solver no prior,FC,0.4123111561603514,11.445551920133278,8.947898240032533,330,82
working_memory,9,4,R0,Same-solver no prior,SC,0.07057523891936293,12.545669637062916,10.183469945108932,330,82
working_memory,9,4,R0,Same-solver no prior,FP,0.41279310186399265,11.401747424380536,8.917798393494847,330,82
working_memory,9,4,R0,Same-solver no prior,fused,0.1905022221283493,11.722524059137431,9.622472007442802,330,82
working_memory,9,4,R0,Same-solver no prior,equal_weight,0.33462363848367516,11.01054981168041,9.026319443617105,330,82
working_memory,0,0,R1,Anisotropy only,FC,0.1096029516007761,12.547446463935351,10.392120054882012,329,83
working_memory,0,0,R1,Anisotropy only,SC,0.023785645476149364,10.857320783613266,8.995294779982327,329,83
working_memory,0,0,R1,Anisotropy only,FP,0.19647927141744811,10.434480636178526,8.754485183102037,329,83
working_memory,0,0,R1,Anisotropy only,fused,0.18150781171657412,9.953708897125875,8.28235682146548,329,83
working_memory,0,0,R1,Anisotropy only,equal_weight,0.14978626781678522,9.924485259496954,8.264164086626755,329,83
working_memory,0,1,R1,Anisotropy only,FC,0.2237641420265108,12.214787373731113,10.129159698366971,329,83
working_memory,0,1,R1,Anisotropy only,SC,0.21558221350616558,11.216293245520712,8.864305298276777,329,83
working_memory,0,1,R1,Anisotropy only,FP,0.18577704988067403,11.449049495043594,9.287734032482215,329,83
working_memory,0,1,R1,Anisotropy only,fused,0.21011026114968073,11.107456205200668,8.969329674853673,329,83
working_memory,0,1,R1,Anisotropy only,equal_weight,0.2515941066206182,10.71851028626708,8.594326278753782,329,83
working_memory,0,2,R1,Anisotropy only,FC,0.1685160003819302,13.299255478325943,10.101068328393021,330,82
working_memory,0,2,R1,Anisotropy only,SC,0.2031359119450421,12.176341208668152,9.596286342811371,330,82
working_memory,0,2,R1,Anisotropy only,FP,0.16938589152001737,13.237791924970402,10.064434071029517,330,82
working_memory,0,2,R1,Anisotropy only,fused,0.2203258785519323,12.108116520564531,9.190667007114975,330,82
working_memory,0,2,R1,Anisotropy only,equal_weight,0.2381391855340399,11.860104853334011,9.062665262305279,330,82
working_memory,0,3,R1,Anisotropy only,FC,0.41148067169408975,11.0103425177745,9.358325458676655,330,82
working_memory,0,3,R1,Anisotropy only,SC,0.13368703342062013,11.896707163315615,9.864810877442466,330,82
working_memory,0,3,R1,Anisotropy only,FP,0.4377431809468766,10.297719669166673,8.79350211590495,330,82
working_memory,0,3,R1,Anisotropy only,fused,0.41379124564246383,10.426016693213032,8.961099740064563,330,82
working_memory,0,3,R1,Anisotropy only,equal_weight,0.3697081715527812,10.632949799114705,9.104883268604215,330,82
working_memory,0,4,R1,Anisotropy only,FC,0.29188663649529883,13.756908616324663,11.435498620341678,330,82
working_memory,0,4,R1,Anisotropy only,SC,0.1966043792971892,13.798974767477036,11.040710069044442,330,82
working_memory,0,4,R1,Anisotropy only,FP,0.3393183256371627,12.92529324367363,10.71693423447126,330,82
working_memory,0,4,R1,Anisotropy only,fused,0.3645622629850028,12.748525651697364,10.617458230213966,330,82
working_memory,0,4,R1,Anisotropy only,equal_weight,0.3554881654593863,12.841477969613983,10.637425251421849,330,82
working_memory,1,0,R1,Anisotropy only,FC,0.48838527459024383,10.523026081139273,9.017446374058048,329,83
working_memory,1,0,R1,Anisotropy only,SC,0.26691832496707435,11.031901405780012,9.140436510853709,329,83
working_memory,1,0,R1,Anisotropy only,FP,0.5052481462587384,9.69442170755156,8.14211538428116,329,83
working_memory,1,0,R1,Anisotropy only,fused,0.4475729906814978,10.04623266414209,8.538997172606763,329,83
working_memory,1,0,R1,Anisotropy only,equal_weight,0.4967240595377963,9.781279807127616,8.331339754510704,329,83
working_memory,1,1,R1,Anisotropy only,FC,0.13260232716977488,13.340319199044513,10.494777683755485,329,83
working_memory,1,1,R1,Anisotropy only,SC,-0.003393335705033279,13.012315515617694,10.47765455802252,329,83
working_memory,1,1,R1,Anisotropy only,FP,0.1235334274299673,12.499277178102126,10.125600794299933,329,83
working_memory,1,1,R1,Anisotropy only,fused,0.0941115315124907,12.205825200604622,9.948780304082453,329,83
working_memory,1,1,R1,Anisotropy only,equal_weight,0.0799639114201283,12.238087985404023,9.956157899717299,329,83
working_memory,1,2,R1,Anisotropy only,FC,0.1814001034684659,12.611181733902807,10.417508403277436,330,82
working_memory,1,2,R1,Anisotropy only,SC,0.05647282272038237,12.679914024361944,10.68263963552131,330,82
working_memory,1,2,R1,Anisotropy only,FP,0.254523641263977,11.36537502390263,9.617401945366138,330,82
working_memory,1,2,R1,Anisotropy only,fused,0.1606944003994999,11.679811649163746,9.94221354861483,330,82
working_memory,1,2,R1,Anisotropy only,equal_weight,0.18774521718291237,11.522537415631005,9.830788974996272,330,82
working_memory,1,3,R1,Anisotropy only,FC,0.26801576748319283,12.698931716448344,10.359787936362123,330,82
working_memory,1,3,R1,Anisotropy only,SC,0.12882725845007922,12.657428014429508,10.178328044481805,330,82
working_memory,1,3,R1,Anisotropy only,FP,0.2688767026446821,12.66117187286566,10.316930195869459,330,82
working_memory,1,3,R1,Anisotropy only,fused,0.2737362078145567,12.180754679081112,9.92988983966068,330,82
working_memory,1,3,R1,Anisotropy only,equal_weight,0.2605627539470408,11.901254627373772,9.65306323185613,330,82
working_memory,1,4,R1,Anisotropy only,FC,0.25915044405047016,11.584411086891313,8.701619924197324,330,82
working_memory,1,4,R1,Anisotropy only,SC,0.1880710165876515,11.300480125656815,8.86949953956614,330,82
working_memory,1,4,R1,Anisotropy only,FP,0.31655298654292535,10.587709541268483,8.088440002793867,330,82
working_memory,1,4,R1,Anisotropy only,fused,0.3300161201808446,10.326050363231538,8.029238378923187,330,82
working_memory,1,4,R1,Anisotropy only,equal_weight,0.3112229436415668,10.38333899525736,8.136718993073824,330,82
working_memory,2,0,R1,Anisotropy only,FC,0.33633522058744836,12.801379231240663,10.585895526824556,329,83
working_memory,2,0,R1,Anisotropy only,SC,0.14680313951390953,12.773319090568899,10.7992868901525,329,83
working_memory,2,0,R1,Anisotropy only,FP,0.33869906639818514,12.714566330363143,10.510918674031881,329,83
working_memory,2,0,R1,Anisotropy only,fused,0.3449048637888086,12.263145134569982,10.035475092160125,329,83
working_memory,2,0,R1,Anisotropy only,equal_weight,0.33865577038867334,11.826231052012451,9.63149533416433,329,83
working_memory,2,1,R1,Anisotropy only,FC,0.36602557910438005,11.46037854755019,9.36400566789761,329,83
working_memory,2,1,R1,Anisotropy only,SC,0.19298499084545145,11.47370910974906,9.329511076590814,329,83
working_memory,2,1,R1,Anisotropy only,FP,0.38618555330142745,10.397958563217351,8.388473434827112,329,83
working_memory,2,1,R1,Anisotropy only,fused,0.40030037107749755,10.18274215824885,8.332627196425785,329,83
working_memory,2,1,R1,Anisotropy only,equal_weight,0.3734091115870262,10.27659185160399,8.573384541528643,329,83
working_memory,2,2,R1,Anisotropy only,FC,0.26177983450531245,13.097718345761852,10.185070601357069,330,82
working_memory,2,2,R1,Anisotropy only,SC,0.13045294930776022,12.15196265514668,9.602792313882993,330,82
working_memory,2,2,R1,Anisotropy only,FP,0.25185248648797914,11.906655711671183,9.207853944511715,330,82
working_memory,2,2,R1,Anisotropy only,fused,0.26545960950683706,11.48766970606976,8.89006252335193,330,82
working_memory,2,2,R1,Anisotropy only,equal_weight,0.26080963062383455,11.294227143143738,8.87890222548591,330,82
working_memory,2,3,R1,Anisotropy only,FC,0.27429204345693337,12.110199729884673,9.853876113749502,330,82
working_memory,2,3,R1,Anisotropy only,SC,0.2602030814016132,11.237849169200711,9.556014525580801,330,82
working_memory,2,3,R1,Anisotropy only,FP,0.2970317940536794,10.955796538068832,9.41053024719191,330,82
working_memory,2,3,R1,Anisotropy only,fused,0.337483991431841,10.85130253313526,9.346934876075789,330,82
working_memory,2,3,R1,Anisotropy only,equal_weight,0.33592971591803916,10.846321943080163,9.35627417116393,330,82
working_memory,2,4,R1,Anisotropy only,FC,0.2328051661020903,12.06732174960654,9.827188706921913,330,82
working_memory,2,4,R1,Anisotropy only,SC,0.03266357714682908,12.19528734184252,9.502382390788533,330,82
working_memory,2,4,R1,Anisotropy only,FP,0.25077713696264314,10.956356253948819,9.03909901818011,330,82
working_memory,2,4,R1,Anisotropy only,fused,0.18099290807643906,10.983248210660257,8.756256555214613,330,82
working_memory,2,4,R1,Anisotropy only,equal_weight,0.18099290807643906,10.983248210660257,8.756256555214613,330,82
working_memory,3,0,R1,Anisotropy only,FC,0.16178700074653538,11.44663321248821,9.710457178039363,329,83
working_memory,3,0,R1,Anisotropy only,SC,0.14503629664146206,10.488011964086983,8.51415615263242,329,83
working_memory,3,0,R1,Anisotropy only,FP,0.2343206948344186,10.05432395301862,8.56060797594652,329,83
working_memory,3,0,R1,Anisotropy only,fused,0.23732437586117583,9.72767224970052,8.163142309115377,329,83
working_memory,3,0,R1,Anisotropy only,equal_weight,0.24355624689775285,9.698834670795405,8.176182537807756,329,83
working_memory,3,1,R1,Anisotropy only,FC,0.13672259970906078,13.912617491150696,11.67243746245386,329,83
working_memory,3,1,R1,Anisotropy only,SC,0.14391514556941717,12.973851903833829,10.994247992409905,329,83
working_memory,3,1,R1,Anisotropy only,FP,0.16706819876024925,12.87912103049654,11.091806049692803,329,83
working_memory,3,1,R1,Anisotropy only,fused,0.20484288032724696,12.386177873783252,10.677081278832043,329,83
working_memory,3,1,R1,Anisotropy only,equal_weight,0.20451311050420634,12.373461939630511,10.64858699441712,329,83
working_memory,3,2,R1,Anisotropy only,FC,0.13799033953099718,13.85993567231044,11.398909844445312,330,82
working_memory,3,2,R1,Anisotropy only,SC,0.015187945699944638,13.308977690958285,10.521067213323125,330,82
working_memory,3,2,R1,Anisotropy only,FP,0.15317390417016935,12.565027900353055,9.94677124805132,330,82
working_memory,3,2,R1,Anisotropy only,fused,0.12917870985668561,12.24721546882017,9.539058358942874,330,82
working_memory,3,2,R1,Anisotropy only,equal_weight,0.10687237210662193,12.305910055910989,9.605811234961793,330,82
working_memory,3,3,R1,Anisotropy only,FC,0.49680163168673885,10.441939429255276,8.252199186361286,330,82
working_memory,3,3,R1,Anisotropy only,SC,0.27776944495556943,11.822095568877748,9.642974999338033,330,82
working_memory,3,3,R1,Anisotropy only,FP,0.4756420293458916,10.856475692788186,8.906200239635686,330,82
working_memory,3,3,R1,Anisotropy only,fused,0.4756420293458916,10.856475692788186,8.906200239635686,330,82
working_memory,3,3,R1,Anisotropy only,equal_weight,0.3969718948354033,10.989743147254767,9.089422304647382,330,82
working_memory,3,4,R1,Anisotropy only,FC,0.3647372701336913,12.109710730506002,9.70940420241633,330,82
working_memory,3,4,R1,Anisotropy only,SC,0.059176055671054426,11.885404443432375,9.558159548335377,330,82
working_memory,3,4,R1,Anisotropy only,FP,0.3726135561513262,10.731113902958212,8.317227057339723,330,82
working_memory,3,4,R1,Anisotropy only,fused,0.3857389612600456,10.3255732948168,7.955194563287013,330,82
working_memory,3,4,R1,Anisotropy only,equal_weight,0.3588707831318484,10.42690538446866,8.11585530401924,330,82
working_memory,4,0,R1,Anisotropy only,FC,0.08741895181732796,13.650730164174018,11.260384578581773,329,83
working_memory,4,0,R1,Anisotropy only,SC,0.06017590163721376,12.14189657659608,9.794658826293741,329,83
working_memory,4,0,R1,Anisotropy only,FP,0.17928809863270415,11.482071196155253,9.354839729676462,329,83
working_memory,4,0,R1,Anisotropy only,fused,0.17489450754576033,11.150804063387882,8.961442139752615,329,83
working_memory,4,0,R1,Anisotropy only,equal_weight,0.15374512999920129,11.186560870413752,8.93715577486175,329,83
working_memory,4,1,R1,Anisotropy only,FC,0.20017163492264634,12.944102512208595,10.2410062048859,329,83
working_memory,4,1,R1,Anisotropy only,SC,0.3022740513703532,11.373318075495401,9.331653561245673,329,83
working_memory,4,1,R1,Anisotropy only,FP,0.19957962886102798,11.986993554921346,9.4384271003473,329,83
working_memory,4,1,R1,Anisotropy only,fused,0.2575062645541586,11.459856525451022,9.195748822205042,329,83
working_memory,4,1,R1,Anisotropy only,equal_weight,0.3219312312101453,11.0312304048226,9.082356680789335,329,83
working_memory,4,2,R1,Anisotropy only,FC,0.29823865423951523,11.623529268739704,9.553155014586133,330,82
working_memory,4,2,R1,Anisotropy only,SC,-0.03897620629042424,12.327692914961588,10.282657331172627,330,82
working_memory,4,2,R1,Anisotropy only,FP,0.20559152257313512,10.694132902009494,8.802371718223121,330,82
working_memory,4,2,R1,Anisotropy only,fused,0.1758332240535776,10.756697111044419,8.897436090191789,330,82
working_memory,4,2,R1,Anisotropy only,equal_weight,0.058867594664189865,11.168647410467335,9.31650633304735,330,82
working_memory,4,3,R1,Anisotropy only,FC,0.17682921462162637,13.241110276168705,10.74512490760744,330,82
working_memory,4,3,R1,Anisotropy only,SC,0.15607906424959012,12.696101793570184,10.089735773794311,330,82
working_memory,4,3,R1,Anisotropy only,FP,0.22925610316740794,12.19329541216699,9.973653040700462,330,82
working_memory,4,3,R1,Anisotropy only,fused,0.25569590725184316,11.888491834359987,9.700318922050009,330,82
working_memory,4,3,R1,Anisotropy only,equal_weight,0.25149355931351036,11.904868519084717,9.616726423321753,330,82
working_memory,4,4,R1,Anisotropy only,FC,0.36816521268257374,11.385884428616848,9.281915392588974,330,82
working_memory,4,4,R1,Anisotropy only,SC,0.11436543989085651,12.35789757283086,10.127954306739062,330,82
working_memory,4,4,R1,Anisotropy only,FP,0.42077512525018623,10.704899151628235,8.825316625862857,330,82
working_memory,4,4,R1,Anisotropy only,fused,0.43699702587334305,10.6009859559369,8.693071224118048,330,82
working_memory,4,4,R1,Anisotropy only,equal_weight,0.3742808652020099,10.867500521066697,8.906154430240319,330,82
working_memory,5,0,R1,Anisotropy only,FC,0.2275645719385427,12.8680164152553,9.58151541790263,329,83
working_memory,5,0,R1,Anisotropy only,SC,-0.14917927631050604,14.128116025100887,11.296471306456501,329,83
working_memory,5,0,R1,Anisotropy only,FP,0.26557822859801095,11.853777843669018,9.068890642683662,329,83
working_memory,5,0,R1,Anisotropy only,fused,0.1002181326277587,12.392287435612078,9.778400637195514,329,83
working_memory,5,0,R1,Anisotropy only,equal_weight,0.07426098062410855,12.505465067603579,9.878466329449891,329,83
working_memory,5,1,R1,Anisotropy only,FC,0.25978687513640664,12.6013194059408,10.412730486817845,329,83
working_memory,5,1,R1,Anisotropy only,SC,0.03171382666493764,12.99924580390622,10.794201744518215,329,83
working_memory,5,1,R1,Anisotropy only,FP,0.3144892199577056,11.598697105125522,9.486239353729623,329,83
working_memory,5,1,R1,Anisotropy only,fused,0.25884253526798545,11.72544733641312,9.699436345535563,329,83
working_memory,5,1,R1,Anisotropy only,equal_weight,0.2271041906468756,11.852433541096008,9.855792768220624,329,83
working_memory,5,2,R1,Anisotropy only,FC,0.08523015635513881,13.926937024991219,10.987684324370829,330,82
working_memory,5,2,R1,Anisotropy only,SC,0.12305426550718643,11.162286627407068,8.817015979388744,330,82
working_memory,5,2,R1,Anisotropy only,FP,0.08663039411497771,13.802531172134104,10.875315894699021,330,82
working_memory,5,2,R1,Anisotropy only,fused,0.11401801947066104,11.903847309009484,9.49079574087219,330,82
working_memory,5,2,R1,Anisotropy only,equal_weight,0.12749727865831906,11.369653276796361,9.121709055209788,330,82
working_memory,5,3,R1,Anisotropy only,FC,0.38226567496803676,11.810345591704372,9.856142449547553,330,82
working_memory,5,3,R1,Anisotropy only,SC,0.04861221583860488,13.030209025479596,10.671688155503338,330,82
working_memory,5,3,R1,Anisotropy only,FP,0.38665213012905303,10.87101527389644,8.950859935006612,330,82
working_memory,5,3,R1,Anisotropy only,fused,0.26046211172376427,11.369105698814476,9.254261656987532,330,82
working_memory,5,3,R1,Anisotropy only,equal_weight,0.2828726375853008,11.247283356888106,9.16157958781081,330,82
working_memory,5,4,R1,Anisotropy only,FC,0.1658775144567571,12.5939183374014,10.51598770804133,330,82
working_memory,5,4,R1,Anisotropy only,SC,0.2290078258362625,11.633606189663553,9.33402415831521,330,82
working_memory,5,4,R1,Anisotropy only,FP,0.2123222285401369,11.454053853990033,9.478109852906138,330,82
working_memory,5,4,R1,Anisotropy only,fused,0.23535480644553014,11.209387794591267,9.295859368830302,330,82
working_memory,5,4,R1,Anisotropy only,equal_weight,0.29469306434941867,10.803418490710234,9.020955870897096,330,82
working_memory,6,0,R1,Anisotropy only,FC,0.27060377374621086,12.308192511086066,9.97685810496089,329,83
working_memory,6,0,R1,Anisotropy only,SC,0.15174256143125162,12.105997416769096,10.110971469652778,329,83
working_memory,6,0,R1,Anisotropy only,FP,0.22695504398063143,11.846852744822916,9.720967702253054,329,83
working_memory,6,0,R1,Anisotropy only,fused,0.23838161570890537,11.630400757162871,9.56878669351698,329,83
working_memory,6,0,R1,Anisotropy only,equal_weight,0.24050510148826323,11.474396272746317,9.467055347705738,329,83
working_memory,6,1,R1,Anisotropy only,FC,0.1572188636916686,12.61208655992124,10.17418658988994,329,83
working_memory,6,1,R1,Anisotropy only,SC,0.20921801059805267,10.894235367416083,8.654438992415573,329,83
working_memory,6,1,R1,Anisotropy only,FP,0.18400035093838837,11.159717890055479,9.078261910815106,329,83
working_memory,6,1,R1,Anisotropy only,fused,0.2383316688381765,10.411828880693674,8.468117052201697,329,83
working_memory,6,1,R1,Anisotropy only,equal_weight,0.2599033112503776,10.222366898232753,8.338779193491977,329,83
working_memory,6,2,R1,Anisotropy only,FC,0.005948440502796897,14.190395798795011,11.687228316289168,330,82
working_memory,6,2,R1,Anisotropy only,SC,-0.0007369131139800221,13.088936975999749,11.102639687956312,330,82
working_memory,6,2,R1,Anisotropy only,FP,0.035234613517641594,12.91437147375001,10.925754236242469,330,82
working_memory,6,2,R1,Anisotropy only,fused,0.033989381645782565,12.762084709882295,10.827677709515362,330,82
working_memory,6,2,R1,Anisotropy only,equal_weight,0.02174176075884763,12.527094483392247,10.625960895267898,330,82
working_memory,6,3,R1,Anisotropy only,FC,0.3702842544768581,11.039288675052578,8.628985803636665,330,82
working_memory,6,3,R1,Anisotropy only,SC,0.18272493772729825,11.160182770916144,8.290233519024438,330,82
working_memory,6,3,R1,Anisotropy only,FP,0.33734323173791686,10.418796511269495,8.010877652983323,330,82
working_memory,6,3,R1,Anisotropy only,fused,0.34337848792535336,10.27298319796506,7.864235359861158,330,82
working_memory,6,3,R1,Anisotropy only,equal_weight,0.3275357333253762,10.184575375558934,7.609705240197537,330,82
working_memory,6,4,R1,Anisotropy only,FC,0.4073367203901036,11.97963208477304,10.338590691698155,330,82
working_memory,6,4,R1,Anisotropy only,SC,0.180614150560036,12.684894611726769,10.270579963065561,330,82
working_memory,6,4,R1,Anisotropy only,FP,0.4574118821226385,11.107902927207537,9.364217679741929,330,82
working_memory,6,4,R1,Anisotropy only,fused,0.30887838319208616,11.88143588029452,9.70541528286179,330,82
working_memory,6,4,R1,Anisotropy only,equal_weight,0.42739522321558343,11.328533312899346,9.362636335505083,330,82
working_memory,7,0,R1,Anisotropy only,FC,0.24928813164441166,12.651471157711121,9.896975837492839,329,83
working_memory,7,0,R1,Anisotropy only,SC,0.1869174792165601,12.156643322760049,9.122388821230434,329,83
working_memory,7,0,R1,Anisotropy only,FP,0.22310314792111488,11.686917002707009,9.049373560836381,329,83
working_memory,7,0,R1,Anisotropy only,fused,0.22310314792111488,11.686917002707009,9.049373560836381,329,83
working_memory,7,0,R1,Anisotropy only,equal_weight,0.24694418071362972,11.622315960765253,8.8980371848677,329,83
working_memory,7,1,R1,Anisotropy only,FC,0.28346807103558364,11.873686305621147,9.855812704741025,329,83
working_memory,7,1,R1,Anisotropy only,SC,-0.03958644103302229,12.223495553532242,10.023740963098513,329,83
working_memory,7,1,R1,Anisotropy only,FP,0.3145302668497006,10.565938352265492,8.880766845615737,329,83
working_memory,7,1,R1,Anisotropy only,fused,0.2902770566022501,10.326477776057558,8.531622432050028,329,83
working_memory,7,1,R1,Anisotropy only,equal_weight,0.21340013202159383,10.548189653765895,8.759757257218466,329,83
working_memory,7,2,R1,Anisotropy only,FC,0.09037570773686981,13.961555784424144,10.969690983923234,330,82
working_memory,7,2,R1,Anisotropy only,SC,0.14723377790419007,12.452449099854169,10.083959299058213,330,82
working_memory,7,2,R1,Anisotropy only,FP,0.14797128600460965,12.459790509246625,9.921926931403995,330,82
working_memory,7,2,R1,Anisotropy only,fused,0.1792396336629845,11.895376101075877,9.455676379784611,330,82
working_memory,7,2,R1,Anisotropy only,equal_weight,0.1889626879525667,11.783695603640467,9.452690310273937,330,82
working_memory,7,3,R1,Anisotropy only,FC,0.3794883880326916,11.787390572174626,9.765189734653617,330,82
working_memory,7,3,R1,Anisotropy only,SC,0.03803258943150366,13.01953331965814,10.781937788831122,330,82
working_memory,7,3,R1,Anisotropy only,FP,0.4214087652736898,10.672133400744366,9.205009828975374,330,82
working_memory,7,3,R1,Anisotropy only,fused,0.3370505732049079,11.083952270311952,9.41131876338211,330,82
working_memory,7,3,R1,Anisotropy only,equal_weight,0.31395838910339385,11.20144630639722,9.479717192891437,330,82
working_memory,7,4,R1,Anisotropy only,FC,0.20895147194728272,12.87878466631738,10.598285196127572,330,82
working_memory,7,4,R1,Anisotropy only,SC,0.10384239284118463,12.077722991829589,9.968532762854917,330,82
working_memory,7,4,R1,Anisotropy only,FP,0.2499594879080679,11.619531725801423,9.562547790300052,330,82
working_memory,7,4,R1,Anisotropy only,fused,0.26207862722721004,11.19527835249996,9.31390680819274,330,82
working_memory,7,4,R1,Anisotropy only,equal_weight,0.24761537546235973,11.1318229954059,9.357907917029792,330,82
working_memory,8,0,R1,Anisotropy only,FC,0.3150832135060667,11.608263496146703,9.534391879324303,329,83
working_memory,8,0,R1,Anisotropy only,SC,0.11127082994516836,12.122921708350255,9.831690306075007,329,83
working_memory,8,0,R1,Anisotropy only,FP,0.1953501364496404,11.342627811843185,9.180647714328543,329,83
working_memory,8,0,R1,Anisotropy only,fused,0.19415815376736506,11.355771530133573,9.29142202331971,329,83
working_memory,8,0,R1,Anisotropy only,equal_weight,0.1854195821217303,11.392490265982802,9.316681987465406,329,83
working_memory,8,1,R1,Anisotropy only,FC,0.23293169935528715,12.814521965048922,10.596374074331148,329,83
working_memory,8,1,R1,Anisotropy only,SC,0.3089211249010387,11.082791273303394,9.01321320994935,329,83
working_memory,8,1,R1,Anisotropy only,FP,0.26574572896705617,11.562001885917002,9.687083760366392,329,83
working_memory,8,1,R1,Anisotropy only,fused,0.2953020034216079,11.190829296143324,9.338945023451704,329,83
working_memory,8,1,R1,Anisotropy only,equal_weight,0.3493699831970677,10.718510172328646,8.831713395099804,329,83
working_memory,8,2,R1,Anisotropy only,FC,0.4194469021111399,10.9347442530954,8.53172448334681,330,82
working_memory,8,2,R1,Anisotropy only,SC,0.1777128248224245,11.495264781933848,9.467791994577194,330,82
working_memory,8,2,R1,Anisotropy only,FP,0.42151313644916133,10.889399672115157,8.4940186323236,330,82
working_memory,8,2,R1,Anisotropy only,fused,0.4282522578485979,10.195538659277833,8.157027984319363,330,82
working_memory,8,2,R1,Anisotropy only,equal_weight,0.41558138184137505,10.201320504795603,8.338262900868147,330,82
working_memory,8,3,R1,Anisotropy only,FC,0.2966038107357877,12.534535024669456,10.11824942787959,330,82
working_memory,8,3,R1,Anisotropy only,SC,0.2743910173809332,11.364885524119057,8.940719826601123,330,82
working_memory,8,3,R1,Anisotropy only,FP,0.2975654758095502,12.47827458934023,10.075893940898998,330,82
working_memory,8,3,R1,Anisotropy only,fused,0.2975654758095502,12.47827458934023,10.075893940898998,330,82
working_memory,8,3,R1,Anisotropy only,equal_weight,0.3623055026053496,10.777957872718753,8.836242817754934,330,82
working_memory,8,4,R1,Anisotropy only,FC,0.26469331106661875,12.318241954801413,9.84085472981546,330,82
working_memory,8,4,R1,Anisotropy only,SC,0.03998996515734923,12.59602539968044,10.418819996669233,330,82
working_memory,8,4,R1,Anisotropy only,FP,0.29136624415748097,11.456425273379796,9.185699274401559,330,82
working_memory,8,4,R1,Anisotropy only,fused,0.2643798389413077,11.28466086224016,9.1005150570074,330,82
working_memory,8,4,R1,Anisotropy only,equal_weight,0.23667584383892942,11.378268653079346,9.221497781780345,330,82
working_memory,9,0,R1,Anisotropy only,FC,0.46946514724909716,11.320981501972962,9.217331722800242,329,83
working_memory,9,0,R1,Anisotropy only,SC,0.1559632693949845,12.804769301458833,10.269608592969112,329,83
working_memory,9,0,R1,Anisotropy only,FP,0.4740681247072466,10.98101198626193,8.77383124920077,329,83
working_memory,9,0,R1,Anisotropy only,fused,0.4740681247072466,10.98101198626193,8.77383124920077,329,83
working_memory,9,0,R1,Anisotropy only,equal_weight,0.40407893769360514,11.45921627732732,9.10167574803001,329,83
working_memory,9,1,R1,Anisotropy only,FC,0.1868962487356066,13.16968552359939,10.064913256934235,329,83
working_memory,9,1,R1,Anisotropy only,SC,0.026232912222491637,12.324804974248744,10.494601290297405,329,83
working_memory,9,1,R1,Anisotropy only,FP,0.1898209775731015,13.072460334295975,10.007859647401038,329,83
working_memory,9,1,R1,Anisotropy only,fused,0.18548700117193365,11.546229928843266,9.319022844480614,329,83
working_memory,9,1,R1,Anisotropy only,equal_weight,0.18028276127731366,11.492292336168918,9.339796385383284,329,83
working_memory,9,2,R1,Anisotropy only,FC,0.22595221665816115,12.09492264971399,9.641486881374682,330,82
working_memory,9,2,R1,Anisotropy only,SC,0.21382871902267028,11.667885272438024,9.322833358196558,330,82
working_memory,9,2,R1,Anisotropy only,FP,0.2323659610870591,11.33043233705535,8.969296872666243,330,82
working_memory,9,2,R1,Anisotropy only,fused,0.2604601099386298,11.09358855750838,8.853924813364047,330,82
working_memory,9,2,R1,Anisotropy only,equal_weight,0.27758731526139935,11.024311072407414,8.846778367004415,330,82
working_memory,9,3,R1,Anisotropy only,FC,0.19470533158347364,12.537032391880391,10.125870352747917,330,82
working_memory,9,3,R1,Anisotropy only,SC,0.3688432949801423,10.273753898831053,7.921130623496334,330,82
working_memory,9,3,R1,Anisotropy only,FP,0.15267762340917065,11.582074862442196,9.509894905150308,330,82
working_memory,9,3,R1,Anisotropy only,fused,0.20357359268103964,11.098623885644255,9.102409260069315,330,82
working_memory,9,3,R1,Anisotropy only,equal_weight,0.32655672894539245,10.332345138134711,8.328547109540393,330,82
working_memory,9,4,R1,Anisotropy only,FC,0.4123111561603514,11.445551920133278,8.947898240032533,330,82
working_memory,9,4,R1,Anisotropy only,SC,0.07057523891936293,12.545669637062916,10.183469945108932,330,82
working_memory,9,4,R1,Anisotropy only,FP,0.41279310186399254,11.401747424380547,8.917798393494824,330,82
working_memory,9,4,R1,Anisotropy only,fused,0.1896635993147231,11.724154000269655,9.622520218766047,330,82
working_memory,9,4,R1,Anisotropy only,equal_weight,0.3340308360554959,11.004738436325995,9.02564656107057,330,82
working_memory,0,0,R2,Network only,FC,0.1096029516007761,12.547446463935351,10.392120054882012,329,83
working_memory,0,0,R2,Network only,SC,0.023785645476149364,10.857320783613266,8.995294779982327,329,83
working_memory,0,0,R2,Network only,FP,0.20373628045577752,10.292766509065537,8.613107945578514,329,83
working_memory,0,0,R2,Network only,fused,0.18650544979861358,9.883842912094341,8.220449195486426,329,83
working_memory,0,0,R2,Network only,equal_weight,0.15186836059574443,9.89062980010636,8.246237448223841,329,83
working_memory,0,1,R2,Network only,FC,0.2237641420265108,12.214787373731113,10.129159698366971,329,83
working_memory,0,1,R2,Network only,SC,0.21558221350616558,11.216293245520712,8.864305298276777,329,83
working_memory,0,1,R2,Network only,FP,0.171466422708426,11.552973214977126,9.287206186710577,329,83
working_memory,0,1,R2,Network only,fused,0.19668448132553817,11.191359645360128,8.950911620980417,329,83
working_memory,0,1,R2,Network only,equal_weight,0.2432203190304267,10.759466619418717,8.595924283486346,329,83
working_memory,0,2,R2,Network only,FC,0.1685160003819302,13.299255478325943,10.101068328393021,330,82
working_memory,0,2,R2,Network only,SC,0.2031359119450421,12.176341208668152,9.596286342811371,330,82
working_memory,0,2,R2,Network only,FP,0.18324260749238347,13.124747535584032,9.938127747949162,330,82
working_memory,0,2,R2,Network only,fused,0.23822919633307826,11.9312125186735,8.992311868064343,330,82
working_memory,0,2,R2,Network only,equal_weight,0.2478777288240583,11.794411425517637,8.971312647476774,330,82
working_memory,0,3,R2,Network only,FC,0.41148067169408975,11.0103425177745,9.358325458676655,330,82
working_memory,0,3,R2,Network only,SC,0.13368703342062013,11.896707163315615,9.864810877442466,330,82
working_memory,0,3,R2,Network only,FP,0.4303781150558639,10.340214300477264,8.806524658173085,330,82
working_memory,0,3,R2,Network only,fused,0.40157377876274564,10.489257335271851,9.013878726220305,330,82
working_memory,0,3,R2,Network only,equal_weight,0.37024873474190056,10.631941210057482,9.110550255756815,330,82
working_memory,0,4,R2,Network only,FC,0.29188663649529883,13.756908616324663,11.435498620341678,330,82
working_memory,0,4,R2,Network only,SC,0.1966043792971892,13.798974767477036,11.040710069044442,330,82
working_memory,0,4,R2,Network only,FP,0.32765044537192617,12.973778526234806,10.76842872598302,330,82
working_memory,0,4,R2,Network only,fused,0.35352140724046544,12.781283357387432,10.650596593834395,330,82
working_memory,0,4,R2,Network only,equal_weight,0.3470626480348879,12.860433837839771,10.647044573076089,330,82
working_memory,1,0,R2,Network only,FC,0.48838527459024383,10.523026081139273,9.017446374058048,329,83
working_memory,1,0,R2,Network only,SC,0.26691832496707435,11.031901405780012,9.140436510853709,329,83
working_memory,1,0,R2,Network only,FP,0.48982335146427936,9.822950789304778,8.170836487885236,329,83
working_memory,1,0,R2,Network only,fused,0.485732657795099,9.855198665718328,8.398245043401209,329,83
working_memory,1,0,R2,Network only,equal_weight,0.485732657795099,9.855198665718328,8.398245043401209,329,83
working_memory,1,1,R2,Network only,FC,0.13260232716977488,13.340319199044513,10.494777683755485,329,83
working_memory,1,1,R2,Network only,SC,-0.003393335705033279,13.012315515617694,10.47765455802252,329,83
working_memory,1,1,R2,Network only,FP,0.10265324493572447,12.570991923402786,10.074417252646693,329,83
working_memory,1,1,R2,Network only,fused,0.07707933264054566,12.27088088688265,9.950389121330113,329,83
working_memory,1,1,R2,Network only,equal_weight,0.06510238914386096,12.296534301451812,9.967976224114219,329,83
working_memory,1,2,R2,Network only,FC,0.1814001034684659,12.611181733902807,10.417508403277436,330,82
working_memory,1,2,R2,Network only,SC,0.05647282272038237,12.679914024361944,10.68263963552131,330,82
working_memory,1,2,R2,Network only,FP,0.27230474162826807,11.224778220708243,9.481873410894577,330,82
working_memory,1,2,R2,Network only,fused,0.1788987630158798,11.565141814692595,9.85256935017283,330,82
working_memory,1,2,R2,Network only,equal_weight,0.19319508551776882,11.484702042152358,9.786258398946172,330,82
working_memory,1,3,R2,Network only,FC,0.26801576748319283,12.698931716448344,10.359787936362123,330,82
working_memory,1,3,R2,Network only,SC,0.12882725845007922,12.657428014429508,10.178328044481805,330,82
working_memory,1,3,R2,Network only,FP,0.31044086278916316,12.437744374133565,10.307399419861182,330,82
working_memory,1,3,R2,Network only,fused,0.312408292309844,11.978438099043855,9.900643328090055,330,82
working_memory,1,3,R2,Network only,equal_weight,0.2907043719577999,11.756211424023723,9.533091412666472,330,82
working_memory,1,4,R2,Network only,FC,0.25915044405047016,11.584411086891313,8.701619924197324,330,82
working_memory,1,4,R2,Network only,SC,0.1880710165876515,11.300480125656815,8.86949953956614,330,82
working_memory,1,4,R2,Network only,FP,0.3192726455459435,10.574612598422245,8.061462901100867,330,82
working_memory,1,4,R2,Network only,fused,0.32561846972545305,10.325315524240295,8.048507505326064,330,82
working_memory,1,4,R2,Network only,equal_weight,0.312503346731657,10.378740137492882,8.124755670910533,330,82
working_memory,2,0,R2,Network only,FC,0.33633522058744836,12.801379231240663,10.585895526824556,329,83
working_memory,2,0,R2,Network only,SC,0.14680313951390953,12.773319090568899,10.7992868901525,329,83
working_memory,2,0,R2,Network only,FP,0.34331459731173597,12.664855423134219,10.470426963169421,329,83
working_memory,2,0,R2,Network only,fused,0.3488358507740543,12.222242153185194,10.01458246795329,329,83
working_memory,2,0,R2,Network only,equal_weight,0.34051453449292235,11.805417067825246,9.614398996175286,329,83
working_memory,2,1,R2,Network only,FC,0.36602557910438005,11.46037854755019,9.36400566789761,329,83
working_memory,2,1,R2,Network only,SC,0.19298499084545145,11.47370910974906,9.329511076590814,329,83
working_memory,2,1,R2,Network only,FP,0.39541993210546994,10.319232758234273,8.339256351786162,329,83
working_memory,2,1,R2,Network only,fused,0.4067277768797378,10.127276494563054,8.380681370633283,329,83
working_memory,2,1,R2,Network only,equal_weight,0.37493299297463756,10.268723875259342,8.609862260139295,329,83
working_memory,2,2,R2,Network only,FC,0.26177983450531245,13.097718345761852,10.185070601357069,330,82
working_memory,2,2,R2,Network only,SC,0.13045294930776022,12.15196265514668,9.602792313882993,330,82
working_memory,2,2,R2,Network only,FP,0.2543961719855933,11.873281370195667,9.18267772025442,330,82
working_memory,2,2,R2,Network only,fused,0.2679827926168842,11.463363228612472,8.879960192275204,330,82
working_memory,2,2,R2,Network only,equal_weight,0.2625812714671915,11.28198308128891,8.87195504091009,330,82
working_memory,2,3,R2,Network only,FC,0.27429204345693337,12.110199729884673,9.853876113749502,330,82
working_memory,2,3,R2,Network only,SC,0.2602030814016132,11.237849169200711,9.556014525580801,330,82
working_memory,2,3,R2,Network only,FP,0.29860212028333094,10.954765564150357,9.421990391058914,330,82
working_memory,2,3,R2,Network only,fused,0.3450506696846906,10.83775441196931,9.346263610439372,330,82
working_memory,2,3,R2,Network only,equal_weight,0.3365173888550874,10.846842503746606,9.358893570454372,330,82
working_memory,2,4,R2,Network only,FC,0.2328051661020903,12.06732174960654,9.827188706921913,330,82
working_memory,2,4,R2,Network only,SC,0.03266357714682908,12.19528734184252,9.502382390788533,330,82
working_memory,2,4,R2,Network only,FP,0.23172054732962558,11.029267297190758,9.022793324910847,330,82
working_memory,2,4,R2,Network only,fused,0.15352819668364842,11.105658383442261,8.779881108429855,330,82
working_memory,2,4,R2,Network only,equal_weight,0.1669154509022145,11.038490256231348,8.763278013956004,330,82
working_memory,3,0,R2,Network only,FC,0.16178700074653538,11.44663321248821,9.710457178039363,329,83
working_memory,3,0,R2,Network only,SC,0.14503629664146206,10.488011964086983,8.51415615263242,329,83
working_memory,3,0,R2,Network only,FP,0.2574001368790057,9.876724853861605,8.395766633233023,329,83
working_memory,3,0,R2,Network only,fused,0.2492585631923726,9.662835966791253,8.074102905234396,329,83
working_memory,3,0,R2,Network only,equal_weight,0.2572113875271058,9.62479035170489,8.075624154361977,329,83
working_memory,3,1,R2,Network only,FC,0.13672259970906078,13.912617491150696,11.67243746245386,329,83
working_memory,3,1,R2,Network only,SC,0.14391514556941717,12.973851903833829,10.994247992409905,329,83
working_memory,3,1,R2,Network only,FP,0.13218620717303636,14.324781841090024,11.805523910500701,329,83
working_memory,3,1,R2,Network only,fused,0.16947799521572413,12.978675904157408,11.062061658522172,329,83
working_memory,3,1,R2,Network only,equal_weight,0.1768981431661168,12.800055741561021,10.95280481420266,329,83
working_memory,3,2,R2,Network only,FC,0.13799033953099718,13.85993567231044,11.398909844445312,330,82
working_memory,3,2,R2,Network only,SC,0.015187945699944638,13.308977690958285,10.521067213323125,330,82
working_memory,3,2,R2,Network only,FP,0.17394268991341977,12.476758754330369,9.819365603984322,330,82
working_memory,3,2,R2,Network only,fused,0.1383011372788357,12.197186970130812,9.419983337795138,330,82
working_memory,3,2,R2,Network only,equal_weight,0.12038157479245915,12.25855737998935,9.518485076228167,330,82
working_memory,3,3,R2,Network only,FC,0.49680163168673885,10.441939429255276,8.252199186361286,330,82
working_memory,3,3,R2,Network only,SC,0.27776944495556943,11.822095568877748,9.642974999338033,330,82
working_memory,3,3,R2,Network only,FP,0.4812447007064308,10.87298718396859,8.905641868450127,330,82
working_memory,3,3,R2,Network only,fused,0.4812447007064308,10.87298718396859,8.905641868450127,330,82
working_memory,3,3,R2,Network only,equal_weight,0.39645463312526286,10.997794622811153,9.090839592485283,330,82
working_memory,3,4,R2,Network only,FC,0.3647372701336913,12.109710730506002,9.70940420241633,330,82
working_memory,3,4,R2,Network only,SC,0.059176055671054426,11.885404443432375,9.558159548335377,330,82
working_memory,3,4,R2,Network only,FP,0.37710167452633814,10.670209195311761,8.177250381541805,330,82
working_memory,3,4,R2,Network only,fused,0.38702307841449424,10.315202097005171,7.9128720899616924,330,82
working_memory,3,4,R2,Network only,equal_weight,0.35654984629763076,10.435515876999709,8.098433530711759,330,82
working_memory,4,0,R2,Network only,FC,0.08741895181732796,13.650730164174018,11.260384578581773,329,83
working_memory,4,0,R2,Network only,SC,0.06017590163721376,12.14189657659608,9.794658826293741,329,83
working_memory,4,0,R2,Network only,FP,0.19603585329163714,11.310374869125408,9.214506454806369,329,83
working_memory,4,0,R2,Network only,fused,0.17734894207542407,11.07069566282882,8.82127224921371,329,83
working_memory,4,0,R2,Network only,equal_weight,0.16214233772751163,11.133816969387118,8.844794012866727,329,83
working_memory,4,1,R2,Network only,FC,0.20017163492264634,12.944102512208595,10.2410062048859,329,83
working_memory,4,1,R2,Network only,SC,0.3022740513703532,11.373318075495401,9.331653561245673,329,83
working_memory,4,1,R2,Network only,FP,0.20236200458931342,11.935879494920131,9.332206360158343,329,83
working_memory,4,1,R2,Network only,fused,0.24614564950637763,11.538351143281714,9.12692904846724,329,83
working_memory,4,1,R2,Network only,equal_weight,0.3232538457632431,11.021257520220157,9.047891291661482,329,83
working_memory,4,2,R2,Network only,FC,0.29823865423951523,11.623529268739704,9.553155014586133,330,82
working_memory,4,2,R2,Network only,SC,-0.03897620629042424,12.327692914961588,10.282657331172627,330,82
working_memory,4,2,R2,Network only,FP,0.20663547558865417,10.688593161211806,8.793691959658275,330,82
working_memory,4,2,R2,Network only,fused,0.1766377149835388,10.752006931957798,8.89009389510915,330,82
working_memory,4,2,R2,Network only,equal_weight,0.05859678587175433,11.1659786367852,9.312734157984092,330,82
working_memory,4,3,R2,Network only,FC,0.17682921462162637,13.241110276168705,10.74512490760744,330,82
working_memory,4,3,R2,Network only,SC,0.15607906424959012,12.696101793570184,10.089735773794311,330,82
working_memory,4,3,R2,Network only,FP,0.2465945060448672,12.066779989519338,9.85220168485158,330,82
working_memory,4,3,R2,Network only,fused,0.2708505372952362,11.812601994429532,9.640947904877109,330,82
working_memory,4,3,R2,Network only,equal_weight,0.2620498895242243,11.857812160725121,9.603173405520282,330,82
working_memory,4,4,R2,Network only,FC,0.36816521268257374,11.385884428616848,9.281915392588974,330,82
working_memory,4,4,R2,Network only,SC,0.11436543989085651,12.35789757283086,10.127954306739062,330,82
working_memory,4,4,R2,Network only,FP,0.4253855077153862,10.684918056008833,8.826361095435882,330,82
working_memory,4,4,R2,Network only,fused,0.4384228163089451,10.595564186870268,8.74299767294052,330,82
working_memory,4,4,R2,Network only,equal_weight,0.38246954024603086,10.837538908032824,8.934063238475312,330,82
working_memory,5,0,R2,Network only,FC,0.2275645719385427,12.8680164152553,9.58151541790263,329,83
working_memory,5,0,R2,Network only,SC,-0.14917927631050604,14.128116025100887,11.296471306456501,329,83
working_memory,5,0,R2,Network only,FP,0.2912679600175683,11.637063524949559,8.900102968743827,329,83
working_memory,5,0,R2,Network only,fused,0.11182886866866645,12.311934161356687,9.722219913293744,329,83
working_memory,5,0,R2,Network only,equal_weight,0.08427606186326488,12.436412771253199,9.84243739628148,329,83
working_memory,5,1,R2,Network only,FC,0.25978687513640664,12.6013194059408,10.412730486817845,329,83
working_memory,5,1,R2,Network only,SC,0.03171382666493764,12.99924580390622,10.794201744518215,329,83
working_memory,5,1,R2,Network only,FP,0.3303774826865584,11.52011974797891,9.403259536123562,329,83
working_memory,5,1,R2,Network only,fused,0.25683637253132485,11.73242041280977,9.731316652222498,329,83
working_memory,5,1,R2,Network only,equal_weight,0.23927264155246483,11.80457806302774,9.812993812482297,329,83
working_memory,5,2,R2,Network only,FC,0.08523015635513881,13.926937024991219,10.987684324370829,330,82
working_memory,5,2,R2,Network only,SC,0.12305426550718643,11.162286627407068,8.817015979388744,330,82
working_memory,5,2,R2,Network only,FP,0.044312742271729405,14.350958713111863,11.364997383141072,330,82
working_memory,5,2,R2,Network only,fused,0.07445563070155159,12.270416884324979,9.702609606440713,330,82
working_memory,5,2,R2,Network only,equal_weight,0.09203645104655274,11.648964717805079,9.223084082179636,330,82
working_memory,5,3,R2,Network only,FC,0.38226567496803676,11.810345591704372,9.856142449547553,330,82
working_memory,5,3,R2,Network only,SC,0.04861221583860488,13.030209025479596,10.671688155503338,330,82
working_memory,5,3,R2,Network only,FP,0.37568930499938935,10.996819841408403,9.077289766105153,330,82
working_memory,5,3,R2,Network only,fused,0.25451292087848904,11.425626047392225,9.33319701583118,330,82
working_memory,5,3,R2,Network only,equal_weight,0.2759551936887043,11.310517746382555,9.238137412957363,330,82
working_memory,5,4,R2,Network only,FC,0.1658775144567571,12.5939183374014,10.51598770804133,330,82
working_memory,5,4,R2,Network only,SC,0.2290078258362625,11.633606189663553,9.33402415831521,330,82
working_memory,5,4,R2,Network only,FP,0.21349991641541582,11.381245231059381,9.415630599915355,330,82
working_memory,5,4,R2,Network only,fused,0.22572836622617995,11.259386157736722,9.315922469528772,330,82
working_memory,5,4,R2,Network only,equal_weight,0.29744032624423855,10.788301915020005,9.0359484482953,330,82
working_memory,6,0,R2,Network only,FC,0.27060377374621086,12.308192511086066,9.97685810496089,329,83
working_memory,6,0,R2,Network only,SC,0.15174256143125162,12.105997416769096,10.110971469652778,329,83
working_memory,6,0,R2,Network only,FP,0.22269942860232173,11.880118642382582,9.725612640160053,329,83
working_memory,6,0,R2,Network only,fused,0.23425617450787672,11.66029291109404,9.608889084017461,329,83
working_memory,6,0,R2,Network only,equal_weight,0.23748367239837312,11.493739020790352,9.499071272725578,329,83
working_memory,6,1,R2,Network only,FC,0.1572188636916686,12.61208655992124,10.17418658988994,329,83
working_memory,6,1,R2,Network only,SC,0.20921801059805267,10.894235367416083,8.654438992415573,329,83
working_memory,6,1,R2,Network only,FP,0.18426783143265973,11.159017237192087,9.072515145146687,329,83
working_memory,6,1,R2,Network only,fused,0.2382731670690436,10.413743485575019,8.471377216082372,329,83
working_memory,6,1,R2,Network only,equal_weight,0.2596749692388586,10.224943281729361,8.345250313111253,329,83
working_memory,6,2,R2,Network only,FC,0.005948440502796897,14.190395798795011,11.687228316289168,330,82
working_memory,6,2,R2,Network only,SC,-0.0007369131139800221,13.088936975999749,11.102639687956312,330,82
working_memory,6,2,R2,Network only,FP,0.04046272335330226,12.818865204409818,10.89902100265461,330,82
working_memory,6,2,R2,Network only,fused,0.03905807648500309,12.676120164607147,10.797577994196267,330,82
working_memory,6,2,R2,Network only,equal_weight,0.024747596730732714,12.480747888441208,10.611248494383261,330,82
working_memory,6,3,R2,Network only,FC,0.3702842544768581,11.039288675052578,8.628985803636665,330,82
working_memory,6,3,R2,Network only,SC,0.18272493772729825,11.160182770916144,8.290233519024438,330,82
working_memory,6,3,R2,Network only,FP,0.3371936297033131,10.453572145474118,7.9775034419060775,330,82
working_memory,6,3,R2,Network only,fused,0.3431016589471819,10.30276693529877,7.824892709727415,330,82
working_memory,6,3,R2,Network only,equal_weight,0.3277303446560487,10.196870169192257,7.56083481264746,330,82
working_memory,6,4,R2,Network only,FC,0.4073367203901036,11.97963208477304,10.338590691698155,330,82
working_memory,6,4,R2,Network only,SC,0.180614150560036,12.684894611726769,10.270579963065561,330,82
working_memory,6,4,R2,Network only,FP,0.46939258683616963,11.03889423835299,9.159982470271554,330,82
working_memory,6,4,R2,Network only,fused,0.2811678535307346,12.028655578702226,9.78464420848633,330,82
working_memory,6,4,R2,Network only,equal_weight,0.42864810682217425,11.324494519804613,9.321638793003492,330,82
working_memory,7,0,R2,Network only,FC,0.24928813164441166,12.651471157711121,9.896975837492839,329,83
working_memory,7,0,R2,Network only,SC,0.1869174792165601,12.156643322760049,9.122388821230434,329,83
working_memory,7,0,R2,Network only,FP,0.2603160344936234,11.856115552748703,8.984333456740089,329,83
working_memory,7,0,R2,Network only,fused,0.2603160344936234,11.856115552748703,8.984333456740089,329,83
working_memory,7,0,R2,Network only,equal_weight,0.2850863167506203,11.525305265947168,8.758470979295794,329,83
working_memory,7,1,R2,Network only,FC,0.28346807103558364,11.873686305621147,9.855812704741025,329,83
working_memory,7,1,R2,Network only,SC,-0.03958644103302229,12.223495553532242,10.023740963098513,329,83
working_memory,7,1,R2,Network only,FP,0.2596834794801129,11.81196144952437,9.88056430124868,329,83
working_memory,7,1,R2,Network only,fused,0.24475449656727508,11.035195597557685,9.176757753964665,329,83
working_memory,7,1,R2,Network only,equal_weight,0.19518347406408962,10.840132830543213,9.012378226881772,329,83
working_memory,7,2,R2,Network only,FC,0.09037570773686981,13.961555784424144,10.969690983923234,330,82
working_memory,7,2,R2,Network only,SC,0.14723377790419007,12.452449099854169,10.083959299058213,330,82
working_memory,7,2,R2,Network only,FP,0.15611361154678413,12.428538035164584,9.895622321122922,330,82
working_memory,7,2,R2,Network only,fused,0.188602058847204,11.834448926657892,9.408822634391381,330,82
working_memory,7,2,R2,Network only,equal_weight,0.1930355601150471,11.776978798252898,9.42641284799875,330,82
working_memory,7,3,R2,Network only,FC,0.3794883880326916,11.787390572174626,9.765189734653617,330,82
working_memory,7,3,R2,Network only,SC,0.03803258943150366,13.01953331965814,10.781937788831122,330,82
working_memory,7,3,R2,Network only,FP,0.4385332270944576,10.542664279399593,9.068580505724116,330,82
working_memory,7,3,R2,Network only,fused,0.3419450638213061,11.07097453006035,9.404781895465467,330,82
working_memory,7,3,R2,Network only,equal_weight,0.3169983470422483,11.19529215823131,9.4777998438205,330,82
working_memory,7,4,R2,Network only,FC,0.20895147194728272,12.87878466631738,10.598285196127572,330,82
working_memory,7,4,R2,Network only,SC,0.10384239284118463,12.077722991829589,9.968532762854917,330,82
working_memory,7,4,R2,Network only,FP,0.24540396951111892,11.628307894819455,9.584938531855533,330,82
working_memory,7,4,R2,Network only,fused,0.2588933826259454,11.201090464314026,9.328101440748062,330,82
working_memory,7,4,R2,Network only,equal_weight,0.24567066157976658,11.13503614644021,9.359968722613862,330,82
working_memory,8,0,R2,Network only,FC,0.3150832135060667,11.608263496146703,9.534391879324303,329,83
working_memory,8,0,R2,Network only,SC,0.11127082994516836,12.122921708350255,9.831690306075007,329,83
working_memory,8,0,R2,Network only,FP,0.18588058190678036,11.368159480082996,9.195340297437578,329,83
working_memory,8,0,R2,Network only,fused,0.18801975680259433,11.37376895863205,9.295504545967082,329,83
working_memory,8,0,R2,Network only,equal_weight,0.17995755420753173,11.409199192849409,9.320393371690287,329,83
working_memory,8,1,R2,Network only,FC,0.23293169935528715,12.814521965048922,10.596374074331148,329,83
working_memory,8,1,R2,Network only,SC,0.3089211249010387,11.082791273303394,9.01321320994935,329,83
working_memory,8,1,R2,Network only,FP,0.282340390522551,12.703142186088279,10.552243042565115,329,83
working_memory,8,1,R2,Network only,fused,0.30566180741029647,11.943799231863304,9.936155257192464,329,83
working_memory,8,1,R2,Network only,equal_weight,0.36304829653545806,10.80452555063195,8.97731737929765,329,83
working_memory,8,2,R2,Network only,FC,0.4194469021111399,10.9347442530954,8.53172448334681,330,82
working_memory,8,2,R2,Network only,SC,0.1777128248224245,11.495264781933848,9.467791994577194,330,82
working_memory,8,2,R2,Network only,FP,0.4299465428690117,10.695275048827483,8.290758522677402,330,82
working_memory,8,2,R2,Network only,fused,0.42867949430399854,10.156981429521027,8.205817575834319,330,82
working_memory,8,2,R2,Network only,equal_weight,0.416165216338209,10.206661006613519,8.334762678311941,330,82
working_memory,8,3,R2,Network only,FC,0.2966038107357877,12.534535024669456,10.11824942787959,330,82
working_memory,8,3,R2,Network only,SC,0.2743910173809332,11.364885524119057,8.940719826601123,330,82
working_memory,8,3,R2,Network only,FP,0.33122495257608164,11.00540358839497,9.126675413073697,330,82
working_memory,8,3,R2,Network only,fused,0.33122495257608164,11.00540358839497,9.126675413073697,330,82
working_memory,8,3,R2,Network only,equal_weight,0.39652182655879054,10.514802136042254,8.583244449065221,330,82
working_memory,8,4,R2,Network only,FC,0.26469331106661875,12.318241954801413,9.84085472981546,330,82
working_memory,8,4,R2,Network only,SC,0.03998996515734923,12.59602539968044,10.418819996669233,330,82
working_memory,8,4,R2,Network only,FP,0.30310983158638516,11.353230101201577,8.936570001866771,330,82
working_memory,8,4,R2,Network only,fused,0.2756257488736105,11.226035716606084,9.056665480112647,330,82
working_memory,8,4,R2,Network only,equal_weight,0.24563301748398575,11.330690546603188,9.175245727030283,330,82
working_memory,9,0,R2,Network only,FC,0.46946514724909716,11.320981501972962,9.217331722800242,329,83
working_memory,9,0,R2,Network only,SC,0.1559632693949845,12.804769301458833,10.269608592969112,329,83
working_memory,9,0,R2,Network only,FP,0.4683582178052816,11.041111654468505,8.802135650183981,329,83
working_memory,9,0,R2,Network only,fused,0.4683582178052816,11.041111654468505,8.802135650183981,329,83
working_memory,9,0,R2,Network only,equal_weight,0.4075596451114971,11.452292259062483,9.112662027317445,329,83
working_memory,9,1,R2,Network only,FC,0.1868962487356066,13.16968552359939,10.064913256934235,329,83
working_memory,9,1,R2,Network only,SC,0.026232912222491637,12.324804974248744,10.494601290297405,329,83
working_memory,9,1,R2,Network only,FP,0.17102034357519819,13.402706132858714,10.296025322448655,329,83
working_memory,9,1,R2,Network only,fused,0.16956614682608834,11.66916959360035,9.423586512676048,329,83
working_memory,9,1,R2,Network only,equal_weight,0.1654640139548958,11.596118584171961,9.423181025543027,329,83
working_memory,9,2,R2,Network only,FC,0.22595221665816115,12.09492264971399,9.641486881374682,330,82
working_memory,9,2,R2,Network only,SC,0.21382871902267028,11.667885272438024,9.322833358196558,330,82
working_memory,9,2,R2,Network only,FP,0.23127137191165922,11.303299322144177,8.938752354571655,330,82
working_memory,9,2,R2,Network only,fused,0.2640250582897574,11.05946197332121,8.809270025417003,330,82
working_memory,9,2,R2,Network only,equal_weight,0.27397033058334697,11.040375998635826,8.842971876087205,330,82
working_memory,9,3,R2,Network only,FC,0.19470533158347364,12.537032391880391,10.125870352747917,330,82
working_memory,9,3,R2,Network only,SC,0.3688432949801423,10.273753898831053,7.921130623496334,330,82
working_memory,9,3,R2,Network only,FP,0.13139216532917639,11.63898008676452,9.569341054490407,330,82
working_memory,9,3,R2,Network only,fused,0.1661360629374385,11.30845942958205,9.304890241840177,330,82
working_memory,9,3,R2,Network only,equal_weight,0.3151584737087379,10.380248181727175,8.386376260987301,330,82
working_memory,9,4,R2,Network only,FC,0.4123111561603514,11.445551920133278,8.947898240032533,330,82
working_memory,9,4,R2,Network only,SC,0.07057523891936293,12.545669637062916,10.183469945108932,330,82
working_memory,9,4,R2,Network only,FP,0.36506361524323566,12.024601235944953,9.475513788071247,330,82
working_memory,9,4,R2,Network only,fused,0.17693057934801254,11.80977590182297,9.690252689405764,330,82
working_memory,9,4,R2,Network only,equal_weight,0.301117898031776,11.268921189006297,9.211132508902075,330,82
working_memory,0,0,R3,Full PALF,FC,0.1096029516007761,12.547446463935351,10.392120054882012,329,83
working_memory,0,0,R3,Full PALF,SC,0.023785645476149364,10.857320783613266,8.995294779982327,329,83
working_memory,0,0,R3,Full PALF,FP,0.20373628045577885,10.292766509065551,8.61310794557853,329,83
working_memory,0,0,R3,Full PALF,fused,0.18650544979861472,9.883842912094348,8.220449195486438,329,83
working_memory,0,0,R3,Full PALF,equal_weight,0.1518683605957454,9.890629800106364,8.246237448223834,329,83
working_memory,0,1,R3,Full PALF,FC,0.2237641420265108,12.214787373731113,10.129159698366971,329,83
working_memory,0,1,R3,Full PALF,SC,0.21558221350616558,11.216293245520712,8.864305298276777,329,83
working_memory,0,1,R3,Full PALF,FP,0.17146642270842552,11.552973214977136,9.287206186710607,329,83
working_memory,0,1,R3,Full PALF,fused,0.19668448132553748,11.191359645360139,8.95091162098044,329,83
working_memory,0,1,R3,Full PALF,equal_weight,0.24322031903042624,10.75946661941872,8.595924283486363,329,83
working_memory,0,2,R3,Full PALF,FC,0.1685160003819302,13.299255478325943,10.101068328393021,330,82
working_memory,0,2,R3,Full PALF,SC,0.2031359119450421,12.176341208668152,9.596286342811371,330,82
working_memory,0,2,R3,Full PALF,FP,0.18324260749238278,13.124747535584019,9.938127747949173,330,82
working_memory,0,2,R3,Full PALF,fused,0.2382291963330784,11.93121251867349,8.992311868064341,330,82
working_memory,0,2,R3,Full PALF,equal_weight,0.2478777288240588,11.79441142551763,8.971312647476777,330,82
working_memory,0,3,R3,Full PALF,FC,0.41148067169408975,11.0103425177745,9.358325458676655,330,82
working_memory,0,3,R3,Full PALF,SC,0.13368703342062013,11.896707163315615,9.864810877442466,330,82
working_memory,0,3,R3,Full PALF,FP,0.4303781150558613,10.34021430047728,8.806524658173107,330,82
working_memory,0,3,R3,Full PALF,fused,0.40157377876274414,10.489257335271857,9.013878726220309,330,82
working_memory,0,3,R3,Full PALF,equal_weight,0.37024873474189945,10.631941210057485,9.110550255756813,330,82
working_memory,0,4,R3,Full PALF,FC,0.29188663649529883,13.756908616324663,11.435498620341678,330,82
working_memory,0,4,R3,Full PALF,SC,0.1966043792971892,13.798974767477036,11.040710069044442,330,82
working_memory,0,4,R3,Full PALF,FP,0.327650445371927,12.973778526234803,10.768428725983025,330,82
working_memory,0,4,R3,Full PALF,fused,0.3535214072404662,12.781283357387428,10.6505965938344,330,82
working_memory,0,4,R3,Full PALF,equal_weight,0.3470626480348889,12.860433837839766,10.64704457307609,330,82
working_memory,1,0,R3,Full PALF,FC,0.48838527459024383,10.523026081139273,9.017446374058048,329,83
working_memory,1,0,R3,Full PALF,SC,0.26691832496707435,11.031901405780012,9.140436510853709,329,83
working_memory,1,0,R3,Full PALF,FP,0.48982335146427974,9.822950789304777,8.17083648788524,329,83
working_memory,1,0,R3,Full PALF,fused,0.48573265779509944,9.855198665718326,8.398245043401207,329,83
working_memory,1,0,R3,Full PALF,equal_weight,0.48573265779509944,9.855198665718326,8.398245043401207,329,83
working_memory,1,1,R3,Full PALF,FC,0.13260232716977488,13.340319199044513,10.494777683755485,329,83
working_memory,1,1,R3,Full PALF,SC,-0.003393335705033279,13.012315515617694,10.47765455802252,329,83
working_memory,1,1,R3,Full PALF,FP,0.10265324493572513,12.570991923402783,10.074417252646692,329,83
working_memory,1,1,R3,Full PALF,fused,0.07707933264054624,12.270880886882647,9.950389121330106,329,83
working_memory,1,1,R3,Full PALF,equal_weight,0.06510238914386124,12.29653430145181,9.967976224114215,329,83
working_memory,1,2,R3,Full PALF,FC,0.1814001034684659,12.611181733902807,10.417508403277436,330,82
working_memory,1,2,R3,Full PALF,SC,0.05647282272038237,12.679914024361944,10.68263963552131,330,82
working_memory,1,2,R3,Full PALF,FP,0.27230474162827073,11.22477822070823,9.48187341089458,330,82
working_memory,1,2,R3,Full PALF,fused,0.17889876301588115,11.565141814692591,9.852569350172828,330,82
working_memory,1,2,R3,Full PALF,equal_weight,0.19319508551777015,11.484702042152357,9.786258398946176,330,82
working_memory,1,3,R3,Full PALF,FC,0.26801576748319283,12.698931716448344,10.359787936362123,330,82
working_memory,1,3,R3,Full PALF,SC,0.12882725845007922,12.657428014429508,10.178328044481805,330,82
working_memory,1,3,R3,Full PALF,FP,0.3104408627891544,12.437744374133647,10.30739941986124,330,82
working_memory,1,3,R3,Full PALF,fused,0.3124082923098357,11.978438099043922,9.900643328090101,330,82
working_memory,1,3,R3,Full PALF,equal_weight,0.2907043719577933,11.756211424023766,9.533091412666511,330,82
working_memory,1,4,R3,Full PALF,FC,0.25915044405047016,11.584411086891313,8.701619924197324,330,82
working_memory,1,4,R3,Full PALF,SC,0.1880710165876515,11.300480125656815,8.86949953956614,330,82
working_memory,1,4,R3,Full PALF,FP,0.3192726455459442,10.57461259842224,8.061462901100855,330,82
working_memory,1,4,R3,Full PALF,fused,0.32561846972545366,10.325315524240292,8.048507505326064,330,82
working_memory,1,4,R3,Full PALF,equal_weight,0.31250334673165747,10.37874013749288,8.124755670910531,330,82
working_memory,2,0,R3,Full PALF,FC,0.33633522058744836,12.801379231240663,10.585895526824556,329,83
working_memory,2,0,R3,Full PALF,SC,0.14680313951390953,12.773319090568899,10.7992868901525,329,83
working_memory,2,0,R3,Full PALF,FP,0.34331459731173264,12.664855423134243,10.470426963169464,329,83
working_memory,2,0,R3,Full PALF,fused,0.34883585077405066,12.22224215318522,10.014582467953321,329,83
working_memory,2,0,R3,Full PALF,equal_weight,0.3405145344929191,11.80541706782527,9.614398996175309,329,83
working_memory,2,1,R3,Full PALF,FC,0.36602557910438005,11.46037854755019,9.36400566789761,329,83
working_memory,2,1,R3,Full PALF,SC,0.19298499084545145,11.47370910974906,9.329511076590814,329,83
working_memory,2,1,R3,Full PALF,FP,0.39541993210547155,10.319232758234264,8.339256351786148,329,83
working_memory,2,1,R3,Full PALF,fused,0.4067277768797392,10.127276494563045,8.38068137063327,329,83
working_memory,2,1,R3,Full PALF,equal_weight,0.37493299297463867,10.268723875259337,8.609862260139288,329,83
working_memory,2,2,R3,Full PALF,FC,0.26177983450531245,13.097718345761852,10.185070601357069,330,82
working_memory,2,2,R3,Full PALF,SC,0.13045294930776022,12.15196265514668,9.602792313882993,330,82
working_memory,2,2,R3,Full PALF,FP,0.25439617198559494,11.87328137019566,9.182677720254429,330,82
working_memory,2,2,R3,Full PALF,fused,0.2679827926168856,11.463363228612469,8.879960192275217,330,82
working_memory,2,2,R3,Full PALF,equal_weight,0.26258127146719284,11.281983081288903,8.87195504091009,330,82
working_memory,2,3,R3,Full PALF,FC,0.27429204345693337,12.110199729884673,9.853876113749502,330,82
working_memory,2,3,R3,Full PALF,SC,0.2602030814016132,11.237849169200711,9.556014525580801,330,82
working_memory,2,3,R3,Full PALF,FP,0.2986021202833321,10.954765564150355,9.421990391058912,330,82
working_memory,2,3,R3,Full PALF,fused,0.34505066968469167,10.837754411969307,9.346263610439365,330,82
working_memory,2,3,R3,Full PALF,equal_weight,0.336517388855088,10.846842503746604,9.35889357045437,330,82
working_memory,2,4,R3,Full PALF,FC,0.2328051661020903,12.06732174960654,9.827188706921913,330,82
working_memory,2,4,R3,Full PALF,SC,0.03266357714682908,12.19528734184252,9.502382390788533,330,82
working_memory,2,4,R3,Full PALF,FP,0.2317205473296265,11.029267297190753,9.022793324910856,330,82
working_memory,2,4,R3,Full PALF,fused,0.15352819668364898,11.10565838344226,8.779881108429855,330,82
working_memory,2,4,R3,Full PALF,equal_weight,0.166915450902215,11.038490256231347,8.763278013956008,330,82
working_memory,3,0,R3,Full PALF,FC,0.16178700074653538,11.44663321248821,9.710457178039363,329,83
working_memory,3,0,R3,Full PALF,SC,0.14503629664146206,10.488011964086983,8.51415615263242,329,83
working_memory,3,0,R3,Full PALF,FP,0.25740013687900576,9.876724853861612,8.39576663323303,329,83
working_memory,3,0,R3,Full PALF,fused,0.24925856319237288,9.662835966791253,8.074102905234396,329,83
working_memory,3,0,R3,Full PALF,equal_weight,0.25721138752710604,9.62479035170489,8.075624154361975,329,83
working_memory,3,1,R3,Full PALF,FC,0.13672259970906078,13.912617491150696,11.67243746245386,329,83
working_memory,3,1,R3,Full PALF,SC,0.14391514556941717,12.973851903833829,10.994247992409905,329,83
working_memory,3,1,R3,Full PALF,FP,0.13218620717303964,14.324781841090006,11.805523910500714,329,83
working_memory,3,1,R3,Full PALF,fused,0.16947799521572793,12.978675904157381,11.062061658522175,329,83
working_memory,3,1,R3,Full PALF,equal_weight,0.17689814316612082,12.80005574156099,10.952804814202661,329,83
working_memory,3,2,R3,Full PALF,FC,0.13799033953099718,13.85993567231044,11.398909844445312,330,82
working_memory,3,2,R3,Full PALF,SC,0.015187945699944638,13.308977690958285,10.521067213323125,330,82
working_memory,3,2,R3,Full PALF,FP,0.17394268991342254,12.476758754330344,9.819365603984293,330,82
working_memory,3,2,R3,Full PALF,fused,0.13830113727883764,12.197186970130799,9.419983337795133,330,82
working_memory,3,2,R3,Full PALF,equal_weight,0.12038157479246059,12.25855737998934,9.518485076228163,330,82
working_memory,3,3,R3,Full PALF,FC,0.49680163168673885,10.441939429255276,8.252199186361286,330,82
working_memory,3,3,R3,Full PALF,SC,0.27776944495556943,11.822095568877748,9.642974999338033,330,82
working_memory,3,3,R3,Full PALF,FP,0.4812447007064311,10.872987183968588,8.905641868450125,330,82
working_memory,3,3,R3,Full PALF,fused,0.4812447007064311,10.872987183968588,8.905641868450125,330,82
working_memory,3,3,R3,Full PALF,equal_weight,0.3964546331252634,10.99779462281115,9.090839592485283,330,82
working_memory,3,4,R3,Full PALF,FC,0.3647372701336913,12.109710730506002,9.70940420241633,330,82
working_memory,3,4,R3,Full PALF,SC,0.059176055671054426,11.885404443432375,9.558159548335377,330,82
working_memory,3,4,R3,Full PALF,FP,0.37710167452633525,10.67020919531179,8.177250381541823,330,82
working_memory,3,4,R3,Full PALF,fused,0.3870230784144916,10.315202097005185,7.9128720899616996,330,82
working_memory,3,4,R3,Full PALF,equal_weight,0.35654984629762876,10.43551587699972,8.098433530711764,330,82
working_memory,4,0,R3,Full PALF,FC,0.08741895181732796,13.650730164174018,11.260384578581773,329,83
working_memory,4,0,R3,Full PALF,SC,0.06017590163721376,12.14189657659608,9.794658826293741,329,83
working_memory,4,0,R3,Full PALF,FP,0.19603585329163517,11.310374869125429,9.214506454806392,329,83
working_memory,4,0,R3,Full PALF,fused,0.17734894207542282,11.07069566282883,8.821272249213724,329,83
working_memory,4,0,R3,Full PALF,equal_weight,0.16214233772751085,11.133816969387127,8.844794012866739,329,83
working_memory,4,1,R3,Full PALF,FC,0.20017163492264634,12.944102512208595,10.2410062048859,329,83
working_memory,4,1,R3,Full PALF,SC,0.3022740513703532,11.373318075495401,9.331653561245673,329,83
working_memory,4,1,R3,Full PALF,FP,0.20236200458931564,11.935879494920112,9.332206360158333,329,83
working_memory,4,1,R3,Full PALF,fused,0.24614564950637977,11.5383511432817,9.126929048467229,329,83
working_memory,4,1,R3,Full PALF,equal_weight,0.32325384576324445,11.02125752022015,9.04789129166148,329,83
working_memory,4,2,R3,Full PALF,FC,0.29823865423951523,11.623529268739704,9.553155014586133,330,82
working_memory,4,2,R3,Full PALF,SC,-0.03897620629042424,12.327692914961588,10.282657331172627,330,82
working_memory,4,2,R3,Full PALF,FP,0.20663547558865408,10.688593161211806,8.793691959658279,330,82
working_memory,4,2,R3,Full PALF,fused,0.17663771498353864,10.752006931957798,8.890093895109151,330,82
working_memory,4,2,R3,Full PALF,equal_weight,0.058596785871754424,11.165978636785198,9.312734157984092,330,82
working_memory,4,3,R3,Full PALF,FC,0.17682921462162637,13.241110276168705,10.74512490760744,330,82
working_memory,4,3,R3,Full PALF,SC,0.15607906424959012,12.696101793570184,10.089735773794311,330,82
working_memory,4,3,R3,Full PALF,FP,0.24659450604486588,12.066779989519349,9.852201684851584,330,82
working_memory,4,3,R3,Full PALF,fused,0.27085053729523456,11.812601994429544,9.640947904877113,330,82
working_memory,4,3,R3,Full PALF,equal_weight,0.2620498895242229,11.857812160725127,9.603173405520286,330,82
working_memory,4,4,R3,Full PALF,FC,0.36816521268257374,11.385884428616848,9.281915392588974,330,82
working_memory,4,4,R3,Full PALF,SC,0.11436543989085651,12.35789757283086,10.127954306739062,330,82
working_memory,4,4,R3,Full PALF,FP,0.4253855077153869,10.68491805600883,8.826361095435866,330,82
working_memory,4,4,R3,Full PALF,fused,0.4384228163089456,10.595564186870265,8.74299767294051,330,82
working_memory,4,4,R3,Full PALF,equal_weight,0.3824695402460312,10.83753890803282,8.934063238475307,330,82
working_memory,5,0,R3,Full PALF,FC,0.2275645719385427,12.8680164152553,9.58151541790263,329,83
working_memory,5,0,R3,Full PALF,SC,-0.14917927631050604,14.128116025100887,11.296471306456501,329,83
working_memory,5,0,R3,Full PALF,FP,0.29126796001756844,11.637063524949564,8.900102968743829,329,83
working_memory,5,0,R3,Full PALF,fused,0.11182886866866688,12.311934161356689,9.722219913293744,329,83
working_memory,5,0,R3,Full PALF,equal_weight,0.08427606186326604,12.436412771253199,9.84243739628148,329,83
working_memory,5,1,R3,Full PALF,FC,0.25978687513640664,12.6013194059408,10.412730486817845,329,83
working_memory,5,1,R3,Full PALF,SC,0.03171382666493764,12.99924580390622,10.794201744518215,329,83
working_memory,5,1,R3,Full PALF,FP,0.330377482686554,11.520119747978944,9.403259536123597,329,83
working_memory,5,1,R3,Full PALF,fused,0.25683637253132247,11.73242041280978,9.731316652222509,329,83
working_memory,5,1,R3,Full PALF,equal_weight,0.23927264155246297,11.804578063027751,9.812993812482302,329,83
working_memory,5,2,R3,Full PALF,FC,0.08523015635513881,13.926937024991219,10.987684324370829,330,82
working_memory,5,2,R3,Full PALF,SC,0.12305426550718643,11.162286627407068,8.817015979388744,330,82
working_memory,5,2,R3,Full PALF,FP,0.04431274227172925,14.350958713111822,11.364997383141041,330,82
working_memory,5,2,R3,Full PALF,fused,0.0744556307015514,12.270416884324957,9.7026096064407,330,82
working_memory,5,2,R3,Full PALF,equal_weight,0.09203645104655292,11.648964717805063,9.223084082179621,330,82
working_memory,5,3,R3,Full PALF,FC,0.38226567496803676,11.810345591704372,9.856142449547553,330,82
working_memory,5,3,R3,Full PALF,SC,0.04861221583860488,13.030209025479596,10.671688155503338,330,82
working_memory,5,3,R3,Full PALF,FP,0.3756893049993886,10.996819841408406,9.07728976610516,330,82
working_memory,5,3,R3,Full PALF,fused,0.2545129208784884,11.42562604739223,9.333197015831187,330,82
working_memory,5,3,R3,Full PALF,equal_weight,0.2759551936887033,11.310517746382562,9.238137412957373,330,82
working_memory,5,4,R3,Full PALF,FC,0.1658775144567571,12.5939183374014,10.51598770804133,330,82
working_memory,5,4,R3,Full PALF,SC,0.2290078258362625,11.633606189663553,9.33402415831521,330,82
working_memory,5,4,R3,Full PALF,FP,0.21349991641541446,11.381245231059392,9.41563059991537,330,82
working_memory,5,4,R3,Full PALF,fused,0.22572836622617864,11.259386157736733,9.315922469528784,330,82
working_memory,5,4,R3,Full PALF,equal_weight,0.2974403262442374,10.788301915020012,9.035948448295306,330,82
working_memory,6,0,R3,Full PALF,FC,0.27060377374621086,12.308192511086066,9.97685810496089,329,83
working_memory,6,0,R3,Full PALF,SC,0.15174256143125162,12.105997416769096,10.110971469652778,329,83
working_memory,6,0,R3,Full PALF,FP,0.22269942860232034,11.880118642382588,9.725612640160051,329,83
working_memory,6,0,R3,Full PALF,fused,0.23425617450787545,11.660292911094047,9.608889084017465,329,83
working_memory,6,0,R3,Full PALF,equal_weight,0.23748367239837215,11.493739020790356,9.499071272725581,329,83
working_memory,6,1,R3,Full PALF,FC,0.1572188636916686,12.61208655992124,10.17418658988994,329,83
working_memory,6,1,R3,Full PALF,SC,0.20921801059805267,10.894235367416083,8.654438992415573,329,83
working_memory,6,1,R3,Full PALF,FP,0.18426783143265946,11.159017237192092,9.072515145146694,329,83
working_memory,6,1,R3,Full PALF,fused,0.23827316706904345,10.413743485575019,8.471377216082377,329,83
working_memory,6,1,R3,Full PALF,equal_weight,0.25967496923885813,10.224943281729363,8.34525031311126,329,83
working_memory,6,2,R3,Full PALF,FC,0.005948440502796897,14.190395798795011,11.687228316289168,330,82
working_memory,6,2,R3,Full PALF,SC,-0.0007369131139800221,13.088936975999749,11.102639687956312,330,82
working_memory,6,2,R3,Full PALF,FP,0.040462723353303025,12.818865204409818,10.899021002654614,330,82
working_memory,6,2,R3,Full PALF,fused,0.03905807648500363,12.676120164607148,10.79757799419627,330,82
working_memory,6,2,R3,Full PALF,equal_weight,0.024747596730733318,12.48074788844121,10.611248494383263,330,82
working_memory,6,3,R3,Full PALF,FC,0.3702842544768581,11.039288675052578,8.628985803636665,330,82
working_memory,6,3,R3,Full PALF,SC,0.18272493772729825,11.160182770916144,8.290233519024438,330,82
working_memory,6,3,R3,Full PALF,FP,0.33719362970331057,10.453572145474133,7.977503441906107,330,82
working_memory,6,3,R3,Full PALF,fused,0.3431016589471793,10.302766935298788,7.824892709727432,330,82
working_memory,6,3,R3,Full PALF,equal_weight,0.3277303446560471,10.196870169192264,7.560834812647472,330,82
working_memory,6,4,R3,Full PALF,FC,0.4073367203901036,11.97963208477304,10.338590691698155,330,82
working_memory,6,4,R3,Full PALF,SC,0.180614150560036,12.684894611726769,10.270579963065561,330,82
working_memory,6,4,R3,Full PALF,FP,0.46939258683616936,11.038894238352993,9.159982470271558,330,82
working_memory,6,4,R3,Full PALF,fused,0.2811678535307342,12.028655578702228,9.78464420848633,330,82
working_memory,6,4,R3,Full PALF,equal_weight,0.42864810682217397,11.324494519804617,9.321638793003496,330,82
working_memory,7,0,R3,Full PALF,FC,0.24928813164441166,12.651471157711121,9.896975837492839,329,83
working_memory,7,0,R3,Full PALF,SC,0.1869174792165601,12.156643322760049,9.122388821230434,329,83
working_memory,7,0,R3,Full PALF,FP,0.2603160344936237,11.856115552748696,8.984333456740103,329,83
working_memory,7,0,R3,Full PALF,fused,0.2603160344936237,11.856115552748696,8.984333456740103,329,83
working_memory,7,0,R3,Full PALF,equal_weight,0.28508631675062024,11.525305265947171,8.7584709792958,329,83
working_memory,7,1,R3,Full PALF,FC,0.28346807103558364,11.873686305621147,9.855812704741025,329,83
working_memory,7,1,R3,Full PALF,SC,-0.03958644103302229,12.223495553532242,10.023740963098513,329,83
working_memory,7,1,R3,Full PALF,FP,0.25968347948010634,11.811961449524423,9.880564301248686,329,83
working_memory,7,1,R3,Full PALF,fused,0.24475449656726853,11.03519559755773,9.176757753964683,329,83
working_memory,7,1,R3,Full PALF,equal_weight,0.19518347406408393,10.840132830543244,9.012378226881799,329,83
working_memory,7,2,R3,Full PALF,FC,0.09037570773686981,13.961555784424144,10.969690983923234,330,82
working_memory,7,2,R3,Full PALF,SC,0.14723377790419007,12.452449099854169,10.083959299058213,330,82
working_memory,7,2,R3,Full PALF,FP,0.15611361154678483,12.428538035164578,9.895622321122932,330,82
working_memory,7,2,R3,Full PALF,fused,0.18860205884720466,11.834448926657888,9.408822634391385,330,82
working_memory,7,2,R3,Full PALF,equal_weight,0.1930355601150474,11.776978798252898,9.426412847998753,330,82
working_memory,7,3,R3,Full PALF,FC,0.3794883880326916,11.787390572174626,9.765189734653617,330,82
working_memory,7,3,R3,Full PALF,SC,0.03803258943150366,13.01953331965814,10.781937788831122,330,82
working_memory,7,3,R3,Full PALF,FP,0.4385332270944563,10.5426642793996,9.068580505724123,330,82
working_memory,7,3,R3,Full PALF,fused,0.34194506382130485,11.070974530060354,9.404781895465467,330,82
working_memory,7,3,R3,Full PALF,equal_weight,0.31699834704224683,11.195292158231316,9.4777998438205,330,82
working_memory,7,4,R3,Full PALF,FC,0.20895147194728272,12.87878466631738,10.598285196127572,330,82
working_memory,7,4,R3,Full PALF,SC,0.10384239284118463,12.077722991829589,9.968532762854917,330,82
working_memory,7,4,R3,Full PALF,FP,0.2454039695111192,11.628307894819459,9.584938531855531,330,82
working_memory,7,4,R3,Full PALF,fused,0.25889338262594574,11.201090464314026,9.328101440748062,330,82
working_memory,7,4,R3,Full PALF,equal_weight,0.245670661579767,11.13503614644021,9.35996872261386,330,82
working_memory,8,0,R3,Full PALF,FC,0.3150832135060667,11.608263496146703,9.534391879324303,329,83
working_memory,8,0,R3,Full PALF,SC,0.11127082994516836,12.122921708350255,9.831690306075007,329,83
working_memory,8,0,R3,Full PALF,FP,0.18588058190678028,11.368159480082996,9.19534029743758,329,83
working_memory,8,0,R3,Full PALF,fused,0.18801975680259475,11.37376895863205,9.29550454596708,329,83
working_memory,8,0,R3,Full PALF,equal_weight,0.1799575542075316,11.409199192849409,9.320393371690287,329,83
working_memory,8,1,R3,Full PALF,FC,0.23293169935528715,12.814521965048922,10.596374074331148,329,83
working_memory,8,1,R3,Full PALF,SC,0.3089211249010387,11.082791273303394,9.01321320994935,329,83
working_memory,8,1,R3,Full PALF,FP,0.2823403905225489,12.703142186088344,10.55224304256518,329,83
working_memory,8,1,R3,Full PALF,fused,0.30566180741029414,11.943799231863357,9.936155257192542,329,83
working_memory,8,1,R3,Full PALF,equal_weight,0.3630482965354553,10.804525550631977,8.977317379297675,329,83
working_memory,8,2,R3,Full PALF,FC,0.4194469021111399,10.9347442530954,8.53172448334681,330,82
working_memory,8,2,R3,Full PALF,SC,0.1777128248224245,11.495264781933848,9.467791994577194,330,82
working_memory,8,2,R3,Full PALF,FP,0.4299465428690098,10.695275048827554,8.290758522677413,330,82
working_memory,8,2,R3,Full PALF,fused,0.42867949430399666,10.156981429521048,8.205817575834295,330,82
working_memory,8,2,R3,Full PALF,equal_weight,0.4161652163382079,10.20666100661353,8.334762678311929,330,82
working_memory,8,3,R3,Full PALF,FC,0.2966038107357877,12.534535024669456,10.11824942787959,330,82
working_memory,8,3,R3,Full PALF,SC,0.2743910173809332,11.364885524119057,8.940719826601123,330,82
working_memory,8,3,R3,Full PALF,FP,0.3312249525760822,11.005403588394959,9.126675413073679,330,82
working_memory,8,3,R3,Full PALF,fused,0.3312249525760822,11.005403588394959,9.126675413073679,330,82
working_memory,8,3,R3,Full PALF,equal_weight,0.3965218265587912,10.514802136042253,8.583244449065212,330,82
working_memory,8,4,R3,Full PALF,FC,0.26469331106661875,12.318241954801413,9.84085472981546,330,82
working_memory,8,4,R3,Full PALF,SC,0.03998996515734923,12.59602539968044,10.418819996669233,330,82
working_memory,8,4,R3,Full PALF,FP,0.3031098315863876,11.353230101201563,8.936570001866762,330,82
working_memory,8,4,R3,Full PALF,fused,0.2756257488736126,11.226035716606075,9.05666548011264,330,82
working_memory,8,4,R3,Full PALF,equal_weight,0.24563301748398775,11.33069054660318,9.17524572703028,330,82
working_memory,9,0,R3,Full PALF,FC,0.46946514724909716,11.320981501972962,9.217331722800242,329,83
working_memory,9,0,R3,Full PALF,SC,0.1559632693949845,12.804769301458833,10.269608592969112,329,83
working_memory,9,0,R3,Full PALF,FP,0.4683582178052859,11.041111654468477,8.802135650183954,329,83
working_memory,9,0,R3,Full PALF,fused,0.4683582178052859,11.041111654468477,8.802135650183954,329,83
working_memory,9,0,R3,Full PALF,equal_weight,0.4075596451115,11.452292259062467,9.11266202731743,329,83
working_memory,9,1,R3,Full PALF,FC,0.1868962487356066,13.16968552359939,10.064913256934235,329,83
working_memory,9,1,R3,Full PALF,SC,0.026232912222491637,12.324804974248744,10.494601290297405,329,83
working_memory,9,1,R3,Full PALF,FP,0.17102034357519602,13.40270613285876,10.296025322448688,329,83
working_memory,9,1,R3,Full PALF,fused,0.16956614682608673,11.669169593600367,9.423586512676058,329,83
working_memory,9,1,R3,Full PALF,equal_weight,0.16546401395489369,11.596118584171984,9.42318102554304,329,83
working_memory,9,2,R3,Full PALF,FC,0.22595221665816115,12.09492264971399,9.641486881374682,330,82
working_memory,9,2,R3,Full PALF,SC,0.21382871902267028,11.667885272438024,9.322833358196558,330,82
working_memory,9,2,R3,Full PALF,FP,0.2312713719116583,11.303299322144186,8.938752354571662,330,82
working_memory,9,2,R3,Full PALF,fused,0.2640250582897565,11.059461973321215,8.809270025417003,330,82
working_memory,9,2,R3,Full PALF,equal_weight,0.2739703305833467,11.04037599863583,8.842971876087205,330,82
working_memory,9,3,R3,Full PALF,FC,0.19470533158347364,12.537032391880391,10.125870352747917,330,82
working_memory,9,3,R3,Full PALF,SC,0.3688432949801423,10.273753898831053,7.921130623496334,330,82
working_memory,9,3,R3,Full PALF,FP,0.13139216532917614,11.638980086764516,9.569341054490408,330,82
working_memory,9,3,R3,Full PALF,fused,0.1661360629374383,11.308459429582046,9.304890241840177,330,82
working_memory,9,3,R3,Full PALF,equal_weight,0.3151584737087373,10.380248181727177,8.386376260987308,330,82
working_memory,9,4,R3,Full PALF,FC,0.4123111561603514,11.445551920133278,8.947898240032533,330,82
working_memory,9,4,R3,Full PALF,SC,0.07057523891936293,12.545669637062916,10.183469945108932,330,82
working_memory,9,4,R3,Full PALF,FP,0.36506361524324626,12.02460123594487,9.47551378807126,330,82
working_memory,9,4,R3,Full PALF,fused,0.17693057934801643,11.809775901822945,9.690252689405755,330,82
working_memory,9,4,R3,Full PALF,equal_weight,0.30111789803178446,11.268921189006244,9.211132508902054,330,82
fluid_intelligence,0,0,R0,Same-solver no prior,FC,0.16924808399796537,5.394924784901462,4.216918468810427,329,83
fluid_intelligence,0,0,R0,Same-solver no prior,SC,0.5010066323369082,3.8067418891913047,2.923656851419128,329,83
fluid_intelligence,0,0,R0,Same-solver no prior,FP,0.2487452093391303,4.603193796669491,3.564413894732622,329,83
fluid_intelligence,0,0,R0,Same-solver no prior,fused,0.42475569654318085,4.0019686313341145,3.057447533592837,329,83
fluid_intelligence,0,0,R0,Same-solver no prior,equal_weight,0.377123084064716,4.158978232847947,3.1675076966958446,329,83
fluid_intelligence,0,1,R0,Same-solver no prior,FC,0.25563237432806524,5.500378170122329,4.592864476053432,329,83
fluid_intelligence,0,1,R0,Same-solver no prior,SC,0.3507333439951801,4.80596463694515,4.06662322648786,329,83
fluid_intelligence,0,1,R0,Same-solver no prior,FP,0.266549595313134,4.908559907484383,4.079505430542768,329,83
fluid_intelligence,0,1,R0,Same-solver no prior,fused,0.3690316640473051,4.755691479663313,4.022957835350928,329,83
fluid_intelligence,0,1,R0,Same-solver no prior,equal_weight,0.34948896665474594,4.836822532667611,4.083290880646643,329,83
fluid_intelligence,0,2,R0,Same-solver no prior,FC,0.11983971833121343,5.858288949040659,4.73129260703838,330,82
fluid_intelligence,0,2,R0,Same-solver no prior,SC,0.316199090597919,5.044926439868408,4.322175420304644,330,82
fluid_intelligence,0,2,R0,Same-solver no prior,FP,0.18738322402522078,5.30143658647443,4.452505798772862,330,82
fluid_intelligence,0,2,R0,Same-solver no prior,fused,0.328549850786104,4.942283798869254,4.256147044915363,330,82
fluid_intelligence,0,2,R0,Same-solver no prior,equal_weight,0.28135895769249075,5.026636613858914,4.225216366006691,330,82
fluid_intelligence,0,3,R0,Same-solver no prior,FC,0.07988085323423023,5.875732309617666,4.8029881617561,330,82
fluid_intelligence,0,3,R0,Same-solver no prior,SC,0.22724878904629317,4.758280230590928,3.8787430969058256,330,82
fluid_intelligence,0,3,R0,Same-solver no prior,FP,0.09934639454835596,5.121303590296109,4.357093357972078,330,82
fluid_intelligence,0,3,R0,Same-solver no prior,fused,0.20779258911454712,4.7513389946016575,4.079816785799346,330,82
fluid_intelligence,0,3,R0,Same-solver no prior,equal_weight,0.17623904657732464,4.892832435837822,4.2184225875394255,330,82
fluid_intelligence,0,4,R0,Same-solver no prior,FC,0.26099474853405646,5.408210912564001,4.197994601808023,330,82
fluid_intelligence,0,4,R0,Same-solver no prior,SC,0.4148728119735355,4.691808667457059,3.6941525663423462,330,82
fluid_intelligence,0,4,R0,Same-solver no prior,FP,0.2604646659725688,4.962586440243028,4.157644759720173,330,82
fluid_intelligence,0,4,R0,Same-solver no prior,fused,0.444940448596054,4.601998107183199,3.6632822151315674,330,82
fluid_intelligence,0,4,R0,Same-solver no prior,equal_weight,0.41685032678043055,4.676123967228706,3.7423339043912853,330,82
fluid_intelligence,1,0,R0,Same-solver no prior,FC,0.22221231320550522,5.199830737450859,4.179168102814128,329,83
fluid_intelligence,1,0,R0,Same-solver no prior,SC,0.2037408465744035,4.746307193485155,3.7839544985676095,329,83
fluid_intelligence,1,0,R0,Same-solver no prior,FP,0.2691849935023459,4.528891809518344,3.68895993495807,329,83
fluid_intelligence,1,0,R0,Same-solver no prior,fused,0.25445222947827595,4.538723985980989,3.6370686791820526,329,83
fluid_intelligence,1,0,R0,Same-solver no prior,equal_weight,0.30126606595288713,4.435862885339379,3.5642886355560273,329,83
fluid_intelligence,1,1,R0,Same-solver no prior,FC,0.23477224840393562,5.421142732505142,4.316210357797787,329,83
fluid_intelligence,1,1,R0,Same-solver no prior,SC,0.37236487119377437,4.397208025829504,3.5680015477095304,329,83
fluid_intelligence,1,1,R0,Same-solver no prior,FP,0.2768988654678623,4.552264885731996,3.922599809375927,329,83
fluid_intelligence,1,1,R0,Same-solver no prior,fused,0.39404767738436186,4.309410238321218,3.498110033673179,329,83
fluid_intelligence,1,1,R0,Same-solver no prior,equal_weight,0.36911788288724584,4.409775762786466,3.6202657434189103,329,83
fluid_intelligence,1,2,R0,Same-solver no prior,FC,0.194960592096337,5.878067680315708,4.6754930070693215,330,82
fluid_intelligence,1,2,R0,Same-solver no prior,SC,0.40817622833307143,4.836274640269176,3.9668407874220777,330,82
fluid_intelligence,1,2,R0,Same-solver no prior,FP,0.2531667096142531,5.256496339319933,4.49298051272592,330,82
fluid_intelligence,1,2,R0,Same-solver no prior,fused,0.42168306145747536,4.804359830579724,3.9873710252199817,330,82
fluid_intelligence,1,2,R0,Same-solver no prior,equal_weight,0.35404405245023807,4.983941036294206,4.109067495883444,330,82
fluid_intelligence,1,3,R0,Same-solver no prior,FC,0.12022191198621027,6.471716309862908,5.475744822746876,330,82
fluid_intelligence,1,3,R0,Same-solver no prior,SC,0.39831335310798965,4.7615250458949525,4.010914563020632,330,82
fluid_intelligence,1,3,R0,Same-solver no prior,FP,0.11603548582317467,5.769431843773473,4.877331915514563,330,82
fluid_intelligence,1,3,R0,Same-solver no prior,fused,0.3138905977667089,5.049737164273727,4.38264365644247,330,82
fluid_intelligence,1,3,R0,Same-solver no prior,equal_weight,0.29231151079855383,5.138252152032715,4.443655858823744,330,82
fluid_intelligence,1,4,R0,Same-solver no prior,FC,0.06754621539445634,6.107879826385806,5.071223799715169,330,82
fluid_intelligence,1,4,R0,Same-solver no prior,SC,0.29779368221874525,4.73392912523,3.9337547685292567,330,82
fluid_intelligence,1,4,R0,Same-solver no prior,FP,0.2770798594953529,4.688390270218693,3.9818618885212396,330,82
fluid_intelligence,1,4,R0,Same-solver no prior,fused,0.2667044706217193,4.796672642408195,3.96167879730237,330,82
fluid_intelligence,1,4,R0,Same-solver no prior,equal_weight,0.19086570678447656,5.068538392095658,4.2381816582345575,330,82
fluid_intelligence,2,0,R0,Same-solver no prior,FC,0.22934999853728955,5.809850749362463,4.793300715994568,329,83
fluid_intelligence,2,0,R0,Same-solver no prior,SC,0.42615316540358394,4.712510329830478,3.8294632743371517,329,83
fluid_intelligence,2,0,R0,Same-solver no prior,FP,0.23539449660330625,5.228526475037044,4.336663026903728,329,83
fluid_intelligence,2,0,R0,Same-solver no prior,fused,0.4572358642320912,4.6243510589106585,3.823929689662071,329,83
fluid_intelligence,2,0,R0,Same-solver no prior,equal_weight,0.3959183360940838,4.804851856364164,4.020804779260227,329,83
fluid_intelligence,2,1,R0,Same-solver no prior,FC,0.16624315293019462,5.6416833245172295,4.7393668531712585,329,83
fluid_intelligence,2,1,R0,Same-solver no prior,SC,0.2895552009305497,4.677420883283748,3.8851440133330017,329,83
fluid_intelligence,2,1,R0,Same-solver no prior,FP,0.19480971174685704,5.017630455930839,4.355620428307649,329,83
fluid_intelligence,2,1,R0,Same-solver no prior,fused,0.3077811494869117,4.587766970225434,3.912627897321363,329,83
fluid_intelligence,2,1,R0,Same-solver no prior,equal_weight,0.27686114358534175,4.72343727593754,4.100557594964681,329,83
fluid_intelligence,2,2,R0,Same-solver no prior,FC,0.14698894727587924,5.665910047826477,4.583522617406028,330,82
fluid_intelligence,2,2,R0,Same-solver no prior,SC,0.4260113840104183,4.273084258249353,3.5295046545119817,330,82
fluid_intelligence,2,2,R0,Same-solver no prior,FP,0.20491132894352615,4.956602824328366,3.9328323599046455,330,82
fluid_intelligence,2,2,R0,Same-solver no prior,fused,0.40621747236424366,4.314732811365928,3.523906586687632,330,82
fluid_intelligence,2,2,R0,Same-solver no prior,equal_weight,0.3164858544468139,4.587303915947207,3.7125385047058477,330,82
fluid_intelligence,2,3,R0,Same-solver no prior,FC,0.33903468319729124,5.124926817078082,4.090750494159126,330,82
fluid_intelligence,2,3,R0,Same-solver no prior,SC,0.3889444526226519,4.653530486992415,3.704916258820292,330,82
fluid_intelligence,2,3,R0,Same-solver no prior,FP,0.3802099160927015,4.713370570048776,3.935268100318194,330,82
fluid_intelligence,2,3,R0,Same-solver no prior,fused,0.45983561834195985,4.496542004092438,3.606431163288978,330,82
fluid_intelligence,2,3,R0,Same-solver no prior,equal_weight,0.45653437462864455,4.502795816108275,3.6213184605467807,330,82
fluid_intelligence,2,4,R0,Same-solver no prior,FC,0.15771186172098392,5.705343700641078,4.6189115559761005,330,82
fluid_intelligence,2,4,R0,Same-solver no prior,SC,0.36174740271137507,4.647553791222223,3.8744191322590606,330,82
fluid_intelligence,2,4,R0,Same-solver no prior,FP,0.18551656016405307,4.7919204919741345,4.196069329977529,330,82
fluid_intelligence,2,4,R0,Same-solver no prior,fused,0.3659989570447536,4.596023576928386,3.8603447529431643,330,82
fluid_intelligence,2,4,R0,Same-solver no prior,equal_weight,0.302146493451522,4.787530200276913,3.982756646230813,330,82
fluid_intelligence,3,0,R0,Same-solver no prior,FC,-0.0166189970644728,5.961045584051535,4.905682825556989,329,83
fluid_intelligence,3,0,R0,Same-solver no prior,SC,0.2483656482136284,4.864380870582836,4.047564509853732,329,83
fluid_intelligence,3,0,R0,Same-solver no prior,FP,0.059233362206627976,4.915093512038554,4.262282853053937,329,83
fluid_intelligence,3,0,R0,Same-solver no prior,fused,0.21672287290766362,4.875567640633779,4.107538468856529,329,83
fluid_intelligence,3,0,R0,Same-solver no prior,equal_weight,0.12419373495937118,5.104745180810909,4.326619391953705,329,83
fluid_intelligence,3,1,R0,Same-solver no prior,FC,0.1322937065697279,5.591723337474201,4.353571551688537,329,83
fluid_intelligence,3,1,R0,Same-solver no prior,SC,0.36410336895898743,4.541984749437563,3.6380604059604025,329,83
fluid_intelligence,3,1,R0,Same-solver no prior,FP,0.1513540847033784,5.035575172750067,3.979753312019164,329,83
fluid_intelligence,3,1,R0,Same-solver no prior,fused,0.3693834348292676,4.4817866981499295,3.5975114950715237,329,83
fluid_intelligence,3,1,R0,Same-solver no prior,equal_weight,0.2968519412750007,4.664185340518278,3.6581696300133104,329,83
fluid_intelligence,3,2,R0,Same-solver no prior,FC,0.2558754346058441,5.510222558009862,4.275752629680555,330,82
fluid_intelligence,3,2,R0,Same-solver no prior,SC,0.3775662518919305,4.495974894174796,3.5149331703397255,330,82
fluid_intelligence,3,2,R0,Same-solver no prior,FP,0.305396603893512,4.6129824106286215,3.970173989477462,330,82
fluid_intelligence,3,2,R0,Same-solver no prior,fused,0.4085583482126977,4.407105564684443,3.50274548273755,330,82
fluid_intelligence,3,2,R0,Same-solver no prior,equal_weight,0.3723273171558953,4.555419587906917,3.6115090936204495,330,82
fluid_intelligence,3,3,R0,Same-solver no prior,FC,0.2881681612304412,5.481422481581321,4.51744040276285,330,82
fluid_intelligence,3,3,R0,Same-solver no prior,SC,0.41022797808312844,4.6648316965286565,3.896483337556082,330,82
fluid_intelligence,3,3,R0,Same-solver no prior,FP,0.3378939883069472,4.819043134666467,4.109116150249636,330,82
fluid_intelligence,3,3,R0,Same-solver no prior,fused,0.44735988177941277,4.563047935708937,3.828652476394406,330,82
fluid_intelligence,3,3,R0,Same-solver no prior,equal_weight,0.41741798345040926,4.650246902040007,3.9609275058402043,330,82
fluid_intelligence,3,4,R0,Same-solver no prior,FC,0.18660573668487362,5.777614137882084,4.412319741182722,330,82
fluid_intelligence,3,4,R0,Same-solver no prior,SC,0.2377431129698708,4.975161753801156,4.074876033373013,330,82
fluid_intelligence,3,4,R0,Same-solver no prior,FP,0.1623210788500597,4.955496691186846,4.18160724616561,330,82
fluid_intelligence,3,4,R0,Same-solver no prior,fused,0.2803069030953894,4.8380123008089555,3.9321747516089163,330,82
fluid_intelligence,3,4,R0,Same-solver no prior,equal_weight,0.2693079517074031,4.92617205108594,3.874194679020294,330,82
fluid_intelligence,4,0,R0,Same-solver no prior,FC,0.17443445413864123,5.580054882193504,4.565122061673182,329,83
fluid_intelligence,4,0,R0,Same-solver no prior,SC,0.3722206445721284,4.509378582798186,3.694621165271517,329,83
fluid_intelligence,4,0,R0,Same-solver no prior,FP,0.2281112680854948,4.705159645557665,4.145201501749469,329,83
fluid_intelligence,4,0,R0,Same-solver no prior,fused,0.38066047550314097,4.471974208500475,3.7134883967812975,329,83
fluid_intelligence,4,0,R0,Same-solver no prior,equal_weight,0.30706261128905565,4.679725772713961,3.938761305092055,329,83
fluid_intelligence,4,1,R0,Same-solver no prior,FC,0.07121758243704303,5.69770805587449,4.482505418960391,329,83
fluid_intelligence,4,1,R0,Same-solver no prior,SC,0.40803312965061417,4.2866070213902345,3.5975806979791605,329,83
fluid_intelligence,4,1,R0,Same-solver no prior,FP,0.07603708573922574,5.050170915784688,4.1174417927270754,329,83
fluid_intelligence,4,1,R0,Same-solver no prior,fused,0.37089604010844024,4.356279644134301,3.6155735353340304,329,83
fluid_intelligence,4,1,R0,Same-solver no prior,equal_weight,0.25740420663701746,4.685889340932374,3.777100682466396,329,83
fluid_intelligence,4,2,R0,Same-solver no prior,FC,0.2332796606352623,5.446628302145523,4.364826760320286,330,82
fluid_intelligence,4,2,R0,Same-solver no prior,SC,0.33412452218017863,4.661500523976256,3.8236309759580744,330,82
fluid_intelligence,4,2,R0,Same-solver no prior,FP,0.19698649873855661,4.8381930849966475,3.922617606674653,330,82
fluid_intelligence,4,2,R0,Same-solver no prior,fused,0.3715766774401392,4.55325577421663,3.7483771844601157,330,82
fluid_intelligence,4,2,R0,Same-solver no prior,equal_weight,0.34466517976980204,4.655736979540652,3.829452236977811,330,82
fluid_intelligence,4,3,R0,Same-solver no prior,FC,0.34558265008117395,5.211174554540712,4.297112612852753,330,82
fluid_intelligence,4,3,R0,Same-solver no prior,SC,0.22881761198847916,5.163108484111947,4.186189801745045,330,82
fluid_intelligence,4,3,R0,Same-solver no prior,FP,0.4046796307674285,4.72089288468304,3.890739577342113,330,82
fluid_intelligence,4,3,R0,Same-solver no prior,fused,0.27626281390731866,5.002067839759843,4.08832296013753,330,82
fluid_intelligence,4,3,R0,Same-solver no prior,equal_weight,0.3922284511790209,4.713943163967225,3.997652150525202,330,82
fluid_intelligence,4,4,R0,Same-solver no prior,FC,0.2480820769916618,5.2523220362326,4.260348393316554,330,82
fluid_intelligence,4,4,R0,Same-solver no prior,SC,0.4112497236055918,4.599002155340099,3.831770092803664,330,82
fluid_intelligence,4,4,R0,Same-solver no prior,FP,0.24177954871116364,4.996468425926635,4.177913918020031,330,82
fluid_intelligence,4,4,R0,Same-solver no prior,fused,0.4704472750424523,4.4402896798316736,3.745854372260571,330,82
fluid_intelligence,4,4,R0,Same-solver no prior,equal_weight,0.44084233330789424,4.507427995325505,3.790087212005977,330,82
fluid_intelligence,5,0,R0,Same-solver no prior,FC,0.19960051648221844,5.436341682716191,4.394035285182336,329,83
fluid_intelligence,5,0,R0,Same-solver no prior,SC,0.2823481248930599,4.818154102004828,3.8936412359698607,329,83
fluid_intelligence,5,0,R0,Same-solver no prior,FP,0.2667953898816974,4.827713378197236,4.035046090707233,329,83
fluid_intelligence,5,0,R0,Same-solver no prior,fused,0.3070212441445115,4.709858733046984,3.887361207065083,329,83
fluid_intelligence,5,0,R0,Same-solver no prior,equal_weight,0.2970678520265933,4.7430500452504445,3.947833272142072,329,83
fluid_intelligence,5,1,R0,Same-solver no prior,FC,0.16710230478967053,5.70106037628588,4.45170762570111,329,83
fluid_intelligence,5,1,R0,Same-solver no prior,SC,0.3682717951689065,4.536518943816187,3.659853214886055,329,83
fluid_intelligence,5,1,R0,Same-solver no prior,FP,0.18723195612333104,4.990694534376941,4.008722786713162,329,83
fluid_intelligence,5,1,R0,Same-solver no prior,fused,0.37735559484783504,4.439649615112732,3.659382893746233,329,83
fluid_intelligence,5,1,R0,Same-solver no prior,equal_weight,0.31765556387795085,4.6321460761670625,3.866661912374051,329,83
fluid_intelligence,5,2,R0,Same-solver no prior,FC,0.1357752102974238,6.244330669430995,4.86135670109214,330,82
fluid_intelligence,5,2,R0,Same-solver no prior,SC,0.4878274801286274,4.608498347741558,3.860741800075774,330,82
fluid_intelligence,5,2,R0,Same-solver no prior,FP,0.09025820934649309,5.355956719922278,4.451297858427696,330,82
fluid_intelligence,5,2,R0,Same-solver no prior,fused,0.40757089316614514,4.818749347041356,3.9800979515047183,330,82
fluid_intelligence,5,2,R0,Same-solver no prior,equal_weight,0.3330611436240854,5.046270522441833,4.094513092396089,330,82
fluid_intelligence,5,3,R0,Same-solver no prior,FC,0.17352547163037943,5.559333292259598,4.503344143967143,330,82
fluid_intelligence,5,3,R0,Same-solver no prior,SC,0.40678164182697196,4.701482297771524,3.752391018829559,330,82
fluid_intelligence,5,3,R0,Same-solver no prior,FP,0.2894795221566405,4.964212581246507,4.074039567505753,330,82
fluid_intelligence,5,3,R0,Same-solver no prior,fused,0.42613005831497835,4.651491242938718,3.7517452418169857,330,82
fluid_intelligence,5,3,R0,Same-solver no prior,equal_weight,0.3577230917426447,4.79831090063576,3.930424624781696,330,82
fluid_intelligence,5,4,R0,Same-solver no prior,FC,0.2086908193972551,5.369794666621593,4.254870616970766,330,82
fluid_intelligence,5,4,R0,Same-solver no prior,SC,0.18995691611481494,4.646966432107314,3.887981418399746,330,82
fluid_intelligence,5,4,R0,Same-solver no prior,FP,0.2679781079872289,4.57068408285452,3.6130658154641218,330,82
fluid_intelligence,5,4,R0,Same-solver no prior,fused,0.24111470135242277,4.502912551638653,3.8158840712884268,330,82
fluid_intelligence,5,4,R0,Same-solver no prior,equal_weight,0.24760066473311412,4.58732992927114,3.817818017465935,330,82
fluid_intelligence,6,0,R0,Same-solver no prior,FC,0.14349137771380602,5.355727655114384,4.28429738541633,329,83
fluid_intelligence,6,0,R0,Same-solver no prior,SC,0.2936027646377993,4.429004896606247,3.6786431585641757,329,83
fluid_intelligence,6,0,R0,Same-solver no prior,FP,0.19903012965234612,4.450523182664305,3.764282394349703,329,83
fluid_intelligence,6,0,R0,Same-solver no prior,fused,0.31041738334423175,4.355243275882205,3.6122666237443313,329,83
fluid_intelligence,6,0,R0,Same-solver no prior,equal_weight,0.2710838321943779,4.453235010136202,3.633057200913969,329,83
fluid_intelligence,6,1,R0,Same-solver no prior,FC,0.3498897841476319,4.894311458424238,3.9615892539713893,329,83
fluid_intelligence,6,1,R0,Same-solver no prior,SC,0.429464550833781,4.276290960164437,3.5298620337762086,329,83
fluid_intelligence,6,1,R0,Same-solver no prior,FP,0.2919658597168509,4.481865368380776,3.7771902179780015,329,83
fluid_intelligence,6,1,R0,Same-solver no prior,fused,0.46018555229278,4.1699097727881504,3.4445719134327213,329,83
fluid_intelligence,6,1,R0,Same-solver no prior,equal_weight,0.439184986772179,4.246556872527506,3.5149403734174918,329,83
fluid_intelligence,6,2,R0,Same-solver no prior,FC,0.16530702619341658,5.70909300160776,4.599320785379169,330,82
fluid_intelligence,6,2,R0,Same-solver no prior,SC,0.277283451659439,4.75300262712804,3.8694322858191326,330,82
fluid_intelligence,6,2,R0,Same-solver no prior,FP,0.1781472838490289,5.049603540023595,4.208000615752881,330,82
fluid_intelligence,6,2,R0,Same-solver no prior,fused,0.2771648886974692,4.755844872413354,3.9976405510193294,330,82
fluid_intelligence,6,2,R0,Same-solver no prior,equal_weight,0.26680840827780056,4.803436481602716,4.0382999680363,330,82
fluid_intelligence,6,3,R0,Same-solver no prior,FC,0.10925256371061506,5.321887913035542,4.5763252223854405,330,82
fluid_intelligence,6,3,R0,Same-solver no prior,SC,0.4378996700954014,4.249794991362807,3.5318404336906113,330,82
fluid_intelligence,6,3,R0,Same-solver no prior,FP,0.16978209366087618,4.806718135569503,4.202288848517741,330,82
fluid_intelligence,6,3,R0,Same-solver no prior,fused,0.44046359941160884,4.199651751349841,3.5291801839123753,330,82
fluid_intelligence,6,3,R0,Same-solver no prior,equal_weight,0.34799709456216005,4.395773922678373,3.825957877384351,330,82
fluid_intelligence,6,4,R0,Same-solver no prior,FC,0.17081344871675108,6.353566003174308,5.048863038630693,330,82
fluid_intelligence,6,4,R0,Same-solver no prior,SC,0.3727092700561349,5.356626224909798,4.369025252660523,330,82
fluid_intelligence,6,4,R0,Same-solver no prior,FP,0.20882366947538183,5.755583595834687,4.702140028105175,330,82
fluid_intelligence,6,4,R0,Same-solver no prior,fused,0.3799491462863651,5.308509802514755,4.321854639298047,330,82
fluid_intelligence,6,4,R0,Same-solver no prior,equal_weight,0.3197640958224718,5.454383118894111,4.449537949731209,330,82
fluid_intelligence,7,0,R0,Same-solver no prior,FC,0.06632703445005546,5.721507646292202,4.779224487963923,329,83
fluid_intelligence,7,0,R0,Same-solver no prior,SC,0.3309977627226645,4.4486072344170475,3.6772451435644107,329,83
fluid_intelligence,7,0,R0,Same-solver no prior,FP,0.13821320958028108,4.952882164512877,4.2054358142209765,329,83
fluid_intelligence,7,0,R0,Same-solver no prior,fused,0.3025054861859936,4.486620062893153,3.7539534585123207,329,83
fluid_intelligence,7,0,R0,Same-solver no prior,equal_weight,0.2144799850295282,4.732923822865732,3.9874213672724523,329,83
fluid_intelligence,7,1,R0,Same-solver no prior,FC,0.21389745922490414,6.104601846062406,4.785309482906328,329,83
fluid_intelligence,7,1,R0,Same-solver no prior,SC,0.47357519998085207,4.494339526840414,3.6717674369494695,329,83
fluid_intelligence,7,1,R0,Same-solver no prior,FP,0.21712078876455948,6.043584386725966,4.73040772422382,329,83
fluid_intelligence,7,1,R0,Same-solver no prior,fused,0.4781101821557736,4.48931734377738,3.6070425215924806,329,83
fluid_intelligence,7,1,R0,Same-solver no prior,equal_weight,0.3785036375794132,4.829976015954387,3.819707773363416,329,83
fluid_intelligence,7,2,R0,Same-solver no prior,FC,0.05643573678298651,6.081582353300727,5.065169019553646,330,82
fluid_intelligence,7,2,R0,Same-solver no prior,SC,0.3632074158263079,4.629480048304383,3.801986465924683,330,82
fluid_intelligence,7,2,R0,Same-solver no prior,FP,0.12813068193403807,5.2745147097539595,4.475928398694621,330,82
fluid_intelligence,7,2,R0,Same-solver no prior,fused,0.29473187919337795,4.746678947770662,3.994576480510728,330,82
fluid_intelligence,7,2,R0,Same-solver no prior,equal_weight,0.22767092813162626,4.943104528873402,4.178023204623014,330,82
fluid_intelligence,7,3,R0,Same-solver no prior,FC,0.1596497307512112,6.08401252232699,4.927013429414501,330,82
fluid_intelligence,7,3,R0,Same-solver no prior,SC,0.3292034499872269,4.960291898137642,4.0595918207114785,330,82
fluid_intelligence,7,3,R0,Same-solver no prior,FP,0.21183228025263934,5.052775878752381,4.276842975586177,330,82
fluid_intelligence,7,3,R0,Same-solver no prior,fused,0.3430800613642558,4.883265237039224,3.983134000360279,330,82
fluid_intelligence,7,3,R0,Same-solver no prior,equal_weight,0.2858736271463779,5.074129610833699,4.13565280603328,330,82
fluid_intelligence,7,4,R0,Same-solver no prior,FC,0.3176885506744538,4.911032393699362,3.8980940050153827,330,82
fluid_intelligence,7,4,R0,Same-solver no prior,SC,0.2724900149758027,4.724486853929152,3.9103642458057117,330,82
fluid_intelligence,7,4,R0,Same-solver no prior,FP,0.2993136966419825,4.467139173020751,3.7967219261172978,330,82
fluid_intelligence,7,4,R0,Same-solver no prior,fused,0.28864917742712165,4.657585095794104,3.870272408885778,330,82
fluid_intelligence,7,4,R0,Same-solver no prior,equal_weight,0.36740747539439655,4.409413482378272,3.6413803134566862,330,82
fluid_intelligence,8,0,R0,Same-solver no prior,FC,0.08824836685194165,5.796809271247592,4.635258066213884,329,83
fluid_intelligence,8,0,R0,Same-solver no prior,SC,0.3607049194369769,4.627733866407905,3.854414204856866,329,83
fluid_intelligence,8,0,R0,Same-solver no prior,FP,0.1800202713742447,5.044779209035934,4.212242136317254,329,83
fluid_intelligence,8,0,R0,Same-solver no prior,fused,0.3493429765316537,4.621038141021602,3.8619514403751873,329,83
fluid_intelligence,8,0,R0,Same-solver no prior,equal_weight,0.2606125462869387,4.858419122008026,4.07560939043721,329,83
fluid_intelligence,8,1,R0,Same-solver no prior,FC,0.13033147293268968,5.937574985430922,4.657767626470649,329,83
fluid_intelligence,8,1,R0,Same-solver no prior,SC,0.4163538092204795,4.687850857145921,3.752291616979723,329,83
fluid_intelligence,8,1,R0,Same-solver no prior,FP,0.17006228586913685,5.282526386581403,4.168079663154644,329,83
fluid_intelligence,8,1,R0,Same-solver no prior,fused,0.3582828655871287,4.8111952403014895,3.7650092843498113,329,83
fluid_intelligence,8,1,R0,Same-solver no prior,equal_weight,0.3201060573588984,4.929806231174267,3.8385045107653264,329,83
fluid_intelligence,8,2,R0,Same-solver no prior,FC,0.3037013801820559,5.338317525298373,4.191948817242966,330,82
fluid_intelligence,8,2,R0,Same-solver no prior,SC,0.4093706606102064,4.511744158555301,3.6295530753937197,330,82
fluid_intelligence,8,2,R0,Same-solver no prior,FP,0.1988907010939004,4.768983097937403,3.9259728362895676,330,82
fluid_intelligence,8,2,R0,Same-solver no prior,fused,0.4562360756037061,4.399106163242997,3.5229731070971035,330,82
fluid_intelligence,8,2,R0,Same-solver no prior,equal_weight,0.4236902923945222,4.513815980372451,3.638963999780684,330,82
fluid_intelligence,8,3,R0,Same-solver no prior,FC,0.06744398883734949,5.548307852001891,4.60754212866281,330,82
fluid_intelligence,8,3,R0,Same-solver no prior,SC,0.2236283315795381,4.704915139398051,4.032384817584586,330,82
fluid_intelligence,8,3,R0,Same-solver no prior,FP,0.09188233937353713,5.006742085639287,4.242098572458232,330,82
fluid_intelligence,8,3,R0,Same-solver no prior,fused,0.20877476249429888,4.653823463359303,3.9733086883843995,330,82
fluid_intelligence,8,3,R0,Same-solver no prior,equal_weight,0.1688383766616454,4.775180851633929,4.072817931914027,330,82
fluid_intelligence,8,4,R0,Same-solver no prior,FC,0.26272248059161074,5.491520421626573,4.449553961848994,330,82
fluid_intelligence,8,4,R0,Same-solver no prior,SC,0.34718493037388537,4.900316694218685,4.095020065285687,330,82
fluid_intelligence,8,4,R0,Same-solver no prior,FP,0.2891791141531347,5.023481238931054,4.2078240798287005,330,82
fluid_intelligence,8,4,R0,Same-solver no prior,fused,0.37269301512944975,4.826939009649306,4.0135994394911645,330,82
fluid_intelligence,8,4,R0,Same-solver no prior,equal_weight,0.37391688575160903,4.836909383855318,3.9976078716469448,330,82
fluid_intelligence,9,0,R0,Same-solver no prior,FC,0.1727975197556046,5.788960651319551,4.314391462334391,329,83
fluid_intelligence,9,0,R0,Same-solver no prior,SC,0.5077461325176806,4.311566563810478,3.586983041059271,329,83
fluid_intelligence,9,0,R0,Same-solver no prior,FP,0.12043191664018285,5.020103037808515,4.20243647921802,329,83
fluid_intelligence,9,0,R0,Same-solver no prior,fused,0.5075286014900315,4.350795335783998,3.551444608790242,329,83
fluid_intelligence,9,0,R0,Same-solver no prior,equal_weight,0.3937224634882549,4.640018088166232,3.6552988662611696,329,83
fluid_intelligence,9,1,R0,Same-solver no prior,FC,0.10799065143331395,5.87811024064174,5.001415312944098,329,83
fluid_intelligence,9,1,R0,Same-solver no prior,SC,0.3278693450051123,4.977367333007963,4.195725252932704,329,83
fluid_intelligence,9,1,R0,Same-solver no prior,FP,0.18730046818764917,5.238468948787995,4.439703821327015,329,83
fluid_intelligence,9,1,R0,Same-solver no prior,fused,0.31849644171447433,4.912934318177556,4.197647047615028,329,83
fluid_intelligence,9,1,R0,Same-solver no prior,equal_weight,0.2730722421408903,5.0410709906947995,4.356015842090011,329,83
fluid_intelligence,9,2,R0,Same-solver no prior,FC,0.23592882446124439,5.0711644891528564,4.068215398092697,330,82
fluid_intelligence,9,2,R0,Same-solver no prior,SC,0.4819422460877967,4.139748815672635,3.3636577882829855,330,82
fluid_intelligence,9,2,R0,Same-solver no prior,FP,0.23944199481592604,4.69144529367612,3.884491183549256,330,82
fluid_intelligence,9,2,R0,Same-solver no prior,fused,0.5048689433010568,4.073987830052837,3.328694348416356,330,82
fluid_intelligence,9,2,R0,Same-solver no prior,equal_weight,0.4432380723702038,4.231092543091298,3.4666610351717644,330,82
fluid_intelligence,9,3,R0,Same-solver no prior,FC,0.34545801727738035,5.104931581754554,4.078489875955536,330,82
fluid_intelligence,9,3,R0,Same-solver no prior,SC,0.3992301441245958,4.603192212096321,3.7470858473055357,330,82
fluid_intelligence,9,3,R0,Same-solver no prior,FP,0.3960122058955765,4.6281215231825055,3.7078104470669917,330,82
fluid_intelligence,9,3,R0,Same-solver no prior,fused,0.4399820167528201,4.490210197232669,3.6078262608852305,330,82
fluid_intelligence,9,3,R0,Same-solver no prior,equal_weight,0.4461791028189029,4.491962683144438,3.540691728050071,330,82
fluid_intelligence,9,4,R0,Same-solver no prior,FC,0.20235893769239183,6.081364239406466,4.694045351399604,330,82
fluid_intelligence,9,4,R0,Same-solver no prior,SC,0.2918599955301672,4.741962638428402,3.8207551836462206,330,82
fluid_intelligence,9,4,R0,Same-solver no prior,FP,0.19261283112341418,5.296471920218451,4.30120847153374,330,82
fluid_intelligence,9,4,R0,Same-solver no prior,fused,0.3427401231617096,4.585096903987447,3.747077223327782,330,82
fluid_intelligence,9,4,R0,Same-solver no prior,equal_weight,0.3031397414083129,4.790777093736488,3.8865363433475633,330,82
fluid_intelligence,0,0,R1,Anisotropy only,FC,0.16924808399796537,5.394924784901462,4.216918468810427,329,83
fluid_intelligence,0,0,R1,Anisotropy only,SC,0.5010066323369082,3.8067418891913047,2.923656851419128,329,83
fluid_intelligence,0,0,R1,Anisotropy only,FP,0.2487452093391297,4.603193796669492,3.5644138947326254,329,83
fluid_intelligence,0,0,R1,Anisotropy only,fused,0.507804971089283,3.7680036998826782,2.916440066673511,329,83
fluid_intelligence,0,0,R1,Anisotropy only,equal_weight,0.4544098889653164,3.900819502693453,3.0262933933593734,329,83
fluid_intelligence,0,1,R1,Anisotropy only,FC,0.25563237432806524,5.500378170122329,4.592864476053432,329,83
fluid_intelligence,0,1,R1,Anisotropy only,SC,0.3507333439951801,4.80596463694515,4.06662322648786,329,83
fluid_intelligence,0,1,R1,Anisotropy only,FP,0.2665495953131343,4.908559907484383,4.079505430542768,329,83
fluid_intelligence,0,1,R1,Anisotropy only,fused,0.3810946470883659,4.720386065571554,3.998494568166636,329,83
fluid_intelligence,0,1,R1,Anisotropy only,equal_weight,0.3804773126690463,4.713643973311841,3.991910936072313,329,83
fluid_intelligence,0,2,R1,Anisotropy only,FC,0.11983971833121343,5.858288949040659,4.73129260703838,330,82
fluid_intelligence,0,2,R1,Anisotropy only,SC,0.316199090597919,5.044926439868408,4.322175420304644,330,82
fluid_intelligence,0,2,R1,Anisotropy only,FP,0.18738322402521568,5.3014365864744475,4.452505798772874,330,82
fluid_intelligence,0,2,R1,Anisotropy only,fused,0.3368590979036057,4.907362322426807,4.241545458594363,330,82
fluid_intelligence,0,2,R1,Anisotropy only,equal_weight,0.3329894166756431,4.879519829901203,4.182135509758866,330,82
fluid_intelligence,0,3,R1,Anisotropy only,FC,0.07988085323423023,5.875732309617666,4.8029881617561,330,82
fluid_intelligence,0,3,R1,Anisotropy only,SC,0.22724878904629317,4.758280230590928,3.8787430969058256,330,82
fluid_intelligence,0,3,R1,Anisotropy only,FP,0.0993463945483512,5.121303590296124,4.35709335797209,330,82
fluid_intelligence,0,3,R1,Anisotropy only,fused,0.2219857722555092,4.6409191866714306,3.976671954473017,330,82
fluid_intelligence,0,3,R1,Anisotropy only,equal_weight,0.20781315177253495,4.668087943240421,4.030064124987678,330,82
fluid_intelligence,0,4,R1,Anisotropy only,FC,0.26099474853405646,5.408210912564001,4.197994601808023,330,82
fluid_intelligence,0,4,R1,Anisotropy only,SC,0.4148728119735355,4.691808667457059,3.6941525663423462,330,82
fluid_intelligence,0,4,R1,Anisotropy only,FP,0.2604646659725691,4.962586440243028,4.1576447597201724,330,82
fluid_intelligence,0,4,R1,Anisotropy only,fused,0.430118523877537,4.639456192906502,3.6638097914409737,330,82
fluid_intelligence,0,4,R1,Anisotropy only,equal_weight,0.45963763985926503,4.646871328681925,3.788923703167683,330,82
fluid_intelligence,1,0,R1,Anisotropy only,FC,0.22221231320550522,5.199830737450859,4.179168102814128,329,83
fluid_intelligence,1,0,R1,Anisotropy only,SC,0.2037408465744035,4.746307193485155,3.7839544985676095,329,83
fluid_intelligence,1,0,R1,Anisotropy only,FP,0.2691849935023439,4.528891809518348,3.688959934958072,329,83
fluid_intelligence,1,0,R1,Anisotropy only,fused,0.24362888835743832,4.5561161101615015,3.633447370109784,329,83
fluid_intelligence,1,0,R1,Anisotropy only,equal_weight,0.32883766052373997,4.317772753634452,3.4579469475387037,329,83
fluid_intelligence,1,1,R1,Anisotropy only,FC,0.23477224840393562,5.421142732505142,4.316210357797787,329,83
fluid_intelligence,1,1,R1,Anisotropy only,SC,0.37236487119377437,4.397208025829504,3.5680015477095304,329,83
fluid_intelligence,1,1,R1,Anisotropy only,FP,0.2768988654678617,4.552264885731996,3.922599809375927,329,83
fluid_intelligence,1,1,R1,Anisotropy only,fused,0.3923124556656111,4.28532945967981,3.513359311952263,329,83
fluid_intelligence,1,1,R1,Anisotropy only,equal_weight,0.4273155970599822,4.2518032950043985,3.592763088209607,329,83
fluid_intelligence,1,2,R1,Anisotropy only,FC,0.194960592096337,5.878067680315708,4.6754930070693215,330,82
fluid_intelligence,1,2,R1,Anisotropy only,SC,0.40817622833307143,4.836274640269176,3.9668407874220777,330,82
fluid_intelligence,1,2,R1,Anisotropy only,FP,0.2531667096142538,5.256496339319929,4.492980512725918,330,82
fluid_intelligence,1,2,R1,Anisotropy only,fused,0.4390614872696725,4.770610753593803,3.977349354110665,330,82
fluid_intelligence,1,2,R1,Anisotropy only,equal_weight,0.4192466122213967,4.822376873758939,4.094718985959251,330,82
fluid_intelligence,1,3,R1,Anisotropy only,FC,0.12022191198621027,6.471716309862908,5.475744822746876,330,82
fluid_intelligence,1,3,R1,Anisotropy only,SC,0.39831335310798965,4.7615250458949525,4.010914563020632,330,82
fluid_intelligence,1,3,R1,Anisotropy only,FP,0.11603548582317433,5.769431843773475,4.877331915514562,330,82
fluid_intelligence,1,3,R1,Anisotropy only,fused,0.31748545444212384,4.958782165627863,4.2940800207583125,330,82
fluid_intelligence,1,3,R1,Anisotropy only,equal_weight,0.31748545444212384,4.958782165627863,4.2940800207583125,330,82
fluid_intelligence,1,4,R1,Anisotropy only,FC,0.06754621539445634,6.107879826385806,5.071223799715169,330,82
fluid_intelligence,1,4,R1,Anisotropy only,SC,0.29779368221874525,4.73392912523,3.9337547685292567,330,82
fluid_intelligence,1,4,R1,Anisotropy only,FP,0.2770798594953517,4.688390270218695,3.9818618885212405,330,82
fluid_intelligence,1,4,R1,Anisotropy only,fused,0.33047676351150485,4.608582864118105,3.835270151945346,330,82
fluid_intelligence,1,4,R1,Anisotropy only,equal_weight,0.3587727513984439,4.558198411677633,3.8513589099962076,330,82
fluid_intelligence,2,0,R1,Anisotropy only,FC,0.22934999853728955,5.809850749362463,4.793300715994568,329,83
fluid_intelligence,2,0,R1,Anisotropy only,SC,0.42615316540358394,4.712510329830478,3.8294632743371517,329,83
fluid_intelligence,2,0,R1,Anisotropy only,FP,0.23539449660330652,5.228526475037043,4.336663026903724,329,83
fluid_intelligence,2,0,R1,Anisotropy only,fused,0.45217259582945585,4.637389689978013,3.8528412543088217,329,83
fluid_intelligence,2,0,R1,Anisotropy only,equal_weight,0.4315329577758583,4.698098035463672,3.969112278295245,329,83
fluid_intelligence,2,1,R1,Anisotropy only,FC,0.16624315293019462,5.6416833245172295,4.7393668531712585,329,83
fluid_intelligence,2,1,R1,Anisotropy only,SC,0.2895552009305497,4.677420883283748,3.8851440133330017,329,83
fluid_intelligence,2,1,R1,Anisotropy only,FP,0.1948097117468573,5.017630455930837,4.355620428307647,329,83
fluid_intelligence,2,1,R1,Anisotropy only,fused,0.32774393558688664,4.495169471144699,3.8646452719198225,329,83
fluid_intelligence,2,1,R1,Anisotropy only,equal_weight,0.3188295059481254,4.519047757471726,3.9658055206659797,329,83
fluid_intelligence,2,2,R1,Anisotropy only,FC,0.14698894727587924,5.665910047826477,4.583522617406028,330,82
fluid_intelligence,2,2,R1,Anisotropy only,SC,0.4260113840104183,4.273084258249353,3.5295046545119817,330,82
fluid_intelligence,2,2,R1,Anisotropy only,FP,0.20491132894352565,4.95660282432836,3.9328323599046544,330,82
fluid_intelligence,2,2,R1,Anisotropy only,fused,0.43433220725899246,4.24168370762341,3.4728776693201024,330,82
fluid_intelligence,2,2,R1,Anisotropy only,equal_weight,0.3856278796145223,4.353642339619927,3.513133912069871,330,82
fluid_intelligence,2,3,R1,Anisotropy only,FC,0.33903468319729124,5.124926817078082,4.090750494159126,330,82
fluid_intelligence,2,3,R1,Anisotropy only,SC,0.3889444526226519,4.653530486992415,3.704916258820292,330,82
fluid_intelligence,2,3,R1,Anisotropy only,FP,0.3802099160927014,4.713370570048776,3.935268100318194,330,82
fluid_intelligence,2,3,R1,Anisotropy only,fused,0.4367764368117315,4.566720654932367,3.7165226455910263,330,82
fluid_intelligence,2,3,R1,Anisotropy only,equal_weight,0.4668499129232141,4.558788492690733,3.772482247218667,330,82
fluid_intelligence,2,4,R1,Anisotropy only,FC,0.15771186172098392,5.705343700641078,4.6189115559761005,330,82
fluid_intelligence,2,4,R1,Anisotropy only,SC,0.36174740271137507,4.647553791222223,3.8744191322590606,330,82
fluid_intelligence,2,4,R1,Anisotropy only,FP,0.1855165601640526,4.7919204919741345,4.196069329977529,330,82
fluid_intelligence,2,4,R1,Anisotropy only,fused,0.3671361176047087,4.567640299282428,3.8401459907104165,330,82
fluid_intelligence,2,4,R1,Anisotropy only,equal_weight,0.37065837166742877,4.5206596884562735,3.8633502936535757,330,82
fluid_intelligence,3,0,R1,Anisotropy only,FC,-0.0166189970644728,5.961045584051535,4.905682825556989,329,83
fluid_intelligence,3,0,R1,Anisotropy only,SC,0.2483656482136284,4.864380870582836,4.047564509853732,329,83
fluid_intelligence,3,0,R1,Anisotropy only,FP,0.05923336220662822,4.915093512038554,4.262282853053936,329,83
fluid_intelligence,3,0,R1,Anisotropy only,fused,0.24861303052611808,4.759831389329506,4.0281566059598735,329,83
fluid_intelligence,3,0,R1,Anisotropy only,equal_weight,0.23522767632805563,4.709882489366807,4.098078466257068,329,83
fluid_intelligence,3,1,R1,Anisotropy only,FC,0.1322937065697279,5.591723337474201,4.353571551688537,329,83
fluid_intelligence,3,1,R1,Anisotropy only,SC,0.36410336895898743,4.541984749437563,3.6380604059604025,329,83
fluid_intelligence,3,1,R1,Anisotropy only,FP,0.1513540847033813,5.035575172750061,3.9797533120191586,329,83
fluid_intelligence,3,1,R1,Anisotropy only,fused,0.36410336895898743,4.541984749437563,3.6380604059604025,329,83
fluid_intelligence,3,1,R1,Anisotropy only,equal_weight,0.3335196148229239,4.511823828191047,3.630215171557898,329,83
fluid_intelligence,3,2,R1,Anisotropy only,FC,0.2558754346058441,5.510222558009862,4.275752629680555,330,82
fluid_intelligence,3,2,R1,Anisotropy only,SC,0.3775662518919305,4.495974894174796,3.5149331703397255,330,82
fluid_intelligence,3,2,R1,Anisotropy only,FP,0.30539660389351175,4.6129824106286215,3.970173989477462,330,82
fluid_intelligence,3,2,R1,Anisotropy only,fused,0.39485890687913094,4.427948963745986,3.5239302279430658,330,82
fluid_intelligence,3,2,R1,Anisotropy only,equal_weight,0.41516132838921915,4.411927284448551,3.6534168475012323,330,82
fluid_intelligence,3,3,R1,Anisotropy only,FC,0.2881681612304412,5.481422481581321,4.51744040276285,330,82
fluid_intelligence,3,3,R1,Anisotropy only,SC,0.41022797808312844,4.6648316965286565,3.896483337556082,330,82
fluid_intelligence,3,3,R1,Anisotropy only,FP,0.3378939883069472,4.819043134666467,4.109116150249637,330,82
fluid_intelligence,3,3,R1,Anisotropy only,fused,0.4416232674054851,4.588306068250187,3.840444462454302,330,82
fluid_intelligence,3,3,R1,Anisotropy only,equal_weight,0.47097366086189685,4.5891472169037515,3.8561069530426577,330,82
fluid_intelligence,3,4,R1,Anisotropy only,FC,0.18660573668487362,5.777614137882084,4.412319741182722,330,82
fluid_intelligence,3,4,R1,Anisotropy only,SC,0.2377431129698708,4.975161753801156,4.074876033373013,330,82
fluid_intelligence,3,4,R1,Anisotropy only,FP,0.1623210788500603,4.955496691186845,4.1816072461656075,330,82
fluid_intelligence,3,4,R1,Anisotropy only,fused,0.2645265137133499,4.821296411003335,3.9575029031143782,330,82
fluid_intelligence,3,4,R1,Anisotropy only,equal_weight,0.2792703228279546,4.7885164125701705,3.978610325178081,330,82
fluid_intelligence,4,0,R1,Anisotropy only,FC,0.17443445413864123,5.580054882193504,4.565122061673182,329,83
fluid_intelligence,4,0,R1,Anisotropy only,SC,0.3722206445721284,4.509378582798186,3.694621165271517,329,83
fluid_intelligence,4,0,R1,Anisotropy only,FP,0.22811126808549453,4.705159645557665,4.14520150174947,329,83
fluid_intelligence,4,0,R1,Anisotropy only,fused,0.3722206445721284,4.509378582798186,3.694621165271517,329,83
fluid_intelligence,4,0,R1,Anisotropy only,equal_weight,0.39040037151474355,4.476203794191296,3.854575714242651,329,83
fluid_intelligence,4,1,R1,Anisotropy only,FC,0.07121758243704303,5.69770805587449,4.482505418960391,329,83
fluid_intelligence,4,1,R1,Anisotropy only,SC,0.40803312965061417,4.2866070213902345,3.5975806979791605,329,83
fluid_intelligence,4,1,R1,Anisotropy only,FP,0.0760370857392237,5.050170915784691,4.117441792727075,329,83
fluid_intelligence,4,1,R1,Anisotropy only,fused,0.36701442724102007,4.326442430155864,3.628802628291968,329,83
fluid_intelligence,4,1,R1,Anisotropy only,equal_weight,0.30440208807270924,4.449934633449354,3.7123820479921203,329,83
fluid_intelligence,4,2,R1,Anisotropy only,FC,0.2332796606352623,5.446628302145523,4.364826760320286,330,82
fluid_intelligence,4,2,R1,Anisotropy only,SC,0.33412452218017863,4.661500523976256,3.8236309759580744,330,82
fluid_intelligence,4,2,R1,Anisotropy only,FP,0.19698649873855723,4.838193084996647,3.922617606674651,330,82
fluid_intelligence,4,2,R1,Anisotropy only,fused,0.35037589273622927,4.578089102183271,3.7785630053935124,330,82
fluid_intelligence,4,2,R1,Anisotropy only,equal_weight,0.34796413563911754,4.58984367443742,3.782604838344402,330,82
fluid_intelligence,4,3,R1,Anisotropy only,FC,0.34558265008117395,5.211174554540712,4.297112612852753,330,82
fluid_intelligence,4,3,R1,Anisotropy only,SC,0.22881761198847916,5.163108484111947,4.186189801745045,330,82
fluid_intelligence,4,3,R1,Anisotropy only,FP,0.4046796307674279,4.7208928846830425,3.890739577342115,330,82
fluid_intelligence,4,3,R1,Anisotropy only,fused,0.28847047488476774,4.957658488432001,4.059187853548794,330,82
fluid_intelligence,4,3,R1,Anisotropy only,equal_weight,0.4096217589904654,4.656256535997205,3.8985905211077845,330,82
fluid_intelligence,4,4,R1,Anisotropy only,FC,0.2480820769916618,5.2523220362326,4.260348393316554,330,82
fluid_intelligence,4,4,R1,Anisotropy only,SC,0.4112497236055918,4.599002155340099,3.831770092803664,330,82
fluid_intelligence,4,4,R1,Anisotropy only,FP,0.2417795487111656,4.996468425926633,4.177913918020028,330,82
fluid_intelligence,4,4,R1,Anisotropy only,fused,0.4592498157877212,4.475505427610907,3.806423186166748,330,82
fluid_intelligence,4,4,R1,Anisotropy only,equal_weight,0.4469380615329359,4.505693859821805,3.8309029091252915,330,82
fluid_intelligence,5,0,R1,Anisotropy only,FC,0.19960051648221844,5.436341682716191,4.394035285182336,329,83
fluid_intelligence,5,0,R1,Anisotropy only,SC,0.2823481248930599,4.818154102004828,3.8936412359698607,329,83
fluid_intelligence,5,0,R1,Anisotropy only,FP,0.2667953898816965,4.827713378197239,4.035046090707232,329,83
fluid_intelligence,5,0,R1,Anisotropy only,fused,0.3253810699184733,4.640055252466588,3.8486101332421057,329,83
fluid_intelligence,5,0,R1,Anisotropy only,equal_weight,0.3448701437736512,4.580827646789915,3.847640742803585,329,83
fluid_intelligence,5,1,R1,Anisotropy only,FC,0.16710230478967053,5.70106037628588,4.45170762570111,329,83
fluid_intelligence,5,1,R1,Anisotropy only,SC,0.3682717951689065,4.536518943816187,3.659853214886055,329,83
fluid_intelligence,5,1,R1,Anisotropy only,FP,0.18723195612333393,4.99069453437694,4.008722786713164,329,83
fluid_intelligence,5,1,R1,Anisotropy only,fused,0.38043149482485494,4.397100127951576,3.6238549019008124,329,83
fluid_intelligence,5,1,R1,Anisotropy only,equal_weight,0.3527556651292094,4.431759166036751,3.6781576381685452,329,83
fluid_intelligence,5,2,R1,Anisotropy only,FC,0.1357752102974238,6.244330669430995,4.86135670109214,330,82
fluid_intelligence,5,2,R1,Anisotropy only,SC,0.4878274801286274,4.608498347741558,3.860741800075774,330,82
fluid_intelligence,5,2,R1,Anisotropy only,FP,0.09025820934649376,5.355956719922278,4.451297858427696,330,82
fluid_intelligence,5,2,R1,Anisotropy only,fused,0.4396990936594245,4.769106270326791,4.009520653028539,330,82
fluid_intelligence,5,2,R1,Anisotropy only,equal_weight,0.40897349995133325,4.840227005479311,4.080319213780115,330,82
fluid_intelligence,5,3,R1,Anisotropy only,FC,0.17352547163037943,5.559333292259598,4.503344143967143,330,82
fluid_intelligence,5,3,R1,Anisotropy only,SC,0.40678164182697196,4.701482297771524,3.752391018829559,330,82
fluid_intelligence,5,3,R1,Anisotropy only,FP,0.28947952215663464,4.964212581246519,4.074039567505758,330,82
fluid_intelligence,5,3,R1,Anisotropy only,fused,0.44828196133948084,4.613013606488758,3.7285377576268903,330,82
fluid_intelligence,5,3,R1,Anisotropy only,equal_weight,0.44836527881852273,4.629088380956387,3.780964571495459,330,82
fluid_intelligence,5,4,R1,Anisotropy only,FC,0.2086908193972551,5.369794666621593,4.254870616970766,330,82
fluid_intelligence,5,4,R1,Anisotropy only,SC,0.18995691611481494,4.646966432107314,3.887981418399746,330,82
fluid_intelligence,5,4,R1,Anisotropy only,FP,0.2679781079872219,4.57068408285453,3.613065815464133,330,82
fluid_intelligence,5,4,R1,Anisotropy only,fused,0.2568120676861912,4.421592655324537,3.7407094970921833,330,82
fluid_intelligence,5,4,R1,Anisotropy only,equal_weight,0.2833608357967783,4.365860085712406,3.681205269863771,330,82
fluid_intelligence,6,0,R1,Anisotropy only,FC,0.14349137771380602,5.355727655114384,4.28429738541633,329,83
fluid_intelligence,6,0,R1,Anisotropy only,SC,0.2936027646377993,4.429004896606247,3.6786431585641757,329,83
fluid_intelligence,6,0,R1,Anisotropy only,FP,0.19903012965234543,4.450523182664306,3.764282394349704,329,83
fluid_intelligence,6,0,R1,Anisotropy only,fused,0.3151999150195664,4.313195215487629,3.580664378023649,329,83
fluid_intelligence,6,0,R1,Anisotropy only,equal_weight,0.34154962173269887,4.250880654942178,3.58348870069655,329,83
fluid_intelligence,6,1,R1,Anisotropy only,FC,0.3498897841476319,4.894311458424238,3.9615892539713893,329,83
fluid_intelligence,6,1,R1,Anisotropy only,SC,0.429464550833781,4.276290960164437,3.5298620337762086,329,83
fluid_intelligence,6,1,R1,Anisotropy only,FP,0.2919658597168519,4.481865368380776,3.7771902179780015,329,83
fluid_intelligence,6,1,R1,Anisotropy only,fused,0.44499146207595025,4.217631998561368,3.4950236548661477,329,83
fluid_intelligence,6,1,R1,Anisotropy only,equal_weight,0.44333467113000097,4.236376668948529,3.5303347057693855,329,83
fluid_intelligence,6,2,R1,Anisotropy only,FC,0.16530702619341658,5.70909300160776,4.599320785379169,330,82
fluid_intelligence,6,2,R1,Anisotropy only,SC,0.277283451659439,4.75300262712804,3.8694322858191326,330,82
fluid_intelligence,6,2,R1,Anisotropy only,FP,0.17814728384903197,5.049603540023591,4.208000615752871,330,82
fluid_intelligence,6,2,R1,Anisotropy only,fused,0.2901182686859074,4.646702654622809,3.9009174876712147,330,82
fluid_intelligence,6,2,R1,Anisotropy only,equal_weight,0.298143244829178,4.628199118988678,3.880375164370033,330,82
fluid_intelligence,6,3,R1,Anisotropy only,FC,0.10925256371061506,5.321887913035542,4.5763252223854405,330,82
fluid_intelligence,6,3,R1,Anisotropy only,SC,0.4378996700954014,4.249794991362807,3.5318404336906113,330,82
fluid_intelligence,6,3,R1,Anisotropy only,FP,0.1697820936608791,4.8067181355695,4.202288848517737,330,82
fluid_intelligence,6,3,R1,Anisotropy only,fused,0.44388916968269576,4.181478232144447,3.5293804825776522,330,82
fluid_intelligence,6,3,R1,Anisotropy only,equal_weight,0.4056489922101733,4.25389077126877,3.6888313430715485,330,82
fluid_intelligence,6,4,R1,Anisotropy only,FC,0.17081344871675108,6.353566003174308,5.048863038630693,330,82
fluid_intelligence,6,4,R1,Anisotropy only,SC,0.3727092700561349,5.356626224909798,4.369025252660523,330,82
fluid_intelligence,6,4,R1,Anisotropy only,FP,0.20882366947538084,5.755583595834688,4.702140028105173,330,82
fluid_intelligence,6,4,R1,Anisotropy only,fused,0.39488933742233034,5.2861558907054835,4.319914115857551,330,82
fluid_intelligence,6,4,R1,Anisotropy only,equal_weight,0.376009005390147,5.318048099154565,4.361180015099381,330,82
fluid_intelligence,7,0,R1,Anisotropy only,FC,0.06632703445005546,5.721507646292202,4.779224487963923,329,83
fluid_intelligence,7,0,R1,Anisotropy only,SC,0.3309977627226645,4.4486072344170475,3.6772451435644107,329,83
fluid_intelligence,7,0,R1,Anisotropy only,FP,0.1382132095802814,4.952882164512875,4.2054358142209765,329,83
fluid_intelligence,7,0,R1,Anisotropy only,fused,0.3118258558262155,4.446810458184445,3.75545033049996,329,83
fluid_intelligence,7,0,R1,Anisotropy only,equal_weight,0.2894374567244466,4.490939238104135,3.8113064113066737,329,83
fluid_intelligence,7,1,R1,Anisotropy only,FC,0.21389745922490414,6.104601846062406,4.785309482906328,329,83
fluid_intelligence,7,1,R1,Anisotropy only,SC,0.47357519998085207,4.494339526840414,3.6717674369494695,329,83
fluid_intelligence,7,1,R1,Anisotropy only,FP,0.217120788764561,6.0435843867259615,4.730407724223808,329,83
fluid_intelligence,7,1,R1,Anisotropy only,fused,0.4795156930709179,4.4852920587735525,3.6065872187046466,329,83
fluid_intelligence,7,1,R1,Anisotropy only,equal_weight,0.3827330664347084,4.809702463774522,3.8100057205456084,329,83
fluid_intelligence,7,2,R1,Anisotropy only,FC,0.05643573678298651,6.081582353300727,5.065169019553646,330,82
fluid_intelligence,7,2,R1,Anisotropy only,SC,0.3632074158263079,4.629480048304383,3.801986465924683,330,82
fluid_intelligence,7,2,R1,Anisotropy only,FP,0.12813068193403593,5.27451470975397,4.47592839869463,330,82
fluid_intelligence,7,2,R1,Anisotropy only,fused,0.36271530461514473,4.576822760477103,3.8180925569738133,330,82
fluid_intelligence,7,2,R1,Anisotropy only,equal_weight,0.31502070381994673,4.665575972033922,3.9618768708203147,330,82
fluid_intelligence,7,3,R1,Anisotropy only,FC,0.1596497307512112,6.08401252232699,4.927013429414501,330,82
fluid_intelligence,7,3,R1,Anisotropy only,SC,0.3292034499872269,4.960291898137642,4.0595918207114785,330,82
fluid_intelligence,7,3,R1,Anisotropy only,FP,0.21183228025263895,5.052775878752381,4.276842975586177,330,82
fluid_intelligence,7,3,R1,Anisotropy only,fused,0.35468118254665826,4.833162700613825,3.9812707196363233,330,82
fluid_intelligence,7,3,R1,Anisotropy only,equal_weight,0.38073674173809613,4.806120238153811,4.013513220711611,330,82
fluid_intelligence,7,4,R1,Anisotropy only,FC,0.3176885506744538,4.911032393699362,3.8980940050153827,330,82
fluid_intelligence,7,4,R1,Anisotropy only,SC,0.2724900149758027,4.724486853929152,3.9103642458057117,330,82
fluid_intelligence,7,4,R1,Anisotropy only,FP,0.29931369664198226,4.467139173020752,3.7967219261172978,330,82
fluid_intelligence,7,4,R1,Anisotropy only,fused,0.30761072226138986,4.49052195882734,3.7632777354846025,330,82
fluid_intelligence,7,4,R1,Anisotropy only,equal_weight,0.3247655388100983,4.4360592893999,3.7326501190722468,330,82
fluid_intelligence,8,0,R1,Anisotropy only,FC,0.08824836685194165,5.796809271247592,4.635258066213884,329,83
fluid_intelligence,8,0,R1,Anisotropy only,SC,0.3607049194369769,4.627733866407905,3.854414204856866,329,83
fluid_intelligence,8,0,R1,Anisotropy only,FP,0.18002027137424453,5.044779209035933,4.212242136317245,329,83
fluid_intelligence,8,0,R1,Anisotropy only,fused,0.37099964623935194,4.559609337546607,3.8328709528391314,329,83
fluid_intelligence,8,0,R1,Anisotropy only,equal_weight,0.34481145778927647,4.603729980408787,3.9183639865833846,329,83
fluid_intelligence,8,1,R1,Anisotropy only,FC,0.13033147293268968,5.937574985430922,4.657767626470649,329,83
fluid_intelligence,8,1,R1,Anisotropy only,SC,0.4163538092204795,4.687850857145921,3.752291616979723,329,83
fluid_intelligence,8,1,R1,Anisotropy only,FP,0.17006228586913796,5.282526386581401,4.168079663154644,329,83
fluid_intelligence,8,1,R1,Anisotropy only,fused,0.3971008664199946,4.682732572691194,3.7583952059469983,329,83
fluid_intelligence,8,1,R1,Anisotropy only,equal_weight,0.37386039402307036,4.734984784192832,3.7957058377500945,329,83
fluid_intelligence,8,2,R1,Anisotropy only,FC,0.3037013801820559,5.338317525298373,4.191948817242966,330,82
fluid_intelligence,8,2,R1,Anisotropy only,SC,0.4093706606102064,4.511744158555301,3.6295530753937197,330,82
fluid_intelligence,8,2,R1,Anisotropy only,FP,0.19889070109390025,4.768983097937403,3.925972836289569,330,82
fluid_intelligence,8,2,R1,Anisotropy only,fused,0.42320066694501074,4.450081937036113,3.615393383655837,330,82
fluid_intelligence,8,2,R1,Anisotropy only,equal_weight,0.41368517455414383,4.474823015768163,3.675697855382884,330,82
fluid_intelligence,8,3,R1,Anisotropy only,FC,0.06744398883734949,5.548307852001891,4.60754212866281,330,82
fluid_intelligence,8,3,R1,Anisotropy only,SC,0.2236283315795381,4.704915139398051,4.032384817584586,330,82
fluid_intelligence,8,3,R1,Anisotropy only,FP,0.09188233937353829,5.0067420856392815,4.24209857245823,330,82
fluid_intelligence,8,3,R1,Anisotropy only,fused,0.19247820280146202,4.603430282337956,3.950398449626615,330,82
fluid_intelligence,8,3,R1,Anisotropy only,equal_weight,0.2021015772574629,4.584668115091595,3.9274420366200875,330,82
fluid_intelligence,8,4,R1,Anisotropy only,FC,0.26272248059161074,5.491520421626573,4.449553961848994,330,82
fluid_intelligence,8,4,R1,Anisotropy only,SC,0.34718493037388537,4.900316694218685,4.095020065285687,330,82
fluid_intelligence,8,4,R1,Anisotropy only,FP,0.28917911415313635,5.02348123893105,4.2078240798287005,330,82
fluid_intelligence,8,4,R1,Anisotropy only,fused,0.34718493037388537,4.900316694218685,4.095020065285687,330,82
fluid_intelligence,8,4,R1,Anisotropy only,equal_weight,0.4085788611432143,4.743809580536796,4.012351879629356,330,82
fluid_intelligence,9,0,R1,Anisotropy only,FC,0.1727975197556046,5.788960651319551,4.314391462334391,329,83
fluid_intelligence,9,0,R1,Anisotropy only,SC,0.5077461325176806,4.311566563810478,3.586983041059271,329,83
fluid_intelligence,9,0,R1,Anisotropy only,FP,0.12043191664018232,5.020103037808516,4.20243647921802,329,83
fluid_intelligence,9,0,R1,Anisotropy only,fused,0.481009144051101,4.477161584976403,3.775835422989936,329,83
fluid_intelligence,9,0,R1,Anisotropy only,equal_weight,0.46684963447832895,4.51222940575615,3.8083335715277498,329,83
fluid_intelligence,9,1,R1,Anisotropy only,FC,0.10799065143331395,5.87811024064174,5.001415312944098,329,83
fluid_intelligence,9,1,R1,Anisotropy only,SC,0.3278693450051123,4.977367333007963,4.195725252932704,329,83
fluid_intelligence,9,1,R1,Anisotropy only,FP,0.18730046818765117,5.2384689487879905,4.43970382132701,329,83
fluid_intelligence,9,1,R1,Anisotropy only,fused,0.3457546189957904,4.799741536548538,4.087473547737013,329,83
fluid_intelligence,9,1,R1,Anisotropy only,equal_weight,0.3344485184058218,4.813889714783271,4.122061640003949,329,83
fluid_intelligence,9,2,R1,Anisotropy only,FC,0.23592882446124439,5.0711644891528564,4.068215398092697,330,82
fluid_intelligence,9,2,R1,Anisotropy only,SC,0.4819422460877967,4.139748815672635,3.3636577882829855,330,82
fluid_intelligence,9,2,R1,Anisotropy only,FP,0.23944199481592546,4.691445293676122,3.884491183549262,330,82
fluid_intelligence,9,2,R1,Anisotropy only,fused,0.49728733437564554,4.100308563332056,3.3986396922160163,330,82
fluid_intelligence,9,2,R1,Anisotropy only,equal_weight,0.47047240149041475,4.164439734294474,3.478669145889465,330,82
fluid_intelligence,9,3,R1,Anisotropy only,FC,0.34545801727738035,5.104931581754554,4.078489875955536,330,82
fluid_intelligence,9,3,R1,Anisotropy only,SC,0.3992301441245958,4.603192212096321,3.7470858473055357,330,82
fluid_intelligence,9,3,R1,Anisotropy only,FP,0.3960122058955773,4.628121523182503,3.707810447066992,330,82
fluid_intelligence,9,3,R1,Anisotropy only,fused,0.4381173374097814,4.49082820592057,3.6345791022190266,330,82
fluid_intelligence,9,3,R1,Anisotropy only,equal_weight,0.4862619256977154,4.38556146390876,3.5391269974246917,330,82
fluid_intelligence,9,4,R1,Anisotropy only,FC,0.20235893769239183,6.081364239406466,4.694045351399604,330,82
fluid_intelligence,9,4,R1,Anisotropy only,SC,0.2918599955301672,4.741962638428402,3.8207551836462206,330,82
fluid_intelligence,9,4,R1,Anisotropy only,FP,0.19261283112341335,5.296471920218451,4.301208471533739,330,82
fluid_intelligence,9,4,R1,Anisotropy only,fused,0.32664570497343587,4.601012870818001,3.829313738617148,330,82
fluid_intelligence,9,4,R1,Anisotropy only,equal_weight,0.30717459202329234,4.65632420077508,3.890609552891073,330,82
fluid_intelligence,0,0,R2,Network only,FC,0.16924808399796537,5.394924784901462,4.216918468810427,329,83
fluid_intelligence,0,0,R2,Network only,SC,0.5010066323369082,3.8067418891913047,2.923656851419128,329,83
fluid_intelligence,0,0,R2,Network only,FP,0.2498648752458118,4.597403316015356,3.561821000346547,329,83
fluid_intelligence,0,0,R2,Network only,fused,0.5035872805373837,3.778240683229312,2.934963060763741,329,83
fluid_intelligence,0,0,R2,Network only,equal_weight,0.4559774142904338,3.896560947590825,3.0239786217501434,329,83
fluid_intelligence,0,1,R2,Network only,FC,0.25563237432806524,5.500378170122329,4.592864476053432,329,83
fluid_intelligence,0,1,R2,Network only,SC,0.3507333439951801,4.80596463694515,4.06662322648786,329,83
fluid_intelligence,0,1,R2,Network only,FP,0.2662272269568363,4.908968079584736,4.079864173960062,329,83
fluid_intelligence,0,1,R2,Network only,fused,0.38037511481246106,4.713845441493295,3.9920696157679356,329,83
fluid_intelligence,0,1,R2,Network only,equal_weight,0.38037511481246106,4.713845441493295,3.9920696157679356,329,83
fluid_intelligence,0,2,R2,Network only,FC,0.11983971833121343,5.858288949040659,4.73129260703838,330,82
fluid_intelligence,0,2,R2,Network only,SC,0.316199090597919,5.044926439868408,4.322175420304644,330,82
fluid_intelligence,0,2,R2,Network only,FP,0.18901800364847302,5.295684551825398,4.4490806295150165,330,82
fluid_intelligence,0,2,R2,Network only,fused,0.34277478246053783,4.873298513341239,4.2115841876823294,330,82
fluid_intelligence,0,2,R2,Network only,equal_weight,0.33359346599709333,4.878035343859986,4.179932802068829,330,82
fluid_intelligence,0,3,R2,Network only,FC,0.07988085323423023,5.875732309617666,4.8029881617561,330,82
fluid_intelligence,0,3,R2,Network only,SC,0.22724878904629317,4.758280230590928,3.8787430969058256,330,82
fluid_intelligence,0,3,R2,Network only,FP,0.10007665754572295,5.112016109588521,4.352678039576572,330,82
fluid_intelligence,0,3,R2,Network only,fused,0.22230672220681436,4.63960699024333,3.9754848718477325,330,82
fluid_intelligence,0,3,R2,Network only,equal_weight,0.20832884673530572,4.6658803686476515,4.0277884623014035,330,82
fluid_intelligence,0,4,R2,Network only,FC,0.26099474853405646,5.408210912564001,4.197994601808023,330,82
fluid_intelligence,0,4,R2,Network only,SC,0.4148728119735355,4.691808667457059,3.6941525663423462,330,82
fluid_intelligence,0,4,R2,Network only,FP,0.2380214003317434,4.9912817126604425,4.196462762980421,330,82
fluid_intelligence,0,4,R2,Network only,fused,0.4284543941173692,4.643493032922192,3.666736310588357,330,82
fluid_intelligence,0,4,R2,Network only,equal_weight,0.45294832205413144,4.661083254897017,3.8023341146165337,330,82
fluid_intelligence,1,0,R2,Network only,FC,0.22221231320550522,5.199830737450859,4.179168102814128,329,83
fluid_intelligence,1,0,R2,Network only,SC,0.2037408465744035,4.746307193485155,3.7839544985676095,329,83
fluid_intelligence,1,0,R2,Network only,FP,0.26964437031588373,4.525194194271878,3.688780829511373,329,83
fluid_intelligence,1,0,R2,Network only,fused,0.24352605201648095,4.556409946685226,3.633867056943422,329,83
fluid_intelligence,1,0,R2,Network only,equal_weight,0.32904861757316284,4.31758255237129,3.4587125894804327,329,83
fluid_intelligence,1,1,R2,Network only,FC,0.23477224840393562,5.421142732505142,4.316210357797787,329,83
fluid_intelligence,1,1,R2,Network only,SC,0.37236487119377437,4.397208025829504,3.5680015477095304,329,83
fluid_intelligence,1,1,R2,Network only,FP,0.2764939622751186,4.552879427190741,3.9232780559819274,329,83
fluid_intelligence,1,1,R2,Network only,fused,0.3817400390468851,4.33269627749268,3.5321497640581523,329,83
fluid_intelligence,1,1,R2,Network only,equal_weight,0.42716943809759195,4.252136147847694,3.5930835518189537,329,83
fluid_intelligence,1,2,R2,Network only,FC,0.194960592096337,5.878067680315708,4.6754930070693215,330,82
fluid_intelligence,1,2,R2,Network only,SC,0.40817622833307143,4.836274640269176,3.9668407874220777,330,82
fluid_intelligence,1,2,R2,Network only,FP,0.25256675892410424,5.255102541797911,4.494800853667262,330,82
fluid_intelligence,1,2,R2,Network only,fused,0.4354355377492131,4.775079835866021,3.9705845582386363,330,82
fluid_intelligence,1,2,R2,Network only,equal_weight,0.4192579891427196,4.823175596750679,4.097108987839048,330,82
fluid_intelligence,1,3,R2,Network only,FC,0.12022191198621027,6.471716309862908,5.475744822746876,330,82
fluid_intelligence,1,3,R2,Network only,SC,0.39831335310798965,4.7615250458949525,4.010914563020632,330,82
fluid_intelligence,1,3,R2,Network only,FP,0.11263585986503966,5.764763681010523,4.887287615628401,330,82
fluid_intelligence,1,3,R2,Network only,fused,0.33506858069870094,4.9069888057093145,4.261236393513655,330,82
fluid_intelligence,1,3,R2,Network only,equal_weight,0.3162715360982681,4.957092155405841,4.296409869322845,330,82
fluid_intelligence,1,4,R2,Network only,FC,0.06754621539445634,6.107879826385806,5.071223799715169,330,82
fluid_intelligence,1,4,R2,Network only,SC,0.29779368221874525,4.73392912523,3.9337547685292567,330,82
fluid_intelligence,1,4,R2,Network only,FP,0.2771576183784745,4.688158168126929,3.9815237313702916,330,82
fluid_intelligence,1,4,R2,Network only,fused,0.3305163713065079,4.60846138246618,3.8351364763866242,330,82
fluid_intelligence,1,4,R2,Network only,equal_weight,0.35888966828844776,4.557994855758567,3.850924325810088,330,82
fluid_intelligence,2,0,R2,Network only,FC,0.22934999853728955,5.809850749362463,4.793300715994568,329,83
fluid_intelligence,2,0,R2,Network only,SC,0.42615316540358394,4.712510329830478,3.8294632743371517,329,83
fluid_intelligence,2,0,R2,Network only,FP,0.23038226051912572,5.232778731975927,4.3617747028847695,329,83
fluid_intelligence,2,0,R2,Network only,fused,0.44830500098891485,4.646544013296808,3.851955540094108,329,83
fluid_intelligence,2,0,R2,Network only,equal_weight,0.42427850983307835,4.713094512605023,3.9694494451576636,329,83
fluid_intelligence,2,1,R2,Network only,FC,0.16624315293019462,5.6416833245172295,4.7393668531712585,329,83
fluid_intelligence,2,1,R2,Network only,SC,0.2895552009305497,4.677420883283748,3.8851440133330017,329,83
fluid_intelligence,2,1,R2,Network only,FP,0.12554983790190363,5.812956650324428,4.893201257118187,329,83
fluid_intelligence,2,1,R2,Network only,fused,0.2758600838985287,4.677744633879973,4.023078313698203,329,83
fluid_intelligence,2,1,R2,Network only,equal_weight,0.2415266226704157,4.8224556912338885,4.189529384263441,329,83
fluid_intelligence,2,2,R2,Network only,FC,0.14698894727587924,5.665910047826477,4.583522617406028,330,82
fluid_intelligence,2,2,R2,Network only,SC,0.4260113840104183,4.273084258249353,3.5295046545119817,330,82
fluid_intelligence,2,2,R2,Network only,FP,0.20688069110690302,4.945563735906802,3.9146899762007785,330,82
fluid_intelligence,2,2,R2,Network only,fused,0.435131232572118,4.239798736564312,3.471700142796811,330,82
fluid_intelligence,2,2,R2,Network only,equal_weight,0.38744047687206634,4.349099524503125,3.507131997040611,330,82
fluid_intelligence,2,3,R2,Network only,FC,0.33903468319729124,5.124926817078082,4.090750494159126,330,82
fluid_intelligence,2,3,R2,Network only,SC,0.3889444526226519,4.653530486992415,3.704916258820292,330,82
fluid_intelligence,2,3,R2,Network only,FP,0.37984415305994945,4.714046557024128,3.936460646857681,330,82
fluid_intelligence,2,3,R2,Network only,fused,0.43663217450611047,4.566992954565541,3.7169433078623437,330,82
fluid_intelligence,2,3,R2,Network only,equal_weight,0.4666240444431816,4.55921306413665,3.7731535380057326,330,82
fluid_intelligence,2,4,R2,Network only,FC,0.15771186172098392,5.705343700641078,4.6189115559761005,330,82
fluid_intelligence,2,4,R2,Network only,SC,0.36174740271137507,4.647553791222223,3.8744191322590606,330,82
fluid_intelligence,2,4,R2,Network only,FP,0.16872309868112245,4.808161959410215,4.224258221821007,330,82
fluid_intelligence,2,4,R2,Network only,fused,0.3658618054180406,4.570469288843583,3.841447765503463,330,82
fluid_intelligence,2,4,R2,Network only,equal_weight,0.3655790997716318,4.5298073382445,3.8697900918123147,330,82
fluid_intelligence,3,0,R2,Network only,FC,-0.0166189970644728,5.961045584051535,4.905682825556989,329,83
fluid_intelligence,3,0,R2,Network only,SC,0.2483656482136284,4.864380870582836,4.047564509853732,329,83
fluid_intelligence,3,0,R2,Network only,FP,0.05956554641299666,4.9144146146526255,4.261588007971006,329,83
fluid_intelligence,3,0,R2,Network only,fused,0.24864849339514897,4.759737612688746,4.028050695253986,329,83
fluid_intelligence,3,0,R2,Network only,equal_weight,0.23537719566791668,4.709601572228047,4.097786774814749,329,83
fluid_intelligence,3,1,R2,Network only,FC,0.1322937065697279,5.591723337474201,4.353571551688537,329,83
fluid_intelligence,3,1,R2,Network only,SC,0.36410336895898743,4.541984749437563,3.6380604059604025,329,83
fluid_intelligence,3,1,R2,Network only,FP,0.12139512103348811,5.057643825333847,4.056795233590188,329,83
fluid_intelligence,3,1,R2,Network only,fused,0.36719576288138706,4.478277575393994,3.6037203377618376,329,83
fluid_intelligence,3,1,R2,Network only,equal_weight,0.32143953887325144,4.530120935674536,3.679840388103874,329,83
fluid_intelligence,3,2,R2,Network only,FC,0.2558754346058441,5.510222558009862,4.275752629680555,330,82
fluid_intelligence,3,2,R2,Network only,SC,0.3775662518919305,4.495974894174796,3.5149331703397255,330,82
fluid_intelligence,3,2,R2,Network only,FP,0.3048616999401615,4.613702965268329,3.9708834501334,330,82
fluid_intelligence,3,2,R2,Network only,fused,0.3947829024105113,4.428111803543017,3.5240938269746596,330,82
fluid_intelligence,3,2,R2,Network only,equal_weight,0.4149444245471815,4.41232390430132,3.6537837952206487,330,82
fluid_intelligence,3,3,R2,Network only,FC,0.2881681612304412,5.481422481581321,4.51744040276285,330,82
fluid_intelligence,3,3,R2,Network only,SC,0.41022797808312844,4.6648316965286565,3.896483337556082,330,82
fluid_intelligence,3,3,R2,Network only,FP,0.3378026885329004,4.819319032935633,4.109447636377374,330,82
fluid_intelligence,3,3,R2,Network only,fused,0.4349635427331582,4.597561892009838,3.8454337300759565,330,82
fluid_intelligence,3,3,R2,Network only,equal_weight,0.4709271183687477,4.589315271039304,3.8561750593099955,330,82
fluid_intelligence,3,4,R2,Network only,FC,0.18660573668487362,5.777614137882084,4.412319741182722,330,82
fluid_intelligence,3,4,R2,Network only,SC,0.2377431129698708,4.975161753801156,4.074876033373013,330,82
fluid_intelligence,3,4,R2,Network only,FP,0.16181555608290132,4.956043526151937,4.182617190957694,330,82
fluid_intelligence,3,4,R2,Network only,fused,0.25973532909903263,4.838539156754006,3.963261853533302,330,82
fluid_intelligence,3,4,R2,Network only,equal_weight,0.27904673095132404,4.788829943649932,3.978957107656589,330,82
fluid_intelligence,4,0,R2,Network only,FC,0.17443445413864123,5.580054882193504,4.565122061673182,329,83
fluid_intelligence,4,0,R2,Network only,SC,0.3722206445721284,4.509378582798186,3.694621165271517,329,83
fluid_intelligence,4,0,R2,Network only,FP,0.22767703217722185,4.705642215030457,4.14562864928953,329,83
fluid_intelligence,4,0,R2,Network only,fused,0.3722206445721284,4.509378582798186,3.694621165271517,329,83
fluid_intelligence,4,0,R2,Network only,equal_weight,0.39028499746338574,4.476440237366476,3.8547684873098294,329,83
fluid_intelligence,4,1,R2,Network only,FC,0.07121758243704303,5.69770805587449,4.482505418960391,329,83
fluid_intelligence,4,1,R2,Network only,SC,0.40803312965061417,4.2866070213902345,3.5975806979791605,329,83
fluid_intelligence,4,1,R2,Network only,FP,0.09363832617340832,5.001297358976895,4.065828283586939,329,83
fluid_intelligence,4,1,R2,Network only,fused,0.37521704532452016,4.304860971164061,3.604398470729728,329,83
fluid_intelligence,4,1,R2,Network only,equal_weight,0.31781601241524327,4.417010554739014,3.680221183415901,329,83
fluid_intelligence,4,2,R2,Network only,FC,0.2332796606352623,5.446628302145523,4.364826760320286,330,82
fluid_intelligence,4,2,R2,Network only,SC,0.33412452218017863,4.661500523976256,3.8236309759580744,330,82
fluid_intelligence,4,2,R2,Network only,FP,0.19681266279543752,4.8383343836188,3.9229572927177676,330,82
fluid_intelligence,4,2,R2,Network only,fused,0.3497806839532412,4.582435676581324,3.780472868615796,330,82
fluid_intelligence,4,2,R2,Network only,equal_weight,0.3479033903274115,4.589955658764002,3.782854777572992,330,82
fluid_intelligence,4,3,R2,Network only,FC,0.34558265008117395,5.211174554540712,4.297112612852753,330,82
fluid_intelligence,4,3,R2,Network only,SC,0.22881761198847916,5.163108484111947,4.186189801745045,330,82
fluid_intelligence,4,3,R2,Network only,FP,0.4035370873639408,4.721641074088741,3.8946119767947813,330,82
fluid_intelligence,4,3,R2,Network only,fused,0.28807600250685395,4.9582982303520975,4.0613778368410705,330,82
fluid_intelligence,4,3,R2,Network only,equal_weight,0.4088567044224986,4.6577481665638665,3.903356152577895,330,82
fluid_intelligence,4,4,R2,Network only,FC,0.2480820769916618,5.2523220362326,4.260348393316554,330,82
fluid_intelligence,4,4,R2,Network only,SC,0.4112497236055918,4.599002155340099,3.831770092803664,330,82
fluid_intelligence,4,4,R2,Network only,FP,0.24032448923373262,5.000098718842368,4.181301019633754,330,82
fluid_intelligence,4,4,R2,Network only,fused,0.43489801183770815,4.530529962336782,3.850830032505366,330,82
fluid_intelligence,4,4,R2,Network only,equal_weight,0.4469251478554731,4.506161256944197,3.8329647592401086,330,82
fluid_intelligence,5,0,R2,Network only,FC,0.19960051648221844,5.436341682716191,4.394035285182336,329,83
fluid_intelligence,5,0,R2,Network only,SC,0.2823481248930599,4.818154102004828,3.8936412359698607,329,83
fluid_intelligence,5,0,R2,Network only,FP,0.26440177822887967,4.829683380970006,4.040169633277034,329,83
fluid_intelligence,5,0,R2,Network only,fused,0.31698729731160186,4.667823968059283,3.8559467712691613,329,83
fluid_intelligence,5,0,R2,Network only,equal_weight,0.3434693308883574,4.583371658731292,3.851990738099508,329,83
fluid_intelligence,5,1,R2,Network only,FC,0.16710230478967053,5.70106037628588,4.45170762570111,329,83
fluid_intelligence,5,1,R2,Network only,SC,0.3682717951689065,4.536518943816187,3.659853214886055,329,83
fluid_intelligence,5,1,R2,Network only,FP,0.1892029837280789,4.985424156522173,4.003769155875399,329,83
fluid_intelligence,5,1,R2,Network only,fused,0.38093534250353395,4.395751215310932,3.6247984472822745,329,83
fluid_intelligence,5,1,R2,Network only,equal_weight,0.3538950024787507,4.428985429585534,3.6798149682448433,329,83
fluid_intelligence,5,2,R2,Network only,FC,0.1357752102974238,6.244330669430995,4.86135670109214,330,82
fluid_intelligence,5,2,R2,Network only,SC,0.4878274801286274,4.608498347741558,3.860741800075774,330,82
fluid_intelligence,5,2,R2,Network only,FP,0.08851974236607803,5.357598285901995,4.452799657279598,330,82
fluid_intelligence,5,2,R2,Network only,fused,0.4253576581360954,4.804097364511148,4.044600073244492,330,82
fluid_intelligence,5,2,R2,Network only,equal_weight,0.40854658384751985,4.841207903392357,4.080912644891553,330,82
fluid_intelligence,5,3,R2,Network only,FC,0.17352547163037943,5.559333292259598,4.503344143967143,330,82
fluid_intelligence,5,3,R2,Network only,SC,0.40678164182697196,4.701482297771524,3.752391018829559,330,82
fluid_intelligence,5,3,R2,Network only,FP,0.29449078746792745,4.9517091655948215,4.070361609682964,330,82
fluid_intelligence,5,3,R2,Network only,fused,0.44298755937160916,4.619979718239747,3.7216653147562218,330,82
fluid_intelligence,5,3,R2,Network only,equal_weight,0.45193692032138244,4.622745101333625,3.776080777258374,330,82
fluid_intelligence,5,4,R2,Network only,FC,0.2086908193972551,5.369794666621593,4.254870616970766,330,82
fluid_intelligence,5,4,R2,Network only,SC,0.18995691611481494,4.646966432107314,3.887981418399746,330,82
fluid_intelligence,5,4,R2,Network only,FP,0.2708264499146308,4.556509890573017,3.599720212739606,330,82
fluid_intelligence,5,4,R2,Network only,fused,0.27419022875076976,4.379973620961867,3.705458985635594,330,82
fluid_intelligence,5,4,R2,Network only,equal_weight,0.28514646161081136,4.360547063874881,3.6743322725607936,330,82
fluid_intelligence,6,0,R2,Network only,FC,0.14349137771380602,5.355727655114384,4.28429738541633,329,83
fluid_intelligence,6,0,R2,Network only,SC,0.2936027646377993,4.429004896606247,3.6786431585641757,329,83
fluid_intelligence,6,0,R2,Network only,FP,0.19880386514526704,4.450710939035333,3.7645876140373304,329,83
fluid_intelligence,6,0,R2,Network only,fused,0.30404351494381043,4.363990030300314,3.622921000250716,329,83
fluid_intelligence,6,0,R2,Network only,equal_weight,0.34148312833726263,4.250991539299884,3.5836068292027603,329,83
fluid_intelligence,6,1,R2,Network only,FC,0.3498897841476319,4.894311458424238,3.9615892539713893,329,83
fluid_intelligence,6,1,R2,Network only,SC,0.429464550833781,4.276290960164437,3.5298620337762086,329,83
fluid_intelligence,6,1,R2,Network only,FP,0.29154755988684905,4.48244655751189,3.7775620086748174,329,83
fluid_intelligence,6,1,R2,Network only,fused,0.44541907386852136,4.221098144294006,3.503601983898988,329,83
fluid_intelligence,6,1,R2,Network only,equal_weight,0.44326218317197713,4.236578807186318,3.53052486312191,329,83
fluid_intelligence,6,2,R2,Network only,FC,0.16530702619341658,5.70909300160776,4.599320785379169,330,82
fluid_intelligence,6,2,R2,Network only,SC,0.277283451659439,4.75300262712804,3.8694322858191326,330,82
fluid_intelligence,6,2,R2,Network only,FP,0.17805320244939676,5.043503493803814,4.198670152299089,330,82
fluid_intelligence,6,2,R2,Network only,fused,0.2904649937934483,4.644931041687586,3.897404911381437,330,82
fluid_intelligence,6,2,R2,Network only,equal_weight,0.2984325681912419,4.626772103721659,3.8776520909459853,330,82
fluid_intelligence,6,3,R2,Network only,FC,0.10925256371061506,5.321887913035542,4.5763252223854405,330,82
fluid_intelligence,6,3,R2,Network only,SC,0.4378996700954014,4.249794991362807,3.5318404336906113,330,82
fluid_intelligence,6,3,R2,Network only,FP,0.1660162535742842,4.862188712587687,4.216074325276587,330,82
fluid_intelligence,6,3,R2,Network only,fused,0.4434065232940515,4.184181192036447,3.5286192739032987,330,82
fluid_intelligence,6,3,R2,Network only,equal_weight,0.40115000604870654,4.266043338833656,3.6900691040523976,330,82
fluid_intelligence,6,4,R2,Network only,FC,0.17081344871675108,6.353566003174308,5.048863038630693,330,82
fluid_intelligence,6,4,R2,Network only,SC,0.3727092700561349,5.356626224909798,4.369025252660523,330,82
fluid_intelligence,6,4,R2,Network only,FP,0.21002035025754848,5.75045918884447,4.704870046416586,330,82
fluid_intelligence,6,4,R2,Network only,fused,0.39520945671911234,5.285846823870436,4.321878729202747,330,82
fluid_intelligence,6,4,R2,Network only,equal_weight,0.3766174451648084,5.3172660752514815,4.363057835787845,330,82
fluid_intelligence,7,0,R2,Network only,FC,0.06632703445005546,5.721507646292202,4.779224487963923,329,83
fluid_intelligence,7,0,R2,Network only,SC,0.3309977627226645,4.4486072344170475,3.6772451435644107,329,83
fluid_intelligence,7,0,R2,Network only,FP,0.13938673521586328,4.949183803153899,4.203427013286173,329,83
fluid_intelligence,7,0,R2,Network only,fused,0.32685554373704717,4.420174838217344,3.717640265120896,329,83
fluid_intelligence,7,0,R2,Network only,equal_weight,0.2899136873780374,4.490207104565455,3.8110150411874177,329,83
fluid_intelligence,7,1,R2,Network only,FC,0.21389745922490414,6.104601846062406,4.785309482906328,329,83
fluid_intelligence,7,1,R2,Network only,SC,0.47357519998085207,4.494339526840414,3.6717674369494695,329,83
fluid_intelligence,7,1,R2,Network only,FP,0.1993432021577395,6.19441400067064,4.884066880047546,329,83
fluid_intelligence,7,1,R2,Network only,fused,0.4769905880550813,4.489335338018695,3.6097400443810557,329,83
fluid_intelligence,7,1,R2,Network only,equal_weight,0.36883515297186686,4.85139500217758,3.844566997230839,329,83
fluid_intelligence,7,2,R2,Network only,FC,0.05643573678298651,6.081582353300727,5.065169019553646,330,82
fluid_intelligence,7,2,R2,Network only,SC,0.3632074158263079,4.629480048304383,3.801986465924683,330,82
fluid_intelligence,7,2,R2,Network only,FP,0.13320826464498148,5.25977798204091,4.463133816805353,330,82
fluid_intelligence,7,2,R2,Network only,fused,0.36864664960392796,4.568720384828823,3.804754643216255,330,82
fluid_intelligence,7,2,R2,Network only,equal_weight,0.3175470451294318,4.66109170877061,3.953928556059451,330,82
fluid_intelligence,7,3,R2,Network only,FC,0.1596497307512112,6.08401252232699,4.927013429414501,330,82
fluid_intelligence,7,3,R2,Network only,SC,0.3292034499872269,4.960291898137642,4.0595918207114785,330,82
fluid_intelligence,7,3,R2,Network only,FP,0.21166009851589343,5.05302098327482,4.277088463310546,330,82
fluid_intelligence,7,3,R2,Network only,fused,0.35464279355196426,4.833254125948452,3.9813757267101995,330,82
fluid_intelligence,7,3,R2,Network only,equal_weight,0.38069007102460306,4.806285771105856,4.01373884667147,330,82
fluid_intelligence,7,4,R2,Network only,FC,0.3176885506744538,4.911032393699362,3.8980940050153827,330,82
fluid_intelligence,7,4,R2,Network only,SC,0.2724900149758027,4.724486853929152,3.9103642458057117,330,82
fluid_intelligence,7,4,R2,Network only,FP,0.2987046311498595,4.467923952023829,3.7972569328103614,330,82
fluid_intelligence,7,4,R2,Network only,fused,0.30747703428248213,4.490773886809747,3.763497713897403,330,82
fluid_intelligence,7,4,R2,Network only,equal_weight,0.32455585188927333,4.436430718387727,3.7329643739476754,330,82
fluid_intelligence,8,0,R2,Network only,FC,0.08824836685194165,5.796809271247592,4.635258066213884,329,83
fluid_intelligence,8,0,R2,Network only,SC,0.3607049194369769,4.627733866407905,3.854414204856866,329,83
fluid_intelligence,8,0,R2,Network only,FP,0.18416721137925415,5.032816764822064,4.198102696785924,329,83
fluid_intelligence,8,0,R2,Network only,fused,0.37157048866198755,4.553712022693641,3.8318145255278337,329,83
fluid_intelligence,8,0,R2,Network only,equal_weight,0.34651528604862547,4.600214267806354,3.909734590466398,329,83
fluid_intelligence,8,1,R2,Network only,FC,0.13033147293268968,5.937574985430922,4.657767626470649,329,83
fluid_intelligence,8,1,R2,Network only,SC,0.4163538092204795,4.687850857145921,3.752291616979723,329,83
fluid_intelligence,8,1,R2,Network only,FP,0.13907747641687507,5.335123138491603,4.214918954402375,329,83
fluid_intelligence,8,1,R2,Network only,fused,0.39728570937505203,4.682805742377246,3.7502906774071514,329,83
fluid_intelligence,8,1,R2,Network only,equal_weight,0.3611536839247843,4.761571423381655,3.814403486462,329,83
fluid_intelligence,8,2,R2,Network only,FC,0.3037013801820559,5.338317525298373,4.191948817242966,330,82
fluid_intelligence,8,2,R2,Network only,SC,0.4093706606102064,4.511744158555301,3.6295530753937197,330,82
fluid_intelligence,8,2,R2,Network only,FP,0.1986482343369963,4.769130074566632,3.926429173451968,330,82
fluid_intelligence,8,2,R2,Network only,fused,0.4231416424922154,4.450213136155783,3.615546806622559,330,82
fluid_intelligence,8,2,R2,Network only,equal_weight,0.4136259131460993,4.474984466628756,3.6759170310496283,330,82
fluid_intelligence,8,3,R2,Network only,FC,0.06744398883734949,5.548307852001891,4.60754212866281,330,82
fluid_intelligence,8,3,R2,Network only,SC,0.2236283315795381,4.704915139398051,4.032384817584586,330,82
fluid_intelligence,8,3,R2,Network only,FP,0.09474986112792516,5.001709227150534,4.240585837140005,330,82
fluid_intelligence,8,3,R2,Network only,fused,0.19454994114324464,4.6005076496955715,3.9492485573381635,330,82
fluid_intelligence,8,3,R2,Network only,equal_weight,0.20399981173091736,4.582009240188016,3.9270129371168374,330,82
fluid_intelligence,8,4,R2,Network only,FC,0.26272248059161074,5.491520421626573,4.449553961848994,330,82
fluid_intelligence,8,4,R2,Network only,SC,0.34718493037388537,4.900316694218685,4.095020065285687,330,82
fluid_intelligence,8,4,R2,Network only,FP,0.2856718064997881,5.029642745830556,4.220388117784556,330,82
fluid_intelligence,8,4,R2,Network only,fused,0.34718493037388537,4.900316694218685,4.095020065285687,330,82
fluid_intelligence,8,4,R2,Network only,equal_weight,0.4072426754688231,4.746509668962453,4.014682344599208,330,82
fluid_intelligence,9,0,R2,Network only,FC,0.1727975197556046,5.788960651319551,4.314391462334391,329,83
fluid_intelligence,9,0,R2,Network only,SC,0.5077461325176806,4.311566563810478,3.586983041059271,329,83
fluid_intelligence,9,0,R2,Network only,FP,0.11999991082831427,5.020557174960446,4.2030021736938386,329,83
fluid_intelligence,9,0,R2,Network only,fused,0.5043142155107314,4.391445139246974,3.678526582586292,329,83
fluid_intelligence,9,0,R2,Network only,equal_weight,0.4667387625542468,4.512472132494653,3.808642913544083,329,83
fluid_intelligence,9,1,R2,Network only,FC,0.10799065143331395,5.87811024064174,5.001415312944098,329,83
fluid_intelligence,9,1,R2,Network only,SC,0.3278693450051123,4.977367333007963,4.195725252932704,329,83
fluid_intelligence,9,1,R2,Network only,FP,0.19238506851662868,5.216145998989504,4.417257066896586,329,83
fluid_intelligence,9,1,R2,Network only,fused,0.3476370155956296,4.80144157950408,4.0783652347014705,329,83
fluid_intelligence,9,1,R2,Network only,equal_weight,0.33773228456964594,4.803526825896358,4.108287547741087,329,83
fluid_intelligence,9,2,R2,Network only,FC,0.23592882446124439,5.0711644891528564,4.068215398092697,330,82
fluid_intelligence,9,2,R2,Network only,SC,0.4819422460877967,4.139748815672635,3.3636577882829855,330,82
fluid_intelligence,9,2,R2,Network only,FP,0.23237222642597133,4.705161775029974,3.8984680059205954,330,82
fluid_intelligence,9,2,R2,Network only,fused,0.4928872743849574,4.110000122360018,3.404889868198807,330,82
fluid_intelligence,9,2,R2,Network only,equal_weight,0.4646000181566982,4.176705682406617,3.491644004749383,330,82
fluid_intelligence,9,3,R2,Network only,FC,0.34545801727738035,5.104931581754554,4.078489875955536,330,82
fluid_intelligence,9,3,R2,Network only,SC,0.3992301441245958,4.603192212096321,3.7470858473055357,330,82
fluid_intelligence,9,3,R2,Network only,FP,0.39350303562019495,4.63169876237431,3.718693123017754,330,82
fluid_intelligence,9,3,R2,Network only,fused,0.4123741398733437,4.561839026728424,3.707645578740025,330,82
fluid_intelligence,9,3,R2,Network only,equal_weight,0.48531278283433965,4.388276940919147,3.544941884589096,330,82
fluid_intelligence,9,4,R2,Network only,FC,0.20235893769239183,6.081364239406466,4.694045351399604,330,82
fluid_intelligence,9,4,R2,Network only,SC,0.2918599955301672,4.741962638428402,3.8207551836462206,330,82
fluid_intelligence,9,4,R2,Network only,FP,0.16035278708248074,5.400105069974521,4.408298544929196,330,82
fluid_intelligence,9,4,R2,Network only,fused,0.30971721289769294,4.637238413896347,3.8575964164810186,330,82
fluid_intelligence,9,4,R2,Network only,equal_weight,0.2835612074229709,4.709248367885958,3.9247392328843436,330,82
fluid_intelligence,0,0,R3,Full PALF,FC,0.16924808399796537,5.394924784901462,4.216918468810427,329,83
fluid_intelligence,0,0,R3,Full PALF,SC,0.5010066323369082,3.8067418891913047,2.923656851419128,329,83
fluid_intelligence,0,0,R3,Full PALF,FP,0.2498648752458115,4.59740331601536,3.5618210003465496,329,83
fluid_intelligence,0,0,R3,Full PALF,fused,0.5035872805373836,3.778240683229312,2.934963060763742,329,83
fluid_intelligence,0,0,R3,Full PALF,equal_weight,0.4559774142904336,3.8965609475908254,3.0239786217501448,329,83
fluid_intelligence,0,1,R3,Full PALF,FC,0.25563237432806524,5.500378170122329,4.592864476053432,329,83
fluid_intelligence,0,1,R3,Full PALF,SC,0.3507333439951801,4.80596463694515,4.06662322648786,329,83
fluid_intelligence,0,1,R3,Full PALF,FP,0.26622722695683654,4.908968079584736,4.079864173960061,329,83
fluid_intelligence,0,1,R3,Full PALF,fused,0.3803751148124611,4.713845441493294,3.9920696157679343,329,83
fluid_intelligence,0,1,R3,Full PALF,equal_weight,0.3803751148124611,4.713845441493294,3.9920696157679343,329,83
fluid_intelligence,0,2,R3,Full PALF,FC,0.11983971833121343,5.858288949040659,4.73129260703838,330,82
fluid_intelligence,0,2,R3,Full PALF,SC,0.316199090597919,5.044926439868408,4.322175420304644,330,82
fluid_intelligence,0,2,R3,Full PALF,FP,0.18901800364847493,5.295684551825395,4.449080629515014,330,82
fluid_intelligence,0,2,R3,Full PALF,fused,0.3427747824605382,4.873298513341239,4.21158418768233,330,82
fluid_intelligence,0,2,R3,Full PALF,equal_weight,0.3335934659970943,4.8780353438599855,4.179932802068829,330,82
fluid_intelligence,0,3,R3,Full PALF,FC,0.07988085323423023,5.875732309617666,4.8029881617561,330,82
fluid_intelligence,0,3,R3,Full PALF,SC,0.22724878904629317,4.758280230590928,3.8787430969058256,330,82
fluid_intelligence,0,3,R3,Full PALF,FP,0.10007665754571855,5.112016109588531,4.352678039576576,330,82
fluid_intelligence,0,3,R3,Full PALF,fused,0.2223067222068122,4.639606990243334,3.9754848718477347,330,82
fluid_intelligence,0,3,R3,Full PALF,equal_weight,0.20832884673530294,4.665880368647657,4.027788462301404,330,82
fluid_intelligence,0,4,R3,Full PALF,FC,0.26099474853405646,5.408210912564001,4.197994601808023,330,82
fluid_intelligence,0,4,R3,Full PALF,SC,0.4148728119735355,4.691808667457059,3.6941525663423462,330,82
fluid_intelligence,0,4,R3,Full PALF,FP,0.23802140033174263,4.991281712660443,4.196462762980421,330,82
fluid_intelligence,0,4,R3,Full PALF,fused,0.4284543941173692,4.643493032922192,3.666736310588357,330,82
fluid_intelligence,0,4,R3,Full PALF,equal_weight,0.4529483220541309,4.661083254897018,3.8023341146165346,330,82
fluid_intelligence,1,0,R3,Full PALF,FC,0.22221231320550522,5.199830737450859,4.179168102814128,329,83
fluid_intelligence,1,0,R3,Full PALF,SC,0.2037408465744035,4.746307193485155,3.7839544985676095,329,83
fluid_intelligence,1,0,R3,Full PALF,FP,0.2696443703158826,4.52519419427188,3.68878082951137,329,83
fluid_intelligence,1,0,R3,Full PALF,fused,0.2435260520164807,4.556409946685227,3.6338670569434224,329,83
fluid_intelligence,1,0,R3,Full PALF,equal_weight,0.3290486175731624,4.317582552371291,3.4587125894804327,329,83
fluid_intelligence,1,1,R3,Full PALF,FC,0.23477224840393562,5.421142732505142,4.316210357797787,329,83
fluid_intelligence,1,1,R3,Full PALF,SC,0.37236487119377437,4.397208025829504,3.5680015477095304,329,83
fluid_intelligence,1,1,R3,Full PALF,FP,0.2764939622751191,4.552879427190741,3.923278055981926,329,83
fluid_intelligence,1,1,R3,Full PALF,fused,0.38174003904688514,4.33269627749268,3.5321497640581523,329,83
fluid_intelligence,1,1,R3,Full PALF,equal_weight,0.4271694380975924,4.252136147847693,3.5930835518189537,329,83
fluid_intelligence,1,2,R3,Full PALF,FC,0.194960592096337,5.878067680315708,4.6754930070693215,330,82
fluid_intelligence,1,2,R3,Full PALF,SC,0.40817622833307143,4.836274640269176,3.9668407874220777,330,82
fluid_intelligence,1,2,R3,Full PALF,FP,0.252566758924114,5.255102541797882,4.4948008536672335,330,82
fluid_intelligence,1,2,R3,Full PALF,fused,0.43543553774921506,4.775079835866016,3.9705845582386328,330,82
fluid_intelligence,1,2,R3,Full PALF,equal_weight,0.41925798914272594,4.823175596750666,4.097108987839035,330,82
fluid_intelligence,1,3,R3,Full PALF,FC,0.12022191198621027,6.471716309862908,5.475744822746876,330,82
fluid_intelligence,1,3,R3,Full PALF,SC,0.39831335310798965,4.7615250458949525,4.010914563020632,330,82
fluid_intelligence,1,3,R3,Full PALF,FP,0.11263585986504049,5.764763681010522,4.887287615628403,330,82
fluid_intelligence,1,3,R3,Full PALF,fused,0.335068580698701,4.906988805709316,4.2612363935136575,330,82
fluid_intelligence,1,3,R3,Full PALF,equal_weight,0.3162715360982683,4.957092155405841,4.296409869322848,330,82
fluid_intelligence,1,4,R3,Full PALF,FC,0.06754621539445634,6.107879826385806,5.071223799715169,330,82
fluid_intelligence,1,4,R3,Full PALF,SC,0.29779368221874525,4.73392912523,3.9337547685292567,330,82
fluid_intelligence,1,4,R3,Full PALF,FP,0.2771576183784764,4.688158168126925,3.981523731370287,330,82
fluid_intelligence,1,4,R3,Full PALF,fused,0.3305163713065081,4.60846138246618,3.8351364763866242,330,82
fluid_intelligence,1,4,R3,Full PALF,equal_weight,0.35888966828844854,4.557994855758566,3.850924325810086,330,82
fluid_intelligence,2,0,R3,Full PALF,FC,0.22934999853728955,5.809850749362463,4.793300715994568,329,83
fluid_intelligence,2,0,R3,Full PALF,SC,0.42615316540358394,4.712510329830478,3.8294632743371517,329,83
fluid_intelligence,2,0,R3,Full PALF,FP,0.23038226051912297,5.232778731975933,4.361774702884773,329,83
fluid_intelligence,2,0,R3,Full PALF,fused,0.44830500098891424,4.6465440132968086,3.8519555400941092,329,83
fluid_intelligence,2,0,R3,Full PALF,equal_weight,0.4242785098330769,4.713094512605027,3.969449445157668,329,83
fluid_intelligence,2,1,R3,Full PALF,FC,0.16624315293019462,5.6416833245172295,4.7393668531712585,329,83
fluid_intelligence,2,1,R3,Full PALF,SC,0.2895552009305497,4.677420883283748,3.8851440133330017,329,83
fluid_intelligence,2,1,R3,Full PALF,FP,0.12554983790190238,5.812956650324431,4.8932012571182,329,83
fluid_intelligence,2,1,R3,Full PALF,fused,0.27586008389852723,4.677744633879978,4.02307831369821,329,83
fluid_intelligence,2,1,R3,Full PALF,equal_weight,0.24152662267041403,4.822455691233895,4.189529384263445,329,83
fluid_intelligence,2,2,R3,Full PALF,FC,0.14698894727587924,5.665910047826477,4.583522617406028,330,82
fluid_intelligence,2,2,R3,Full PALF,SC,0.4260113840104183,4.273084258249353,3.5295046545119817,330,82
fluid_intelligence,2,2,R3,Full PALF,FP,0.20688069110690244,4.945563735906801,3.914689976200785,330,82
fluid_intelligence,2,2,R3,Full PALF,fused,0.43513123257211805,4.239798736564312,3.471700142796811,330,82
fluid_intelligence,2,2,R3,Full PALF,equal_weight,0.3874404768720661,4.349099524503125,3.50713199704061,330,82
fluid_intelligence,2,3,R3,Full PALF,FC,0.33903468319729124,5.124926817078082,4.090750494159126,330,82
fluid_intelligence,2,3,R3,Full PALF,SC,0.3889444526226519,4.653530486992415,3.704916258820292,330,82
fluid_intelligence,2,3,R3,Full PALF,FP,0.37984415305995023,4.714046557024127,3.93646064685768,330,82
fluid_intelligence,2,3,R3,Full PALF,fused,0.43663217450611086,4.56699295456554,3.7169433078623437,330,82
fluid_intelligence,2,3,R3,Full PALF,equal_weight,0.46662404444318206,4.5592130641366495,3.7731535380057326,330,82
fluid_intelligence,2,4,R3,Full PALF,FC,0.15771186172098392,5.705343700641078,4.6189115559761005,330,82
fluid_intelligence,2,4,R3,Full PALF,SC,0.36174740271137507,4.647553791222223,3.8744191322590606,330,82
fluid_intelligence,2,4,R3,Full PALF,FP,0.16872309868112256,4.8081619594102145,4.224258221821008,330,82
fluid_intelligence,2,4,R3,Full PALF,fused,0.3658618054180406,4.570469288843583,3.841447765503463,330,82
fluid_intelligence,2,4,R3,Full PALF,equal_weight,0.36557909977163183,4.529807338244499,3.8697900918123147,330,82
fluid_intelligence,3,0,R3,Full PALF,FC,-0.0166189970644728,5.961045584051535,4.905682825556989,329,83
fluid_intelligence,3,0,R3,Full PALF,SC,0.2483656482136284,4.864380870582836,4.047564509853732,329,83
fluid_intelligence,3,0,R3,Full PALF,FP,0.05956554641299743,4.914414614652624,4.261588007971004,329,83
fluid_intelligence,3,0,R3,Full PALF,fused,0.24864849339514905,4.759737612688746,4.028050695253986,329,83
fluid_intelligence,3,0,R3,Full PALF,equal_weight,0.23537719566791704,4.709601572228047,4.0977867748147485,329,83
fluid_intelligence,3,1,R3,Full PALF,FC,0.1322937065697279,5.591723337474201,4.353571551688537,329,83
fluid_intelligence,3,1,R3,Full PALF,SC,0.36410336895898743,4.541984749437563,3.6380604059604025,329,83
fluid_intelligence,3,1,R3,Full PALF,FP,0.12139512103348163,5.05764382533386,4.056795233590201,329,83
fluid_intelligence,3,1,R3,Full PALF,fused,0.3671957628813864,4.478277575393996,3.6037203377618385,329,83
fluid_intelligence,3,1,R3,Full PALF,equal_weight,0.3214395388732482,4.530120935674542,3.6798403881038784,329,83
fluid_intelligence,3,2,R3,Full PALF,FC,0.2558754346058441,5.510222558009862,4.275752629680555,330,82
fluid_intelligence,3,2,R3,Full PALF,SC,0.3775662518919305,4.495974894174796,3.5149331703397255,330,82
fluid_intelligence,3,2,R3,Full PALF,FP,0.3048616999401623,4.613702965268328,3.970883450133399,330,82
fluid_intelligence,3,2,R3,Full PALF,fused,0.3947829024105111,4.428111803543018,3.5240938269746582,330,82
fluid_intelligence,3,2,R3,Full PALF,equal_weight,0.41494442454718183,4.41232390430132,3.6537837952206473,330,82
fluid_intelligence,3,3,R3,Full PALF,FC,0.2881681612304412,5.481422481581321,4.51744040276285,330,82
fluid_intelligence,3,3,R3,Full PALF,SC,0.41022797808312844,4.6648316965286565,3.896483337556082,330,82
fluid_intelligence,3,3,R3,Full PALF,FP,0.3378026885329004,4.819319032935634,4.109447636377374,330,82
fluid_intelligence,3,3,R3,Full PALF,fused,0.434963542733158,4.597561892009838,3.8454337300759565,330,82
fluid_intelligence,3,3,R3,Full PALF,equal_weight,0.47092711836874757,4.589315271039303,3.8561750593099946,330,82
fluid_intelligence,3,4,R3,Full PALF,FC,0.18660573668487362,5.777614137882084,4.412319741182722,330,82
fluid_intelligence,3,4,R3,Full PALF,SC,0.2377431129698708,4.975161753801156,4.074876033373013,330,82
fluid_intelligence,3,4,R3,Full PALF,FP,0.16181555608290119,4.956043526151937,4.182617190957694,330,82
fluid_intelligence,3,4,R3,Full PALF,fused,0.2597353290990325,4.838539156754006,3.963261853533301,330,82
fluid_intelligence,3,4,R3,Full PALF,equal_weight,0.2790467309513237,4.788829943649933,3.978957107656589,330,82
fluid_intelligence,4,0,R3,Full PALF,FC,0.17443445413864123,5.580054882193504,4.565122061673182,329,83
fluid_intelligence,4,0,R3,Full PALF,SC,0.3722206445721284,4.509378582798186,3.694621165271517,329,83
fluid_intelligence,4,0,R3,Full PALF,FP,0.2276770321772216,4.705642215030457,4.145628649289529,329,83
fluid_intelligence,4,0,R3,Full PALF,fused,0.3722206445721284,4.509378582798186,3.694621165271517,329,83
fluid_intelligence,4,0,R3,Full PALF,equal_weight,0.39028499746338563,4.476440237366476,3.8547684873098294,329,83
fluid_intelligence,4,1,R3,Full PALF,FC,0.07121758243704303,5.69770805587449,4.482505418960391,329,83
fluid_intelligence,4,1,R3,Full PALF,SC,0.40803312965061417,4.2866070213902345,3.5975806979791605,329,83
fluid_intelligence,4,1,R3,Full PALF,FP,0.09363832617341024,5.00129735897689,4.06582828358693,329,83
fluid_intelligence,4,1,R3,Full PALF,fused,0.37521704532452105,4.304860971164059,3.604398470729724,329,83
fluid_intelligence,4,1,R3,Full PALF,equal_weight,0.31781601241524465,4.417010554739011,3.6802211834158967,329,83
fluid_intelligence,4,2,R3,Full PALF,FC,0.2332796606352623,5.446628302145523,4.364826760320286,330,82
fluid_intelligence,4,2,R3,Full PALF,SC,0.33412452218017863,4.661500523976256,3.8236309759580744,330,82
fluid_intelligence,4,2,R3,Full PALF,FP,0.1968126627954379,4.8383343836187995,3.9229572927177676,330,82
fluid_intelligence,4,2,R3,Full PALF,fused,0.34978068395324113,4.582435676581324,3.780472868615796,330,82
fluid_intelligence,4,2,R3,Full PALF,equal_weight,0.3479033903274117,4.589955658764002,3.782854777572992,330,82
fluid_intelligence,4,3,R3,Full PALF,FC,0.34558265008117395,5.211174554540712,4.297112612852753,330,82
fluid_intelligence,4,3,R3,Full PALF,SC,0.22881761198847916,5.163108484111947,4.186189801745045,330,82
fluid_intelligence,4,3,R3,Full PALF,FP,0.4035370873639398,4.721641074088744,3.894611976794784,330,82
fluid_intelligence,4,3,R3,Full PALF,fused,0.28807600250685395,4.9582982303520975,4.0613778368410705,330,82
fluid_intelligence,4,3,R3,Full PALF,equal_weight,0.4088567044224985,4.6577481665638665,3.9033561525778953,330,82
fluid_intelligence,4,4,R3,Full PALF,FC,0.2480820769916618,5.2523220362326,4.260348393316554,330,82
fluid_intelligence,4,4,R3,Full PALF,SC,0.4112497236055918,4.599002155340099,3.831770092803664,330,82
fluid_intelligence,4,4,R3,Full PALF,FP,0.2403244892337327,5.0000987188423665,4.181301019633754,330,82
fluid_intelligence,4,4,R3,Full PALF,fused,0.4348980118377082,4.530529962336782,3.8508300325053684,330,82
fluid_intelligence,4,4,R3,Full PALF,equal_weight,0.4469251478554729,4.506161256944198,3.83296475924011,330,82
fluid_intelligence,5,0,R3,Full PALF,FC,0.19960051648221844,5.436341682716191,4.394035285182336,329,83
fluid_intelligence,5,0,R3,Full PALF,SC,0.2823481248930599,4.818154102004828,3.8936412359698607,329,83
fluid_intelligence,5,0,R3,Full PALF,FP,0.264401778228878,4.829683380970014,4.040169633277043,329,83
fluid_intelligence,5,0,R3,Full PALF,fused,0.3169872973116017,4.667823968059283,3.855946771269161,329,83
fluid_intelligence,5,0,R3,Full PALF,equal_weight,0.3434693308883565,4.583371658731294,3.851990738099509,329,83
fluid_intelligence,5,1,R3,Full PALF,FC,0.16710230478967053,5.70106037628588,4.45170762570111,329,83
fluid_intelligence,5,1,R3,Full PALF,SC,0.3682717951689065,4.536518943816187,3.659853214886055,329,83
fluid_intelligence,5,1,R3,Full PALF,FP,0.18920298372808075,4.98542415652217,4.0037691558753945,329,83
fluid_intelligence,5,1,R3,Full PALF,fused,0.3809353425035342,4.395751215310932,3.624798447282275,329,83
fluid_intelligence,5,1,R3,Full PALF,equal_weight,0.3538950024787514,4.428985429585533,3.6798149682448424,329,83
fluid_intelligence,5,2,R3,Full PALF,FC,0.1357752102974238,6.244330669430995,4.86135670109214,330,82
fluid_intelligence,5,2,R3,Full PALF,SC,0.4878274801286274,4.608498347741558,3.860741800075774,330,82
fluid_intelligence,5,2,R3,Full PALF,FP,0.08851974236607792,5.357598285901994,4.452799657279598,330,82
fluid_intelligence,5,2,R3,Full PALF,fused,0.4253576581360954,4.804097364511147,4.044600073244492,330,82
fluid_intelligence,5,2,R3,Full PALF,equal_weight,0.4085465838475199,4.841207903392357,4.080912644891553,330,82
fluid_intelligence,5,3,R3,Full PALF,FC,0.17352547163037943,5.559333292259598,4.503344143967143,330,82
fluid_intelligence,5,3,R3,Full PALF,SC,0.40678164182697196,4.701482297771524,3.752391018829559,330,82
fluid_intelligence,5,3,R3,Full PALF,FP,0.2944907874679295,4.951709165594819,4.070361609682966,330,82
fluid_intelligence,5,3,R3,Full PALF,fused,0.4429875593716094,4.619979718239747,3.7216653147562213,330,82
fluid_intelligence,5,3,R3,Full PALF,equal_weight,0.45193692032138266,4.622745101333623,3.776080777258374,330,82
fluid_intelligence,5,4,R3,Full PALF,FC,0.2086908193972551,5.369794666621593,4.254870616970766,330,82
fluid_intelligence,5,4,R3,Full PALF,SC,0.18995691611481494,4.646966432107314,3.887981418399746,330,82
fluid_intelligence,5,4,R3,Full PALF,FP,0.2708264499146316,4.556509890573011,3.5997202127396024,330,82
fluid_intelligence,5,4,R3,Full PALF,fused,0.2741902287507701,4.379973620961866,3.7054589856355946,330,82
fluid_intelligence,5,4,R3,Full PALF,equal_weight,0.28514646161081186,4.360547063874879,3.6743322725607936,330,82
fluid_intelligence,6,0,R3,Full PALF,FC,0.14349137771380602,5.355727655114384,4.28429738541633,329,83
fluid_intelligence,6,0,R3,Full PALF,SC,0.2936027646377993,4.429004896606247,3.6786431585641757,329,83
fluid_intelligence,6,0,R3,Full PALF,FP,0.198803865145266,4.450710939035334,3.7645876140373313,329,83
fluid_intelligence,6,0,R3,Full PALF,fused,0.3040435149438103,4.363990030300314,3.622921000250716,329,83
fluid_intelligence,6,0,R3,Full PALF,equal_weight,0.34148312833726235,4.250991539299885,3.5836068292027603,329,83
fluid_intelligence,6,1,R3,Full PALF,FC,0.3498897841476319,4.894311458424238,3.9615892539713893,329,83
fluid_intelligence,6,1,R3,Full PALF,SC,0.429464550833781,4.276290960164437,3.5298620337762086,329,83
fluid_intelligence,6,1,R3,Full PALF,FP,0.29154755988685005,4.4824465575118895,3.7775620086748165,329,83
fluid_intelligence,6,1,R3,Full PALF,fused,0.44541907386852164,4.221098144294006,3.503601983898988,329,83
fluid_intelligence,6,1,R3,Full PALF,equal_weight,0.4432621831719776,4.2365788071863175,3.530524863121909,329,83
fluid_intelligence,6,2,R3,Full PALF,FC,0.16530702619341658,5.70909300160776,4.599320785379169,330,82
fluid_intelligence,6,2,R3,Full PALF,SC,0.277283451659439,4.75300262712804,3.8694322858191326,330,82
fluid_intelligence,6,2,R3,Full PALF,FP,0.1780532024493972,5.04350349380382,4.198670152299096,330,82
fluid_intelligence,6,2,R3,Full PALF,fused,0.2904649937934487,4.644931041687586,3.897404911381439,330,82
fluid_intelligence,6,2,R3,Full PALF,equal_weight,0.2984325681912424,4.626772103721659,3.8776520909459884,330,82
fluid_intelligence,6,3,R3,Full PALF,FC,0.10925256371061506,5.321887913035542,4.5763252223854405,330,82
fluid_intelligence,6,3,R3,Full PALF,SC,0.4378996700954014,4.249794991362807,3.5318404336906113,330,82
fluid_intelligence,6,3,R3,Full PALF,FP,0.1660162535742777,4.862188712587704,4.216074325276602,330,82
fluid_intelligence,6,3,R3,Full PALF,fused,0.44340652329404995,4.184181192036451,3.528619273903304,330,82
fluid_intelligence,6,3,R3,Full PALF,equal_weight,0.401150006048703,4.266043338833664,3.690069104052406,330,82
fluid_intelligence,6,4,R3,Full PALF,FC,0.17081344871675108,6.353566003174308,5.048863038630693,330,82
fluid_intelligence,6,4,R3,Full PALF,SC,0.3727092700561349,5.356626224909798,4.369025252660523,330,82
fluid_intelligence,6,4,R3,Full PALF,FP,0.21002035025755209,5.7504591888444585,4.704870046416574,330,82
fluid_intelligence,6,4,R3,Full PALF,fused,0.3952094567191138,5.285846823870433,4.321878729202743,330,82
fluid_intelligence,6,4,R3,Full PALF,equal_weight,0.3766174451648101,5.317266075251477,4.363057835787837,330,82
fluid_intelligence,7,0,R3,Full PALF,FC,0.06632703445005546,5.721507646292202,4.779224487963923,329,83
fluid_intelligence,7,0,R3,Full PALF,SC,0.3309977627226645,4.4486072344170475,3.6772451435644107,329,83
fluid_intelligence,7,0,R3,Full PALF,FP,0.1393867352158623,4.9491838031539,4.203427013286176,329,83
fluid_intelligence,7,0,R3,Full PALF,fused,0.32685554373704706,4.420174838217344,3.717640265120896,329,83
fluid_intelligence,7,0,R3,Full PALF,equal_weight,0.28991368737803724,4.490207104565455,3.8110150411874177,329,83
fluid_intelligence,7,1,R3,Full PALF,FC,0.21389745922490414,6.104601846062406,4.785309482906328,329,83
fluid_intelligence,7,1,R3,Full PALF,SC,0.47357519998085207,4.494339526840414,3.6717674369494695,329,83
fluid_intelligence,7,1,R3,Full PALF,FP,0.19934320215774726,6.19441400067061,4.884066880047517,329,83
fluid_intelligence,7,1,R3,Full PALF,fused,0.47699058805508343,4.489335338018688,3.6097400443810543,329,83
fluid_intelligence,7,1,R3,Full PALF,equal_weight,0.36883515297187236,4.851395002177564,3.8445669972308325,329,83
fluid_intelligence,7,2,R3,Full PALF,FC,0.05643573678298651,6.081582353300727,5.065169019553646,330,82
fluid_intelligence,7,2,R3,Full PALF,SC,0.3632074158263079,4.629480048304383,3.801986465924683,330,82
fluid_intelligence,7,2,R3,Full PALF,FP,0.13320826464498411,5.259777982040906,4.463133816805357,330,82
fluid_intelligence,7,2,R3,Full PALF,fused,0.3686466496039288,4.568720384828821,3.804754643216254,330,82
fluid_intelligence,7,2,R3,Full PALF,equal_weight,0.31754704512943344,4.661091708770607,3.95392855605945,330,82
fluid_intelligence,7,3,R3,Full PALF,FC,0.1596497307512112,6.08401252232699,4.927013429414501,330,82
fluid_intelligence,7,3,R3,Full PALF,SC,0.3292034499872269,4.960291898137642,4.0595918207114785,330,82
fluid_intelligence,7,3,R3,Full PALF,FP,0.21166009851589274,5.053020983274821,4.277088463310546,330,82
fluid_intelligence,7,3,R3,Full PALF,fused,0.3546427935519642,4.833254125948452,3.9813757267101995,330,82
fluid_intelligence,7,3,R3,Full PALF,equal_weight,0.38069007102460284,4.806285771105856,4.013738846671471,330,82
fluid_intelligence,7,4,R3,Full PALF,FC,0.3176885506744538,4.911032393699362,3.8980940050153827,330,82
fluid_intelligence,7,4,R3,Full PALF,SC,0.2724900149758027,4.724486853929152,3.9103642458057117,330,82
fluid_intelligence,7,4,R3,Full PALF,FP,0.29870463114985873,4.46792395202383,3.797256932810362,330,82
fluid_intelligence,7,4,R3,Full PALF,fused,0.307477034282482,4.490773886809747,3.763497713897403,330,82
fluid_intelligence,7,4,R3,Full PALF,equal_weight,0.32455585188927316,4.436430718387728,3.732964373947677,330,82
fluid_intelligence,8,0,R3,Full PALF,FC,0.08824836685194165,5.796809271247592,4.635258066213884,329,83
fluid_intelligence,8,0,R3,Full PALF,SC,0.3607049194369769,4.627733866407905,3.854414204856866,329,83
fluid_intelligence,8,0,R3,Full PALF,FP,0.1841672113792555,5.032816764822062,4.198102696785923,329,83
fluid_intelligence,8,0,R3,Full PALF,fused,0.37157048866198794,4.55371202269364,3.8318145255278355,329,83
fluid_intelligence,8,0,R3,Full PALF,equal_weight,0.34651528604862636,4.600214267806353,3.9097345904663987,329,83
fluid_intelligence,8,1,R3,Full PALF,FC,0.13033147293268968,5.937574985430922,4.657767626470649,329,83
fluid_intelligence,8,1,R3,Full PALF,SC,0.4163538092204795,4.687850857145921,3.752291616979723,329,83
fluid_intelligence,8,1,R3,Full PALF,FP,0.139077476416877,5.335123138491601,4.214918954402374,329,83
fluid_intelligence,8,1,R3,Full PALF,fused,0.3972857093750524,4.682805742377245,3.7502906774071487,329,83
fluid_intelligence,8,1,R3,Full PALF,equal_weight,0.361153683924785,4.761571423381654,3.8144034864619973,329,83
fluid_intelligence,8,2,R3,Full PALF,FC,0.3037013801820559,5.338317525298373,4.191948817242966,330,82
fluid_intelligence,8,2,R3,Full PALF,SC,0.4093706606102064,4.511744158555301,3.6295530753937197,330,82
fluid_intelligence,8,2,R3,Full PALF,FP,0.198648234336997,4.769130074566631,3.926429173451968,330,82
fluid_intelligence,8,2,R3,Full PALF,fused,0.42314164249221564,4.450213136155783,3.6155468066225587,330,82
fluid_intelligence,8,2,R3,Full PALF,equal_weight,0.4136259131460993,4.474984466628756,3.6759170310496296,330,82
fluid_intelligence,8,3,R3,Full PALF,FC,0.06744398883734949,5.548307852001891,4.60754212866281,330,82
fluid_intelligence,8,3,R3,Full PALF,SC,0.2236283315795381,4.704915139398051,4.032384817584586,330,82
fluid_intelligence,8,3,R3,Full PALF,FP,0.09474986112792412,5.001709227150535,4.240585837140005,330,82
fluid_intelligence,8,3,R3,Full PALF,fused,0.19454994114324423,4.600507649695571,3.9492485573381644,330,82
fluid_intelligence,8,3,R3,Full PALF,equal_weight,0.203999811730917,4.582009240188016,3.927012937116837,330,82
fluid_intelligence,8,4,R3,Full PALF,FC,0.26272248059161074,5.491520421626573,4.449553961848994,330,82
fluid_intelligence,8,4,R3,Full PALF,SC,0.34718493037388537,4.900316694218685,4.095020065285687,330,82
fluid_intelligence,8,4,R3,Full PALF,FP,0.28567180649978663,5.029642745830561,4.220388117784552,330,82
fluid_intelligence,8,4,R3,Full PALF,fused,0.34718493037388537,4.900316694218685,4.095020065285687,330,82
fluid_intelligence,8,4,R3,Full PALF,equal_weight,0.4072426754688219,4.746509668962456,4.014682344599207,330,82
fluid_intelligence,9,0,R3,Full PALF,FC,0.1727975197556046,5.788960651319551,4.314391462334391,329,83
fluid_intelligence,9,0,R3,Full PALF,SC,0.5077461325176806,4.311566563810478,3.586983041059271,329,83
fluid_intelligence,9,0,R3,Full PALF,FP,0.11999991082831427,5.020557174960445,4.203002173693838,329,83
fluid_intelligence,9,0,R3,Full PALF,fused,0.5043142155107314,4.391445139246974,3.678526582586291,329,83
fluid_intelligence,9,0,R3,Full PALF,equal_weight,0.4667387625542473,4.512472132494653,3.808642913544082,329,83
fluid_intelligence,9,1,R3,Full PALF,FC,0.10799065143331395,5.87811024064174,5.001415312944098,329,83
fluid_intelligence,9,1,R3,Full PALF,SC,0.3278693450051123,4.977367333007963,4.195725252932704,329,83
fluid_intelligence,9,1,R3,Full PALF,FP,0.19238506851663056,5.216145998989501,4.417257066896584,329,83
fluid_intelligence,9,1,R3,Full PALF,fused,0.3476370155956302,4.801441579504079,4.07836523470147,329,83
fluid_intelligence,9,1,R3,Full PALF,equal_weight,0.33773228456964705,4.803526825896356,4.108287547741086,329,83
fluid_intelligence,9,2,R3,Full PALF,FC,0.23592882446124439,5.0711644891528564,4.068215398092697,330,82
fluid_intelligence,9,2,R3,Full PALF,SC,0.4819422460877967,4.139748815672635,3.3636577882829855,330,82
fluid_intelligence,9,2,R3,Full PALF,FP,0.2323722264259711,4.705161775029976,3.8984680059206003,330,82
fluid_intelligence,9,2,R3,Full PALF,fused,0.49288727438495766,4.1100001223600175,3.4048898681988087,330,82
fluid_intelligence,9,2,R3,Full PALF,equal_weight,0.4646000181566986,4.176705682406616,3.491644004749383,330,82
fluid_intelligence,9,3,R3,Full PALF,FC,0.34545801727738035,5.104931581754554,4.078489875955536,330,82
fluid_intelligence,9,3,R3,Full PALF,SC,0.3992301441245958,4.603192212096321,3.7470858473055357,330,82
fluid_intelligence,9,3,R3,Full PALF,FP,0.39350303562019695,4.631698762374307,3.7186931230177485,330,82
fluid_intelligence,9,3,R3,Full PALF,fused,0.41237413987334387,4.561839026728423,3.707645578740025,330,82
fluid_intelligence,9,3,R3,Full PALF,equal_weight,0.4853127828343411,4.388276940919143,3.544941884589094,330,82
fluid_intelligence,9,4,R3,Full PALF,FC,0.20235893769239183,6.081364239406466,4.694045351399604,330,82
fluid_intelligence,9,4,R3,Full PALF,SC,0.2918599955301672,4.741962638428402,3.8207551836462206,330,82
fluid_intelligence,9,4,R3,Full PALF,FP,0.16035278708247946,5.400105069974528,4.408298544929205,330,82
fluid_intelligence,9,4,R3,Full PALF,fused,0.30971721289769194,4.63723841389635,3.857596416481023,330,82
fluid_intelligence,9,4,R3,Full PALF,equal_weight,0.2835612074229699,4.709248367885961,3.924739232884349,330,82
