0,62.9151060581207,3397.11636531353,135.073523491621,0,0,5782.85498338938,197.574304223061,0.550080537796021,0,1786.02479684353,10.2809221148491,1469.99391910434,0.590829372406006,16.9350230693817,0,461.197267085314,7.76624423265457,1569.14113813639,764.26934081316,0,1.33495235443115,13.723741710186,45.0059897303581,0,0,0,0,598.133375823498,7.97369229793549,25.0067034959793,7.70606207847595,76.1116144657135,205.4677079916,10.4363331198692,1.77927827835083,997.717071950436,0,84.3517499566078,0,3.19419080018997,0,0,0,2.25358462333679,0,0.936233520507812,0,0,0,31.224346280098,0,0,0,0.600280523300171,0,11338.5166550577,2.65871548652649,184.58451461792,0,1735.12859758735,0,436.390048205853,0,277.420654684305,0,71.7016105651855,1.46173298358917,1585.5231423378,0,2125.75268161297,128.193435668945,3054.35292690992,100.498236060143,917.611615329981,14.8393188714981,3464.01531925797,151.937730014324,10.6924802660942,0,122.204813838005,0,7.96909186244011,0,564.206879913807,0,0,0,95.9767811894417,0,0,0,0,0,214.635046243668,6.63653433322906,3.518370449543,0,0,0,0,0,0,0,11.4477060139179,0.765885770320892,1.57358980178833,0,11.7667390108109,6.44835913181305,0,0,0,0,0,1.42283374071121
62.9151060581207,0,8.2624671459198,4835.12929999828,0,0,6.55596566200256,7196.29458674788,0,1.53690314292908,0,2635.44473877549,0,884.446780323982,0,50.1462749540806,1.59043085575104,1378.78825986385,153.358034431934,2779.8917760551,0,1.4376699924469,0,32.6427299976349,0,0,0,0.782836437225342,9.93978834152222,295.649181365967,4.94766479730606,10.8260262608528,131.956324279308,372.069178342819,3.72979265451431,1.68262696266174,15.5242925882339,718.212792247534,0,99.5122658610344,0,0.696007251739502,1.54490232467651,0,0,0.660195052623749,0,4.78244870901108,0,27.7251782417297,0,145.041036725044,0,3.12036150693893,0,6.09351432323456,70.8427082598209,13357.0392005146,5.35072404146194,225.836055636406,9.93132120370865,879.902585029602,3.8055807352066,608.502461433411,0.833747804164886,289.866804242134,35.7262270152569,87.3136784732342,265.135789841413,588.497305393219,89.7629951238632,1779.41817629337,23.5094411373138,2421.34837311506,4.2103545665741,843.584487706423,268.76596146822,3364.09007760882,9.71634089946747,2.77086496353149,2.40492874383926,51.8507540225983,0,0,1.04976749420166,296.239218175411,0,0,0,199.054421126842,0,0,0,0,5.16465139389038,67.7631491422653,0,0.788781404495239,0,0,0,0,0,0,3.6389182806015,7.14195048809052,0,0,35.2633428573608,17.1356046795845,0,0,0,0,3.28586077690125,6.87809240818024
3397.11636531353,8.2624671459198,0,260.399250477552,1064.4965634346,73.1333047747612,12035.9354061782,579.956516265869,245.202634066343,109.998153030872,575.087626338005,67.1760658025742,1272.93594107032,147.389695703983,223.487066060305,58.9949935674667,101.584077984095,3.36176574230194,1831.75884628296,146.835108160973,1.54023802280426,6.37064343690872,4165.38794764876,693.870696365833,395.123519361019,100.080753624439,14.7327833175659,21.1359691023827,599.431429594755,8.85685497522354,185.371799945831,249.49921131134,54.9064979553223,80.8163439631462,8.77851468324661,0,133.164592832327,1.27500927448273,8.3680636882782,0.636766970157623,7.91613030433655,0,2.27529460191727,0,0,0,7.88926231861115,0,0,0,4.38415902853012,0,0,0,0,0,378.35883513093,0,87.667720168829,0,116.953895479441,0,23.4444750845432,0,30.5778633654118,0,121.378071695566,0,366.981605440378,0,1877.38239622116,373.792329728603,2258.42116010189,195.876779139042,629.122489124537,36.2741340398788,2726.0831207335,67.7738464772701,1.57490527629852,0,4.21567577123642,0,25.3716354966164,0,21.2672368884087,0,0.540112674236298,0,0,0,0,0,0,0,91.3757321238518,2.3853805065155,3.43388664722443,0,0,0,0,0,0,0,11.9708625376225,0,0,0,15.3105043768883,7.5828320980072,0,0,0,0,0,0
135.073523491621,4835.12929999828,260.399250477552,0,40.0951207578182,594.306038945913,374.868603616953,15545.9728875756,40.5384498238564,486.08525967598,13.7954189181328,637.847860097885,46.9754316806793,716.312945216894,13.9181114435196,166.69914457202,2.07199901342392,221.117398709059,823.734037876129,3425.45579245687,3.57897490262985,2.68014717102051,503.452197521925,3522.65276029706,38.1332075297832,160.834055989981,23.9917538762093,29.6242709457874,12.9201099276543,131.825997620821,186.065990626812,408.38885384798,150.476924300194,262.929821997881,0.423358142375946,2.24423390626907,0,121.54125353694,1.67684864997864,13.7509725689888,0,3.8549245595932,0,0,0,2.15440595149994,0,4.00445401668549,0,16.7486687898636,0,22.8594997525215,0,0,0,0,11.2866745591164,519.797642439604,0,82.0808629095554,1.37579125165939,74.2883977890015,0,65.8823686242104,0,36.1395696103573,3.24378556013107,92.7773708403111,125.283685326576,78.9940578937531,217.90470713377,1013.47009775043,77.508707344532,1142.29951685667,13.8695470690727,356.14536434412,107.141552060843,1699.22208991647,0,2.62090051174164,0,15.2818669676781,0,0,0,43.1389409303665,0,0,0,13.7697967290878,0,0,0,0,2.94966316223145,30.2733055055141,0,0,0,0,0,0,0,0,0.977673768997192,0.610625982284546,0,0,18.2998155355453,11.8866882324219,0,0,0,0,0,2.76169097423553
0,0,1064.4965634346,40.0951207578182,0,99.5238932669163,750.17338642478,65.9442328512669,2167.07481274009,78.014804661274,1.37868458032608,0,25.9785917699337,18.0268381536007,1771.72878625989,37.4872599542141,0,0,1.44020754098892,0,130.16754513979,65.934992313385,196.802342027426,124.068945735693,355.803745299578,165.074565947056,763.945892840624,110.107472270727,433.982554644346,5.92234489321709,108.030733466148,123.0865714252,13.5290497839451,6.49364796280861,2.36960953474045,0,22.8841437101364,2.39308178424835,15.7703620791435,1.84785789251328,51.3759903609753,2.4999161362648,0,0,0,0,8.58798485994339,0,0,0,1.20464849472046,0,2.29276186227798,0,2.01569586992264,0,0,0,0,0,0,0,0,0,0,0,0,0,0,0,588.002929627895,175.349329769611,594.808488875628,37.1413468420506,14.7382170557976,1.13828307390213,64.7496603131294,0.705952405929565,0,0,3.88623023033142,0,77.0992063581944,0,13.6499131321907,0,26.9159608781338,0,12.3656097352505,0,0,0,0,0,0.597532033920288,0,0,0,0.540463328361511,0,0,0,0,0,0,0,0,0,0.740430533885956,0,0,0,0,0,0,0
0,0,73.1333047747612,594.306038945913,99.5238932669163,0,40.8169838786125,333.18935289979,49.5198869109154,2564.12814843655,0,0,3.75020515918732,10.4444298744202,30.5366149842739,1839.37505492568,0,0,0,0,24.3526759445667,331.288326919079,301.928365707397,166.370353996754,115.955974876881,813.950247049332,87.5823069214821,1138.08789470792,10.7960571348667,186.296804487705,93.5697960555553,105.709618479013,2.81446921825409,5.4048593044281,0,0.809678971767426,0,32.9712877869606,0,64.3008648753166,2.3672359585762,153.263453751802,0,0,0,0,0,0,0,0,0,0,0,0,0,0.961143910884857,0,0,0,0,0,0,0,0,0,0,0,0,0,0,129.678454875946,653.861491709948,9.06681668758392,330.003232687712,0,7.58348953723907,0,12.7245303988457,0,0,0,1.61010050773621,1.63340437412262,13.1797978281975,0,4.99459114670753,0,11.7605182826519,0,2.37098580598831,0,0,0,0,0,0,0,0,0,0,0,0,0,0,0,0,0,0,0,0,0,0,0,0,0,0
5782.85498338938,6.55596566200256,12035.9354061782,374.868603616953,750.17338642478,40.8169838786125,0,967.165890693665,723.130479812622,98.34788236022,912.518070191145,104.370395183563,5546.82089090347,266.243951112032,201.121556460857,74.273256957531,37.8787518143654,7.03817170858383,652.273915439844,78.1962847411633,1.50539946556091,0,1204.45834204555,963.421299368143,14.2472012639046,44.7761769890785,3.47241204977036,5.48565530776978,315.028272271156,9.90302556753159,228.503024667501,309.145504385233,30.6093548536301,91.2533503770828,4.93420025706291,0,124.239663898945,0,9.56464505195618,0,0,0,0,0,0,0,2.80531680583954,0,1.39917981624603,0,29.9772464931011,0,0,0,0,0,593.768492639065,0,57.2745522856712,0,666.067755192518,0,49.3952999711037,0,197.997854173183,0,12.1973177194595,0,47.2459503412247,0,3319.47946342826,542.455365121365,972.811417430639,331.014457255602,294.361759305,57.5443378686905,1442.08352863789,63.9195998311043,0,0,10.4897494912148,0,5.44598418474197,0,141.796933174133,0,0,0,15.9231755137444,0,0,0,0,0,28.5264997184277,0,1.23566377162933,0,0,0,0,0,0,0,0.779610812664032,0,0,0,3.44547867774963,0,0,0,0,0,0,0
197.574304223061,7196.29458674788,579.956516265869,15545.9728875756,65.9442328512669,333.18935289979,967.165890693665,0,34.5274978876114,2181.76613557339,16.0736320614815,1699.13669800758,119.32130292058,3953.13927686214,22.1799315214157,408.302594184875,0,181.55244576931,1146.37611576915,717.193238854408,7.96891540288925,1.15188539028168,1081.32048672438,2284.97435468435,79.8497408628464,73.806255877018,64.6573581695557,17.2540257573128,28.1624417304993,126.215671241283,384.591150343418,702.209553539753,176.034622102976,178.905782163143,0.620557010173798,2.11077272891998,2.09079247713089,67.2994062006474,0,7.93949890136719,2.43380951881409,5.93004155158997,0,0,0,0,0,3.46047616004944,0,15.4883397817612,0,131.298407077789,0,2.09939479827881,0,1.34197330474854,11.4625390172005,925.507771670818,0,137.729352146387,1.25004291534424,551.442215800285,0,226.726628780365,0,242.263891369104,1.51194202899933,69.3379620611668,37.941431760788,19.9339414834976,487.386637449265,2372.21862211823,139.985406368971,1009.8731367588,29.434229195118,277.986882388592,104.852566659451,1326.92655038834,0,0.475930660963058,0,24.3282848596573,1.66148602962494,0.802933871746063,0,211.528926789761,0,0,0,101.912526041269,0,0,0,0,0,8.37391903996468,0,0,0,0,0,0,0,0,0.357497155666351,3.45967745780945,0,0,6.03782057762146,4.92030328512192,0,0,0,0,0,0
0.550080537796021,0,245.202634066343,40.5384498238564,2167.07481274009,49.5198869109154,723.130479812622,34.5274978876114,0,68.4552899599075,3.3032266497612,0,594.724576205015,6.23474162817001,3456.71872261167,18.6770289540291,0,0,2.07174471020699,0,29.5925326943398,23.7361129522324,107.404680162668,81.5424694120884,104.867714583874,77.3118070065975,125.083575516939,20.3124705851078,386.736352711916,0.755276143550873,20.7175444066525,67.8053108453751,2.42842525243759,0.943437278270721,1.16506850719452,0,14.5037642717361,0,8.17023056745529,0,23.2069373726845,1.66126209497452,0,0,0,0,5.81946161389351,0,0,0,0,0,0,0,3.56764733791351,0,0,0,0,0,0,0,0.904335379600525,0,0,0,1.98579931259155,0,0,0,674.366889774799,103.261200517416,861.476061761379,25.3896651268005,35.330279648304,0,136.113638579845,0,0,0,0.726022779941559,0,92.0751832127571,0,5.74910539388657,0,15.9535181522369,0,3.35877329111099,0,0,0,0,0,3.46139311790466,0,0,0,0,0,0,0,0,0,0,0,0,0,0.504753112792969,0,0,0,0,0,0,0
0,1.53690314292908,109.998153030872,486.08525967598,78.014804661274,2564.12814843655,98.34788236022,2181.76613557339,68.4552899599075,0,0,0,7.05526971817017,200.457615733147,36.353783339262,1943.87255689502,0,0,0.453016400337219,0,20.1933557391167,105.789287865162,282.968692749739,200.686354130507,87.4672141969204,267.332596898079,73.2649350464344,336.02180197835,2.63936626911163,184.069837450981,84.2043300867081,128.428346544504,0.885180056095123,6.46708273887634,0,0,0,35.8294520378113,0,12.5330401659012,0,174.238427549601,0,0,0,0,0,0.768820285797119,0,0,0,0,0,0,0,2.4042102098465,0,0,0,0,0,0,0,0,0,0,0,0,0,0,140.002095043659,1061.45771753788,12.4824404716492,659.669631034136,0.481228411197662,28.4003140330315,0,50.8497100174427,0,0,0,0,0,12.2636680901051,0,4.69614425301552,0,11.7703938484192,0,5.86868536472321,0,0,0,0,0,0,0,0,0,0,0,0,0,0,0,0,0,0,0,0,0,0,0,0,0,0
1786.02479684353,0,575.087626338005,13.7954189181328,1.37868458032608,0,912.518070191145,16.0736320614815,3.3032266497612,0,0,1.25466585159302,1654.58696448803,6.42614078521729,37.2126968502998,0,947.635488629341,0,416.353025764227,7.41006100177765,0,0,55.7226297855377,19.6537595391273,0,0,0,0,1085.39068555832,0,27.0109768509865,9.70090126991272,6.93438625335693,6.6604015827179,1.25245475769043,0,24.4831712245941,0,1.77039659023285,0,0,0,0,0,0,0,1.35620784759521,0,0,0,1.9114009141922,0,0,0,0,0,198.482156813145,0,7.67100942134857,0,283.806557625532,0,299.960364878178,0,53.368202149868,0,5.61959731578827,0,14.207162052393,0,376.998085051775,24.2163568735123,396.532577842474,7.23135721683502,44.5788589119911,2.28536736965179,188.789029359818,3.32612544298172,17.6879285573959,0,193.644097447395,0,74.1724749207497,0,299.219037085772,0,0,0,22.8597294688225,0,0,0,0,0,7.79391986131668,0,0.806443154811859,0,0,0,0,0,0,0,0,0,0,0,0,0,0,0,0,0,0,0
10.2809221148491,2635.44473877549,67.1760658025742,637.847860097885,0,0,104.370395183563,1699.13669800758,0,0,1.25466585159302,0,11.1687861084938,3695.12030750513,0,100.837927937508,0.810385227203369,858.621002316475,323.374126642942,414.436118602753,0,0,47.6505898237228,255.154599189758,0,0,0,0,0,999.554196178913,77.0613663494587,113.769564092159,45.0201128125191,32.5525604486465,0,1.23892822861671,0,13.3216940164566,0,1.41784834861755,0,2.48980581760406,0,0,0,0,0,1.59143793582916,0,5.20941269397736,0,8.84634286165237,0,0,0,0,0,195.526734858751,0,10.4675663709641,0,181.165428370237,0,345.0413210392,0,70.8910442590714,0,7.36291390657425,0,8.98839902877808,60.4670791924,499.703900009394,15.5493736863136,765.996576011181,0,67.793308198452,15.8650832772255,290.090424954891,0,1.73121893405914,0,73.2007947564125,0,0,0,101.681702673435,0,0,0,25.5605571269989,0,0,0,0,0,0,0,0,0,0,0,0,0,0,0,0,0,0,3.19656586647034,1.12323713302612,0,0,0,0,0,0
1469.99391910434,0,1272.93594107032,46.9754316806793,25.9785917699337,3.75020515918732,5546.82089090347,119.32130292058,594.724576205015,7.05526971817017,1654.58696448803,11.1687861084938,0,34.1298145353794,2731.20421910286,8.37073528766632,163.674669086933,0,508.965442687273,2.29088747501373,0.836520612239838,0.6046062707901,444.791305482388,157.403590679169,5.3848734498024,5.73120540380478,0.880904257297516,0,2167.26006236672,0,71.6554309129715,66.0795037746429,18.9217627048492,25.4327414631844,2.80996477603912,0,31.9103035032749,0,1.69054472446442,0,0,0,0,0,0,0,5.50953084230423,0,0,0,0.861227035522461,0,0,0,0,0,216.760727673769,0,3.68545341491699,0,468.038446784019,0,189.994231849909,0,155.841474175453,0,1.44371223449707,0,5.49842512607574,0,2124.75436994433,91.9592927694321,1468.46808463335,53.9849302172661,234.109881073236,4.26269227266312,965.792059749365,2.71186405420303,9.87022095918655,0,117.813888251781,0,33.9738893508911,0,155.39304035902,0,0,0,5.45751166343689,0,0,0,0,0,17.4232949912548,0.544225871562958,0,0,0,0,0,0,0,0,0,0,0,0,3.07299539446831,1.64612197875977,0,0,0,0,0,0
0.590829372406006,884.446780323982,147.389695703983,716.312945216894,18.0268381536007,10.4444298744202,266.243951112032,3953.13927686214,6.23474162817001,200.457615733147,6.42614078521729,3695.12030750513,34.1298145353794,0,5.04061609506607,1024.7466044426,0,164.517906099558,239.668125927448,149.792023271322,1.48117876052856,0.673428416252136,256.108268171549,488.612675905228,19.5403165221214,11.8887346386909,14.9960511922836,2.68250793218613,9.2793687582016,1157.78338378668,147.96689632535,242.666373759508,55.4803088605404,32.6660584211349,0,0.327199250459671,0,13.7615607976913,0,1.31838202476501,0,18.9829518795013,0,0.595476806163788,0,0,0,3.13701757788658,0,0.956994891166687,0,0.945416152477264,0,0,0,0,0,96.7489444613457,0,8.3806369304657,0,65.3666673600674,0,160.844584107399,0,17.9063374400139,0,0.786639869213104,0,2.23866134881973,146.808497458696,1510.88969141245,13.0310809612274,1846.49949398637,6.74933803081512,205.308150619268,2.91955852508545,760.168229907751,0,0,0,21.7813638448715,0,0.513970732688904,0,42.1112352013588,0,0,0,16.171159029007,0,0,0,0,0,5.67404082417488,0,0,0,0,0,0,0,0,0,0.532659351825714,0,0,4.9573050737381,2.26390108466148,0,0,0,0,0,0.893625378608704
16.9350230693817,0,223.487066060305,13.9181114435196,1771.72878625989,30.5366149842739,201.121556460857,22.1799315214157,3456.71872261167,36.353783339262,37.2126968502998,0,2731.20421910286,5.04061609506607,0,14.4643607437611,8.47101992368698,0,19.7694458961487,0,322.03140386939,65.5814035236835,210.035430461168,46.0322379469872,268.558954924345,83.4108308255672,685.989975780249,92.4621515274048,2296.13129273057,0,187.680423259735,68.155331581831,32.8665063083172,7.42708152532578,0.535501658916473,0,20.957676589489,0,36.7192659974098,0.900000870227814,34.723902285099,1.99010324478149,1.30433428287506,0,0,0,12.9769606292248,0,0,0,0,0,0,0,7.25182372331619,0,7.53070759773254,0,0,0,1.23054838180542,0,1.43268573284149,0,2.7192976474762,0,1.35087954998016,0,0,0,999.147219866514,79.8176737427711,1463.03335374594,22.3889821767807,81.8290745913982,3.10541486740112,341.824284166098,0,0,0,8.20940053462982,0,510.505749464035,0,14.7297031283379,0,42.0744514763355,0,11.4247971773148,0,0,0,0,0,10.1218023300171,0,0.866021037101746,0,0,0,0,0,0,0,0,0,0,0,0,1.10478931665421,0,0,0,0,0,0
0,50.1462749540806,58.9949935674667,166.69914457202,37.4872599542141,1839.37505492568,74.273256957531,408.302594184875,18.6770289540291,1943.87255689502,0,100.837927937508,8.37073528766632,1024.7466044426,14.4643607437611,0,0,18.8845497369766,0,20.5844525098801,13.5967112481594,207.967152029276,162.627840667963,192.722153395414,48.6115053594112,192.772887170315,37.0671036541462,534.402651131153,5.19344735145569,3286.80054193735,40.5199195444584,115.135264575481,1.94086629152298,10.1842894554138,0,0,0,143.677550822496,0,45.2078008651733,0,462.49810513854,0,2.59700149297714,0,0,0,3.07565021514893,0,0,0,0,0,0,0,8.29094517230988,0,19.366161942482,0,0,0,0,0,3.02484691143036,0,0,0,0,0,0,117.395707219839,1723.78173327446,5.18879300355911,2769.21631062031,0,165.222684979439,2.13297986984253,293.215154260397,0,0,0,10.0478216707706,0.769995450973511,83.9319764077663,0,26.6436814069748,0,43.8984179794788,0,9.11190843582153,0,0,0,0,0.981648564338684,1.2104572057724,0,0,0,0,0,0,0,0,0,0,0,0,1.92493683099747,0.614024698734283,0,0,0,0,0,1.92169272899628
461.197267085314,1.59043085575104,101.584077984095,2.07199901342392,0,0,37.8787518143654,0,0,0,947.635488629341,0.810385227203369,163.674669086933,0,8.47101992368698,0,0,0,121.101285099983,8.25846070051193,0,0,11.2918566465378,0.933358490467072,0,0,0,0,4555.73144346476,0,2.1994993686676,1.64405369758606,1.73589468002319,20.9935984015465,5.0563178062439,0,46.6801052987576,0,4.8618973493576,1.73955690860748,0.64106673002243,0,0,0,3.52903109788895,0,0,0,3.56998127698898,0,21.2612050771713,0,0,0,0,0,2375.64398601651,4.05910694599152,43.0675538778305,0,198.105666846037,0,1770.13022083044,2.94809794425964,34.6374149024487,0,31.8687194883823,12.6938391327858,20.375414788723,3.77270895242691,82.7985277175903,2.53158289194107,752.981710910797,5.94498670101166,56.4988995194435,0,133.426402390003,8.33242511749268,469.700003087521,0,1881.55289450288,0,101.162214964628,0,310.476474165916,0,6.67232182621956,0,30.4299040138721,0,0,0,0,0,12.0664827227592,2.00305199623108,2.94821900129318,0,1.49796450138092,0,0,0,0,0,1.25447964668274,0,1.1871817111969,0,0,0,0,0,0,0,0,0.661525845527649
7.76624423265457,1378.78825986385,3.36176574230194,221.117398709059,0,0,7.03817170858383,181.55244576931,0,0,0,858.621002316475,0,164.517906099558,0,18.8845497369766,0,0,45.0778436660767,419.22260838747,0,0,0,37.0000660419464,0,0,0,0,0.668868482112885,2988.76182764769,2.58663064241409,9.99480843544006,13.5642825961113,39.0244221389294,0,2.46837627887726,14.271232008934,36.2110649347305,0,5.50383016467094,0,0.999060153961182,0,0,0,0,0,0.68203866481781,0,10.9404016435146,0,14.3028599023819,0,0,0,0,12.3529123067856,1861.12258264422,3.60152626037598,83.9937159717083,6.61473321914673,170.273039251566,0.597558498382568,1632.96504467726,1.39210891723633,50.2745859324932,19.3490633368492,88.2664737701416,3.10576158761978,14.2562654614449,12.4696297049522,166.994614720345,3.09266042709351,1762.79148092866,0,84.8274058699608,20.0703513622284,271.249289810658,0,220.211576044559,0,688.655359596014,0,10.5237088799477,0,90.3822275698185,0,0,0,18.1213226318359,0,0,0,0,0,8.80306726694107,0,0,0,0,0,0,0,0,3.59221661090851,5.2799831032753,0,0,0.781469762325287,0,0,0,0,0,0,0
1569.14113813639,153.358034431934,1831.75884628296,823.734037876129,1.44020754098892,0,652.273915439844,1146.37611576915,2.07174471020699,0.453016400337219,416.353025764227,323.374126642942,508.965442687273,239.668125927448,19.7694458961487,0,121.101285099983,45.0778436660767,0,1924.672855407,0.78667140007019,0,2028.34600353241,1332.50998729467,0,0,1.13587975502014,0,293.196696281433,50.1984522938728,889.539678901434,397.649587541819,4182.42931300402,768.288173288107,70.6774836480618,1.92353951931,191.78496363759,3.57801049947739,25.6267239451408,0,3.55102288722992,0,41.4842610359192,0,12.6987584233284,0,31.2049878239632,0,2.6532846391201,0,2.97548431158066,0,0,0,0,0,271.102387011051,5.09102481603622,86.559129178524,0,158.898497253656,0,23.3159482777119,0,30.8814787864685,0,971.986337214708,0.479803949594498,2196.41154670715,0,1751.56879040599,680.827094018459,1481.59688672423,562.084762692451,534.421441346407,144.538170039654,3296.37253701687,456.559334993362,1.29689538478851,0,12.9154732823372,0,22.0157827734947,0,19.2972915172577,0,0,0,0.71792060136795,0,0,0,0,0,111.387717485428,0,3.67007207870483,0,0,0,0,0,0,0,1.49870729446411,0,0,0,12.2168580293655,3.11299586296082,0,0,0,0,0,0.660023033618927
764.26934081316,2779.8917760551,146.835108160973,3425.45579245687,0,0,78.1962847411633,717.193238854408,0,0,7.41006100177765,414.436118602753,2.29088747501373,149.792023271322,0,20.5844525098801,8.25846070051193,419.22260838747,1924.672855407,0,0,0,12.9176086783409,1174.17972528934,0,0.825869381427765,0,0.775000631809235,20.1855006814003,142.6971988976,94.0845139622688,403.665825545788,655.851749151945,8094.74065130949,4.26931104063988,17.609195202589,41.8694097697735,191.903745263815,0,30.8426972031593,0.930295348167419,3.64412713050842,2.4483560025692,3.8683902323246,0,0,0.798843026161194,23.5258230566978,0,12.4748044610023,0,13.9604670405388,0,0,0,0,216.431577563286,1320.37411540747,13.4665930867195,169.769093543291,19.1255353689194,100.464243769646,7.73242795467377,77.0119068026543,1.02674913406372,43.3425677716732,140.289670914412,781.033552408218,1292.75651556253,1544.19958624244,403.756943792105,1100.52316197753,165.527323633432,1140.27948614955,37.3010082542896,434.818430274725,622.775376349688,2921.16074928641,6.96431612968445,0,5.96744352579117,14.5436969995499,0,0,0,42.4907708764076,0,0,0,10.6819483041763,0,0,0,0,2.31724488735199,39.259686678648,0,0,0,0,0,0,0,0,2.6125156879425,4.12604254484177,0,0,32.1393531262875,19.2757245600224,0,0,0,0,0,3.69837003946304
0,0,1.54023802280426,3.57897490262985,130.16754513979,24.3526759445667,1.50539946556091,7.96891540288925,29.5925326943398,20.1933557391167,0,0,0.836520612239838,1.48117876052856,322.03140386939,13.5967112481594,0,0,0.78667140007019,0,0,114.933106780052,90.3362665176392,15.4080324470997,168.686869889498,77.5167191922665,690.29972499609,157.277310103178,213.047740250826,0.524062991142273,826.062501132488,79.7293347716331,84.2446401715279,1.39754223823547,7.55343276262283,0,36.5696941018105,20.5230997204781,9.03340876102448,0.553263783454895,105.841320931911,24.307243168354,2.59417319297791,0,0,0,12.441125690937,0.997908174991608,0,0,0,0,2.43928396701813,0,4.27617901563644,8.7094315290451,0,0,0,0,0.796026468276978,0,0,0,0,0,0,0,0,0,907.443531572819,99.3149036169052,154.32550111413,23.5704066753387,39.0685206055641,9.34659200906754,27.1360401511192,6.3911726474762,0,0,0,0,14.5433980822563,3.42497158050537,4.64934402704239,0.845693945884705,32.4371538162231,5.08399927616119,3.73498541116714,1.49149078130722,0,0,0,0,0.637446045875549,0.935953438282013,0,0,0,0,0.382858753204346,0,0,0,0,0,0,0,0,0,0,0,0,0,0,0
1.33495235443115,1.4376699924469,6.37064343690872,2.68014717102051,65.934992313385,331.288326919079,0,1.15188539028168,23.7361129522324,105.789287865162,0,0,0.6046062707901,0.673428416252136,65.5814035236835,207.967152029276,0,0,0,0,114.933106780052,0,58.4535643458366,52.1618915200233,85.1871235668659,567.452604740858,163.480776637793,1479.89641830325,15.2460440993309,265.42950874567,74.2203049361706,1486.10085877776,3.39165216684341,37.3806132674217,0,2.98269712924957,28.6962732672691,119.137265563011,10.4327199459076,53.1385586857796,2.30282032489777,604.405943453312,0,1.53401458263397,0,0,0,4.05386424064636,0,0.675651550292969,0,0,0,0,0,2.44097864627838,0,0,0,0,0,0,0,0,0,0,0,5.99000179767609,0,0,442.17546159029,912.012613803148,18.3095549345016,403.060966193676,3.61892259120941,11.3943219184875,1.48714804649353,10.5958540439606,0,0,0,3.7036160826683,2.70146912336349,109.99363386631,0,5.27610099315643,0.823656022548676,25.4198808670044,0,1.54252207279205,0,0,0,0,0,0,0,0.760459959506989,0,0,0,0,0,0,0,0,0,0,0,0,0,0,0,0,0,0
13.723741710186,0,4165.38794764876,503.452197521925,196.802342027426,301.928365707397,1204.45834204555,1081.32048672438,107.404680162668,282.968692749739,55.7226297855377,47.6505898237228,444.791305482388,256.108268171549,210.035430461168,162.627840667963,11.2918566465378,0,2028.34600353241,12.9176086783409,90.3362665176392,58.4535643458366,0,1887.9295117259,911.53014293313,852.690319776535,227.940395116806,180.184131115675,289.176419377327,12.490949511528,4845.10547998548,1055.81535822153,1132.45746743679,97.2510751187801,163.779452115297,0,24.3959490060806,0.610755145549774,3.14771902561188,0.464315354824066,12.6012941002846,1.61485922336578,25.5691586136818,0,0.843010663986206,0,21.037145793438,0,0,0,0,0,0,0,0,0,11.5311424136162,0,0.595406591892242,0,0.617646634578705,0,0,0,0,0,229.329668611288,0.417127847671509,4.03155565261841,0,1852.98181432486,885.598492801189,1223.49032980204,416.089991867542,269.018696546555,52.2385233640671,1077.14382186532,53.3660479187965,0,0,0,0,7.19741201400757,0,0,0,1.19853162765503,0,0.443495005369186,0,0,0,0,0,14.9290821552277,0,0.894626200199127,0,0,0,0,0,0,0,0,0,0,0,2.00706058740616,0,0,0,0,0,0,0
45.0059897303581,32.6427299976349,693.870696365833,3522.65276029706,124.068945735693,166.370353996754,963.421299368143,2284.97435468435,81.5424694120884,200.686354130507,19.6537595391273,255.154599189758,157.403590679169,488.612675905228,46.0322379469872,192.722153395414,0.933358490467072,37.0000660419464,1332.50998729467,1174.17972528934,15.4080324470997,52.1618915200233,1887.9295117259,0,131.171303004026,1342.23487374187,88.981160402298,104.855185091496,30.338313549757,44.5649852156639,695.894250899553,4379.23220226169,237.574110120535,1851.95036521554,0.704287350177765,36.6088408231735,0,8.94015192985535,2.56211018562317,0.595610618591309,0,8.37628093361855,0,2.30503013730049,0,0,0,12.3003171682358,0,0,0,0,0,0,0,0,0,16.9867547154427,0,3.76111304759979,0,0,0,0,0,0,0,99.2628702223301,0.688527941703796,5.62148189544678,546.021225452423,925.56832408905,137.298816084862,623.225071877241,20.8388766050339,139.840640723705,31.9494057893753,768.035480439663,0,0,0,0,0,0.895593583583832,0,0,0,1.92548787593842,0,0,0,0,0,0,0,9.15106958150864,0,0,0,0,0,0,0,0,0,0,0,0,6.66211664676666,2.53155922889709,0,0,0,0,0,0
0,0,395.123519361019,38.1332075297832,355.803745299578,115.955974876881,14.2472012639046,79.8497408628464,104.867714583874,87.4672141969204,0,0,5.3848734498024,19.5403165221214,268.558954924345,48.6115053594112,0,0,0,0,168.686869889498,85.1871235668659,911.53014293313,131.171303004026,0,378.153031885624,1308.68127113581,167.560077607632,118.357119441032,0.880326360464096,512.98165294528,245.314263731241,49.2010015249252,3.45285147428513,3.6584934592247,0,4.48402044177055,0.612370371818542,2.32477599382401,2.36514517664909,20.5141120553017,3.40435415506363,0,0,0,0,0,0,0,0,0,0,0,0,0.558522462844849,0,0,0,0,0,0,0,0,0,0,0,0,0,0,0,490.024199545383,278.88943079114,341.998901188374,28.2712094783783,11.6250288188457,0.949979960918427,16.3284944295883,0,0,0,0,0,18.1672426760197,0,0.529036104679108,0,8.92486003041267,0,2.33616757392883,0,0,0,0,0,0.609341681003571,0,0,0,0,0,0,0,0,0,0,0,0,0,0.49364909529686,0,0,0,0,0,0,0
0,0,100.080753624439,160.834055989981,165.074565947056,813.950247049332,44.7761769890785,73.806255877018,77.3118070065975,267.332596898079,0,0,5.73120540380478,11.8887346386909,83.4108308255672,192.772887170315,0,0,0,0.825869381427765,77.5167191922665,567.452604740858,852.690319776535,1342.23487374187,378.153031885624,0,219.026082009077,1213.84523642063,27.2147159576416,22.7983904480934,341.932231903076,1347.6400564909,10.0677492618561,49.3031162917614,0,8.76689076423645,0,7.20887869596481,0,10.1836959123611,0.755972683429718,40.4558953344822,0,0,0,0,0,0.896533012390137,0,0,0,0,0,0,0,0.605826318264008,0,0,0,0,0,0,0,0,0,0,0,7.49256771802902,0,0,316.96082881093,601.206474810839,23.0274955332279,138.59464147687,0,4.69321995973587,1.03923010826111,5.67536827921867,0,0,0,0,3.88606360554695,4.59938195347786,0,0.591943264007568,0.687837243080139,2.16775768995285,0,0.350088596343994,0,0,0,0,0,0,0,0,0,0,0,0,0,0,0,0,0,0,0,0,0,0,0,0,0,0
0,0,14.7327833175659,23.9917538762093,763.945892840624,87.5823069214821,3.47241204977036,64.6573581695557,125.083575516939,73.2649350464344,0,0,0.880904257297516,14.9960511922836,685.989975780249,37.0671036541462,0,0,1.13587975502014,0,690.29972499609,163.480776637793,227.940395116806,88.981160402298,1308.68127113581,219.026082009077,0,255.303136706352,97.819001019001,2.40820217132568,818.244468063116,183.096021384001,71.4881900250912,4.87500819563866,6.22018682956696,0,95.8336804509163,21.9035030603409,20.8077431619167,3.26542776823044,21.0025570988655,5.48529118299484,0,0,0,0,1.6035527586937,0,0,0,0,0,0,0,0,0,0,0,0,0,0,0,0,0,0,0,0,0,0,0,299.92333394289,217.695072859526,109.223477870226,27.8485960364342,3.76919293403625,6.58941274881363,3.3916689157486,0,0,0,0.581700146198273,0,12.5968451201916,0,0,0,7.18321231007576,0,0.43905571103096,0,0,0,0,0,0,1.68189966678619,0,0,0,0,0,0,0,0,0,0,0,0,0,0.689188778400421,0,0,0,0,0,0
0,0.782836437225342,21.1359691023827,29.6242709457874,110.107472270727,1138.08789470792,5.48565530776978,17.2540257573128,20.3124705851078,336.02180197835,0,0,0,2.68250793218613,92.4621515274048,534.402651131153,0,0,0,0.775000631809235,157.277310103178,1479.89641830325,180.184131115675,104.855185091496,167.560077607632,1213.84523642063,255.303136706352,0,21.7202258706093,46.5355726480484,150.422752380371,442.869755476713,4.11740374565125,19.5848538279533,0,2.58431857824326,28.9753727912903,156.116114020348,2.99198031425476,46.5392091274261,9.32094323635101,134.148249924183,0,0,0,0,0,4.35275214910507,0,0,0,0,0,0,0,1.68208771944046,0,0,0,0,0,0,0,0,0,0,0,3.12436544895172,0,0,340.274263769388,570.644708871841,10.9012103676796,213.813291221857,0,11.7766062021255,0,14.5060194134712,0,0,0,1.18559491634369,1.14107275009155,16.9148978292942,0,2.69554510712624,0.841529071331024,11.9558537900448,0.754570782184601,0.525340914726257,0,0,0,0,0,0,0,0,0,0,0,0,0,0,0,0,0,0.664646029472351,0,1.54592442512512,0,0,0,0,0,0
598.133375823498,9.93978834152222,599.431429594755,12.9201099276543,433.982554644346,10.7960571348667,315.028272271156,28.1624417304993,386.736352711916,2.63936626911163,1085.39068555832,0,2167.26006236672,9.2793687582016,2296.13129273057,5.19344735145569,4555.73144346476,0.668868482112885,293.196696281433,20.1855006814003,213.047740250826,15.2460440993309,289.176419377327,30.338313549757,118.357119441032,27.2147159576416,97.819001019001,21.7202258706093,0,2.09649288654327,50.2100877761841,38.8847045898438,23.2852771878242,28.887481212616,32.1357969045639,15.5396369695663,173.479517102242,4.50387477874756,92.1066668629646,0,274.414344847202,0.970080435276031,203.862544536591,1.86671757698059,40.0461908280849,0,629.342270374298,2.06495833396912,131.938878148794,0,426.478976219893,0,119.65352371335,0,160.550327211618,0,1178.12447300553,7.08337807655334,187.936871677637,5.96519601345062,369.762604743242,0,1079.50772356987,0,193.55606046319,0,141.759935855865,33.2049013972282,105.849573493004,5.59940946102142,526.680014848709,43.3785291910172,2064.76041907072,14.5511112213135,113.318913459778,0,406.204394251108,23.6808459162712,416.931233823299,0.8725466132164,1265.90508374572,0,1052.07894572616,0,628.203766524792,0,407.18662109971,0,215.248150408268,0,69.5189765691757,0,0,0,22.3579859137535,1.10663652420044,4.92813718318939,0,16.1332317888737,1.67539167404175,0,0,1.4897735118866,0,6.21993136405945,0,0,0,0,0,0,0,0,0,0,0
7.97369229793549,295.649181365967,8.85685497522354,131.825997620821,5.92234489321709,186.296804487705,9.90302556753159,126.215671241283,0.755276143550873,184.069837450981,0,999.554196178913,0,1157.78338378668,0,3286.80054193735,0,2988.76182764769,50.1984522938728,142.6971988976,0.524062991142273,265.42950874567,12.490949511528,44.5649852156639,0.880326360464096,22.7983904480934,2.40820217132568,46.5355726480484,2.09649288654327,0,7.49919444322586,23.7023348808289,5.97663879394531,28.8623469471931,4.09672522544861,9.66715610027313,22.6504440903664,225.318101763725,0,58.8655369877815,0,435.382113277912,5.95417594909668,56.946109354496,3.11645638942719,55.2559533715248,1.64862197637558,105.914652615786,0,133.649817824364,0,130.126273363829,0,21.166134506464,0,50.5065375268459,8.49318701028824,695.189397126436,1.68611884117126,205.041341274977,6.57916224002838,160.244309931993,0,577.875319093466,3.78953528404236,77.0123337209225,11.3140941858292,111.298675447702,3.34353548288345,16.761948287487,19.1771107912064,198.103873938322,0,4618.39467847347,0,58.4192405939102,17.6008513569832,160.649307399988,1.048175573349,275.382482916117,0,678.877983242273,0,591.234604924917,1.90367209911346,352.705939412117,0,71.8957015872002,0,91.1235659122467,0,0,0,0,0,6.68150323629379,0,0,1.77971541881561,6.70750147104263,0,0,0,1.54029071331024,0.688440799713135,3.65183162689209,0,0,3.135910987854,1.06469357013702,1.46848273277283,0,0,0,1.05403542518616,0.849230647087097
25.0067034959793,4.94766479730606,185.371799945831,186.065990626812,108.030733466148,93.5697960555553,228.503024667501,384.591150343418,20.7175444066525,84.2043300867081,27.0109768509865,77.0613663494587,71.6554309129715,147.96689632535,187.680423259735,40.5199195444584,2.1994993686676,2.58663064241409,889.539678901434,94.0845139622688,826.062501132488,74.2203049361706,4845.10547998548,695.894250899553,512.98165294528,341.932231903076,818.244468063116,150.422752380371,50.2100877761841,7.49919444322586,0,657.302661150694,1761.38488584757,125.475992262363,272.191073536873,1.23367935419083,4.86420142650604,3.0433257818222,12.5447999238968,2.91746121644974,6.6017233133316,3.65540936589241,73.1046034097672,0,24.7598598599434,0,29.0519603490829,0,0,0,0,0,0,0,0.514155566692352,0,8.37012946605682,0.791141211986542,6.27932864427567,0.592828750610352,1.44399738311768,0,0.60706353187561,0.938808858394623,1.41951885819435,0,607.063030660152,1.93267500400543,10.7669286727905,0,772.38622751832,348.034799665213,158.514391213655,152.329839020967,28.6970742344856,30.2882817983627,166.530331641436,183.011127263308,0,0,0.987423598766327,0,7.99902793765068,0,1.62313485145569,0,1.21098178625107,0,1.64326030015945,0,0,0,0,0,0.886732161045074,1.37799313664436,0,0,0,0,0,0,0,0,0,0,0,0,1.57694947719574,1.35982251167297,0,0,0,0,0,0
7.70606207847595,10.8260262608528,249.49921131134,408.38885384798,123.0865714252,105.709618479013,309.145504385233,702.209553539753,67.8053108453751,128.428346544504,9.70090126991272,113.769564092159,66.0795037746429,242.666373759508,68.155331581831,115.135264575481,1.64405369758606,9.99480843544006,397.649587541819,403.665825545788,79.7293347716331,1486.10085877776,1055.81535822153,4379.23220226169,245.314263731241,1347.6400564909,183.096021384001,442.869755476713,38.8847045898438,23.7023348808289,657.302661150694,0,180.905354142189,2498.61253064871,2.03784412145615,115.74012747407,0,11.01385602355,0.595203340053558,23.8166052997112,2.03104013204575,16.2159308791161,0.998414754867554,21.4717338383198,1.9353529214859,0.448998063802719,1.14289677143097,63.5568197369576,0,0,0,0,0,0,0,0,2.41419124603271,6.72989657521248,0,2.92751997709274,1.82506084442139,3.77407073974609,0,5.58664336800575,1.50292301177979,0.726564764976501,15.0239925980568,402.298860341311,1.67207992076874,3.0405005812645,462.90977370739,894.039834886789,84.5809817910194,350.218096792698,14.8961191177368,82.2581719458103,66.1639905571938,450.919018775225,0,0,0,2.11046120524406,2.91299712657928,6.24350196123123,0,0.77939385175705,1.53353536128998,1.37006169557571,0,0,0,0,0,0,0.655988156795502,4.92867690324783,0,0,0,0,0,0,0,0,0,1.66548162698746,0,0,4.49424093961716,3.62601298093796,0,0,0,0,0,0
76.1116144657135,131.956324279308,54.9064979553223,150.476924300194,13.5290497839451,2.81446921825409,30.6093548536301,176.034622102976,2.42842525243759,0.885180056095123,6.93438625335693,45.0201128125191,18.9217627048492,55.4803088605404,32.8665063083172,1.94086629152298,1.73589468002319,13.5642825961113,4182.42931300402,655.851749151945,84.2446401715279,3.39165216684341,1132.45746743679,237.574110120535,49.2010015249252,10.0677492618561,71.4881900250912,4.11740374565125,23.2852771878242,5.97663879394531,1761.38488584757,180.905354142189,0,546.374923586845,1308.68536540866,19.9465067386627,26.8019479811192,9.23835706710815,35.0242371559143,4.6418821811676,0,0,112.320261657238,0.823088407516479,180.673715114594,0,39.1712943911552,1.99749714136124,1.29436457157135,0,4.80425602197647,0,0,0,2.82953149080276,0,146.611828923225,35.0028785169125,77.4092154204845,6.26250004768372,27.5856684148312,2.41518241167068,5.78102362155914,11.7806901931763,3.3912250995636,4.47375154495239,6133.28921619058,107.872124403715,1840.34043601155,29.2315080165863,210.460547268391,150.315845400095,54.1898927092552,118.166800916195,18.4222086668015,12.5840898752213,181.257825314999,143.032688558102,1.45849198102951,2.18036365509033,3.50400048494339,3.51500326395035,0,0,5.01707565784454,2.1821004152298,0,0,1.10701075196266,0,0,0,0,0,6.34450709819794,2.52730655670166,0,0,0,0,0,0,0,0,4.25089377164841,0,0,0,0.88603812456131,0,0,0,0,0,0,1.49948406219482
205.4677079916,372.069178342819,80.8163439631462,262.929821997881,6.49364796280861,5.4048593044281,91.2533503770828,178.905782163143,0.943437278270721,6.46708273887634,6.6604015827179,32.5525604486465,25.4327414631844,32.6660584211349,7.42708152532578,10.1842894554138,20.9935984015465,39.0244221389294,768.288173288107,8094.74065130949,1.39754223823547,37.3806132674217,97.2510751187801,1851.95036521554,3.45285147428513,49.3031162917614,4.87500819563866,19.5848538279533,28.887481212616,28.8623469471931,125.475992262363,2498.61253064871,546.374923586845,0,29.0447571873665,1076.95544549823,119.456194758415,68.4509470760822,24.9194511175156,153.98714235425,1.4758780002594,0.533418774604797,20.9445533752441,110.017350137234,0.658269703388214,4.65162402391434,6.44698357582092,276.529165744781,1.3643171787262,4.67949280142784,7.94624626636505,8.40507698059082,0,0,0.839579105377197,12.8865230381489,359.698503255844,940.703551620245,150.07014426589,98.9533105492592,112.215283036232,22.7838476896286,38.1370422840118,77.4828413426876,19.6519777774811,20.3455348610878,820.196640402079,5197.00562641025,1155.37466081977,941.538869380951,163.355258882046,304.419502466917,110.53945171833,199.677358686924,18.7076315879822,68.2877342700958,373.53236952424,528.810735464096,5.99993377923965,1.94883239269257,29.8932390809059,65.9993768930435,0,0.886283159255981,8.37869310379028,37.0656988918781,0,0,0,30.5061305761337,0,0,0,0,12.9237105250359,13.4585534930229,1.92376315593719,0.89674985408783,0,0.947473168373108,0,0,0,0,1.68689155578613,4.72265070676804,0,0,4.91799372434616,4.33698290586472,0,0,0,0,0,0
10.4363331198692,3.72979265451431,8.77851468324661,0.423358142375946,2.36960953474045,0,4.93420025706291,0.620557010173798,1.16506850719452,0,1.25245475769043,0,2.80996477603912,0,0.535501658916473,0,5.0563178062439,0,70.6774836480618,4.26931104063988,7.55343276262283,0,163.779452115297,0.704287350177765,3.6584934592247,0,6.22018682956696,0,32.1357969045639,4.09672522544861,272.191073536873,2.03784412145615,1308.68536540866,29.0447571873665,0,107.806131929159,249.488703757524,70.4273907542229,186.713234394789,48.9486722350121,10.3514452576637,1.18617844581604,553.35555690527,244.648216217756,728.506583243608,319.252830535173,264.685992926359,64.2390016913414,306.374248415232,296.493978232145,142.413637161255,69.5002461373806,9.81920409202576,0.851661264896393,26.5029422044754,8.33012425899506,18.6010468900204,7.72904908657074,111.795418381691,104.309633105993,74.2747126221657,12.8627776801586,19.1229727864265,4.22844499349594,52.8420069217682,3.50844836235046,3309.1900178194,456.381433933973,3.23885917663574,4.08915543556213,40.6249530017376,4.49822270870209,54.0309196710587,24.0713589787483,9.35273644328117,7.51076126098633,256.082423567772,45.5279398858547,5.09378242492676,1.18959677219391,43.4813141226768,30.3258638381958,1.40050494670868,1.59308683872223,64.1345042586327,15.0943793058395,2.49157032370567,0,13.3129677772522,9.88690984249115,0,0,0,0,22.7261776924133,0.857557713985443,3.62740054726601,0,0,1.48255127668381,0,0,0,0,1.52718728780746,0,0,0,0,0.689702689647675,0,0,0,0,0,0
1.77927827835083,1.68262696266174,0,2.24423390626907,0,0.809678971767426,0,2.11077272891998,0,0,0,1.23892822861671,0,0.327199250459671,0,0,0,2.46837627887726,1.92353951931,17.609195202589,0,2.98269712924957,0,36.6088408231735,0,8.76689076423645,0,2.58431857824326,15.5396369695663,9.66715610027313,1.23367935419083,115.74012747407,19.9465067386627,1076.95544549823,107.806131929159,0,87.3410376310349,103.525793880224,45.435044169426,111.792831212282,9.16392803192139,1.84288704395294,259.950257778168,443.452275961637,269.496192783117,456.055658280849,55.116658449173,179.05198854208,200.795586705208,283.509711921215,72.0087731480598,52.5868415236473,5.81108754873276,0.759758412837982,3.44750854372978,13.5740845799446,25.3962400555611,4.29626309871674,83.7022598385811,123.806212574244,51.7722294330597,3.37495058774948,8.54847604036331,16.0420783758163,46.863342165947,8.97539705038071,538.350658535957,1958.91386127472,5.24734038114548,0.58936208486557,4.3311482667923,7.11690711975098,19.4800141453743,33.8889989852905,7.16044467687607,9.2351331114769,94.8443269133568,71.8789715766907,1.366783618927,0.906932055950165,20.666594684124,32.6312525570393,0.903864145278931,9.0615513920784,25.1789110302925,19.5534493923187,0,1.36929786205292,12.260521709919,11.188582867384,2.37499237060547,0,0,0,12.3934160470963,7.3215656876564,1.62974083423615,0,0,0,0,0,0,0,0,0,0,0,0,0.473842203617096,0,0,0,0,0,0
997.717071950436,15.5242925882339,133.164592832327,0,22.8841437101364,0,124.239663898945,2.09079247713089,14.5037642717361,0,24.4831712245941,0,31.9103035032749,0,20.957676589489,0,46.6801052987576,14.271232008934,191.78496363759,41.8694097697735,36.5696941018105,28.6962732672691,24.3959490060806,0,4.48402044177055,0,95.8336804509163,28.9753727912903,173.479517102242,22.6504440903664,4.86420142650604,0,26.8019479811192,119.456194758415,249.488703757524,87.3410376310349,0,355.03836119175,1638.00772926211,75.287514090538,353.0752620399,15.0726251006126,520.521338522434,151.378090858459,152.137480676174,167.064499169588,1153.88979285955,45.1059200763702,404.514266371727,127.181354165077,744.484332174063,31.3226916193962,124.352811545134,1.85739481449127,1455.57326111197,6.17185932397842,886.133168637753,142.920938432217,303.691678315401,184.690246999264,443.250075221062,31.4773201346397,160.136719405651,62.182813346386,276.624768346548,32.8858737945557,608.896346956491,1049.0572245717,624.983598560095,29.7368765473366,692.03531908989,86.4700438380241,350.093720883131,121.701170146465,825.885015904903,95.5768232345581,3278.13736885786,306.980647534132,5.49829638004303,5.32312136888504,109.052288234234,15.207952439785,171.322845041752,0,250.182719528675,9.30077251791954,1237.52289766073,1.50022053718567,800.700066208839,5.00365215539932,204.726244986057,510.079745590687,182.12553268671,306.369597494602,293.776544064283,83.4612981379032,162.755574524403,51.2061305642128,103.777776956558,162.961232125759,61.8061028420925,96.9818583726883,187.189716517925,215.734984815121,109.03422036767,71.678772777319,73.1521891355515,44.9679839611053,18.0811683237553,63.2321901917458,70.5141004025936,14.3739339709282,17.4323903620243,5.95463153719902,4.10437762737274,12.9275365769863
0,718.212792247534,1.27500927448273,121.54125353694,2.39308178424835,32.9712877869606,0,67.2994062006474,0,35.8294520378113,0,13.3216940164566,0,13.7615607976913,0,143.677550822496,0,36.2110649347305,3.57801049947739,191.903745263815,20.5230997204781,119.137265563011,0.610755145549774,8.94015192985535,0.612370371818542,7.20887869596481,21.9035030603409,156.116114020348,4.50387477874756,225.318101763725,3.0433257818222,11.01385602355,9.23835706710815,68.4509470760822,70.4273907542229,103.525793880224,355.03836119175,0,94.5824774503708,1863.83298313618,8.97891521453857,963.766042053699,118.229406714439,542.35481184721,63.3957928717136,345.793497920036,87.5398362278938,991.053458571434,48.5383370518684,619.973491311073,69.7499235570431,394.138646006584,2.58432483673096,184.705017834902,0,1771.34258764982,29.0650881528854,484.256554841995,130.169461876154,427.724132180214,100.490147858858,152.877068430185,6.90687769651413,56.6613786518574,106.421670377254,194.141678184271,388.121829479933,831.860230028629,5.00281792879105,66.9892879724503,35.3154049515724,649.98924151063,26.89723777771,585.380712211132,50.0955651402473,403.847785770893,235.741717159748,3740.50403380394,1.24218356609344,5.1782631278038,7.89922022819519,124.613292902708,0,285.584623485804,11.3566399812698,699.55602362752,0,1076.93833705783,0.814526200294495,829.405075728893,76.3579893112183,161.795665115118,115.96860152483,121.057204335928,49.5538954138756,266.612725347281,90.2390370965004,62.2605866193771,48.1275663971901,146.589667111635,82.9937705993652,30.2516549527645,176.570949912071,108.091553479433,45.067647755146,47.7393938004971,55.9484301805496,25.9438661336899,15.937830388546,105.247166931629,60.4005191922188,9.3108132481575,24.9254027307034,0.79991489648819,1.1610631942749,11.4681569337845
84.3517499566078,0,8.3680636882782,1.67684864997864,15.7703620791435,0,9.56464505195618,0,8.17023056745529,0,1.77039659023285,0,1.69054472446442,0,36.7192659974098,0,4.8618973493576,0,25.6267239451408,0,9.03340876102448,10.4327199459076,3.14771902561188,2.56211018562317,2.32477599382401,0,20.8077431619167,2.99198031425476,92.1066668629646,0,12.5447999238968,0.595203340053558,35.0242371559143,24.9194511175156,186.713234394789,45.435044169426,1638.00772926211,94.5824774503708,0,63.4990708231926,1336.88240024447,6.32876777648926,307.641104668379,35.8646921515465,262.086507052183,3.33542907238007,1319.61113327742,5.98556971549988,143.105331808329,3.36584877967834,150.994984537363,0,22.428641885519,0,1825.47305053473,1.63725399971008,138.244407951832,1.88798427581787,102.820031583309,6.02112829685211,99.6594362258911,0.662962138652802,47.9110473096371,2.23481976985931,56.2001507878304,0,760.935891509056,110.369502663612,77.5749006867409,0,90.1178451776505,13.8728089332581,67.1584860980511,13.5270937681198,64.5199399590492,27.6608264446259,132.613245069981,70.7505529522896,2.51669216156006,0,18.0469831228256,0,202.35172021389,0,30.2112932503223,0,174.753217071295,1.7791485786438,184.197120755911,0,287.914606809616,475.809656143188,109.704402416945,179.254817813635,62.2035523056984,140.552128463984,102.884849458933,38.4737339615822,89.6604308485985,174.494832485914,40.6847417354584,56.8976118564606,104.920709371567,100.925173997879,30.2551057338715,32.0026606917381,27.0942306518555,18.5645424723625,5.93548339605331,1.36872828006744,29.4002626538277,9.84462133049965,16.4950191378593,2.54286098480225,0.493834048509598,15.4210947751999
0,99.5122658610344,0.636766970157623,13.7509725689888,1.84785789251328,64.3008648753166,0,7.93949890136719,0,12.5330401659012,0,1.41784834861755,0,1.31838202476501,0.900000870227814,45.2078008651733,1.73955690860748,5.50383016467094,0,30.8426972031593,0.553263783454895,53.1385586857796,0.464315354824066,0.595610618591309,2.36514517664909,10.1836959123611,3.26542776823044,46.5392091274261,0,58.8655369877815,2.91746121644974,23.8166052997112,4.6418821811676,153.98714235425,48.9486722350121,111.792831212282,75.287514090538,1863.83298313618,63.4990708231926,0,1.28272664546967,2137.871717453,41.7724267244339,298.556808382273,8.74235355854034,250.325263619423,18.5245273709297,997.65441685915,4.38858389854431,160.811858981848,0,85.2750968337059,0,47.8673703372478,0,1990.2579614222,8.86739021539688,171.302946686745,0.827661395072937,190.98229059577,2.63688969612122,36.9205481112003,0,43.3992514014244,0,36.8223000466824,49.4324172735214,1151.0093383491,0,29.8860450983047,16.9762709736824,108.461837351322,4.91302955150604,77.9323608279228,16.8147837817669,56.9703450202942,42.9001198410988,239.693140178919,0,1.56585121154785,0,23.6489924192429,0,145.893538862467,0,48.7004100382328,0,274.657503157854,0,146.278907328844,141.302731513977,79.0933302938938,115.58162778616,45.8041100800037,12.3297083973885,95.7409321963787,50.440770149231,23.1954867243767,47.0014650821686,60.0204801857471,48.054295539856,10.4666020870209,125.335282802582,41.2553231418133,21.383180141449,11.3059343099594,23.941111266613,8.52538946270943,2.12076604366302,2.43936502933502,20.2761746942997,3.3022395670414,7.30006670951843,0,1.46640902757645,5.00946497917175
3.19419080018997,0,7.91613030433655,0,51.3759903609753,2.3672359585762,0,2.43380951881409,23.2069373726845,0,0,0,0,0,34.723902285099,0,0.64106673002243,0,3.55102288722992,0.930295348167419,105.841320931911,2.30282032489777,12.6012941002846,0,20.5141120553017,0.755972683429718,21.0025570988655,9.32094323635101,274.414344847202,0,6.6017233133316,2.03104013204575,0,1.4758780002594,10.3514452576637,9.16392803192139,353.0752620399,8.97891521453857,1336.88240024447,1.28272664546967,0,55.9249573349953,73.8696983754635,0,8.71189054846764,0,236.415080279112,0,23.4099781811237,0,85.0453830063343,0,30.4769985675812,0,243.99334910512,0.918770611286163,4.03330516815186,0,11.370552957058,0,16.4142035841942,0,0,0,31.9328664541245,0,18.7700630426407,0,2.17969048023224,0,648.931573569775,33.0093701481819,173.395199716091,21.3317050933838,287.483036100864,29.882685482502,331.757397502661,0,0.637028634548187,0,6.17325174808502,0,439.039052397013,0.832514703273773,39.788120508194,0,903.086357533932,8.64128869771957,112.072153806686,5.05342298746109,13.0759513378143,0.589167237281799,2.45671311020851,0.416588991880417,7.70850244164467,1.59955525398254,3.01791614294052,1.48939192295074,7.35409757494926,0,0.821489602327347,0,2.4779412150383,0,4.47711434960365,2.47589647769928,1.37590360641479,0,5.65000736713409,0,0,0,1.41890859603882,0,0,2.40844297409058
0,0.696007251739502,0,3.8549245595932,2.4999161362648,153.263453751802,0,5.93004155158997,1.66126209497452,174.238427549601,0,2.48980581760406,0,18.9829518795013,1.99010324478149,462.49810513854,0,0.999060153961182,0,3.64412713050842,24.307243168354,604.405943453312,1.61485922336578,8.37628093361855,3.40435415506363,40.4558953344822,5.48529118299484,134.148249924183,0.970080435276031,435.382113277912,3.65540936589241,16.2159308791161,0,0.533418774604797,1.18617844581604,1.84288704395294,15.0726251006126,963.766042053699,6.32876777648926,2137.871717453,55.9249573349953,0,23.0680675804615,72.4128020703793,0,29.9029263854027,3.39571499824524,235.588407695293,0,71.9364710748196,0,40.2848939299583,0,40.6632995307446,4.69846993684769,337.701580405235,0,3.89700525999069,0,17.8490126430988,0,8.53776317834854,0,6.57433325052261,0,14.2997250258923,0,23.5027822256088,0,0,44.8180300593376,446.028078198433,47.1354163885117,1033.47478044033,16.038478076458,267.681276738644,5.49818813800812,220.504984796047,0,0,0,50.3468902111053,3.59926101565361,1181.19629582763,3.4500572681427,301.163162410259,10.5811038613319,1929.04194462299,5.84410971403122,234.304130405188,0,9.0950220823288,1.46829080581665,1.65382760763168,1.76774644851685,23.6589638888836,5.11456400156021,0.561322033405304,1.67617690563202,18.4231081604958,1.18605601787567,0.777399122714996,1.35219824314117,2.35392072796822,4.0884952545166,3.03955006599426,5.11250400543213,2.27589273452759,4.76073211431503,4.22640126943588,3.31434473395348,0,0.689790010452271,1.3179692029953,0,0.759999752044678
0,1.54490232467651,2.27529460191727,0,0,0,0,0,0,0,0,0,0,0,1.30433428287506,0,0,0,41.4842610359192,2.4483560025692,2.59417319297791,0,25.5691586136818,0,0,0,0,0,203.862544536591,5.95417594909668,73.1046034097672,0.998414754867554,112.320261657238,20.9445533752441,553.35555690527,259.950257778168,520.521338522434,118.229406714439,307.641104668379,41.7724267244339,73.8696983754635,23.0680675804615,0,2277.80322340131,9796.59129071236,1222.25448298454,8301.22301638126,1674.09951916337,4901.09906163812,357.673949927092,2570.52968889475,52.4932250082493,477.450681477785,13.835222452879,295.152804017067,126.179931372404,0.850175023078918,0.884891211986542,22.9141230285168,67.9881337881088,4.49392807483673,0.756740093231201,1.54300510883331,1.07771742343903,27.3640947937965,0,2308.94008135796,805.072453975677,0,0,11.4525733888149,0,313.283466666937,30.3091716766357,20.96770003438,4.69248139858246,410.838474065065,36.3714082837105,0,0,99.0951993465424,4.57330030202866,32.6775615215302,0.728150606155396,130.76719725132,12.929881632328,7.71534818410873,0,153.177208542824,12.7829138636589,325.793585598469,0,0,0,49.8117256164551,0.708649873733521,6.03146034479141,1.4271137714386,151.969866573811,73.6265125870705,0,0,0,0,0,0,0,0,0,3.29811584949493,0,0,0,0,0,0
0,0,0,0,0,0,0,0,0,0,0,0,0,0.595476806163788,0,2.59700149297714,0,0,0,3.8683902323246,0,1.53401458263397,0,2.30503013730049,0,0,0,0,1.86671757698059,56.946109354496,0,21.4717338383198,0.823088407516479,110.017350137234,244.648216217756,443.452275961637,151.378090858459,542.35481184721,35.8646921515465,298.556808382273,0,72.4128020703793,2277.80322340131,0,683.995563536882,7780.85757356882,382.487650513649,6789.25390738249,205.300869703293,4787.19757646322,74.2341691553593,1984.40534862876,0.95914900302887,714.364378899336,5.13625174760818,477.975047230721,0,0,45.4906998276711,61.8607522845268,15.1271337866783,0.791372179985046,0,4.01781266927719,18.726381957531,4.77048668265343,554.220124781132,2261.70031067729,0.920185506343842,0,0,3.12538945674896,3.56225955486298,293.461977779865,0,40.5121775865555,98.3803369402885,310.904849082232,0,0,0,98.1470738351345,0,32.5293019711971,1.96416330337524,204.882818669081,0,29.7973561584949,0,162.307522326708,0,0,0,0,0,26.6814103126526,1.78383719921112,13.1287711858749,0,178.930450558662,0,0,0,0,0,0,0,1.96122765541077,0.846068501472473,5.66777330636978,2.95134049654007,0,0,0,0,0
2.25358462333679,0,0,0,0,0,0,0,0,0,0,0,0,0,0,0,3.52903109788895,0,12.6987584233284,0,0,0,0.843010663986206,0,0,0,0,0,40.0461908280849,3.11645638942719,24.7598598599434,1.9353529214859,180.673715114594,0.658269703388214,728.506583243608,269.496192783117,152.137480676174,63.3957928717136,262.086507052183,8.74235355854034,8.71189054846764,0,9796.59129071236,683.995563536882,0,1529.27488049865,1402.41464444995,33.1729688644409,3193.12630173564,171.939105033875,857.191552639008,41.8514834046364,57.2401941716671,3.30461239814758,85.2156063914299,6.62699624896049,1.44213771820068,0,57.132491081953,29.7573720812798,10.980020403862,1.73840022087097,0.815563917160034,0,69.3811530470848,0,2543.89056685567,673.570354908705,0.582546353340149,0,1.94393062591553,0,69.8453795313835,4.86486923694611,13.0553411245346,0,154.141498655081,18.1649124026299,0,0,83.6927849948406,0.541768610477448,0.476765066385269,0,82.0828502178192,0,0.443991631269455,0,62.7544177472591,0,3.04076066613197,0,0,0,30.5449059307575,0,4.25386995077133,0,0,0,0,0,0,0,0,0,0,0,0,2.02443981170654,0,0,0,0,0,0
0,0.660195052623749,0,2.15440595149994,0,0,0,0,0,0,0,0,0,0,0,0,0,0,0,0,0,0,0,0,0,0,0,0,0,55.2559533715248,0,0.448998063802719,0,4.65162402391434,319.252830535173,456.055658280849,167.064499169588,345.793497920036,3.33542907238007,250.325263619423,0,29.9029263854027,1222.25448298454,7780.85757356882,1529.27488049865,0,37.1742255091667,2024.40558943152,125.542423427105,4728.93946436048,44.4442517161369,1209.75335252285,0,304.926627993584,0,383.72037422657,0,1.79075762629509,30.9323875010014,307.77339810133,2.62214064598083,6.39162009954453,0,4.20421439409256,14.8667069673538,12.9216091632843,528.625262975693,3519.15551170707,0,0,0,0.827945291996002,2.48544132709503,282.385584145784,0,56.1670815646648,98.3986213505268,252.679011702538,0,0,0,219.577221691608,0,10.7211494147778,0,209.3679022789,0,0.578542828559875,0,166.379085153341,0,0,0,0,0,14.9265387654305,0,8.71258836984634,0,6.23407316207886,0,0,0,0,0,0,0,0,0,3.55483448505402,2.95333355665207,0,0,0,0,0
0.936233520507812,0,7.88926231861115,0,8.58798485994339,0,2.80531680583954,0,5.81946161389351,0,1.35620784759521,0,5.50953084230423,0,12.9769606292248,0,0,0,31.2049878239632,0.798843026161194,12.441125690937,0,21.037145793438,0,0,0,1.6035527586937,0,629.342270374298,1.64862197637558,29.0519603490829,1.14289677143097,39.1712943911552,6.44698357582092,264.685992926359,55.116658449173,1153.88979285955,87.5398362278938,1319.61113327742,18.5245273709297,236.415080279112,3.39571499824524,8301.22301638126,382.487650513649,1402.41464444995,37.1742255091667,0,262.471511572599,582.043136686087,34.7283309698105,1511.63599652052,7.30546188354492,1634.66463795304,0,2928.85001429915,36.4335258603096,4.99921274185181,2.74161106348038,14.8839533030987,49.2934092879295,21.7339736819267,4.79722827672958,3.725994348526,8.48454093933105,26.0457593202591,4.4093554019928,783.805171251297,418.696220159531,3.39569628238678,0,46.6091129481792,0,482.279493629932,12.7197461426258,20.31936866045,0,398.036468178034,46.6395860910416,0.868229925632477,0,135.837501108646,1.20098692178726,114.669404834509,0,266.640644609928,6.71152251958847,135.713376671076,0,749.073177874088,7.90207099914551,813.127481758595,0,0.758464336395264,0,77.9937753379345,6.28457760810852,36.5820472240448,0,335.714965105057,7.06817495822906,0.506351113319397,0,1.33465787768364,0,5.65067148208618,1.18860948085785,0,0,0,97.1094655990601,0,0,0.92542552947998,0,0,1.66635358333588
0,4.78244870901108,0,4.00445401668549,0,0,0,3.46047616004944,0,0.768820285797119,0,1.59143793582916,0,3.13701757788658,0,3.07565021514893,0,0.68203866481781,0,23.5258230566978,0.997908174991608,4.05386424064636,0,12.3003171682358,0,0.896533012390137,0,4.35275214910507,2.06495833396912,105.914652615786,0,63.5568197369576,1.99749714136124,276.529165744781,64.2390016913414,179.05198854208,45.1059200763702,991.053458571434,5.98556971549988,997.65441685915,0,235.588407695293,1674.09951916337,6789.25390738249,33.1729688644409,2024.40558943152,262.471511572599,0,5.38842070102692,537.329999774694,2.68943512439728,601.649180263281,0,2067.38203394413,0.790306150913239,3079.90070155263,6.66567420959473,12.8563606441021,1.7390718460083,42.8047526478767,2.37030839920044,3.62728595733643,0,3.09127241373062,1.21758627891541,5.00257241725922,96.0235331654549,1412.2903432548,3.18279498815536,2.8657118678093,1.294224858284,33.911541223526,1.44125974178314,453.383449077606,1.28248131275177,49.5831996798515,41.3877511024475,443.125626474619,0,1.35930490493774,0,99.416124612093,0,57.1127409338951,0,299.850699216127,0,81.5723419487476,0,440.242451459169,1.03897213935852,2.16001933813095,0.418495714664459,3.03899919986725,7.57501667737961,29.6999354958534,2.6880174279213,47.9304446578026,0,634.580422222614,0,0,2.87254881858826,0,2.22928974032402,2.93733608722687,0,1.04929196834564,0,147.098721086979,8.34103578329086,0,0,0,0,0.889613628387451
0,0,0,0,0,0,1.39917981624603,0,0,0,0,0,0,0,0,0,3.56998127698898,0,2.6532846391201,0,0,0,0,0,0,0,0,0,131.938878148794,0,0,0,1.29436457157135,1.3643171787262,306.374248415232,200.795586705208,404.514266371727,48.5383370518684,143.105331808329,4.38858389854431,23.4099781811237,0,4901.09906163812,205.300869703293,3193.12630173564,125.542423427105,582.043136686087,5.38842070102692,0,29.4245961904526,7595.11197048426,4.19938009977341,340.660926282406,0,190.390760302544,0,13.6950582265854,0,771.19678735733,1.63954246044159,69.1895735263824,0,5.19653221964836,0,95.6247333884239,0,814.868818700314,491.934477597475,0,0,6.46699267625809,0,255.236680477858,4.19360619783401,27.676223129034,0,467.014543443918,16.2405986785889,0.663804173469543,0,214.80725389719,0,23.2877810001373,0,243.681755334139,0.725384950637817,0,0,154.502285838127,0,31.1839767098427,0,0,0,88.6288757324219,0,14.7493412494659,0,0,0,0,0,0,0,0,0,0,0,0,3.99391257762909,0,0,0,0,0,0
0,27.7251782417297,0,16.7486687898636,0,0,0,15.4883397817612,0,0,0,5.20941269397736,0,0.956994891166687,0,0,0,10.9404016435146,0,12.4748044610023,0,0.675651550292969,0,0,0,0,0,0,0,133.649817824364,0,0,0,4.67949280142784,296.493978232145,283.509711921215,127.181354165077,619.973491311073,3.36584877967834,160.811858981848,0,71.9364710748196,357.673949927092,4787.19757646322,171.939105033875,4728.93946436048,34.7283309698105,537.329999774694,29.4245961904526,0,30.80727237463,7327.99103564024,0,1168.54948344827,0,1102.6331487298,4.15002983808517,88.1367158889771,17.2599639296532,1811.21517339349,2.5554678440094,209.130695223808,0,58.1009770035744,12.7589316368103,995.615818023682,343.762285530567,869.001096963882,0,0,0,7.30435639619827,0,595.800551325083,0,102.879197210073,68.2270110249519,548.774942457676,0,18.0877376198769,0,646.214905261993,0,52.8189085125923,0,1036.95637369156,0,2.74870008230209,0,619.779045909643,0,0,0,0,0,37.6640879511833,0,3.02866619825363,0,11.4077883660793,0,0,0,0,0,0.414265632629395,0,0,0,9.45088315010071,1.73324346542358,0,0,0,0,0
31.224346280098,0,4.38415902853012,0,1.20464849472046,0,29.9772464931011,0,0,0,1.9114009141922,0,0.861227035522461,0,0,0,21.2612050771713,0,2.97548431158066,0,0,0,0,0,0,0,0,0,426.478976219893,0,0,0,4.80425602197647,7.94624626636505,142.413637161255,72.0087731480598,744.484332174063,69.7499235570431,150.994984537363,0,85.0453830063343,0,2570.52968889475,74.2341691553593,857.191552639008,44.4442517161369,1511.63599652052,2.68943512439728,7595.11197048426,30.80727237463,0,12.1176549196243,6685.45153602958,0,1278.17781445384,0,151.99042096734,1.03484833240509,2058.80048823357,30.5063642859459,809.046264022589,1.06011295318604,34.2032543420792,0,3006.11955684423,3.9164542555809,549.150095522404,489.313114494085,0,0,9.07515531778336,3.22786629199982,529.158599644899,2.10197120904922,70.7877314388752,0,745.295888960361,20.4367418289185,10.0378914773464,0,617.025393426418,1.98368120193481,93.1864649653435,0,3069.0543820262,0,17.2347402274609,0,1466.53452250361,2.17059516906738,26.2546883821487,0,0,0,157.682667464018,0,21.5088385045528,0,0,0,0,0,0,0,0,0,0.527885615825653,0,0.705605089664459,5.40738308429718,0,0,0,0,0,0
0,145.041036725044,0,22.8594997525215,0,0,0,131.298407077789,0,0,0,8.84634286165237,0,0.945416152477264,0,0,0,14.3028599023819,0,13.9604670405388,0,0,0,0,0,0,0,0,0,130.126273363829,0,0,0,8.40507698059082,69.5002461373806,52.5868415236473,31.3226916193962,394.138646006584,0,85.2750968337059,0,40.2848939299583,52.4932250082493,1984.40534862876,41.8514834046364,1209.75335252285,7.30546188354492,601.649180263281,4.19938009977341,7327.99103564024,12.1176549196243,0,0,3976.07446891069,3.05036759376526,901.910493254662,2.58692121505737,353.965196162462,1.05105435848236,793.565724074841,0,199.096275061369,0,185.991283714771,12.5715590119362,1739.36908218265,87.4264770746231,167.709033846855,0,1.74240338802338,0,17.0561844110489,0,473.451546937227,0,78.6875365078449,14.8321757316589,423.959552943707,0,19.8780198395252,0,623.497754693031,0,60.4709481596947,0,3702.3172326684,0,7.4404159784317,0,1135.70195800066,0,0,0,0,0,29.4983863532543,0,1.27665674686432,0,2.85034972429276,0,0,0,0,0,0,0,0,0.850791931152344,5.72440177202225,0,0,0,0,0,0
0,0,0,0,2.29276186227798,0,0,0,0,0,0,0,0,0,0,0,0,0,0,0,2.43928396701813,0,0,0,0,0,0,0,119.65352371335,0,0,0,0,0,9.81920409202576,5.81108754873276,124.352811545134,2.58432483673096,22.428641885519,0,30.4769985675812,0,477.450681477785,0.95914900302887,57.2401941716671,0,1634.66463795304,0,340.660926282406,0,6685.45153602958,0,0,0,1269.67257452011,0,6.28508198261261,0,21.6207414865494,0,9.58066308498383,0,0.393548876047134,0,129.88529035449,0,24.7940157353878,5.26473122835159,0,0,0,0,101.580561190844,0,9.12956440448761,0,91.1903181970119,1.22603785991669,0,0,69.2965857386589,0,17.5245132744312,0,710.399639695883,0,8.08964198827744,0,841.213891744614,0,107.165002316236,0,0,0,13.6002067327499,0,2.03225362300873,0,1.64909887313843,0,0,0,0,0,0,0,0,0,0,0,0,0,0,0,0,0
0,3.12036150693893,0,0,0,0,0,2.09939479827881,0,0,0,0,0,0,0,0,0,0,0,0,0,0,0,0,0,0,0,0,0,21.166134506464,0,0,0,0,0.851661264896393,0.759758412837982,1.85739481449127,184.705017834902,0,47.8673703372478,0,40.6632995307446,13.835222452879,714.364378899336,3.30461239814758,304.926627993584,0,2067.38203394413,0,1168.54948344827,0,3976.07446891069,0,0,0,3097.26837745309,0,5.96712559461594,0,20.8623409867287,0,2.50047612190247,0,1.29619348049164,0,3.86139363050461,1.70429193973541,29.156350672245,0,0,0.820947408676147,0,0,103.212126284838,0,6.3478025496006,1.50658464431763,28.2195189297199,0,0,0,37.2775745391846,0,8.61200511455536,0,769.051811635494,0,6.19102692604065,0,1392.15801101923,0,0,0,0,0,1.70661446452141,0,0.638511717319489,0,17.1745039224625,0,0,0,0,0,0,0,0,0,0,0,0,0,0,0,0
0.600280523300171,0,0,0,2.01569586992264,0,0,0,3.56764733791351,0,0,0,0,0,7.25182372331619,0,0,0,0,0,4.27617901563644,0,0,0,0.558522462844849,0,0,0,160.550327211618,0,0.514155566692352,0,2.82953149080276,0.839579105377197,26.5029422044754,3.44750854372978,1455.57326111197,0,1825.47305053473,0,243.99334910512,4.69846993684769,295.152804017067,5.13625174760818,85.2156063914299,0,2928.85001429915,0.790306150913239,190.390760302544,0,1278.17781445384,3.05036759376526,1269.67257452011,0,0,0,1.37310299277306,0,18.0420935153961,0,13.1901254951954,0,4.75838154554367,0,68.0984221100807,0,134.359506845474,10.820810854435,0,0,22.5569130778313,3.79117965698242,94.780435115099,1.06622648239136,27.7658071517944,2.57546347379684,149.923040419817,0.63131320476532,0,0,34.4656218290329,0,65.3294585347176,0,210.759173333645,0,530.474952399731,0,3291.06152504683,0,157.493845790625,0,0,0,17.6438593268394,0,3.4753038585186,0,23.8608492612839,0,0,0,0.788275599479675,0,1.08530461788177,0,0,0,0,0.567736327648163,0,0,0,0,0,0
0,6.09351432323456,0,0,0,0.961143910884857,0,1.34197330474854,0,2.4042102098465,0,0,0,0,0,8.29094517230988,0,0,0,0,8.7094315290451,2.44097864627838,0,0,0,0.605826318264008,0,1.68208771944046,0,50.5065375268459,0,0,0,12.8865230381489,8.33012425899506,13.5740845799446,6.17185932397842,1771.34258764982,1.63725399971008,1990.2579614222,0.918770611286163,337.701580405235,126.179931372404,477.975047230721,6.62699624896049,383.72037422657,36.4335258603096,3079.90070155263,0,1102.6331487298,0,901.910493254662,0,3097.26837745309,0,0,0,8.48389399051666,0,24.5254562795162,0,3.10972076654434,0,10.7841578125954,0,8.18898788094521,11.1193858683109,154.996178030968,0,0,3.94580888748169,19.2646335959435,2.74029433727264,243.951485484838,0.996694564819336,26.2226342558861,4.72973811626434,225.277851253748,0,0.687436640262604,0,58.2858985364437,0,37.6565197408199,0,500.303168594837,0,425.671344250441,0,3450.28692132235,0,3.08003276586533,0,0,0,23.4905593395233,2.70538640022278,33.10343927145,0,256.799678325653,0,0,0,0,0,4.40752404928207,0,0,0,4.39973598718643,0,0,0,0,0,0
11338.5166550577,70.8427082598209,378.35883513093,11.2866745591164,0,0,593.768492639065,11.4625390172005,0,0,198.482156813145,0,216.760727673769,0,7.53070759773254,0,2375.64398601651,12.3529123067856,271.102387011051,216.431577563286,0,0,11.5311424136162,0,0,0,0,0,1178.12447300553,8.49318701028824,8.37012946605682,2.41419124603271,146.611828923225,359.698503255844,18.6010468900204,25.3962400555611,886.133168637753,29.0650881528854,138.244407951832,8.86739021539688,4.03330516815186,0,0.850175023078918,0,1.44213771820068,0,4.99921274185181,6.66567420959473,13.6950582265854,4.15002983808517,151.99042096734,2.58692121505737,6.28508198261261,0,1.37310299277306,0,0,126.418473184109,3152.89598461986,21.7271604537964,6465.63422903419,5.67653298377991,2043.84347590804,19.4305135011673,607.83797994256,2.34338331222534,872.142901748419,246.06411293149,2368.27679038048,110.13918274641,646.883248746395,79.6274970173836,2417.09500449896,56.6162556409836,648.525170981884,5.62581217288971,2390.67212694883,179.57459717989,51.5057076215744,3.90238434076309,287.083263665438,1.23810398578644,14.1807705760002,0,224.374891519547,1.70791673660278,0,0,120.902934789658,0,0,0,0,0,147.130882978439,0,8.49879908561707,0,0,0,0,0,1.11764216423035,0,9.74609577655792,0,7.38526558876038,0,5.89996492862701,14.7276629209518,0,0,0,0,0,0
2.65871548652649,13357.0392005146,0,519.797642439604,0,0,0,925.507771670818,0,0,0,195.526734858751,0,96.7489444613457,0,19.366161942482,4.05910694599152,1861.12258264422,5.09102481603622,1320.37411540747,0,0,0,16.9867547154427,0,0,0,0,7.08337807655334,695.189397126436,0.791141211986542,6.72989657521248,35.0028785169125,940.703551620245,7.72904908657074,4.29626309871674,142.920938432217,484.256554841995,1.88798427581787,171.302946686745,0,3.89700525999069,0.884891211986542,0,0,1.79075762629509,2.74161106348038,12.8563606441021,0,88.1367158889771,1.03484833240509,353.965196162462,0,5.96712559461594,0,8.48389399051666,126.418473184109,0,20.2240354418755,1882.90679422021,22.3569164276123,2868.3404160738,2.56957739591599,4917.41761136055,8.40737736225128,529.557817697525,98.8357706964016,501.426170378923,36.4063251018524,1802.56535124779,48.5668725371361,584.049459517002,6.64770823717117,2312.70606178045,0,646.119315892458,175.486408919096,2310.38117307425,5.15868043899536,37.6716326773167,2.47082769870758,279.923820406199,0,3.83045041561127,1.84846901893616,461.976975947618,0,0,0,320.548247337341,0,0,0,0,0,74.7919473350048,0,0,0,0,0,0,0,0,0,9.7321857213974,0,1.20161461830139,12.3059693574905,13.0756015181541,0,0,0,0.751219987869263,0,2.15805101394653
184.58451461792,5.35072404146194,87.667720168829,0,0,0,57.2745522856712,0,0,0,7.67100942134857,0,3.68545341491699,0,0,0,43.0675538778305,3.60152626037598,86.559129178524,13.4665930867195,0,0,0.595406591892242,0,0,0,0,0,187.936871677637,1.68611884117126,6.27932864427567,0,77.4092154204845,150.07014426589,111.795418381691,83.7022598385811,303.691678315401,130.169461876154,102.820031583309,0.827661395072937,11.370552957058,0,22.9141230285168,45.4906998276711,57.132491081953,30.9323875010014,14.8839533030987,1.7390718460083,771.19678735733,17.2599639296532,2058.80048823357,1.05105435848236,21.6207414865494,0,18.0420935153961,0,3152.89598461986,20.2240354418755,0,44.7169203162193,5733.19131866097,19.6032132506371,149.630609214306,0.876232147216797,1179.03946939111,2.17606544494629,2780.96046203375,590.162016749382,323.887109428644,9.49465119838715,73.892224252224,22.1756529808044,397.809080004692,11.0540012121201,85.8605772256851,2.23668026924133,797.089694291353,67.6016906499863,35.4810692369938,1.46006321907043,228.230880081654,3.54567468166351,5.51302343606949,0,223.809309244156,0,0,0,84.6726095378399,0,0,0,0,0,117.031554311514,0,7.03107357025146,0,0,0,0,0,0,0,1.26570081710815,0,0,0,1.59414875507355,4.00741332769394,0,0,0,0,0,0
0,225.836055636406,0,82.0808629095554,0,0,0,137.729352146387,0,0,0,10.4675663709641,0,8.3806369304657,0,0,0,83.9937159717083,0,169.769093543291,0,0,0,3.76111304759979,0,0,0,0,5.96519601345062,205.041341274977,0.592828750610352,2.92751997709274,6.26250004768372,98.9533105492592,104.309633105993,123.806212574244,184.690246999264,427.724132180214,6.02112829685211,190.98229059577,0,17.8490126430988,67.9881337881088,61.8607522845268,29.7573720812798,307.77339810133,49.2934092879295,42.8047526478767,1.63954246044159,1811.21517339349,30.5063642859459,793.565724074841,0,20.8623409867287,0,24.5254562795162,21.7271604537964,1882.90679422021,44.7169203162193,0,41.3299349546432,1432.55753901601,1.61130309104919,621.997148752213,53.2566627264023,956.446595042944,294.093101620674,3122.7451518476,2.95922183990479,39.7315148115158,3.95059734582901,63.1823907494545,3.4383133649826,708.627139121294,0,168.544006407261,73.6331291496754,895.851141095161,1.63113856315613,86.5257515013218,0.70839935541153,944.522729367018,0,42.7257084846497,0.81053900718689,257.365547329187,0,2.14849162101746,0,110.268738210201,0,0,0,0,0,77.6235131323338,0,0.659502863883972,0,0,0,0,0,0,0,0,0,0,2.26481437683105,12.5121055245399,0,0,0,0,0,0.993707716464996
1735.12859758735,9.93132120370865,116.953895479441,1.37579125165939,0,0,666.067755192518,1.25004291534424,0,0,283.806557625532,0,468.038446784019,0,1.23054838180542,0,198.105666846037,6.61473321914673,158.898497253656,19.1255353689194,0.796026468276978,0,0.617646634578705,0,0,0,0,0,369.762604743242,6.57916224002838,1.44399738311768,1.82506084442139,27.5856684148312,112.215283036232,74.2747126221657,51.7722294330597,443.250075221062,100.490147858858,99.6594362258911,2.63688969612122,16.4142035841942,0,4.49392807483673,15.1271337866783,10.980020403862,2.62214064598083,21.7339736819267,2.37030839920044,69.1895735263824,2.5554678440094,809.046264022589,0,9.58066308498383,0,13.1901254951954,0,6465.63422903419,22.3569164276123,5733.19131866097,41.3299349546432,0,0,1586.3764590621,3.37553471326828,4985.87075775862,7.47967600822449,411.066690713167,354.471958786249,75.2621056139469,16.5460224151611,199.944940984249,34.0986837148666,691.15407243371,8.73833966255188,152.844365924597,1.6044288277626,862.004362106323,83.9980603456497,30.064593732357,0,392.031879037619,2.0960687994957,18.6097049713135,0,835.387481063604,2.64653563499451,0,0,210.141134649515,0,0,0,0,0,108.201580315828,0,22.5977252721786,0,0,0,0,0,1.77224338054657,0,4.92142599821091,0,0,0,1.10245418548584,2.59998869895935,0,0,0,0,0,0
0,879.902585029602,0,74.2883977890015,0,0,0,551.442215800285,0,0,0,181.165428370237,0,65.3666673600674,0,0,0,170.273039251566,0,100.464243769646,0,0,0,0,0,0,0,0,0,160.244309931993,0,3.77407073974609,2.41518241167068,22.7838476896286,12.8627776801586,3.37495058774948,31.4773201346397,152.877068430185,0.662962138652802,36.9205481112003,0,8.53776317834854,0.756740093231201,0.791372179985046,1.73840022087097,6.39162009954453,4.79722827672958,3.62728595733643,0,209.130695223808,1.06011295318604,199.096275061369,0,2.50047612190247,0,3.10972076654434,5.67653298377991,2868.3404160738,19.6032132506371,1432.55753901601,0,0,1.47028625011444,3526.98996034265,4.77796131372452,1680.85347348452,31.0045076012611,214.251822799444,0,1.24823698401451,0.836115062236786,51.8343693912029,1.45336866378784,237.92285373807,0,41.821218341589,19.4491008520126,194.567213892937,0,40.5410987138748,0,405.694425046444,0,14.5488342046738,0.820863783359528,368.157251447439,0,0,0,186.720260590315,0,0,0,0,0,18.6235623061657,0,1.0796412229538,0,0,0,0,0,0,0,0,0,0,0,3.14629411697388,0,0,0,0,0,0
436.390048205853,3.8055807352066,23.4444750845432,0,0,0,49.3952999711037,0,0.904335379600525,0,299.960364878178,0,189.994231849909,0,1.43268573284149,0,1770.13022083044,0.597558498382568,23.3159482777119,7.73242795467377,0,0,0,0,0,0,0,0,1079.50772356987,0,0.60706353187561,0,5.78102362155914,38.1370422840118,19.1229727864265,8.54847604036331,160.136719405651,6.90687769651413,47.9110473096371,0,0,0,1.54300510883331,0,0.815563917160034,0,3.725994348526,0,5.19653221964836,0,34.2032543420792,0,0.393548876047134,0,4.75838154554367,0,2043.84347590804,2.56957739591599,149.630609214306,1.61130309104919,1586.3764590621,1.47028625011444,0,2.12733507156372,610.977152079344,0,81.2519878149033,38.6003699302673,55.5431978404522,3.44953966140747,87.93107894063,8.26658976078033,671.226027399302,4.81656932830811,101.046448647976,0,457.336408644915,37.0815175175667,93.42605432868,0,2743.81341013312,0,34.9852834045887,0,1215.50023889542,0,5.43971037864685,0,96.4251753389835,0,0,0,0,0,76.2835767865181,0,13.7729655504227,0,1.77972686290741,0,0,0,0,0,2.05799543857574,0,0,0,0,2.37121421098709,0,0,0,0,0,0.749089956283569
0,608.502461433411,0,65.8823686242104,0,0,0,226.726628780365,0,0,0,345.0413210392,0,160.844584107399,0,3.02484691143036,2.94809794425964,1632.96504467726,0,77.0119068026543,0,0,0,0,0,0,0,0,0,577.875319093466,0.938808858394623,5.58664336800575,11.7806901931763,77.4828413426876,4.22844499349594,16.0420783758163,62.182813346386,56.6613786518574,2.23481976985931,43.3992514014244,0,6.57433325052261,1.07771742343903,4.01781266927719,0,4.20421439409256,8.48454093933105,3.09127241373062,0,58.1009770035744,0,185.991283714771,0,1.29619348049164,0,10.7841578125954,19.4305135011673,4917.41761136055,0.876232147216797,621.997148752213,3.37553471326828,3526.98996034265,2.12733507156372,0,6.10467004776001,1911.39591524005,21.0003538131714,406.757515609264,0.773281574249268,21.0748769044876,7.62161070108414,57.5451439619064,1.60755360126495,646.714105218649,0,48.9236634075642,24.4957517981529,204.008350938559,0,111.2955057621,0,2957.36454477906,0,10.0046258568764,0,2040.82526355982,0,0,0,463.212025702,0,0,0,0,0,13.079432964325,0,0,0,0.949068665504456,0,0,0,0,0,0,0,1.17798507213593,0.723114013671875,1.27219009399414,0,0,0,0,0,0
277.420654684305,0.833747804164886,30.5778633654118,0,0,0,197.997854173183,0,0,0,53.368202149868,0,155.841474175453,0,2.7192976474762,0,34.6374149024487,1.39210891723633,30.8814787864685,1.02674913406372,0,0,0,0,0,0,0,0,193.55606046319,3.78953528404236,1.41951885819435,1.50292301177979,3.3912250995636,19.6519777774811,52.8420069217682,46.863342165947,276.624768346548,106.421670377254,56.2001507878304,0,31.9328664541245,0,27.3640947937965,18.726381957531,69.3811530470848,14.8667069673538,26.0457593202591,1.21758627891541,95.6247333884239,12.7589316368103,3006.11955684423,12.5715590119362,129.88529035449,0,68.0984221100807,0,607.83797994256,8.40737736225128,1179.03946939111,53.2566627264023,4985.87075775862,4.77796131372452,610.977152079344,6.10467004776001,0,5.90211164951324,91.1205514371395,295.093401968479,2.08080357313156,0.976220011711121,31.0692856013775,3.8807390332222,248.359504520893,12.5456503629684,36.5293738543987,1.22880017757416,268.650853276253,34.1475979089737,12.76144105196,0,482.790373623371,0,61.7846507132053,0,5109.16561040282,0,13.6286992132664,0,951.155574023724,1.94924640655518,1.75123679637909,0,0,0,66.224961400032,0,7.15683192014694,0,4.26100730895996,0,0,0,0,0,0.626205742359161,0.781314551830292,0,0,0,4.09130167961121,0,0,0,0,0,0
0,289.866804242134,0,36.1395696103573,0,0,0,242.263891369104,0,0,0,70.8910442590714,0,17.9063374400139,0,0,0,50.2745859324932,0,43.3425677716732,0,0,0,0,0,0,0,0,0,77.0123337209225,0,0.726564764976501,4.47375154495239,20.3455348610878,3.50844836235046,8.97539705038071,32.8858737945557,194.141678184271,0,36.8223000466824,0,14.2997250258923,0,4.77048668265343,0,12.9216091632843,4.4093554019928,5.00257241725922,0,995.615818023682,3.9164542555809,1739.36908218265,0,3.86139363050461,0,8.18898788094521,2.34338331222534,529.557817697525,2.17606544494629,956.446595042944,7.47967600822449,1680.85347348452,0,1911.39591524005,5.90211164951324,0,18.9923161864281,188.767127305269,0,1.28922116756439,0,17.1690444946289,0,180.829215049744,0,48.4631164073944,9.51282703876495,199.820069462061,0,22.4797696769238,0,1095.95096513629,0,25.6199504137039,0,1421.2291765213,0,0.41755735874176,0,355.410417944193,0,0,0,0,1.04039287567139,21.2153080701828,0,0,0,0,0,0,0,0,0,0,0,0,0,2.01830607652664,0,0,0,0,0,0
71.7016105651855,35.7262270152569,121.378071695566,3.24378556013107,0,0,12.1973177194595,1.51194202899933,1.98579931259155,0,5.61959731578827,0,1.44371223449707,0,1.35087954998016,0,31.8687194883823,19.3490633368492,971.986337214708,140.289670914412,0,0,229.329668611288,0,0,0,0,0,141.759935855865,11.3140941858292,607.063030660152,15.0239925980568,6133.28921619058,820.196640402079,3309.1900178194,538.350658535957,608.896346956491,388.121829479933,760.935891509056,49.4324172735214,18.7700630426407,0,2308.94008135796,554.220124781132,2543.89056685567,528.625262975693,783.805171251297,96.0235331654549,814.868818700314,343.762285530567,549.150095522404,87.4264770746231,24.7940157353878,1.70429193973541,134.359506845474,11.1193858683109,872.142901748419,98.8357706964016,2780.96046203375,294.093101620674,411.066690713167,31.0045076012611,81.2519878149033,21.0003538131714,91.1205514371395,18.9923161864281,0,3359.77325552702,2112.81618666649,63.9695802032948,166.15248426795,83.3700058460236,263.793841183186,75.0962077081203,82.062571823597,7.88143426179886,871.727108567953,258.80026692152,13.9313781261444,2.34462487697601,177.745680123568,10.1761503815651,6.38150089979172,0,120.511814445257,5.07302975654602,12.178744494915,0,53.2662083804607,3.56784170866013,9.17004811763763,0,0,0,111.695047050714,0,16.2480181455612,1.22138655185699,0,0,0,0,1.31628501415253,0,0,0,0,0,0,2.84632670879364,0,0,0,0,0,0
1.46173298358917,87.3136784732342,0,92.7773708403111,0,0,0,69.3379620611668,0,0,0,7.36291390657425,0,0.786639869213104,0,0,12.6938391327858,88.2664737701416,0.479803949594498,781.033552408218,0,5.99000179767609,0.417127847671509,99.2628702223301,0,7.49256771802902,0,3.12436544895172,33.2049013972282,111.298675447702,1.93267500400543,402.298860341311,107.872124403715,5197.00562641025,456.381433933973,1958.91386127472,1049.0572245717,831.860230028629,110.369502663612,1151.0093383491,0,23.5027822256088,805.072453975677,2261.70031067729,673.570354908705,3519.15551170707,418.696220159531,1412.2903432548,491.934477597475,869.001096963882,489.313114494085,167.709033846855,5.26473122835159,29.156350672245,10.820810854435,154.996178030968,246.06411293149,501.426170378923,590.162016749382,3122.7451518476,354.471958786249,214.251822799444,38.6003699302673,406.757515609264,295.093401968479,188.767127305269,3359.77325552702,0,78.0673159956932,168.410918176174,54.4626443982124,86.1093341112137,102.436787307262,478.461045086384,2.09750008583069,141.801657140255,616.482850670815,917.314088970423,5.20699679851532,41.9484903514385,36.9818134903908,557.247264295816,0,14.8406527042389,19.9935980439186,128.231282413006,0,5.70166280865669,0,90.3086632490158,1.51297497749329,0,0,2.02098631858826,2.71885442733765,61.7051053643227,0,4.39063495397568,0,2.25890892744064,0,0,0,0,0,0.859571099281311,1.09778296947479,0,2.39668464660645,13.9738630354404,0,1.28679382801056,0,0,0,0
1585.5231423378,265.135789841413,366.981605440378,125.283685326576,0,0,47.2459503412247,37.941431760788,0,0,14.207162052393,0,5.49842512607574,0,0,0,20.375414788723,3.10576158761978,2196.41154670715,1292.75651556253,0,0,4.03155565261841,0.688527941703796,0,0,0,0,105.849573493004,3.34353548288345,10.7669286727905,1.67207992076874,1840.34043601155,1155.37466081977,3.23885917663574,5.24734038114548,624.983598560095,5.00281792879105,77.5749006867409,0,2.17969048023224,0,0,0.920185506343842,0.582546353340149,0,3.39569628238678,3.18279498815536,0,0,0,0,0,0,0,0,2368.27679038048,36.4063251018524,323.887109428644,2.95922183990479,75.2621056139469,0,55.5431978404522,0.773281574249268,2.08080357313156,0,2112.81618666649,78.0673159956932,0,63.9011137783527,1082.09778183699,189.899597227573,673.49340030551,88.7065892219543,268.846966713667,20.088182747364,2296.49599304795,263.376574456692,2.95321255922318,1.39865291118622,22.3096989393234,0.967292070388794,0.668273091316223,0,1.65494978427887,0,0,0,0,0,0,0,0,0,100.347803086042,0,8.04954048991203,0,0,0,0,0,0,0,2.67430937290192,0,0.921009123325348,0,3.13685297966003,4.0073453783989,0,0,0,0,0,0
0,588.497305393219,0,78.9940578937531,0,0,0,19.9339414834976,0,0,0,8.98839902877808,0,2.23866134881973,0,0,3.77270895242691,14.2562654614449,0,1544.19958624244,0,0,0,5.62148189544678,0,0,0,0,5.59940946102142,16.761948287487,0,3.0405005812645,29.2315080165863,941.538869380951,4.08915543556213,0.58936208486557,29.7368765473366,66.9892879724503,0,29.8860450983047,0,0,0,0,0,0,0,2.8657118678093,0,0,0,1.74240338802338,0,0,0,0,110.13918274641,1802.56535124779,9.49465119838715,39.7315148115158,16.5460224151611,1.24823698401451,3.44953966140747,21.0748769044876,0.976220011711121,1.28922116756439,63.9695802032948,168.410918176174,63.9011137783527,0,42.0051795840263,234.375287920237,20.5391219258308,166.236084550619,0.772056102752686,77.824355751276,102.460523605347,581.537345230579,5.54907917976379,0,5.83785593509674,8.24004828929901,0,0,0,0,0,0,0,2.32738965749741,0,0,0,0,0,8.12264764308929,0,0,0,0,0,0,0,0,0,0.531417787075043,0,1.15578150749207,1.13938784599304,5.30390799045563,0,0,0,0,0,0
2125.75268161297,89.7629951238632,1877.38239622116,217.90470713377,588.002929627895,129.678454875946,3319.47946342826,487.386637449265,674.366889774799,140.002095043659,376.998085051775,60.4670791924,2124.75436994433,146.808497458696,999.147219866514,117.395707219839,82.7985277175903,12.4696297049522,1751.56879040599,403.756943792105,907.443531572819,442.17546159029,1852.98181432486,546.021225452423,490.024199545383,316.96082881093,299.92333394289,340.274263769388,526.680014848709,19.1771107912064,772.38622751832,462.90977370739,210.460547268391,163.355258882046,40.6249530017376,4.3311482667923,692.03531908989,35.3154049515724,90.1178451776505,16.9762709736824,648.931573569775,44.8180300593376,11.4525733888149,0,1.94393062591553,0,46.6091129481792,1.294224858284,6.46699267625809,0,9.07515531778336,0,0,0.820947408676147,22.5569130778313,3.94580888748169,646.883248746395,48.5668725371361,73.892224252224,3.95059734582901,199.944940984249,0.836115062236786,87.93107894063,7.62161070108414,31.0692856013775,0,166.15248426795,54.4626443982124,1082.09778183699,42.0051795840263,0,639.301152437925,5797.18722724915,269.034691989422,2940.82935577631,74.5492177605629,7913.68556562066,223.58842509985,3.89351958036423,1.030597448349,38.6854180693626,4.31220412254333,44.8781710267067,2.87398511171341,76.1163843870163,0,71.2613096833229,8.14755815267563,62.9091307222843,3.61454671621323,30.9234614372253,20.0961647033691,24.4695846140385,10.7469183206558,222.25231423974,16.4610134959221,47.831808924675,9.95383501052856,21.6539615988731,10.2714768648148,7.81359571218491,3.44417598843575,46.0818471908569,4.37648177146912,90.3376106619835,39.9040153026581,30.4237258732319,7.93770855665207,57.5408355891705,5.81187057495117,6.71220931410789,1.34487617015839,0.467145055532455,1.92810595035553,2.57792836427689,13.7100223302841
128.193435668945,1779.41817629337,373.792329728603,1013.47009775043,175.349329769611,653.861491709948,542.455365121365,2372.21862211823,103.261200517416,1061.45771753788,24.2163568735123,499.703900009394,91.9592927694321,1510.88969141245,79.8176737427711,1723.78173327446,2.53158289194107,166.994614720345,680.827094018459,1100.52316197753,99.3149036169052,912.012613803148,885.598492801189,925.56832408905,278.88943079114,601.206474810839,217.695072859526,570.644708871841,43.3785291910172,198.103873938322,348.034799665213,894.039834886789,150.315845400095,304.419502466917,4.49822270870209,7.11690711975098,86.4700438380241,649.98924151063,13.8728089332581,108.461837351322,33.0093701481819,446.028078198433,0,3.12538945674896,0,0.827945291996002,0,33.911541223526,0,7.30435639619827,3.22786629199982,17.0561844110489,0,0,3.79117965698242,19.2646335959435,79.6274970173836,584.049459517002,22.1756529808044,63.1823907494545,34.0986837148666,51.8343693912029,8.26658976078033,57.5451439619064,3.8807390332222,17.1690444946289,83.3700058460236,86.1093341112137,189.899597227573,234.375287920237,639.301152437925,0,131.236752390862,5354.47990119457,35.7460995912552,3697.30598837137,246.184117615223,9387.57947838306,1.20898020267487,0.534184098243713,25.0634837150574,12.8476075530052,4.59532922506332,16.0728215277195,7.55505555868149,48.7086218297482,14.2633402943611,54.429184615612,6.91986012458801,56.8114596903324,12.4678100943565,32.8934227824211,6.73385801911354,26.9770799279213,35.0827199220657,126.488117933273,19.6186384558678,17.5199970006943,4.19754636287689,24.4631494283676,5.84144428372383,6.50453096628189,11.0324528813362,39.9479368031025,43.4492382109165,95.0808034837246,17.1968728899956,21.232650667429,76.9503729641438,51.4056812226772,13.970811933279,1.62362122535706,2.08782416582108,5.33449527621269,3.17241340875626,28.8081069588661
3054.35292690992,23.5094411373138,2258.42116010189,77.508707344532,594.808488875628,9.06681668758392,972.811417430639,139.985406368971,861.476061761379,12.4824404716492,396.532577842474,15.5493736863136,1468.46808463335,13.0310809612274,1463.03335374594,5.18879300355911,752.981710910797,3.09266042709351,1481.59688672423,165.527323633432,154.32550111413,18.3095549345016,1223.49032980204,137.298816084862,341.998901188374,23.0274955332279,109.223477870226,10.9012103676796,2064.76041907072,0,158.514391213655,84.5809817910194,54.1898927092552,110.53945171833,54.0309196710587,19.4800141453743,350.093720883131,26.89723777771,67.1584860980511,4.91302955150604,173.395199716091,47.1354163885117,313.283466666937,3.56225955486298,69.8453795313835,2.48544132709503,482.279493629932,1.44125974178314,255.236680477858,0,529.158599644899,0,101.580561190844,0,94.780435115099,2.74029433727264,2417.09500449896,6.64770823717117,397.809080004692,3.4383133649826,691.15407243371,1.45336866378784,671.226027399302,1.60755360126495,248.359504520893,0,263.793841183186,102.436787307262,673.49340030551,20.5391219258308,5797.18722724915,131.236752390862,0,82.7719440460205,2397.09496146441,36.9345195293427,2066.19219404459,57.6270864009857,69.6444869041443,0,463.02721247077,0,118.946401357651,0,450.480142265558,0,47.3963877558708,9.99210143089294,142.000294804573,1.31405878067017,50.23791462183,6.28787910938263,19.8152239322662,10.1170573234558,112.360353767872,4.27925550937653,23.0695020854473,0.894253969192505,24.4181436896324,11.3312670588493,8.57305771112442,3.68549335002899,18.042989641428,7.35499674081802,59.4884739518166,9.35070651769638,10.1714925467968,4.65639024972916,24.0513074696064,7.99888521432877,1.10341250896454,1.55781531333923,3.05624371767044,3.45938885211945,0.919796109199524,10.0853568613529
100.498236060143,2421.34837311506,195.876779139042,1142.29951685667,37.1413468420506,330.003232687712,331.014457255602,1009.8731367588,25.3896651268005,659.669631034136,7.23135721683502,765.996576011181,53.9849302172661,1846.49949398637,22.3889821767807,2769.21631062031,5.94498670101166,1762.79148092866,562.084762692451,1140.27948614955,23.5704066753387,403.060966193676,416.089991867542,623.225071877241,28.2712094783783,138.59464147687,27.8485960364342,213.813291221857,14.5511112213135,4618.39467847347,152.329839020967,350.218096792698,118.166800916195,199.677358686924,24.0713589787483,33.8889989852905,121.701170146465,585.380712211132,13.5270937681198,77.9323608279228,21.3317050933838,1033.47478044033,30.3091716766357,293.461977779865,4.86486923694611,282.385584145784,12.7197461426258,453.383449077606,4.19360619783401,595.800551325083,2.10197120904922,473.451546937227,0,103.212126284838,1.06622648239136,243.951485484838,56.6162556409836,2312.70606178045,11.0540012121201,708.627139121294,8.73833966255188,237.92285373807,4.81656932830811,646.714105218649,12.5456503629684,180.829215049744,75.0962077081203,478.461045086384,88.7065892219543,166.236084550619,269.034691989422,5354.47990119457,82.7719440460205,0,19.2175634503365,1659.01136058569,156.483725875616,2022.31776431203,3.14850115776062,72.7691867649555,3.89777195453644,638.336817502975,0,338.722332060337,0,556.760248303413,6.92969346046448,182.317130148411,2.64624494314194,206.130106180906,1.93219518661499,13.780085504055,7.86363041400909,16.7419809997082,18.5952777862549,81.0220990777016,13.8661692738533,5.10143029689789,5.4243586063385,34.5978491306305,3.02850291132927,3.04308521747589,8.93937295675278,10.33343064785,19.3074830174446,38.1180979013443,16.4289806783199,9.89088922739029,45.5961930155754,27.362367272377,6.05780208110809,0,4.2345986366272,0.626428127288818,3.49412977695465,8.80789744853973
917.611615329981,4.2103545665741,629.122489124537,13.8695470690727,14.7382170557976,0,294.361759305,29.434229195118,35.330279648304,0.481228411197662,44.5788589119911,0,234.109881073236,6.74933803081512,81.8290745913982,0,56.4988995194435,0,534.421441346407,37.3010082542896,39.0685206055641,3.61892259120941,269.018696546555,20.8388766050339,11.6250288188457,0,3.76919293403625,0,113.318913459778,0,28.6970742344856,14.8961191177368,18.4222086668015,18.7076315879822,9.35273644328117,7.16044467687607,825.885015904903,50.0955651402473,64.5199399590492,16.8147837817669,287.483036100864,16.038478076458,20.96770003438,0,13.0553411245346,0,20.31936866045,1.28248131275177,27.676223129034,0,70.7877314388752,0,9.12956440448761,0,27.7658071517944,0.996694564819336,648.525170981884,0,85.8605772256851,0,152.844365924597,0,101.046448647976,0,36.5293738543987,0,82.062571823597,2.09750008583069,268.846966713667,0.772056102752686,2940.82935577631,35.7460995912552,2397.09496146441,19.2175634503365,0,21.9547675848007,1305.49322110415,41.1099697947502,2.80628222227097,0,33.5891964435577,0,8.29123032093048,0,49.7617540359497,0,31.857542514801,0,36.3687996566296,0,75.8106546103954,290.945902079344,95.6428979039192,125.048869073391,201.30922961235,49.8951627910137,82.6010671854019,25.055995196104,35.6878513097763,91.8860637545586,40.3714823126793,40.616343408823,112.463819921017,111.649853616953,192.867128789425,86.2397209107876,44.6930662691593,31.1627458035946,74.6065890789032,17.8438603579998,41.3072428703308,7.23292076587677,8.27553868293762,6.76469022035599,4.43992108106613,33.9371543228626
14.8393188714981,843.584487706423,36.2741340398788,356.14536434412,1.13828307390213,7.58348953723907,57.5443378686905,277.986882388592,0,28.4003140330315,2.28536736965179,67.793308198452,4.26269227266312,205.308150619268,3.10541486740112,165.222684979439,0,84.8274058699608,144.538170039654,434.818430274725,9.34659200906754,11.3943219184875,52.2385233640671,139.840640723705,0.949979960918427,4.69321995973587,6.58941274881363,11.7766062021255,0,58.4192405939102,30.2882817983627,82.2581719458103,12.5840898752213,68.2877342700958,7.51076126098633,9.2351331114769,95.5768232345581,403.847785770893,27.6608264446259,56.9703450202942,29.882685482502,267.681276738644,4.69248139858246,40.5121775865555,0,56.1670815646648,0,49.5831996798515,0,102.879197210073,0,78.6875365078449,0,6.3478025496006,2.57546347379684,26.2226342558861,5.62581217288971,646.119315892458,2.23668026924133,168.544006407261,1.6044288277626,41.821218341589,0,48.9236634075642,1.22880017757416,48.4631164073944,7.88143426179886,141.801657140255,20.088182747364,77.824355751276,74.5492177605629,3697.30598837137,36.9345195293427,1659.01136058569,21.9547675848007,0,63.7850581407547,1249.47502571344,0.751425087451935,0.972209513187408,0,51.2387528419495,1.24446964263916,7.47784402966499,0,46.4420517385006,2.80330508947372,18.8090023994446,2.28915196657181,40.3152230381966,100.563357591629,106.237733930349,68.6983905434608,120.358088195324,48.7070867717266,143.664350301027,77.0909377634525,17.6842386126518,57.3019241094589,43.6620025634766,41.3256686031818,32.8488304018974,95.3947104215622,102.79358330369,83.375465631485,129.812061935663,31.1042090952396,28.2928310334682,61.3814746439457,47.0350535511971,34.0775655806065,4.05708628892899,7.49660924077034,9.03407055139542,11.6633248925209,35.2877189815044
3464.01531925797,268.76596146822,2726.0831207335,107.141552060843,64.7496603131294,0,1442.08352863789,104.852566659451,136.113638579845,0,188.789029359818,15.8650832772255,965.792059749365,2.91955852508545,341.824284166098,2.13297986984253,133.426402390003,20.0703513622284,3296.37253701687,622.775376349688,27.1360401511192,1.48714804649353,1077.14382186532,31.9494057893753,16.3284944295883,1.03923010826111,3.3916689157486,0,406.204394251108,17.6008513569832,166.530331641436,66.1639905571938,181.257825314999,373.53236952424,256.082423567772,94.8443269133568,3278.13736885786,235.741717159748,132.613245069981,42.9001198410988,331.757397502661,5.49818813800812,410.838474065065,98.3803369402885,154.141498655081,98.3986213505268,398.036468178034,41.3877511024475,467.014543443918,68.2270110249519,745.295888960361,14.8321757316589,91.1903181970119,1.50658464431763,149.923040419817,4.72973811626434,2390.67212694883,175.486408919096,797.089694291353,73.6331291496754,862.004362106323,19.4491008520126,457.336408644915,24.4957517981529,268.650853276253,9.51282703876495,871.727108567953,616.482850670815,2296.49599304795,102.460523605347,7913.68556562066,246.184117615223,2066.19219404459,156.483725875616,1305.49322110415,63.7850581407547,0,695.061828285456,6.2652240395546,0.712007284164429,276.95555344224,13.6504850387573,25.50424015522,0.548831939697266,372.021468818188,1.92406666278839,101.278939723969,1.43956685066223,230.464518368244,3.10111027956009,114.979439496994,108.923845559359,269.414712160826,118.383740782738,827.384480535984,109.325639903545,233.724919646978,24.558894276619,35.5500969290733,38.6312068998814,115.841521382332,47.2541320025921,254.666068315506,64.3191041946411,745.42065346241,255.878098279238,77.3897268772125,38.345319211483,383.065111279488,539.674970895052,48.0876033604145,11.4005820155144,34.2647816240788,66.6975461244583,22.2889003157616,149.449773311615
151.937730014324,3364.09007760882,67.7738464772701,1699.22208991647,0.705952405929565,12.7245303988457,63.9195998311043,1326.92655038834,0,50.8497100174427,3.32612544298172,290.090424954891,2.71186405420303,760.168229907751,0,293.215154260397,8.33242511749268,271.249289810658,456.559334993362,2921.16074928641,6.3911726474762,10.5958540439606,53.3660479187965,768.035480439663,0,5.67536827921867,0,14.5060194134712,23.6808459162712,160.649307399988,183.011127263308,450.919018775225,143.032688558102,528.810735464096,45.5279398858547,71.8789715766907,306.980647534132,3740.50403380394,70.7505529522896,239.693140178919,0,220.504984796047,36.3714082837105,310.904849082232,18.1649124026299,252.679011702538,46.6395860910416,443.125626474619,16.2405986785889,548.774942457676,20.4367418289185,423.959552943707,1.22603785991669,28.2195189297199,0.63131320476532,225.277851253748,179.57459717989,2310.38117307425,67.6016906499863,895.851141095161,83.9980603456497,194.567213892937,37.0815175175667,204.008350938559,34.1475979089737,199.820069462061,258.80026692152,917.314088970423,263.376574456692,581.537345230579,223.58842509985,9387.57947838306,57.6270864009857,2022.31776431203,41.1099697947502,1249.47502571344,695.061828285456,0,4.05399763584137,11.4166971445084,23.6814825534821,107.906214296818,0,10.0072316229343,10.6773353219032,178.46054944396,0,143.397794395685,0,166.251472860575,42.8280310630798,130.409865379333,72.5335785448551,311.633693635464,131.696291893721,551.918868839741,96.4463101029396,47.3869632482529,16.6330952346325,86.6495858430862,33.587237149477,58.5069578289986,111.940837621689,191.27437928319,207.719586759806,523.946898818016,74.6336639225483,85.9397197663784,518.528951823711,1010.24816074967,88.0528512597084,7.70046955347061,28.1436478793621,46.4033969044685,57.8460898399353,137.24105745554
10.6924802660942,9.71634089946747,1.57490527629852,0,0,0,0,0,0,0,17.6879285573959,0,9.87022095918655,0,0,0,469.700003087521,0,1.29689538478851,6.96431612968445,0,0,0,0,0,0,0,0,416.931233823299,1.048175573349,0,0,1.45849198102951,5.99993377923965,5.09378242492676,1.366783618927,5.49829638004303,1.24218356609344,2.51669216156006,0,0.637028634548187,0,0,0,0,0,0.868229925632477,0,0.663804173469543,0,10.0378914773464,0,0,0,0,0,51.5057076215744,5.15868043899536,35.4810692369938,1.63113856315613,30.064593732357,0,93.42605432868,0,12.76144105196,0,13.9313781261444,5.20699679851532,2.95321255922318,5.54907917976379,3.89351958036423,1.20898020267487,69.6444869041443,3.14850115776062,2.80628222227097,0.751425087451935,6.2652240395546,4.05399763584137,0,0,795.491418361664,0,23.9004843533039,0,37.6146268844604,0,0.892991960048676,0,5.86045652627945,0,0,0,0,0,0,0,0.921232342720032,0,0,0,0,0,0,0,0,0,0,0,0,0,0,0,0,0,0,0
0,2.77086496353149,0,2.62090051174164,0,0,0,0.475930660963058,0,0,0,1.73121893405914,0,0,0,0,0,220.211576044559,0,0,0,0,0,0,0,0,0,0,0.8725466132164,275.382482916117,0,0,2.18036365509033,1.94883239269257,1.18959677219391,0.906932055950165,5.32312136888504,5.1782631278038,0,1.56585121154785,0,0,0,0,0,0,0,1.35930490493774,0,18.0877376198769,0,19.8780198395252,0,0,0,0.687436640262604,3.90238434076309,37.6716326773167,1.46006321907043,86.5257515013218,0,40.5410987138748,0,111.2955057621,0,22.4797696769238,2.34462487697601,41.9484903514385,1.39865291118622,0,1.030597448349,0.534184098243713,0,72.7691867649555,0,0.972209513187408,0.712007284164429,11.4166971445084,0,0,0,1564.89341115952,0,63.8573875129223,0,6.05963885784149,0,0,0,2.19283986091614,0,0,0,0,0,3.05243575572968,0,0,0,0,0,0,0,0,0,0,0,0,0,0,0,0,0,0,0,0
122.204813838005,2.40492874383926,4.21567577123642,0,3.88623023033142,0,10.4897494912148,0,0.726022779941559,0,193.644097447395,0,117.813888251781,0,8.20940053462982,0,1881.55289450288,0,12.9154732823372,5.96744352579117,0,0,0,0,0,0,0.581700146198273,0,1265.90508374572,0,0.987423598766327,0,3.50400048494339,29.8932390809059,43.4813141226768,20.666594684124,109.052288234234,7.89922022819519,18.0469831228256,0,6.17325174808502,0,99.0951993465424,0,83.6927849948406,0,135.837501108646,0,214.80725389719,0,617.025393426418,0,69.2965857386589,0,34.4656218290329,0,287.083263665438,2.47082769870758,228.230880081654,0.70839935541153,392.031879037619,0,2743.81341013312,0,482.790373623371,0,177.745680123568,36.9818134903908,22.3096989393234,5.83785593509674,38.6854180693626,25.0634837150574,463.02721247077,3.89777195453644,33.5891964435577,0,276.95555344224,23.6814825534821,795.491418361664,0,0,0,1622.76695716381,0,5894.77323743701,0,145.836641907692,0,143.936486214399,0,22.7075132727623,0,1.16160774230957,0,31.6040166020393,0,6.52232629060745,0,2.01989358663559,0,0,0,0,0,1.67826128005981,0,0.997197657823563,0,0,1.31369483470917,0,0,0,0,0,0
0,51.8507540225983,0,15.2818669676781,0,1.61010050773621,0,24.3282848596573,0,0,0,73.2007947564125,0,21.7813638448715,0,10.0478216707706,0,688.655359596014,0,14.5436969995499,0,3.7036160826683,0,0,0,0,0,1.18559491634369,0,678.877983242273,0,2.11046120524406,3.51500326395035,65.9993768930435,30.3258638381958,32.6312525570393,15.207952439785,124.613292902708,0,23.6489924192429,0,50.3468902111053,4.57330030202866,98.1470738351345,0.541768610477448,219.577221691608,1.20098692178726,99.416124612093,0,646.214905261993,1.98368120193481,623.497754693031,0,37.2775745391846,0,58.2858985364437,1.23810398578644,279.923820406199,3.54567468166351,944.522729367018,2.0960687994957,405.694425046444,0,2957.36454477906,0,1095.95096513629,10.1761503815651,557.247264295816,0.967292070388794,8.24004828929901,4.31220412254333,12.8476075530052,0,638.336817502975,0,51.2387528419495,13.6504850387573,107.906214296818,0,1564.89341115952,0,0,0,1773.06210339069,0,5297.70412799716,0,53.2072255015373,0,318.42538407445,0,0,0,0,0,5.85123997926712,0,0,0,6.67989957332611,0,0,0,0,0,0,0,0,0,0,0,0,0,0,0,0
7.96909186244011,0,25.3716354966164,0,77.0992063581944,1.63340437412262,5.44598418474197,1.66148602962494,92.0751832127571,0,74.1724749207497,0,33.9738893508911,0,510.505749464035,0.769995450973511,101.162214964628,0,22.0157827734947,0,14.5433980822563,2.70146912336349,7.19741201400757,0,18.1672426760197,3.88606360554695,12.5968451201916,1.14107275009155,1052.07894572616,0,7.99902793765068,2.91299712657928,0,0,1.40050494670868,0.903864145278931,171.322845041752,0,202.35172021389,0,439.039052397013,3.59926101565361,32.6775615215302,0,0.476765066385269,0,114.669404834509,0,23.2877810001373,0,93.1864649653435,0,17.5245132744312,0,65.3294585347176,0,14.1807705760002,0,5.51302343606949,0,18.6097049713135,0,34.9852834045887,0,61.7846507132053,0,6.38150089979172,0,0.668273091316223,0,44.8781710267067,4.59532922506332,118.946401357651,0,8.29123032093048,1.24446964263916,25.50424015522,0,23.9004843533039,0,1622.76695716381,0,0,0,701.970206975937,0,895.36678186059,0,98.4126484394073,0,7.5236839056015,0,0,0,1.49346929788589,0,0,0,3.33087855577469,0,0,0,0,0,0,0,0,0,0,1.86949574947357,0,0,0,0,0,0
0,0,0,0,0,13.1797978281975,0,0.802933871746063,0,12.2636680901051,0,0,0,0.513970732688904,0,83.9319764077663,0,10.5237088799477,0,0,3.42497158050537,109.99363386631,0,0.895593583583832,0,4.59938195347786,0,16.9148978292942,0,591.234604924917,0,6.24350196123123,0,0.886283159255981,1.59308683872223,9.0615513920784,0,285.584623485804,0,145.893538862467,0.832514703273773,1181.19629582763,0.728150606155396,32.5293019711971,0,10.7211494147778,0,57.1127409338951,0,52.8189085125923,0,60.4709481596947,0,8.61200511455536,0,37.6565197408199,0,3.83045041561127,0,42.7257084846497,0,14.5488342046738,0,10.0046258568764,0,25.6199504137039,0,14.8406527042389,0,0,2.87398511171341,16.0728215277195,0,338.722332060337,0,7.47784402966499,0.548831939697266,10.0072316229343,0,63.8573875129223,0,1773.06210339069,0,0,0,626.086233943701,0,624.560604840517,0,58.6450872123241,0,0,0,0,0,0,0,0.614340305328369,0,1.47566694021225,0,0,0,0,0,0,0,0,0,0,0,0,0,0,0,0
564.206879913807,1.04976749420166,21.2672368884087,0,13.6499131321907,0,141.796933174133,0,5.74910539388657,0,299.219037085772,0,155.39304035902,0,14.7297031283379,0,310.476474165916,0,19.2972915172577,0,4.64934402704239,0,0,0,0.529036104679108,0,0,0,628.203766524792,1.90367209911346,1.62313485145569,0,5.01707565784454,8.37869310379028,64.1345042586327,25.1789110302925,250.182719528675,11.3566399812698,30.2112932503223,0,39.788120508194,3.4500572681427,130.76719725132,1.96416330337524,82.0828502178192,0,266.640644609928,0,243.681755334139,0,3069.0543820262,0,710.399639695883,0,210.759173333645,0,224.374891519547,1.84846901893616,223.809309244156,0.81053900718689,835.387481063604,0.820863783359528,1215.50023889542,0,5109.16561040282,0,120.511814445257,19.9935980439186,1.65494978427887,0,76.1163843870163,7.55505555868149,450.480142265558,0,49.7617540359497,0,372.021468818188,10.6773353219032,37.6146268844604,0,5894.77323743701,0,701.970206975937,0,0,0,749.323189258575,0,5097.43421792984,0,27.7453889250755,0,0,0,51.1615490615368,0,4.36105167865753,0,4.51540559530258,0,0,0,0,0,1.4147390127182,0,0.490058034658432,0,0,3.31417870521545,0,0,0,0,0,0
0,296.239218175411,0,43.1389409303665,0,4.99459114670753,0,211.528926789761,0,4.69614425301552,0,101.681702673435,0,42.1112352013588,0,26.6436814069748,0,90.3822275698185,0,42.4907708764076,0.845693945884705,5.27610099315643,0,0,0,0.591943264007568,0,2.69554510712624,0,352.705939412117,0,0.77939385175705,2.1821004152298,37.0656988918781,15.0943793058395,19.5534493923187,9.30077251791954,699.55602362752,0,48.7004100382328,0,301.163162410259,12.929881632328,204.882818669081,0,209.3679022789,6.71152251958847,299.850699216127,0.725384950637817,1036.95637369156,0,3702.3172326684,0,769.051811635494,0,500.303168594837,1.70791673660278,461.976975947618,0,257.365547329187,2.64653563499451,368.157251447439,0,2040.82526355982,0,1421.2291765213,5.07302975654602,128.231282413006,0,0,0,48.7086218297482,0,556.760248303413,0,46.4420517385006,1.92406666278839,178.46054944396,0,6.05963885784149,0,5297.70412799716,0,626.086233943701,0,0,0,785.093936666846,0,6692.70871579647,0,0,0,0,0.504138231277466,8.38709247112274,0,0.493000596761703,0,8.64567393064499,0,0,0,0,0,1.78452968597412,0,0,0,1.19117784500122,0,0,0,0,0,0.822740256786346
0,0,0.540112674236298,0,26.9159608781338,0,0,0,15.9535181522369,0,0,0,0,0,42.0744514763355,0,6.67232182621956,0,0,0,32.4371538162231,0.823656022548676,1.19853162765503,0,8.92486003041267,0.687837243080139,7.18321231007576,0.841529071331024,407.18662109971,0,1.21098178625107,1.53353536128998,0,0,2.49157032370567,0,1237.52289766073,0,174.753217071295,0,903.086357533932,10.5811038613319,7.71534818410873,0,0.443991631269455,0,135.713376671076,0,0,0,17.2347402274609,0,8.08964198827744,0,530.474952399731,0,0,0,0,0,0,0,5.43971037864685,0,13.6286992132664,0,12.178744494915,0,0,0,71.2613096833229,14.2633402943611,47.3963877558708,6.92969346046448,31.857542514801,2.80330508947372,101.278939723969,0,0.892991960048676,0,145.836641907692,0,895.36678186059,0,749.323189258575,0,0,0,1301.03706201911,0,0,0,0,0,16.1518188714981,0.489895671606064,4.6576880812645,0,1.6769791841507,0,0,0,0,0,0,0.488555073738098,0,0,0,2.09495186805725,0,0,0,0,0,0
0,0,0,0,0,11.7605182826519,0,0,0,11.7703938484192,0,0,0,0,0,43.8984179794788,0,0,0,0,5.08399927616119,25.4198808670044,0,1.92548787593842,0,2.16775768995285,0,11.9558537900448,0,71.8957015872002,0,1.37006169557571,0,0,0,1.36929786205292,1.50022053718567,1076.93833705783,1.7791485786438,274.657503157854,8.64128869771957,1929.04194462299,0,29.7973561584949,0,0.578542828559875,0,81.5723419487476,0,2.74870008230209,0,7.4404159784317,0,6.19102692604065,0,425.671344250441,0,0,0,2.14849162101746,0,0,0,0,0,0.41755735874176,0,5.70166280865669,0,0,8.14755815267563,54.429184615612,9.99210143089294,182.317130148411,0,18.8090023994446,1.43956685066223,143.397794395685,0,0,0,53.2072255015373,0,624.560604840517,0,785.093936666846,0,0,0,1305.09606391191,0,0,0,0,0,20.3595693707466,0,2.78768360614777,0,0.515917420387268,0,0,0,0,0,1.61801302433014,0,0.582328498363495,0,4.00116699934006,0.511406064033508,0,0,0,0,1.08364498615265
95.9767811894417,0,0,0,12.3656097352505,0,15.9231755137444,0,3.35877329111099,0,22.8597294688225,0,5.45751166343689,0,11.4247971773148,0,30.4299040138721,0,0.71792060136795,0,3.73498541116714,0,0.443495005369186,0,2.33616757392883,0,0.43905571103096,0.754570782184601,215.248150408268,0,1.64326030015945,0,1.10701075196266,0,13.3129677772522,12.260521709919,800.700066208839,0.814526200294495,184.197120755911,0,112.072153806686,5.84410971403122,153.177208542824,0,62.7544177472591,0,749.073177874088,0,154.502285838127,0,1466.53452250361,0,841.213891744614,0,3291.06152504683,0,120.902934789658,0,84.6726095378399,0,210.141134649515,0,96.4251753389835,0,951.155574023724,0,53.2662083804607,0,0,0,62.9091307222843,6.91986012458801,142.000294804573,2.64624494314194,36.3687996566296,2.28915196657181,230.464518368244,0,5.86045652627945,0,143.936486214399,0,98.4126484394073,0,5097.43421792984,0,1301.03706201911,0,0,0,56.4935641288757,0,0,0,23.2250316441059,0,5.0745832324028,0,5.31432175636292,0,0,0,0,0,1.67529848217964,0,1.07806706428528,0,0,0,0,0,0,0,0,0
0,199.054421126842,0,13.7697967290878,0,2.37098580598831,0,101.912526041269,0,5.86868536472321,0,25.5605571269989,0,16.171159029007,0,9.11190843582153,0,18.1213226318359,0,10.6819483041763,1.49149078130722,1.54252207279205,0,0,0,0.350088596343994,0,0.525340914726257,0,91.1235659122467,0,0,0,30.5061305761337,9.88690984249115,11.188582867384,5.00365215539932,829.405075728893,0,146.278907328844,5.05342298746109,234.304130405188,12.7829138636589,162.307522326708,0,166.379085153341,7.90207099914551,440.242451459169,0,619.779045909643,2.17059516906738,1135.70195800066,0,1392.15801101923,0,3450.28692132235,0,320.548247337341,0,110.268738210201,0,186.720260590315,0,463.212025702,1.94924640655518,355.410417944193,3.56784170866013,90.3086632490158,0,2.32738965749741,3.61454671621323,56.8114596903324,1.31405878067017,206.130106180906,0,40.3152230381966,3.10111027956009,166.251472860575,0,2.19283986091614,0,318.42538407445,0,58.6450872123241,0,6692.70871579647,0,1305.09606391191,0,0,0,0.6561558842659,0,0,0,13.9798644185066,0,2.64225876331329,0,25.8968930840492,0,0,0,0,0,0,0,0,0,1.47010689973831,0.776742219924927,0,0,0,0,0
0,0,0,0,0,0,0,0,0,0,0,0,0,0,0,0,0,0,0,0,0,0,0,0,0,0,0,0,69.5189765691757,0,0,0,0,0,0,2.37499237060547,204.726244986057,76.3579893112183,287.914606809616,141.302731513977,13.0759513378143,0,325.793585598469,0,3.04076066613197,0,813.127481758595,1.03897213935852,31.1839767098427,0,26.2546883821487,0,107.165002316236,0,157.493845790625,0,0,0,0,0,0,0,0,0,1.75123679637909,0,9.17004811763763,1.51297497749329,0,0,30.9234614372253,12.4678100943565,50.23791462183,1.93219518661499,75.8106546103954,100.563357591629,114.979439496994,42.8280310630798,0,0,22.7075132727623,0,7.5236839056015,0,27.7453889250755,0,0,0,56.4935641288757,0,0,223.046848535538,1165.35251641273,40.4634563922882,222.024923443794,424.289663821459,2127.86941695213,127.192540198565,2554.20504415035,178.970359921455,186.312440365553,11.8116787075996,141.657074093819,55.9560557603836,240.809932500124,35.4554803967476,551.362779200077,76.7014220356941,9.96136862039566,7.02565571665764,147.862194120884,48.7150177955627,96.6712146699429,6.20316511392593,2.41646879911423,5.69520545005798
0,0,0,0,0,0,0,0,0,0,0,0,0,0,0,0,0,0,0,0,0,0,0,0,0,0,0,0,0,0,0,0,0,0,0,0,510.079745590687,161.795665115118,475.809656143188,79.0933302938938,0.589167237281799,9.0950220823288,0,0,0,0,0,2.16001933813095,0,0,0,0,0,0,0,3.08003276586533,0,0,0,0,0,0,0,0,0,0,0,0,0,0,20.0961647033691,32.8934227824211,6.28787910938263,13.780085504055,290.945902079344,106.237733930349,108.923845559359,130.409865379333,0,0,0,0,0,0,0,0,0,0,0,0.6561558842659,223.046848535538,0,72.2188821732998,1818.61166593432,167.912120163441,600.054405331612,548.26579400897,779.374867230654,185.91924571991,2084.37135004997,109.023344874382,49.6865620017052,263.62936604023,192.497851997614,153.159979224205,431.888185977936,349.224343150854,601.889843553305,19.6081649661064,18.0832790136337,319.225218355656,41.4346613287926,266.414400756359,6.75223714113235,26.663233935833,26.5891020298004
0,0,0,0,0,0,0,0,0,0,0,0,0,0,0,0,0,0,0,0,0,0,0,0,0,0,0,0,0,0,0,0,0,0,0,0,182.12553268671,115.96860152483,109.704402416945,115.58162778616,2.45671311020851,1.46829080581665,0,0,0,0,0.758464336395264,0.418495714664459,0,0,0,0,0,0,0,0,0,0,0,0,0,0,0,0,0,0,0,0,0,0,24.4695846140385,6.73385801911354,19.8152239322662,7.86363041400909,95.6428979039192,68.6983905434608,269.414712160826,72.5335785448551,0,0,1.16160774230957,0,0,0,0,0,0,0,0,0,1165.35251641273,72.2188821732998,0,38.3510770201683,501.628358304501,250.513327181339,1156.52705684304,76.3044321835041,234.728477209806,88.4467800855637,1187.59328597784,7.90167880058289,938.482500553131,33.334567129612,1108.02638575435,70.0028809607029,458.006846010685,68.8997734189034,41.8961706459522,63.3966716527939,233.549172729254,55.4235857129097,207.459706991911,41.8756663799286,15.2956757843494,32.3262518644333
0,0,0,0,0,0,0,0,0,0,0,0,0,0,0,0,0,0,0,0,0,0,0,0,0,0,0,0,0,0,0,0,0,0,0,0,306.369597494602,121.057204335928,179.254817813635,45.8041100800037,0.416588991880417,1.65382760763168,0,0,0,0,0,3.03899919986725,0,0,0,0,0,0,0,0,0,0,0,0,0,0,0,0,0,0,0,2.02098631858826,0,0,10.7469183206558,26.9770799279213,10.1170573234558,16.7419809997082,125.048869073391,120.358088195324,118.383740782738,311.633693635464,0,0,0,0,0,0,0,0,0,0,0,0,40.4634563922882,1818.61166593432,38.3510770201683,0,100.443810522556,336.49694365263,237.107743412256,306.17505800724,40.480680346489,212.688982605934,48.3788491487503,447.418881446123,154.580987513065,1538.21444413066,130.068160623312,1582.05432489514,228.653159618378,604.038044214249,142.347083508968,123.311423659325,651.832145541906,67.9816889464855,263.460129916668,75.6545178592205,192.156468033791,92.6082737445831
214.635046243668,5.16465139389038,91.3757321238518,2.94966316223145,0.597532033920288,0,28.5264997184277,0,3.46139311790466,0,7.79391986131668,0,17.4232949912548,0,10.1218023300171,0.981648564338684,12.0664827227592,0,111.387717485428,2.31724488735199,0.637446045875549,0,14.9290821552277,0,0.609341681003571,0,0,0,22.3579859137535,0,0.886732161045074,0.655988156795502,6.34450709819794,12.9237105250359,22.7261776924133,12.3934160470963,293.776544064283,49.5538954138756,62.2035523056984,12.3297083973885,7.70850244164467,1.76774644851685,49.8117256164551,0,30.5449059307575,0,77.9937753379345,7.57501667737961,88.6288757324219,0,157.682667464018,0,13.6002067327499,0,17.6438593268394,0,147.130882978439,0,117.031554311514,0,108.201580315828,0,76.2835767865181,0,66.224961400032,1.04039287567139,111.695047050714,2.71885442733765,100.347803086042,0,222.25231423974,35.0827199220657,112.360353767872,18.5952777862549,201.30922961235,48.7070867717266,827.384480535984,131.696291893721,0,0,31.6040166020393,0,1.49346929788589,0,51.1615490615368,0.504138231277466,16.1518188714981,0,23.2250316441059,0,222.024923443794,167.912120163441,501.628358304501,100.443810522556,0,82.2887399494648,944.483255118132,34.0875769555569,137.813468277454,50.2724874019623,208.475887209177,18.8282335400581,397.206470549107,57.5225891768932,426.682538926601,126.874782681465,113.051072567701,32.9637930691242,150.965195775032,477.312746316195,204.895328640938,24.0103980302811,68.1845222711563,87.0855261087418,34.0814081728458,99.5022238194942
6.63653433322906,67.7631491422653,2.3853805065155,30.2733055055141,0,0,0,8.37391903996468,0,0,0,0,0.544225871562958,5.67404082417488,0,1.2104572057724,2.00305199623108,8.80306726694107,0,39.259686678648,0.935953438282013,0,0,9.15106958150864,0,0,1.68189966678619,0,1.10663652420044,6.68150323629379,1.37799313664436,4.92867690324783,2.52730655670166,13.4585534930229,0.857557713985443,7.3215656876564,83.4612981379032,266.612725347281,140.552128463984,95.7409321963787,1.59955525398254,23.6589638888836,0.708649873733521,26.6814103126526,0,14.9265387654305,6.28457760810852,29.6999354958534,0,37.6640879511833,0,29.4983863532543,0,1.70661446452141,0,23.4905593395233,0,74.7919473350048,0,77.6235131323338,0,18.6235623061657,0,13.079432964325,0,21.2153080701828,0,61.7051053643227,0,8.12264764308929,16.4610134959221,126.488117933273,4.27925550937653,81.0220990777016,49.8951627910137,143.664350301027,109.325639903545,551.918868839741,0,3.05243575572968,0,5.85123997926712,0,0,0,8.38709247112274,0.489895671606064,20.3595693707466,0,13.9798644185066,424.289663821459,600.054405331612,250.513327181339,336.49694365263,82.2887399494648,0,184.299548178911,751.843072474003,135.561890482903,549.181563854218,95.630402892828,66.3044769763947,199.463497489691,164.663893729448,82.4581996500492,253.044468075037,49.9864514172077,106.589859634638,56.9899736344814,601.483457654715,457.895343780518,23.0155254602432,40.207566767931,18.8748875558376,24.0789994597435,29.8916154503822
3.518370449543,0,3.43388664722443,0,0,0,1.23566377162933,0,0,0,0.806443154811859,0,0,0,0.866021037101746,0,2.94821900129318,0,3.67007207870483,0,0,0,0.894626200199127,0,0,0,0,0,4.92813718318939,0,0,0,0,1.92376315593719,3.62740054726601,1.62974083423615,162.755574524403,90.2390370965004,102.884849458933,50.440770149231,3.01791614294052,5.11456400156021,6.03146034479141,1.78383719921112,4.25386995077133,0,36.5820472240448,2.6880174279213,14.7493412494659,0,21.5088385045528,0,2.03225362300873,0,3.4753038585186,2.70538640022278,8.49879908561707,0,7.03107357025146,0,22.5977252721786,0,13.7729655504227,0,7.15683192014694,0,16.2480181455612,0,8.04954048991203,0,47.831808924675,19.6186384558678,23.0695020854473,13.8661692738533,82.6010671854019,77.0909377634525,233.724919646978,96.4463101029396,0.921232342720032,0,6.52232629060745,0,0,0,4.36105167865753,0,4.6576880812645,0,5.0745832324028,0,2127.86941695213,548.26579400897,1156.52705684304,237.107743412256,944.483255118132,184.299548178911,0,87.3690246343613,3289.14083862305,221.036637336016,350.41985720396,58.2112655341625,362.102528810501,121.927905291319,396.025014638901,71.0051751434803,178.095854341984,47.3422877192497,16.3981165885925,141.61859023571,616.060612887144,189.604772597551,253.584036678076,54.6530875563622,9.19874837994576,28.747382581234
0,0.788781404495239,0,0,0,0,0,0,0,0,0,0,0,0,0,0,0,0,0,0,0,0.760459959506989,0,0,0,0,0,0,0,0,0,0,0,0.89674985408783,0,0,51.2061305642128,62.2605866193771,38.4737339615822,23.1954867243767,1.48939192295074,0.561322033405304,1.4271137714386,13.1287711858749,0,8.71258836984634,0,47.9304446578026,0,3.02866619825363,0,1.27665674686432,0,0.638511717319489,0,33.10343927145,0,0,0,0.659502863883972,0,1.0796412229538,0,0,0,0,1.22138655185699,4.39063495397568,0,0,9.95383501052856,17.5199970006943,0.894253969192505,5.10143029689789,25.055995196104,17.6842386126518,24.558894276619,47.3869632482529,0,0,0,0,0,0.614340305328369,0,0.493000596761703,0,2.78768360614777,0,2.64225876331329,127.192540198565,779.374867230654,76.3044321835041,306.17505800724,34.0875769555569,751.843072474003,87.3690246343613,0,41.917884349823,2200.31649282575,44.2548906505108,28.9529267549515,98.2121187448502,82.0059357583523,36.9188410043716,148.378368020058,28.3694574534893,98.3681167960167,10.5230002701283,44.7513516843319,619.566752254963,84.5257657766342,100.659233927727,10.9133525490761,15.4343478679657,3.34374874830246
0,0,0,0,0.540463328361511,0,0,0,0,0,0,0,0,0,0,0,1.49796450138092,0,0,0,0,0,0,0,0,0,0,0,16.1332317888737,1.77971541881561,0,0,0,0,0,0,103.777776956558,48.1275663971901,89.6604308485985,47.0014650821686,7.35409757494926,1.67617690563202,151.969866573811,0,0,0,335.714965105057,0,0,0,0,0,1.64909887313843,0,23.8608492612839,0,0,0,0,0,0,0,1.77972686290741,0,4.26100730895996,0,0,0,0,0,21.6539615988731,4.19754636287689,24.4181436896324,5.4243586063385,35.6878513097763,57.3019241094589,35.5500969290733,16.6330952346325,0,0,2.01989358663559,0,3.33087855577469,0,4.51540559530258,0,1.6769791841507,0,5.31432175636292,0,2554.20504415035,185.91924571991,234.728477209806,40.480680346489,137.813468277454,135.561890482903,3289.14083862305,41.917884349823,0,115.284919530153,51.1075614392757,20.4996383488178,53.8903141319752,60.5574635565281,52.67665168643,28.2998929023743,74.115053743124,33.0954683721066,4.69081401824951,3.98438066244125,115.578496009111,86.5388376712799,58.5443634092808,10.4738265573978,2.88908040523529,0
0,0,0,0,0,0,0,0,0,0,0,0,0,0,0,0,0,0,0,0,0,0,0,0,0,0,0,0,1.67539167404175,6.70750147104263,0,0,0,0.947473168373108,1.48255127668381,0,162.961232125759,146.589667111635,174.494832485914,60.0204801857471,0,18.4231081604958,73.6265125870705,178.930450558662,0,6.23407316207886,7.06817495822906,634.580422222614,0,11.4077883660793,0,2.85034972429276,0,17.1745039224625,0,256.799678325653,0,0,0,0,0,0,0,0.949068665504456,0,0,0,2.25890892744064,0,0,10.2714768648148,24.4631494283676,11.3312670588493,34.5978491306305,91.8860637545586,43.6620025634766,38.6312068998814,86.6495858430862,0,0,0,6.67989957332611,0,1.47566694021225,0,8.64567393064499,0,0.515917420387268,0,25.8968930840492,178.970359921455,2084.37135004997,88.4467800855637,212.688982605934,50.2724874019623,549.181563854218,221.036637336016,2200.31649282575,115.284919530153,0,67.5683332681656,22.4274337887764,127.894769281149,66.407251060009,45.480113774538,103.861644476652,83.9999375641346,256.90419781208,6.06222447752953,4.5944522023201,230.647784054279,93.4284198582172,282.74098071456,1.30831241607666,0,6.70791566371918
0,0,0,0,0,0,0,0,0,0,0,0,0,0,0,0,0,0,0,0,0.382858753204346,0,0,0,0,0,0,0,0,0,0,0,0,0,0,0,61.8061028420925,82.9937705993652,40.6847417354584,48.054295539856,0.821489602327347,1.18605601787567,0,0,0,0,0.506351113319397,0,0,0,0,0,0,0,0,0,0,0,0,0,0,0,0,0,0,0,0,0,0,0,7.81359571218491,5.84144428372383,8.57305771112442,3.02850291132927,40.3714823126793,41.3256686031818,115.841521382332,33.587237149477,0,0,0,0,0,0,0,0,0,0,0,0,186.312440365553,109.023344874382,1187.59328597784,48.3788491487503,208.475887209177,95.630402892828,350.41985720396,44.2548906505108,51.1075614392757,67.5683332681656,0,27.2261809408665,1337.53966012597,77.028294801712,583.634218603373,45.1809319853783,571.959397137165,50.8094013333321,20.8481769263744,16.899621963501,59.3187262415886,6.63528636097908,28.4716091752052,10.6431900560856,6.93449196219444,7.75603532791138
0,0,0,0,0,0,0,0,0,0,0,0,0,0,0,0,0,0,0,0,0,0,0,0,0,0,0,0,0,0,0,0,0,0,0,0,96.9818583726883,30.2516549527645,56.8976118564606,10.4666020870209,0,0.777399122714996,0,0,0,0,0,0,0,0,0,0,0,0,0,0,0,0,0,0,0,0,0,0,0,0,0,0,0,0,3.44417598843575,6.50453096628189,3.68549335002899,3.04308521747589,40.616343408823,32.8488304018974,47.2541320025921,58.5069578289986,0,0,0,0,0,0,0,0,0,0,0,0,11.8116787075996,49.6865620017052,7.90167880058289,447.418881446123,18.8282335400581,66.3044769763947,58.2112655341625,28.9529267549515,20.4996383488178,22.4274337887764,27.2261809408665,0,49.0803489387035,985.339113175869,25.7895566225052,508.249765723944,83.6182684898376,176.920820623636,11.0083427429199,10.5085128545761,38.4792126119137,1.01957875490189,3.92397457361221,12.2340021431446,13.5366605222225,6.19263345003128
0,0,0,0,0,0,0,0,0,0,0,0,0,0,0,0,0,0,0,0,0,0,0,0,0,0,0,0,1.4897735118866,0,0,0,0,0,0,0,187.189716517925,176.570949912071,104.920709371567,125.335282802582,2.4779412150383,1.35219824314117,0,0,0,0,1.33465787768364,2.87254881858826,0,0,0,0,0,0,0.788275599479675,0,1.11764216423035,0,0,0,1.77224338054657,0,0,0,0,0,1.31628501415253,0,0,0,46.0818471908569,11.0324528813362,18.042989641428,8.93937295675278,112.463819921017,95.3947104215622,254.666068315506,111.940837621689,0,0,0,0,0,0,0,0,0,0,0,0,141.657074093819,263.62936604023,938.482500553131,154.580987513065,397.206470549107,199.463497489691,362.102528810501,98.2121187448502,53.8903141319752,127.894769281149,1337.53966012597,49.0803489387035,0,267.517165362835,6186.71421656013,190.810859888792,588.970367521048,110.514015883207,83.2839122414589,139.63530933857,312.05434691906,51.2620797753334,159.447797566652,420.473534137011,183.843268871307,92.5605488717556
0,0,0,0,0,0,0,0,0,0,0,0,0,0,0,0,0,0,0,0,0,0,0,0,0,0,0,0,0,1.54029071331024,0,0,0,0,0,0,215.734984815121,108.091553479433,100.925173997879,41.2553231418133,0,2.35392072796822,0,0,0,0,0,0,0,0,0,0,0,0,0,0,0,0,0,0,0,0,0,0,0,0,0,0,0,0,4.37648177146912,39.9479368031025,7.35499674081802,10.33343064785,111.649853616953,102.79358330369,64.3191041946411,191.27437928319,0,0,0,0,0,0,0,0,0,0,0,0,55.9560557603836,192.497851997614,33.334567129612,1538.21444413066,57.5225891768932,164.663893729448,121.927905291319,82.0059357583523,60.5574635565281,66.407251060009,77.028294801712,985.339113175869,267.517165362835,0,104.621240615845,4967.11949765682,153.770823597908,390.705394357443,89.0541091859341,60.8336755335331,252.671696901321,17.7084300518036,72.0431893765926,282.485019564629,219.528166502714,64.3270260989666
11.4477060139179,3.6389182806015,11.9708625376225,0.977673768997192,0,0,0.779610812664032,0.357497155666351,0,0,0,0,0,0,0,0,1.25447964668274,3.59221661090851,1.49870729446411,2.6125156879425,0,0,0,0,0,0,0,0,6.21993136405945,0.688440799713135,0,0,4.25089377164841,1.68689155578613,1.52718728780746,0,109.03422036767,45.067647755146,30.2551057338715,21.383180141449,4.47711434960365,4.0884952545166,0,0,0,0,5.65067148208618,2.22928974032402,0,0,0,0,0,0,1.08530461788177,0,9.74609577655792,0,1.26570081710815,0,4.92142599821091,0,2.05799543857574,0,0.626205742359161,0,0,0,2.67430937290192,0,90.3376106619835,43.4492382109165,59.4884739518166,19.3074830174446,192.867128789425,83.375465631485,745.42065346241,207.719586759806,0,0,1.67826128005981,0,0,0,1.4147390127182,0,0,0,1.67529848217964,0,240.809932500124,153.159979224205,1108.02638575435,130.068160623312,426.682538926601,82.4581996500492,396.025014638901,36.9188410043716,52.67665168643,45.480113774538,583.634218603373,25.7895566225052,6186.71421656013,104.621240615845,0,243.519484847784,478.42792403698,50.9922452867031,176.380439758301,97.8314246535301,245.130407750607,36.2152580022812,99.8486850857735,70.0749868154526,100.498934060335,129.79336425662
0.765885770320892,7.14195048809052,0,0.610625982284546,0,0,0,3.45967745780945,0,0,0,0,0,0.532659351825714,0,0,0,5.2799831032753,0,4.12604254484177,0,0,0,0,0,0,0,0,0,3.65183162689209,0,1.66548162698746,0,4.72265070676804,0,0,71.678772777319,47.7393938004971,32.0026606917381,11.3059343099594,2.47589647769928,3.03955006599426,0,0,0,0,1.18860948085785,2.93733608722687,0,0.414265632629395,0,0,0,0,0,4.40752404928207,0,9.7321857213974,0,0,0,0,0,0,0.781314551830292,0,0,0.859571099281311,0,0.531417787075043,39.9040153026581,95.0808034837246,9.35070651769638,38.1180979013443,86.2397209107876,129.812061935663,255.878098279238,523.946898818016,0,0,0,0,0,0,0,1.78452968597412,0.488555073738098,1.61801302433014,0,0,35.4554803967476,431.888185977936,70.0028809607029,1582.05432489514,126.874782681465,253.044468075037,71.0051751434803,148.378368020058,28.2998929023743,103.861644476652,45.1809319853783,508.249765723944,190.810859888792,4967.11949765682,243.519484847784,0,106.957477450371,597.129823744297,243.126325458288,142.164471685886,424.155436486006,32.1991690993309,87.289341032505,145.935311198235,475.745746940374,160.749024808407
1.57358980178833,0,0,0,0,0,0,0,0,0,0,0,0,0,0,0,1.1871817111969,0,0,0,0,0,0,0,0,0,0,0,0,0,0,0,0,0,0,0,73.1521891355515,55.9484301805496,27.0942306518555,23.941111266613,1.37590360641479,5.11250400543213,0,0,0,0,0,0,0,0,0.527885615825653,0,0,0,0,0,7.38526558876038,0,0,0,0,0,0,0,0,0,0,1.09778296947479,0.921009123325348,0,30.4237258732319,17.1968728899956,10.1714925467968,16.4289806783199,44.6930662691593,31.1042090952396,77.3897268772125,74.6336639225483,0,0,0.997197657823563,0,0,0,0.490058034658432,0,0,0,1.07806706428528,0,551.362779200077,349.224343150854,458.006846010685,228.653159618378,113.051072567701,49.9864514172077,178.095854341984,28.3694574534893,74.115053743124,83.9999375641346,571.959397137165,83.6182684898376,588.970367521048,153.770823597908,478.42792403698,106.957477450371,0,79.2094420790672,31.0701165497303,14.8908419013023,116.26896867156,19.254415333271,24.5260788798332,18.6300249993801,9.94580113887787,23.4660556018353
0,0,0,0,0,0,0,0,0,0,0,0,0,0,0,0,0,0,0,0,0,0,0,0,0,0,0,0.664646029472351,0,0,0,0,0,0,0,0,44.9679839611053,25.9438661336899,18.5645424723625,8.52538946270943,0,2.27589273452759,0,1.96122765541077,0,0,0,1.04929196834564,0,0,0,0,0,0,0,0,0,1.20161461830139,0,0,0,0,0,1.17798507213593,0,0,0,0,0,1.15578150749207,7.93770855665207,21.232650667429,4.65639024972916,9.89088922739029,31.1627458035946,28.2928310334682,38.345319211483,85.9397197663784,0,0,0,0,0,0,0,0,0,0.582328498363495,0,0,76.7014220356941,601.889843553305,68.8997734189034,604.038044214249,32.9637930691242,106.589859634638,47.3422877192497,98.3681167960167,33.0954683721066,256.90419781208,50.8094013333321,176.920820623636,110.514015883207,390.705394357443,50.9922452867031,597.129823744297,79.2094420790672,0,41.9347949326038,21.007371366024,130.724724322557,17.5708546042442,21.6553272306919,18.0941859483719,27.0022025704384,23.3374733328819
11.7667390108109,35.2633428573608,15.3105043768883,18.2998155355453,0.740430533885956,0,3.44547867774963,6.03782057762146,0.504753112792969,0,0,3.19656586647034,3.07299539446831,4.9573050737381,0,1.92493683099747,0,0.781469762325287,12.2168580293655,32.1393531262875,0,0,2.00706058740616,6.66211664676666,0.49364909529686,0,0,0,0,3.135910987854,1.57694947719574,4.49424093961716,0.88603812456131,4.91799372434616,0,0,18.0811683237553,15.937830388546,5.93548339605331,2.12076604366302,5.65000736713409,4.76073211431503,0,0.846068501472473,0,0,0,0,0,0,0.705605089664459,0.850791931152344,0,0,0,0,5.89996492862701,12.3059693574905,1.59414875507355,2.26481437683105,1.10245418548584,0,0,0.723114013671875,0,0,0,2.39668464660645,3.13685297966003,1.13938784599304,57.5408355891705,76.9503729641438,24.0513074696064,45.5961930155754,74.6065890789032,61.3814746439457,383.065111279488,518.528951823711,0,0,0,0,0,0,0,0,0,0,0,0,9.96136862039566,19.6081649661064,41.8961706459522,142.347083508968,150.965195775032,56.9899736344814,16.3981165885925,10.5230002701283,4.69081401824951,6.06222447752953,20.8481769263744,11.0083427429199,83.2839122414589,89.0541091859341,176.380439758301,243.126325458288,31.0701165497303,41.9347949326038,0,151.802692115307,99.2664605379105,15.333544164896,42.6384194493294,146.931790053844,47.5716491341591,334.793251574039
6.44835913181305,17.1356046795845,7.5828320980072,11.8866882324219,0,0,0,4.92030328512192,0,0,0,1.12323713302612,1.64612197875977,2.26390108466148,1.10478931665421,0.614024698734283,0,0,3.11299586296082,19.2757245600224,0,0,0,2.53155922889709,0,0,0.689188778400421,1.54592442512512,0,1.06469357013702,1.35982251167297,3.62601298093796,0,4.33698290586472,0.689702689647675,0.473842203617096,63.2321901917458,105.247166931629,1.36872828006744,2.43936502933502,0,4.22640126943588,3.29811584949493,5.66777330636978,2.02443981170654,3.55483448505402,97.1094655990601,147.098721086979,3.99391257762909,9.45088315010071,5.40738308429718,5.72440177202225,0,0,0.567736327648163,4.39973598718643,14.7276629209518,13.0756015181541,4.00741332769394,12.5121055245399,2.59998869895935,3.14629411697388,2.37121421098709,1.27219009399414,4.09130167961121,2.01830607652664,2.84632670879364,13.9738630354404,4.0073453783989,5.30390799045563,5.81187057495117,51.4056812226772,7.99888521432877,27.362367272377,17.8438603579998,47.0350535511971,539.674970895052,1010.24816074967,0,0,1.31369483470917,0,1.86949574947357,0,3.31417870521545,1.19117784500122,2.09495186805725,4.00116699934006,0,1.47010689973831,7.02565571665764,18.0832790136337,63.3966716527939,123.311423659325,477.312746316195,601.483457654715,141.61859023571,44.7513516843319,3.98438066244125,4.5944522023201,16.899621963501,10.5085128545761,139.63530933857,60.8336755335331,97.8314246535301,142.164471685886,14.8908419013023,21.007371366024,151.802692115307,0,556.894268333912,46.2723569273949,82.4002103805542,273.469899117947,57.6154458224773,136.312648117542
0,0,0,0,0,0,0,0,0,0,0,0,0,0,0,0,0,0,0,0,0,0,0,0,0,0,0,0,0,1.46848273277283,0,0,0,0,0,0,70.5141004025936,60.4005191922188,29.4002626538277,20.2761746942997,0,3.31434473395348,0,2.95134049654007,0,2.95333355665207,0,8.34103578329086,0,1.73324346542358,0,0,0,0,0,0,0,0,0,0,0,0,0,0,0,0,0,0,0,0,6.71220931410789,13.970811933279,1.10341250896454,6.05780208110809,41.3072428703308,34.0775655806065,48.0876033604145,88.0528512597084,0,0,0,0,0,0,0,0,0,0.511406064033508,0,0.776742219924927,147.862194120884,319.225218355656,233.549172729254,651.832145541906,204.895328640938,457.895343780518,616.060612887144,619.566752254963,115.578496009111,230.647784054279,59.3187262415886,38.4792126119137,312.05434691906,252.671696901321,245.130407750607,424.155436486006,116.26896867156,130.724724322557,99.2664605379105,556.894268333912,0,367.796546041965,616.862596213818,494.700864195824,107.664408177137,212.099312782288
0,0,0,0,0,0,0,0,0,0,0,0,0,0,0,0,0,0,0,0,0,0,0,0,0,0,0,0,0,0,0,0,0,0,0,0,14.3739339709282,9.3108132481575,9.84462133049965,3.3022395670414,0,0,0,0,0,0,0,0,0,0,0,0,0,0,0,0,0,0,0,0,0,0,0,0,0,0,0,1.28679382801056,0,0,1.34487617015839,1.62362122535706,1.55781531333923,0,7.23292076587677,4.05708628892899,11.4005820155144,7.70046955347061,0,0,0,0,0,0,0,0,0,0,0,0,48.7150177955627,41.4346613287926,55.4235857129097,67.9816889464855,24.0103980302811,23.0155254602432,189.604772597551,84.5257657766342,86.5388376712799,93.4284198582172,6.63528636097908,1.01957875490189,51.2620797753334,17.7084300518036,36.2152580022812,32.1991690993309,19.254415333271,17.5708546042442,15.333544164896,46.2723569273949,367.796546041965,0,265.0786485672,201.565887570381,18.593766272068,44.8033441603184
0,0,0,0,0,0,0,0,0,0,0,0,0,0,0,0,0,0,0,0,0,0,0,0,0,0,0,0,0,0,0,0,0,0,0,0,17.4323903620243,24.9254027307034,16.4950191378593,7.30006670951843,1.41890859603882,0.689790010452271,0,0,0,0,0.92542552947998,0,0,0,0,0,0,0,0,0,0,0,0,0,0,0,0,0,0,0,0,0,0,0,0.467145055532455,2.08782416582108,3.05624371767044,4.2345986366272,8.27553868293762,7.49660924077034,34.2647816240788,28.1436478793621,0,0,0,0,0,0,0,0,0,0,0,0,96.6712146699429,266.414400756359,207.459706991911,263.460129916668,68.1845222711563,40.207566767931,253.584036678076,100.659233927727,58.5443634092808,282.74098071456,28.4716091752052,3.92397457361221,159.447797566652,72.0431893765926,99.8486850857735,87.289341032505,24.5260788798332,21.6553272306919,42.6384194493294,82.4002103805542,616.862596213818,265.0786485672,0,256.150578081608,25.4725620746613,90.6251173317432
0,0,0,0,0,0,0,0,0,0,0,0,0,0,0,0,0,0,0,0,0,0,0,0,0,0,0,0,0,0,0,0,0,0,0,0,5.95463153719902,0.79991489648819,2.54286098480225,0,0,1.3179692029953,0,0,0,0,0,0,0,0,0,0,0,0,0,0,0,0.751219987869263,0,0,0,0,0,0,0,0,0,0,0,0,1.92810595035553,5.33449527621269,3.45938885211945,0.626428127288818,6.76469022035599,9.03407055139542,66.6975461244583,46.4033969044685,0,0,0,0,0,0,0,0,0,0,0,0,6.20316511392593,6.75223714113235,41.8756663799286,75.6545178592205,87.0855261087418,18.8748875558376,54.6530875563622,10.9133525490761,10.4738265573978,1.30831241607666,10.6431900560856,12.2340021431446,420.473534137011,282.485019564629,70.0749868154526,145.935311198235,18.6300249993801,18.0941859483719,146.931790053844,273.469899117947,494.700864195824,201.565887570381,256.150578081608,0,270.264949500561,389.464349806309
0,3.28586077690125,0,0,0,0,0,0,0,0,0,0,0,0,0,0,0,0,0,0,0,0,0,0,0,0,0,0,0,1.05403542518616,0,0,0,0,0,0,4.10437762737274,1.1610631942749,0.493834048509598,1.46640902757645,0,0,0,0,0,0,0,0,0,0,0,0,0,0,0,0,0,0,0,0,0,0,0,0,0,0,0,0,0,0,2.57792836427689,3.17241340875626,0.919796109199524,3.49412977695465,4.43992108106613,11.6633248925209,22.2889003157616,57.8460898399353,0,0,0,0,0,0,0,0,0,0,0,0,2.41646879911423,26.663233935833,15.2956757843494,192.156468033791,34.0814081728458,24.0789994597435,9.19874837994576,15.4343478679657,2.88908040523529,0,6.93449196219444,13.5366605222225,183.843268871307,219.528166502714,100.498934060335,475.745746940374,9.94580113887787,27.0022025704384,47.5716491341591,57.6154458224773,107.664408177137,18.593766272068,25.4725620746613,270.264949500561,0,130.112837702036
1.42283374071121,6.87809240818024,0,2.76169097423553,0,0,0,0,0,0,0,0,0,0.893625378608704,0,1.92169272899628,0.661525845527649,0,0.660023033618927,3.69837003946304,0,0,0,0,0,0,0,0,0,0.849230647087097,0,0,1.49948406219482,0,0,0,12.9275365769863,11.4681569337845,15.4210947751999,5.00946497917175,2.40844297409058,0.759999752044678,0,0,0,0,1.66635358333588,0.889613628387451,0,0,0,0,0,0,0,0,0,2.15805101394653,0,0.993707716464996,0,0,0.749089956283569,0,0,0,0,0,0,0,13.7100223302841,28.8081069588661,10.0853568613529,8.80789744853973,33.9371543228626,35.2877189815044,149.449773311615,137.24105745554,0,0,0,0,0,0,0,0.822740256786346,0,1.08364498615265,0,0,5.69520545005798,26.5891020298004,32.3262518644333,92.6082737445831,99.5022238194942,29.8916154503822,28.747382581234,3.34374874830246,0,6.70791566371918,7.75603532791138,6.19263345003128,92.5605488717556,64.3270260989666,129.79336425662,160.749024808407,23.4660556018353,23.3374733328819,334.793251574039,136.312648117542,212.099312782288,44.8033441603184,90.6251173317432,389.464349806309,130.112837702036,0
