0,386.185748547316,2414.37224388123,167.878120958805,2.33444613218307,0,4353.09145158529,177.020000129938,20.5315423905849,0,2999.1714143157,19.2903569936752,1617.68742671609,4.13486921787262,50.0947870016098,0,230.992278575897,18.1406549811363,4464.86095991731,1628.7259657383,0,0,15.9541773796082,7.36796349287033,0,0,0,0,1265.79804223776,3.29334861040115,9.13023722171783,7.90673434734344,176.449630379677,219.805658757687,15.1356654167175,3.40703099966049,1582.76975357533,6.26853257417679,253.343101501465,2.2642822265625,20.5228051841259,0,2.21097230911255,2.04590266942978,5.10884773731232,0,3.2901970744133,0,6.57299530506134,0,129.629134714603,0,2.2799046933651,0,12.0638297796249,0,11872.3380203545,34.4025206565857,840.250378668308,3.43843972682953,1113.70610481501,0,368.090916574001,0,244.050924450159,0,205.289368569851,22.6016533374786,1123.5447319746,91.0137433409691,4250.82858371735,78.9730060696602,3075.06273934245,42.4779719412327,1744.03268951178,7.95059388875961,5519.97043249011,159.400720864534,13.2179189920425,1.0827716588974,174.527565807104,0.460994929075241,0,0,277.003618091345,0,0,0,165.594053089619,0,0,0,0,0,188.867466151714,11.415858745575,28.7788607776165,0,0,1.61283004283905,0,0,2.46247059106827,0,42.2812984883785,11.1818087100983,30.7411859035492,0,55.3957116007805,52.064545750618,1.40453958511353,0,0,0,0,15.5437052249908
386.185748547316,0,73.2217886149883,4886.03946262598,0,2.36112409830093,28.4954324364662,7191.89454048872,0,11.2769062519073,8.39768686890602,2670.94460734725,1.84402322769165,1270.52432915568,0,26.7773819565773,0.71674919128418,780.686072289944,706.056401193142,2923.02868637443,0,0,1.04208528995514,45.1271097660065,0,0,0,0,23.5714697241783,182.175556063652,7.84266138076782,14.1168701648712,135.85642939806,206.977799922228,10.3589288890362,1.4832900762558,15.4684748053551,122.370341390371,3.7356703877449,84.6942767500877,0,5.43222457170486,0.644831776618958,1.97035080194473,5.56097775697708,6.38969248533249,3.9821834564209,62.6683877110481,0,40.7282004058361,0,443.442952185869,0,2.67722237110138,0,0.733786463737488,77.4734305739403,13133.8589206934,14.9453116357327,657.548261493444,1.81943538784981,234.984685063362,4.5703598856926,144.826034992933,0,338.863352566957,117.090531170368,383.782429486513,486.595712095499,898.830361843109,182.758745402098,3002.01211619377,32.2232024669647,2989.24831289053,17.0941526889801,748.051208287477,558.584913223982,5768.84005060792,0,7.49006730318069,1.40320307016373,55.2870088815689,0,0,0,188.496037662029,0,1.91560599207878,0,107.166257500648,0,0,0,0,19.3156155943871,136.961767375469,1.53982719779015,1.16301476955414,0,0,0,0,0,1.29173755645752,1.76148569583893,26.7509073913097,6.03233969211578,1.55393624305725,44.5571924448013,32.1931814551353,0,0,0,0.835516512393951,0,7.52610778808594
2414.37224388123,73.2217886149883,0,800.264218389988,276.285857766867,134.424915999174,11756.6774257123,1002.33374220133,109.192721426487,59.6648614108562,1111.37131458521,112.32269987464,1285.38768044114,192.81245136261,314.771549612284,17.4354984164238,282.206463962793,9.45836335420609,2231.28647014499,435.476055920124,2.67304128408432,1.38937503099442,3415.24751538038,935.841575145721,89.1532626152039,199.997906833887,26.250518321991,61.7618560194969,1053.61827009916,17.5466716885567,131.570125728846,381.235248595476,60.627044826746,107.19318073988,4.66445654630661,1.57291412353516,190.008813768625,4.45949476957321,34.7214884757996,3.51088112592697,14.7840860486031,0,2.90910863876343,1.16152787208557,3.17383873462677,0,24.2900042533875,0,12.6847599744797,0,91.6819679141045,0,1.77285188436508,0,2.53757745027542,0,211.310093581676,0,174.116983830929,0,161.280716329813,0,37.0516566038132,0.687413156032562,47.2941349744797,0,81.0730010271072,5.28120866417885,56.4481319189072,2.33376121520996,2612.31069588661,479.529216736555,1733.25300857425,202.069459438324,831.016953587532,59.0081893205643,2394.18037304282,264.463000118732,2.8311356306076,0,106.158078372478,0,0,0,136.438185542822,0,0,0,49.7502431869507,0,0,0,0,0,52.3529722988605,4.93750303983688,8.73558861017227,0,0,0,0,0,0,0,11.0941492915154,3.08424812555313,0.751963138580322,0,30.075434833765,16.2779799997807,0,0,0,0,0,6.41992557048798
167.878120958805,4886.03946262598,800.264218389988,0,110.003793001175,830.618210077286,928.367081522942,12665.7335271835,65.8513792157173,166.588412851095,39.3553501963615,590.922859787941,199.520955979824,900.885306060314,41.6388459801674,98.8380513191223,3.13004785776138,231.483509838581,643.636283159256,3783.10967734456,4.47174626588821,2.03529447317123,1556.3830679059,3609.41249749064,106.358703821898,143.732214361429,61.7919376194477,42.2095917463303,90.7844884693623,119.207462728024,339.411584496498,442.688187807798,155.588358968496,304.828406572342,3.81730109453201,12.4434930980206,4.30505949258804,60.2324926257133,0,15.0630877614021,0,8.05552804470062,0,0.627766847610474,0.77649861574173,2.43111869692802,0,15.4821839034557,0,9.44650602340698,0,60.5452741980553,0,0,0,0.657570779323578,25.2562361955643,509.100457400084,2.22943651676178,399.966365963221,0.61084371805191,46.669466137886,0,66.3975340127945,0,77.1381751298904,16.5013670623302,479.034274995327,96.9532569646835,170.349322557449,865.364057958126,2029.12699121237,171.85016566515,1911.78524264693,81.5352926254272,488.378385871649,247.486269682646,3320.4276728034,0,6.13324528932571,0,52.4513372182846,0,1.36724013090134,0,62.6317856013775,0,0.446793645620346,0,11.271309286356,0,0,0,0,15.5398191213608,51.8319910764694,0,0,0,0,0,0,0,0,4.30005097389221,11.9617441594601,0,3.17334353923798,38.4606012701988,25.9971942603588,0,0,0,1.3120414018631,0,7.48368418216705
2.33444613218307,0,276.285857766867,110.003793001175,0,117.898952960968,297.656359821558,47.0045706629753,1965.46916463971,54.3974333405495,0.789412498474121,0,7.79125618934631,2.10603380203247,1186.67423409224,19.4327376484871,0.438107907772064,0,6.08476522564888,0,319.540364533663,9.88838917016983,157.29276689887,199.648741662502,283.169997155666,275.246414840221,1054.98405241966,145.038118839264,399.396152853966,0,120.989200234413,87.1518947184086,9.20971786975861,1.58351624011993,3.69779908657074,0,13.4952249526978,0.557261109352112,3.40183156728745,0.776057839393616,114.075463026762,1.87990391254425,0.98821634054184,0,0,0,5.74087202548981,0,0,0,2.64418399333954,0,0,0,3.30786746740341,0,0,0,0,0,0,0,0,0,0,0,0.704430043697357,0,0,0,1078.23059231043,111.424767017365,664.785966515541,16.255145162344,66.9126578271389,3.22649747133255,59.0239348113537,2.11167943477631,0,0,0.510570704936981,0,13.3425705432892,0,5.16223400831223,0,7.65337628126144,0,4.30056220293045,0,0,0,0,0,0,0,0,0,0,0,0,0,0,0,0,0,0,0,0,1.2060287296772,0,0,0,0,0,0.538748145103455
0,2.36112409830093,134.424915999174,830.618210077286,117.898952960968,0,99.3397428095341,394.635552316904,51.217507392168,2019.37382850051,0,1.99815142154694,3.46935790777206,6.40123653411865,50.5812061131001,795.795976370573,0,1.5414217710495,0,2.52415019273758,28.4183771908283,554.976986706257,266.957206130028,54.3167424201965,161.898622602224,665.267295151949,139.929819911718,1093.86510458589,5.62692466378212,158.565130084753,183.660739094019,59.858954846859,4.57316982746124,3.92094129323959,0,0,0,18.2904363870621,0,1.59670549631119,0.62561821937561,125.194286942482,0,1.70022070407867,0,0,0,2.58981674909592,0,0,0,1.26512312889099,0,0.450626581907272,0,2.11591410636902,0,0,0,0,0,0,0,1.66473245620728,0,0,0,0.618784844875336,0,0,328.32924413681,1663.34672254324,34.3894369900227,759.085259765387,4.94484233856201,29.7905719280243,2.91781085729599,75.7766701281071,0,0,0,1.72034883499146,0,32.6263521313667,0,15.3044038712978,0,2.96262314915657,0,1.10000222921371,0,0,0,0,0,0.578820168972015,0,0,0,0,0,0,0,0,0,0,0,0,1.88853770494461,0.500956356525421,0,0,0,0,0,0
4353.09145158529,28.4954324364662,11756.6774257123,928.367081522942,297.656359821558,99.3397428095341,0,1573.0963331759,1223.87896460295,62.168726682663,2160.61579185724,161.379341840744,5210.42942404747,343.299802988768,618.641173005104,11.153603374958,71.7457808256149,13.9172461628914,668.183486789465,480.864311426878,0,1.1261859536171,590.857605218887,982.361383646727,13.3547981977463,112.813315778971,4.77830076217651,24.4740434288979,734.034422934055,22.1221951246262,78.4179772734642,324.855859607458,24.5805342495441,115.711170554161,2.22596496343613,0,79.9269549846649,6.43671119213104,10.6055107116699,2.74481105804443,5.30815654993057,0,0,0,1.90657168626785,0,31.9580939114094,0,4.20190542936325,0,285.050094872713,0,9.0730821788311,0,24.5388697683811,0,345.891929209232,1.64189207553864,82.1931350827217,0,451.117217570543,0,54.3456949293613,0,249.70510366559,0,33.8890439867973,2.96965783834457,13.0769309401512,0,5388.11185520887,614.964170694351,1052.66690948606,243.507151246071,511.199509233236,81.5151470601559,1425.99594840407,434.757108569145,1.94081717729568,0,60.783970117569,0,0,0,265.508836120367,0,0,0,182.035148769617,0,0,0,0,0,24.6780623197556,4.38850045204163,3.7009237408638,0,0,0,0,0,0,0,7.1993727684021,1.15727627277374,2.10628664493561,0,7.13298082351685,11.6016314923763,0,0,0,0,0,2.75541007518768
177.020000129938,7191.89454048872,1002.33374220133,12665.7335271835,47.0045706629753,394.635552316904,1573.0963331759,0,33.0599843263626,817.075865864754,180.688583016396,2385.34971150756,361.247259527445,7395.6404966116,33.2528898119926,260.859116911888,3.72963750362396,174.088190734386,1410.80335363746,956.474614083767,3.10157632827759,0,1375.97899657488,562.9043610394,48.1086572408676,60.1322249770164,27.5007019639015,13.4037273526192,147.728876531124,138.462911367416,212.677813321352,350.765073567629,188.956954747438,71.1038601100445,5.09944087266922,3.48095715045929,9.19509947299957,60.1532792747021,1.85242474079132,19.2898885607719,0.791236162185669,2.31796526908875,0.594044625759125,4.96749830245972,0,5.0135301053524,0,11.6808086633682,0,44.8794403970242,0,416.467805683613,0,0,0,0.572248697280884,26.8955045938492,408.057377964258,0.731429874897003,255.03460252285,1.39500224590302,120.073630005121,0,103.437937140465,0,267.43913552165,14.7775849103928,195.67449054122,106.401789993048,31.5406998991966,1406.7437710762,5006.36780962348,198.862389981747,1123.39799171686,103.234389990568,337.518404245377,453.561882972717,2494.74051403999,0,4.14825719594955,0,77.5388464331627,0,0,1.68650567531586,575.596064925194,0,0,0,166.479942262173,0,0,0,0,8.05910873413086,20.0703779160976,0.987251937389374,0,0,0,0,0,0,0,0,5.08453500270844,1.12861454486847,0,29.0219957232475,12.9423095583916,0,0,0,0,0,3.62353789806366
20.5315423905849,0,109.192721426487,65.8513792157173,1965.46916463971,51.217507392168,1223.87896460295,33.0599843263626,0,31.788212954998,27.1122868657112,0,480.851033389568,3.94949033856392,2551.64928090572,8.90484261512756,3.88721817731857,0,25.2137412726879,0,136.744304269552,9.21180421113968,72.4561331570148,100.784679174423,81.1497876048088,118.79914098978,445.736292511225,52.8820692002773,523.858872175217,0,29.5498198866844,28.9538587927818,5.61447113752365,2.19570899009705,0,0,33.5169059336185,0,6.44563615322113,1.39445841312408,110.136178523302,0,0,0,0,0,12.1311281621456,0,0,0,0,0,0,0,0,0,2.16991811990738,0,0,0,1.57281631231308,0,2.47246885299683,0,0,0,0,0,0,0,1208.74384093285,72.3310512602329,1047.80103048682,14.9149505496025,152.091682344675,0.757553339004517,245.282167524099,0.533584415912628,0,0,16.9157653450966,0,6.58736497163773,0,2.15492361783981,0,12.3928952813148,0,5.82717362046242,0,0,0,0,0,3.55095008015633,0,0,0,0,0,0,0,0,0,0,0,0,0,5.06805109977722,0.527560889720917,0,0,0,0,0,0.473301887512207
0,11.2769062519073,59.6648614108562,166.588412851095,54.3974333405495,2019.37382850051,62.168726682663,817.075865864754,31.788212954998,0,0,34.8568215966225,2.83811056613922,172.330663949251,34.0134160220623,2300.63526833057,0,20.3568608760834,0,8.50450986623764,14.8599869906902,52.1008686125278,140.621177911758,45.6339555978775,75.312217772007,188.70601952076,67.7379470467567,415.169595986605,4.29165178537369,61.65052318573,89.2890112102032,33.8370524644852,2.8523775935173,2.52451634407043,0,0,0,52.1100279688835,0,0.996842503547668,0.702603340148926,65.0407389700413,0,0,0,0,0,1.70664137601852,0,0,0,0,0,0,0,3.2429011464119,0,4.00653713941574,0,0,0,4.39925622940063,0,28.6035354733467,0,7.72256398200989,0,0.497877866029739,0,0,168.684858977795,2201.80788746476,20.1772362589836,1416.98768752813,3.42437028884888,173.718110620975,4.96187365055084,266.393155008554,0,1.71626430749893,0,3.49459850788116,0,15.9063219428062,0,13.5266110897064,0,3.90614324808121,0,9.69264048337936,0,0,0,0,0,0.550397098064423,0,0,0,0,0,0,0,0,0,0.547098457813263,0,0,2.80714720487595,2.56919234991074,0,0,0,0,0,0
2999.1714143157,8.39768686890602,1111.37131458521,39.3553501963615,0.789412498474121,0,2160.61579185724,180.688583016396,27.1122868657112,0,0,33.8864780664444,2873.5914092958,24.00600451231,116.996401071548,0.547369003295898,583.703874766827,1.80671405792236,1036.75257793069,182.281122386456,0,0,66.7654021680355,73.0919719338417,0,0,0,0,1089.05478411913,2.9281952381134,34.0261381864548,30.9552417993546,15.369078963995,28.6665334105492,4.95491182804108,0.579602360725403,17.7269640564919,0,2.206130027771,0,0,0,0,0,1.7856981754303,0,3.14925989508629,0,0.73316890001297,0,59.1944799125195,0,3.12124663591385,0,8.5497699379921,0,228.576768994331,0,58.8857275247574,0,469.977459102869,0,260.781848073006,0,82.886293977499,0,30.4634915292263,0,13.9705464243889,0,929.056824296713,47.5325157344341,250.157893121243,29.0138627886772,67.9559754133224,3.73319584131241,230.005114555359,25.6691380143166,7.8542674779892,0,643.732203394175,0,0,0,772.764021724463,0,0,0,376.10560208559,0,0,0,0,0,2.07138019800186,0,2.09250211715698,0,0,0,0,0,0,0,0,0,0,0,1.16808879375458,1.11377596855164,0,0,0,0,0,1.48622000217438
19.2903569936752,2670.94460734725,112.32269987464,590.922859787941,0,1.99815142154694,161.379341840744,2385.34971150756,0,34.8568215966225,33.8864780664444,0,39.409649848938,4646.87286195159,0.494430869817734,170.741746723652,0,993.722692251205,571.978915125132,771.05112054944,0,0,75.6461637616158,223.647587418556,0,0.576271593570709,0,1.62268435955048,20.4503584504128,930.563068538904,38.5387130975723,90.2279108762741,49.2550747394562,88.0124905109406,3.54279404878616,5.64063009619713,2.37292951345444,8.13325238227844,0,6.06936085224152,0,0,0,1.12312158942223,0,0,0.951161682605743,4.87428516149521,0,9.044981777668,0,68.6567078530788,0,0,0,1.184779047966,0.850039720535278,221.669574797153,0,64.9879587590694,0,187.076889753342,0,212.274674773216,0,174.017165899277,2.54771482944489,42.911008477211,3.33021187782288,5.76947182416916,225.814384996891,956.937321007252,27.9620530605316,887.804604053497,4.32675766944885,76.9832236170769,50.2289120554924,484.230574429035,0,8.11048835515976,0,36.1431514024734,0,0,0,114.586931675673,0,0,0,20.7555332183838,0,0,0,0,0,7.99519443511963,0,0,0,0,0,0,0,0,0,6.38039749860764,0,0,9.64995229244232,1.22622346878052,0,0,0,0,0,2.62640392780304
1617.68742671609,1.84402322769165,1285.38768044114,199.520955979824,7.79125618934631,3.46935790777206,5210.42942404747,361.247259527445,480.851033389568,2.83811056613922,2873.5914092958,39.409649848938,0,76.5413571894169,3089.72160303593,0,105.893628776073,0,666.538340061903,85.7469264268875,0,0,416.213677406311,197.321042239666,3.09077721834183,3.12141942977905,0.751486659049988,1.09368991851807,1900.05105093122,3.14606994390488,46.5865176916122,74.7503042221069,20.8985979557037,40.1196298003197,2.92844361066818,0,17.7461724281311,0,1.44238746166229,0.860053777694702,1.62268024682999,0,1.02951157093048,0,0,0,6.40141516923904,0,0,0,45.4093565046787,0,0,0,6.67192924022675,0,142.386702001095,0,18.4938081502914,0,257.09222048521,0,135.143764853477,0,83.6857274770737,0,11.20380666852,0,17.206883251667,0,2210.39619329572,136.626517176628,546.871388316154,52.500128775835,168.111898183823,9.89245820045471,355.777820646763,72.2253709435463,7.01864778995514,0,480.517386943102,0,0,0,578.062229990959,0,0,0,262.402641505003,0,0,0,0,0,2.51089853048325,0,0,0,0,0,0,0,0,0,0,0,0.649017572402954,0,2.76515531539917,0.761565387248993,0,0,0,0,0,0
4.13486921787262,1270.52432915568,192.81245136261,900.885306060314,2.10603380203247,6.40123653411865,343.299802988768,7395.6404966116,3.94949033856392,172.330663949251,24.00600451231,4646.87286195159,76.5413571894169,0,2.72158390283585,1731.4241155982,1.27253496646881,262.158759683371,215.730706840754,335.079505324364,0,0,325.180346190929,446.624416589737,2.12340939044952,1.00472319126129,0,0,27.2463047802448,1083.35205346346,68.2114903330803,180.565719544888,29.7795915007591,63.9267801046371,2.52481603622437,3.22456228733063,0,15.0136151313782,0.906704664230347,3.82024329900742,0,3.90057742595673,0,0,0,0,0,0.492343872785568,0,10.5745760500431,0,84.0012141168118,0,0,0,1.69280844926834,0,134.289327561855,0,63.0530731379986,0,189.272778332233,0,181.0636690557,0,344.876022040844,0,16.722117215395,1.1918443441391,2.42643696069717,257.74880567193,1690.24127960205,26.7818932533264,1525.69287154078,15.6458263993263,138.46857431531,50.20564904809,476.720877826214,0,7.06847965717316,0,124.560041606426,0,0,0,426.623343467712,0,0,0,65.6477560400963,0,0,0,0,0,9.92444795370102,0,0,0,0,0,0,0,0,0,1.32091593742371,0,0,3.76048901677132,1.30246233940125,0.984125256538391,0,0,0,0,0.550686478614807
50.0947870016098,0,314.771549612284,41.6388459801674,1186.67423409224,50.5812061131001,618.641173005104,33.2528898119926,2551.64928090572,34.0134160220623,116.996401071548,0.494430869817734,3089.72160303593,2.72158390283585,0,11.9386213421822,49.861528635025,0,96.7915399074554,1.10964393615723,216.732599705458,10.6404384970665,146.947620630264,68.7817337810993,127.684881180525,156.52814373374,512.588314831257,100.013137936592,4138.28777706623,0.481753677129745,76.1047864854336,56.5281536877155,19.6715082526207,10.4430784583092,2.44209891557693,0,42.4499034881592,0.831312954425812,10.9878017902374,0,173.061439871788,1.13879692554474,0,0,0,0,27.4556946158409,0,0,0,0.800624966621399,0,1.66858011484146,0,5.99205368757248,0,21.5888437628746,0,0,0,11.2196233272552,0,11.875878572464,0,1.46592748165131,0,0.5103719830513,0,3.97323033213615,0,1806.80571258068,75.4048557579517,2362.27071160078,9.24888274073601,438.361142784357,0,603.151068925858,3.43737116456032,0.983036041259766,0,61.0805813670158,0,21.1225219964981,0,20.7627652287483,0,17.8487765192986,0,9.13391375541687,0,0,0,0,0,5.49838262796402,1.2857029736042,0,0,0,0,0,0,0,0,0.427782982587814,0,0.536746323108673,0,6.53544241189957,3.04560053348541,0,0,0,0,0,3.18133109807968
0,26.7773819565773,17.4354984164238,98.8380513191223,19.4327376484871,795.795976370573,11.153603374958,260.859116911888,8.90484261512756,2300.63526833057,0.547369003295898,170.741746723652,0,1731.4241155982,11.9386213421822,0,0,122.765319705009,1.92686927318573,19.2455636560917,5.97453612089157,192.124444663525,40.6434208154678,50.4130658209324,34.6177157461643,38.7909088134766,36.7695545554161,252.638876795769,1.31359964609146,1494.17555290461,22.2128663957119,16.6784887909889,0.562433183193207,4.39118593931198,0,0,0,82.3394579589367,0,3.68332463502884,0,186.313064306974,0,4.65141028165817,0,0,0,10.2694706916809,0,0,0,0.71272873878479,0,0,0,12.2579370737076,0,20.5860792994499,0,1.29270315170288,0,17.9101902842522,0,77.7375299930573,0,12.2778442502022,0,0,0,0,98.8622960150242,1987.39128163457,5.08680069446564,4347.73357790709,0.554690420627594,288.369521588087,0.760748982429504,448.377709209919,0,12.0453687906265,0,21.5314280986786,0,43.8501666784286,0,42.8636092543602,0,10.7205144762993,0,11.3195143938065,0,0,0,0,0,5.84167924523354,0,0,0,0,0,0,0,0,0,0,0,0,6.32854735851288,3.19520050287247,0,0,0,0,0,2.2723525762558
230.992278575897,0.71674919128418,282.206463962793,3.13004785776138,0.438107907772064,0,71.7457808256149,3.72963750362396,3.88721817731857,0,583.703874766827,0,105.893628776073,1.27253496646881,49.861528635025,0,0,0,266.909183442593,24.0889539718628,0,0,8.87549713253975,0,0.61718088388443,0,0,0,3061.25238910317,0,0,3.781902551651,1.41634678840637,5.26147836446762,4.14380478858948,0,21.164482653141,0,4.34857296943665,0,0.703987419605255,0,0,0,0,0,0.588190972805023,0,2.7211799621582,0,10.6553070545197,0,0,0,0,0,770.330450534821,2.03418570756912,40.7491245269775,0,231.38057923317,0,475.944670915604,0,14.4494676589966,0,21.9709589183331,3.13101720809937,10.188944876194,1.07649862766266,142.416664153337,2.3020686507225,231.717535167933,0,26.276937186718,0,111.281344473362,2.46580469608307,303.326317548752,0,1938.56887468696,0,4.23440939188004,0,139.512454807758,0,0.795906722545624,0,36.6823495924473,0,0,0,0,0,1.51063293218613,0,1.31648290157318,0,0,0,0,0,0,0,0.780458688735962,0,0,0,1.78131449222565,0,0,0,0,0,0,0
18.1406549811363,780.686072289944,9.45836335420609,231.483509838581,0,1.5414217710495,13.9172461628914,174.088190734386,0,20.3568608760834,1.80671405792236,993.722692251205,0,262.158759683371,0,122.765319705009,0,0,132.779309660196,341.646862655878,0,0,1.65397596359253,66.9358842968941,0,0,0,0,7.82787334918976,3539.14047697186,8.030493080616,17.7287508845329,9.97692432999611,35.8153654336929,6.44669827818871,1.74987864494324,2.89221823215485,11.7581939697266,0,4.29521334171295,0,0.672719657421112,0.627538442611694,0,0.521300733089447,0.890224754810333,0,2.37486302852631,0,2.88872534036636,1.19851791858673,26.7468531131744,0,0,0,0,6.46155142784119,1891.67620509863,1.44798955321312,64.6494745314121,0,439.029614180326,0,2310.55684491992,0,150.486847132444,2.25476410984993,32.9581393897533,4.13386023044586,11.9826066493988,22.2618458867073,360.224680423737,6.56000804901123,2147.61145937443,0.532560646533966,96.0693587660789,24.6072969138622,620.773786067963,0,529.558069318533,0,665.587034761906,0,1.07635283470154,0,56.5215193629265,0,1.03130853176117,0,18.3389776349068,0,0,0,0,0.796749591827393,4.37059652805328,0,0,0,0,0,0,0,0,0,4.63138228654861,0,0,7.18293929100037,2.68319016695023,0,0,0,0,0,1.50664114952087
4464.86095991731,706.056401193142,2231.28647014499,643.636283159256,6.08476522564888,0,668.183486789465,1410.80335363746,25.2137412726879,0,1036.75257793069,571.978915125132,666.538340061903,215.730706840754,96.7915399074554,1.92686927318573,266.909183442593,132.779309660196,0,5549.89711853862,0,0,1926.26188772917,693.053220331669,1.22207987308502,0,0,0,910.844376057386,96.8605524599552,704.663933992386,499.684225738049,3607.56629607081,1195.67371720076,59.275986045599,7.0005656182766,331.497988373041,11.6523085832596,54.8458010554314,4.27425003051758,16.7478811740875,0,79.2327272295952,0,122.782185196877,0,57.0513913631439,16.7721262574196,26.3169549107552,0,56.1579147279263,0,0,0,3.55511695146561,0,344.544337153435,48.5501317977905,598.671008735895,2.59210932254791,95.3689542114735,0,26.3800241053104,0,15.0746920108795,0,1643.00553360581,67.6727673709393,2756.09373223782,51.9076072573662,2515.573931247,594.437483608723,1407.73592913151,431.014115810394,768.821124851704,90.0175703763962,3715.10091137886,1134.37896710634,3.81036365032196,0,65.1613501608372,0,0,0,42.909265935421,0,0,0,17.7397787570953,0,0,0,0,0,69.8800506591797,9.45345205068588,10.1802915334702,0,0,0,0,0,0,0,7.98232543468475,2.88383257389069,2.47109922766685,2.75479483604431,16.178554713726,38.3354349136353,0,0,0,0,0,11.5754053592682
1628.7259657383,2923.02868637443,435.476055920124,3783.10967734456,0,2.52415019273758,480.864311426878,956.474614083767,0,8.50450986623764,182.281122386456,771.05112054944,85.7469264268875,335.079505324364,1.10964393615723,19.2455636560917,24.0889539718628,341.646862655878,5549.89711853862,0,0,0,135.287165224552,1755.47586631775,0,2.71703743934631,0,0,150.690181583166,133.060243666172,153.776319861412,335.238328158855,1440.57729417086,7882.34431394935,26.76233035326,62.5285575985909,68.0675606429577,98.8086463212967,6.52361571788788,89.0104643106461,0.932612597942352,0,14.4288993477821,7.39038971066475,16.0331316590309,0.92887482047081,10.7210326194763,161.645419538021,0,5.79215049743652,3.44922780990601,18.5473999381065,0,0,0,1.93008762598038,299.77048638463,565.615323096514,38.0303870439529,274.794618725777,4.55501663684845,51.1841085553169,3.21665382385254,30.0029296875,4.46167498826981,76.6967141032219,419.705911040306,1813.01639714837,2765.81543296576,3680.92365267873,765.883330464363,1866.65113979578,259.336091428995,1278.39772826433,119.671786814928,357.187949687243,1082.25162312388,5266.05119511485,0,1.0340381860733,2.41130971908569,11.012758910656,0,0,0,29.1598997116089,0,0,0,3.70024764537811,0,0,0,0,12.2125821113586,58.1065310835838,1.8202782869339,0,0,0,0,0,0,0,1.99654763936996,10.6239190101624,3.78999328613281,1.52375495433807,48.1593009531498,35.0252921581268,0,0,0,0,0,8.18069127202034
0,0,2.67304128408432,4.47174626588821,319.540364533663,28.4183771908283,0,3.10157632827759,136.744304269552,14.8599869906902,0,0,0,0,216.732599705458,5.97453612089157,0,0,0,0,0,33.8632228076458,79.9484563469887,22.1800629198551,176.499684870243,85.4336043298244,1089.82011911273,98.5527420938015,142.630249977112,0,693.763017952442,214.838308125734,70.4541024267673,4.45084577798843,8.16761779785156,0.462301343679428,10.3567571640015,3.25543594360352,22.6066522598267,0,186.778307557106,6.82308042049408,10.2664394378662,0,0.48155266046524,1.29421746730804,11.598412156105,1.06062436103821,0,0,0.745361268520355,0,0,0,3.73591887950897,0,0,0,0,0,0,0,0,0,0,0,3.75230675935745,0,0,0,562.549243599176,34.639496743679,209.035168707371,7.34646648168564,6.70483762025833,7.655024766922,4.65656274557114,2.95908284187317,0,0,0,0,3.22954487800598,0,0.631058633327484,0,1.06841576099396,0,1.48772549629211,0,0,0,0,0,0,0,0,0,0,0,0,0,0,0,0,0,0,0,0,0,0,0,0,0,0,0
0,0,1.38937503099442,2.03529447317123,9.88838917016983,554.976986706257,1.1261859536171,0,9.21180421113968,52.1008686125278,0,0,0,0,10.6404384970665,192.124444663525,0,0,0,0,33.8632228076458,0,5.76220703125,37.2176911234856,11.7680254280567,347.269780129194,34.7983654439449,1465.56373026967,0.595091819763184,111.066526770592,42.5206394195557,577.306232601404,5.61056125164032,16.4691272079945,0,2.69077003002167,23.996661901474,73.8873873949051,44.6087812185287,7.53944170475006,0,548.005466103554,0,3.12605667114258,0,3.14960545301437,0,5.40389716625214,0,3.26351499557495,0,3.76485574245453,0,0,0,0.455864667892456,0,0,0,1.73561811447144,0,0,0,0,0,0,0,5.9156106710434,0,0,97.1223129928112,332.779789686203,4.27256083488464,199.548118919134,1.11626207828522,0,2.20566940307617,30.5748256444931,0,0,0,0,0,87.3273757100105,0,0,0,1.61160099506378,0,0,0,0,0,0,0,3.61266112327576,0,0,0,0,0,0,0,0,0,0,0,0,0,0,0,0,0,0,0,0
15.9541773796082,1.04208528995514,3415.24751538038,1556.3830679059,157.29276689887,266.957206130028,590.857605218887,1375.97899657488,72.4561331570148,140.621177911758,66.7654021680355,75.6461637616158,416.213677406311,325.180346190929,146.947620630264,40.6434208154678,8.87549713253975,1.65397596359253,1926.26188772917,135.287165224552,79.9484563469887,5.76220703125,0,2390.60756805539,887.702092587948,641.344184368849,372.441653311253,203.25684607029,363.084355920553,12.2942754626274,3291.39160963893,1196.14316108823,1330.11908569932,194.382311344147,170.759497255087,0,27.0943376719952,1.56818830966949,6.62542140483856,1.45949900150299,9.67478889226913,2.90556168556213,118.144698292017,0,45.8472699522972,0,63.5970376133919,0.657243490219116,0.74229770898819,0,0,0,0,0,0,0,12.3507167696953,0.962783575057983,0.624136030673981,0,0,0,0,0,0,0,224.389987230301,0,5.60211077332497,0,1742.50797984004,910.558256715536,716.135111987591,395.921439290047,377.455278635025,130.99999460578,694.067147374153,462.627411335707,0,0,7.58007317781448,0,0,0,0.872764766216278,0,0,0,0,0,0,0,0,0,13.8329060673714,1.52503657341003,0,0,0,0,0,0,0,0,0,0,0,0,6.13955003023148,4.48654097318649,0,0,0,0,0,0
7.36796349287033,45.1271097660065,935.841575145721,3609.41249749064,199.648741662502,54.3167424201965,982.361383646727,562.9043610394,100.784679174423,45.6339555978775,73.0919719338417,223.647587418556,197.321042239666,446.624416589737,68.7817337810993,50.4130658209324,0,66.9358842968941,693.053220331669,1755.47586631775,22.1800629198551,37.2176911234856,2390.60756805539,0,304.802608013153,689.662862539291,131.006117910147,129.481756329536,123.231100738049,46.76202917099,731.915498614311,3463.94861456752,196.771399080753,2637.41474163532,2.96585357189178,101.023122340441,6.1134740114212,38.4458045959473,0,21.0974430441856,1.46819651126862,1.67922532558441,0,5.7668793797493,0,0.777899205684662,3.61577749252319,87.4044834673405,0,0,0,2.29141640663147,0,0,0,0,0.583202183246613,9.62479156255722,0,0.584031045436859,0,9.09622466564178,0,32.4871135950089,0,11.5973826646805,1.9913135766983,280.188516438007,2.21618604660034,2.74850153923035,1041.4864462018,1034.20793405175,212.237967640162,845.874984949827,67.0381737947464,304.497604310513,188.920977830887,1359.51353627443,0,0.660370230674744,0,21.2320265769958,0,0,0,9.64938604831696,0,0,0,0.72237491607666,0,0,0,0,1.73577451705933,17.4523827433586,0,0,0,0,0,0,0,0,0,1.9643223285675,0,0,19.1127308607101,12.3579520881176,0,0,0,0,0,4.1326402425766
0,0,89.1532626152039,106.358703821898,283.169997155666,161.898622602224,13.3547981977463,48.1086572408676,81.1497876048088,75.312217772007,0,0,3.09077721834183,2.12340939044952,127.684881180525,34.6177157461643,0.61718088388443,0,1.22207987308502,0,176.499684870243,11.7680254280567,887.702092587948,304.802608013153,0,510.449580252171,1212.02936884761,229.471537262201,46.8601380288601,1.43176144361496,636.065367698669,203.607580572367,73.9370254874229,13.1730464696884,8.64115685224533,0,0.45160248875618,0,0,0,12.4746291637421,0.96226841211319,4.18892633914948,0,0,0,3.08169811964035,0,0,0,0,0,0,0,0,0,0,0,0,0,0,0,0,0,0,0,9.98144561052322,0,0,0,599.49161106348,171.419729024172,193.197422385216,20.8561003506184,21.6885926425457,3.13354250788689,20.4567704796791,0.935267269611359,0,0,0,0,0,0,0.4654700756073,0,0,0,0,0,0,0,0,0,0,0,0,0,0,0,0,0,0,0,0,0,0,0,0,0,0,0,0,0,0,0
0,0,199.997906833887,143.732214361429,275.246414840221,665.267295151949,112.813315778971,60.1322249770164,118.79914098978,188.70601952076,0,0.576271593570709,3.12141942977905,1.00472319126129,156.52814373374,38.7909088134766,0,0,0,2.71703743934631,85.4336043298244,347.269780129194,641.344184368849,689.662862539291,510.449580252171,0,344.711442619562,1466.49083557725,17.8517985343933,6.44979816675186,570.874300569296,1013.00722676516,45.2976774573326,141.448880940676,0.703203976154327,7.0451152920723,0,0.53445029258728,0,0,1.98669624328613,2.4630109667778,0,0,0,0,0,11.0086867213249,0,0,0,0,0,0,0,0,0,0,0,0,0,0,0,0,0,0,0,17.5424367487431,0,0,720.856085836887,846.315182507038,54.131411254406,93.896193921566,10.719059497118,10.3220285773277,3.81926271319389,9.20902055501938,0,0,0,0,0,0,0,0,0,0,0,1.19036340713501,0,0,0,0,0,0,0,0,0,0,0,0,0,0,0,0,0,0,0,0,0,0,0,0,0,0
0,0,26.250518321991,61.7919376194477,1054.98405241966,139.929819911718,4.77830076217651,27.5007019639015,445.736292511225,67.7379470467567,0,0,0.751486659049988,0,512.588314831257,36.7695545554161,0,0,0,0,1089.82011911273,34.7983654439449,372.441653311253,131.006117910147,1212.02936884761,344.711442619562,0,238.689937591553,171.953784734011,0,277.550193935633,91.2532546520233,41.0277086496353,5.2813081741333,3.42773312330246,0,8.96568149328232,0,4.28084993362427,0,94.4522779285908,2.35215306282043,0,0,0,0,5.04142209887505,1.13336169719696,0,0,0,0,0,0,2.45202088356018,0,0,0,0,0,0,0,0,0,0,0,0,0,0,0,915.921452730894,170.844025343657,380.470016509295,24.2869809865952,21.6142464280128,1.812728703022,14.5360372662544,0.830816388130188,0,0,0,0,3.93656897544861,0,1.55463743209839,0,6.54478216171265,0,2.35383158922195,0,0,0,0,0,0,0,0,0,0,0,0,0,0,0,0,0,0,0,0,0,0,0,0,0,0,0
0,0,61.7618560194969,42.2095917463303,145.038118839264,1093.86510458589,24.4740434288979,13.4037273526192,52.8820692002773,415.169595986605,0,1.62268435955048,1.09368991851807,0,100.013137936592,252.638876795769,0,0,0,0,98.5527420938015,1465.56373026967,203.25684607029,129.481756329536,229.471537262201,1466.49083557725,238.689937591553,0,7.81637167930603,134.22211098671,341.099049657583,80.7375118732452,20.3082379698753,9.67433804273605,0,0,0,4.69083172082901,0,1.31116473674774,1.61344456672668,84.6224009990692,0,0.479100108146667,0,0,0,2.24897962808609,0,0,0,0,0,0,0,0,0,0,0,0,0,0,0,0,0,0,0,1.52392610907555,0,0,371.00540882349,1121.65744447708,19.835415750742,345.193975836039,1.62885507941246,4.46360713243484,1.38941353559494,11.8015784621239,0,0,0,0,0,6.65106165409088,0,5.20200085639954,0,2.4848815202713,0,0.583090960979462,0,0,0,0,0,0.389073729515076,0,0,0,0,0,0,0,0,0,0,0,0,0,0,0,0,0,0,0,0
1265.79804223776,23.5714697241783,1053.61827009916,90.7844884693623,399.396152853966,5.62692466378212,734.034422934055,147.728876531124,523.858872175217,4.29165178537369,1089.05478411913,20.4503584504128,1900.05105093122,27.2463047802448,4138.28777706623,1.31359964609146,3061.25238910317,7.82787334918976,910.844376057386,150.690181583166,142.630249977112,0.595091819763184,363.084355920553,123.231100738049,46.8601380288601,17.8517985343933,171.953784734011,7.81637167930603,0,2.68847787380219,45.8277776837349,41.5438391566277,34.6601905524731,46.1953185796738,44.9215216040611,10.4397539198399,229.062729895115,5.53689920902252,78.0730700790882,0,913.750418573618,0,363.694511324167,10.8641927242279,130.408176362514,0,607.390385389328,0,174.588662236929,0,669.380905926228,1.26777458190918,188.939139783382,0,193.240367978811,0,1681.45291659236,20.2113181948662,450.072673499584,28.1738243401051,427.055755317211,2.20872360467911,339.973944932222,12.5518864393234,62.4398757517338,2.66893762350082,212.296935498714,87.6557099223137,157.175276011229,7.9005184173584,1114.69750219584,69.5980392694473,1676.51627409458,31.0681649744511,146.187881439924,3.39362847805023,552.601067334414,53.3161864280701,439.566009730101,0.915318369865417,2703.60339289904,7.82292115688324,760.165120631456,0,512.562828183174,0,205.520737469196,0,181.777232378721,0,25.5901280939579,4.48588299751282,0.347103506326675,0,21.0238695442677,3.77306842803955,9.5372080206871,1.95274329185486,8.07164752483368,1.8954781293869,1.20138025283813,0,1.17196488380432,3.97506600618362,6.07758963108063,0,2.5891380906105,0.787404835224152,2.20491671562195,7.7199487388134,0,0,0,0,0,1.90315854549408
3.29334861040115,182.175556063652,17.5466716885567,119.207462728024,0,158.565130084753,22.1221951246262,138.462911367416,0,61.65052318573,2.9281952381134,930.563068538904,3.14606994390488,1083.35205346346,0.481753677129745,1494.17555290461,0,3539.14047697186,96.8605524599552,133.060243666172,0,111.066526770592,12.2942754626274,46.76202917099,1.43176144361496,6.44979816675186,0,134.22211098671,2.68847787380219,0,9.52350527048111,21.403005361557,7.13495123386383,40.5554968118668,9.83904826641083,12.0554112792015,5.4429315328598,80.6213215887547,1.2470326423645,23.847672611475,0,268.69765612483,34.208300113678,206.438279896975,10.8518226146698,204.349209934473,1.16072595119476,291.153051704168,2.0994690656662,137.216551065445,0.579708814620972,255.605857372284,0,23.0637018382549,0,40.6822569072247,0.46808722615242,405.525790482759,7.98284524679184,121.550211876631,2.89379471540451,164.683813482523,0.609211504459381,599.411147922277,0.560089588165283,111.853827476501,20.5217731297016,107.832571476698,0.631049335002899,30.8236570954323,42.60539072752,262.221460253,6.04071339964867,4145.33004289865,0,35.7874025702477,18.2641105055809,200.278907179832,0,819.629732817411,0,791.312704354525,0,437.655563771725,0.902061223983765,316.399330914021,0,56.970351099968,0,88.0047276318073,0,10.5299789309502,0,0,0,1.49237430095673,0,0,0,38.6225558519363,0,0,0,0,0,0,0,0,0,0,0,0,0,0,0,0
9.13023722171783,7.84266138076782,131.570125728846,339.411584496498,120.989200234413,183.660739094019,78.4179772734642,212.677813321352,29.5498198866844,89.2890112102032,34.0261381864548,38.5387130975723,46.5865176916122,68.2114903330803,76.1047864854336,22.2128663957119,0,8.030493080616,704.663933992386,153.776319861412,693.763017952442,42.5206394195557,3291.39160963893,731.915498614311,636.065367698669,570.874300569296,277.550193935633,341.099049657583,45.8277776837349,9.52350527048111,0,667.595838546753,2020.01966553926,114.150444746017,283.110016047955,1.60161790251732,5.10876977443695,1.28555119037628,7.18310463428497,0,2.1277083158493,0,204.667949616909,0,112.792410731316,0,69.7126824259758,0,0.604810893535614,0,1.46388918161392,0.393357574939728,0,0,0,0,3.88735431432724,1.73136460781097,1.01170265674591,1.25727844238281,0.827628195285797,0.768266379833221,0,1.76531386375427,2.26291814446449,2.19514501094818,336.847432374954,1.80697214603424,6.39682856202126,0.789192497730255,969.552355825901,343.278897941113,95.2176593244076,119.261841714382,34.0859869718552,37.6831409037113,130.38202264905,240.915796041489,0,0,5.361447930336,0,0,0,1.72484290599823,5.86136072874069,0,0,0,0,0,0,0,0,2.08760052919388,0.935208678245544,0,0,0,0,0,0,0,0,0,0.71807336807251,0,0,0.769967019557953,2.46961259841919,0,0,0,0,0,0
7.90673434734344,14.1168701648712,381.235248595476,442.688187807798,87.1518947184086,59.858954846859,324.855859607458,350.765073567629,28.9538587927818,33.8370524644852,30.9552417993546,90.2279108762741,74.7503042221069,180.565719544888,56.5281536877155,16.6784887909889,3.781902551651,17.7287508845329,499.684225738049,335.238328158855,214.838308125734,577.306232601404,1196.14316108823,3463.94861456752,203.607580572367,1013.00722676516,91.2532546520233,80.7375118732452,41.5438391566277,21.403005361557,667.595838546753,0,193.692914307117,2852.04799848795,13.5806513428688,93.3252667486668,6.61520683765411,21.4997446238995,3.64595425128937,0.58843731880188,1.78551948070526,1.18149757385254,6.58889198303223,5.473503947258,10.8435180187225,1.72037649154663,7.96039009094238,89.936187595129,0,0,1.37458038330078,0.717821657657623,0,0,1.46000266075134,0,1.71725153923035,0,2.97415864467621,0.598448276519775,2.24476885795593,6.57663178443909,0,21.4563360214233,0,5.9558812379837,24.7854952812195,261.539243072271,3.59560990333557,1.73516726493835,498.234364569187,628.018564909697,79.3308460116386,297.327756494284,61.1054612398148,96.2016875743866,177.851765692234,698.363577872515,0,1.89490205049515,3.61009299755096,9.46883106231689,0,0,0,10.7479436397552,0,0,1.89936625957489,0,0,0,0,0,1.6324497461319,5.07994401454926,0,0,0,0,0,0,0,0,0,0.770784258842468,1.10441195964813,1.40983140468597,13.437026143074,6.90755450725555,0,0,0,0,0,1.33464115858078
176.449630379677,135.85642939806,60.627044826746,155.588358968496,9.20971786975861,4.57316982746124,24.5805342495441,188.956954747438,5.61447113752365,2.8523775935173,15.369078963995,49.2550747394562,20.8985979557037,29.7795915007591,19.6715082526207,0.562433183193207,1.41634678840637,9.97692432999611,3607.56629607081,1440.57729417086,70.4541024267673,5.61056125164032,1330.11908569932,196.771399080753,73.9370254874229,45.2976774573326,41.0277086496353,20.3082379698753,34.6601905524731,7.13495123386383,2020.01966553926,193.692914307117,0,631.738484799862,970.454849928617,1.37358319759369,19.1068711280823,0.658103048801422,44.717528283596,3.64283776283264,1.66539436578751,0.782845795154572,251.054311901331,0,616.009427934885,1.52592837810516,73.949204146862,1.75778365135193,0,0,0,0.629654228687286,0,0,2.73770695924759,0,118.902744591236,63.2232840955257,149.837164252996,42.4900825321674,4.38819694519043,1.75850367546082,3.98552617430687,7.93254020810127,0.582000851631165,0,2790.17956182361,91.4499271512032,1592.78587642312,159.990660041571,248.820275276899,122.654173135757,60.7320682406425,60.0638912320137,22.1123624145985,24.1056124269962,192.821073114872,186.656881392002,0,0.859492182731628,8.79884159564972,6.19662350416183,0,0,2.74829661846161,3.5742558836937,0,0,1.6305627822876,1.09336030483246,0,0,0,0,5.32039803266525,0,0,0,0,0,0,0,0,0,0,0,0,0,3.78883337974548,0,0,0,0,0,0,1.26926445960999
219.805658757687,206.977799922228,107.19318073988,304.828406572342,1.58351624011993,3.92094129323959,115.711170554161,71.1038601100445,2.19570899009705,2.52451634407043,28.6665334105492,88.0124905109406,40.1196298003197,63.9267801046371,10.4430784583092,4.39118593931198,5.26147836446762,35.8153654336929,1195.67371720076,7882.34431394935,4.45084577798843,16.4691272079945,194.382311344147,2637.41474163532,13.1730464696884,141.448880940676,5.2813081741333,9.67433804273605,46.1953185796738,40.5554968118668,114.150444746017,2852.04799848795,631.738484799862,0,56.0142689943314,731.663602977991,20.1653348207474,14.3760963082314,27.1311302185059,80.1716512441635,0.887090861797333,0,43.1053702235222,51.6661803126335,68.3259289562702,5.32884418964386,22.8725203275681,229.388291805983,1.54977375268936,0.869966626167297,12.0486991405487,4.8440437912941,0,0,6.81055176258087,4.00537306070328,65.9578516483307,348.01154217124,84.1075460314751,192.698287606239,28.2865324020386,6.688705265522,18.089529812336,29.3834869861603,5.48711958527565,7.90754395723343,514.794729113579,5664.03920152783,707.357971996069,1418.96010872722,194.764707326889,231.745808959007,74.2468047142029,203.840782105923,31.375691473484,70.1082330346107,236.407288491726,560.950178742409,1.65668034553528,6.26357883214951,44.522864729166,68.1762871742249,0,1.14474287629128,36.6518524587154,25.8306038081646,0,3.47430020570755,8.62955111265182,9.16491395235062,0.90414023399353,0,0,0,3.13560962677002,12.561372756958,1.26384568214417,0,0,0,0,0,0,0,0.970119535923004,0,2.80747532844543,4.37584376335144,1.798872590065,4.737897336483,2.85649967193604,0,0,0,0,0
15.1356654167175,10.3589288890362,4.66445654630661,3.81730109453201,3.69779908657074,0,2.22596496343613,5.09944087266922,0,0,4.95491182804108,3.54279404878616,2.92844361066818,2.52481603622437,2.44209891557693,0,4.14380478858948,6.44669827818871,59.275986045599,26.76233035326,8.16761779785156,0,170.759497255087,2.96585357189178,8.64115685224533,0.703203976154327,3.42773312330246,0,44.9215216040611,9.83904826641083,283.110016047955,13.5806513428688,970.454849928617,56.0142689943314,0,121.718859195709,372.027690351009,68.3058323562145,123.297776013613,76.8108850121498,20.9402051568031,5.79589441418648,530.440925091505,338.366981714964,932.192326486111,559.183341085911,208.188947707415,61.2950625419617,187.428755789995,141.086751610041,159.15645506978,73.5361956357956,16.0393481552601,2.84416794776917,26.7068477272987,9.91646215319633,6.49401885271072,61.5588286221027,158.561468064785,188.739279359579,103.714251458645,87.9751935601234,14.7630249559879,107.985596120358,41.846960157156,28.9192659258842,1106.64371970296,605.722245365381,7.30336862802505,22.2101937532425,60.9996020793915,10.4269995093346,52.3733206391335,60.6607815623283,9.66838073730469,29.5629807114601,239.365123569965,93.5647746324539,0.959416031837463,5.15137225389481,79.6575793921947,101.811358898878,8.94874864816666,10.4207638204098,115.264061272144,69.6265337765217,18.6479489505291,1.11992812156677,83.8455311954021,35.2304945290089,0,0,0,0,5.73225891590118,3.91264653205872,3.41045761108398,0,0,0,0,0,0,0,0,0,0,0,0,1.4695115685463,0,0,0,0,0,0
3.40703099966049,1.4832900762558,1.57291412353516,12.4434930980206,0,0,0,3.48095715045929,0,0,0.579602360725403,5.64063009619713,0,3.22456228733063,0,0,0,1.74987864494324,7.0005656182766,62.5285575985909,0.462301343679428,2.69077003002167,0,101.023122340441,0,7.0451152920723,0,0,10.4397539198399,12.0554112792015,1.60161790251732,93.3252667486668,1.37358319759369,731.663602977991,121.718859195709,0,48.6242888569832,88.4264304637909,15.6340817213058,88.1210454702377,2.78839749097824,1.77452164888382,116.939475238323,206.953095316887,264.385542869568,372.247834771872,41.0017721652985,122.443927645683,109.019846618176,119.059375464916,78.9319044351578,41.9515558481216,5.673424243927,5.19189310073853,10.9684642553329,14.1797088384628,0.628629565238953,7.38594835996628,40.3224239349365,78.7412113249302,18.6861805617809,16.2159003615379,2.02571851015091,29.1096975803375,10.1603910923004,9.90781903266907,139.191689252853,1496.7940018177,0.691386818885803,3.15264242887497,12.3477364182472,16.939393132925,16.5353417992592,53.2179847657681,4.43118995428085,20.9518667459488,52.0134129524231,108.141279518604,0,8.97539806365967,18.5795648396015,83.2659910023212,0,6.51932865381241,37.8982200324535,62.1943063139915,1.09181809425354,5.43184864521027,18.6264727115631,16.0425383448601,0,0,0,0,3.3002450466156,3.40604764223099,0.509122252464294,0,0,1.75176441669464,0,0,0,0,0.797499120235443,0,0,0,0,1.85119915008545,0,0,0,0,0,0
1582.76975357533,15.4684748053551,190.008813768625,4.30505949258804,13.4952249526978,0,79.9269549846649,9.19509947299957,33.5169059336185,0,17.7269640564919,2.37292951345444,17.7461724281311,0,42.4499034881592,0,21.164482653141,2.89221823215485,331.497988373041,68.0675606429577,10.3567571640015,23.996661901474,27.0943376719952,6.1134740114212,0.45160248875618,0,8.96568149328232,0,229.062729895115,5.4429315328598,5.10876977443695,6.61520683765411,19.1068711280823,20.1653348207474,372.027690351009,48.6242888569832,0,120.014909058809,1959.37552025914,73.9241550266743,728.142415493727,2.79235595464706,752.538978755474,196.492901861668,410.603112101555,204.484911322594,1590.44809085131,16.2218027114868,356.177338480949,50.415168941021,901.203463703394,19.0594380497932,278.961174100637,0,746.642107069492,4.85065829753876,582.821198821068,16.3899982273579,298.571986228228,138.956214189529,173.22460091114,43.2537680566311,74.1898444890976,32.6652286350727,60.2191600203514,13.3050190806389,535.653716057539,515.7192094028,493.728383660316,7.27200382947922,1093.90755966306,29.2488323450089,462.822053581476,45.0577781796455,1133.25236460567,40.4426201283932,5597.38284155726,151.675134688616,4.03187984228134,4.56225514411926,131.245136082172,20.9703473746777,150.281453847885,1.60980153083801,183.453931123018,6.95786851644516,1241.11391815543,0,922.101862430573,2.20812457799911,215.889901429415,280.406619548798,67.3869541585445,67.6619019210339,168.335020065308,85.5227064490318,109.57442510128,39.1166095733643,47.5776112377644,62.4901497364044,27.5043389499187,31.2787160277367,83.4501691460609,131.794571310282,77.5529974102974,53.7375173568726,45.3420452773571,26.8501818180084,18.9114168286324,60.6860834360123,30.061322927475,0.634482741355896,5.93975520133972,4.5216600894928,2.26511144638062,18.7614468932152
6.26853257417679,122.370341390371,4.45949476957321,60.2324926257133,0.557261109352112,18.2904363870621,6.43671119213104,60.1532792747021,0,52.1100279688835,0,8.13325238227844,0,15.0136151313782,0.831312954425812,82.3394579589367,0,11.7581939697266,11.6523085832596,98.8086463212967,3.25543594360352,73.8873873949051,1.56818830966949,38.4458045959473,0,0.53445029258728,0,4.69083172082901,5.53689920902252,80.6213215887547,1.28555119037628,21.4997446238995,0.658103048801422,14.3760963082314,68.3058323562145,88.4264304637909,120.014909058809,0,50.8506625890732,1215.4687269032,5.59310358762741,562.319385021925,93.3677190542221,573.319349676371,93.8086456656456,560.458521097898,18.3359053134918,947.925379782915,29.5574271082878,291.842513412237,24.2566829323769,408.58674928546,2.22458058595657,87.8729994595051,3.15688705444336,801.368626475334,5.4179008603096,81.5098682045937,67.6369803845882,151.273908257484,43.8175431489944,89.5509847998619,7.41493955254555,62.237856477499,12.1367828845978,79.5799934267998,132.856728941202,827.226743787527,3.09927707910538,41.7064099907875,49.1210845410824,307.51876565814,26.1468344330788,517.963349997997,24.1354267895222,595.31448829174,136.101454406977,4518.7919575274,0,8.03888899087906,33.4602902531624,79.500179797411,0,625.973743915558,25.5021219849586,355.325203418732,0,925.198392063379,10.6851034760475,828.996071010828,44.5945822298527,64.070844322443,17.5529192984104,19.833084076643,21.3487876653671,112.046867340803,27.2347322702408,14.2918945550919,22.1457492113113,70.5093704164028,15.0657006204128,5.76276475191116,16.8114182949066,34.8497834801674,18.9942481219769,28.8302636742592,13.3220982551575,15.118459880352,5.94169563055038,26.4880980849266,11.7415230870247,0,2.81068098545074,1.01100885868073,4.95651143789291,7.18358117341995
253.343101501465,3.7356703877449,34.7214884757996,0,3.40183156728745,0,10.6055107116699,1.85242474079132,6.44563615322113,0,2.206130027771,0,1.44238746166229,0.906704664230347,10.9878017902374,0,4.34857296943665,0,54.8458010554314,6.52361571788788,22.6066522598267,44.6087812185287,6.62542140483856,0,0,0,4.28084993362427,0,78.0730700790882,1.2470326423645,7.18310463428497,3.64595425128937,44.717528283596,27.1311302185059,123.297776013613,15.6340817213058,1959.37552025914,50.8506625890732,0,40.5046199560165,977.072174876928,0,304.476003110409,8.74286997318268,291.872575879097,1.09105050563812,1769.12499660254,2.89490962028503,129.438943594694,1.69850587844849,189.543014109135,0,43.8825931251049,0,1930.31510797143,0,167.294998317957,6.27014893293381,139.660339951515,9.306012570858,36.3301091790199,2.55278563499451,17.7839414477348,0,6.47772115468979,1.89865213632584,549.169269144535,100.022550374269,120.030886769295,1.80465579032898,117.027277618647,6.93181961774826,92.9896821379662,5.12428390979767,109.145985752344,26.871092915535,366.052796363831,47.2466842830181,2.17921531200409,0,50.7732332646847,0,54.6824502944946,0,50.7246536612511,1.41023516654968,426.828926950693,0,271.995506733656,0,166.164209276438,173.563995689154,35.0261597037315,29.1548929810524,75.2069307863712,53.3049131035805,95.6808377802372,10.330092728138,46.5755843520164,35.6633171737194,27.6502805352211,13.4114296138287,64.2332746684551,66.3439534306526,23.1221809387207,20.1827789247036,26.9356273412704,7.99590760469437,1.05813211202621,12.5305888652802,13.4367301762104,0,1.65883445739746,0.917924821376801,0,4.57224559783936
2.2642822265625,84.6942767500877,3.51088112592697,15.0630877614021,0.776057839393616,1.59670549631119,2.74481105804443,19.2898885607719,1.39445841312408,0.996842503547668,0,6.06936085224152,0.860053777694702,3.82024329900742,0,3.68332463502884,0,4.29521334171295,4.27425003051758,89.0104643106461,0,7.53944170475006,1.45949900150299,21.0974430441856,0,0,0,1.31116473674774,0,23.847672611475,0,0.58843731880188,3.64283776283264,80.1716512441635,76.8108850121498,88.1210454702377,73.9241550266743,1215.4687269032,40.5046199560165,0,0,1068.59310144186,33.3351881504059,382.010417044163,23.3540807962418,415.607597827911,3.0113091468811,1157.59420707822,1.62116932868958,106.210779905319,3.0388857126236,109.643577069044,0,41.0448806583881,1.13023734092712,938.525696456432,0,106.395463228226,5.48077780008316,83.4465858638287,2.14174091815948,14.3787153363228,0,19.4496594965458,0,17.5156711339951,45.498507797718,1147.25089791417,2.2058801651001,39.0390586853027,11.6157106757164,75.805469930172,2.30418622493744,108.138359546661,17.9047194719315,142.728485584259,45.5488680303097,514.316863626242,0,2.77363246679306,2.34874668717384,47.5031840205193,0,93.5916863083839,0,50.4910041093826,0,407.61463111639,0,146.358735710382,55.7639850080013,91.629918307066,9.98088669776917,33.7861752212048,14.2663744091988,34.115059196949,12.3730075955391,24.3776662051678,18.8632113039494,42.0343653559685,5.33508723974228,13.9038525819778,21.2014025449753,56.2826209366322,11.7545576095581,22.3858995735645,4.1144495010376,18.9759404063225,3.9052386879921,2.12778007984161,9.04307639598846,0,1.97973906993866,0.418369770050049,1.1363333761692,4.72067296504974
20.5228051841259,0,14.7840860486031,0,114.075463026762,0.62561821937561,5.30815654993057,0.791236162185669,110.136178523302,0.702603340148926,0,0,1.62268024682999,0,173.061439871788,0,0.703987419605255,0,16.7478811740875,0.932612597942352,186.778307557106,0,9.67478889226913,1.46819651126862,12.4746291637421,1.98669624328613,94.4522779285908,1.61344456672668,913.750418573618,0,2.1277083158493,1.78551948070526,1.66539436578751,0.887090861797333,20.9402051568031,2.78839749097824,728.142415493727,5.59310358762741,977.072174876928,0,0,26.2505558729172,214.495742887259,3.21374970674515,57.545419305563,0,428.701190441847,0,38.6718306541443,0,198.632496923208,0,98.9125872850418,0,192.307939648628,0,16.784920156002,0,20.3959412574768,0,19.1867341399193,1.24863564968109,2.12031310796738,0,11.1944167017937,0.804343640804291,25.3404992818832,14.8988360762596,10.8338894546032,0,284.061501502991,47.5299919843674,847.638849139214,5.45168340206146,550.797628849745,44.1592766046524,424.37370583415,5.28384199738503,1.65462231636047,0,38.1939952969551,0,603.24525976181,0,112.921717703342,0,1328.38860672712,0,221.205081611872,0,19.4656224250793,3.23630303144455,2.85795572400093,0.460141062736511,17.0737292468548,2.46903192996979,6.49919819831848,0,3.38742452859879,1.80841386318207,2.32392796874046,0,2.9603089094162,2.96921303868294,9.47216072678566,1.36680775880814,3.33790200948715,0.734572231769562,8.79586219787598,3.54843389987946,0,0,0.572772920131683,0,0,4.54654604196548
0,5.43222457170486,0,8.05552804470062,1.87990391254425,125.194286942482,0,2.31796526908875,0,65.0407389700413,0,0,0,3.90057742595673,1.13879692554474,186.313064306974,0,0.672719657421112,0,0,6.82308042049408,548.005466103554,2.90556168556213,1.67922532558441,0.96226841211319,2.4630109667778,2.35215306282043,84.6224009990692,0,268.69765612483,0,1.18149757385254,0.782845795154572,0,5.79589441418648,1.77452164888382,2.79235595464706,562.319385021925,0,1068.59310144186,26.2505558729172,0,41.7059128880501,160.718062728643,4.85602912306786,73.8601086139679,0,276.962503880262,0,44.2215226590633,0,78.7290281355381,0,31.1735770702362,0,160.02284860611,0,3.03184008598328,0,7.91034725308418,0,3.54425454139709,0,4.48124974966049,0,7.09724855422974,7.60472935438156,22.3943921327591,0,0,28.5237946510315,388.502778947353,12.4771265983582,1521.50523602962,7.87806940078735,805.020988017321,4.96598964929581,364.464509606361,0,0,0,5.47384262084961,0,2035.18459051847,0,138.427438020706,0,1007.89198407531,0,150.953674614429,0.9770427942276,2.80856990814209,0.664556741714478,1.59065932035446,0.683738350868225,5.76149180531502,0,1.25682806968689,0,26.8351753950119,0,0,0,3.06433242559433,1.07961371541023,2.45787608623505,0,0,1.61146932840347,1.55582186579704,0.81502765417099,0,0,0,0,2.68379896879196
2.21097230911255,0.644831776618958,2.90910863876343,0,0.98821634054184,0,0,0.594044625759125,0,0,0,0,1.02951157093048,0,0,0,0,0.627538442611694,79.2327272295952,14.4288993477821,10.2664394378662,0,118.144698292017,0,4.18892633914948,0,0,0,363.694511324167,34.208300113678,204.667949616909,6.58889198303223,251.054311901331,43.1053702235222,530.440925091505,116.939475238323,752.538978755474,93.3677190542221,304.476003110409,33.3351881504059,214.495742887259,41.7059128880501,0,1204.05489248037,8082.93777030706,1612.57746249437,7713.50677427649,1472.60274943709,3973.31034374237,169.016408085823,2756.12835034728,24.5306913256645,254.387712776661,2.33078044652939,607.256055504084,78.3261629939079,1.33680737018585,16.4441705048084,25.4263983368874,32.8770053386688,5.95379462838173,5.99565047025681,0.983416050672531,9.74604493379593,10.4972014129162,4.12304437160492,1709.21538794041,518.005559146404,1.21636724472046,5.6923143863678,14.1478745043278,1.06576240062714,434.26911342144,83.2757482528687,10.6486677229404,12.108833104372,504.475755989552,78.1472292542458,1.23131239414215,0,91.6489000618458,26.6189112067223,102.568388730288,26.8436355292797,180.736818343401,35.093681961298,87.4494156837463,25.4808843433857,389.83711206913,33.7450631260872,144.519488722086,0,0,0,26.7243752777576,0.470022946596146,16.5724097788334,2.27652621269226,61.4995454549789,21.2058337330818,0,0,0,0,0,0,1.06176137924194,0,0,9.89619126915932,0,0,0,0,0,0
2.04590266942978,1.97035080194473,1.16152787208557,0.627766847610474,0,1.70022070407867,0,4.96749830245972,0,0,0,1.12312158942223,0,0,0,4.65141028165817,0,0,0,7.39038971066475,0,3.12605667114258,0,5.7668793797493,0,0,0,0.479100108146667,10.8641927242279,206.438279896975,0,5.473503947258,0,51.6661803126335,338.366981714964,206.953095316887,196.492901861668,573.319349676371,8.74286997318268,382.010417044163,3.21374970674515,160.718062728643,1204.05489248037,0,1104.06346642971,9235.64250913262,93.2668087482452,4724.30973336101,227.556012332439,2272.66451853514,136.692163944244,1875.48394820094,24.7927471399307,263.562967628241,7.31569737195969,349.86196705699,0,0,67.852635383606,34.0856072902679,17.9038281440735,4.60939878225327,0,6.52871558070183,13.0601474642754,2.60988423228264,401.007289648056,1836.39043009281,0,0,0,10.1134371161461,21.2626800239086,493.55185675621,0,60.8254231214523,141.00197121501,478.299975752831,0,2.6650824546814,6.31188231706619,101.686513513327,0,143.195256531239,13.1743316054344,409.99040812254,0,104.933597534895,10.3103767633438,255.696296900511,0,11.1486067175865,0,0,0.883922398090363,31.7583348453045,1.20285868644714,13.7650430500507,0,238.783723503351,0,0,0,0,0,0.850733280181885,0,0,0.495660483837128,0.832943975925446,0,0,0,0,0,0
5.10884773731232,5.56097775697708,3.17383873462677,0.77649861574173,0,0,1.90657168626785,0,0,0,1.7856981754303,0,0,0,0,0,0,0.521300733089447,122.782185196877,16.0331316590309,0.48155266046524,0,45.8472699522972,0,0,0,0,0,130.408176362514,10.8518226146698,112.792410731316,10.8435180187225,616.009427934885,68.3259289562702,932.192326486111,264.385542869568,410.603112101555,93.8086456656456,291.872575879097,23.3540807962418,57.545419305563,4.85602912306786,8082.93777030706,1104.06346642971,0,1230.54918515682,1986.89781218767,251.182692170143,3211.51646155119,85.3232778310776,2480.25470647216,29.1984937787056,115.940746247768,0.962007939815521,136.345570206642,13.8519993424416,5.46843302249908,44.6689898073673,292.185889363289,143.339268326759,33.6926945149899,43.1331177949905,9.45079708099365,46.6179785132408,18.7995669543743,12.9787690043449,2096.57727733254,1247.48316165805,10.3567970395088,21.2664809823036,19.3662392199039,3.72424879670143,190.964292496443,83.8728860020638,32.8981642723083,21.9319375157356,396.136855095625,123.00648188591,3.81916284561157,4.44847840070724,239.489471435547,46.5025625526905,24.4766491651535,5.1613048017025,283.648716181517,19.0698115825653,8.24412417411804,2.44443246722221,125.851259529591,5.80098935961723,2.56933996081352,0,0,0,29.7836758494377,0,20.973767131567,0.635666847229004,2.94703882932663,1.21365737915039,0,0,0,0,0.482485383749008,0,2.00171589851379,0,0.620512008666992,14.0639090538025,0,0,0,0,0,0.941924750804901
0,6.38969248533249,0,2.43111869692802,0,0,0,5.0135301053524,0,0,0,0,0,0,0,0,0,0.890224754810333,0,0.92887482047081,1.29421746730804,3.14960545301437,0,0.777899205684662,0,0,0,0,0,204.349209934473,0,1.72037649154663,1.52592837810516,5.32884418964386,559.183341085911,372.247834771872,204.484911322594,560.458521097898,1.09105050563812,415.607597827911,0,73.8601086139679,1612.57746249437,9235.64250913262,1230.54918515682,0,64.7897946238518,2990.43099060655,71.9112802743912,3709.36869105697,23.0946825742722,2169.37256479263,0,151.830648511648,1.04900240898132,295.570886999369,0,8.99884644150734,19.503482490778,252.180835545063,3.6424355506897,18.8058243393898,0.450092285871506,17.3481719791889,4.54795652627945,22.5605861246586,683.612752020359,2109.86082923412,0,0,0,6.8165237903595,4.70008224248886,577.876317560673,0,146.050061523914,144.482109963894,575.91052827239,0,12.6702151596546,0.782188594341278,455.059626251459,0,95.5150180160999,4.24267220497131,978.542193681002,0,64.9197160899639,0.687062680721283,270.813435703516,0,3.17817217111588,0,0,0,40.2600243091583,0,15.2062314748764,0,18.6720371842384,0,0,0,0,0,2.92225909233093,0,0,0,1.83284366130829,0,0,0,0,0,0
3.2901970744133,3.9821834564209,24.2900042533875,0,5.74087202548981,0,31.9580939114094,0,12.1311281621456,0,3.14925989508629,0.951161682605743,6.40141516923904,0,27.4556946158409,0,0.588190972805023,0,57.0513913631439,10.7210326194763,11.598412156105,0,63.5970376133919,3.61577749252319,3.08169811964035,0,5.04142209887505,0,607.390385389328,1.16072595119476,69.7126824259758,7.96039009094238,73.949204146862,22.8725203275681,208.188947707415,41.0017721652985,1590.44809085131,18.3359053134918,1769.12499660254,3.0113091468811,428.701190441847,0,7713.50677427649,93.2668087482452,1986.89781218767,64.7897946238518,0,86.7641789317131,231.768870681524,13.3561738431454,2773.12071430683,2.08322882652283,2760.95144093037,0,5642.86426407099,5.86106884479523,3.14930129051208,16.1778207421303,38.6322321295738,29.4514864683151,12.3208774626255,7.87674081325531,0.992557018995285,5.97427678108215,6.62489682435989,3.09468483924866,1200.70415079594,199.081961870193,0,7.30505257844925,143.97940120101,1.80702900886536,668.695815891027,13.7406977117062,37.7638175487518,3.39353638887405,946.411815851927,45.7826231122017,0.5582355260849,2.75677156448364,110.85522133112,11.4217033982277,173.528827548027,0.605271756649017,207.691505491734,2.93189787864685,301.851919829845,0.63673609495163,892.305018663406,4.21726435422897,631.264934629202,1.88894921541214,0.645519614219666,0.405766904354095,41.3229496181011,2.40736991167068,44.8560178875923,0,121.504707098007,0,0,0,0.907329559326172,0.460404366254807,1.4657381772995,3.80528450012207,0,2.70136904716492,0.633026957511902,90.2833757698536,0,0,0,0,0.726584076881409,0.856411278247833
0,62.6683877110481,0,15.4821839034557,0,2.58981674909592,0,11.6808086633682,0,1.70664137601852,0,4.87428516149521,0,0.492343872785568,0,10.2694706916809,0,2.37486302852631,16.7721262574196,161.645419538021,1.06062436103821,5.40389716625214,0.657243490219116,87.4044834673405,0,11.0086867213249,1.13336169719696,2.24897962808609,0,291.153051704168,0,89.936187595129,1.75778365135193,229.388291805983,61.2950625419617,122.443927645683,16.2218027114868,947.925379782915,2.89490962028503,1157.59420707822,0,276.962503880262,1472.60274943709,4724.30973336101,251.182692170143,2990.43099060655,86.7641789317131,0,8.40449357032776,329.456372767687,5.36793744564056,945.858608543873,0,1383.91440144181,2.09909534454346,3201.51372355223,0,46.1428043246269,4.47812005877495,39.8106067180634,1.20379817485809,5.61510962247849,0.640930593013763,8.56297981739044,0.986698687076569,7.3294076025486,54.0139103233814,1542.02909523249,0,15.4622393250465,3.37809377908707,63.7112134099007,0.572863936424255,667.143528163433,5.41117352247238,84.5625097453594,38.4730163216591,1312.57252085209,0.686452090740204,2.99228006601334,0,121.259652167559,0,234.45004722476,0.871759235858917,404.834796130657,0,324.362250566483,0,481.419745266438,0.705713391304016,171.707831799984,1.07664602994919,10.8532133996487,4.67914003133774,82.3622301518917,3.33338129520416,68.8238090276718,1.41566562652588,1017.47111997008,0,1.09196710586548,0.926974803209305,6.59986007213593,4.65725350379944,22.3882303535938,5.66581094264984,5.4565646648407,5.71693721413612,91.9829407334328,3.87252807617188,0.48262032866478,2.38172733783722,0.679107904434204,1.28674545884132,1.36897069215775
6.57299530506134,0,12.6847599744797,0,0,0,4.20190542936325,0,0,0,0.73316890001297,0,0,0,0,0,2.7211799621582,0,26.3169549107552,0,0,0,0.74229770898819,0,0,0,0,0,174.588662236929,2.0994690656662,0.604810893535614,0,0,1.54977375268936,187.428755789995,109.019846618176,356.177338480949,29.5574271082878,129.438943594694,1.62116932868958,38.6718306541443,0,3973.31034374237,227.556012332439,3211.51646155119,71.9112802743912,231.768870681524,8.40449357032776,0,21.1574553847313,6951.07931119204,6.99561434984207,169.107519060373,0.619635343551636,150.097026199102,1.71608591079712,6.81533101201057,4.34224769473076,1396.55548077822,32.4752042293549,278.839104771614,18.0122175812721,6.74832656979561,6.99970397353172,19.702471613884,2.57229954004288,633.686549335718,394.443261116743,14.0909283161163,0.489952921867371,19.8172887861729,0.76464319229126,214.759409666061,11.1560778617859,32.4244954288006,6.64684915542603,403.831543624401,17.4305300116539,3.95740169286728,0,271.550961524248,2.10269737243652,38.9160900115967,0,345.559586852789,1.37504005432129,11.0159226357937,0,161.406780034304,0,6.95431381464005,0,0,0,19.5869221687317,0,15.1959128379822,0,0,0,0,0,0,0,0,0,0,0,0,9.28812173008919,0,0,0,0,0,0
0,40.7282004058361,0,9.44650602340698,0,0,0,44.8794403970242,0,0,0,9.044981777668,0,10.5745760500431,0,0,0,2.88872534036636,0,5.79215049743652,0,3.26351499557495,0,0,0,0,0,0,0,137.216551065445,0,0,0,0.869966626167297,141.086751610041,119.059375464916,50.415168941021,291.842513412237,1.69850587844849,106.210779905319,0,44.2215226590633,169.016408085823,2272.66451853514,85.3232778310776,3709.36869105697,13.3561738431454,329.456372767687,21.1574553847313,0,5.51117980480194,5233.49111095071,0,204.923627346754,0,259.981545001268,0,58.9400296211243,6.44436758756638,1465.53982946277,1.52541196346283,172.508842885494,0,20.7912948429585,0,578.361352264881,154.809973239899,883.548483103514,0,0.81344735622406,1.8088561296463,8.58739101886749,1.02395331859589,362.324824661016,0,75.6238238811493,40.9613685011864,335.390259444714,0,8.90787616372108,0,266.794156491756,0,41.3333448469639,0,826.471473097801,0,42.7528902888298,1.4035621881485,213.437143206596,0,0,0,0,0,15.5976363420486,0,1.12709510326385,0,19.6476362347603,0,0,0,0,0,0,0,0,0,6.33817160129547,0,0,0,0,0,0
129.629134714603,0,91.6819679141045,0,2.64418399333954,0,285.050094872713,0,0,0,59.1944799125195,0,45.4093565046787,0,0.800624966621399,0,10.6553070545197,1.19851791858673,56.1579147279263,3.44922780990601,0.745361268520355,0,0,0,0,0,0,0,669.380905926228,0.579708814620972,1.46388918161392,1.37458038330078,0,12.0486991405487,159.15645506978,78.9319044351578,901.203463703394,24.2566829323769,189.543014109135,3.0388857126236,198.632496923208,0,2756.12835034728,136.692163944244,2480.25470647216,23.0946825742722,2773.12071430683,5.36793744564056,6951.07931119204,5.51117980480194,0,1.72810709476471,3871.65428829193,0,1907.67152893543,0,159.0311152637,0.785809099674225,1746.40713819861,9.71876555681229,678.702824354172,2.65163421630859,11.1892924904823,1.56958848237991,1025.41891539097,2.91190183162689,520.964062869549,246.509208351374,43.4486898183823,0,150.161734223366,1.80795562267303,696.209281384945,1.89938318729401,78.3002621531487,0,852.379111737013,17.5210047364235,6.51143676042557,0,676.754128068686,3.22968578338623,196.250836491585,0,4906.98273679614,2.05954670906067,174.924109756947,0,1736.65844351053,0,236.465969383717,0,0,0,41.2910427153111,0,33.0839481949806,0,4.40610328316689,0,0,0,0.718786656856537,0,0,0,0,0,1.22655361890793,22.9392672181129,0,0,0,0,0,0
0,443.442952185869,0,60.5452741980553,0,1.26512312889099,0,416.467805683613,0,0,0,68.6567078530788,0,84.0012141168118,0,0.71272873878479,0,26.7468531131744,0,18.5473999381065,0,3.76485574245453,0,2.29141640663147,0,0,0,0,1.26777458190918,255.605857372284,0.393357574939728,0.717821657657623,0.629654228687286,4.8440437912941,73.5361956357956,41.9515558481216,19.0594380497932,408.58674928546,0,109.643577069044,0,78.7290281355381,24.5306913256645,1875.48394820094,29.1984937787056,2169.37256479263,2.08322882652283,945.858608543873,6.99561434984207,5233.49111095071,1.72810709476471,0,0,3267.57994702458,0,936.628004729748,0,227.60826805234,12.8434703946114,2208.44535028934,4.362020611763,225.517909646034,0.631476819515228,103.288329541683,0,1397.18209043145,53.9447026848793,831.689925193787,0,3.73414179682732,5.28111165761948,82.9132585227489,0,793.210150182247,0,127.833340853453,29.7787290513515,581.155637919903,0,46.0919154286385,0,1233.47904682159,0,171.86432236433,1.55689167976379,7893.22080141306,0,139.114950418472,0,1558.1042752862,0,7.14147877693176,0,0,0,26.9863393008709,0,2.95776981115341,0,82.530702739954,0,0,0,0,0,0,0,0,0,1.71740400791168,0,0,0,0,0,0
2.2799046933651,0,1.77285188436508,0,0,0,9.0730821788311,0,0,0,3.12124663591385,0,0,0,1.66858011484146,0,0,0,0,0,0,0,0,0,0,0,0,0,188.939139783382,0,0,0,0,0,16.0393481552601,5.673424243927,278.961174100637,2.22458058595657,43.8825931251049,0,98.9125872850418,0,254.387712776661,24.7927471399307,115.940746247768,0,2760.95144093037,0,169.107519060373,0,3871.65428829193,0,0,0,3317.13740766048,0,7.39625513553619,0,9.42250615358353,0,8.45783120393753,0,0,0,37.374949157238,0,50.7241351604462,33.4622758626938,0,0,8.95770809054375,0,188.537751108408,0,7.50164398550987,0,211.369456321001,0,0.558937013149261,0,103.50522300601,0,53.7584318220615,0,418.563021332026,0,63.2178626060486,0,796.096933275461,0,196.362858235836,0,0,0,9.82147607207298,0,7.03093227744102,0,4.92118805646896,0,0,0,0,0,0,0,0,0,0,5.42169705033302,0,0,0,0,0,0
0,2.67722237110138,0,0,0,0.450626581907272,0,0,0,0,0,0,0,0,0,0,0,0,0,0,0,0,0,0,0,0,0,0,0,23.0637018382549,0,0,0,0,2.84416794776917,5.19189310073853,0,87.8729994595051,0,41.0448806583881,0,31.1735770702362,2.33078044652939,263.562967628241,0.962007939815521,151.830648511648,0,1383.91440144181,0.619635343551636,204.923627346754,0,3267.57994702458,0,0,0,2056.53064271808,0,0,0,1.44017899036407,0,0,0,0.474346667528152,0,0.577961266040802,2.24890768527985,15.4184334278107,0,0,0,0,0,53.0961305499077,0,5.75382733345032,0,29.5006711184978,0,0.856417059898376,0,20.9466157257557,0,33.9083515405655,0,635.238249570131,0,45.5955182611942,0,864.874911338091,0,10.9590328335762,0,0,0,3.46576291322708,0,0.953749120235443,0,260.30902966857,0,0,0,0,0,0,0,0,0,0,0,0,0,0,0,0
12.0638297796249,0,2.53757745027542,0,3.30786746740341,0,24.5388697683811,0,0,0,8.5497699379921,0,6.67192924022675,0,5.99205368757248,0,0,0,3.55511695146561,0,3.73591887950897,0,0,0,0,0,2.45202088356018,0,193.240367978811,0,0,1.46000266075134,2.73770695924759,6.81055176258087,26.7068477272987,10.9684642553329,746.642107069492,3.15688705444336,1930.31510797143,1.13023734092712,192.307939648628,0,607.256055504084,7.31569737195969,136.345570206642,1.04900240898132,5642.86426407099,2.09909534454346,150.097026199102,0,1907.67152893543,0,3317.13740766048,0,0,0,11.5033648610115,0.92743307352066,7.2210813164711,0,9.78839755058289,0,0,0,40.0497468113899,1.75282788276672,141.137675821781,30.6709421873093,0.671177804470062,0,10.4071713685989,0,172.359292566776,0,5.46230667829514,0,190.195198357105,2.07298922538757,1.89733356237411,0,69.4741011857986,0,85.5024335980415,0,469.958351403475,0,743.689891666174,0,3850.33978679776,0,363.329002887011,0,0,0,6.71746215224266,0,2.97142732143402,0,39.0756929218769,0,0,0,0,0,0,0,0,0,0,0.881078541278839,0,0,0,0,0,0
0,0.733786463737488,0,0.657570779323578,0,2.11591410636902,0,0.572248697280884,0,3.2429011464119,0,1.184779047966,0,1.69280844926834,0,12.2579370737076,0,0,0,1.93008762598038,0,0.455864667892456,0,0,0,0,0,0,0,40.6822569072247,0,0,0,4.00537306070328,9.91646215319633,14.1797088384628,4.85065829753876,801.368626475334,0,938.525696456432,0,160.02284860611,78.3261629939079,349.86196705699,13.8519993424416,295.570886999369,5.86106884479523,3201.51372355223,1.71608591079712,259.981545001268,0,936.628004729748,0,2056.53064271808,0,0,0,0.551367580890656,0,2.38500374555588,0,2.54400569200516,0,2.48872393369675,0,0.562915921211243,7.37315326929092,106.190772026777,0,0,0,2.97717624902725,0,113.127971321344,0,18.0584815144539,6.93525898456573,133.413120269775,0,0.666417121887207,0,25.1319881379604,0,119.898337990046,0,416.105198264122,0,699.759731084108,1.01104879379272,2830.55899602175,0,10.3328400850296,0,0,0,5.901222884655,0,11.7330293059349,0,481.047643810511,0,0,0,0,0,0,0,0,0,0,0,0,0,0,0,0
11872.3380203545,77.4734305739403,211.310093581676,25.2562361955643,0,0,345.891929209232,26.8955045938492,2.16991811990738,0,228.576768994331,0.850039720535278,142.386702001095,0,21.5888437628746,0,770.330450534821,6.46155142784119,344.544337153435,299.77048638463,0,0,12.3507167696953,0.583202183246613,0,0,0,0,1681.45291659236,0.46808722615242,3.88735431432724,1.71725153923035,118.902744591236,65.9578516483307,6.49401885271072,0.628629565238953,582.821198821068,5.4179008603096,167.294998317957,0,16.784920156002,0,1.33680737018585,0,5.46843302249908,0,3.14930129051208,0,6.81533101201057,0,159.0311152637,0,7.39625513553619,0,11.5033648610115,0,0,59.0206635892391,3104.51398527622,19.2960349321365,4342.19920811057,6.35434681177139,2271.95429456234,9.66688823699951,352.864400714636,1.67369121313095,566.268379628658,55.825561195612,1130.09031185508,73.5431102514267,1308.05773493648,14.6908596456051,1772.92045861483,15.6554948687553,530.668573617935,7.51499992609024,1983.31680902839,40.9178285300732,48.849773645401,0.529076099395752,1085.6000135839,6.91831117868423,0,0,275.346697926521,0,1.77511870861053,0,162.384868294001,0,0,0,1.54177409410477,0,108.705581486225,3.34292054176331,18.5995189547539,0,0,0,0,0,0,0,13.2403450906277,0,14.6981436014175,0,11.6427602171898,41.8704430758953,0,0,0,0.719051361083984,0,7.71212732791901
34.4025206565857,13133.8589206934,0,509.100457400084,0,0,1.64189207553864,408.057377964258,0,4.00653713941574,0,221.669574797153,0,134.289327561855,0,20.5860792994499,2.03418570756912,1891.67620509863,48.5501317977905,565.615323096514,0,0,0.962783575057983,9.62479156255722,0,0,0,0,20.2113181948662,405.525790482759,1.73136460781097,0,63.2232840955257,348.01154217124,61.5588286221027,7.38594835996628,16.3899982273579,81.5098682045937,6.27014893293381,106.395463228226,0,3.03184008598328,16.4441705048084,0,44.6689898073673,8.99884644150734,16.1778207421303,46.1428043246269,4.34224769473076,58.9400296211243,0.785809099674225,227.60826805234,0,0,0.92743307352066,0.551367580890656,59.0206635892391,0,88.647324025631,1676.01463246346,43.155196428299,2049.72883161902,29.8149205446243,3222.80287885666,4.24540317058563,424.300294607878,349.6300162673,401.472035586834,56.8904330432415,2134.32513290644,40.1536756753922,851.675070077181,15.607809305191,2323.4401216805,4.51190114021301,425.184829771519,175.610255271196,2787.95581075549,1.98613584041595,97.1864891350269,36.0480502545834,244.279563009739,0,0.828784346580505,5.48150891065598,143.263680577278,0,0,0.70596444606781,66.0287953019142,0,0,0,0,0,116.931219518185,0,1.88248139619827,0,5.19905340671539,0,0,0,0,1.86606132984161,19.0779928565025,4.04277873039246,3.05266565084457,7.00967508554459,12.1775388121605,0,0,1.18011701107025,0,1.3744010925293,0.979526817798615
840.250378668308,14.9453116357327,174.116983830929,2.22943651676178,0,0,82.1931350827217,0.731429874897003,0,0,58.8857275247574,0,18.4938081502914,0,0,0,40.7491245269775,1.44798955321312,598.671008735895,38.0303870439529,0,0,0.624136030673981,0,0,0,0,0,450.072673499584,7.98284524679184,1.01170265674591,2.97415864467621,149.837164252996,84.1075460314751,158.561468064785,40.3224239349365,298.571986228228,67.6369803845882,139.660339951515,5.48077780008316,20.3959412574768,0,25.4263983368874,67.852635383606,292.185889363289,19.503482490778,38.6322321295738,4.47812005877495,1396.55548077822,6.44436758756638,1746.40713819861,12.8434703946114,9.42250615358353,0,7.2210813164711,0,3104.51398527622,88.647324025631,0,188.980899453163,5462.74916824698,71.8619149327278,274.105306267738,86.9727478027344,452.873924106359,22.436555325985,2288.5290941,515.117200821638,901.729491651058,46.7779559493065,179.16822424531,6.52818197011948,383.508845210075,40.9696284532547,124.277832955122,19.0555033683777,848.8081856668,100.398009479046,52.2535657286644,4.41985017061234,646.39832636714,31.4135196208954,6.71454641222954,0,279.355332821608,2.72786763310432,2.50478687882423,0,114.584681332111,0,0,0,0,0,47.54304677248,0,29.1187470555305,0,0,0,0,0,0,0,5.52974033355713,1.74357151985168,5.89494717121124,0,0,17.2125397622585,0,0,0,1.07048046588898,0,0
3.43843972682953,657.548261493444,0,399.966365963221,0,0,0,255.03460252285,0,0,0,64.9879587590694,0,63.0530731379986,0,1.29270315170288,0,64.6494745314121,2.59210932254791,274.794618725777,0,1.73561811447144,0,0.584031045436859,0,0,0,0,28.1738243401051,121.550211876631,1.25727844238281,0.598448276519775,42.4900825321674,192.698287606239,188.739279359579,78.7412113249302,138.956214189529,151.273908257484,9.306012570858,83.4465858638287,0,7.91034725308418,32.8770053386688,34.0856072902679,143.339268326759,252.180835545063,29.4514864683151,39.8106067180634,32.4752042293549,1465.53982946277,9.71876555681229,2208.44535028934,0,1.44017899036407,0,2.38500374555588,19.2960349321365,1676.01463246346,188.980899453163,0,84.7051614522934,1417.57731562853,17.9756070971489,452.069506138563,33.9510004520416,1270.8274101615,435.298171192408,2449.71041145921,17.5954330563545,206.827383607626,23.6413182616234,124.894024342299,23.3644683361053,715.236106842756,2.42801743745804,188.289222806692,164.881644636393,1040.96874988079,2.08328312635422,101.671088755131,61.2920816838741,570.703151673079,0,16.75163808465,30.5830513238907,241.978776335716,0,3.58872312307358,8.1563606262207,111.229199945927,0,2.06574177742004,0,0,0.657098054885864,44.1972925066948,0.819008767604828,1.9571298956871,0,0,0,0,0,0,0,2.07025229930878,0,1.95558029413223,1.15314972400665,2.93060684204102,0,0,0,0,0,0
1113.70610481501,1.81943538784981,161.280716329813,0.61084371805191,0,0,451.117217570543,1.39500224590302,1.57281631231308,0,469.977459102869,0,257.09222048521,0,11.2196233272552,0,231.38057923317,0,95.3689542114735,4.55501663684845,0,0,0,0,0,0,0,0,427.055755317211,2.89379471540451,0.827628195285797,2.24476885795593,4.38819694519043,28.2865324020386,103.714251458645,18.6861805617809,173.22460091114,43.8175431489944,36.3301091790199,2.14174091815948,19.1867341399193,0,5.95379462838173,17.9038281440735,33.6926945149899,3.6424355506897,12.3208774626255,1.20379817485809,278.839104771614,1.52541196346283,678.702824354172,4.362020611763,8.45783120393753,0,9.78839755058289,0,4342.19920811057,43.155196428299,5462.74916824698,84.7051614522934,0,25.3928064107895,2902.31022062898,27.9681049585342,2043.77651035786,6.15482521057129,233.95780390501,235.759873300791,71.6643311977386,12.8806007504463,309.366129279137,4.31434553861618,365.90669503808,26.4099441170692,94.7898635566235,5.452512383461,564.406123429537,50.8904465734959,17.8616282343864,3.9566330909729,1239.0400428772,11.2333880662918,8.56710234284401,0,1349.76865485311,2.41509795188904,6.01039212942123,0,271.146912544966,0.784273743629456,0,0,0,0,20.007533967495,0,7.97555810213089,0,0,0,0,0,0,0,2.09666329622269,0,0,0,0,5.22358471155167,0,0,0,0,0,0
0,234.984685063362,0,46.669466137886,0,0,0,120.073630005121,0,4.39925622940063,0,187.076889753342,0,189.272778332233,0,17.9101902842522,0,439.029614180326,0,51.1841085553169,0,0,0,9.09622466564178,0,0,0,0,2.20872360467911,164.683813482523,0.768266379833221,6.57663178443909,1.75850367546082,6.688705265522,87.9751935601234,16.2159003615379,43.2537680566311,89.5509847998619,2.55278563499451,14.3787153363228,1.24863564968109,3.54425454139709,5.99565047025681,4.60939878225327,43.1331177949905,18.8058243393898,7.87674081325531,5.61510962247849,18.0122175812721,172.508842885494,2.65163421630859,225.517909646034,0,0,0,2.54400569200516,6.35434681177139,2049.72883161902,71.8619149327278,1417.57731562853,25.3928064107895,0,2.73626357316971,4324.7434078455,10.9572006165981,3375.74347680807,130.185369849205,170.787309259176,2.55820435285568,1.01321125030518,9.3568429350853,66.3677362799644,15.2270428836346,301.467604756355,0,55.8868069052696,57.7164465785027,252.926471978426,0,16.5883636474609,22.8153387904167,224.398494303226,0,8.83660116791725,10.6312759518623,278.324312508106,0,0.711677372455597,1.13866186141968,87.2890703678131,0,0,0,0,0,5.13522893190384,0,0,0,0,0,0,0,0,0,0,0,0,0,0,0,0,0,0,0,0
368.090916574001,4.5703598856926,37.0516566038132,0,0,0,54.3456949293613,0,2.47246885299683,0,260.781848073006,0,135.143764853477,0,11.875878572464,0,475.944670915604,0,26.3800241053104,3.21665382385254,0,0,0,0,0,0,0,0,339.973944932222,0.609211504459381,0,0,3.98552617430687,18.089529812336,14.7630249559879,2.02571851015091,74.1898444890976,7.41493955254555,17.7839414477348,0,2.12031310796738,0,0.983416050672531,0,9.45079708099365,0.450092285871506,0.992557018995285,0.640930593013763,6.74832656979561,0,11.1892924904823,0.631476819515228,0,0,0,0,2271.95429456234,29.8149205446243,274.105306267738,17.9756070971489,2902.31022062898,2.73626357316971,0,5.2605642080307,323.591495454311,2.09715920686722,105.721043437719,58.785108268261,60.6281863152981,35.7567486763,148.4193970263,4.59478062391281,172.357207328081,9.6496776342392,38.0217485427856,2.31060409545898,468.51950058341,14.4835531115532,21.0622255802155,0,2744.46422287822,2.84362342953682,8.65278139710426,0,596.905388504267,0,3.16549569368362,0,102.765170007944,0,0,0,0,0,15.9514834284782,0,1.67893850803375,0,0,0,0,0,0,0,0,0,2.17414665222168,0,0,6.23249650001526,0,0,0,0,0,0
0,144.826034992933,0.687413156032562,66.3975340127945,0,1.66473245620728,0,103.437937140465,0,28.6035354733467,0,212.274674773216,0,181.0636690557,0,77.7375299930573,0,2310.55684491992,0,30.0029296875,0,0,0,32.4871135950089,0,0,0,0,12.5518864393234,599.411147922277,1.76531386375427,21.4563360214233,7.93254020810127,29.3834869861603,107.985596120358,29.1096975803375,32.6652286350727,62.237856477499,0,19.4496594965458,0,4.48124974966049,9.74604493379593,6.52871558070183,46.6179785132408,17.3481719791889,5.97427678108215,8.56297981739044,6.99970397353172,20.7912948429585,1.56958848237991,103.288329541683,0,0.474346667528152,0,2.48872393369675,9.66688823699951,3222.80287885666,86.9727478027344,452.069506138563,27.9681049585342,4324.7434078455,5.2605642080307,0,3.59528207778931,1910.28966212273,170.362299710512,269.812911719084,4.8703645169735,13.3421357870102,16.3048208355904,137.678365588188,18.0139481425285,744.783773303032,0,76.8914166688919,78.7375048398972,441.255850374699,0.723195016384125,141.162275373936,21.3234366774559,2556.49537923932,0,23.2948079407215,12.6951394081116,1286.51754620671,0,18.0317694246769,1.10615301132202,147.656880795956,0,0,0,0,0,15.9114664196968,0,0,0,0,0,0,0,0,0,1.66126734018326,0,0,0,1.11367297172546,0,0,0,0,0,0
244.050924450159,0,47.2941349744797,0,0,0,249.70510366559,0,0,0,82.886293977499,0,83.6857274770737,0,1.46592748165131,0,14.4494676589966,0,15.0746920108795,4.46167498826981,0,0,0,0,0,0,0,0,62.4398757517338,0.560089588165283,2.26291814446449,0,0.582000851631165,5.48711958527565,41.846960157156,10.1603910923004,60.2191600203514,12.1367828845978,6.47772115468979,0,11.1944167017937,0,10.4972014129162,13.0601474642754,18.7995669543743,4.54795652627945,6.62489682435989,0.986698687076569,19.702471613884,0,1025.41891539097,0,37.374949157238,0,40.0497468113899,0,352.864400714636,4.24540317058563,452.873924106359,33.9510004520416,2043.77651035786,10.9572006165981,323.591495454311,3.59528207778931,0,2.58253252506256,51.2926371097565,115.124526172876,5.50175452232361,0,91.6440998613834,1.82511335611343,102.710527271032,8.14823478460312,14.9700201153755,0.593317329883575,104.189946323633,20.8111539185047,0.586523711681366,0,232.959899127483,1.1741259098053,6.22643315792084,0,4699.15966361761,0,17.6413208246231,0,523.971283614635,0,0.806202411651611,0,0,0,0,0,5.07471072673798,0,0,0,0,0,0,0,0,0,0,0,0,0,0,0,0,0,0,0
0,338.863352566957,0,77.1381751298904,0,0,0,267.43913552165,0,7.72256398200989,0,174.017165899277,0,344.876022040844,0,12.2778442502022,0,150.486847132444,0,76.6967141032219,0,0,0,11.5973826646805,0,0,0,0,2.66893762350082,111.853827476501,2.19514501094818,5.9558812379837,0,7.90754395723343,28.9192659258842,9.90781903266907,13.3050190806389,79.5799934267998,1.89865213632584,17.5156711339951,0.804343640804291,7.09724855422974,4.12304437160492,2.60988423228264,12.9787690043449,22.5605861246586,3.09468483924866,7.3294076025486,2.57229954004288,578.361352264881,2.91190183162689,1397.18209043145,0,0.577961266040802,1.75282788276672,0.562915921211243,1.67369121313095,424.300294607878,22.436555325985,1270.8274101615,6.15482521057129,3375.74347680807,2.09715920686722,1910.28966212273,2.58253252506256,0,32.0818912386894,159.800156831741,0.762840747833252,0,7.51936307549477,116.727643400431,7.4126455783844,373.246730655432,0,57.2629465758801,19.1841009259224,204.902245074511,0,6.89702099561691,8.46381324529648,875.373836189508,0,18.0488735437393,6.6190556883812,2006.82107406855,0,10.6233238875866,0,363.391990125179,0,2.08480906486511,0,0,0,3.50978642702103,1.52202844619751,0,0,0,0,0,0,0,0,0,0,0.642099618911743,0,0,0,0,0,0,0,0
205.289368569851,117.090531170368,81.0730010271072,16.5013670623302,0.704430043697357,0,33.8890439867973,14.7775849103928,0,0,30.4634915292263,2.54771482944489,11.20380666852,0,0.5103719830513,0,21.9709589183331,2.25476410984993,1643.00553360581,419.705911040306,3.75230675935745,0,224.389987230301,1.9913135766983,9.98144561052322,0,0,0,212.296935498714,20.5217731297016,336.847432374954,24.7854952812195,2790.17956182361,514.794729113579,1106.64371970296,139.191689252853,535.653716057539,132.856728941202,549.169269144535,45.498507797718,25.3404992818832,7.60472935438156,1709.21538794041,401.007289648056,2096.57727733254,683.612752020359,1200.70415079594,54.0139103233814,633.686549335718,154.809973239899,520.964062869549,53.9447026848793,50.7241351604462,2.24890768527985,141.137675821781,7.37315326929092,566.268379628658,349.6300162673,2288.5290941,435.298171192408,233.95780390501,130.185369849205,105.721043437719,170.362299710512,51.2926371097565,32.0818912386894,0,1326.54043853283,2796.98395624757,439.020098268986,186.340867698193,24.2857592701912,233.026406347752,136.576943635941,76.7677985429764,44.7472985088825,862.845730602741,251.046055406332,9.50988155603409,20.9592407345772,454.605539679527,147.168417900801,12.3747678995132,0,237.091693639755,29.4022777080536,12.472415715456,0.634950220584869,160.298228770494,3.58591240644455,7.18735361099243,1.2609338760376,0,0,43.7844456136227,1.04124593734741,24.7639055550098,0,1.63319265842438,0,0,0,0,0,3.9169634282589,1.49123001098633,1.63979756832123,0,3.36788040399551,14.0020245611668,0,0,0,0,0,0.521030724048615
22.6016533374786,383.782429486513,5.28120866417885,479.034274995327,0,0.618784844875336,2.96965783834457,195.67449054122,0,0.497877866029739,0,42.911008477211,0,16.722117215395,0,0,3.13101720809937,32.9581393897533,67.6727673709393,1813.01639714837,0,5.9156106710434,0,280.188516438007,0,17.5424367487431,0,1.52392610907555,87.6557099223137,107.832571476698,1.80697214603424,261.539243072271,91.4499271512032,5664.03920152783,605.722245365381,1496.7940018177,515.7192094028,827.226743787527,100.022550374269,1147.25089791417,14.8988360762596,22.3943921327591,518.005559146404,1836.39043009281,1247.48316165805,2109.86082923412,199.081961870193,1542.02909523249,394.443261116743,883.548483103514,246.509208351374,831.689925193787,33.4622758626938,15.4184334278107,30.6709421873093,106.190772026777,55.825561195612,401.472035586834,515.117200821638,2449.71041145921,235.759873300791,170.787309259176,58.785108268261,269.812911719084,115.124526172876,159.800156831741,1326.54043853283,0,62.2004335224628,852.08928668499,76.8880579471588,143.340645134449,125.572069227695,649.678532660007,11.2939796149731,166.955316364765,538.982716113329,1073.57441791892,7.69030636548996,62.4754152595997,195.009358912706,788.073706239462,0.49017196893692,45.0207295715809,148.438265383244,317.244935423136,0,36.0835827887058,68.5029843449593,158.079737722874,3.62502980232239,0,0,0,4.09364593029022,37.5603405535221,7.81692278385162,1.36561205983162,0,4.86636435985565,0,0,0,0,0,0,1.51038289070129,0,0,1.37518793344498,0,0,0,0,0,0
1123.5447319746,486.595712095499,56.4481319189072,96.9532569646835,0,0,13.0769309401512,106.401789993048,0,0,13.9705464243889,3.33021187782288,17.206883251667,1.1918443441391,3.97323033213615,0,10.188944876194,4.13386023044586,2756.09373223782,2765.81543296576,0,0,5.60211077332497,2.21618604660034,0,0,0,0,157.175276011229,0.631049335002899,6.39682856202126,3.59560990333557,1592.78587642312,707.357971996069,7.30336862802505,0.691386818885803,493.728383660316,3.09927707910538,120.030886769295,2.2058801651001,10.8338894546032,0,1.21636724472046,0,10.3567970395088,0,0,0,14.0909283161163,0,43.4486898183823,0,0,0,0.671177804470062,0,1130.09031185508,56.8904330432415,901.729491651058,17.5954330563545,71.6643311977386,2.55820435285568,60.6281863152981,4.8703645169735,5.50175452232361,0.762840747833252,2796.98395624757,62.2004335224628,0,523.621038407087,1161.48072597384,38.0638974905014,389.625264018774,31.0067769885063,266.54004997015,5.8746737241745,2578.18443351984,89.8040347993374,3.49550712108612,0,48.4810319840908,3.22498285770416,0,0,5.83580937981606,0,0.892605066299438,0,0.513335287570953,0,0,0,0,0,70.1681362092495,5.75238353013992,11.7422142028809,0,0,0,0,0,0.613933145999908,0,9.30505114793777,0,4.52308261394501,0,9.58366546034813,25.3542238473892,0.747811317443848,0,0,0.843818247318268,0,3.39200270175934
91.0137433409691,898.830361843109,2.33376121520996,170.349322557449,0,0,0,31.5406998991966,0,0,0,5.76947182416916,0,2.42643696069717,0,0,1.07649862766266,11.9826066493988,51.9076072573662,3680.92365267873,0,0,0,2.74850153923035,0,0,0,0,7.9005184173584,30.8236570954323,0.789192497730255,1.73516726493835,159.990660041571,1418.96010872722,22.2101937532425,3.15264242887497,7.27200382947922,41.7064099907875,1.80465579032898,39.0390586853027,0,0,5.6923143863678,0,21.2664809823036,0,7.30505257844925,15.4622393250465,0.489952921867371,0.81344735622406,0,3.73414179682732,0,0,0,0,73.5431102514267,2134.32513290644,46.7779559493065,206.827383607626,12.8806007504463,1.01321125030518,35.7567486763,13.3421357870102,0,0,439.020098268986,852.08928668499,523.621038407087,0,20.6062718629837,823.628181397915,13.1861882209778,353.92652285099,1.06198930740356,170.935260623693,161.347990423441,1615.42537817359,0,4.01527208089828,16.754326403141,11.5488844513893,0,0,0,4.98950409889221,0,0,0,0.999788701534271,0,0,0,0,0.810098111629486,50.2188415825367,1.21382653713226,1.03092694282532,0,0,0,0,0,0,0,4.86265081167221,0,0,3.00349164009094,7.37623900175095,0,0,0,0,0,0.636417388916016
4250.82858371735,182.758745402098,2612.31069588661,865.364057958126,1078.23059231043,328.32924413681,5388.11185520887,1406.7437710762,1208.74384093285,168.684858977795,929.056824296713,225.814384996891,2210.39619329572,257.74880567193,1806.80571258068,98.8622960150242,142.416664153337,22.2618458867073,2515.573931247,765.883330464363,562.549243599176,97.1223129928112,1742.50797984004,1041.4864462018,599.49161106348,720.856085836887,915.921452730894,371.00540882349,1114.69750219584,42.60539072752,969.552355825901,498.234364569187,248.820275276899,194.764707326889,60.9996020793915,12.3477364182472,1093.90755966306,49.1210845410824,117.027277618647,11.6157106757164,284.061501502991,28.5237946510315,14.1478745043278,0,19.3662392199039,0,143.97940120101,3.37809377908707,19.8172887861729,1.8088561296463,150.161734223366,5.28111165761948,8.95770809054375,0,10.4071713685989,0,1308.05773493648,40.1536756753922,179.16822424531,23.6413182616234,309.366129279137,9.3568429350853,148.4193970263,16.3048208355904,91.6440998613834,7.51936307549477,186.340867698193,76.8880579471588,1161.48072597384,20.6062718629837,0,870.011544018984,7558.95998957753,280.423417121172,4187.0286681056,136.026563823223,9405.68300756812,749.68547680974,5.99817711114883,1.00042843818665,138.945267111063,10.7336031794548,2.0086784362793,0,195.863678067923,3.80452954769135,2.88507086038589,0,113.045073598623,0,22.0813891887665,43.0676247477531,34.1629179120064,8.55817884206772,216.435295522213,46.0804882347584,32.2853814661503,12.9606862664223,21.8875118792057,18.1577297151089,22.1135929524899,5.52980315685272,31.3691591620445,39.7819837331772,93.3677617609501,69.3360834717751,22.5947979986668,19.5886618793011,87.0750135481358,65.5946303009987,6.2162943482399,0,2.61126762628555,6.76286947727203,0.424625962972641,34.9585331082344
78.9730060696602,3002.01211619377,479.529216736555,2029.12699121237,111.424767017365,1663.34672254324,614.964170694351,5006.36780962348,72.3310512602329,2201.80788746476,47.5325157344341,956.937321007252,136.626517176628,1690.24127960205,75.4048557579517,1987.39128163457,2.3020686507225,360.224680423737,594.437483608723,1866.65113979578,34.639496743679,332.779789686203,910.558256715536,1034.20793405175,171.419729024172,846.315182507038,170.844025343657,1121.65744447708,69.5980392694473,262.221460253,343.278897941113,628.018564909697,122.654173135757,231.745808959007,10.4269995093346,16.939393132925,29.2488323450089,307.51876565814,6.93181961774826,75.805469930172,47.5299919843674,388.502778947353,1.06576240062714,10.1134371161461,3.72424879670143,6.8165237903595,1.80702900886536,63.7112134099007,0.76464319229126,8.58739101886749,1.80795562267303,82.9132585227489,0,0,0,2.97717624902725,14.6908596456051,851.675070077181,6.52818197011948,124.894024342299,4.31434553861618,66.3677362799644,4.59478062391281,137.678365588188,1.82511335611343,116.727643400431,24.2857592701912,143.340645134449,38.0638974905014,823.628181397915,870.011544018984,0,151.501558542252,4874.35989320278,96.6891151964664,4893.79540741444,359.626648962498,10499.0305051506,0,7.05394154787064,5.85787332057953,53.5393917858601,0,7.24615752696991,0,140.639404714108,0,6.7411624789238,0,60.4661650061607,11.7650362849236,58.6723026335239,14.8044426441193,39.8566610515118,43.9246554076672,195.55987867713,14.1403447687626,22.7836262583733,14.0921020209789,26.9036275148392,11.4793495833874,8.17620000243187,18.400055706501,38.7789879143238,31.2727924287319,117.867977619171,25.6142113506794,18.0063098073006,125.468351453543,85.031774699688,8.4920619726181,1.23744744062424,6.8235692679882,7.0788988173008,3.13759434223175,34.9546871483326
3075.06273934245,32.2232024669647,1733.25300857425,171.85016566515,664.785966515541,34.3894369900227,1052.66690948606,198.862389981747,1047.80103048682,20.1772362589836,250.157893121243,27.9620530605316,546.871388316154,26.7818932533264,2362.27071160078,5.08680069446564,231.717535167933,6.56000804901123,1407.73592913151,259.336091428995,209.035168707371,4.27256083488464,716.135111987591,212.237967640162,193.197422385216,54.131411254406,380.470016509295,19.835415750742,1676.51627409458,6.04071339964867,95.2176593244076,79.3308460116386,60.7320682406425,74.2468047142029,52.3733206391335,16.5353417992592,462.822053581476,26.1468344330788,92.9896821379662,2.30418622493744,847.638849139214,12.4771265983582,434.26911342144,21.2626800239086,190.964292496443,4.70008224248886,668.695815891027,0.572863936424255,214.759409666061,1.02395331859589,696.209281384945,0,188.537751108408,0,172.359292566776,0,1772.92045861483,15.607809305191,383.508845210075,23.3644683361053,365.90669503808,15.2270428836346,172.357207328081,18.0139481425285,102.710527271032,7.4126455783844,233.026406347752,125.572069227695,389.625264018774,13.1861882209778,7558.95998957753,151.501558542252,0,59.3501861393452,2934.67644235492,35.888878762722,1915.42680257559,72.1932672560215,30.1638991236687,1.74584573507309,471.36770260334,5.57312047481537,63.3754508793354,0,186.856399178505,0,48.1293232440948,1.20073664188385,97.0971910059452,0,35.9307713508606,23.3801048398018,9.0838420689106,3.9474290907383,76.0507649481297,17.9448864459991,28.7266440391541,6.02287021279335,5.47657376527786,7.04027178883553,8.95109236240387,4.67922469973564,13.4817307889462,21.6628355681896,48.0642139613628,32.0865741372108,9.54964819550514,3.19455128908157,19.0606642365456,34.4426387548447,1.45810973644257,0,0,0.51211816072464,0.883924782276154,14.158441901207
42.4779719412327,2989.24831289053,202.069459438324,1911.78524264693,16.255145162344,759.085259765387,243.507151246071,1123.39799171686,14.9149505496025,1416.98768752813,29.0138627886772,887.804604053497,52.500128775835,1525.69287154078,9.24888274073601,4347.73357790709,0,2147.61145937443,431.014115810394,1278.39772826433,7.34646648168564,199.548118919134,395.921439290047,845.874984949827,20.8561003506184,93.896193921566,24.2869809865952,345.193975836039,31.0681649744511,4145.33004289865,119.261841714382,297.327756494284,60.0638912320137,203.840782105923,60.6607815623283,53.2179847657681,45.0577781796455,517.963349997997,5.12428390979767,108.138359546661,5.45168340206146,1521.50523602962,83.2757482528687,493.55185675621,83.8728860020638,577.876317560673,13.7406977117062,667.143528163433,11.1560778617859,362.324824661016,1.89938318729401,793.210150182247,0,53.0961305499077,0,113.127971321344,15.6554948687553,2323.4401216805,40.9696284532547,715.236106842756,26.4099441170692,301.467604756355,9.6496776342392,744.783773303032,8.14823478460312,373.246730655432,136.576943635941,649.678532660007,31.0067769885063,353.92652285099,280.423417121172,4874.35989320278,59.3501861393452,0,23.4347017407417,1757.54736196995,138.18333530426,2156.11764600873,0,493.384601145983,17.9557287693024,1256.29337906837,0,344.515189528465,10.6850216388702,992.982397079468,0,84.1515067219734,0,367.76327085495,5.47136846184731,28.8509027063847,0.854504823684692,6.77659431099892,9.35281217098236,44.5252806842327,9.86565083265305,2.17279320955276,2.95842713117599,63.4609132111073,1.2276319861412,4.6012709736824,0.455789506435394,11.5153970122337,9.37405663728714,32.0718078613281,8.47042071819305,4.43233698606491,16.6175703406334,15.0499517917633,3.72301918268204,0.985337376594543,0,0.884947180747986,1.05752348899841,6.43421459197998
1744.03268951178,17.0941526889801,831.016953587532,81.5352926254272,66.9126578271389,4.94484233856201,511.199509233236,103.234389990568,152.091682344675,3.42437028884888,67.9559754133224,4.32675766944885,168.111898183823,15.6458263993263,438.361142784357,0.554690420627594,26.276937186718,0.532560646533966,768.821124851704,119.671786814928,6.70483762025833,1.11626207828522,377.455278635025,67.0381737947464,21.6885926425457,10.719059497118,21.6142464280128,1.62885507941246,146.187881439924,0,34.0859869718552,61.1054612398148,22.1123624145985,31.375691473484,9.66838073730469,4.43118995428085,1133.25236460567,24.1354267895222,109.145985752344,17.9047194719315,550.797628849745,7.87806940078735,10.6486677229404,0,32.8981642723083,0,37.7638175487518,5.41117352247238,32.4244954288006,0,78.3002621531487,0,7.50164398550987,0,5.46230667829514,0,530.668573617935,4.51190114021301,124.277832955122,2.42801743745804,94.7898635566235,0,38.0217485427856,0,14.9700201153755,0,76.7677985429764,11.2939796149731,266.54004997015,1.06198930740356,4187.0286681056,96.6891151964664,2934.67644235492,23.4347017407417,0,87.7989113926888,2213.09710967541,110.802189737558,1.47509360313416,0.557367324829102,49.6393130719662,0,0,0,19.3418220877647,0,2.68245655298233,0,10.6938163638115,0,128.996984779835,291.385872632265,76.6859771311283,84.2202290594578,207.508877515793,87.0170461833477,78.119739562273,35.8372179269791,57.2171684205532,52.2325246036053,54.8685030341148,36.2070125341415,95.3295023739338,151.661473184824,158.216487109661,102.084267795086,46.1504093408585,21.7490456700325,63.4607490301132,92.0567451119423,29.1339312195778,2.00234168767929,4.50816828012466,5.59364035725594,3.44913172721863,48.9203121364117
7.95059388875961,748.051208287477,59.0081893205643,488.378385871649,3.22649747133255,29.7905719280243,81.5151470601559,337.518404245377,0.757553339004517,173.718110620975,3.73319584131241,76.9832236170769,9.89245820045471,138.46857431531,0,288.369521588087,0,96.0693587660789,90.0175703763962,357.187949687243,7.655024766922,0,130.99999460578,304.497604310513,3.13354250788689,10.3220285773277,1.812728703022,4.46360713243484,3.39362847805023,35.7874025702477,37.6831409037113,96.2016875743866,24.1056124269962,70.1082330346107,29.5629807114601,20.9518667459488,40.4426201283932,595.31448829174,26.871092915535,142.728485584259,44.1592766046524,805.020988017321,12.108833104372,60.8254231214523,21.9319375157356,146.050061523914,3.39353638887405,84.5625097453594,6.64684915542603,75.6238238811493,0,127.833340853453,0,5.75382733345032,0,18.0584815144539,7.51499992609024,425.184829771519,19.0555033683777,188.289222806692,5.452512383461,55.8868069052696,2.31060409545898,76.8914166688919,0.593317329883575,57.2629465758801,44.7472985088825,166.955316364765,5.8746737241745,170.935260623693,136.026563823223,4893.79540741444,35.888878762722,1757.54736196995,87.7989113926888,0,83.3425552248955,1519.30473136902,0,7.46145397424698,0,73.7587315738201,0,9.94829505681992,0.941390812397003,87.8359438478947,0,7.7101274728775,0,53.8881869614124,100.919984310865,141.532860577106,54.3638945221901,89.0033937096596,56.2037554979324,145.03600487113,50.9453221261501,19.9913735091686,42.2426452934742,48.4083075225353,30.9810659885406,14.7706933319569,63.0244838297367,110.098481863737,74.6663386523724,147.082826375961,43.3829792141914,21.4075579941273,94.8164846301079,64.6580514907837,18.6297009587288,1.24355918169022,4.79644775390625,5.29039740562439,5.34486120939255,38.5906663537025
5519.97043249011,558.584913223982,2394.18037304282,247.486269682646,59.0239348113537,2.91781085729599,1425.99594840407,453.561882972717,245.282167524099,4.96187365055084,230.005114555359,50.2289120554924,355.777820646763,50.20564904809,603.151068925858,0.760748982429504,111.281344473362,24.6072969138622,3715.10091137886,1082.25162312388,4.65656274557114,2.20566940307617,694.067147374153,188.920977830887,20.4567704796791,3.81926271319389,14.5360372662544,1.38941353559494,552.601067334414,18.2641105055809,130.38202264905,177.851765692234,192.821073114872,236.407288491726,239.365123569965,52.0134129524231,5597.38284155726,136.101454406977,366.052796363831,45.5488680303097,424.37370583415,4.96598964929581,504.475755989552,141.00197121501,396.136855095625,144.482109963894,946.411815851927,38.4730163216591,403.831543624401,40.9613685011864,852.379111737013,29.7787290513515,211.369456321001,0,190.195198357105,6.93525898456573,1983.31680902839,175.610255271196,848.8081856668,164.881644636393,564.406123429537,57.7164465785027,468.51950058341,78.7375048398972,104.189946323633,19.1841009259224,862.845730602741,538.982716113329,2578.18443351984,161.347990423441,9405.68300756812,359.626648962498,1915.42680257559,138.18333530426,2213.09710967541,83.3425552248955,0,673.996076822281,0,9.619724214077,371.355749368668,52.4127126038074,39.2403766512871,3.29321694374084,304.514477521181,33.6165189146996,190.242547363043,0,317.533035695553,17.6203021705151,121.687908530235,124.601804256439,234.843167185783,68.5743991136551,661.683896332979,105.68635854125,438.090660333633,22.2124269604683,58.5296076536179,21.6551747918129,125.716329067945,15.1404046416283,120.319647014141,81.1449687480927,487.105384290218,201.822556346655,107.312925249338,34.1737956404686,421.892711043358,988.726963192225,43.8140363097191,9.64907196164131,20.8243982195854,30.3656579256058,12.3934933841228,120.323477476835
159.400720864534,5768.84005060792,264.463000118732,3320.4276728034,2.11167943477631,75.7766701281071,434.757108569145,2494.74051403999,0.533584415912628,266.393155008554,25.6691380143166,484.230574429035,72.2253709435463,476.720877826214,3.43737116456032,448.377709209919,2.46580469608307,620.773786067963,1134.37896710634,5266.05119511485,2.95908284187317,30.5748256444931,462.627411335707,1359.51353627443,0.935267269611359,9.20902055501938,0.830816388130188,11.8015784621239,53.3161864280701,200.278907179832,240.915796041489,698.363577872515,186.656881392002,560.950178742409,93.5647746324539,108.141279518604,151.675134688616,4518.7919575274,47.2466842830181,514.316863626242,5.28384199738503,364.464509606361,78.1472292542458,478.299975752831,123.00648188591,575.91052827239,45.7826231122017,1312.57252085209,17.4305300116539,335.390259444714,17.5210047364235,581.155637919903,0,29.5006711184978,2.07298922538757,133.413120269775,40.9178285300732,2787.95581075549,100.398009479046,1040.96874988079,50.8904465734959,252.926471978426,14.4835531115532,441.255850374699,20.8111539185047,204.902245074511,251.046055406332,1073.57441791892,89.8040347993374,1615.42537817359,749.68547680974,10499.0305051506,72.1932672560215,2156.11764600873,110.802189737558,1519.30473136902,673.996076822281,0,0,35.0596812963486,41.3439574241638,375.64010104537,0,192.644289821386,20.7007131576538,505.700673192739,0,316.543831557035,0,358.087490290403,101.958278894424,375.181895583868,69.2401966750622,338.850749462843,179.933460712433,910.046527475119,114.121119439602,77.3302489221096,33.7374563217163,102.286894500256,54.1636327803135,32.0402347147465,92.1692060232162,251.255073487759,177.502041876316,599.964661628008,118.814740687609,103.459728240967,471.49442204833,1373.79480591416,76.4193888604641,13.5695041418076,39.2954048812389,42.4440662264824,35.8086180686951,117.578798294067
13.2179189920425,0,2.8311356306076,0,0,0,1.94081717729568,0,0,0,7.8542674779892,0,7.01864778995514,0,0.983036041259766,0,303.326317548752,0,3.81036365032196,0,0,0,0,0,0,0,0,0,439.566009730101,0,0,0,0,1.65668034553528,0.959416031837463,0,4.03187984228134,0,2.17921531200409,0,1.65462231636047,0,1.23131239414215,0,3.81916284561157,0,0.5582355260849,0.686452090740204,3.95740169286728,0,6.51143676042557,0,0.558937013149261,0,1.89733356237411,0,48.849773645401,1.98613584041595,52.2535657286644,2.08328312635422,17.8616282343864,0,21.0622255802155,0.723195016384125,0.586523711681366,0,9.50988155603409,7.69030636548996,3.49550712108612,0,5.99817711114883,0,30.1638991236687,0,1.47509360313416,0,0,0,0,0,712.961290359497,0,3.73973682522774,0,16.4382776021957,0,0.819767475128174,0,1.34839046001434,0,2.42825651168823,0,0,0,2.06951642036438,0,0,0,0,0,0,0,0,0,0,0,0,0,0,0,0,0,0,0,0,0
1.0827716588974,7.49006730318069,0,6.13324528932571,0,0,0,4.14825719594955,0,1.71626430749893,0,8.11048835515976,0,7.06847965717316,0,12.0453687906265,0,529.558069318533,0,1.0340381860733,0,0,0,0.660370230674744,0,0,0,0,0.915318369865417,819.629732817411,0,1.89490205049515,0.859492182731628,6.26357883214951,5.15137225389481,8.97539806365967,4.56225514411926,8.03888899087906,0,2.77363246679306,0,0,0,2.6650824546814,4.44847840070724,12.6702151596546,2.75677156448364,2.99228006601334,0,8.90787616372108,0,46.0919154286385,0,0.856417059898376,0,0.666417121887207,0.529076099395752,97.1864891350269,4.41985017061234,101.671088755131,3.9566330909729,16.5883636474609,0,141.162275373936,0,6.89702099561691,20.9592407345772,62.4754152595997,0,4.01527208089828,1.00042843818665,7.05394154787064,1.74584573507309,493.384601145983,0.557367324829102,7.46145397424698,9.619724214077,35.0596812963486,0,0,1.31158459186554,884.386961728334,0,18.2422608733177,0,11.2176368236542,0,0,0,2.25770729780197,0,0,0,0,0,1.9791259765625,0,2.15247941017151,0,0,0,0,0,0,0,0,2.11568140983582,0,0,0,0,0,0,0,0,0
174.527565807104,1.40320307016373,106.158078372478,0,0.510570704936981,0,60.783970117569,0,16.9157653450966,0,643.732203394175,0,480.517386943102,0,61.0805813670158,0,1938.56887468696,0,65.1613501608372,2.41130971908569,0,0,7.58007317781448,0,0,0,0,0,2703.60339289904,0,5.361447930336,3.61009299755096,8.79884159564972,44.522864729166,79.6575793921947,18.5795648396015,131.245136082172,33.4602902531624,50.7732332646847,2.34874668717384,38.1939952969551,0,91.6489000618458,6.31188231706619,239.489471435547,0.782188594341278,110.85522133112,0,271.550961524248,0,676.754128068686,0,103.50522300601,0,69.4741011857986,0,1085.6000135839,36.0480502545834,646.39832636714,61.2920816838741,1239.0400428772,22.8153387904167,2744.46422287822,21.3234366774559,232.959899127483,8.46381324529648,454.605539679527,195.009358912706,48.4810319840908,16.754326403141,138.945267111063,5.85787332057953,471.36770260334,17.9557287693024,49.6393130719662,0,371.355749368668,41.3439574241638,712.961290359497,1.31158459186554,0,5.0210856795311,1089.90098708868,0,5923.47056379914,1.59798121452332,182.957644969225,0,218.140235751867,0.942112803459167,3.46204501390457,0,0,0,15.5830264687538,0,9.61855351924896,0,0,0,0,0,0,0,0,0,4.2718231678009,2.36382174491882,1.01495862007141,11.9814090132713,0,0,0,0,0,0
0.460994929075241,55.2870088815689,0,52.4513372182846,0,1.72034883499146,0,77.5388464331627,0,3.49459850788116,0,36.1431514024734,0,124.560041606426,0,21.5314280986786,0,665.587034761906,0,11.012758910656,0,0,0,21.2320265769958,0,0,0,0,7.82292115688324,791.312704354525,0,9.46883106231689,6.19662350416183,68.1762871742249,101.811358898878,83.2659910023212,20.9703473746777,79.500179797411,0,47.5031840205193,0,5.47384262084961,26.6189112067223,101.686513513327,46.5025625526905,455.059626251459,11.4217033982277,121.259652167559,2.10269737243652,266.794156491756,3.22968578338623,1233.47904682159,0,20.9466157257557,0,25.1319881379604,6.91831117868423,244.279563009739,31.4135196208954,570.703151673079,11.2333880662918,224.398494303226,2.84362342953682,2556.49537923932,1.1741259098053,875.373836189508,147.168417900801,788.073706239462,3.22498285770416,11.5488844513893,10.7336031794548,53.5393917858601,5.57312047481537,1256.29337906837,0,73.7587315738201,52.4127126038074,375.64010104537,0,884.386961728334,5.0210856795311,0,0,1598.00604316592,0,5355.62750610709,0,268.360768765211,0,339.006850898266,0,1.72600126266479,0,0,0,11.4339241981506,0,0,0,11.7651429772377,0,0,0,0,0,0,0,0,0.608790695667267,1.38285517692566,0,0,0,0,0,0
0,0,0,0,13.3425705432892,0,0,0,6.58736497163773,0,0,0,0,0,21.1225219964981,0,4.23440939188004,0,0,0,3.22954487800598,0,0,0,0,0,3.93656897544861,0,760.165120631456,0,0,0,0,0,8.94874864816666,0,150.281453847885,0,54.6824502944946,0,603.24525976181,0,102.568388730288,0,24.4766491651535,0,173.528827548027,0,38.9160900115967,0,196.250836491585,0,53.7584318220615,0,85.5024335980415,0,0,0,6.71454641222954,0,8.56710234284401,0,8.65278139710426,0,6.22643315792084,0,12.3747678995132,0.49017196893692,0,0,2.0086784362793,0,63.3754508793354,0,0,0,39.2403766512871,0,3.73973682522774,0,1089.90098708868,0,0,0,706.242009341717,0,579.680494695902,0,64.1995471417904,0,6.88087552785873,0,0,0,2.18735164403915,0,0,0,0.601155459880829,0,0,0,0,0,0,0,1.7042350769043,0,0,0,0,0,0,0,0,0
0,0,0,1.36724013090134,0,32.6263521313667,0,0,0,15.9063219428062,0,0,0,0,0,43.8501666784286,0,1.07635283470154,0,0,0,87.3273757100105,0,0,0,0,0,6.65106165409088,0,437.655563771725,0,0,0,1.14474287629128,10.4207638204098,6.51932865381241,1.60980153083801,625.973743915558,0,93.5916863083839,0,2035.18459051847,26.8436355292797,143.195256531239,5.1613048017025,95.5150180160999,0.605271756649017,234.45004722476,0,41.3333448469639,0,171.86432236433,0,33.9083515405655,0,119.898337990046,0,0.828784346580505,0,16.75163808465,0,8.83660116791725,0,23.2948079407215,0,18.0488735437393,0,45.0207295715809,0,0,0,7.24615752696991,0,344.515189528465,0,9.94829505681992,3.29321694374084,192.644289821386,0,18.2422608733177,0,1598.00604316592,0,0,0,616.853992164135,0,1275.04842409492,0,265.007459163666,0,0.675407826900482,0,0,0,0,0,0.474786937236786,0,25.5751735270023,0,0,0,0,0,0,0,0,0,0,0,0,0,0,0,0
277.003618091345,0,136.438185542822,0,5.16223400831223,0,265.508836120367,1.68650567531586,2.15492361783981,0,772.764021724463,0,578.062229990959,0,20.7627652287483,0,139.512454807758,0,42.909265935421,0,0.631058633327484,0,0.872764766216278,0,0.4654700756073,0,1.55463743209839,0,512.562828183174,0.902061223983765,1.72484290599823,0,2.74829661846161,36.6518524587154,115.264061272144,37.8982200324535,183.453931123018,25.5021219849586,50.7246536612511,0,112.921717703342,0,180.736818343401,13.1743316054344,283.648716181517,4.24267220497131,207.691505491734,0.871759235858917,345.559586852789,0,4906.98273679614,1.55689167976379,418.563021332026,0,469.958351403475,0,275.346697926521,5.48150891065598,279.355332821608,30.5830513238907,1349.76865485311,10.6312759518623,596.905388504267,12.6951394081116,4699.15966361761,6.6190556883812,237.091693639755,148.438265383244,5.83580937981606,0,195.863678067923,0,186.856399178505,10.6850216388702,19.3418220877647,0.941390812397003,304.514477521181,20.7007131576538,16.4382776021957,0,5923.47056379914,0,706.242009341717,0,0,1.42209255695343,751.395100742579,0,5953.40372955799,0,11.3735763430595,0,0,0,10.4655912518501,0,8.59546822309494,0,0.431487202644348,0,0,0,0,0,0,0,0,0,0,1.63270825147629,0,0,0,0,0,0
0,188.496037662029,0,62.6317856013775,0,15.3044038712978,0,575.596064925194,0,13.5266110897064,0,114.586931675673,0,426.623343467712,0,42.8636092543602,0,56.5215193629265,0,29.1598997116089,0,0,0,9.64938604831696,0,0,0,5.20200085639954,0,316.399330914021,5.86136072874069,10.7479436397552,3.5742558836937,25.8306038081646,69.6265337765217,62.1943063139915,6.95786851644516,355.325203418732,1.41023516654968,50.4910041093826,0,138.427438020706,35.093681961298,409.99040812254,19.0698115825653,978.542193681002,2.93189787864685,404.834796130657,1.37504005432129,826.471473097801,2.05954670906067,7893.22080141306,0,635.238249570131,0,416.105198264122,0,143.263680577278,2.72786763310432,241.978776335716,2.41509795188904,278.324312508106,0,1286.51754620671,0,2006.82107406855,29.4022777080536,317.244935423136,0,4.98950409889221,3.80452954769135,140.639404714108,0,992.982397079468,0,87.8359438478947,33.6165189146996,505.700673192739,0,11.2176368236542,1.59798121452332,5355.62750610709,0,616.853992164135,1.42209255695343,0,0,1376.61109420657,0,6501.07797780633,0,6.35172247886658,0,0,0,11.2554154098034,0,0,0,51.2227258682251,0,0,0,0,0,0,0,0,0,1.45685184001923,0,0,0,0,0,0
0,0,0,0,7.65337628126144,0,0,0,12.3928952813148,0,0,0,0,0,17.8487765192986,0,0.795906722545624,0,0,0,1.06841576099396,0,0,0,0,0,6.54478216171265,0,205.520737469196,0,0,0,0,0,18.6479489505291,1.09181809425354,1241.11391815543,0,426.828926950693,0,1328.38860672712,0,87.4494156837463,0,8.24412417411804,0,301.851919829845,0,11.0159226357937,0,174.924109756947,0,63.2178626060486,0,743.689891666174,0,1.77511870861053,0,2.50478687882423,0,6.01039212942123,0,3.16549569368362,0,17.6413208246231,0,12.472415715456,0,0.892605066299438,0,2.88507086038589,0,48.1293232440948,0,2.68245655298233,0,190.242547363043,0,0.819767475128174,0,182.957644969225,0,579.680494695902,0,751.395100742579,0,0,0,994.571472883224,0,3.66026923060417,0,0.732387900352478,0,11.7404620051384,0,1.4291729927063,0,1.44798603653908,0,0,0,0,0,0.509001314640045,0,0.744077265262604,0,0,1.24838310480118,0,0,0,0,0,0
0,1.91560599207878,0,0.446793645620346,0,2.96262314915657,0,0,0,3.90614324808121,0,0,0,0,0,10.7205144762993,0,1.03130853176117,0,0,0,1.61160099506378,0,0,0,0,0,2.4848815202713,0,56.970351099968,0,0,0,3.47430020570755,1.11992812156677,5.43184864521027,0,925.198392063379,0,407.61463111639,0,1007.89198407531,25.4808843433857,104.933597534895,2.44443246722221,64.9197160899639,0.63673609495163,324.362250566483,0,42.7528902888298,0,139.114950418472,0,45.5955182611942,0,699.759731084108,0,0,0,3.58872312307358,0,0.711677372455597,0,18.0317694246769,0,10.6233238875866,0.634950220584869,36.0835827887058,0,0,0,6.7411624789238,1.20073664188385,84.1515067219734,0,7.7101274728775,0,316.543831557035,0,0,0,268.360768765211,0,1275.04842409492,0,1376.61109420657,0,0,0,1597.42724895477,0,6.14518964290619,0,0,0,3.07977867126465,0,0.393108278512955,0,22.4429422318935,0,0,0,0,0,0.96178412437439,0,0,0,0,0,0,0,0,0,0
165.594053089619,0,49.7502431869507,0,4.30056220293045,0,182.035148769617,0,5.82717362046242,0,376.10560208559,0,262.402641505003,0,9.13391375541687,0,36.6823495924473,0,17.7397787570953,0,1.48772549629211,0,0,0,0,0,2.35383158922195,0,181.777232378721,0,0,1.89936625957489,1.6305627822876,8.62955111265182,83.8455311954021,18.6264727115631,922.101862430573,10.6851034760475,271.995506733656,0,221.205081611872,0,389.83711206913,10.3103767633438,125.851259529591,0.687062680721283,892.305018663406,0,161.406780034304,1.4035621881485,1736.65844351053,0,796.096933275461,0,3850.33978679776,1.01104879379272,162.384868294001,0.70596444606781,114.584681332111,8.1563606262207,271.146912544966,1.13866186141968,102.765170007944,1.10615301132202,523.971283614635,0,160.298228770494,68.5029843449593,0.513335287570953,0,113.045073598623,0,97.0971910059452,0,10.6938163638115,0,317.533035695553,0,1.34839046001434,0,218.140235751867,0,64.1995471417904,0,5953.40372955799,0,994.571472883224,0,0,0,32.8404171168804,0,0.573522806167603,0,6.16721975803375,0,10.0878720581532,0,5.95491093397141,0,0,0,0,0,0.669845521450043,0,0,0,0,1.71418118476868,0,0,0,0,0,0
0,107.166257500648,0,11.271309286356,0,1.10000222921371,0,166.479942262173,0,9.69264048337936,0,20.7555332183838,0,65.6477560400963,0,11.3195143938065,0,18.3389776349068,0,3.70024764537811,0,0,0,0.72237491607666,0,1.19036340713501,0,0.583090960979462,0,88.0047276318073,0,0,1.09336030483246,9.16491395235062,35.2304945290089,16.0425383448601,2.20812457799911,828.996071010828,0,146.358735710382,0,150.953674614429,33.7450631260872,255.696296900511,5.80098935961723,270.813435703516,4.21726435422897,481.419745266438,0,213.437143206596,0,1558.1042752862,0,864.874911338091,0,2830.55899602175,0,66.0287953019142,0,111.229199945927,0.784273743629456,87.2890703678131,0,147.656880795956,0,363.391990125179,3.58591240644455,158.079737722874,0,0.999788701534271,0,60.4661650061607,0,367.76327085495,0,53.8881869614124,17.6203021705151,358.087490290403,0,2.25770729780197,0.942112803459167,339.006850898266,0,265.007459163666,0,6501.07797780633,0,1597.42724895477,0,0,0,3.282366335392,0,0,0,1.93430617451668,0,1.27621406316757,0,45.5974515676498,0,0,0,0,0,0,0,0.434853196144104,0,0,0,0,0,0,0,0
0,0,0,0,0,0,0,0,0,0,0,0,0,0,0,0,0,0,0,0,0,0,0,0,0,0,0,0,25.5901280939579,0,0,0,0,0.90414023399353,0,0,215.889901429415,44.5945822298527,166.164209276438,55.7639850080013,19.4656224250793,0.9770427942276,144.519488722086,0,2.56933996081352,0,631.264934629202,0.705713391304016,6.95431381464005,0,236.465969383717,0,196.362858235836,0,363.329002887011,0,0,0,0,0,0,0,0,0,0.806202411651611,0,7.18735361099243,3.62502980232239,0,0,22.0813891887665,11.7650362849236,35.9307713508606,5.47136846184731,128.996984779835,100.919984310865,121.687908530235,101.958278894424,2.42825651168823,0,3.46204501390457,0,6.88087552785873,0,11.3735763430595,0,3.66026923060417,0,32.8404171168804,0,0,819.24607911706,3251.82346433401,110.557103842497,355.055078148842,207.95077252388,2874.29137253761,127.456722378731,3296.46707540751,240.611169308424,815.065113067627,105.489184856415,469.408996760845,434.484930992126,531.45176371932,158.456743866205,487.347587019205,47.8298398256302,27.4511415362358,44.2519856393337,133.783227264881,22.7244525551796,27.9250154495239,5.48507088422775,4.93995183706284,24.7948351204395
0,0,0,0,0,0,0,0,0,0,0,0,0,0,0,0,0,0,0,0,0,0,0,0,0,0,0,0,4.48588299751282,10.5299789309502,0,0,0,0,0,0,280.406619548798,64.070844322443,173.563995689154,91.629918307066,3.23630303144455,2.80856990814209,0,11.1486067175865,0,3.17817217111588,1.88894921541214,171.707831799984,0,0,0,7.14147877693176,0,10.9590328335762,0,10.3328400850296,0,0,0,2.06574177742004,0,0,0,0,0,2.08480906486511,1.2609338760376,0,0,0,43.0676247477531,58.6723026335239,23.3801048398018,28.8509027063847,291.385872632265,141.532860577106,124.601804256439,375.181895583868,0,0,0,1.72600126266479,0,0.675407826900482,0,6.35172247886658,0,6.14518964290619,0,3.282366335392,819.24607911706,0,192.983356237411,2604.74253094196,167.328168570995,1886.80876097083,402.053791582584,1166.20462724566,295.024566948414,2521.21787530184,215.719359874725,337.066618859768,655.18405097723,1259.71745768189,180.267742782831,1049.51138916612,156.710169553757,856.540804088116,97.9571358561516,103.420804083347,366.506837815046,33.4149236679077,124.588944196701,13.1049478650093,93.925341874361,50.5425741672516
0,0,0,0,0,0,0,0,0,0,0,0,0,0,0,0,0,0,0,0,0,0,0,0,0,0,0,0,0.347103506326675,0,0,0,0,0,0,0,67.3869541585445,17.5529192984104,35.0261597037315,9.98088669776917,2.85795572400093,0.664556741714478,0,0,0,0,0.645519614219666,1.07664602994919,0,0,0,0,0,0,0,0,1.54177409410477,0,0,0,0,0,0,0,0,0,0,0,0,0,34.1629179120064,14.8044426441193,9.0838420689106,0.854504823684692,76.6859771311283,54.3638945221901,234.843167185783,69.2401966750622,0,0,0,0,0,0,0,0,0.732387900352478,0,0.573522806167603,0,3251.82346433401,192.983356237411,0,34.1365080177784,584.463242977858,95.1768352091312,843.664062350988,59.4777070581913,291.951705515385,72.0967453420162,1083.90439158678,40.4437294304371,1232.67667666078,173.30704087019,984.016424775124,108.830384463072,332.394721835852,27.1103401780128,78.2289412617683,118.191439986229,263.439671099186,57.0420492291451,125.018546074629,26.8749451637268,21.764220148325,54.4606518149376
0,0,0,0,0,0,0,0,0,0,0,0,0,0,0,0,0,0,0,0,0,0,0,0,0,0,0,0,0,0,0,0,0,0,0,0,67.6619019210339,19.833084076643,29.1548929810524,33.7861752212048,0.460141062736511,1.59065932035446,0,0,0,0,0.405766904354095,10.8532133996487,0,0,0,0,0,0,0,0,0,0,0,0,0,0,0,0,0,0,0,0,0,0,8.55817884206772,39.8566610515118,3.9474290907383,6.77659431099892,84.2202290594578,89.0033937096596,68.5743991136551,338.850749462843,0,0,0,0,0,0,0,0,0,0,0,0,110.557103842497,2604.74253094196,34.1365080177784,0,69.6147928237915,412.598703593016,130.660726010799,204.35524353385,96.2783616781235,200.032087028027,35.4620024561882,289.724334090948,176.05605661869,1401.45530214906,67.1965389847755,930.288127958775,64.6161467432976,238.076661735773,133.566469341516,122.802221298218,352.786363571882,45.115630030632,190.939233094454,68.7673746347427,147.239045351744,42.2798170149326
188.867466151714,19.3156155943871,52.3529722988605,15.5398191213608,0,0,24.6780623197556,8.05910873413086,3.55095008015633,0,2.07138019800186,0,2.51089853048325,0,5.49838262796402,0,1.51063293218613,0.796749591827393,69.8800506591797,12.2125821113586,0,0,13.8329060673714,1.73577451705933,0,0,0,0,21.0238695442677,0,2.08760052919388,1.6324497461319,5.32039803266525,3.13560962677002,5.73225891590118,3.3002450466156,168.335020065308,21.3487876653671,75.2069307863712,14.2663744091988,17.0737292468548,0.683738350868225,26.7243752777576,0.883922398090363,29.7836758494377,0,41.3229496181011,4.67914003133774,19.5869221687317,0,41.2910427153111,0,9.82147607207298,0,6.71746215224266,0,108.705581486225,0,47.54304677248,0.657098054885864,20.007533967495,0,15.9514834284782,0,0,0,43.7844456136227,4.09364593029022,70.1681362092495,0.810098111629486,216.435295522213,43.9246554076672,76.0507649481297,9.35281217098236,207.508877515793,56.2037554979324,661.683896332979,179.933460712433,2.06951642036438,0,15.5830264687538,0,2.18735164403915,0,10.4655912518501,0,11.7404620051384,0,6.16721975803375,0,355.055078148842,167.328168570995,584.463242977858,69.6147928237915,0,113.772066473961,1164.13913589716,36.0503195226192,174.324575185776,48.8856645226479,238.554335862398,21.080772459507,328.572316884995,129.485196501017,736.928403317928,178.809408843517,266.598166376352,27.492876380682,179.437707722187,958.200169920921,335.859876126051,34.9647658467293,74.1800579726696,95.8492323160172,34.9554326832294,135.878465473652
11.415858745575,136.961767375469,4.93750303983688,51.8319910764694,0,0.578820168972015,4.38850045204163,20.0703779160976,0,0.550397098064423,0,7.99519443511963,0,9.92444795370102,1.2857029736042,5.84167924523354,0,4.37059652805328,9.45345205068588,58.1065310835838,0,3.61266112327576,1.52503657341003,17.4523827433586,0,0,0,0.389073729515076,3.77306842803955,1.49237430095673,0.935208678245544,5.07994401454926,0,12.561372756958,3.91264653205872,3.40604764223099,85.5227064490318,112.046867340803,53.3049131035805,34.115059196949,2.46903192996979,5.76149180531502,0.470022946596146,31.7583348453045,0,40.2600243091583,2.40736991167068,82.3622301518917,0,15.5976363420486,0,26.9863393008709,0,3.46576291322708,0,5.901222884655,3.34292054176331,116.931219518185,0,44.1972925066948,0,5.13522893190384,0,15.9114664196968,0,3.50978642702103,1.04124593734741,37.5603405535221,5.75238353013992,50.2188415825367,46.0804882347584,195.55987867713,17.9448864459991,44.5252806842327,87.0170461833477,145.03600487113,105.68635854125,910.046527475119,0,1.9791259765625,0,11.4339241981506,0,0,0,11.2554154098034,0,3.07977867126465,0,1.93430617451668,207.95077252388,1886.80876097083,95.1768352091312,412.598703593016,113.772066473961,0,132.296079039574,698.425721496344,78.130105137825,611.795750528574,49.1210470497608,81.5408014655113,117.652008444071,411.087451606989,116.461000442505,527.550133466721,82.2479280233383,162.176178127527,52.1223187446594,557.171619981527,218.254153966904,27.1854584515095,45.3248137831688,16.5136897563934,25.0449674427509,34.8615594804287
28.7788607776165,1.53982719779015,8.73558861017227,0,0,0,3.7009237408638,0.987251937389374,0,0,2.09250211715698,0,0,0,0,0,1.31648290157318,0,10.1802915334702,1.8202782869339,0,0,0,0,0,0,0,0,9.5372080206871,0,0,0,0,1.26384568214417,3.41045761108398,0.509122252464294,109.57442510128,27.2347322702408,95.6808377802372,12.3730075955391,6.49919819831848,0,16.5724097788334,1.20285868644714,20.973767131567,0,44.8560178875923,3.33338129520416,15.1959128379822,0,33.0839481949806,0,7.03093227744102,0,2.97142732143402,0,18.5995189547539,0,29.1187470555305,0.819008767604828,7.97555810213089,0,1.67893850803375,0,5.07471072673798,1.52202844619751,24.7639055550098,7.81692278385162,11.7422142028809,1.21382653713226,32.2853814661503,14.1403447687626,28.7266440391541,9.86565083265305,78.119739562273,50.9453221261501,438.090660333633,114.121119439602,0,0,9.61855351924896,0,0,0,8.59546822309494,0,1.4291729927063,0,10.0878720581532,0,2874.29137253761,402.053791582584,843.664062350988,130.660726010799,1164.13913589716,132.296079039574,0,110.024759292603,3553.28700920939,117.959750384092,365.382185846567,40.9995432496071,509.665391474962,252.606716394424,618.937548428774,137.040327429771,318.957931727171,54.3546392917633,32.6211236715317,352.647347450256,325.760094970465,50.8838297724724,65.1943645179272,40.7499118447304,16.1804604530334,26.1455259919167
0,1.16301476955414,0,0,0,0,0,0,0,0,0,0,0,0,0,0,0,0,0,0,0,0,0,0,0,0,0,0,1.95274329185486,0,0,0,0,0,0,0,39.1166095733643,14.2918945550919,10.330092728138,24.3776662051678,0,1.25682806968689,2.27652621269226,13.7650430500507,0.635666847229004,15.2062314748764,0,68.8238090276718,0,1.12709510326385,0,2.95776981115341,0,0.953749120235443,0,11.7330293059349,0,1.88248139619827,0,1.9571298956871,0,0,0,0,0,0,0,1.36561205983162,0,1.03092694282532,12.9606862664223,22.7836262583733,6.02287021279335,2.17279320955276,35.8372179269791,19.9913735091686,22.2124269604683,77.3302489221096,0,2.15247941017151,0,0,0,0.474786937236786,0,0,0,0.393108278512955,0,1.27621406316757,127.456722378731,1166.20462724566,59.4777070581913,204.35524353385,36.0503195226192,698.425721496344,110.024759292603,0,55.9927674233913,2429.99509647489,43.804111301899,25.2088393867016,94.671475559473,139.804009199142,49.1947076916695,248.754988670349,45.649026632309,161.08414503932,8.58289948105812,21.198989212513,198.515977621078,26.6809470057487,48.3575763702393,10.5392191410065,9.78128403425217,3.48763045668602
0,0,0,0,0,0,0,0,0,0,0,0,0,0,0,0,0,0,0,0,0,0,0,0,0,0,0,0,8.07164752483368,0,0,0,0,0,0,0,47.5776112377644,22.1457492113113,46.5755843520164,18.8632113039494,3.38742452859879,0,61.4995454549789,0,2.94703882932663,0,121.504707098007,1.41566562652588,0,0,4.40610328316689,0,4.92118805646896,0,39.0756929218769,0,0,0,0,0,0,0,0,0,0,0,1.63319265842438,0,0,0,21.8875118792057,14.0921020209789,5.47657376527786,2.95842713117599,57.2171684205532,42.2426452934742,58.5296076536179,33.7374563217163,0,0,0,0,0.601155459880829,0,0.431487202644348,0,1.44798603653908,0,5.95491093397141,0,3296.46707540751,295.024566948414,291.951705515385,96.2783616781235,174.324575185776,78.130105137825,3553.28700920939,55.9927674233913,0,84.0373794138432,60.9886440932751,41.7681244015694,78.2232728302479,207.14207816124,237.008284389973,78.8786014914513,140.561577141285,24.9589366018772,2.86054652929306,16.5456296205521,160.79071199894,60.5200495123863,14.5308846235275,4.88153946399689,2.75576543807983,13.2804458737373
1.61283004283905,0,0,0,0,0,0,0,0,0,0,0,0,0,0,0,0,0,0,0,0,0,0,0,0,0,0,0,1.8954781293869,38.6225558519363,0,0,0,0,0,1.75176441669464,62.4901497364044,70.5093704164028,35.6633171737194,42.0343653559685,1.80841386318207,26.8351753950119,21.2058337330818,238.783723503351,1.21365737915039,18.6720371842384,0,1017.47111997008,0,19.6476362347603,0,82.530702739954,0,260.30902966857,0,481.047643810511,0,5.19905340671539,0,0,0,0,0,0,0,0,0,4.86636435985565,0,0,18.1577297151089,26.9036275148392,7.04027178883553,63.4609132111073,52.2325246036053,48.4083075225353,21.6551747918129,102.286894500256,0,0,0,11.7651429772377,0,25.5751735270023,0,51.2227258682251,0,22.4429422318935,0,45.5974515676498,240.611169308424,2521.21787530184,72.0967453420162,200.032087028027,48.8856645226479,611.795750528574,117.959750384092,2429.99509647489,84.0373794138432,0,50.7495176792145,46.640859246254,146.364378809929,195.354675471783,64.57223123312,309.506042778492,69.0753699243069,326.815356492996,20.9384820461273,26.419712126255,621.488132596016,72.2622265219688,78.8750371038914,41.2505270838737,11.5470452606678,5.04764825105667
0,0,0,0,0,0,0,0,0,0,0,0,0,0,0,0,0,0,0,0,0,0,0,0,0,0,0,0,1.20138025283813,0,0,0,0,0,0,0,27.5043389499187,15.0657006204128,27.6502805352211,5.33508723974228,2.32392796874046,0,0,0,0,0,0,0,0,0,0,0,0,0,0,0,0,0,0,0,0,0,0,0,0,0,0,0,0,0,22.1135929524899,11.4793495833874,8.95109236240387,1.2276319861412,54.8685030341148,30.9810659885406,125.716329067945,54.1636327803135,0,0,0,0,0,0,0,0,0,0,0,0,815.065113067627,215.719359874725,1083.90439158678,35.4620024561882,238.554335862398,49.1210470497608,365.382185846567,43.804111301899,60.9886440932751,50.7495176792145,0,28.0473868250847,1764.31132760644,159.115593075752,635.125401109457,78.0492113232613,270.131594717503,22.98427516222,21.4200058877468,42.6196892261505,86.8885635435581,15.1044331789017,22.4048768877983,9.61232736706734,11.2296379208565,22.4139781296253
0,0,0,0,0,0,0,0,0,0,0,0,0,0,0,0,0,0,0,0,0,0,0,0,0,0,0,0,0,0,0,0,0,0,0,0,31.2787160277367,5.76276475191116,13.4114296138287,13.9038525819778,0,0,0,0,0,0,0,1.09196710586548,0,0,0,0,0,0,0,0,0,0,0,0,0,0,0,0,0,0,0,0,0,0,5.52980315685272,8.17620000243187,4.67922469973564,4.6012709736824,36.2070125341415,14.7706933319569,15.1404046416283,32.0402347147465,0,0,0,0,0,0,0,0,0,0,0,0,105.489184856415,337.066618859768,40.4437294304371,289.724334090948,21.080772459507,81.5408014655113,40.9995432496071,25.2088393867016,41.7681244015694,46.640859246254,28.0473868250847,0,107.686720699072,1427.55516168475,24.6558406352997,283.127246826887,23.1939419209957,101.280673831701,11.780766159296,10.430808275938,22.4163237810135,1.22399437427521,9.14627227187157,8.94570049643517,12.8157498240471,6.12942934036255
2.46247059106827,0,0,0,0,0,0,0,0,0,0,0,0,0,0,0,0,0,0,0,0,0,0,0,0,0,0,0,1.17196488380432,0,0,0,0,0,0,0,83.4501691460609,16.8114182949066,64.2332746684551,21.2014025449753,2.9603089094162,0,0,0,0,0,0.907329559326172,0.926974803209305,0,0,0.718786656856537,0,0,0,0,0,0,0,0,0,0,0,0,0,0,0,0,0,0.613933145999908,0,31.3691591620445,18.400055706501,13.4817307889462,0.455789506435394,95.3295023739338,63.0244838297367,120.319647014141,92.1692060232162,0,0,0,0,0,0,0,0,0,0,0,0,469.408996760845,655.18405097723,1232.67667666078,176.05605661869,328.572316884995,117.652008444071,509.665391474962,94.671475559473,78.2232728302479,146.364378809929,1764.31132760644,107.686720699072,0,534.678293734789,4537.53339767456,156.451872229576,586.71426692605,48.3527176678181,84.4912446439266,140.29861792922,394.648444056511,88.859722495079,106.909509837627,555.06071460247,226.24156704545,95.9178576171398
0,1.29173755645752,0,0,0,0,0,0,0,0,0,0,0,0,0,0,0,0,0,0,0,0,0,0,0,0,0,0,3.97506600618362,0,0,0,0,0,0,0,131.794571310282,34.8497834801674,66.3439534306526,56.2826209366322,2.96921303868294,3.06433242559433,0,0,0,0,0.460404366254807,6.59986007213593,0,0,0,0,0,0,0,0,0,0,0,0,0,0,0,0,0,0,0,0,0,0,39.7819837331772,38.7789879143238,21.6628355681896,11.5153970122337,151.661473184824,110.098481863737,81.1449687480927,251.255073487759,0,0,0,0,0,0,0,0,0,0,0,0,434.484930992126,1259.71745768189,173.30704087019,1401.45530214906,129.485196501017,411.087451606989,252.606716394424,139.804009199142,207.14207816124,195.354675471783,159.115593075752,1427.55516168475,534.678293734789,0,153.252110540867,4756.72696977854,137.027121931314,566.958869963884,114.304142892361,102.237008929253,300.224400579929,44.0308200120926,159.271424144506,369.525101184845,203.279821127653,39.9311230480671
42.2812984883785,1.76148569583893,11.0941492915154,4.30005097389221,0,0,7.1993727684021,0,0,0,0,0,0,0,0.427782982587814,0,0.780458688735962,0,7.98232543468475,1.99654763936996,0,0,0,0,0,0,0,0,6.07758963108063,0,0,0,0,0.970119535923004,0,0.797499120235443,77.5529974102974,18.9942481219769,23.1221809387207,11.7545576095581,9.47216072678566,1.07961371541023,0,0,0.482485383749008,0,1.4657381772995,4.65725350379944,0,0,0,0,0,0,0,0,13.2403450906277,1.86606132984161,5.52974033355713,0,2.09666329622269,0,0,0,0,0,3.9169634282589,0,9.30505114793777,0,93.3677617609501,31.2727924287319,48.0642139613628,9.37405663728714,158.216487109661,74.6663386523724,487.105384290218,177.502041876316,0,0,0,0,0,0,0,0,0.509001314640045,0,0.669845521450043,0,531.45176371932,180.267742782831,984.016424775124,67.1965389847755,736.928403317928,116.461000442505,618.937548428774,49.1947076916695,237.008284389973,64.57223123312,635.125401109457,24.6558406352997,4537.53339767456,153.252110540867,0,426.674294799566,554.252320051193,37.7418269813061,160.667979538441,160.130178064108,374.366783469915,45.5227586627007,81.443785816431,84.6511242985725,343.117250531912,217.907831788063
11.1818087100983,26.7509073913097,3.08424812555313,11.9617441594601,0,0,1.15727627277374,5.08453500270844,0,0.547098457813263,0,6.38039749860764,0,1.32091593742371,0,0,0,4.63138228654861,2.88383257389069,10.6239190101624,0,0,0,1.9643223285675,0,0,0,0,0,0,0.71807336807251,0.770784258842468,0,0,0,0,53.7375173568726,28.8302636742592,20.1827789247036,22.3858995735645,1.36680775880814,2.45787608623505,0,0.850733280181885,0,2.92225909233093,3.80528450012207,22.3882303535938,0,0,0,0,0,0,0,0,0,19.0779928565025,1.74357151985168,2.07025229930878,0,0,0,1.66126734018326,0,0,1.49123001098633,0,0,4.86265081167221,69.3360834717751,117.867977619171,32.0865741372108,32.0718078613281,102.084267795086,147.082826375961,201.822556346655,599.964661628008,0,0,0,0,0,0,0,0,0,0.96178412437439,0,0,158.456743866205,1049.51138916612,108.830384463072,930.288127958775,178.809408843517,527.550133466721,137.040327429771,248.754988670349,78.8786014914513,309.506042778492,78.0492113232613,283.127246826887,156.451872229576,4756.72696977854,426.674294799566,0,109.380791693926,518.764381617308,254.040044397116,212.709495157003,831.333341747522,92.034559160471,144.777696996927,84.8045502007008,473.064042419195,175.834552317858
30.7411859035492,6.03233969211578,0.751963138580322,0,0,0,2.10628664493561,1.12861454486847,0,0,0,0,0.649017572402954,0,0.536746323108673,0,0,0,2.47109922766685,3.78999328613281,0,0,0,0,0,0,0,0,2.5891380906105,0,0,1.10441195964813,0,2.80747532844543,0,0,45.3420452773571,13.3220982551575,26.9356273412704,4.1144495010376,3.33790200948715,0,1.06176137924194,0,2.00171589851379,0,0,5.66581094264984,0,0,0,0,0,0,0,0,14.6981436014175,4.04277873039246,5.89494717121124,0,0,0,2.17414665222168,0,0,0,1.63979756832123,1.51038289070129,4.52308261394501,0,22.5947979986668,25.6142113506794,9.54964819550514,8.47042071819305,46.1504093408585,43.3829792141914,107.312925249338,118.814740687609,0,2.11568140983582,4.2718231678009,0,1.7042350769043,0,0,0,0.744077265262604,0,0,0,487.347587019205,156.710169553757,332.394721835852,64.6161467432976,266.598166376352,82.2479280233383,318.957931727171,45.649026632309,140.561577141285,69.0753699243069,270.131594717503,23.1939419209957,586.71426692605,137.027121931314,554.252320051193,109.380791693926,0,29.8235670924187,32.6001207232475,47.8728991746902,99.6986989080906,10.8704394996166,21.0290456414223,18.5530229210854,6.44367942214012,53.6727607548237
0,1.55393624305725,0,3.17334353923798,0,0,0,0,0,0,0,0,0,0,0,0,0,0,2.75479483604431,1.52375495433807,0,0,0,0,0,0,0,0,0.787404835224152,0,0,1.40983140468597,0,4.37584376335144,0,0,26.8501818180084,15.118459880352,7.99590760469437,18.9759404063225,0.734572231769562,0,0,0,0,0,2.70136904716492,5.4565646648407,0,0,0,0,0,0,0,0,0,3.05266565084457,0,1.95558029413223,0,0,0,0,0,0.642099618911743,0,0,0,0,19.5886618793011,18.0063098073006,3.19455128908157,4.43233698606491,21.7490456700325,21.4075579941273,34.1737956404686,103.459728240967,0,0,2.36382174491882,0,0,0,0,0,0,0,0,0.434853196144104,47.8298398256302,856.540804088116,27.1103401780128,238.076661735773,27.492876380682,162.176178127527,54.3546392917633,161.08414503932,24.9589366018772,326.815356492996,22.98427516222,101.280673831701,48.3527176678181,566.958869963884,37.7418269813061,518.764381617308,29.8235670924187,0,32.2361771166325,41.4889018535614,130.880782067776,10.6451277732849,18.8288916945457,17.5041571557522,19.9935173690319,30.4728790521622
55.3957116007805,44.5571924448013,30.075434833765,38.4606012701988,0,1.88853770494461,7.13298082351685,29.0219957232475,5.06805109977722,2.80714720487595,1.16808879375458,9.64995229244232,2.76515531539917,3.76048901677132,6.53544241189957,6.32854735851288,1.78131449222565,7.18293929100037,16.178554713726,48.1593009531498,0,0,6.13955003023148,19.1127308607101,0,0,0,0,2.20491671562195,0,0.769967019557953,13.437026143074,3.78883337974548,1.798872590065,0,0,18.9114168286324,5.94169563055038,1.05813211202621,3.9052386879921,8.79586219787598,1.61146932840347,0,0.495660483837128,0.620512008666992,0,0.633026957511902,5.71693721413612,0,0,1.22655361890793,0,0,0,0,0,11.6427602171898,7.00967508554459,0,1.15314972400665,0,0,0,0,0,0,3.36788040399551,0,9.58366546034813,3.00349164009094,87.0750135481358,125.468351453543,19.0606642365456,16.6175703406334,63.4607490301132,94.8164846301079,421.892711043358,471.49442204833,0,0,1.01495862007141,0.608790695667267,0,0,0,0,0,0,0,0,27.4511415362358,97.9571358561516,78.2289412617683,133.566469341516,179.437707722187,52.1223187446594,32.6211236715317,8.58289948105812,2.86054652929306,20.9384820461273,21.4200058877468,11.780766159296,84.4912446439266,114.304142892361,160.667979538441,254.040044397116,32.6001207232475,32.2361771166325,0,294.793864011765,285.282967269421,58.7435864806175,167.084219574928,311.900557875633,100.523867160082,224.814000397921
52.064545750618,32.1931814551353,16.2779799997807,25.9971942603588,1.2060287296772,0.500956356525421,11.6016314923763,12.9423095583916,0.527560889720917,2.56919234991074,1.11377596855164,1.22622346878052,0.761565387248993,1.30246233940125,3.04560053348541,3.19520050287247,0,2.68319016695023,38.3354349136353,35.0252921581268,0,0,4.48654097318649,12.3579520881176,0,0,0,0,7.7199487388134,0,2.46961259841919,6.90755450725555,0,4.737897336483,1.4695115685463,1.85119915008545,60.6860834360123,26.4880980849266,12.5305888652802,2.12778007984161,3.54843389987946,1.55582186579704,9.89619126915932,0.832943975925446,14.0639090538025,1.83284366130829,90.2833757698536,91.9829407334328,9.28812173008919,6.33817160129547,22.9392672181129,1.71740400791168,5.42169705033302,0,0.881078541278839,0,41.8704430758953,12.1775388121605,17.2125397622585,2.93060684204102,5.22358471155167,0,6.23249650001526,1.11367297172546,0,0,14.0020245611668,1.37518793344498,25.3542238473892,7.37623900175095,65.5946303009987,85.031774699688,34.4426387548447,15.0499517917633,92.0567451119423,64.6580514907837,988.726963192225,1373.79480591416,0,0,11.9814090132713,1.38285517692566,0,0,1.63270825147629,1.45685184001923,1.24838310480118,0,1.71418118476868,0,44.2519856393337,103.420804083347,118.191439986229,122.802221298218,958.200169920921,557.171619981527,352.647347450256,21.198989212513,16.5456296205521,26.419712126255,42.6196892261505,10.430808275938,140.29861792922,102.237008929253,160.130178064108,212.709495157003,47.8728991746902,41.4889018535614,294.793864011765,0,732.141316652298,48.2564724683762,204.034353494644,342.493678212166,128.654211848974,256.659526109695
1.40453958511353,0,0,0,0,0,0,0,0,0,0,0,0,0.984125256538391,0,0,0,0,0,0,0,0,0,0,0,0,0,0,0,0,0,0,0,2.85649967193604,0,0,30.061322927475,11.7415230870247,13.4367301762104,9.04307639598846,0,0.81502765417099,0,0,0,0,0,3.87252807617188,0,0,0,0,0,0,0,0,0,0,0,0,0,0,0,0,0,0,0,0,0.747811317443848,0,6.2162943482399,8.4920619726181,1.45810973644257,3.72301918268204,29.1339312195778,18.6297009587288,43.8140363097191,76.4193888604641,0,0,0,0,0,0,0,0,0,0,0,0,133.783227264881,366.506837815046,263.439671099186,352.786363571882,335.859876126051,218.254153966904,325.760094970465,198.515977621078,160.79071199894,621.488132596016,86.8885635435581,22.4163237810135,394.648444056511,300.224400579929,374.366783469915,831.333341747522,99.6986989080906,130.880782067776,285.282967269421,732.141316652298,0,438.560602664948,762.388412237167,793.826513409615,239.067220121622,307.77224868536
0,0,0,0,0,0,0,0,0,0,0,0,0,0,0,0,0,0,0,0,0,0,0,0,0,0,0,0,0,0,0,0,0,0,0,0,0.634482741355896,0,0,0,0,0,0,0,0,0,0,0.48262032866478,0,0,0,0,0,0,0,0,0,0,0,0,0,0,0,0,0,0,0,0,0,0,0,1.23744744062424,0,0.985337376594543,2.00234168767929,1.24355918169022,9.64907196164131,13.5695041418076,0,0,0,0,0,0,0,0,0,0,0,0,22.7244525551796,33.4149236679077,57.0420492291451,45.115630030632,34.9647658467293,27.1854584515095,50.8838297724724,26.6809470057487,60.5200495123863,72.2622265219688,15.1044331789017,1.22399437427521,88.859722495079,44.0308200120926,45.5227586627007,92.034559160471,10.8704394996166,10.6451277732849,58.7435864806175,48.2564724683762,438.560602664948,0,312.017383158207,344.895785570145,69.6120089590549,48.0475122332573
0,0,0,0,0,0,0,0,0,0,0,0,0,0,0,0,0,0,0,0,0,0,0,0,0,0,0,0,0,0,0,0,0,0,0,0,5.93975520133972,2.81068098545074,1.65883445739746,1.97973906993866,0.572772920131683,0,0,0,0,0,0,2.38172733783722,0,0,0,0,0,0,0,0,0,1.18011701107025,0,0,0,0,0,0,0,0,0,0,0,0,2.61126762628555,6.8235692679882,0,0,4.50816828012466,4.79644775390625,20.8243982195854,39.2954048812389,0,0,0,0,0,0,0,0,0,0,0,0,27.9250154495239,124.588944196701,125.018546074629,190.939233094454,74.1800579726696,45.3248137831688,65.1943645179272,48.3575763702393,14.5308846235275,78.8750371038914,22.4048768877983,9.14627227187157,106.909509837627,159.271424144506,81.443785816431,144.777696996927,21.0290456414223,18.8288916945457,167.084219574928,204.034353494644,762.388412237167,312.017383158207,0,353.238975405693,100.272202074528,142.151716023684
0,0.835516512393951,0,1.3120414018631,0,0,0,0,0,0,0,0,0,0,0,0,0,0,0,0,0,0,0,0,0,0,0,0,0,0,0,0,0,0,0,0,4.5216600894928,1.01100885868073,0.917924821376801,0.418369770050049,0,0,0,0,0,0,0,0.679107904434204,0,0,0,0,0,0,0,0,0.719051361083984,0,1.07048046588898,0,0,0,0,0,0,0,0,0,0.843818247318268,0,6.76286947727203,7.0788988173008,0.51211816072464,0.884947180747986,5.59364035725594,5.29039740562439,30.3656579256058,42.4440662264824,0,0,0,0,0,0,0,0,0,0,0,0,5.48507088422775,13.1049478650093,26.8749451637268,68.7673746347427,95.8492323160172,16.5136897563934,40.7499118447304,10.5392191410065,4.88153946399689,41.2505270838737,9.61232736706734,8.94570049643517,555.06071460247,369.525101184845,84.6511242985725,84.8045502007008,18.5530229210854,17.5041571557522,311.900557875633,342.493678212166,793.826513409615,344.895785570145,353.238975405693,0,615.008271932602,370.091342568398
0,0,0,0,0,0,0,0,0,0,0,0,0,0,0,0,0,0,0,0,0,0,0,0,0,0,0,0,0,0,0,0,0,0,0,0,2.26511144638062,4.95651143789291,0,1.1363333761692,0,0,0,0,0,0,0.726584076881409,1.28674545884132,0,0,0,0,0,0,0,0,0,1.3744010925293,0,0,0,0,0,0,0,0,0,0,0,0,0.424625962972641,3.13759434223175,0.883924782276154,1.05752348899841,3.44913172721863,5.34486120939255,12.3934933841228,35.8086180686951,0,0,0,0,0,0,0,0,0,0,0,0,4.93995183706284,93.925341874361,21.764220148325,147.239045351744,34.9554326832294,25.0449674427509,16.1804604530334,9.78128403425217,2.75576543807983,11.5470452606678,11.2296379208565,12.8157498240471,226.24156704545,203.279821127653,343.117250531912,473.064042419195,6.44367942214012,19.9935173690319,100.523867160082,128.654211848974,239.067220121622,69.6120089590549,100.272202074528,615.008271932602,0,142.398838996887
15.5437052249908,7.52610778808594,6.41992557048798,7.48368418216705,0.538748145103455,0,2.75541007518768,3.62353789806366,0.473301887512207,0,1.48622000217438,2.62640392780304,0,0.550686478614807,3.18133109807968,2.2723525762558,0,1.50664114952087,11.5754053592682,8.18069127202034,0,0,0,4.1326402425766,0,0,0,0,1.90315854549408,0,0,1.33464115858078,1.26926445960999,0,0,0,18.7614468932152,7.18358117341995,4.57224559783936,4.72067296504974,4.54654604196548,2.68379896879196,0,0,0.941924750804901,0,0.856411278247833,1.36897069215775,0,0,0,0,0,0,0,0,7.71212732791901,0.979526817798615,0,0,0,0,0,0,0,0,0.521030724048615,0,3.39200270175934,0.636417388916016,34.9585331082344,34.9546871483326,14.158441901207,6.43421459197998,48.9203121364117,38.5906663537025,120.323477476835,117.578798294067,0,0,0,0,0,0,0,0,0,0,0,0,24.7948351204395,50.5425741672516,54.4606518149376,42.2798170149326,135.878465473652,34.8615594804287,26.1455259919167,3.48763045668602,13.2804458737373,5.04764825105667,22.4139781296253,6.12942934036255,95.9178576171398,39.9311230480671,217.907831788063,175.834552317858,53.6727607548237,30.4728790521622,224.814000397921,256.659526109695,307.77224868536,48.0475122332573,142.151716023684,370.091342568398,142.398838996887,0
