0,416.442657411098,5315.60035163164,241.157792270184,1.11732971668243,0,4290.41672748327,346.166445195675,5.98601594567299,0,2337.27104070783,15.5064997673035,2813.43047332764,3.63823157548904,26.2120155096054,0,307.439314186573,4.99426239728928,1246.45933231711,1387.70155638456,0,0,25.5339950323105,21.5740849375725,0,0,0,0,782.766287356615,5.26426011323929,16.6037653982639,17.3210896253586,30.6981588602066,304.003966122866,0,0.664677500724792,225.289767682552,0,183.41002869606,0,0,0,1.1073876619339,0,0,0,5.34343683719635,0,14.8643196225166,0,213.359223544598,0,1.84280288219452,0,3.82271444797516,0,10799.0601121783,40.7176263928413,753.157850056887,0,1185.94884771109,0,122.905322134495,3.89569520950317,1026.61829066277,2.83123591542244,83.6863087117672,33.6892127990723,915.896110475063,100.70144367218,3727.82114571333,213.814731925726,1966.46217849851,105.66129052639,828.237319916487,35.569224357605,4685.83703055978,287.122256100178,4.74219369888306,0,20.4934789538383,0,22.1927503943443,0,528.959652841091,0,0,0,130.273108124733,0,0,0,0,0,98.03988301754,0,32.5719205737114,0,0,0,0,0,0.483570992946625,0,4.96835839748383,0.86282342672348,0,0,0.844732224941254,0,0,0,1.08590996265411,0,0,0
416.442657411098,0,329.33667165041,3903.98341807723,0,8.98460388183594,33.8067357540131,5577.01377439499,0,1.64551830291748,4.85584351420403,2775.26431384683,4.12837761640549,834.260176450014,0,16.1238082647324,2.62190395593643,782.75918251276,1007.20948031545,1555.31909072399,0,0,1.39347016811371,71.0912011563778,0,0.989386796951294,0,0,23.8649142980576,251.676869034767,15.7910517454147,17.31141102314,156.719314217567,131.936913579702,1.62861454486847,1.86901879310608,9.07405924797058,131.438818275928,1.55421268939972,122.342568397522,0,1.11673218011856,0,0,0,1.88490027189255,0,22.8811480402946,0,15.9609071612358,0,62.3729904294014,0,0,0,0,275.233251035213,9882.00453472137,3.82186365127563,280.048622518778,6.8445782661438,1312.54242357612,2.02128410339355,312.138120859861,0.964927136898041,562.955714166164,94.5868798792362,70.0275221765041,232.14319345355,400.015418082476,213.036066293716,2613.19547328353,74.9863224923611,2957.12417885661,15.2374623417854,735.293345481157,360.484432935715,4553.84744971991,0,3.03694185614586,3.14168500900269,31.2380695044994,0,0,0,265.173199623823,0,0,0,77.5186607837677,0,0,0,0,3.43391662836075,168.728765755892,0,1.27216458320618,0,0,0,0,0,0,0,7.42061313986778,0,0,19.5881189107895,9.76742845773697,1.33802568912506,0,0,0,0,0.836913824081421
5315.60035163164,329.33667165041,0,638.327877938747,1042.52707618475,17.0852370262146,11610.3669480085,814.31351146102,295.347800850868,26.165121525526,833.260410040617,74.9241661727428,1957.8486969173,78.4865519702435,379.11630782485,19.4656258225441,105.323772311211,2.19507074356079,3161.46630007029,927.015057444572,0,0,3236.57783788443,1414.8562514782,98.5410480797291,34.932124376297,3.18209511041641,4.26659062504768,1149.75884518027,11.7863814234734,164.238787204027,495.994640380144,183.728062719107,613.263313144445,5.43822079896927,0.756679534912109,134.734396278858,0.752296984195709,52.8258596658707,1.5821578502655,4.98915660381317,0,0,0,0.560682535171509,0,5.40011814236641,0,4.0897628068924,0,49.3434920907021,0,0,0,0,0,782.534756809473,12.8444982171059,456.040306806564,0,105.366705596447,0,12.139898121357,0,64.2456322908401,0,442.224803596735,15.8983608186245,607.160500138998,23.0034284591675,3544.11061629653,756.27777826786,1995.95419067144,283.070035517216,1036.93707123399,109.029065430164,4029.53575780988,293.596387267113,0.423901051282883,0,7.71789574623108,0,28.0453069806099,0,28.386643409729,1.47932696342468,0,0,1.40339708328247,0,0,0,0,0,94.545051574707,0,14.8927055299282,0,0,0,0,0,0,0,3.84349754452705,0.707394540309906,0,0,3.90469878911972,0.989965677261353,0,0,0,0,0,0.74360191822052
241.157792270184,3903.98341807723,638.327877938747,0,68.5756521522999,585.281309396029,388.176010370255,17533.3334181011,22.089781165123,236.873998165131,16.6248364448547,827.619131565094,70.8922712802887,771.108732908964,40.0304149985313,386.508809655905,1.20053327083588,230.193554490805,672.164813250303,4603.09790375829,1.90932387113571,0.933134704828262,836.008042007685,3827.87128698826,75.8083334565163,412.443920642138,9.55234271287918,22.0414591729641,67.9247107803822,293.973661273718,215.262142121792,281.774133503437,187.793680340052,210.34864962101,1.60458022356033,2.3464979827404,1.10037297010422,67.639978826046,0,52.4724798202515,0,6.77489095926285,0,0.606605589389801,0,7.47311282157898,0,9.6841824054718,0,8.49266612529755,0,9.81862550973892,0,0,0,0,83.4550546109676,321.155368447304,0,53.9119791686535,0,98.7619935274124,0,68.9938731193542,0,109.434211075306,23.6088600754738,57.4399003088474,140.794897764921,36.0911175310612,613.006203114986,2569.70371291041,152.163268834352,2616.46945178509,41.0398521721363,874.061849206686,216.416020303965,3147.63135051727,0,2.24695515632629,0,19.1504370570183,0,0,0,46.2264793515205,0,0,0,5.66499820351601,0,0,0,0,1.61989259719849,56.9101210832596,0,0,0,0,0,0,0,0,0,3.5916188955307,0,0,26.93580275774,8.75765258073807,0,0,0,0,0,5.44905412197113
1.11732971668243,0,1042.52707618475,68.5756521522999,0,86.651697665453,353.030688077211,41.4098239243031,2338.31473177671,54.6568114757538,0.710059583187103,0,23.214532405138,3.04667043685913,2002.42284080386,53.6581562459469,0,0,4.23602363467216,0,236.449071228504,42.6008860468864,270.839692622423,292.917182028294,407.963145792484,365.821584701538,788.276826113462,132.67157125473,600.625484079123,5.28571504354477,193.725102931261,302.542183369398,8.86085176467896,18.6815155446529,1.51198840141296,0,19.3141960501671,0,1.98469978570938,0,97.6482481956482,1.5039439201355,0.549390077590942,0,0,0,8.87712055444717,0,0,0,0.830810964107513,0,0,0,4.80672451853752,0,0,0,0,0,0,0,0,0,0,0,0,0,0,0,1028.22088474035,197.174575328827,919.056088596582,50.614601701498,55.2683108448982,0.92336106300354,180.115530967712,0,0,0,0.990831077098846,0,11.5308670699596,0,10.5869100689888,0,16.5005442500114,0,19.3870826661587,0,0,0,0,0,1.8369642496109,0,0,0,0,0,0,0,0,0,0,0,0,0,0,0,0,0,0,0,0,0
0,8.98460388183594,17.0852370262146,585.281309396029,86.651697665453,0,8.20007768273354,504.056356877089,17.0126868486404,2543.30191504955,0,6.32462012767792,1.52261459827423,16.1591458618641,39.2534845471382,1018.86729636788,0,1.37204647064209,0,2.30821132659912,12.9313080012798,559.741215616465,93.718626588583,82.2775203585625,78.2490875422955,565.68305426836,36.1302308142185,1868.83102756739,5.01652818918228,319.583783298731,59.6673144698143,106.82819634676,1.33894550800323,2.82218658924103,0,0.555560886859894,0,9.68194174766541,0,0.693112432956696,0,332.517811834812,0,0,0,0,0,0,0,0,0,0,0,0,0,3.97367566823959,0,0.529417932033539,0,0,0,0,0,0,0,0,0,0,0,0,160.953542023897,805.810090839863,11.3050038218498,959.956427454948,0,51.6443172991276,0,42.8427973091602,0,0,0,0.782831192016602,0,38.1448837518692,0,8.96583646535873,0,3.93816345930099,0,0.892257392406464,0,0,0,0,0,0.509327948093414,0,0,0,0,0,0,0,0,0,0,0,0,3.45028501749039,0,0,0,0,0,0,0
4290.41672748327,33.8067357540131,11610.3669480085,388.176010370255,353.030688077211,8.20007768273354,0,718.108888864517,667.261165648699,7.8477098941803,674.18173673749,110.38130325079,5388.24711245298,75.4147509038448,260.141572952271,7.82793653011322,16.6517670154572,2.19476211071014,349.516717970371,387.412281066179,0.645723938941956,0,454.049666106701,810.992644399405,4.51692217588425,6.12956547737122,0,0,479.453436166048,14.0834474861622,44.0576737523079,160.375224649906,29.4067170023918,359.431002646685,1.83900558948517,0,39.6497738957405,1.52428340911865,3.2523068189621,0,0,0,0,0,0.54733544588089,0,5.90514871478081,0,9.00616097450256,0,355.719761371613,0,1.0131801366806,0,1.27643990516663,0,413.20333597064,0,395.088956296444,0,531.346804708242,0,24.8863960504532,0,1077.52318382263,0,143.091696321964,0.773880422115326,25.2621622085571,1.54086518287659,4174.7481097877,489.125901758671,790.01511874795,155.971018821001,497.28931593895,64.7639102339745,1704.63177159429,117.004025965929,0,0,4.73176366090775,0,3.69811540842056,0,109.115770757198,0,0,0,11.228407740593,0,0,0,0,0,22.3575409948826,0,1.0446971654892,0,0,0,0,0,0,0,0,0,0,0,5.00672245025635,3.67970633506775,0.952999114990234,0,0,0,0,0
346.166445195675,5577.01377439499,814.31351146102,17533.3334181011,41.4098239243031,504.056356877089,718.108888864517,0,8.25406110286713,1075.76828488708,61.9654195308685,2479.01025223732,180.577331960201,5156.71016672254,13.9129205942154,578.448858112097,3.12617766857147,83.1327005028725,1036.95564621687,766.387439787388,0.612603962421417,0.614649415016174,961.085337311029,997.407048463821,18.7266391217709,97.6449387669563,4.41591596603394,21.8581308722496,101.463515907526,218.838579803705,143.401069968939,102.408610701561,291.173113405704,49.2465845346451,0,0.918220102787018,2.43214800953865,22.8542046546936,0,5.46243584156036,0,1.02913999557495,0,0,0,0.731787979602814,0,10.5738932192326,0,34.392236739397,0,91.0995196402073,0,0,0,0,77.9087156653404,772.042062789202,1.30991458892822,97.3676188588142,0,693.296057969332,0,126.101154208183,0,853.209728896618,0.530331611633301,4.68667966127396,14.5279852747917,2.56906235218048,838.104238301516,4253.50684532523,181.588535964489,1518.95450726151,95.3737771511078,581.018658161163,285.165458142757,2018.21462067962,0,2.9917625784874,0,17.0827563405037,0.555461525917053,0,0,466.47851780057,0,0,0,65.1434115171432,0,0,0,0,0,27.9996750950813,0,0,0,0,0,0,0,0,0,7.12975531816483,0,0,17.9316681027412,0,0,0,0,0,0,2.61108666658401
5.98601594567299,0,295.347800850868,22.089781165123,2338.31473177671,17.0126868486404,667.261165648699,8.25406110286713,0,19.5174897909164,2.84668946266174,0,109.633435815573,0.821216523647308,2936.2403126061,16.5714229345322,0,0,1.05076026916504,0,51.7937987446785,0.896729648113251,46.1910724341869,108.704432070255,26.9692958593369,67.3758421242237,103.593278408051,18.9788128733635,287.856281131506,1.38013172149658,27.2082930207253,65.371958553791,0,0.528246641159058,0,0,7.85927319526672,0,0,0,24.3759508728981,1.24742698669434,0,0,0,0,2.15432161092758,0,0,0,0,0,0,0,0,0,0,0,0,0,0,0,0,0,0,0,0,0,0,0,807.047324359417,58.4955870807171,663.796007394791,15.8996294140816,56.2620220184326,2.33297038078308,171.6818600595,0,0,0,0.640971183776855,0,6.43170535564423,0,0.911543071269989,0,3.05745959281921,0,6.20767015218735,0,0,0,0,0,3.30765068531036,0,0,0,0,0,0,0,0,0,0,0,0,0,0,0,0,0,0,0,0,0
0,1.64551830291748,26.165121525526,236.873998165131,54.6568114757538,2543.30191504955,7.8477098941803,1075.76828488708,19.5174897909164,0,0,7.99408534169197,0.789632380008698,158.696032375097,36.4530481994152,2209.49632880092,0,1.06413972377777,0,0,3.86210268735886,73.4823604226112,82.7883366346359,61.873041510582,67.6615836024284,167.262180000544,15.7689297497272,590.132550060749,4.38765722513199,199.582054883242,42.8416164517403,78.6007343530655,0,4.03050115704536,0,0,0,10.0751959383488,0,0,0,73.7211681008339,0,0,0,0,0,0,0,0,0,0,0,0,0,3.12174332141876,0,0,0,0,0,0,0,0,0,0,0,0,0,0,104.990686476231,931.690270215273,10.5143578648567,1011.00539061427,0,77.4359530806541,0,126.821854710579,0,0,0,1.74481022357941,0,6.08459836244583,0,4.0149097442627,0,0,0,2.50990378856659,0,0,0,0,0.384446918964386,0,0,0,0,0,0,0,0,0,0,0,0,0,3.48865586519241,0,0,0,0,0,0,0
2337.27104070783,4.85584351420403,833.260410040617,16.6248364448547,0.710059583187103,0,674.18173673749,61.9654195308685,2.84668946266174,0,0,9.46541810035706,2129.38514956832,3.53350806236267,25.9246500730515,0,525.812751471996,0,507.007944017649,130.31666174531,0,0,72.4035862982273,28.814829647541,0,0,0,0,752.859630346298,0,23.3544251322746,25.0984402894974,31.6715840101242,101.298660039902,2.99390897154808,0,14.8329504728317,0,4.50266021490097,0,0.62832498550415,0,0,0,0,0,0,0,0,0,39.2673463225365,0,0,0,3.66374254226685,0,828.919099330902,0,73.9691510796547,0,653.423046469688,0,292.251071035862,0,354.335495531559,0,38.2958042323589,0,18.8600272536278,0,408.691461950541,40.5958043038845,176.327487647533,10.3266996145248,45.6198923587799,6.82524800300598,258.439110696316,14.1468430757523,6.60709828138351,0,163.726867675781,0,85.7939845919609,0,797.20912361145,0,0,0,166.47373521328,0,0,0,0,0,4.60640645027161,0,0,0,0,0,0,0,0,0,0,0,0,0,1.05111789703369,0,0,0,0,0,0,0
15.5064997673035,2775.26431384683,74.9241661727428,827.619131565094,0,6.32462012767792,110.38130325079,2479.01025223732,0,7.99408534169197,9.46541810035706,0,22.9487417936325,2857.52186754346,0,138.127370655537,0,540.515605926514,207.594633638859,741.448926448822,0,0,110.505513817072,462.56608992815,0,2.08771592378616,0,0,15.4128230214119,828.138996839523,33.7080904245377,61.5218163132668,73.6793930828571,69.3301062583923,0,1.20651641488075,2.01587891578674,4.55232721567154,0,0,0,0,0,0,0,1.21536207199097,0,0,0,1.08976459503174,0,4.42815190553665,0,0,0,0,3.09309005737305,392.631269335747,0,46.9500015079975,0,501.533227235079,0,320.75107255578,0,207.09942856431,0,12.4388400316238,0,4.35589045286179,82.499959051609,703.578273057938,26.2696349620819,616.552451819181,5.63119375705719,100.207478523254,31.7699176371098,264.347758680582,0,0,0,55.933836132288,0,0,0,341.369458675385,0,0,0,82.3060711026192,0,0,0,0,0,3.29469549655914,0,0,0,0,0,0,0,1.10675513744354,0,0.804119288921356,0,0,4.25897598266602,0,0,0,0,0,0,1.49515527486801
2813.43047332764,4.12837761640549,1957.8486969173,70.8922712802887,23.214532405138,1.52261459827423,5388.24711245298,180.577331960201,109.633435815573,0.789632380008698,2129.38514956832,22.9487417936325,0,13.5127365589142,2010.48856806755,1.60271638631821,67.4726151227951,0,683.883293330669,100.764632672071,0.671311616897583,0,593.859668463469,186.317377001047,4.62486797571182,0.845693647861481,0,0,2019.14058974385,1.62418013811111,97.7593735456467,74.8446481227875,147.517278283834,192.852629989386,6.53927606344223,0,11.4759768843651,0,3.79728627204895,0,0,0,0,0,0,0,3.59289747476578,0,0.745767116546631,0,59.322542309761,0,0,0,0,0,480.607267439365,0,48.4090734124184,0,459.769579350948,0,293.463328629732,0,476.797756791115,0,32.1380280554295,0,27.3766113817692,0,2272.84897047281,146.923974007368,554.421426594257,42.6607010960579,211.575349092484,13.2284470796585,605.052346438169,14.4122727513313,7.56464451551437,0,164.163528561592,0,4.85676902532578,0,741.923551738262,0,0,0,130.412357985973,0,0,0,0,0,3.55516225099564,0,0.642151772975922,0,0,0,0,0,0,0,1.93888652324677,0,0,0,0.736288130283356,0,0,0,0,1.65745937824249,0,0
3.63823157548904,834.260176450014,78.4865519702435,771.108732908964,3.04667043685913,16.1591458618641,75.4147509038448,5156.71016672254,0.821216523647308,158.696032375097,3.53350806236267,2857.52186754346,13.5127365589142,0,0.562151908874512,2235.99102109671,0,80.0426721572876,28.2964706122875,171.099191695452,0,0,171.177157759666,493.137416869402,3.20866000652313,13.5082842707634,1.25544667243958,1.0569783449173,12.3294001221657,1289.12495547533,32.0172271132469,45.4213829934597,28.0633497834206,24.847539126873,0,1.06182599067688,0,4.44867372512817,0,0.822747111320496,0,0,0,0,0,0,0,1.28059792518616,0,0,0,0,0,0,0,0,0,71.4531395435333,0,11.5990346074104,0,219.103988111019,0,230.088336527348,0,86.3761321306229,0,1.79895162582397,0,1.47350054979324,121.241059988737,1743.95603808761,12.2517881393433,869.243972629309,2.2707205414772,134.551114201546,4.81490391492844,263.05465772748,0,0,0,55.9991400837898,0,0,0,79.9870023131371,0,0,0,3.07362788915634,0,0,0,0,0,1.74272978305817,0,0,0,0,0,0,0,0,0,2.06100028753281,0,0,1.15994715690613,0,0,0,0,0,0,0
26.2120155096054,0,379.11630782485,40.0304149985313,2002.42284080386,39.2534845471382,260.141572952271,13.9129205942154,2936.2403126061,36.4530481994152,25.9246500730515,0,2010.48856806755,0.562151908874512,0,30.6952955126762,1.71858769655228,0,26.4037856459618,1.20931529998779,135.585229814053,29.4759033918381,168.167000025511,135.505086243153,255.585313349962,254.70228484273,472.421796411276,107.076240301132,3189.32561162114,0.866646885871887,181.522076785564,143.792087197304,4.90404838323593,4.29061728715897,0,0,16.599325299263,0,1.80657339096069,0,18.7163202166557,0,0,0,0,0,14.2332239151001,0,0,0,0,0,0,0,3.28974938392639,0,25.2114797830582,0,0,0,4.17563205957413,0,4.79625332355499,0,2.53033876419067,0,0,0,0,0,2290.92578351498,139.536391466856,1492.10567998886,16.6103346943855,146.428033292294,1.52694547176361,431.904461234808,0,0,0,7.12875610589981,0,39.675296664238,0,15.2508024275303,0,14.3670210540295,0,19.5739324688911,0,0,0,0,0,6.02395415306091,0,0,0,0,0,0,0,0,0,0.785614848136902,0,0,0,0,0.852518081665039,0,0,0,0,0,0
0,16.1238082647324,19.4656258225441,386.508809655905,53.6581562459469,1018.86729636788,7.82793653011322,578.448858112097,16.5714229345322,2209.49632880092,0,138.127370655537,1.60271638631821,2235.99102109671,30.6952955126762,0,0,31.1870882511139,0,15.651513338089,3.69446015357971,70.1924003064632,86.4967653751373,196.660514950752,64.316128641367,171.890814006329,12.9665078818798,270.638144761324,0.596812069416046,1744.90586858988,44.2326798439026,134.849488645792,1.86799901723862,7.7096089720726,0,0.497950464487076,0,23.8315788507462,0,0,0,123.218037039042,0,0,0,0,0,5.73672753572464,0,0,0,0,0,0,0,15.1772791147232,0,3.45075112581253,0,0,0,4.03203749656677,0,16.2114040255547,0,6.93068444728851,0,3.85690808296204,0,0,125.640303641558,1982.74500963092,5.95573967695236,2193.58036094904,2.79666876792908,178.171362519264,2.41126906871796,316.846688061953,0,0,0,17.8779779076576,0,26.8028277158737,0,24.6122210621834,0,6.58722537755966,0,3.04604822397232,0,0,0,0,0,3.46176093816757,0,0,0,0,0,0,0,0,0,1.78437525033951,0,0,8.47613072395325,0,0,0,0,0,0,0
307.439314186573,2.62190395593643,105.323772311211,1.20053327083588,0,0,16.6517670154572,3.12617766857147,0,0,525.812751471996,0,67.4726151227951,0,1.71858769655228,0,0,0,57.054061293602,22.8606475293636,0,0,0,0,0,0,0,0,2209.94181829691,0,3.11654287576675,0,6.2541578412056,8.54134941101074,0,0,5.4140517115593,0,7.33103746175766,0,0,0,0,0,0,0,0,0,1.42897194623947,0,4.16335755586624,0,0,0,0,0,2130.19661125541,13.0815496146679,111.945162951946,1.39604890346527,435.577745050192,0,1024.43369168043,1.86765390634537,68.8808208703995,1.55493259429932,37.9404033720493,8.9789223074913,43.7517377734184,9.91936945915222,152.534398764372,10.1586112082005,137.392334669828,0.572157382965088,17.8948644399643,0,165.41147044301,12.5229197144508,364.371597141027,0,814.63950291276,0,69.1608754992485,0,159.802287101746,0,0,0,26.777397274971,0,0,0,0,0,1.37948906421661,0,0,0,0,0,0,0,0,0,0,0,0,0,0,0,0,0,0,0,0,0
4.99426239728928,782.75918251276,2.19507074356079,230.193554490805,0,1.37204647064209,2.19476211071014,83.1327005028725,0,1.06413972377777,0,540.515605926514,0,80.0426721572876,0,31.1870882511139,0,0,25.524179905653,289.453955620527,0,0,0,31.4995710849762,0,0.750058472156525,0,0,0,2380.6510258615,2.15409058332443,5.04914200305939,11.5474660992622,17.0064694881439,1.08734929561615,0,0,8.9821452498436,0,1.97763395309448,0,0,0,0.411441445350647,0,0,0,0,0,3.43294176459312,0,3.82127803564072,0,0,0,0,13.1080642342567,1917.80618575215,3.00818848609924,43.622655570507,1.42399388551712,290.80919662118,1.36384463310242,1317.88195428252,0,34.8212004899979,9.74856930971146,7.52830761671066,11.2379018068314,33.3721900582314,7.22229009866714,150.303525686264,2.57987582683563,1229.6035990417,2.73435699939728,57.982190489769,20.4844065904617,140.157409757376,0,264.903898328543,0,699.478335916996,0,5.22116628289223,0,39.1322681605816,0,1.65972679853439,0,6.05565905570984,0,0,0,0,0,1.19645762443542,0,0,0,0,0,0,0,0,0,1.43483150005341,0,0,0,1.4799417257309,0,0,0,0,0,0
1246.45933231711,1007.20948031545,3161.46630007029,672.164813250303,4.23602363467216,0,349.516717970371,1036.95564621687,1.05076026916504,0,507.007944017649,207.594633638859,683.883293330669,28.2964706122875,26.4037856459618,0,57.054061293602,25.524179905653,0,4131.54571118951,0,0,1479.63919785619,361.547607094049,2.19290435314178,0,0,0,332.976488053799,31.9719549417496,359.742410361767,181.448782444,3208.41255998611,1751.64839145541,18.9392744898796,1.40031135082245,65.0174464285374,1.96977216005325,27.6983337402344,3.42604613304138,0,0,7.03456827998161,0,0.927818298339844,0,6.55969876050949,0.761157810688019,0,0,3.26460200548172,0,0,0,0,0,186.964675068855,45.5270410478115,62.8280002474785,0,22.1631790995598,0,4.01141381263733,0,15.9478923082352,3.40093630552292,431.276527404785,86.7247732579708,1474.77754682302,107.880698978901,1319.16531911492,771.870172709227,643.581388473511,524.743894904852,564.096838474274,189.950339138508,2504.43995553255,1063.22549659014,0,0,0.680665194988251,0,11.6291525363922,0,3.5379644036293,0,0,0,0,0,0,0,0,0,51.8590133786201,0,8.40122014284134,0,0,0,0,0,0,0,4.74204915761948,0,0,0,2.910260617733,1.28136360645294,0,0,0,0,0,1.87563848495483
1387.70155638456,1555.31909072399,927.015057444572,4603.09790375829,0,2.30821132659912,387.412281066179,766.387439787388,0,0,130.31666174531,741.448926448822,100.764632672071,171.099191695452,1.20931529998779,15.651513338089,22.8606475293636,289.453955620527,4131.54571118951,0,0,0,107.729274660349,749.164153337479,0,5.657062292099,0,0,166.089744567871,176.610715538263,166.124540120363,104.509346723557,1003.0022084415,4274.59769701958,1.10411107540131,5.12104138731956,17.559172809124,75.1332481503487,1.44615471363068,37.4388996362686,0,0,0,0,0,9.34067296981812,0,13.3692453503609,0,5.85545969009399,0,4.24309211969376,0,0,0,0,452.847182273865,544.431913912296,3.85108649730682,175.311572670937,2.52713704109192,89.3542890846729,1.9508421421051,97.9974531531334,2.74458408355713,54.6486984789371,158.71761906147,497.511506557465,660.265441715717,1339.94032388926,935.048389106989,1341.24489125609,517.41079634428,1534.30079099536,189.215465754271,713.183871746063,1183.99781450629,3883.43320095539,0,2.34904515743256,0,13.8973954319954,4.16550469398499,0,0,28.9798060059547,0,0,0,2.55264341831207,0,0,0,0,1.46617496013641,68.4218570291996,0,0,0,0,0,0,0,0,0,1.26609897613525,0,0,39.4988680481911,8.28514915704727,0,0,0,0,0,3.74211102724075
0,0,0,1.90932387113571,236.449071228504,12.9313080012798,0.645723938941956,0.612603962421417,51.7937987446785,3.86210268735886,0,0,0.671311616897583,0,135.585229814053,3.69446015357971,0,0,0,0,0,74.6994479298592,48.7595145404339,34.5515930652618,160.066337615252,86.6159428060055,600.514516949654,70.3701835274696,43.7822385728359,0.774249136447906,787.777887672186,125.696890830994,13.5643719434738,3.42120867967606,0,0,89.5855892300606,34.8765627145767,57.4376038908958,0,94.9642485380173,1.05599415302277,0,0,0,0,5.8595085144043,1.22872602939606,0,0,4.2944563627243,0,0,0,4.90129834413528,1.97018820047379,0,0,0,0,0,0,0,0,0.462035238742828,0,0,0,0,0,686.884403288364,88.4402641057968,291.52785423398,13.9610630273819,27.5927481353283,3.23345971107483,6.6639621257782,6.01109373569489,0,0,0,0,0,0,1.00447618961334,0,3.96899223327637,0,8.46765196323395,0.684768974781036,0,0,0,0,0,0,0,0,0,0,0,0,0,0,0,0,0,0,0,0,0,0,0,0,0,0
0,0,0,0.933134704828262,42.6008860468864,559.741215616465,0,0.614649415016174,0.896729648113251,73.4823604226112,0,0,0,0,29.4759033918381,70.1924003064632,0,0,0,0,74.6994479298592,0,10.7996273636818,26.7351104319096,21.4157898426056,402.528889507055,69.9235847890377,914.415176182985,5.34101116657257,135.945371627808,65.0381580591202,787.832895070314,0,35.8635244071484,0,5.61923310160637,5.77797889709473,99.2949317097664,8.0828709602356,2.27326500415802,2.02190327644348,705.912046909332,0,0,0,0,1.14238858222961,2.98410618305206,0,0,0,0,0,0,0,3.1795506477356,0,0,0,0,0,0.681514263153076,0,0,0,0,0,2.38457459211349,0,0,248.116405397654,241.209098517895,7.11564165353775,176.228627949953,3.55710065364838,17.6185769438744,0,0.783897936344147,0,0,0,0,0,54.0053510665894,0,4.67661064863205,0,4.32184606790543,0,0.602351903915405,0,0,0,0,0,0,0,0,0,0,0,0,0,0,0,0,0,0,0,0,0,0,0,0,0,0
25.5339950323105,1.39347016811371,3236.57783788443,836.008042007685,270.839692622423,93.718626588583,454.049666106701,961.085337311029,46.1910724341869,82.7883366346359,72.4035862982273,110.505513817072,593.859668463469,171.177157759666,168.167000025511,86.4967653751373,0,0,1479.63919785619,107.729274660349,48.7595145404339,10.7996273636818,0,3151.40542557836,784.914648145437,289.382194399834,77.379533290863,46.5119580030441,336.430329144001,26.0576455295086,4378.94470751286,1679.62345716357,1583.05331152678,762.099908560514,185.945954918861,0,9.9173818230629,2.71004998683929,0,0,0,0.703755795955658,3.16747087240219,0,0.955613702535629,0,2.68508410453796,0,0,0,0,0,0,0,0,0,12.2231758832932,0,8.94557017087936,0,1.91626137495041,0,0,0,1.66803824901581,0,287.840321779251,0,46.9833194613457,0,1980.546803087,1230.97531151772,592.564683407545,468.736980944872,250.846121996641,157.316913336515,734.206001102924,207.806884407997,0,0,0,0,0,0,0,0,0.588123202323914,0,1.61596614122391,0,0,0,0,0,6.08691066503525,0,0,0,0,0,0,0,0,0,0,0,0,0,0,0,0,0,0,0,0,0
21.5740849375725,71.0912011563778,1414.8562514782,3827.87128698826,292.917182028294,82.2775203585625,810.992644399405,997.407048463821,108.704432070255,61.873041510582,28.814829647541,462.56608992815,186.317377001047,493.137416869402,135.505086243153,196.660514950752,0,31.4995710849762,361.547607094049,749.164153337479,34.5515930652618,26.7351104319096,3151.40542557836,0,323.967266768217,1642.81273835897,89.9570751786232,50.5015380680561,201.300877720118,154.247990608215,886.314701110125,1907.71795117855,284.527684003115,1526.44474086165,0,10.391078799963,0,21.8827192783356,0,1.64179587364197,0,4.02106446027756,0,0,0,0.493485450744629,0,3.23434662818909,0,0,0,0,0,0,0,0,0,12.9527323842049,0,3.71487456560135,0,1.38815057277679,0,22.8324310183525,0,5.45461124181747,0,74.2642900645733,0.804577648639679,26.1944574117661,1310.68350595236,2119.30848658085,373.125348001719,1746.58042156696,130.942715704441,773.099295705557,159.753412842751,1436.4298864603,0,0,0,16.8570081591606,0,0,0,3.15656411647797,0,0,0,0,0,0,0,0,0,4.03771185874939,0,0,0,0,0,0,0,0,0,0,0,0,6.72988224029541,2.41123950481415,0,0,0,0,0,0
0,0,98.5410480797291,75.8083334565163,407.963145792484,78.2490875422955,4.51692217588425,18.7266391217709,26.9692958593369,67.6615836024284,0,0,4.62486797571182,3.20866000652313,255.585313349962,64.316128641367,0,0,2.19290435314178,0,160.066337615252,21.4157898426056,784.914648145437,323.967266768217,0,553.127590358257,863.296839386225,113.943555831909,84.8677640855312,1.68178558349609,467.162062287331,338.830080986023,7.08771559596062,6.79740083217621,0,0,3.31720668077469,0,1.51800692081451,0,6.22939306497574,0,0,0,0,0,0,0,0,0,0,0,0,0,0,0,0,0,0,0,0,0,0,0,0,0,0,0,0,0,448.060673743486,193.638916611671,204.643567889929,38.6985132694244,15.0954326987267,1.98718017339706,26.7376285195351,0,0,0,0,0,1.84336543083191,0,0,0,0.883690237998962,0,1.96663928031921,0,0,0,0,0,0,0,0,0,0,0,0,0,0,0,0,0,0,0,0.717243790626526,0,0,0,0,0,0,0
0,0.989386796951294,34.932124376297,412.443920642138,365.821584701538,565.68305426836,6.12956547737122,97.6449387669563,67.3758421242237,167.262180000544,0,2.08771592378616,0.845693647861481,13.5082842707634,254.70228484273,171.890814006329,0,0.750058472156525,0,5.657062292099,86.6159428060055,402.528889507055,289.382194399834,1642.81273835897,553.127590358257,0,337.820396572351,1157.56240195036,36.135972827673,33.7855252921581,410.819027423859,705.366260230541,4.30659890174866,26.0131641924381,0,0,0,6.89985656738281,0,0,8.22243267297745,24.0292895138264,0,0,0,0,0,0,0,0,0,0,0,0,0,0,0,0,0,0,0,0,0,0,0,0,0,0,0,0,494.341414988041,950.442553341389,81.3433839976788,411.533893913031,4.74938035011292,49.8215320706367,2.73921471834183,57.4758876860142,0,0,0,0,1.22208189964294,2.38150763511658,0,0.672608971595764,0,0,1.58341550827026,0,0,0,0,0,0,0.94115224480629,0,0,0,0,0,0,0,0,0,0.615202128887177,0,0,1.51165288686752,0,0,0,0,0,0,0
0,0,3.18209511041641,9.55234271287918,788.276826113462,36.1302308142185,0,4.41591596603394,103.593278408051,15.7689297497272,0,0,0,1.25544667243958,472.421796411276,12.9665078818798,0,0,0,0,600.514516949654,69.9235847890377,77.379533290863,89.9570751786232,863.296839386225,337.820396572351,0,147.223384082317,109.549496740103,1.35343492031097,468.751216769218,176.954267501831,8.25313240289688,8.23282268643379,0,0,36.4198814034462,16.1802839040756,14.8894445896149,2.39573919773102,10.7082166671753,0,0,0,0,0,1.39786738157272,0,0,0,0,0,0,0,0.849919319152832,0,0,0,0.549523115158081,0,0,0,0,0,0,0,0,0,0,0,363.207875102758,80.1326573491096,207.720511138439,13.9696887135506,5.49533593654633,2.99291378259659,7.18637233972549,1.33660316467285,0,0,0,0,0.700120747089386,0,2.44019168615341,0,3.28443309664726,0,4.29025220870972,0,0,0,0,0,0,0.607854187488556,0,0,0,0,0,0,0,0,0,0,0,0,0,0,0,0,0,0,0,0
0,0,4.26659062504768,22.0414591729641,132.67157125473,1868.83102756739,0,21.8581308722496,18.9788128733635,590.132550060749,0,0,0,1.0569783449173,107.076240301132,270.638144761324,0,0,0,0,70.3701835274696,914.415176182985,46.5119580030441,50.5015380680561,113.943555831909,1157.56240195036,147.223384082317,0,14.5217229127884,76.6225326657295,97.9620597362518,366.667311638594,0.797923922538757,12.22309461236,0,0,0,13.6072610616684,4.240269780159,0,0.628936469554901,85.4688289761543,0,0,0,0,0,0.722068428993225,0,0,0,0,0,0,0,2.33768838644028,0,0,0,0,0,0,0,0,0,0,0,0,0,0,429.758847087622,768.149457931519,27.1322877705097,533.187731027603,0.856551945209503,17.4032018184662,1.00530993938446,13.1997929215431,0,0,0,0,0.556233406066895,11.3322975635529,0.565850734710693,0.827433466911316,1.22619807720184,1.84137126803398,0,0,0,0,0,0,0,0,0,0,0,0,0,0,0,0,0,0,0,0,0,0,0,0,0,0,0,0
782.766287356615,23.8649142980576,1149.75884518027,67.9247107803822,600.625484079123,5.01652818918228,479.453436166048,101.463515907526,287.856281131506,4.38765722513199,752.859630346298,15.4128230214119,2019.14058974385,12.3294001221657,3189.32561162114,0.596812069416046,2209.94181829691,0,332.976488053799,166.089744567871,43.7822385728359,5.34101116657257,336.430329144001,201.300877720118,84.8677640855312,36.135972827673,109.549496740103,14.5217229127884,0,2.25007832050323,96.1786794960499,96.6367444992065,60.7803589999676,149.162263840437,21.6805436015129,12.4032529592514,155.020607829094,5.43668174743652,47.4474644064903,0,300.104684770107,2.73904073238373,43.3299477696419,0,19.1205666661263,1.9670158624649,284.724748194218,0,39.0758105516434,0,235.230394095182,0,17.1689888238907,0,100.139066725969,0,1187.63318783045,14.7993528842926,575.188960969448,11.1915311813354,380.444116294384,2.2617592215538,627.788287997246,12.1672991514206,225.855488836765,0,188.537494570017,44.0061557888985,98.9441269040108,12.5972867012024,857.784363776445,133.225359350443,1662.70107123256,45.1769652068615,73.4316573441029,17.3195967674255,434.55606713891,51.4129404723644,349.9768011868,0,1150.89299964905,1.68707001209259,1350.12180832028,0,728.632632106543,0,507.169706165791,0,448.821588456631,0,15.312286734581,0,0,0,14.6513566970825,1.71914875507355,0.578199148178101,0,7.29564893245697,0,0,0,0,0.597658932209015,0,0,0,0,0.682988166809082,0,0,0,0,0,0,0
5.26426011323929,251.676869034767,11.7863814234734,293.973661273718,5.28571504354477,319.583783298731,14.0834474861622,218.838579803705,1.38013172149658,199.582054883242,0,828.138996839523,1.62418013811111,1289.12495547533,0.866646885871887,1744.90586858988,0,2380.6510258615,31.9719549417496,176.610715538263,0.774249136447906,135.945371627808,26.0576455295086,154.247990608215,1.68178558349609,33.7855252921581,1.35343492031097,76.6225326657295,2.25007832050323,0,10.1930499076843,30.0506186485291,12.9809885621071,21.9329301118851,4.21013587713242,21.8301948308945,1.52163767814636,53.7850239574909,0,6.07256692647934,0,486.210074007511,4.45345279574394,18.4680362343788,1.6363343000412,12.3703704476357,0,74.4606839716434,0,83.7212206423283,0,195.95307725668,0,58.476932823658,0,105.251889705658,9.1312860250473,581.192480027676,1.70976829528809,173.332528591156,1.2604718208313,174.87504440546,3.86258071660995,434.949829220772,0,125.44451212883,25.2213388681412,104.12850278616,4.42751008272171,12.8697138428688,32.4224481582642,249.524372547865,4.00699034333229,4072.68466046453,1.76280319690704,53.3330279588699,11.4968844950199,120.257988512516,0,290.203925073147,0,649.00031375885,0,428.743261545897,0,341.489967405796,0,42.7268584668636,0,69.7365441024303,0,1.43659859895706,0,0,0,5.80541831254959,0,0.500055074691772,0,6.04494369029999,0,0,0,0,0,1.06601881980896,0,0,2.99565696716309,1.1414635181427,0,0,0,0,0,0
16.6037653982639,15.7910517454147,164.238787204027,215.262142121792,193.725102931261,59.6673144698143,44.0576737523079,143.401069968939,27.2082930207253,42.8416164517403,23.3544251322746,33.7080904245377,97.7593735456467,32.0172271132469,181.522076785564,44.2326798439026,3.11654287576675,2.15409058332443,359.742410361767,166.124540120363,787.777887672186,65.0381580591202,4378.94470751286,886.314701110125,467.162062287331,410.819027423859,468.751216769218,97.9620597362518,96.1786794960499,10.1930499076843,0,878.67400559783,1704.24439656734,424.635144650936,361.630873441696,1.36058908700943,8.13409814238548,2.74654525518417,1.98634314537048,0,2.45315366983414,0.804702043533325,34.6351554989815,0,14.5984967648983,0.695960521697998,20.3346957564354,1.25898993015289,0,0,0,0,0,0,0,0,13.2683823108673,2.51773631572723,9.63658875226974,2.96875774860382,3.06946247816086,3.13222861289978,1.39264571666718,5.51360690593719,1.92154777050018,0,745.91073718667,14.5251789093018,23.6619932055473,2.89697277545929,1096.47990262508,360.093912184238,169.462509959936,183.878368973732,88.7802562117577,74.9071288108826,328.566005706787,237.312237083912,0,0,0,0,0,1.12779462337494,4.74444562196732,0,0,0,2.82973349094391,0,0,0,0,0,5.32270047068596,0.781671941280365,0,0,0,0,0,0,0,0,0.597302496433258,0,0,0,2.64778929948807,1.00063216686249,0,0,0,0,0,1.30033600330353
17.3210896253586,17.31141102314,495.994640380144,281.774133503437,302.542183369398,106.82819634676,160.375224649906,102.408610701561,65.371958553791,78.6007343530655,25.0984402894974,61.5218163132668,74.8446481227875,45.4213829934597,143.792087197304,134.849488645792,0,5.04914200305939,181.448782444,104.509346723557,125.696890830994,787.832895070314,1679.62345716357,1907.71795117855,338.830080986023,705.366260230541,176.954267501831,366.667311638594,96.6367444992065,30.0506186485291,878.67400559783,0,196.638325154781,2469.16069740057,2.70940580964088,320.545765012503,1.30054688453674,6.61781769990921,0,6.57313540577888,2.6231187582016,4.68827140331268,0.980000019073486,6.89230409264565,0,0.646747410297394,0.567151606082916,73.7691812515259,0,0,0,0.670481741428375,0,0,0,0,2.03943419456482,0.642453908920288,0.953161060810089,0.569019675254822,1.15548515319824,1.22348701953888,1.23450529575348,13.0258710980415,1.59655690193176,1.06869697570801,33.8392733931541,531.333729565144,8.91511625051498,6.55627459287643,839.305916190147,699.439772486687,239.3362005651,324.511012971401,72.3519495129585,129.463237226009,251.123517513275,335.997501373291,0,0,1.69331574440002,4.34493827819824,0,0,0.90747195482254,0.465926378965378,0,0,0,0,0,0,0,0,0,3.31753659248352,1.69588565826416,0,0,0,0,0,0,0,0,1.78734445571899,0,0,7.3446324467659,0,0,0,0,0,0,2.05218678712845
30.6981588602066,156.719314217567,183.728062719107,187.793680340052,8.86085176467896,1.33894550800323,29.4067170023918,291.173113405704,0,0,31.6715840101242,73.6793930828571,147.517278283834,28.0633497834206,4.90404838323593,1.86799901723862,6.2541578412056,11.5474660992622,3208.41255998611,1003.0022084415,13.5643719434738,0,1583.05331152678,284.527684003115,7.08771559596062,4.30659890174866,8.25313240289688,0.797923922538757,60.7803589999676,12.9809885621071,1704.24439656734,196.638325154781,0,958.40412312746,793.21548974514,3.7885085940361,11.337079167366,24.4737566709518,32.4844611287117,5.98932111263275,3.18329048156738,0,59.172420591116,1.57264006137848,46.9847377538681,4.52651226520538,51.035562723875,4.43532431125641,1.62827914953232,0,0,0.866062998771667,0,0,0,0,32.0750523507595,183.28806078434,34.3401480019093,96.603547334671,5.41315919160843,19.3445447087288,4.6870054602623,31.5772844552994,2.30723166465759,1.86823487281799,4302.98032924533,390.554060429335,737.342658042908,231.621143996716,238.770906329155,225.369236648083,85.5808103680611,136.782823652029,64.4235388636589,67.3788442015648,282.615339756012,361.868599206209,0,2.59094029664993,1.91135120391846,8.18830108642578,0,0,2.90859264135361,3.10736560821533,0,0,5.2590537071228,0,0,0,0,0,2.04837280511856,5.08180105686188,0,0,0,0,0,0,0,0,0.963366150856018,0,0,0,1.01278626918793,0,0,0,0,0,0,0
304.003966122866,131.936913579702,613.263313144445,210.34864962101,18.6815155446529,2.82218658924103,359.431002646685,49.2465845346451,0.528246641159058,4.03050115704536,101.298660039902,69.3301062583923,192.852629989386,24.847539126873,4.29061728715897,7.7096089720726,8.54134941101074,17.0064694881439,1751.64839145541,4274.59769701958,3.42120867967606,35.8635244071484,762.099908560514,1526.44474086165,6.79740083217621,26.0131641924381,8.23282268643379,12.22309461236,149.162263840437,21.9329301118851,424.635144650936,2469.16069740057,958.40412312746,0,123.882948428392,1068.67675477266,63.1254414916039,42.661494076252,8.27944386005402,53.311228364706,1.86004221439362,3.07167166471481,10.1916911005974,27.6136454641819,14.2273036837578,12.822946280241,9.35541707277298,224.323108613491,4.52059876918793,1.48802042007446,4.34558367729187,0.676200389862061,0,0,1.61297118663788,2.7912312746048,138.221876055002,231.999225765467,86.8609435558319,159.686966836452,18.0939048528671,6.96544605493546,17.4924614429474,22.3965944647789,5.67648011445999,2.63181579113007,873.906614631414,4669.34896865487,485.900698363781,705.313201338053,578.229810982943,315.580751270056,280.943649977446,255.941213160753,133.099945962429,152.240369647741,790.203665345907,614.147768318653,1.00809752941132,0,15.6551364064217,8.44139802455902,1.074915766716,2.18758434057236,12.9830813407898,10.8737190365791,0,0,10.3889298439026,7.19345554709435,0,0,0,0,0.696687579154968,10.5641359388828,0,2.68200302124023,0,0,0,0,0,0,0.996587514877319,1.41558909416199,0,0,3.35437303781509,1.74452537298203,0,0,0,0,0,0.681784510612488
0,1.62861454486847,5.43822079896927,1.60458022356033,1.51198840141296,0,1.83900558948517,0,0,0,2.99390897154808,0,6.53927606344223,0,0,0,0,1.08734929561615,18.9392744898796,1.10411107540131,0,0,185.945954918861,0,0,0,0,0,21.6805436015129,4.21013587713242,361.630873441696,2.70940580964088,793.21548974514,123.882948428392,0,187.641806006432,141.764846205711,113.817997872829,68.8886539936066,31.863178730011,26.9760813117027,11.5300056934357,240.560079425573,179.001924604177,203.746050566435,67.4802888631821,316.684559166431,101.433586031199,111.486174583435,170.252494931221,142.140149056911,117.930867910385,23.574715077877,50.0007468163967,109.902000129223,89.3851056396961,0,13.2846449315548,130.250556647778,217.820293694735,14.6287052035332,18.7902797460556,3.88187408447266,6.13423144817352,6.00790017843246,13.4794206023216,2022.93130925298,630.81711229682,1.05168810486794,3.02154219150543,37.6837511360645,0,52.0310446918011,44.3935914039612,12.4391961097717,8.91177582740784,198.823775589466,70.6202512681484,0,0,5.19305321574211,4.84872829914093,7.24126583337784,1.19661557674408,21.9253417849541,26.3793675601482,3.00795829296112,1.12037920951843,141.322387099266,61.7955186069012,6.19659399986267,0.66389012336731,0,0,4.72515422105789,0,1.88444548845291,0,7.97041338682175,6.05663639307022,0,0,0,0,0,0,0,0,0,0,0,0,0,0,0,0
0.664677500724792,1.86901879310608,0.756679534912109,2.3464979827404,0,0.555560886859894,0,0.918220102787018,0,0,0,1.20651641488075,0,1.06182599067688,0,0.497950464487076,0,0,1.40031135082245,5.12104138731956,0,5.61923310160637,0,10.391078799963,0,0,0,0,12.4032529592514,21.8301948308945,1.36058908700943,320.545765012503,3.7885085940361,1068.67675477266,187.641806006432,0,81.4970436096191,146.699150681496,32.2055322527885,145.470144212246,5.65131855010986,34.3059580624104,242.565342247486,235.891496360302,163.432528614998,109.082619786263,225.363240510225,270.4960257411,113.144090056419,223.149664759636,152.495273172855,139.455065846443,16.1297080218792,52.1910330057144,63.8438220918179,163.38600063324,0.817858815193176,2.81219857931137,143.779305577278,132.576991915703,10.51170784235,1.86475425958633,2.83658695220947,2.5958246588707,5.13626718521118,2.39303994178772,510.523601263762,1531.25998744369,0,0,0,7.13426500558853,23.7009804844856,73.3824833035469,0,10.7433402240276,65.8084372878075,209.492813050747,0,2.73197782039642,5.19050288200378,13.4208938777447,0.649594664573669,9.86354783177376,6.35732924938202,43.7409205138683,0,22.2546224892139,55.715290337801,107.639723390341,2.79512137174606,2.89847666025162,0,0,2.91010880470276,6.31473219394684,0,0,9.63148772716522,1.92540872097015,0,0,0,0,0,0,0,0,0,0,0,0,0,0,0,0
225.289767682552,9.07405924797058,134.734396278858,1.10037297010422,19.3141960501671,0,39.6497738957405,2.43214800953865,7.85927319526672,0,14.8329504728317,2.01587891578674,11.4759768843651,0,16.599325299263,0,5.4140517115593,0,65.0174464285374,17.559172809124,89.5855892300606,5.77797889709473,9.9173818230629,0,3.31720668077469,0,36.4198814034462,0,155.020607829094,1.52163767814636,8.13409814238548,1.30054688453674,11.337079167366,63.1254414916039,141.764846205711,81.4970436096191,0,442.081859499216,1972.44512742758,51.1120622754097,598.499923944473,79.0101912021637,244.228601276875,75.6439806818962,150.073787003756,26.4903641343117,1101.24993935227,75.4697785675526,310.483844697475,40.9122148752213,819.527579367161,34.952631175518,50.1494147479534,22.2973656356335,1137.8064032793,84.8141031265259,163.087494671345,79.7834372520447,770.768810838461,436.824200600386,342.181159287691,119.295533955097,32.3994102180004,24.1032143831253,273.945916652679,31.7796975374222,738.459356606007,819.682031989098,43.3208321928978,2.60572564601898,421.372561007738,50.428636431694,495.877665609121,87.6261414289474,1148.77539694309,114.790835857391,4104.77178505063,212.335397183895,4.6594745516777,1.91752147674561,81.0242673158646,2.21303915977478,302.769316017628,3.59194457530975,188.135515272617,5.92536225914955,900.361764758825,14.0589489936829,648.597593516111,21.0586104691029,58.7483260631561,43.0862682461739,14.5287027359009,40.368604272604,84.1656813323498,24.0730685591698,123.184942781925,26.3710035681725,34.8997103869915,25.2152361869812,14.79017329216,5.31973487138748,40.9589417874813,54.8114191293716,25.4990668594837,23.7936188578606,23.0673843324184,10.8535486459732,9.97964578866959,27.0440345406532,12.2140661478043,3.09344661235809,1.90360891819,0.627216935157776,1.26259648799896,4.90389358997345
0,131.438818275928,0.752296984195709,67.639978826046,0,9.68194174766541,1.52428340911865,22.8542046546936,0,10.0751959383488,0,4.55232721567154,0,4.44867372512817,0,23.8315788507462,0,8.9821452498436,1.96977216005325,75.1332481503487,34.8765627145767,99.2949317097664,2.71004998683929,21.8827192783356,0,6.89985656738281,16.1802839040756,13.6072610616684,5.43668174743652,53.7850239574909,2.74654525518417,6.61781769990921,24.4737566709518,42.661494076252,113.817997872829,146.699150681496,442.081859499216,0,63.045804977417,2051.39841675758,63.9776979088783,863.272008746862,84.2047180831432,160.86847063899,40.6379011571407,125.27816042304,110.063547551632,812.560215324163,5.43834280967712,432.615877658129,14.059828042984,602.355126231909,1.73954582214355,143.448849886656,45.2506375312805,1279.19234010577,11.3450435400009,184.665459811687,328.899079054594,668.73790127039,83.0673410892487,453.943489938974,11.217632651329,99.3703368604183,16.1728150844574,590.813639879227,786.385757297277,565.063971579075,0.833467781543732,18.4739438295364,51.2724443078041,313.210149437189,101.325749129057,534.654364138842,87.4454257488251,775.885066509247,183.258748888969,4272.4205340147,1.40740859508514,4.26030814647675,17.8639376759529,119.637009769678,2.48142981529236,391.30984172225,7.54974591732025,267.116817951202,19.8572259545326,1044.16851508617,56.9268523454666,567.540487289429,15.6467489600182,33.5686915516853,30.5761664509773,21.8463441431522,7.20518219470978,120.723635405302,26.0114336013794,20.147833108902,21.5213015675545,56.2067958414555,18.8497369885445,5.63609954714775,39.0086866021156,19.270681977272,13.1231574416161,24.433660954237,6.70721459388733,1.28192281723022,10.035916686058,32.0648048520088,8.20014667510986,0,1.19786465167999,0,0,1.74441641569138
183.41002869606,1.55421268939972,52.8258596658707,0,1.98469978570938,0,3.2523068189621,0,0,0,4.50266021490097,0,3.79728627204895,0,1.80657339096069,0,7.33103746175766,0,27.6983337402344,1.44615471363068,57.4376038908958,8.0828709602356,0,0,1.51800692081451,0,14.8894445896149,4.240269780159,47.4474644064903,0,1.98634314537048,0,32.4844611287117,8.27944386005402,68.8886539936066,32.2055322527885,1972.44512742758,63.045804977417,0,39.4172839522362,899.815819442272,13.6016610860825,311.518045991659,20.0372856259346,319.120609819889,0,941.448653787374,7.12358891963959,159.888878852129,0.739394426345825,122.059138894081,3.2839652299881,9.30208557844162,3.31941944360733,1649.08286869526,11.5668377280235,159.319911420345,0,201.919992119074,24.484082877636,60.6049363017082,0,10.6767482161522,0,51.1688033342361,0,320.941565513611,82.4469893574715,35.1374089717865,0,140.433395922184,19.5935385227203,113.25965359807,8.27900761365891,246.825862318277,74.3516424894333,326.216581165791,36.3965721726418,0,0,13.6436923742294,0,132.240629345179,0,16.8922964930534,0,140.240874201059,0,318.682647943497,0,89.3979787230492,97.3129825890064,31.4987186193466,59.4130572080612,22.0087031722069,59.3994462490082,86.85819414258,34.7037154734135,30.8934176266193,56.1472449302673,21.1103445291519,6.26532745361328,31.3186209797859,49.9181289374828,23.1044424474239,26.3713648319244,16.4428098499775,6.46586310863495,4.34367337822914,4.54303205013275,13.722539305687,0.685701608657837,5.6781045794487,0,0.558266401290894,4.53858625888824
0,122.342568397522,1.5821578502655,52.4724798202515,0,0.693112432956696,0,5.46243584156036,0,0,0,0,0,0.822747111320496,0,0,0,1.97763395309448,3.42604613304138,37.4388996362686,0,2.27326500415802,0,1.64179587364197,0,0,2.39573919773102,0,0,6.07256692647934,0,6.57313540577888,5.98932111263275,53.311228364706,31.863178730011,145.470144212246,51.1120622754097,2051.39841675758,39.4172839522362,0,4.23739546537399,1212.30261102319,71.1746193468571,403.616853713989,24.5862029492855,194.649131655693,81.4576069712639,1196.73504781723,3.32259374856949,212.169890493155,6.61956715583801,127.960949510336,0.992416501045227,27.2305992841721,30.7203754782677,1532.05773261189,1.05138337612152,148.66567915678,1.55075490474701,208.478857308626,0,37.9724055528641,0,23.7242758274078,0,32.7801890075207,63.8352984189987,822.761822909117,1.29259157180786,29.0430321097374,1.97641587257385,51.1735515892506,0.860520780086517,59.5250758528709,20.7393026947975,105.61101269722,53.4813578128815,411.375352472067,0,2.60556155443192,0,8.54367387294769,0,298.664425432682,0,36.8373432159424,0,325.985905140638,2.89556419849396,121.332536965609,22.7328728437424,44.6447883844376,12.4221785068512,22.2484573423862,3.24732983112335,91.0828877687454,23.2449367642403,20.1757970452309,10.1263486146927,34.1869723796844,21.9160396158695,4.35420709848404,36.2725020051003,21.5780122280121,10.9976969361305,13.093867957592,1.06457722187042,2.87504452466965,0,0,4.80156964063644,1.81540387868881,2.30550932884216,0,0,2.70000696182251
0,0,4.98915660381317,0,97.6482481956482,0,0,0,24.3759508728981,0,0.62832498550415,0,0,0,18.7163202166557,0,0,0,0,0,94.9642485380173,2.02190327644348,0,0,6.22939306497574,8.22243267297745,10.7082166671753,0.628936469554901,300.104684770107,0,2.45315366983414,2.6231187582016,3.18329048156738,1.86004221439362,26.9760813117027,5.65131855010986,598.499923944473,63.9776979088783,899.815819442272,4.23739546537399,0,60.8447009921074,32.1587582230568,0,10.0501806735992,0,226.429737776518,1.60701966285706,23.4589242637157,0,86.379029661417,0,3.09521144628525,0,204.0583075881,10.4129168391228,0,0,94.3270272910595,0,39.7229005694389,0,1.71300578117371,0,35.8034597039223,0,117.616201281548,0,0,0,278.042531490326,25.8278774023056,864.839545220137,21.4550198912621,266.593855381012,32.1053068041801,274.113264203072,9.25391095876694,0,0,12.8061201572418,0,584.343086659908,3.76471906900406,57.6652755439281,2.01564240455627,873.890357881784,19.6553457975388,216.637330323458,10.5638267397881,4.4225509762764,0,0.538938879966736,1.72267615795135,6.16873556375504,0,6.08080637454987,0.50645124912262,6.51682317256927,0,2.33155843615532,0,1.35768967866898,2.15760615468025,3.8365453183651,4.4161850810051,0.557536482810974,0,3.94525840878487,1.67725545167923,0.419582307338715,0,0.427477896213531,0,0,0
0,1.11673218011856,0,6.77489095926285,1.5039439201355,332.517811834812,0,1.02913999557495,1.24742698669434,73.7211681008339,0,0,0,0,0,123.218037039042,0,0,0,0,1.05599415302277,705.912046909332,0.703755795955658,4.02106446027756,0,24.0292895138264,0,85.4688289761543,2.73904073238373,486.210074007511,0.804702043533325,4.68827140331268,0,3.07167166471481,11.5300056934357,34.3059580624104,79.0101912021637,863.272008746862,13.6016610860825,1212.30261102319,60.8447009921074,0,2.9729425907135,26.6384019553661,0.513342440128326,10.777662396431,4.89001816511154,124.800361782312,0,58.1653809547424,0,99.888961404562,0,36.1555624604225,30.4944895505905,404.320093154907,0,3.89317804574966,0,126.898638576269,0,56.1807010471821,0,10.693616181612,0,135.728726148605,8.54919254779816,133.865736633539,0,0,35.7448683381081,215.711416214705,76.7092280387878,2286.23037171364,32.6453218460083,246.684454768896,9.6984149813652,129.997139066458,0,0,0,44.2544783651829,2.27852070331573,1679.60929501057,0,126.013833582401,29.7356706857681,1392.72410926223,48.9360983371735,120.685798794031,2.14140796661377,3.52947264909744,0,0,0.62951785326004,2.39220285415649,0,0,1.29711961746216,16.1478086709976,0,0,0,0,1.62905621528625,1.95025405287743,0,0,1.99244052171707,0,0,0,0,0,0,0
1.1073876619339,0,0,0,0.549390077590942,0,0,0,0,0,0,0,0,0,0,0,0,0,7.03456827998161,0,0,0,3.16747087240219,0,0,0,0,0,43.3299477696419,4.45345279574394,34.6351554989815,0.980000019073486,59.172420591116,10.1916911005974,240.560079425573,242.565342247486,244.228601276875,84.2047180831432,311.518045991659,71.1746193468571,32.1587582230568,2.9729425907135,0,1963.18415570259,6395.12405630946,1573.54784703255,8194.43307352066,2354.84642142057,2941.11711132526,1350.02469015121,2972.72873827815,297.461971282959,343.673309504986,122.95665410161,420.137702912092,319.127728998661,0,1.15333485603333,371.919404625893,222.726645380259,5.63634142279625,0,0,0.62784880399704,5.83143013715744,6.40710073709488,1656.80667620897,832.011101186275,0,0,4.45932418107986,0,151.301520884037,27.4591851532459,11.8515439331532,0,249.596367746592,71.8529138565063,0,0,71.9482544660568,5.86357629299164,6.22504168748856,1.52340590953827,59.660546541214,81.9102548956871,0.909786760807037,1.21214389801025,191.755107194185,78.2985053658485,162.56498414278,101.984429061413,0,0,6.32078987360001,0,14.7746890187263,0,339.847835183144,164.106560409069,0,0,0,0,0,0,0,0,0,0,1.21116209030151,0,0,0,0,0
0,0,0,0.606605589389801,0,0,0,0,0,0,0,0,0,0,0,0,0,0.411441445350647,0,0,0,0,0,0,0,0,0,0,0,18.4680362343788,0,6.89230409264565,1.57264006137848,27.6136454641819,179.001924604177,235.891496360302,75.6439806818962,160.86847063899,20.0372856259346,403.616853713989,0,26.6384019553661,1963.18415570259,0,1305.6045461297,6201.46988904476,457.370758235455,7049.12964892387,441.327216029167,4165.38094165921,774.627510786057,1195.04760181904,70.9889517426491,469.49028211832,148.184675633907,796.752456337214,0,0,214.629684537649,488.875610023737,9.55616909265518,0.529583513736725,0,0.401532799005508,0,2.84292680025101,689.679752618074,2276.7931843102,0,0.943591773509979,0.888149619102478,0,3.65560388565063,131.985949099064,0,24.0386919379234,43.1290176510811,107.663847237825,0,0.76220828294754,0,47.796171694994,0,13.6170764863491,4.00790071487427,68.9793924689293,0,14.9960925579071,27.6553816199303,130.358686119318,9.42166674137115,96.6379261910915,0,0,0,6.75820043683052,0,0,3.17169713973999,226.353159099817,0,0,0,0,0,0,0,0,0,0,1.38516104221344,0,0,0,0,0
0,0,0.560682535171509,0,0,0,0.54733544588089,0,0,0,0,0,0,0,0,0,0,0,0.927818298339844,0,0,0,0.955613702535629,0,0,0,0,0,19.1205666661263,1.6363343000412,14.5984967648983,0,46.9847377538681,14.2273036837578,203.746050566435,163.432528614998,150.073787003756,40.6379011571407,319.120609819889,24.5862029492855,10.0501806735992,0.513342440128326,6395.12405630946,1305.6045461297,0,563.917943894863,1204.37062937021,142.578092247248,3446.30743435025,541.805516451597,611.697694718838,87.2819327116013,17.9460325241089,17.3951299190521,117.363266557455,64.434256196022,0,1.49421644210815,407.413200050592,104.695842981339,4.46941202878952,0,4.94367605447769,0,8.30621898174286,3.83771550655365,1668.27564170957,617.036551594734,0,0,1.23154476284981,0,57.5156750380993,10.8922515809536,7.06221151351929,0,139.648395299911,28.9785712361336,0,0,26.3023822009563,1.30215787887573,0.886469960212708,0,31.933162689209,27.0303975343704,0,0,101.652907967567,18.3246259689331,13.5742488205433,0,0,0,10.4949424862862,0,12.547552883625,0,11.4612718820572,2.30003225803375,0,0,0,0,0,0,0,0,0,0,0,0,0,0,0,0
0,1.88490027189255,0,7.47311282157898,0,0,0,0.731787979602814,0,0,0,1.21536207199097,0,0,0,0,0,0,0,9.34067296981812,0,0,0,0.493485450744629,0,0,0,0,1.9670158624649,12.3703704476357,0.695960521697998,0.646747410297394,4.52651226520538,12.822946280241,67.4802888631821,109.082619786263,26.4903641343117,125.27816042304,0,194.649131655693,0,10.777662396431,1573.54784703255,6201.46988904476,563.917943894863,0,27.555135846138,1158.42024925351,51.6069359183311,2221.28306370974,83.8595115542412,1057.2678502202,2.87646394968033,77.0971878170967,5.58554899692535,240.890433311462,4.32115948200226,0,22.9682378768921,278.291214853525,2.38283669948578,4.161790817976,0,1.00317052006721,0,29.1469682455063,254.986572504044,940.288179576397,0,1.54734635353088,0.528132557868958,1.70512300729752,0,107.835279494524,0,20.6275718212128,6.81919628381729,99.6846358776093,0,1.65785241127014,0,34.5501012206078,0,4.44182971119881,0,44.0811467468739,0,1.81143471598625,4.53475165367126,77.6697023510933,0,3.5552613735199,0,0,0,7.46937161684036,0,0,0,19.760921061039,0,0,0,0,0,0,0,0,0,0,1.09926474094391,0,0,0,0,0
5.34343683719635,0,5.40011814236641,0,8.87712055444717,0,5.90514871478081,0,2.15432161092758,0,0,0,3.59289747476578,0,14.2332239151001,0,0,0,6.55969876050949,0,5.8595085144043,1.14238858222961,2.68508410453796,0,0,0,1.39786738157272,0,284.724748194218,0,20.3346957564354,0.567151606082916,51.035562723875,9.35541707277298,316.684559166431,225.363240510225,1101.24993935227,110.063547551632,941.448653787374,81.4576069712639,226.429737776518,4.89001816511154,8194.43307352066,457.370758235455,1204.37062937021,27.555135846138,0,243.457543551922,656.342087507248,52.6436957120895,3939.13274040818,40.4151589274406,2219.1971321106,19.5189456939697,3660.52232922614,148.232633650303,3.41823643445969,1.28233641386032,281.925486981869,102.540766954422,36.7130872309208,1.51882719993591,7.57980689406395,0,36.0253452658653,3.70453548431396,1588.45753023028,809.813885331154,0,0,62.5693672299385,7.80757564306259,477.703732222319,13.3279721736908,17.0884535312653,9.90978968143463,665.751251041889,91.2012738585472,0.443514347076416,0.94529515504837,104.648687601089,2.79425644874573,72.6758240461349,0,214.758906155825,14.4040512442589,118.253059118986,0,1089.54725778103,32.3596972823143,366.815978348255,0,0,0.388695955276489,15.4182322919369,2.79510536789894,50.8601686954498,0.370814949274063,435.985961139202,3.11003994941711,0,0,0,0.5519038438797,0,1.8021559715271,0,0,0,56.2623416185379,3.1661251783371,0,0,0,0,0
0,22.8811480402946,0,9.6841824054718,0,0,0,10.5738932192326,0,0,0,0,0,1.28059792518616,0,5.73672753572464,0,0,0.761157810688019,13.3692453503609,1.22872602939606,2.98410618305206,0,3.23434662818909,0,0,0,0.722068428993225,0,74.4606839716434,1.25898993015289,73.7691812515259,4.43532431125641,224.323108613491,101.433586031199,270.4960257411,75.4697785675526,812.560215324163,7.12358891963959,1196.73504781723,1.60701966285706,124.800361782312,2354.84642142057,7049.12964892387,142.578092247248,1158.42024925351,243.457543551922,0,41.5062197446823,1096.3097602427,38.5593487024307,1031.60556763411,0,1717.81611576676,15.6235719323158,4246.46141839027,0,31.8821188807487,21.3713092207909,345.695699840784,1.93448561429977,37.6149948239326,0,12.4679228067398,2.58516240119934,55.7681779265404,363.167336434126,1587.42931377888,0,2.45382940769196,4.80638521909714,43.1271361410618,3.97148722410202,324.799828708172,1.48880410194397,45.5387194752693,40.2074174880981,528.587075769901,0,3.74130171537399,0,77.8808014392853,0,57.0356924235821,0,156.081687152386,0,169.66083535552,0.553539097309113,363.782474368811,0.801417529582977,232.668120265007,1.00557515025139,1.24152925610542,3.30276554822922,19.8572944402695,2.320441365242,0.391495794057846,1.0462441444397,798.020042747259,0,0,0,0,2.25287187099457,2.87012240290642,0,0.845996856689453,0,50.7249782085419,0.8699089884758,0,0,0,0,0
14.8643196225166,0,4.0897628068924,0,0,0,9.00616097450256,0,0,0,0,0,0.745767116546631,0,0,0,1.42897194623947,0,0,0,0,0,0,0,0,0,0,0,39.0758105516434,0,0,0,1.62827914953232,4.52059876918793,111.486174583435,113.144090056419,310.483844697475,5.43834280967712,159.888878852129,3.32259374856949,23.4589242637157,0,2941.11711132526,441.327216029167,3446.30743435025,51.6069359183311,656.342087507248,41.5062197446823,0,101.833728790283,5972.44693467021,49.7336658835411,115.22104755044,13.4653853178024,122.479437291622,16.0412493944168,6.77749669551849,0,844.184773087502,38.8229699134827,97.5078982412815,0,14.2769056558609,0,34.6430172324181,0,496.653114557266,402.903241097927,0,0,16.2586401104927,0,145.599676162004,2.97956693172455,23.6089259982109,0,354.46406441927,3.94279676675797,0.683408439159393,0,107.64968842268,0,12.5905307531357,0,118.221608459949,14.9927558302879,0.580753207206726,0,136.55446228385,9.47136813402176,23.7363649010658,0,0,0,15.0531799197197,0,14.4595373272896,0,19.2124844789505,0,0,0,0,0,0,0,0,0,0,0,0,0,0,0,0,0
0,15.9609071612358,0,8.49266612529755,0,0,0,34.392236739397,0,0,0,1.08976459503174,0,0,0,0,0,3.43294176459312,0,5.85545969009399,0,0,0,0,0,0,0,0,0,83.7212206423283,0,0,0,1.48802042007446,170.252494931221,223.149664759636,40.9122148752213,432.615877658129,0.739394426345825,212.169890493155,0,58.1653809547424,1350.02469015121,4165.38094165921,541.805516451597,2221.28306370974,52.6436957120895,1096.3097602427,101.833728790283,0,127.57070183754,6853.80082395673,2.24442601203918,327.311767280102,5.58458089828491,395.17624104023,0,47.2177355587482,31.8973313271999,1094.86716344953,1.83916765451431,192.161395639181,0,8.47631579637527,0,655.036894738674,511.592558652163,705.095344543457,0,0.639901220798492,0,7.77955836057663,0,489.517663121223,0,69.8833195567131,20.0006768107414,513.690761387348,0,7.18762096762657,0,240.145513653755,0,40.4371957480907,1.44543707370758,389.293237924576,0,1.36735951900482,0,388.964374244213,0,22.5853509902954,0,0,0,27.2660152614117,0,0,0,53.1770618855953,0,0,0,0,0,0,0,0,0,3.18890088796616,1.13335645198822,0,0,0,0,0
213.359223544598,0,49.3434920907021,0,0.830810964107513,0,355.719761371613,0,0,0,39.2673463225365,0,59.322542309761,0,0,0,4.16335755586624,0,3.26460200548172,0,4.2944563627243,0,0,0,0,0,0,0,235.230394095182,0,0,0,0,4.34558367729187,142.140149056911,152.495273172855,819.527579367161,14.059828042984,122.059138894081,6.61956715583801,86.379029661417,0,2972.72873827815,774.627510786057,611.697694718838,83.8595115542412,3939.13274040818,38.5593487024307,5972.44693467021,127.57070183754,0,77.3745061159134,3994.16070953012,5.0647999048233,2451.74181467295,29.3500092029572,48.2678787708282,0,2218.25535276532,31.3507153987885,467.322829931974,0,50.1832081973553,0,946.408764123917,0,610.328145354986,562.791489958763,0,0,150.825653254986,3.91971927881241,645.522167026997,0,80.7220732569695,0,1137.06433039904,6.75793159008026,0.736563920974731,0,491.426706194878,0,126.929110735655,0,2757.10309818387,16.7807911038399,14.1605019271374,0,1632.65635359287,7.59002232551575,258.197240442038,0,0,0,68.2783719301224,0,26.5863125324249,0,26.1833626031876,0,0,0,0,0,0,0,0,0,0,0,0,0,0,0,0,0
0,62.3729904294014,0,9.81862550973892,0,0,0,91.0995196402073,0,0,0,4.42815190553665,0,0,0,0,0,3.82127803564072,0,4.24309211969376,0,0,0,0,0,0,0,0,0,195.95307725668,0,0.670481741428375,0.866062998771667,0.676200389862061,117.930867910385,139.455065846443,34.952631175518,602.355126231909,3.2839652299881,127.960949510336,0,99.888961404562,297.461971282959,1195.04760181904,87.2819327116013,1057.2678502202,40.4151589274406,1031.60556763411,49.7336658835411,6853.80082395673,77.3745061159134,0,0,4147.86752334237,0,1136.68055513501,0,57.3473967015743,9.70574623346329,1568.97986859083,2.26947355270386,217.495433390141,0,22.5942661464214,0,887.556365549564,360.491093337536,412.128352731466,0,0.611857235431671,0.396808326244354,23.5382146835327,0,882.183131426573,0,111.226492404938,12.5219428539276,659.192498326302,0,9.59319573640823,0,500.369738548994,0,128.489120751619,0,5029.97429546714,0,27.5213396549225,0,1831.79612961411,0,10.7164622247219,0,0,0,52.5189693570137,1.57091462612152,0,0,20.6997485756874,0,0,0,0,0,0,0,0,0,3.58337157964706,0.572313487529755,0,0,0,0,0
1.84280288219452,0,0,0,0,0,1.0131801366806,0,0,0,0,0,0,0,0,0,0,0,0,0,0,0,0,0,0,0,0,0,17.1689888238907,0,0,0,0,0,23.574715077877,16.1297080218792,50.1494147479534,1.73954582214355,9.30208557844162,0.992416501045227,3.09521144628525,0,343.673309504986,70.9889517426491,17.9460325241089,2.87646394968033,2219.1971321106,0,115.22104755044,2.24442601203918,3994.16070953012,0,0,0,1107.77350202203,1.45400685071945,1.73563516139984,0,34.5056789517403,0,4.4714195728302,0,2.16925683617592,0,9.00765722990036,0,65.3246276676655,58.7754396796227,0,0,2.42879509925842,0,48.5149460732937,0,6.04253441095352,0,53.7324789762497,0,0,0,14.7370426356792,0,7.54687082767487,0,76.0873519480228,0,0,0,222.438956677914,0,96.1457204818726,0,0,0,0,0,0.530598938465118,0,7.01621705293655,0,0,0,0,0,0,0,0,0,0,0,0,0,0,0,0,0
0,0,0,0,0,0,0,0,0,0,0,0,0,0,0,0,0,0,0,0,0,0,0,0,0,0,0,0,0,58.476932823658,0,0,0,0,50.0007468163967,52.1910330057144,22.2973656356335,143.448849886656,3.31941944360733,27.2305992841721,0,36.1555624604225,122.95665410161,469.49028211832,17.3951299190521,77.0971878170967,19.5189456939697,1717.81611576676,13.4653853178024,327.311767280102,5.0647999048233,4147.86752334237,0,0,5.04330742359161,1792.60206064582,0,0,0,82.3494295477867,0,0,0,1.18873906135559,0,2.65337690711021,180.191594868898,184.238970130682,0,0,0,1.69596314430237,0,221.956963002682,0,12.3142839372158,14.1854439079762,93.3683791160583,0,0.789294302463531,0,66.3109399676323,0,32.7450248003006,0,350.732816547155,0,12.1648312211037,0,863.622672647238,0,20.4311929941177,0,0,0,3.95750004053116,0,0,0,75.3320478796959,0,0,0,0,0,0,0,0,0,0,0,0,0,0,0,0
3.82271444797516,0,0,0,4.80672451853752,0,1.27643990516663,0,0,0,3.66374254226685,0,0,0,3.28974938392639,0,0,0,0,0,4.90129834413528,0,0,0,0,0,0.849919319152832,0,100.139066725969,0,0,0,0,1.61297118663788,109.902000129223,63.8438220918179,1137.8064032793,45.2506375312805,1649.08286869526,30.7203754782677,204.0583075881,30.4944895505905,420.137702912092,148.184675633907,117.363266557455,5.58554899692535,3660.52232922614,15.6235719323158,122.479437291622,5.58458089828491,2451.74181467295,0,1107.77350202203,5.04330742359161,0,26.3995445966721,11.5504541993141,0,156.029241114855,3.55661761760712,32.0393668413162,0,12.135667771101,0,176.667481482029,0,278.150551587343,196.770452201366,0,0,43.6027178168297,20.3967083990574,201.025489062071,5.47998476028442,26.9620335102081,19.1273103356361,330.365354239941,22.1376983821392,0,0,82.954735159874,0,131.856325060129,0,328.368601799011,0,341.700696617365,0,3004.87935048342,6.22055804729462,99.6539516746998,0,0,0,7.37705385684967,0,8.93499535322189,0,69.2390956580639,0,0,0,0,0,0,0,0,0,0,0,0,0,0,0,0,0
0,0,0,0,0,3.97367566823959,0,0,0,3.12174332141876,0,0,0,0,0,15.1772791147232,0,0,0,0,1.97018820047379,3.1795506477356,0,0,0,0,0,2.33768838644028,0,105.251889705658,0,0,0,2.7912312746048,89.3851056396961,163.38600063324,84.8141031265259,1279.19234010577,11.5668377280235,1532.05773261189,10.4129168391228,404.320093154907,319.127728998661,796.752456337214,64.434256196022,240.890433311462,148.232633650303,4246.46141839027,16.0412493944168,395.17624104023,29.3500092029572,1136.68055513501,1.45400685071945,1792.60206064582,26.3995445966721,0,0,0.934188067913055,28.1892782449722,136.230569452047,2.69523990154266,11.493631541729,0,11.5482892692089,0,88.1924142837524,286.552183121443,482.928471207619,0,0,8.67812663316727,36.6876947581768,21.6395836472511,408.630471855402,8.61045736074448,34.1702944040298,44.8469640016556,359.370781481266,0,0,0,52.7306352853775,0,180.799867331982,0,830.275194317102,0,912.258507788181,10.3552603721619,3223.90815940499,0,25.0114027261734,0,0,0,5.16465479135513,0,0,3.77268224954605,322.838666349649,0,0,0,0,0,0,0,0,0.967360317707062,2.13185101747513,2.93804430961609,0,0,0,0,0
10799.0601121783,275.233251035213,782.534756809473,83.4550546109676,0,0,413.20333597064,77.9087156653404,0,0,828.919099330902,3.09309005737305,480.607267439365,0,25.2114797830582,0,2130.19661125541,13.1080642342567,186.964675068855,452.847182273865,0,0,12.2231758832932,0,0,0,0,0,1187.63318783045,9.1312860250473,13.2683823108673,2.03943419456482,32.0750523507595,138.221876055002,0,0.817858815193176,163.087494671345,11.3450435400009,159.319911420345,1.05138337612152,0,0,0,0,0,4.32115948200226,3.41823643445969,0,6.77749669551849,0,48.2678787708282,0,1.73563516139984,0,11.5504541993141,0,0,166.46379801631,2146.84901422262,34.3019931316376,3442.15077182651,10.0019956827164,1888.32723963261,48.4158993959427,586.403192013502,2.71436512470245,320.334384769201,187.918153524399,2135.50284808874,136.410600274801,2007.43437945843,156.085408419371,1313.87382113934,59.1581832766533,442.672137230635,14.6694259941578,3166.40633457899,207.317476302385,91.9066908955574,3.64202862977982,166.390292018652,6.0028195977211,48.2997665405273,0,207.60126709938,5.17207902669907,0,0,58.4479686021805,0,0,0,0,0,48.7095471024513,0,23.2934119701385,0,0,0,0,0,0.835603415966034,0,6.73941987752914,0,0.681285083293915,0,0,2.12040096521378,0,0,0,0,0,0
40.7176263928413,9882.00453472137,12.8444982171059,321.155368447304,0,0.529417932033539,0,772.042062789202,0,0,0,392.631269335747,0,71.4531395435333,0,3.45075112581253,13.0815496146679,1917.80618575215,45.5270410478115,544.431913912296,0,0,0,12.9527323842049,0,0,0,0,14.7993528842926,581.192480027676,2.51773631572723,0.642453908920288,183.28806078434,231.999225765467,13.2846449315548,2.81219857931137,79.7834372520447,184.665459811687,0,148.66567915678,0,3.89317804574966,1.15333485603333,0,1.49421644210815,0,1.28233641386032,31.8821188807487,0,47.2177355587482,0,57.3473967015743,0,0,0,0.934188067913055,166.46379801631,0,113.349242985249,1057.25056576729,67.4839917719364,1833.31684371829,44.1016654372215,2600.63317090273,1.66903841495514,275.862048894167,560.357860386372,340.698657691479,135.654687583447,1706.72648495436,85.4465889632702,628.380453318357,45.7018580436707,2076.81774690747,10.8038592934608,369.926131755114,335.422914654016,2874.98121374846,1.34079885482788,75.5271100699902,25.3813129663467,168.238650888205,0,1.02058854699135,2.06434607505798,34.983593672514,0,0,0,9.47039380669594,0,0,0,0,0,115.653966367245,0,0.887316048145294,0,0,0,0,0,0,0,0.7338747382164,0,0,0.983613789081573,6.26951259374619,0,0,0,0,0,0
753.157850056887,3.82186365127563,456.040306806564,0,0,0,395.088956296444,1.30991458892822,0,0,73.9691510796547,0,48.4090734124184,0,0,0,111.945162951946,3.00818848609924,62.8280002474785,3.85108649730682,0,0,8.94557017087936,0,0,0,0.549523115158081,0,575.188960969448,1.70976829528809,9.63658875226974,0.953161060810089,34.3401480019093,86.8609435558319,130.250556647778,143.779305577278,770.768810838461,328.899079054594,201.919992119074,1.55075490474701,94.3270272910595,0,371.919404625893,214.629684537649,407.413200050592,22.9682378768921,281.925486981869,21.3713092207909,844.184773087502,31.8973313271999,2218.25535276532,9.70574623346329,34.5056789517403,0,156.029241114855,28.1892782449722,2146.84901422262,113.349242985249,0,212.952551990747,4136.07667058706,70.8147143125534,535.203473895788,25.2652264237404,494.099259257317,20.7523184418678,1798.56103342772,1252.87119632959,170.219052672386,16.0618125200272,291.249145716429,34.0786991119385,664.77819994092,12.4844108819962,176.01880800724,0.67719566822052,1996.68952491879,143.94601893425,34.2473233342171,3.4121977686882,472.474222362041,5.73865616321564,30.2386085987091,0,257.169251352549,14.2406977415085,0.576825499534607,0,539.295363306999,0,9.95860850811005,0,0,0,82.8068933486938,0,43.8096383213997,0,12.0809502601624,0,0,0,0,0,0,0,2.91429406404495,0,0,4.07478296756744,0,0,0,0,0,0
0,280.048622518778,0,53.9119791686535,0,0,0,97.3676188588142,0,0,0,46.9500015079975,0,11.5990346074104,0,0,1.39604890346527,43.622655570507,0,175.311572670937,0,0,0,3.71487456560135,0,0,0,0,11.1915311813354,173.332528591156,2.96875774860382,0.569019675254822,96.603547334671,159.686966836452,217.820293694735,132.576991915703,436.824200600386,668.73790127039,24.484082877636,208.478857308626,0,126.898638576269,222.726645380259,488.875610023737,104.695842981339,278.291214853525,102.540766954422,345.695699840784,38.8229699134827,1094.86716344953,31.3507153987885,1568.97986859083,0,82.3494295477867,3.55661761760712,136.230569452047,34.3019931316376,1057.25056576729,212.952551990747,0,60.3094243109226,1642.56883487105,19.9559699594975,210.990477383137,12.6059290766716,2083.27074173093,1215.56128099561,1937.43676671386,20.9820995926857,81.886176019907,24.0307920873165,60.6621001958847,9.14063674211502,704.509389072657,4.80012911558151,135.799016863108,121.068466871977,1400.44487610459,1.91833233833313,74.6150976717472,8.23923510313034,355.984230130911,0,24.6681669950485,0,149.062587320805,0,0.417837411165237,0,284.947663575411,0,0.894689917564392,0,0,0,79.4252480268478,0,0,0,3.49234265089035,0,0,0,0,0,0,0,0,0.838339269161224,9.18131697177887,1.60349833965302,0,0,0,0,0
1185.94884771109,6.8445782661438,105.366705596447,0,0,0,531.346804708242,0,0,0,653.423046469688,0,459.769579350948,0,4.17563205957413,0,435.577745050192,1.42399388551712,22.1631790995598,2.52713704109192,0,0,1.91626137495041,0,0,0,0,0,380.444116294384,1.2604718208313,3.06946247816086,1.15548515319824,5.41315919160843,18.0939048528671,14.6287052035332,10.51170784235,342.181159287691,83.0673410892487,60.6049363017082,0,39.7229005694389,0,5.63634142279625,9.55616909265518,4.46941202878952,2.38283669948578,36.7130872309208,1.93448561429977,97.5078982412815,1.83916765451431,467.322829931974,2.26947355270386,4.4714195728302,0,32.0393668413162,2.69523990154266,3442.15077182651,67.4839917719364,4136.07667058706,60.3094243109226,0,22.784902215004,3842.91478982568,14.9618611931801,3620.27445414662,1.7640408873558,193.919443160295,234.89172744751,15.8355166912079,18.0872279405594,317.361849248409,26.7177263498306,361.964076548815,4.82982936501503,119.791767716408,1.51928722858429,820.340495288372,64.9182804822922,38.6415436863899,0,540.055867373943,1.61876094341278,82.100076675415,0,466.887338042259,2.5549738407135,0.511936008930206,0,246.093584269285,0,0,0,0,0,39.5399707555771,0,28.8891433477402,0,0,0,0,0,0,0,0.542402684688568,0,0,0,0,0,0,0,0,0,0,0
0,1312.54242357612,0,98.7619935274124,0,0,0,693.296057969332,0,0,0,501.533227235079,0,219.103988111019,0,4.03203749656677,0,290.80919662118,0,89.3542890846729,0,0.681514263153076,0,1.38815057277679,0,0,0,0,2.2617592215538,174.87504440546,3.13222861289978,1.22348701953888,19.3445447087288,6.96544605493546,18.7902797460556,1.86475425958633,119.295533955097,453.943489938974,0,37.9724055528641,0,56.1807010471821,0,0.529583513736725,0,4.161790817976,1.51882719993591,37.6149948239326,0,192.161395639181,0,217.495433390141,0,0,0,11.493631541729,10.0019956827164,1833.31684371829,70.8147143125534,1642.56883487105,22.784902215004,0,5.36928188800812,2376.28045710921,4.31997084617615,3433.74043232203,167.855037629604,80.4610981941223,0,3.84550619125366,11.9249629974365,171.096019983292,3.13447946310043,507.614846467972,0,61.5393077135086,45.0452978610992,706.388117223978,3.42508804798126,23.5439130663872,1.74859118461609,215.018087148666,0,18.6672309935093,0,403.73896035552,0,2.72057875990868,0,177.509864509106,0,0,0,0,0,26.719481408596,0,0,0,1.22599792480469,0,0,0,0,0,2.06985640525818,0,0,2.75231063365936,3.42977213859558,0,0,0,0,0,0
122.905322134495,2.02128410339355,12.139898121357,0,0,0,24.8863960504532,0,0,0,292.251071035862,0,293.463328629732,0,4.79625332355499,0,1024.43369168043,1.36384463310242,4.01141381263733,1.9508421421051,0,0,0,0,0,0,0,0,627.788287997246,3.86258071660995,1.39264571666718,1.23450529575348,4.6870054602623,17.4924614429474,3.88187408447266,2.83658695220947,32.3994102180004,11.217632651329,10.6767482161522,0,1.71300578117371,0,0,0,4.94367605447769,0,7.57980689406395,0,14.2769056558609,0,50.1832081973553,0,2.16925683617592,0,12.135667771101,0,1888.32723963261,44.1016654372215,535.203473895788,19.9559699594975,3842.91478982568,5.36928188800812,0,18.710003465414,605.335474222898,0,129.097124904394,99.9732894897461,44.3223387300968,29.6032287478447,191.054430127144,16.6668226122856,178.857140094042,4.79832136631012,37.5461133122444,0,283.754858523607,39.2811387777328,138.496033161879,0,2480.86488008499,1.64019584655762,57.1501482129097,0,1348.10791945457,1.35339641571045,1.4236536026001,0,53.2817369997501,0,1.17612159252167,0,0,0,3.84573173522949,0,0,0,0,0,0,0,0,0,0.612612009048462,0,0,0,0,0,0,0,0,0,0,0
3.89569520950317,312.138120859861,0,68.9938731193542,0,0,0,126.101154208183,0,0,0,320.75107255578,0,230.088336527348,0,16.2114040255547,1.86765390634537,1317.88195428252,0,97.9974531531334,0,0,0,22.8324310183525,0,0,0,0,12.1672991514206,434.949829220772,5.51360690593719,13.0258710980415,31.5772844552994,22.3965944647789,6.13423144817352,2.5958246588707,24.1032143831253,99.3703368604183,0,23.7242758274078,0,10.693616181612,0.62784880399704,0.401532799005508,0,1.00317052006721,0,12.4679228067398,0,8.47631579637527,0,22.5942661464214,0,1.18873906135559,0,11.5482892692089,48.4158993959427,2600.63317090273,25.2652264237404,210.990477383137,14.9618611931801,2376.28045710921,18.710003465414,0,3.24132001399994,958.135758042336,150.731569647789,72.5571867823601,6.32862311601639,9.57873058319092,20.1150693893433,272.21018832922,8.72006219625473,565.904927551746,1.72059786319733,32.9333067536354,111.563641607761,423.213703721762,0.58447653055191,102.208080977201,8.25761288404465,1698.13075870275,0,53.3249529004097,0,2264.57219219208,0,24.985203742981,0,570.530176371336,0,0,0,0,0,13.5619626045227,0,0,0,0,0,0,0,0,0,0,0,0,0,1.36765813827515,0,0,0,0,0,0
1026.61829066277,0.964927136898041,64.2456322908401,0,0,0,1077.52318382263,0,0,0,354.335495531559,0,476.797756791115,0,2.53033876419067,0,68.8808208703995,0,15.9478923082352,2.74458408355713,0.462035238742828,0,1.66803824901581,0,0,0,0,0,225.855488836765,0,1.92154777050018,1.59655690193176,2.30723166465759,5.67648011445999,6.00790017843246,5.13626718521118,273.945916652679,16.1728150844574,51.1688033342361,0,35.8034597039223,0,5.83143013715744,0,8.30621898174286,0,36.0253452658653,2.58516240119934,34.6430172324181,0,946.408764123917,0,9.00765722990036,0,176.667481482029,0,586.403192013502,1.66903841495514,494.099259257317,12.6059290766716,3620.27445414662,4.31997084617615,605.335474222898,3.24132001399994,0,2.83250999450684,50.7073908746243,54.3451532125473,5.87204194068909,0.700392782688141,394.525683045387,10.4007155895233,341.230459630489,2.64881479740143,92.0105915367603,0,612.094303607941,6.1064333319664,14.2256510853767,0,778.401777327061,2.29594850540161,72.6852122843266,0,4046.96132808924,0,6.14282947778702,0,639.611675292253,3.21358418464661,1.74302271008492,0,0,0,41.8425053954124,0,30.1865727901459,0,1.34396600723267,0,0,0,0,0,0.962564826011658,0,0,0,0,0,0,0,0,0,0,0
2.83123591542244,562.955714166164,0,109.434211075306,0,0,0,853.209728896618,0,0,0,207.09942856431,0,86.3761321306229,0,6.93068444728851,1.55493259429932,34.8212004899979,3.40093630552292,54.6486984789371,0,0,0,5.45461124181747,0,0,0,0,0,125.44451212883,0,1.06869697570801,1.86823487281799,2.63181579113007,13.4794206023216,2.39303994178772,31.7796975374222,590.813639879227,0,32.7801890075207,0,135.728726148605,6.40710073709488,2.84292680025101,3.83771550655365,29.1469682455063,3.70453548431396,55.7681779265404,0,655.036894738674,0,887.556365549564,0,2.65337690711021,0,88.1924142837524,2.71436512470245,275.862048894167,20.7523184418678,2083.27074173093,1.7640408873558,3433.74043232203,0,958.135758042336,2.83250999450684,0,48.4915019273758,59.1598714888096,0,0,5.71047532558441,122.315727591515,0,720.740971177816,0,112.056337207556,10.3940913975239,592.565843939781,0,10.597552716732,0,722.020029723644,0,88.6239583790302,0,4074.50315007567,0,13.2348004579544,1.43024611473083,785.624269872904,0,0.778409123420715,0,0,0,30.7774830758572,0,0,0,0.969764947891235,0,0,0,0,0,0,0,0,1.0565699338913,0.623010575771332,0,0,0,0,0,0
83.6863087117672,94.5868798792362,442.224803596735,23.6088600754738,0,0,143.091696321964,0.530331611633301,0,0,38.2958042323589,0,32.1380280554295,0,0,0,37.9404033720493,9.74856930971146,431.276527404785,158.71761906147,0,0,287.840321779251,0,0,0,0,0,188.537494570017,25.2213388681412,745.91073718667,33.8392733931541,4302.98032924533,873.906614631414,2022.93130925298,510.523601263762,738.459356606007,786.385757297277,320.941565513611,63.8352984189987,117.616201281548,8.54919254779816,1656.80667620897,689.679752618074,1668.27564170957,254.986572504044,1588.45753023028,363.167336434126,496.653114557266,511.592558652163,610.328145354986,360.491093337536,65.3246276676655,180.191594868898,278.150551587343,286.552183121443,320.334384769201,560.357860386372,1798.56103342772,1215.56128099561,193.919443160295,167.855037629604,129.097124904394,150.731569647789,50.7073908746243,48.4915019273758,0,5614.28900960088,557.99938800931,321.582341432571,377.942319899797,189.864594101906,349.272061049938,159.504710376263,86.9073247611523,22.6357297897339,1243.4992120564,537.22791582346,5.59309193491936,16.0928062796593,170.051175683737,27.2605060338974,13.9611275196075,0,159.297150701284,111.373982131481,8.37073934078217,0.505981385707855,593.26200056076,168.386980742216,26.6269043385983,4.10890167951584,0,0,22.007451415062,0,16.0318964123726,0,38.6932109594345,12.9084954857826,0,0,0,0,0,0,0,0,0,0,0,0,0,0,0,0
33.6892127990723,70.0275221765041,15.8983608186245,57.4399003088474,0,0,0.773880422115326,4.68667966127396,0,0,0,12.4388400316238,0,1.79895162582397,0,3.85690808296204,8.9789223074913,7.52830761671066,86.7247732579708,497.511506557465,0,2.38457459211349,0,74.2642900645733,0,0,0,0,44.0061557888985,104.12850278616,14.5251789093018,531.333729565144,390.554060429335,4669.34896865487,630.81711229682,1531.25998744369,819.682031989098,565.063971579075,82.4469893574715,822.761822909117,0,133.865736633539,832.011101186275,2276.7931843102,617.036551594734,940.288179576397,809.813885331154,1587.42931377888,402.903241097927,705.095344543457,562.791489958763,412.128352731466,58.7754396796227,184.238970130682,196.770452201366,482.928471207619,187.918153524399,340.698657691479,1252.87119632959,1937.43676671386,234.89172744751,80.4610981941223,99.9732894897461,72.5571867823601,54.3451532125473,59.1598714888096,5614.28900960088,0,187.909300416708,330.074011951685,98.5012039244175,90.5460634827614,63.2478840649128,447.969158619642,11.5734202861786,77.0807527601719,465.66616782546,857.919012069702,4.71089690923691,30.0826365947723,41.1555289626122,213.817807585001,0,32.2683418095112,26.5487804412842,146.512237221003,0,39.1883758306503,181.978729128838,342.301284611225,14.0113733410835,3.24695694446564,0,0,0,44.1753090023994,0,0.504253447055817,17.1156361103058,27.7313034832478,0,0,0,0,0,0,0,0,0,2.56856808066368,2.75714766979218,0,0,0,0,0
915.896110475063,232.14319345355,607.160500138998,140.794897764921,0,0,25.2621622085571,14.5279852747917,0,0,18.8600272536278,0,27.3766113817692,0,0,0,43.7517377734184,11.2379018068314,1474.77754682302,660.265441715717,0,0,46.9833194613457,0.804577648639679,0,0,0,0,98.9441269040108,4.42751008272171,23.6619932055473,8.91511625051498,737.342658042908,485.900698363781,1.05168810486794,0,43.3208321928978,0.833467781543732,35.1374089717865,1.29259157180786,0,0,0,0,0,0,0,0,0,0,0,0,0,0,0,0,2135.50284808874,135.654687583447,170.219052672386,20.9820995926857,15.8355166912079,0,44.3223387300968,6.32862311601639,5.87204194068909,0,557.99938800931,187.909300416708,0,445.181784391403,526.14256054163,103.525273084641,223.329380303621,44.6505371928215,80.7731737494469,12.0603184103966,1270.1040713191,196.830656677485,3.09938037395477,0,9.97427809238434,0,0.654336035251617,0,1.63806945085526,1.75986385345459,0,0,0,0,0,0,0,0,11.8943510651588,1.42841255664825,1.77702820301056,0,0,0,0,0,0,0,0,0,0,0,0,0,0,0,0,0,0,0
100.70144367218,400.015418082476,23.0034284591675,36.0911175310612,0,0,1.54086518287659,2.56906235218048,0,0,0,4.35589045286179,0,1.47350054979324,0,0,9.91936945915222,33.3721900582314,107.880698978901,1339.94032388926,0,0,0,26.1944574117661,0,0,0,0,12.5972867012024,12.8697138428688,2.89697277545929,6.55627459287643,231.621143996716,705.313201338053,3.02154219150543,0,2.60572564601898,18.4739438295364,0,29.0430321097374,0,0,0,0.943591773509979,0,1.54734635353088,0,2.45382940769196,0,0.639901220798492,0,0.611857235431671,0,0,0,0,136.410600274801,1706.72648495436,16.0618125200272,81.886176019907,18.0872279405594,3.84550619125366,29.6032287478447,9.57873058319092,0.700392782688141,0,321.582341432571,330.074011951685,445.181784391403,0,57.8017629384995,154.998891443014,12.1349937617779,220.758522510529,1.2994509935379,67.0538568496704,207.364521890879,899.721199065447,0.844870686531067,1.55898186564445,4.71454685926437,3.16300278902054,0,0,3.93703424930573,0.710208654403687,0,0,0,0,0,0,0,0,0,25.1553669571877,0,0,0,0,0,0,0,0,0,0,1.65052759647369,0,0.83857661485672,1.22490096092224,0,0,0,0,0,0
3727.82114571333,213.036066293716,3544.11061629653,613.006203114986,1028.22088474035,160.953542023897,4174.7481097877,838.104238301516,807.047324359417,104.990686476231,408.691461950541,82.499959051609,2272.84897047281,121.241059988737,2290.92578351498,125.640303641558,152.534398764372,7.22229009866714,1319.16531911492,935.048389106989,686.884403288364,248.116405397654,1980.546803087,1310.68350595236,448.060673743486,494.341414988041,363.207875102758,429.758847087622,857.784363776445,32.4224481582642,1096.47990262508,839.305916190147,238.770906329155,578.229810982943,37.6837511360645,0,421.372561007738,51.2724443078041,140.433395922184,1.97641587257385,278.042531490326,35.7448683381081,4.45932418107986,0.888149619102478,1.23154476284981,0.528132557868958,62.5693672299385,4.80638521909714,16.2586401104927,0,150.825653254986,0.396808326244354,2.42879509925842,0,43.6027178168297,8.67812663316727,2007.43437945843,85.4465889632702,291.249145716429,24.0307920873165,317.361849248409,11.9249629974365,191.054430127144,20.1150693893433,394.525683045387,5.71047532558441,377.942319899797,98.5012039244175,526.14256054163,57.8017629384995,0,1019.770334512,5401.42653822899,345.762348175049,3807.61812353134,170.333226114511,9988.65838336945,465.528923898935,8.10218793153763,0,99.0639663040638,2.88525575399399,14.7321422696114,1.85163378715515,157.05284434557,4.87949925661087,28.3018220067024,18.2596455216408,95.0081673264503,6.36733394861221,15.600105881691,5.25578558444977,7.52018544077873,7.99111223220825,143.218693912029,15.6105913519859,37.1356049180031,6.55909842252731,7.84230551123619,1.58458864688873,1.95874291658401,0,15.8610928058624,19.8955508470535,74.4176958203316,20.2067548036575,7.67165187001228,3.97903573513031,35.7486354708672,7.76837360858917,3.56871294975281,0,0,0,1.22149968147278,21.594867259264
213.814731925726,2613.19547328353,756.27777826786,2569.70371291041,197.174575328827,805.810090839863,489.125901758671,4253.50684532523,58.4955870807171,931.690270215273,40.5958043038845,703.578273057938,146.923974007368,1743.95603808761,139.536391466856,1982.74500963092,10.1586112082005,150.303525686264,771.870172709227,1341.24489125609,88.4402641057968,241.209098517895,1230.97531151772,2119.30848658085,193.638916611671,950.442553341389,80.1326573491096,768.149457931519,133.225359350443,249.524372547865,360.093912184238,699.439772486687,225.369236648083,315.580751270056,0,7.13426500558853,50.428636431694,313.210149437189,19.5935385227203,51.1735515892506,25.8278774023056,215.711416214705,0,0,0,1.70512300729752,7.80757564306259,43.1271361410618,0,7.77955836057663,3.91971927881241,23.5382146835327,0,1.69596314430237,20.3967083990574,36.6876947581768,156.085408419371,628.380453318357,34.0786991119385,60.6621001958847,26.7177263498306,171.096019983292,16.6668226122856,272.21018832922,10.4007155895233,122.315727591515,189.864594101906,90.5460634827614,103.525273084641,154.998891443014,1019.770334512,0,278.574405044317,6281.17661446333,123.90700545907,4797.22387158871,431.529224634171,10009.9230956733,0,4.45692735910416,8.38516342639923,80.3998019397259,1.01374483108521,12.0363503694534,4.65445411205292,268.579146206379,15.779928445816,39.5598497986794,20.2740609049797,167.299167186022,13.6595339179039,17.5946509838104,3.76727396249771,25.2070306837559,22.9142751097679,128.436678797007,47.0274632871151,11.5174034237862,6.27095007896423,14.9729897975922,6.37333762645721,4.98799604177475,17.2099051177502,26.2194800078869,68.7886466681957,131.90265122056,19.7163469791412,9.28273409605026,104.483247548342,26.0266671776772,1.52840828895569,0.79936957359314,3.05026322603226,4.86192047595978,0,27.199141561985
1966.46217849851,74.9863224923611,1995.95419067144,152.163268834352,919.056088596582,11.3050038218498,790.01511874795,181.588535964489,663.796007394791,10.5143578648567,176.327487647533,26.2696349620819,554.421426594257,12.2517881393433,1492.10567998886,5.95573967695236,137.392334669828,2.57987582683563,643.581388473511,517.41079634428,291.52785423398,7.11564165353775,592.564683407545,373.125348001719,204.643567889929,81.3433839976788,207.720511138439,27.1322877705097,1662.70107123256,4.00699034333229,169.462509959936,239.3362005651,85.5808103680611,280.943649977446,52.0310446918011,23.7009804844856,495.877665609121,101.325749129057,113.25965359807,0.860520780086517,864.839545220137,76.7092280387878,151.301520884037,3.65560388565063,57.5156750380993,0,477.703732222319,3.97148722410202,145.599676162004,0,645.522167026997,0,48.5149460732937,0,201.025489062071,21.6395836472511,1313.87382113934,45.7018580436707,664.77819994092,9.14063674211502,361.964076548815,3.13447946310043,178.857140094042,8.72006219625473,341.230459630489,0,349.272061049938,63.2478840649128,223.329380303621,12.1349937617779,5401.42653822899,278.574405044317,0,94.8298470973969,2677.5255407691,110.776751935482,2089.47588592768,102.861798673868,16.4977599382401,3.02756613492966,285.564950019121,3.40341460704803,109.422283470631,2.26061457395554,376.356766909361,4.85335320234299,78.3958559036255,34.131855905056,283.691253095865,4.5077388882637,24.2417927086353,4.11601233482361,7.52759742736816,4.22612988948822,80.1471932828426,4.13155353069305,33.4572483599186,0.932815909385681,29.8263649642467,3.09462162852287,2.19486251473427,0.614784419536591,4.64001441001892,5.01222383975983,42.323509901762,20.9494710564613,8.09767985343933,3.42248910665512,24.2681147754192,4.42872154712677,2.39139592647552,3.2405149936676,1.79755818843842,1.53831189870834,0.984945297241211,9.06687763333321
105.66129052639,2957.12417885661,283.070035517216,2616.46945178509,50.614601701498,959.956427454948,155.971018821001,1518.95450726151,15.8996294140816,1011.00539061427,10.3266996145248,616.552451819181,42.6607010960579,869.243972629309,16.6103346943855,2193.58036094904,0.572157382965088,1229.6035990417,524.743894904852,1534.30079099536,13.9610630273819,176.228627949953,468.736980944872,1746.58042156696,38.6985132694244,411.533893913031,13.9696887135506,533.187731027603,45.1769652068615,4072.68466046453,183.878368973732,324.511012971401,136.782823652029,255.941213160753,44.3935914039612,73.3824833035469,87.6261414289474,534.654364138842,8.27900761365891,59.5250758528709,21.4550198912621,2286.23037171364,27.4591851532459,131.985949099064,10.8922515809536,107.835279494524,13.3279721736908,324.799828708172,2.97956693172455,489.517663121223,0,882.183131426573,0,221.956963002682,5.47998476028442,408.630471855402,59.1581832766533,2076.81774690747,12.4844108819962,704.509389072657,4.82982936501503,507.614846467972,4.79832136631012,565.904927551746,2.64881479740143,720.740971177816,159.504710376263,447.969158619642,44.6505371928215,220.758522510529,345.762348175049,6281.17661446333,94.8298470973969,0,62.0003098249435,2165.82795202732,133.959671348333,1780.22329735756,0,136.309073805809,0,754.945558220148,1.03687262535095,480.869027912617,2.36760365962982,700.879494905472,13.148267686367,117.769595474005,17.0153575539589,259.963905543089,10.3889909982681,22.259397059679,2.42923381924629,13.6909672021866,6.93479436635971,61.9504989087582,21.8678632378578,4.13381779193878,14.0928089022636,54.0647620260715,3.99560099840164,0,8.51297742128372,15.9945833384991,20.4015226066113,38.1757656931877,9.33152520656586,3.11733993887901,29.3201060295105,6.71918195486069,5.76003479957581,0.521188020706177,0,2.22901725769043,0,5.94666856527328
828.237319916487,15.2374623417854,1036.93707123399,41.0398521721363,55.2683108448982,0,497.28931593895,95.3737771511078,56.2620220184326,0,45.6198923587799,5.63119375705719,211.575349092484,2.2707205414772,146.428033292294,2.79666876792908,17.8948644399643,2.73435699939728,564.096838474274,189.215465754271,27.5927481353283,3.55710065364838,250.846121996641,130.942715704441,15.0954326987267,4.74938035011292,5.49533593654633,0.856551945209503,73.4316573441029,1.76280319690704,88.7802562117577,72.3519495129585,64.4235388636589,133.099945962429,12.4391961097717,0,1148.77539694309,87.4454257488251,246.825862318277,20.7393026947975,266.593855381012,32.6453218460083,11.8515439331532,0,7.06221151351929,0,17.0884535312653,1.48880410194397,23.6089259982109,0,80.7220732569695,0,6.04253441095352,0,26.9620335102081,8.61045736074448,442.672137230635,10.8038592934608,176.01880800724,4.80012911558151,119.791767716408,0,37.5461133122444,1.72059786319733,92.0105915367603,0,86.9073247611523,11.5734202861786,80.7731737494469,1.2994509935379,3807.61812353134,123.90700545907,2677.5255407691,62.0003098249435,0,191.084009796381,1680.40790790319,146.235684156418,0,0,21.3855257630348,1.67153418064117,1.61836737394333,2.47024095058441,26.7295266091824,0.737027823925018,22.3718994259834,12.7168635129929,39.9076818525791,6.0794894695282,63.5577444136143,115.879207581282,43.5345985591412,76.1224122345448,246.257956832647,66.9841376841068,82.6811002194881,66.1075086891651,30.2535866498947,84.0462292134762,32.7568904161453,21.1222628355026,70.5505864322186,179.921362549067,197.659103244543,102.443997979164,32.8795791566372,25.3481912612915,62.615759819746,23.7262011170387,24.7617124915123,6.56052315235138,4.32325112819672,4.28144925832748,0.983198046684265,40.981575936079
35.569224357605,735.293345481157,109.029065430164,874.061849206686,0.92336106300354,51.6443172991276,64.7639102339745,581.018658161163,2.33297038078308,77.4359530806541,6.82524800300598,100.207478523254,13.2284470796585,134.551114201546,1.52694547176361,178.171362519264,0,57.982190489769,189.950339138508,713.183871746063,3.23345971107483,17.6185769438744,157.316913336515,773.099295705557,1.98718017339706,49.8215320706367,2.99291378259659,17.4032018184662,17.3195967674255,53.3330279588699,74.9071288108826,129.463237226009,67.3788442015648,152.240369647741,8.91177582740784,10.7433402240276,114.790835857391,775.885066509247,74.3516424894333,105.61101269722,32.1053068041801,246.684454768896,0,24.0386919379234,0,20.6275718212128,9.90978968143463,45.5387194752693,0,69.8833195567131,0,111.226492404938,0,12.3142839372158,19.1273103356361,34.1702944040298,14.6694259941578,369.926131755114,0.67719566822052,135.799016863108,1.51928722858429,61.5393077135086,0,32.9333067536354,0,112.056337207556,22.6357297897339,77.0807527601719,12.0603184103966,67.0538568496704,170.333226114511,4797.22387158871,110.776751935482,2165.82795202732,191.084009796381,0,89.7776285111904,1237.60559383035,1.81855666637421,1.1612845659256,1.6840113401413,19.5210021138191,2.10621666908264,5.41969168186188,0.812912940979004,47.1859887242317,32.21042573452,34.2042760848999,34.0009433031082,23.827873468399,115.868854284286,53.7471547722816,58.0161980986595,65.3210944533348,46.8252310454845,186.42354118824,110.467156171799,24.3526498675346,61.951155602932,24.0000765919685,91.5132918059826,17.6687470078468,146.834046125412,68.9504635930061,94.4602469205856,168.537860929966,47.0179640352726,15.2396951913834,98.7254219353199,25.1576817035675,25.8008073866367,0.51812756061554,8.31024822592735,2.95456951856613,4.69403526186943,39.8744253218174
4685.83703055978,360.484432935715,4029.53575780988,216.416020303965,180.115530967712,0,1704.63177159429,285.165458142757,171.6818600595,0,258.439110696316,31.7699176371098,605.052346438169,4.81490391492844,431.904461234808,2.41126906871796,165.41147044301,20.4844065904617,2504.43995553255,1183.99781450629,6.6639621257782,0,734.206001102924,159.753412842751,26.7376285195351,2.73921471834183,7.18637233972549,1.00530993938446,434.55606713891,11.4968844950199,328.566005706787,251.123517513275,282.615339756012,790.203665345907,198.823775589466,65.8084372878075,4104.77178505063,183.258748888969,326.216581165791,53.4813578128815,274.113264203072,9.6984149813652,249.596367746592,43.1290176510811,139.648395299911,6.81919628381729,665.751251041889,40.2074174880981,354.46406441927,20.0006768107414,1137.06433039904,12.5219428539276,53.7324789762497,14.1854439079762,330.365354239941,44.8469640016556,3166.40633457899,335.422914654016,1996.68952491879,121.068466871977,820.340495288372,45.0452978610992,283.754858523607,111.563641607761,612.094303607941,10.3940913975239,1243.4992120564,465.66616782546,1270.1040713191,207.364521890879,9988.65838336945,431.529224634171,2089.47588592768,133.959671348333,1680.40790790319,89.7776285111904,0,615.050298959017,22.9943423271179,2.9516464471817,276.410770326853,29.1254827976227,42.5837832093239,0.578471302986145,249.982543319464,12.1253564059734,110.38755851984,0.698298037052155,257.98214507103,21.2830146253109,96.4665458798409,35.8289248347282,226.385053783655,103.066629528999,818.735928684473,74.7961193919182,483.597624897957,24.3337647616863,37.0493986010551,28.6682668626308,89.7075546085835,16.0402449667454,207.216495513916,94.7593174874783,864.418610066175,259.385846734047,85.0289569795132,16.6636472046375,479.80980232358,708.606535375118,52.9253903031349,16.2072322368622,38.0597948431969,36.8589023351669,14.7492267489433,167.37133616209
287.122256100178,4553.84744971991,293.596387267113,3147.63135051727,0,42.8427973091602,117.004025965929,2018.21462067962,0,126.821854710579,14.1468430757523,264.347758680582,14.4122727513313,263.05465772748,0,316.846688061953,12.5229197144508,140.157409757376,1063.22549659014,3883.43320095539,6.01109373569489,0.783897936344147,207.806884407997,1436.4298864603,0,57.4758876860142,1.33660316467285,13.1997929215431,51.4129404723644,120.257988512516,237.312237083912,335.997501373291,361.868599206209,614.147768318653,70.6202512681484,209.492813050747,212.335397183895,4272.4205340147,36.3965721726418,411.375352472067,9.25391095876694,129.997139066458,71.8529138565063,107.663847237825,28.9785712361336,99.6846358776093,91.2012738585472,528.587075769901,3.94279676675797,513.690761387348,6.75793159008026,659.192498326302,0,93.3683791160583,22.1376983821392,359.370781481266,207.317476302385,2874.98121374846,143.94601893425,1400.44487610459,64.9182804822922,706.388117223978,39.2811387777328,423.213703721762,6.1064333319664,592.565843939781,537.22791582346,857.919012069702,196.830656677485,899.721199065447,465.528923898935,10009.9230956733,102.861798673868,1780.22329735756,146.235684156418,1237.60559383035,615.050298959017,0,1.46518635749817,16.2173503041267,21.490349650383,224.306499511003,1.81499648094177,53.3841698765755,12.8250957131386,157.501304030418,0,208.24592345953,15.3689070940018,186.285646915436,62.6732262372971,85.6101611852646,50.3073864281178,320.875074833632,132.411581128836,494.008237808943,113.871498823166,61.3262517154217,49.6466355323792,41.1825136840343,41.6880531013012,28.4688254594803,125.957460224628,190.214119881392,224.255228757858,536.309628307819,31.8761232495308,33.0711140930653,519.369943767786,1011.26519289613,51.7766796052456,20.5349135696888,34.0867201387882,38.7073899507523,24.0221005678177,122.695058107376
4.74219369888306,0,0.423901051282883,0,0,0,0,0,0,0,6.60709828138351,0,7.56464451551437,0,0,0,364.371597141027,0,0,0,0,0,0,0,0,0,0,0,349.9768011868,0,0,0,0,1.00809752941132,0,0,4.6594745516777,1.40740859508514,0,0,0,0,0,0,0,0,0.443514347076416,0,0.683408439159393,0,0.736563920974731,0,0,0,0,0,91.9066908955574,1.34079885482788,34.2473233342171,1.91833233833313,38.6415436863899,3.42508804798126,138.496033161879,0.58447653055191,14.2256510853767,0,5.59309193491936,4.71089690923691,3.09938037395477,0.844870686531067,8.10218793153763,0,16.4977599382401,0,0,1.81855666637421,22.9943423271179,1.46518635749817,0,0,414.541744083166,0,6.97029560804367,0,14.957711070776,0,0.483987182378769,0,0,0,0,0,0,0,1.30354750156403,0,0.673732042312622,0,0,0,0,0,0,0,0,0,0,0,0,0,0,0,0,0,0,0
0,3.03694185614586,0,2.24695515632629,0,0,0,2.9917625784874,0,0,0,0,0,0,0,0,0,264.903898328543,0,2.34904515743256,0,0,0,0,0,0,0,0,0,290.203925073147,0,0,2.59094029664993,0,0,2.73197782039642,1.91752147674561,4.26030814647675,0,2.60556155443192,0,0,0,0.76220828294754,0,1.65785241127014,0.94529515504837,3.74130171537399,0,7.18762096762657,0,9.59319573640823,0,0.789294302463531,0,0,3.64202862977982,75.5271100699902,3.4121977686882,74.6150976717472,0,23.5439130663872,0,102.208080977201,0,10.597552716732,16.0928062796593,30.0826365947723,0,1.55898186564445,0,4.45692735910416,3.02756613492966,136.309073805809,0,1.1612845659256,2.9516464471817,16.2173503041267,0,0,0,849.154811471701,0,22.0613135099411,0,8.10439896583557,0,0,0,0.606001496315002,0,0,0,0,0,1.36351454257965,0,0,0,0,0,0,0,0,0,0,0,0,0,0,0,0,0,0,0,0
20.4934789538383,3.14168500900269,7.71789574623108,0,0.990831077098846,0,4.73176366090775,0,0.640971183776855,0,163.726867675781,0,164.163528561592,0,7.12875610589981,0,814.63950291276,0,0.680665194988251,0,0,0,0,0,0,0,0,0,1150.89299964905,0,0,1.69331574440002,1.91135120391846,15.6551364064217,5.19305321574211,5.19050288200378,81.0242673158646,17.8639376759529,13.6436923742294,0,12.8061201572418,0,71.9482544660568,0,26.3023822009563,0,104.648687601089,0,107.64968842268,0,491.426706194878,0,14.7370426356792,0,82.954735159874,0,166.390292018652,25.3813129663467,472.474222362041,8.23923510313034,540.055867373943,1.74859118461609,2480.86488008499,8.25761288404465,778.401777327061,0,170.051175683737,41.1555289626122,9.97427809238434,4.71454685926437,99.0639663040638,8.38516342639923,285.564950019121,0,21.3855257630348,1.6840113401413,276.410770326853,21.490349650383,414.541744083166,0,0,2.20294630527496,1360.40550988913,0,4997.01243439317,1.46132385730743,28.5444134771824,0,251.943855494261,0,4.87270504236221,0,0,0,7.54123914241791,0,9.23755502700806,0,2.97255045175552,0,0,0,0,0,2.14616787433624,0,0,0,0,0,0,0,0,0,0,0
0,31.2380695044994,0,19.1504370570183,0,0.782831192016602,0,17.0827563405037,0,1.74481022357941,0,55.933836132288,0,55.9991400837898,0,17.8779779076576,0,699.478335916996,0,13.8973954319954,0,0,0,16.8570081591606,0,0,0,0,1.68707001209259,649.00031375885,0,4.34493827819824,8.18830108642578,8.44139802455902,4.84872829914093,13.4208938777447,2.21303915977478,119.637009769678,0,8.54367387294769,0,44.2544783651829,5.86357629299164,47.796171694994,1.30215787887573,34.5501012206078,2.79425644874573,77.8808014392853,0,240.145513653755,0,500.369738548994,0,66.3109399676323,0,52.7306352853775,6.0028195977211,168.238650888205,5.73865616321564,355.984230130911,1.61876094341278,215.018087148666,1.64019584655762,1698.13075870275,2.29594850540161,722.020029723644,27.2605060338974,213.817807585001,0,3.16300278902054,2.88525575399399,80.3998019397259,3.40341460704803,754.945558220148,1.67153418064117,19.5210021138191,29.1254827976227,224.306499511003,0,849.154811471701,2.20294630527496,0,0,2257.15810957551,0,4418.83400693536,0,121.44009962678,0,277.79611453414,0,2.18274039030075,0,0,0,6.27823066711426,0,0,0,7.20072704553604,0,0,0,0,0,0,0,0,0,0,0,0,0,0,0,0
22.1927503943443,0,28.0453069806099,0,11.5308670699596,0,3.69811540842056,0.555461525917053,6.43170535564423,0,85.7939845919609,0,4.85676902532578,0,39.675296664238,0,69.1608754992485,0,11.6291525363922,4.16550469398499,0,0,0,0,1.84336543083191,1.22208189964294,0.700120747089386,0.556233406066895,1350.12180832028,0,0,0,0,1.074915766716,7.24126583337784,0.649594664573669,302.769316017628,2.48142981529236,132.240629345179,0,584.343086659908,2.27852070331573,6.22504168748856,0,0.886469960212708,0,72.6758240461349,0,12.5905307531357,0,126.929110735655,0,7.54687082767487,0,131.856325060129,0,48.2997665405273,0,30.2386085987091,0,82.100076675415,0,57.1501482129097,0,72.6852122843266,0,13.9611275196075,0,0.654336035251617,0,14.7321422696114,1.01374483108521,109.422283470631,1.03687262535095,1.61836737394333,2.10621666908264,42.5837832093239,1.81499648094177,6.97029560804367,0,1360.40550988913,0,0,0,627.153232902288,0,786.806425392628,0,152.656149864197,0,1.72216802835464,0,0,0,2.37689328193665,0,1.7457799911499,0,0,0,0,0,0,0,0,0,0,0,0,0,0,0,0,0,0,0
0,0,0,0,0,38.1448837518692,0,0,0,6.08459836244583,0,0,0,0,0,26.8028277158737,0,5.22116628289223,0,0,0,54.0053510665894,0,0,0,2.38150763511658,0,11.3322975635529,0,428.743261545897,1.12779462337494,0,0,2.18758434057236,1.19661557674408,9.86354783177376,3.59194457530975,391.30984172225,0,298.664425432682,3.76471906900406,1679.60929501057,1.52340590953827,13.6170764863491,0,4.44182971119881,0,57.0356924235821,0,40.4371957480907,0,128.489120751619,0,32.7450248003006,0,180.799867331982,0,1.02058854699135,0,24.6681669950485,0,18.6672309935093,0,53.3249529004097,0,88.6239583790302,0,32.2683418095112,0,0,1.85163378715515,12.0363503694534,2.26061457395554,480.869027912617,2.47024095058441,5.41969168186188,0.578471302986145,53.3841698765755,0,22.0613135099411,0,2257.15810957551,0,0,0,836.999578654766,0,1120.56741860509,0,133.488551557064,0,1.43008929491043,0,0,0,3.51963198184967,0,0,0,7.73793622851372,0,0,0,0,0,0,0,0,0,0.687535345554352,0,0,0,0,0,0
528.959652841091,0,28.386643409729,0,10.5869100689888,0,109.115770757198,0,0.911543071269989,0,797.20912361145,0,741.923551738262,0,15.2508024275303,0,159.802287101746,0,3.5379644036293,0,1.00447618961334,0,0,0,0,0,2.44019168615341,0.565850734710693,728.632632106543,0,4.74444562196732,0.90747195482254,2.90859264135361,12.9830813407898,21.9253417849541,6.35732924938202,188.135515272617,7.54974591732025,16.8922964930534,0,57.6652755439281,0,59.660546541214,4.00790071487427,31.933162689209,0,214.758906155825,0,118.221608459949,1.44543707370758,2757.10309818387,0,76.0873519480228,0,328.368601799011,0,207.60126709938,2.06434607505798,257.169251352549,0,466.887338042259,0,1348.10791945457,0,4046.96132808924,0,159.297150701284,26.5487804412842,1.63806945085526,3.93703424930573,157.05284434557,4.65445411205292,376.356766909361,2.36760365962982,26.7295266091824,0.812912940979004,249.982543319464,12.8250957131386,14.957711070776,0,4997.01243439317,0,627.153232902288,0,0,0,255.256845265627,0,4820.82665282488,0,14.9429258108139,0,0,0,9.95270636677742,0,0.853419661521912,0,3.81290084123611,0,0,0,0,0,0,0,0,0,0,0,0,0,0,0,0,0
0,265.173199623823,1.47932696342468,46.2264793515205,0,8.96583646535873,0,466.47851780057,0,4.0149097442627,0,341.369458675385,0,79.9870023131371,0,24.6122210621834,0,39.1322681605816,0,28.9798060059547,0,4.67661064863205,0,3.15656411647797,0,0.672608971595764,0,0.827433466911316,0,341.489967405796,0,0.465926378965378,3.10736560821533,10.8737190365791,26.3793675601482,43.7409205138683,5.92536225914955,267.116817951202,0,36.8373432159424,2.01564240455627,126.013833582401,81.9102548956871,68.9793924689293,27.0303975343704,44.0811467468739,14.4040512442589,156.081687152386,14.9927558302879,389.293237924576,16.7807911038399,5029.97429546714,0,350.732816547155,0,830.275194317102,5.17207902669907,34.983593672514,14.2406977415085,149.062587320805,2.5549738407135,403.73896035552,1.35339641571045,2264.57219219208,0,4074.50315007567,111.373982131481,146.512237221003,1.75986385345459,0.710208654403687,4.87949925661087,268.579146206379,4.85335320234299,700.879494905472,0.737027823925018,47.1859887242317,12.1253564059734,157.501304030418,0,8.10439896583557,1.46132385730743,4418.83400693536,0,836.999578654766,0,0,0,917.995126545429,0,6308.16997566819,0,5.6520317196846,0,0,0,7.65026599168777,0,0,0,28.1280799806118,0,0,0,0,0,0,0,0,0,0,0,0,0,0,0,0
0,0,0,0,16.5005442500114,0,0,0,3.05745959281921,0,0,0,0,0,14.3670210540295,0,0,0,0,0,3.96899223327637,0,0.588123202323914,0,0.883690237998962,0,3.28443309664726,1.22619807720184,507.169706165791,0,0,0,0,0,3.00795829296112,0,900.361764758825,19.8572259545326,140.240874201059,0,873.890357881784,29.7356706857681,0.909786760807037,0,0,0,118.253059118986,0,0.580753207206726,0,14.1605019271374,0,0,0,341.700696617365,0,0,0,0.576825499534607,0,0.511936008930206,0,1.4236536026001,0,6.14282947778702,0,8.37073934078217,0,0,0,28.3018220067024,15.779928445816,78.3958559036255,13.148267686367,22.3718994259834,32.21042573452,110.38755851984,0,0.483987182378769,0,28.5444134771824,0,786.806425392628,0,255.256845265627,0,0,0,703.652284175158,0,0.545466780662537,0,0,0,2.97920423746109,0,1.15993320941925,0,2.63791239261627,0,0,0,0,0,0,0,0,0,0,0,0,0,0,0,0,0
0,0,0,0,0,3.93816345930099,0,0,0,0,0,0,0,0,0,6.58722537755966,0,1.65972679853439,0,0,0,4.32184606790543,0,0,0,0,0,1.84137126803398,0,42.7268584668636,0,0,0,0,1.12037920951843,22.2546224892139,14.0589489936829,1044.16851508617,0,325.985905140638,19.6553457975388,1392.72410926223,1.21214389801025,14.9960925579071,0,1.81143471598625,0,169.66083535552,0,1.36735951900482,0,27.5213396549225,0,12.1648312211037,0,912.258507788181,0,0,0,0.417837411165237,0,2.72057875990868,0,24.985203742981,0,13.2348004579544,0.505981385707855,39.1883758306503,0,0,18.2596455216408,39.5598497986794,34.131855905056,117.769595474005,12.7168635129929,34.2042760848999,0.698298037052155,208.24592345953,0,0,0,121.44009962678,0,1120.56741860509,0,917.995126545429,0,0,0,1265.67302182317,0,0,0,0,0,13.8911560773849,0,0,0,3.26764988899231,0,0,0,0,0,0.789627194404602,1.85090672969818,0,0,1.76178556680679,0,0,0,0,0,0
130.273108124733,0,1.40339708328247,0,19.3870826661587,0,11.228407740593,0,6.20767015218735,0,166.47373521328,0,130.412357985973,0,19.5739324688911,0,26.777397274971,0,0,0,8.46765196323395,0,1.61596614122391,0,1.96663928031921,1.58341550827026,4.29025220870972,0,448.821588456631,0,2.82973349094391,0,5.2590537071228,10.3889298439026,141.322387099266,55.715290337801,648.597593516111,56.9268523454666,318.682647943497,2.89556419849396,216.637330323458,48.9360983371735,191.755107194185,27.6553816199303,101.652907967567,4.53475165367126,1089.54725778103,0.553539097309113,136.55446228385,0,1632.65635359287,0,222.438956677914,0,3004.87935048342,10.3552603721619,58.4479686021805,0,539.295363306999,0,246.093584269285,0,53.2817369997501,0,639.611675292253,1.43024611473083,593.26200056076,181.978729128838,0,0,95.0081673264503,20.2740609049797,283.691253095865,17.0153575539589,39.9076818525791,34.0009433031082,257.98214507103,15.3689070940018,0,0,251.943855494261,0,152.656149864197,0,4820.82665282488,0,703.652284175158,0,0,0,26.6719914376736,0,0,0,5.89313912391663,0,6.10212451219559,0,28.8506418466568,0,0,0,0,0,0,0,0,0,0,1.13554954528809,0,0,0,0,0,0
0,77.5186607837677,0,5.66499820351601,0,0.892257392406464,0,65.1434115171432,0,2.50990378856659,0,82.3060711026192,0,3.07362788915634,0,3.04604822397232,0,6.05565905570984,0,2.55264341831207,0.684768974781036,0.602351903915405,0,0,0,0,0,0,0,69.7365441024303,0,0,0,7.19345554709435,61.7955186069012,107.639723390341,21.0586104691029,567.540487289429,0,121.332536965609,10.5638267397881,120.685798794031,78.2985053658485,130.358686119318,18.3246259689331,77.6697023510933,32.3596972823143,363.782474368811,9.47136813402176,388.964374244213,7.59002232551575,1831.79612961411,0,863.622672647238,6.22055804729462,3223.90815940499,0,9.47039380669594,0,284.947663575411,0,177.509864509106,0,570.530176371336,3.21358418464661,785.624269872904,168.386980742216,342.301284611225,0,0,6.36733394861221,167.299167186022,4.5077388882637,259.963905543089,6.0794894695282,23.827873468399,21.2830146253109,186.285646915436,0,0.606001496315002,0,277.79611453414,0,133.488551557064,0,6308.16997566819,0,1265.67302182317,0,0,0,7.32715028524399,0,0,0,4.19697272777557,0,0,0,58.8026759028435,0,0,0,0,0,0.49315333366394,0,0,0,0.995714366436005,0,0,0,0,0,0
0,0,0,0,0,0,0,0,0,0,0,0,0,0,0,0,0,0,0,0,0,0,0,0,0,0,0,0,15.312286734581,0,0,0,0,0,6.19659399986267,2.79512137174606,58.7483260631561,15.6467489600182,89.3979787230492,22.7328728437424,4.4225509762764,2.14140796661377,162.56498414278,9.42166674137115,13.5742488205433,0,366.815978348255,0.801417529582977,23.7363649010658,0,258.197240442038,0,96.1457204818726,0,99.6539516746998,0,0,0,9.95860850811005,0,0,0,1.17612159252167,0,1.74302271008492,0,26.6269043385983,14.0113733410835,0,0,15.600105881691,13.6595339179039,24.2417927086353,10.3889909982681,63.5577444136143,115.868854284286,96.4665458798409,62.6732262372971,0,0,4.87270504236221,0,1.72216802835464,0,14.9429258108139,0,0.545466780662537,0,26.6719914376736,0,0,242.679995775223,1886.57493120432,138.522092521191,176.519298523664,142.650837600231,1979.51103672385,99.3360120654106,3026.21369820833,137.303776204586,465.095187962055,47.7929610610008,346.502577722073,159.185734838247,556.575023382902,113.416858702898,491.335553795099,42.7436102032661,19.5381659567356,10.1534675061703,82.9447853565216,50.4984355270863,77.86649954319,4.13702517747879,10.3514496982098,20.0937347412109
0,0,0,0,0,0,0,0,0,0,0,0,0,0,0,0,0,0,0,0,0,0,0,0,0,0,0,0,0,1.43659859895706,0,0,0,0,0.66389012336731,2.89847666025162,43.0862682461739,33.5686915516853,97.3129825890064,44.6447883844376,0,3.52947264909744,101.984429061413,96.6379261910915,0,3.5552613735199,0,232.668120265007,0,22.5853509902954,0,10.7164622247219,0,20.4311929941177,0,25.0114027261734,0,0,0,0.894689917564392,0,0,0,0,0,0.778409123420715,4.10890167951584,3.24695694446564,0,0,5.25578558444977,17.5946509838104,4.11601233482361,22.259397059679,115.879207581282,53.7471547722816,35.8289248347282,85.6101611852646,0,0,0,2.18274039030075,0,1.43008929491043,0,5.6520317196846,0,0,0,7.32715028524399,242.679995775223,0,74.5322772264481,1851.18259048462,57.0829643309116,704.690221071243,334.262682169676,910.155257701874,93.3687618374825,2710.79208818078,133.4924659729,93.4883849620819,119.362791270018,253.285847097635,75.8031371235847,451.237318843603,111.225185483694,354.819945722818,50.8774189651012,30.5960991084576,163.483040302992,49.7457225322723,143.66550680995,8.16728520393372,20.4545308053493,19.05102455616
0,0,0,0,0,0,0,0,0,0,0,0,0,0,0,0,0,0,0,0,0,0,0,0,0,0,0,0,0,0,0,0,0,0,0,0,14.5287027359009,30.5761664509773,31.4987186193466,12.4221785068512,0.538938879966736,0,0,0,0,0,0,1.00557515025139,0,0,0,0,0,0,0,0,0,0,0,0,0,0,0,0,0,0,0,0,0,0,7.52018544077873,3.76727396249771,7.52759742736816,2.42923381924629,43.5345985591412,58.0161980986595,226.385053783655,50.3073864281178,0,0,0,0,0,0,0,0,0,0,0,0,1886.57493120432,74.5322772264481,0,37.5017455518246,395.905043900013,69.7923961877823,831.942820638418,37.4365716874599,340.995540827513,37.049218505621,1167.39925125241,9.11546617746353,1497.19237357378,87.1295091211796,1065.64692670107,91.7204157114029,491.196233421564,27.8309155106544,75.6934623122215,50.1409866213799,155.594330877066,55.0229083001614,117.25536608696,23.8426612019539,22.2363177239895,53.3569939434528
0,0,0,0,0,0,0,0,0,0,0,0,0,0,0,0,0,0,0,0,0,0,0,0,0,0,0,0,0,0,0,0,0,0,0,0,40.368604272604,21.8463441431522,59.4130572080612,22.2484573423862,1.72267615795135,0,0,0,0,0,0.388695955276489,1.24152925610542,0,0,0,0,0,0,0,0,0,0,0,0,0,0,0,0,0,0,0,0,0,0,7.99111223220825,25.2070306837559,4.22612988948822,13.6909672021866,76.1224122345448,65.3210944533348,103.066629528999,320.875074833632,0,0,0,0,0,0,0,0,0,0,0,0,138.522092521191,1851.18259048462,37.5017455518246,0,74.1784963309765,346.716277837753,231.770518660545,489.217167139053,65.2603445053101,362.760811030865,87.2041165828705,755.034658133984,97.9855336248875,1898.29874196649,97.4139670431614,1609.08099889755,71.6096721589565,415.696085035801,278.494909852743,157.184294849634,342.428604096174,96.3800089359283,217.997141212225,109.433172523975,114.609806895256,119.44608065486
98.03988301754,3.43391662836075,94.545051574707,1.61989259719849,1.8369642496109,0,22.3575409948826,0,3.30765068531036,0.384446918964386,4.60640645027161,0,3.55516225099564,0,6.02395415306091,0,1.37948906421661,0,51.8590133786201,1.46617496013641,0,0,6.08691066503525,0,0,0,0,0,14.6513566970825,0,5.32270047068596,0,2.04837280511856,0.696687579154968,4.72515422105789,2.91010880470276,84.1656813323498,7.20518219470978,22.0087031722069,3.24732983112335,6.16873556375504,0.62951785326004,6.32078987360001,0,10.4949424862862,0,15.4182322919369,3.30276554822922,15.0531799197197,0,68.2783719301224,0,0,0,7.37705385684967,0,48.7095471024513,0,82.8068933486938,0,39.5399707555771,0,3.84573173522949,0,41.8425053954124,0,22.007451415062,0,11.8943510651588,0,143.218693912029,22.9142751097679,80.1471932828426,6.93479436635971,246.257956832647,46.8252310454845,818.735928684473,132.411581128836,1.30354750156403,0,7.54123914241791,0,2.37689328193665,0,9.95270636677742,0,2.97920423746109,0,5.89313912391663,0,176.519298523664,57.0829643309116,395.905043900013,74.1784963309765,0,88.1532194018364,1416.02771410346,30.6192543506622,105.633023589849,28.2536894381046,133.142245709896,10.1559596061707,336.426145970821,44.4979117512703,834.595946609974,166.684661000967,196.331967949867,13.1175034046173,288.729056805372,932.24605178833,220.760663568974,45.4895800948143,82.6744892597198,51.4279104173183,12.9682001471519,57.6071617305279
0,168.728765755892,0,56.9101210832596,0,0.509327948093414,0,27.9996750950813,0,0,0,3.29469549655914,0,1.74272978305817,0,3.46176093816757,0,1.19645762443542,0,68.4218570291996,0,0,0,4.03771185874939,0,0.94115224480629,0.607854187488556,0,1.71914875507355,5.80541831254959,0.781671941280365,3.31753659248352,5.08180105686188,10.5641359388828,0,6.31473219394684,24.0730685591698,120.723635405302,59.3994462490082,91.0828877687454,0,2.39220285415649,0,6.75820043683052,0,7.46937161684036,2.79510536789894,19.8572944402695,0,27.2660152614117,0,52.5189693570137,0,3.95750004053116,0,5.16465479135513,0,115.653966367245,0,79.4252480268478,0,26.719481408596,0,13.5619626045227,0,30.7774830758572,0,44.1753090023994,1.42841255664825,25.1553669571877,15.6105913519859,128.436678797007,4.13155353069305,61.9504989087582,66.9841376841068,186.42354118824,74.7961193919182,494.008237808943,0,1.36351454257965,0,6.27823066711426,0,3.51963198184967,0,7.65026599168777,0,13.8911560773849,0,4.19697272777557,142.650837600231,704.690221071243,69.7923961877823,346.716277837753,88.1532194018364,0,137.934589773417,725.927992075682,52.2911810576916,425.621438533068,53.6185877919197,34.4451328516006,63.683221757412,190.641382873058,102.907000124454,503.855253398418,21.956412345171,114.213609308004,146.699823588133,726.706464290619,249.056941390038,34.2442998886108,25.0109568834305,20.6442229151726,13.8644645214081,39.1843765377998
32.5719205737114,0,14.8927055299282,0,0,0,1.0446971654892,0,0,0,0,0,0.642151772975922,0,0,0,0,0,8.40122014284134,0,0,0,0,0,0,0,0,0,0.578199148178101,0,0,1.69588565826416,0,0,1.88444548845291,0,123.184942781925,26.0114336013794,86.85819414258,23.2449367642403,6.08080637454987,0,14.7746890187263,0,12.547552883625,0,50.8601686954498,2.320441365242,14.4595373272896,0,26.5863125324249,1.57091462612152,0.530598938465118,0,8.93499535322189,0,23.2934119701385,0,43.8096383213997,0,28.8891433477402,0,0,0,30.1865727901459,0,16.0318964123726,0,1.77702820301056,0,37.1356049180031,47.0274632871151,33.4572483599186,21.8678632378578,82.6811002194881,110.467156171799,483.597624897957,113.871498823166,0.673732042312622,0,9.23755502700806,0,1.7457799911499,0,0.853419661521912,0,1.15993320941925,0,6.10212451219559,0,1979.51103672385,334.262682169676,831.942820638418,231.770518660545,1416.02771410346,137.934589773417,0,159.403993159533,3286.4887432158,198.637682944536,414.786518424749,39.3879989087582,400.084277242422,183.056636571884,954.906766831875,169.688047647476,614.360322922468,45.2206987142563,56.3688877224922,250.684500783682,1212.99372559786,169.137981891632,147.35719782114,32.5786450505257,16.7620452642441,38.8898264467716
0,1.27216458320618,0,0,0,0,0,0,0,0,0,0,0,0,0,0,0,0,0,0,0,0,0,0,0,0,0,0,0,0.500055074691772,0,0,0,2.68200302124023,0,0,26.3710035681725,20.147833108902,34.7037154734135,20.1757970452309,0.50645124912262,0,0,0,0,0,0.370814949274063,0.391495794057846,0,0,0,0,0,0,0,0,0,0.887316048145294,0,0,0,0,0,0,0,0,0,0.504253447055817,0,0,6.55909842252731,11.5174034237862,0.932815909385681,4.13381779193878,66.1075086891651,24.3526498675346,24.3337647616863,61.3262517154217,0,0,0,0,0,0,0,0,0,0,0,0,99.3360120654106,910.155257701874,37.4365716874599,489.217167139053,30.6192543506622,725.927992075682,159.403993159533,0,78.9335077702999,2448.5990139544,27.5550920367241,47.4348195493221,54.0327678620815,184.866505742073,57.4003425240517,414.150503337383,31.3127262890339,195.820681750774,37.8265162110329,60.2481469213963,548.596247404814,101.617475450039,54.5365372598171,0.895996510982513,20.191244751215,22.414642482996
0,0,0,0,0,0,0,0,0,0,0,0,0,0,0,0,0,0,0,0,0,0,0,0,0,0,0,0,7.29564893245697,0,0,0,0,0,7.97041338682175,9.63148772716522,34.8997103869915,21.5213015675545,30.8934176266193,10.1263486146927,6.51682317256927,1.29711961746216,339.847835183144,3.17169713973999,11.4612718820572,0,435.985961139202,1.0462441444397,19.2124844789505,0,26.1833626031876,0,7.01621705293655,0,69.2390956580639,3.77268224954605,0,0,12.0809502601624,0,0,0,0,0,1.34396600723267,0,38.6932109594345,17.1156361103058,0,0,7.84230551123619,6.27095007896423,29.8263649642467,14.0928089022636,30.2535866498947,61.951155602932,37.0493986010551,49.6466355323792,0,0,2.97255045175552,0,0,0,3.81290084123611,0,2.63791239261627,0,28.8506418466568,0,3026.21369820833,93.3687618374825,340.995540827513,65.2603445053101,105.633023589849,52.2911810576916,3286.4887432158,78.9335077702999,0,90.8571418523788,121.49410071969,9.12228348851204,117.958792060614,87.665092676878,252.44343957305,62.3169736266136,366.547499537468,24.7598350346088,8.71523016691208,8.25772714614868,103.941583245993,110.847422540188,43.8144951462746,2.15477460622787,1.07324820756912,4.07180008292198
0,0,0,0,0,0,0,0,0,0,0,0,0,0,0,0,0,0,0,0,0,0,0,0,0,0,0,0,0,6.04494369029999,0,0,0,0,6.05663639307022,1.92540872097015,25.2152361869812,56.2067958414555,56.1472449302673,34.1869723796844,0,16.1478086709976,164.106560409069,226.353159099817,2.30003225803375,19.760921061039,3.11003994941711,798.020042747259,0,53.1770618855953,0,20.6997485756874,0,75.3320478796959,0,322.838666349649,0,0,0,3.49234265089035,0,1.22599792480469,0,0,0,0.969764947891235,12.9084954857826,27.7313034832478,0,0,1.58458864688873,14.9729897975922,3.09462162852287,54.0647620260715,84.0462292134762,24.0000765919685,28.6682668626308,41.1825136840343,0,0,0,7.20072704553604,0,7.73793622851372,0,28.1280799806118,0,3.26764988899231,0,58.8026759028435,137.303776204586,2710.79208818078,37.049218505621,362.760811030865,28.2536894381046,425.621438533068,198.637682944536,2448.5990139544,90.8571418523788,0,30.4698891341686,21.9562443494797,48.7277806401253,114.204522162676,49.3913332521915,214.193425625563,55.9745283424854,274.69240424037,21.5281456410885,17.9374304711819,242.93318721652,135.605147480965,94.4028187096119,10.6962494850159,7.76797044277191,9.22343742847443
0,0,0,0,0,0,0,0,0,0,0,0,0,0,0,0,0,0,0,0,0,0,0,0,0,0,0,0,0,0,0,0,0,0,0,0,14.79017329216,18.8497369885445,21.1103445291519,21.9160396158695,2.33155843615532,0,0,0,0,0,0,0,0,0,0,0,0,0,0,0,0,0,0,0,0,0,0,0,0,0,0,0,0,0,1.95874291658401,6.37333762645721,2.19486251473427,3.99560099840164,32.7568904161453,91.5132918059826,89.7075546085835,41.6880531013012,0,0,0,0,0,0,0,0,0,0,0,0,465.095187962055,133.4924659729,1167.39925125241,87.2041165828705,133.142245709896,53.6185877919197,414.786518424749,27.5550920367241,121.49410071969,30.4698891341686,0,32.5766868889332,2245.52114260197,156.760713219643,749.08972927928,50.0912675857544,477.908797979355,24.9600201547146,21.9107626974583,15.1477303504944,39.9730095863342,8.29289907217026,22.8332941234112,10.1844227015972,7.66852575540543,12.4609612226486
0,0,0,0,0,0,0,0,0,0,0,0,0,0,0,0,0,0,0,0,0,0,0,0,0,0,0,0,0,0,0,0,0,0,0,0,5.31973487138748,5.63609954714775,6.26532745361328,4.35420709848404,0,0,0,0,0,0,0,0,0,0,0,0,0,0,0,0,0,0,0,0,0,0,0,0,0,0,0,0,0,0,0,4.98799604177475,0.614784419536591,0,21.1222628355026,17.6687470078468,16.0402449667454,28.4688254594803,0,0,0,0,0,0,0,0,0,0,0,0,47.7929610610008,93.4883849620819,9.11546617746353,755.034658133984,10.1559596061707,34.4451328516006,39.3879989087582,47.4348195493221,9.12228348851204,21.9562443494797,32.5766868889332,0,52.342461168766,1384.44080165029,16.3667798340321,362.546268492937,21.7635112702847,97.0172791779041,14.6391508281231,7.61829662322998,13.3056396245956,1.87338671088219,24.6678885519505,14.2549706995487,26.0010289847851,12.2049338519573
0.483570992946625,0,0,0,0,0,0,0,0,0,0,0,0,0,0,0,0,0,0,0,0,0,0,0,0,0,0,0,0,0,0,0,0,0,0,0,40.9589417874813,39.0086866021156,31.3186209797859,36.2725020051003,1.35768967866898,0,0,0,0,0,0,0,0,0,0,0,0,0,0,0,0.835603415966034,0,0,0,0,0,0,0,0,0,0,0,0,0,15.8610928058624,17.2099051177502,4.64001441001892,8.51297742128372,70.5505864322186,146.834046125412,207.216495513916,125.957460224628,0,0,0,0,0,0,0,0,0,0,0,0,346.502577722073,119.362791270018,1497.19237357378,97.9855336248875,336.426145970821,63.683221757412,400.084277242422,54.0327678620815,117.958792060614,48.7277806401253,2245.52114260197,52.342461168766,0,290.554081618786,5919.86861783266,147.080235749483,1100.93095821142,44.3671959042549,88.8272586166859,76.5242435932159,184.161291748285,57.0184412002563,159.032824039459,400.061794668436,501.535489141941,74.3061593472958
0,0,0,0,0,0,0,0,0,0,0,1.10675513744354,0,0,0,0,0,0,0,0,0,0,0,0,0,0,0,0,0.597658932209015,0,0,0,0,0,0,0,54.8114191293716,19.270681977272,49.9181289374828,21.5780122280121,2.15760615468025,0,0,0,0,0,0.5519038438797,0,0,0,0,0,0,0,0,0,0,0,0,0,0,0,0,0,0,0,0,0,0,0,19.8955508470535,26.2194800078869,5.01222383975983,15.9945833384991,179.921362549067,68.9504635930061,94.7593174874783,190.214119881392,0,0,0,0,0,0,0,0,0,0,0,0,159.185734838247,253.285847097635,87.1295091211796,1898.29874196649,44.4979117512703,190.641382873058,183.056636571884,184.866505742073,87.665092676878,114.204522162676,156.760713219643,1384.44080165029,290.554081618786,0,138.935293018818,6592.62314262986,79.4490330815315,712.352201610804,151.415939301252,92.0946740806103,184.265245974064,40.4747738540173,189.786948084831,436.427958965302,210.412631720304,72.8104203045368
4.96835839748383,0,3.84349754452705,0,0,0,0,0,0,0,0,0,1.93888652324677,0,0.785614848136902,0,0,0,4.74204915761948,0,0,0,0,0,0,0,0,0,0,0,0.597302496433258,0,0.963366150856018,0.996587514877319,0,0,25.4990668594837,13.1231574416161,23.1044424474239,10.9976969361305,3.8365453183651,1.62905621528625,0,0,0,0,0,2.25287187099457,0,0,0,0,0,0,0,0,6.73941987752914,0,0,0,0.542402684688568,0,0.612612009048462,0,0.962564826011658,0,0,0,0,0,74.4176958203316,68.7886466681957,42.323509901762,20.4015226066113,197.659103244543,94.4602469205856,864.418610066175,224.255228757858,0,0,2.14616787433624,0,0,0,0,0,0,0,0,0,556.575023382902,75.8031371235847,1065.64692670107,97.4139670431614,834.595946609974,102.907000124454,954.906766831875,57.4003425240517,252.44343957305,49.3913332521915,749.08972927928,16.3667798340321,5919.86861783266,138.935293018818,0,730.332397907972,825.82790851593,31.2853410840034,290.999147832394,137.276867598295,310.189139097929,87.2481696605682,104.273572444916,49.621107429266,112.549696713686,223.351966977119
0.86282342672348,7.42061313986778,0.707394540309906,3.5916188955307,0,0,0,7.12975531816483,0,0,0,0.804119288921356,0,2.06100028753281,0,1.78437525033951,0,1.43483150005341,0,1.26609897613525,0,0,0,0,0,0.615202128887177,0,0,0,1.06601881980896,0,1.78734445571899,0,1.41558909416199,0,0,23.7936188578606,24.433660954237,26.3713648319244,13.093867957592,4.4161850810051,1.95025405287743,0,0,0,0,1.8021559715271,2.87012240290642,0,0,0,0,0,0,0,0,0,0.7338747382164,0,0,0,2.06985640525818,0,0,0,0,0,0,0,0,20.2067548036575,131.90265122056,20.9494710564613,38.1757656931877,102.443997979164,168.537860929966,259.385846734047,536.309628307819,0,0,0,0,0,0,0,0,0,0.789627194404602,0,0.49315333366394,113.416858702898,451.237318843603,91.7204157114029,1609.08099889755,166.684661000967,503.855253398418,169.688047647476,414.150503337383,62.3169736266136,214.193425625563,50.0912675857544,362.546268492937,147.080235749483,6592.62314262986,730.332397907972,0,56.6518819928169,512.164768129587,325.488842487335,146.822598576546,450.762838661671,153.572834521532,143.064314693213,46.6974601745605,640.64442935586,273.463548898697
0,0,0,0,0,0,0,0,0,0,0,0,0,0,0,0,0,0,0,0,0,0,0,0,0,0,0,0,0,0,0,0,0,0,0,0,23.0673843324184,6.70721459388733,16.4428098499775,1.06457722187042,0.557536482810974,0,0,0,0,0,0,0,0,0,0,0,0,0,0,0,0.681285083293915,0,2.91429406404495,0,0,0,0,0,0,0,0,0,0,1.65052759647369,7.67165187001228,19.7163469791412,8.09767985343933,9.33152520656586,32.8795791566372,47.0179640352726,85.0289569795132,31.8761232495308,0,0,0,0,0,0,0,0,0,1.85090672969818,0,0,491.335553795099,111.225185483694,491.196233421564,71.6096721589565,196.331967949867,21.956412345171,614.360322922468,31.3127262890339,366.547499537468,55.9745283424854,477.908797979355,21.7635112702847,1100.93095821142,79.4490330815315,825.82790851593,56.6518819928169,0,15.9302268028259,16.5047863721848,16.5066361427307,126.353919893503,28.8462705612183,23.7858649492264,6.97756230831146,10.0398968458176,14.4467769265175
0,0,0,0,0,0,0,0,0,0,0,0,0,0,0,0,0,0,0,0,0,0,0,0,0,0,0,0,0,0,0,0,0,0,0,0,10.8535486459732,1.28192281723022,6.46586310863495,2.87504452466965,0,0,0,0,0,0,0,0.845996856689453,0,0,0,0,0,0,0,0,0,0,0,0,0,0,0,0,0,0,0,0,0,0,3.97903573513031,9.28273409605026,3.42248910665512,3.11733993887901,25.3481912612915,15.2396951913834,16.6636472046375,33.0711140930653,0,0,0,0,0,0,0,0,0,0,0,0,42.7436102032661,354.819945722818,27.8309155106544,415.696085035801,13.1175034046173,114.213609308004,45.2206987142563,195.820681750774,24.7598350346088,274.69240424037,24.9600201547146,97.0172791779041,44.3671959042549,712.352201610804,31.2853410840034,512.164768129587,15.9302268028259,0,15.566240042448,12.9860408604145,78.2901261746883,25.3692289888859,26.4136926829815,6.19798320531845,12.0557875931263,6.96276193857193
0.844732224941254,19.5881189107895,3.90469878911972,26.93580275774,0,3.45028501749039,5.00672245025635,17.9316681027412,0,3.48865586519241,1.05111789703369,4.25897598266602,0.736288130283356,1.15994715690613,0,8.47613072395325,0,0,2.910260617733,39.4988680481911,0,0,0,6.72988224029541,0.717243790626526,1.51165288686752,0,0,0.682988166809082,2.99565696716309,2.64778929948807,7.3446324467659,1.01278626918793,3.35437303781509,0,0,9.97964578866959,10.035916686058,4.34367337822914,0,3.94525840878487,1.99244052171707,0,0,0,0,0,0,0,0,0,0,0,0,0,0.967360317707062,0,0.983613789081573,0,0.838339269161224,0,2.75231063365936,0,0,0,1.0565699338913,0,0,0,0.83857661485672,35.7486354708672,104.483247548342,24.2681147754192,29.3201060295105,62.615759819746,98.7254219353199,479.80980232358,519.369943767786,0,0,0,0,0,0,0,0,0,0,0,0,19.5381659567356,50.8774189651012,75.6934623122215,278.494909852743,288.729056805372,146.699823588133,56.3688877224922,37.8265162110329,8.71523016691208,21.5281456410885,21.9107626974583,14.6391508281231,88.8272586166859,151.415939301252,290.999147832394,325.488842487335,16.5047863721848,15.566240042448,0,605.842666864395,485.361307024956,132.586659789085,148.72996249795,319.438656508923,83.2619411349297,274.084204047918
0,9.76742845773697,0.989965677261353,8.75765258073807,0,0,3.67970633506775,0,0,0,0,0,0,0,0.852518081665039,0,0,1.4799417257309,1.28136360645294,8.28514915704727,0,0,0,2.41123950481415,0,0,0,0,0,1.1414635181427,1.00063216686249,0,0,1.74452537298203,0,0,27.0440345406532,32.0648048520088,4.54303205013275,0,1.67725545167923,0,0,0,0,0,56.2623416185379,50.7249782085419,0,3.18890088796616,0,3.58337157964706,0,0,0,2.13185101747513,2.12040096521378,6.26951259374619,4.07478296756744,9.18131697177887,0,3.42977213859558,0,1.36765813827515,0,0.623010575771332,0,2.56856808066368,0,1.22490096092224,7.76837360858917,26.0266671776772,4.42872154712677,6.71918195486069,23.7262011170387,25.1576817035675,708.606535375118,1011.26519289613,0,0,0,0,0,0.687535345554352,0,0,0,1.76178556680679,1.13554954528809,0.995714366436005,10.1534675061703,30.5960991084576,50.1409866213799,157.184294849634,932.24605178833,726.706464290619,250.684500783682,60.2481469213963,8.25772714614868,17.9374304711819,15.1477303504944,7.61829662322998,76.5242435932159,92.0946740806103,137.276867598295,146.822598576546,16.5066361427307,12.9860408604145,605.842666864395,0,783.184979319572,114.942429363728,157.454603463411,373.752821147442,60.1217969954014,202.64891025424
0,1.33802568912506,0,0,0,0,0.952999114990234,0,0,0,0,0,0,0,0,0,0,0,0,0,0,0,0,0,0,0,0,0,0,0,0,0,0,0,0,0,12.2140661478043,8.20014667510986,13.722539305687,4.80156964063644,0.419582307338715,0,1.21116209030151,1.38516104221344,0,1.09926474094391,3.1661251783371,0.8699089884758,0,1.13335645198822,0,0.572313487529755,0,0,0,2.93804430961609,0,0,0,1.60349833965302,0,0,0,0,0,0,0,2.75714766979218,0,0,3.56871294975281,1.52840828895569,2.39139592647552,5.76003479957581,24.7617124915123,25.8008073866367,52.9253903031349,51.7766796052456,0,0,0,0,0,0,0,0,0,0,0,0,82.9447853565216,163.483040302992,155.594330877066,342.428604096174,220.760663568974,249.056941390038,1212.99372559786,548.596247404814,103.941583245993,242.93318721652,39.9730095863342,13.3056396245956,184.161291748285,184.265245974064,310.189139097929,450.762838661671,126.353919893503,78.2901261746883,485.361307024956,783.184979319572,0,515.115203946829,387.145803809166,294.418665915728,147.827949523926,336.974709540606
0,0,0,0,0,0,0,0,0,0,0,0,0,0,0,0,0,0,0,0,0,0,0,0,0,0,0,0,0,0,0,0,0,0,0,0,3.09344661235809,0,0.685701608657837,1.81540387868881,0,0,0,0,0,0,0,0,0,0,0,0,0,0,0,0,0,0,0,0,0,0,0,0,0,0,0,0,0,0,0,0.79936957359314,3.2405149936676,0.521188020706177,6.56052315235138,0.51812756061554,16.2072322368622,20.5349135696888,0,0,0,0,0,0,0,0,0,0,0,0,50.4984355270863,49.7457225322723,55.0229083001614,96.3800089359283,45.4895800948143,34.2442998886108,169.137981891632,101.617475450039,110.847422540188,135.605147480965,8.29289907217026,1.87338671088219,57.0184412002563,40.4747738540173,87.2481696605682,153.572834521532,28.8462705612183,25.3692289888859,132.586659789085,114.942429363728,515.115203946829,0,286.654515892267,132.763706564903,54.6759768128395,93.7000811398029
1.08590996265411,0,0,0,0,0,0,0,0,0,0,0,0,0,0,0,0,0,0,0,0,0,0,0,0,0,0,0,0,0,0,0,0,0,0,0,1.90360891819,1.19786465167999,5.6781045794487,2.30550932884216,0.427477896213531,0,0,0,0,0,0,0,0,0,0,0,0,0,0,0,0,0,0,0,0,0,0,0,0,0,0,0,0,0,0,3.05026322603226,1.79755818843842,0,4.32325112819672,8.31024822592735,38.0597948431969,34.0867201387882,0,0,0,0,0,0,0,0,0,0,0,0,77.86649954319,143.66550680995,117.25536608696,217.997141212225,82.6744892597198,25.0109568834305,147.35719782114,54.5365372598171,43.8144951462746,94.4028187096119,22.8332941234112,24.6678885519505,159.032824039459,189.786948084831,104.273572444916,143.064314693213,23.7858649492264,26.4136926829815,148.72996249795,157.454603463411,387.145803809166,286.654515892267,0,510.074560672045,124.676637232304,99.0890766978264
0,0,0,0,0,0,0,0,0,0,0,0,1.65745937824249,0,0,0,0,0,0,0,0,0,0,0,0,0,0,0,0,0,0,0,0,0,0,0,0.627216935157776,0,0,0,0,0,0,0,0,0,0,0,0,0,0,0,0,0,0,0,0,0,0,0,0,0,0,0,0,0,0,0,0,0,0,4.86192047595978,1.53831189870834,2.22901725769043,4.28144925832748,2.95456951856613,36.8589023351669,38.7073899507523,0,0,0,0,0,0,0,0,0,0,0,0,4.13702517747879,8.16728520393372,23.8426612019539,109.433172523975,51.4279104173183,20.6442229151726,32.5786450505257,0.895996510982513,2.15477460622787,10.6962494850159,10.1844227015972,14.2549706995487,400.061794668436,436.427958965302,49.621107429266,46.6974601745605,6.97756230831146,6.19798320531845,319.438656508923,373.752821147442,294.418665915728,132.763706564903,510.074560672045,0,608.263273507357,326.383924514055
0,0,0,0,0,0,0,0,0,0,0,0,0,0,0,0,0,0,0,0,0,0,0,0,0,0,0,0,0,0,0,0,0,0,0,0,1.26259648799896,0,0.558266401290894,0,0,0,0,0,0,0,0,0,0,0,0,0,0,0,0,0,0,0,0,0,0,0,0,0,0,0,0,0,0,0,1.22149968147278,0,0.984945297241211,0,0.983198046684265,4.69403526186943,14.7492267489433,24.0221005678177,0,0,0,0,0,0,0,0,0,0,0,0,10.3514496982098,20.4545308053493,22.2363177239895,114.609806895256,12.9682001471519,13.8644645214081,16.7620452642441,20.191244751215,1.07324820756912,7.76797044277191,7.66852575540543,26.0010289847851,501.535489141941,210.412631720304,112.549696713686,640.64442935586,10.0398968458176,12.0557875931263,83.2619411349297,60.1217969954014,147.827949523926,54.6759768128395,124.676637232304,608.263273507357,0,67.9418151378632
0,0.836913824081421,0.74360191822052,5.44905412197113,0,0,0,2.61108666658401,0,0,0,1.49515527486801,0,0,0,0,0,0,1.87563848495483,3.74211102724075,0,0,0,0,0,0,0,0,0,0,1.30033600330353,2.05218678712845,0,0.681784510612488,0,0,4.90389358997345,1.74441641569138,4.53858625888824,2.70000696182251,0,0,0,0,0,0,0,0,0,0,0,0,0,0,0,0,0,0,0,0,0,0,0,0,0,0,0,0,0,0,21.594867259264,27.199141561985,9.06687763333321,5.94666856527328,40.981575936079,39.8744253218174,167.37133616209,122.695058107376,0,0,0,0,0,0,0,0,0,0,0,0,20.0937347412109,19.05102455616,53.3569939434528,119.44608065486,57.6071617305279,39.1843765377998,38.8898264467716,22.414642482996,4.07180008292198,9.22343742847443,12.4609612226486,12.2049338519573,74.3061593472958,72.8104203045368,223.351966977119,273.463548898697,14.4467769265175,6.96276193857193,274.084204047918,202.64891025424,336.974709540606,93.7000811398029,99.0890766978264,326.383924514055,67.9418151378632,0
