0,517.358081996441,3655.34464609623,416.437909722328,0.640642404556274,0,6938.4644190073,260.04950812459,5.64358401298523,0,2500.4882132411,41.086358487606,1364.57924422622,1.88005268573761,10.0283843874931,0,471.814621657133,30.6943137645721,1335.4126406908,1022.40257897973,0,0,21.6944704055786,17.8358094096184,0,0,0.850139200687408,0,690.547813087702,3.77494558691978,17.5819304585457,10.6863594651222,73.4862346053123,200.226441383362,0,1.30770635604858,344.304634332657,4.95983093976974,82.4772500395775,0,6.2822724878788,0,0,0,3.01078945398331,0,0,0,2.31786382198334,0,153.199203431606,0,0.871251732110977,0,0,0,11560.1249602735,14.1374634206295,819.952912777662,0.976062804460526,1188.1283762455,1.33652079105377,303.778919517994,0,714.426379650831,0,291.017889857292,22.1965792775154,1407.9314930141,82.6652592122555,2830.03650304675,166.99091771245,1878.7744370997,96.1087891161442,1052.55119299889,27.2179711163044,3500.53685870767,189.644915878773,13.5335258841515,0,310.683120578527,0,3.90571936964989,0,1244.45275574923,0,0,0,316.092786073685,0,1.90323114395142,0,0,0,146.705427497625,0,26.3880680799484,0,0,0,0,0,0,0,13.4815296530724,0,38.8057495951653,0,7.93558168411255,23.9318882226944,0,0,0,0,0,2.33415323495865
517.358081996441,0,141.366286724806,5136.91603583097,0,0,104.098531901836,5157.72791966796,0,2.11160403490067,12.1292387843132,2470.66610997915,2.24284797906876,723.418326705694,0,1.02409791946411,10.4893943667412,852.585119456053,709.81167024374,2532.74508175254,0,0,4.37526482343674,41.557255923748,0,0,0,0,37.9288340508938,214.230724424124,21.1106659770012,40.4800423681736,223.508696854115,293.342571407557,0.566958069801331,0,1.15861582756042,332.322014123201,2.31671285629272,259.645320087671,0,0,1.26143074035645,0,0,6.60341304540634,0.839624285697937,15.095610499382,0,19.3032072484493,0,181.412618070841,0,0,0,1.12029731273651,88.0269877910614,12386.5541157126,0.531651616096497,548.953655302525,0.737790107727051,569.667001545429,2.75624322891235,390.003566026688,0,520.44292858243,120.706271231174,226.058830499649,512.30328643322,946.046866625547,224.990299016237,2666.29511409998,78.6186752319336,2273.86552467942,29.1855183243752,914.688341677189,337.061930477619,4325.91597414017,0,15.9115668535233,0.793152093887329,51.4710609912872,0,0,0,446.417373508215,0,0,0,97.5855651199818,0,0,0,0,2.14649891853333,187.029752343893,0,1.14058923721313,0,0,0,0,0,0,1.05076742172241,1.69657224416733,0,8.67802494764328,12.353357732296,6.73959562182426,0.661432445049286,0,0,0,0.484089523553848,3.15127396583557
3655.34464609623,141.366286724806,0,589.021158576012,704.859695464373,51.0471014380455,10256.5919596255,629.862063109875,484.201841056347,52.6367995738983,648.698278546333,70.6032437384129,1588.5550070405,110.847059845924,509.79297721386,43.2599673867226,200.042325496674,10.6445939540863,2223.0317338109,396.937959641218,5.49854356050491,6.71623873710632,3907.65585204959,790.813337653875,316.002746015787,111.390177607536,58.6692733168602,23.7564077973366,1207.27119678259,7.8679935336113,291.534150063992,643.540914595127,64.5719434022903,206.652995020151,6.61946564912796,0,123.419997692108,3.34519052505493,18.2360000014305,1.61741530895233,12.7424142956734,0,0,0,0,0,0,0,0,0,5.59263238310814,0,0,0,0,0,226.643632411957,0,154.777542352676,1.54972290992737,27.1635405123234,0,13.13673132658,0,17.5309076309204,0,100.787547081709,0.763193964958191,251.415734320879,7.98922288417816,1850.27047279477,355.092213958502,2217.87974047661,116.373740702868,677.822030603886,38.0341776311398,2041.72688364983,70.6052711009979,1.21107709407806,0,12.7434056997299,0,36.1701941490173,0,10.7450420260429,0,0,0,4.50378167629242,0,0,0,0,0,67.1636443436146,4.90696632862091,2.13260126113892,0,0,0,0,0,0,0,6.19291061162949,1.02327156066895,4.44876444339752,0,9.44797295331955,8.05580615997314,0,0,0,0,0,9.91201972961426
416.437909722328,5136.91603583097,589.021158576012,0,161.488036543131,593.048395752907,703.383255630732,12748.0090330541,159.560576558113,258.801817268133,39.3974993228912,1313.43710464239,168.855081021786,1421.38310787082,107.899832546711,224.409872710705,19.6862930655479,314.650115787983,910.980149835348,3152.73135176301,8.84095233678818,6.84847325086594,914.452167898417,3029.47535282373,142.796975284815,386.170367270708,50.7656415998936,90.5070747435093,88.8680157065392,181.384419441223,336.5858746171,429.805619955063,181.307345449924,285.584236294031,4.37613123655319,0.930948078632355,4.10556823015213,139.485896617174,2.02390706539154,41.6004117131233,0,5.16389280557632,0,0.63551926612854,0,0,0,9.0831395983696,0,0,0,12.3293224573135,0,0,0,0,42.8707520365715,349.982784748077,0,132.400134116411,0,36.6828025579453,0,46.2998313009739,0,26.317319303751,17.7725373506546,281.359571993351,242.088376432657,301.094698309898,582.233429729939,2361.23339235783,223.920345753431,1922.75558009744,39.2350402474403,790.527942359447,192.571249097586,3050.4775210619,0,0.959674715995789,0,13.8387924432755,4.13125497102737,0,0,17.8669326007366,0,0,0,0,0,0,0,0,4.52409487962723,63.9104300439358,0,0,0,0,0,0,0,0,1.19062161445618,2.03647011518478,0,0,11.0668806731701,14.7516022920609,0,0,0,0,0,5.50712591409683
0.640642404556274,0,704.859695464373,161.488036543131,0,78.8709073662758,944.044257223606,109.701440066099,1466.45922327042,70.5010797977448,0,0,59.4640730023384,16.9440561234951,2111.64232623577,65.0427963733673,0,0,3.25136765837669,0,231.010882586241,36.2797343730927,178.45781865716,221.970442086458,589.947063714266,141.823020488024,1282.91662847996,66.1819007396698,332.809086024761,2.23782554268837,184.057014912367,149.264559537172,7.12085276842117,0,2.34543734788895,0,48.0281106829643,0.6311075091362,17.9514940977097,0,45.9647562503815,1.72575449943542,0.852035641670227,0,0,0,15.7792838811874,0,0,0,2.28738832473755,0,0.729355752468109,0,13.5249852836132,0,0,0,0,0,0,0,0,0,0,0,1.09797763824463,0,0,0,851.456101745367,141.133360296488,795.792656332254,25.3097110688686,42.5473479032516,2.61698126792908,51.46087667346,0,0,0,0,0,43.7188880741596,0.366256564855576,24.4758415222168,0,6.43593734502792,0,7.66750288009644,0,0,0,0,0,1.21669235825539,0,0,0,0,0,0,0,0,0,0,0,0,0,0,0,0,0,0,0,0,0
0,0,51.0471014380455,593.048395752907,78.8709073662758,0,3.28040564060211,361.256007879972,39.1526438593864,1677.11904200912,0,4.80571502447128,0.990758061408997,29.8238754272461,41.7711058855057,1711.53704309464,0,0,0,0.464755773544312,5.39371526241302,154.467337429523,94.2550156116486,93.7259553074837,136.634713977575,647.873158246279,39.5949167907238,2052.96525007486,5.06752121448517,496.383668005466,124.271158456802,127.456391811371,2.33896803855896,1.76226809620857,0,0.456649720668793,0,35.1371051073074,0,0,6.07745486497879,232.356625497341,0,0.75352668762207,0,0,0,5.59556275606155,0,0,0,0,0,0,0,15.0168299078941,0,0,0,0,0,0,0,0,0,0,0,1.3601610660553,0,0,114.279135137796,939.002227962017,12.1417501568794,871.186471045017,1.12440121173859,58.3867648839951,0,47.185426056385,0,0,0,20.8984204530716,0.737219870090485,128.668869137764,0,31.6557024717331,0,16.9176266491413,0,14.1802509427071,0,0,0,0,0,0,0,0,0,0,0,0,0,0,0,0,0,0,0,0,0,0,0,0,0,0
6938.4644190073,104.098531901836,10256.5919596255,703.383255630732,944.044257223606,3.28040564060211,0,1048.53219082952,1149.55490028858,8.76187014579773,1265.57779511809,157.474484980106,5829.49158740044,205.935922563076,210.65468147397,3.30887097120285,60.1410235762596,29.792062163353,777.960840076208,458.713675379753,0,0,669.252263009548,829.646171718836,20.3333388566971,8.53654038906097,1.43275964260101,2.92676609754562,975.540745615959,13.9800369143486,72.6767699718475,419.850867301226,25.8910994231701,265.807257413864,1.7253485918045,1.57121932506561,18.1796833276749,4.92081898450851,3.39035314321518,0.752503931522369,0,0,0,0,2.9909126162529,0,0,0,1.33354836702347,0,208.411502182484,0,0.836189389228821,0,0,0,460.786368846893,1.17151936888695,244.299100100994,0,430.344542890787,0,40.2773588895798,0,479.698309332132,0,16.0229001045227,0.513568937778473,23.3399306237698,0,2278.13951465487,393.913670361042,1402.60720643401,164.918910294771,291.844173640013,48.438085436821,1429.49876815081,148.394914150238,4.1857835650444,0,33.2495540678501,0,17.8864060342312,0,232.137123048306,0,0,0,85.0540042221546,0,0,0,0,0,19.1083064377308,1.75733768939972,4.23227643966675,0,0,0,0,0,0,0,1.50679111480713,0.739635527133942,0,0,10.7169722318649,7.32624667882919,0,0,0,0,0,6.28842025995255
260.04950812459,5157.72791966796,629.862063109875,12748.0090330541,109.701440066099,361.256007879972,1048.53219082952,0,112.106130421162,566.084813177586,65.1316952109337,2251.67694252729,344.842637568712,6163.25261947513,85.468457698822,599.026803165674,18.3351350426674,118.104633659124,928.394817888737,427.932526320219,3.07312947511673,0,1155.95818755031,1105.87055784464,108.552175551653,90.8093263804913,54.4460207223892,26.6126082539558,114.529571533203,135.693699657917,253.434797912836,186.772306352854,113.207433581352,140.130737692118,0,0.496756106615067,1.75179052352905,41.4360409080982,0,14.2399515509605,0,1.83570861816406,0,0,0,1.39348614215851,0,6.11195904016495,0,17.620267033577,0,116.922904372215,0,0,0,1.38189387321472,23.0774557888508,668.122900664806,0,104.561522156,0,98.4340106248856,0,55.9676753878593,0,184.712312698364,8.18343633413315,7.87159419059753,118.182838886976,4.22368794679642,687.055681824684,3160.44641536474,255.11256942153,1197.31603467464,45.2667435705662,455.924960702658,140.857412010431,1657.28497901559,0,8.69785308837891,0,9.83168107271194,1.70103973150253,0,0,43.6014190018177,0,0,0,6.7194995880127,0,0,0,0,1.01379406452179,32.9251797795296,0,0,0,0,0,0,0,0,2.17868161201477,0,0,2.79311537742615,1.81325393915176,3.61421859264374,0,0,0,0.535731613636017,0,2.28063428401947
5.64358401298523,0,484.201841056347,159.560576558113,1466.45922327042,39.1526438593864,1149.55490028858,112.106130421162,0,33.4474431574345,15.6691600382328,0,999.729521602392,26.2373950481415,2928.02800345421,34.29950517416,0,0,14.2871026992798,0,13.1045152544975,7.00408133864403,188.612616032362,245.51903873682,100.525438576937,64.3885851800442,135.02139043808,17.1931371986866,316.49062153697,2.49152314662933,88.1133489012718,156.799857884645,5.74625730514526,1.1450662612915,1.49397385120392,0,18.3199018836021,0,6.54432815313339,0,21.8917185664177,0,0,0,0,0,6.69087433815002,0,0,0,0,0,0.481866955757141,0,3.95875915884972,0,2.14638686180115,0,0,0,0,0,0,0,0,0,0,0,1.27063500881195,0,873.370609760284,76.6656191051006,960.050513088703,23.5644322633743,74.5592504143715,3.13723105192184,136.261757999659,0,1.78481614589691,0,2.95438385009766,0,94.394482254982,0,6.92426067590714,0,2.17860335111618,0,3.82614862918854,0,0,0,0,0,0,0,0,0,0,0,0,0,0,0,0,0,0,0,0.513233006000519,1.13205230236053,0,0,0,0,0,0
0,2.11160403490067,52.6367995738983,258.801817268133,70.5010797977448,1677.11904200912,8.76187014579773,566.084813177586,33.4474431574345,0,0,17.0310539901257,1.41176623106003,201.209098517895,31.8504808843136,2358.06050533056,0,1.10343766212463,0,0.587048828601837,3.87431731820107,16.0098269581795,96.2985538244247,76.7867348790169,83.3550800383091,199.597105354071,18.7581600248814,373.168785899878,6.29201576113701,153.991413295269,90.0061600208282,67.5128414928913,0,2.8832788169384,0,0,0,3.99459907412529,0,1.44189286231995,1.50927269458771,66.4463942945004,0,0,0,0,0,0.546585738658905,0,0,0,0,0,0,0,2.98342806100845,0,0,0,0,0,0,0,0,0,0,0,0,0,0,114.940852999687,968.248555898666,22.2323374152184,866.889451831579,1.33175599575043,92.3496631085873,0,79.8990519344807,0,0,0,1.2289627790451,0,14.941163867712,0,2.92160564661026,0,2.94705247879028,0,4.33470618724823,0,0,0,0,0,1.5603893995285,0,0,0,0,0,0,0,0,0,0,0,0,0.617879927158356,0,0,0,0,0,0,0
2500.4882132411,12.1292387843132,648.698278546333,39.3974993228912,0,0,1265.57779511809,65.1316952109337,15.6691600382328,0,0,15.258570253849,2549.88391962647,4.20001232624054,68.7699209451675,0,529.514830172062,2.69658952951431,628.386706918478,71.2727670073509,0,0,70.9613570868969,17.1771730184555,0.569342195987701,0,0,0,1093.96235239506,1.92654567956924,21.8923621177673,25.3208288550377,15.6856448352337,38.6039651036263,0.689437806606293,0,9.17073750495911,0,0,0,0,0,0,0,0,0,0,0,0,0,2.01809710264206,0,0,0,0,0,130.752867758274,0,11.1468751430511,0,129.007421821356,0,251.006432652473,0,51.7289411425591,0,12.4336924552917,0,29.3507969975471,0,383.452502191067,23.6557573974133,254.859473466873,11.7689978480339,49.3262184262276,4.26883786916733,236.213376820087,12.7861150503159,10.9600540995598,0,467.171610087156,0,25.2414918541908,0,596.215379476547,0,0,0,123.097850561142,0,0,0,0,0,7.36753308773041,2.78311514854431,0,0,0,0,0,0,0,0,0,0,0,0,0.86197555065155,0,0,0,0,0,0,0
41.086358487606,2470.66610997915,70.6032437384129,1313.43710464239,0,4.80571502447128,157.474484980106,2251.67694252729,0,17.0310539901257,15.258570253849,0,39.1098501086235,4220.82512289286,0,113.430627167225,1.52678483724594,1121.36381718516,349.122934192419,671.353901177645,0,0,131.353545278311,406.427725940943,0,0.537438929080963,0,2.56555640697479,24.7600003480911,1178.98093253374,31.5044748187065,62.0223540067673,27.5901896357536,116.511465460062,0,0,0,29.3708398938179,1.79049432277679,5.99135029315948,0,0,0,0,0,0,0,1.17553055286407,0,0.566525042057037,0,22.1944201588631,0,0,0,0.810943186283112,0.437804132699966,419.099876731634,0,81.6717802584171,0,556.080253273249,0,547.039794713259,0,276.193868160248,0.824106335639954,9.98964750766754,11.6379089057446,3.69516724348068,74.8203004300594,1067.59677565098,40.4107602536678,1639.6613381207,5.7637312412262,202.47625631094,41.3943652808666,541.544563442469,0,5.46677887439728,0,141.63260820508,0.760237991809845,0,0,355.892638593912,0,0,0,35.802424788475,0,0,0,0,0.713671088218689,13.175785690546,0,0,0,0,0,0,0,0,1.05798840522766,0,0,0,4.23336762189865,1.33106923103333,0,0,0,0,0,0
1364.57924422622,2.24284797906876,1588.5550070405,168.855081021786,59.4640730023384,0.990758061408997,5829.49158740044,344.842637568712,999.729521602392,1.41176623106003,2549.88391962647,39.1098501086235,0,60.2470757365227,3625.02452528477,1.22210025787354,140.159211695194,0,822.766899496317,48.9960176944733,0,1.40215408802032,770.72066539526,284.462871730328,16.8580834269524,0,1.93991684913635,0.752983808517456,2456.92917150259,7.43022054433823,75.1213317513466,165.692179441452,33.16734623909,83.1919459104538,0.733672082424164,0,17.8634904623032,0,1.6998382806778,0,0,0,0,0,0,0,0,0,0,0,4.59210228919983,0,0,0,0,0,102.61362734437,0,4.25602343678474,0,49.1741340458393,0,145.233096599579,0,31.5034658312798,0,0.690018057823181,0,20.4160400032997,0,1318.98761829734,121.283221632242,927.911941409111,22.9605516195297,137.064335793257,11.5462736487389,661.120189845562,11.9025222659111,14.9386844038963,0,360.487184882164,0,79.7167955636978,0,321.381536394358,0,0,0,45.5210791826248,0,0,0,0,0,4.89572644233704,0,0.901016712188721,0,0,0,0,0,0,0,1.04052758216858,0,0,0,2.97376000881195,2.07131683826447,0,0,0,0,0,0
1.88005268573761,723.418326705694,110.847059845924,1421.38310787082,16.9440561234951,29.8238754272461,205.935922563076,6163.25261947513,26.2373950481415,201.209098517895,4.20001232624054,4220.82512289286,60.2470757365227,0,7.81935513019562,2299.36898642778,0,85.8512261509895,137.619680434465,292.339626729488,0,2.05262285470963,287.477742761374,812.992383599281,8.46495917439461,32.4945753216743,8.28925400972366,10.3776494860649,13.7536077201366,1769.19215291739,57.5255902707577,126.010174751282,30.3927185535431,124.741534054279,0,0,0,19.4887057542801,0,11.538459777832,0,0.738637030124664,0,0,0,0,0,5.97460693120956,0,2.30515313148499,0,8.08316266536713,0,0,0,0,0,89.8452043235302,0,34.3620755374432,0,196.448589324951,0,189.057802557945,0,143.408201307058,0,1.68303522467613,0.598501801490784,2.96556869149208,148.487530082464,1670.31335625052,35.3417903780937,2469.5350214839,6.746826171875,405.805741995573,14.203938126564,814.638089746237,0,0.895792424678802,0,67.3679302930832,0,0,0,145.525513350964,0,0,0,6.74137687683105,0,0,0,0,0,15.5280357599258,0,0,0,0,0,0,0,0,0,0,0,0,5.78267079591751,2.98498868942261,0,0,0,0,0,0.451204061508179
10.0283843874931,0,509.79297721386,107.899832546711,2111.64232623577,41.7711058855057,210.65468147397,85.468457698822,2928.02800345421,31.8504808843136,68.7699209451675,0,3625.02452528477,7.81935513019562,0,31.5574441254139,7.25057125091553,0,63.8356492519379,0,196.804612725973,27.7868105769157,388.384803712368,148.60871425271,428.693677276373,92.2447898387909,523.1470464468,50.2958030104637,2450.40180832148,5.51598274707794,310.303860902786,159.534832060337,9.19081169366837,0,1.07861256599426,0,59.4654735326767,0,20.720039665699,0,77.195874273777,2.02815878391266,3.78099179267883,0,1.0886607170105,0,22.81624096632,0,0,0,1.19788956642151,0,3.7349454164505,0,21.4189158380032,0,0,0,0,0,0,0,0.974938571453094,0,0,0,0,0,0.687192022800446,0,1695.06282925606,115.964994907379,1998.47187426686,17.6876861453056,160.07811960578,4.27491730451584,437.722209602594,0,1.92292654514313,0,10.0500396490097,0,473.172138094902,0.62760317325592,33.0198654532433,0,15.5809508562088,0,13.4426839351654,0,0,0,0,0,4.64969784021378,0,0,0,0,0,0,0,0,0,0.642764806747437,0,0,0,0,1.39378374814987,0,0,0,0,0,0
0,1.02409791946411,43.2599673867226,224.409872710705,65.0427963733673,1711.53704309464,3.30887097120285,599.026803165674,34.29950517416,2358.06050533056,0,113.430627167225,1.22210025787354,2299.36898642778,31.5574441254139,0,0,5.27221608161926,0,4.83534324169159,4.93730685114861,55.3463106453419,88.6687897145748,127.240646451712,102.437746614218,218.100087672472,27.5629052817822,460.316384524107,3.23745101690292,2529.27973303199,83.8212379813194,137.840360373259,1.99201273918152,2.06579828262329,0,0,0,29.3034922480583,0,4.37661880254745,0,117.797886520624,0,0.66010320186615,0,0,0,2.34648197889328,0,0,0,0,0,0,0,14.3622665405273,0,0,0,0,0,0,0,1.22027742862701,0,0,0,0.654708087444305,0,0,82.5359696447849,1280.18036186695,13.380476385355,2406.58955952525,2.15255188941956,209.113640666008,0,181.552513062954,0,0,0,14.1301391720772,0.774116814136505,47.9892180562019,0,19.8910460472107,0,12.4397334158421,0,9.94558507204056,0,0,0,0,0,1.6949697136879,0,0,0,0,0,0,0,0,0,0,0,0,0.7166827917099,0,0,0,0,0,0,0.604532241821289
471.814621657133,10.4893943667412,200.042325496674,19.6862930655479,0,0,60.1410235762596,18.3351350426674,0,0,529.514830172062,1.52678483724594,140.159211695194,0,7.25057125091553,0,0,0.990745425224304,234.391217768192,51.4245744943619,0,0,3.17847734689713,1.28682839870453,0,0,0,0,3618.13173833489,0,3.02609586715698,1.53890669345856,4.96423405408859,16.5079091191292,0,0,13.8728587031364,1.96128296852112,0,0.855730712413788,0,0,0,0,2.42990100383759,0,1.63851916790009,0,4.7269412279129,0,14.1588759124279,0,0.382895678281784,0,0,0,1853.70481342077,0,54.5351145863533,2.38950246572495,179.534719735384,0,1377.09289783239,0,20.2579040527344,0,19.2845253348351,3.45974040031433,34.5536607205868,0,211.691765427589,8.95929026603699,406.797524631023,5.35781389474869,72.3759055733681,2.21399480104446,148.907769262791,6.70344352722168,667.297665059566,0,1885.33646288514,0,18.8453397154808,0,299.457713276148,0,0,0,76.4117457270622,0,0,0,0,0,5.26477897167206,0,0,0,0,0,0,0,0,0,0,0,0,0,0,0.815405070781708,0,0,0,0,0,0
30.6943137645721,852.585119456053,10.6445939540863,314.650115787983,0,0,29.792062163353,118.104633659124,0,1.10343766212463,2.69658952951431,1121.36381718516,0,85.8512261509895,0,5.27221608161926,0.990745425224304,0,70.1581954061985,247.12108245492,0,0,0.828032910823822,41.5551055669785,0,0,0,0,0,2444.48473066092,7.81889712810516,17.0832765102386,6.89413279294968,44.4566847085953,0,0,0,18.1675797700882,0,2.84418553113937,0,1.2227658033371,1.15854048728943,0.403766959905624,0,0,0,0.970592200756073,0,4.40126812458038,0,3.43265324831009,0,0,0,0,0,2137.98733991385,3.24141108989716,70.5421616733074,0,261.030554652214,0.990639925003052,1814.32425153255,0,58.9099425673485,1.1042822599411,26.5057380795479,4.47111216187477,13.6782962977886,22.0292134284973,219.60602158308,5.98471838235855,1326.94198328257,1.00820744037628,139.065325021744,16.6758813261986,245.641538441181,0,360.526665359735,0,959.342549949884,0,6.51378661394119,0,135.486140966415,0,0.474276095628738,0,12.0758169293404,0,0,0,0,0,9.04202860593796,0,0,0,0,0,0,0,0,0,1.49251848459244,0,0,3.51614022254944,3.13557839393616,0,0,0,0,0,0.765186429023743
1335.4126406908,709.81167024374,2223.0317338109,910.980149835348,3.25136765837669,0,777.960840076208,928.394817888737,14.2871026992798,0,628.386706918478,349.122934192419,822.766899496317,137.619680434465,63.8356492519379,0,234.391217768192,70.1581954061985,0,2938.99877876043,0,0,1158.77610072494,559.718257308006,2.27862548828125,1.93068337440491,1.07321906089783,0,821.549573212862,33.3888537287712,752.222555935383,600.686394274235,3065.41908937693,1662.63410505652,131.719213962555,0,103.053286254406,11.9209363460541,13.127016723156,3.06665241718292,4.73002046346664,0,30.9746860861778,0,2.79261028766632,0,20.4788309931755,0,0.609807133674622,0,3.21708044409752,0,0,0,0,0,234.980426609516,7.64044451713562,179.120499163866,0.765155136585236,15.8990340530872,0,8.02107274532318,0,14.0571734011173,0,1245.2463965416,56.5323006510735,1896.8955514133,75.4938479661942,1575.35107296705,521.735386550426,1621.43525341153,326.407867014408,639.48995873332,94.3978156149387,2479.93209132552,517.384125232697,1.2855389714241,0,10.6281002163887,0,17.6524022221565,0,4.04031977057457,0,0,0,0,0,0,0,0,0,50.9794363677502,1.67201328277588,12.4592424035072,0,0,0,0,0,0,0,1.76280599832535,0,2.23516225814819,0,16.7480357289314,13.6262681484222,0,0,0,0,0,1.90244543552399
1022.40257897973,2532.74508175254,396.937959641218,3152.73135176301,0,0.464755773544312,458.713675379753,427.932526320219,0,0.587048828601837,71.2727670073509,671.353901177645,48.9960176944733,292.339626729488,0,4.83534324169159,51.4245744943619,247.12108245492,2938.99877876043,0,0,0,148.121595203876,704.461376667023,0,3.00621318817139,0,0,101.900344610214,85.4918268024921,130.230026483536,224.251640558243,480.79285377264,4545.47815307975,0,13.8445520102978,6.12694054841995,88.2065578103065,0,34.950368642807,0,1.06668019294739,0,2.82011404633522,0,0,0,6.74170017242432,0,0,0,1.02841746807098,0,0,0,0,102.236420482397,223.641489386559,0.619660377502441,133.145273119211,1.37190493941307,16.6742879152298,1.97283726930618,23.5735126435757,0,7.55852741003036,69.7960358858109,972.487489968538,785.904614508152,2793.55470183492,380.795578300953,1102.54073789716,297.612668186426,821.373455584049,79.8384152054787,336.459891319275,404.779903739691,1927.21919265389,0,1.38401544094086,2.41368246078491,5.19722771644592,2.22380948066711,0,0,9.56922841072083,0,0,0,0,0,0,0,0,1.42159366607666,42.1687926352024,0,0,0,0,0,0,0,0,0,4.87643438577652,0,0,5.80630707740784,11.2450404763222,0.848150968551636,0,0,0,1.00385904312134,2.43003928661346
0,0,5.49854356050491,8.84095233678818,231.010882586241,5.39371526241302,0,3.07312947511673,13.1045152544975,3.87431731820107,0,0,0,0,196.804612725973,4.93730685114861,0,0,0,0,0,69.6687136888504,46.3212993741035,10.389606744051,362.554628908634,42.8760444223881,872.893348902464,56.9442460238934,120.036925852299,0,1189.10785216093,46.1551293134689,24.5394866466522,0,9.48625648021698,3.13928759098053,39.9019155502319,17.7202432155609,10.5720409750938,0,66.7548168301582,7.26115787029266,5.56093847751617,0,0,0,11.0667623281479,0,0,0,2.05152416229248,0,1.57271382212639,0,6.17304730415344,1.50754332542419,0,0,0,0,0,0,0,0,0,0,1.33341503143311,0,0,0,786.293546527624,40.5942455530167,98.1583333015442,11.5345993041992,14.9091953039169,11.6244497299194,24.1328545808792,0.976618349552155,0,0,0,0,5.04016220569611,3.15683299303055,7.50416475534439,0,8.05982291698456,1.35477900505066,6.77796852588654,0.903508305549622,0,0.858639597892761,0,0,0.801033973693848,0,0,0,0,0,0,0,0,0.581192493438721,0.698261141777039,0,0,0,0,0,0,0,0,0,0,0
0,0,6.71623873710632,6.84847325086594,36.2797343730927,154.467337429523,0,0,7.00408133864403,16.0098269581795,0,0,1.40215408802032,2.05262285470963,27.7868105769157,55.3463106453419,0,0,0,0,69.6687136888504,0,14.2953555285931,24.8731905817986,64.8929089605808,296.031006515026,85.1707681417465,2027.9082519114,14.9523479938507,248.007317364216,186.557943850756,442.430524259806,5.59939306974411,1.49865740537643,2.1581734418869,0,24.6234017014503,79.1026183366776,8.67293012142181,3.64174658060074,3.24656844139099,457.352957189083,0,0,0,0,0.88029932975769,3.83633881807327,0,0,0,1.14229381084442,0,0.800570845603943,1.02148354053497,6.63625377416611,0,0,0,0,0,0,0,0,0,0,0,2.54027038812637,0,0,178.494557976723,602.978791534901,7.51565137505531,379.100406199694,0,8.08681660890579,2.7720999121666,13.1904699802399,0,0,0,8.47462129592896,0,166.446858584881,0,18.2503817677498,0,18.1874729990959,0,10.7029785513878,0,0,0,0,0,0.988491654396057,0,0.806606233119965,0,0,0,0,0,0,1.40603423118591,1.48555290699005,0,0,0,0,0,0,0,0,0,0
21.6944704055786,4.37526482343674,3907.65585204959,914.452167898417,178.45781865716,94.2550156116486,669.252263009548,1155.95818755031,188.612616032362,96.2985538244247,70.9613570868969,131.353545278311,770.72066539526,287.477742761374,388.384803712368,88.6687897145748,3.17847734689713,0.828032910823822,1158.77610072494,148.121595203876,46.3212993741035,14.2953555285931,0,2137.9342841804,517.722406417131,317.448801100254,119.450709909201,85.3942523002625,511.676269888878,16.0934911370277,2987.19847011566,2050.08571222425,914.756026297808,365.718518972397,201.679586082697,1.51848518848419,9.04382193088531,1.75871121883392,1.86679601669312,0,4.49744200706482,1.89673215150833,14.2937819361687,0,1.27014255523682,0,7.17902290821075,0,0,0,0,0,0,0,0,0,0.468271225690842,0,2.85658049583435,0,0,0,0,0,1.07942879199982,0,236.901580840349,0.817580819129944,5.21212470531464,0,1429.10567378998,618.098436743021,1000.31813436747,245.007606327534,141.564537703991,63.7424458265305,663.686478406191,88.9526336789131,1.02333509922028,0,1.33929836750031,0,18.9245133399963,0.54478394985199,0,0,1.72255849838257,0,0,0,0,0,0,0,3.99297767877579,0,3.5436954498291,0,0,0,0,0,0,0,0,0,0,0,1.03436732292175,2.87794464826584,0,0,0,0,0,0
17.8358094096184,41.557255923748,790.813337653875,3029.47535282373,221.970442086458,93.7259553074837,829.646171718836,1105.87055784464,245.51903873682,76.7867348790169,17.1771730184555,406.427725940943,284.462871730328,812.992383599281,148.60871425271,127.240646451712,1.28682839870453,41.5551055669785,559.718257308006,704.461376667023,10.389606744051,24.8731905817986,2137.9342841804,0,233.296498179436,1276.75299543142,65.4899551570415,144.869238913059,84.672573029995,99.6179967820644,837.346929579973,2950.16552764177,181.716467767954,1086.37989336252,0,13.7362443208694,2.80156242847443,16.6104797720909,1.21116638183594,4.24777269363403,0,10.9169295430183,0,1.78102159500122,0,0,0,6.24262052774429,0,0,0,0,0,0,0,0,0,7.25500130653381,0,0.859735786914825,0,0,0,5.19987350702286,0,0.51877635717392,0,77.944423854351,4.97037243843079,19.6490073502064,774.657022476196,1561.81140512228,209.04670009017,990.675388932228,17.6080799102783,347.619303017855,31.9154315590858,1061.58068287373,0,2.32744067907333,0,9.08635681867599,1.24365264177322,1.43323576450348,0,0,0,0.590315222740173,0,0,0,0,0,0,1.02078723907471,12.4950261116028,0,0,0,0,0,0,0,0,0,0,0,0,4.01301634311676,0.71769917011261,0,0,0,0,0,0.594536185264587
0,0,316.002746015787,142.796975284815,589.947063714266,136.634713977575,20.3333388566971,108.552175551653,100.525438576937,83.3550800383091,0.569342195987701,0,16.8580834269524,8.46495917439461,428.693677276373,102.437746614218,0,0,2.27862548828125,0,362.554628908634,64.8929089605808,517.722406417131,233.296498179436,0,444.374554872513,1333.16088488698,201.537398517132,100.863763302565,11.9033243656158,624.061149597168,305.292053371668,30.9570723176003,0.407687991857529,2.6208199262619,0,7.88514238595963,0,4.46450543403625,0,25.4376890063286,3.94502720236778,0,0,0,0,1.78465747833252,0,0,0,0,0,0,0,2.5368135869503,0,0,0,0,0,0,0,0,0,0,0,0,0,0,0,645.316307663918,207.171502888203,237.642068892717,50.1769565939903,5.73317408561707,1.29024523496628,14.9778805375099,0,0,0,1.53951358795166,0,10.9278732538223,0.610901296138763,2.1238072514534,0,1.54108762741089,0,3.24852135777473,0,0,0,0,0,0,0,1.20367968082428,0,0,0,0,0,0,0,0,0,0,0,0,0,0,0,0,0,0,0
0,0,111.390177607536,386.170367270708,141.823020488024,647.873158246279,8.53654038906097,90.8093263804913,64.3885851800442,199.597105354071,0,0.537438929080963,0,32.4945753216743,92.2447898387909,218.100087672472,0,0,1.93068337440491,3.00621318817139,42.8760444223881,296.031006515026,317.448801100254,1276.75299543142,444.374554872513,0,107.672761797905,1243.81164458394,21.7791841030121,38.5925758779049,523.349330961704,948.115389436483,3.9596232175827,10.2961849570274,0,0,0.909682273864746,5.17470437288284,0,0,5.40366166830063,77.2858107984066,0,0,0,0,0,0,0,0,0,0,0,0,0,0.56359589099884,0,0,0,0,0,0,0,0,0,0,0,0,0,0,231.168071717024,768.122526466846,41.9118710458279,276.217414855957,2.32371282577515,22.2931140959263,0.550508141517639,21.5893398523331,0,0,0,1.52808955311775,5.66011607646942,28.0930926501751,0,5.7746713757515,1.0978342294693,6.65119951963425,0,1.45199286937714,0,0,0,0,0,0,0,0,0,0,0,0,0,0,0,0,0,0,0,0,0,0,0,0,0,0
0.850139200687408,0,58.6692733168602,50.7656415998936,1282.91662847996,39.5949167907238,1.43275964260101,54.4460207223892,135.02139043808,18.7581600248814,0,0,1.93991684913635,8.28925400972366,523.1470464468,27.5629052817822,0,0,1.07321906089783,0,872.893348902464,85.1707681417465,119.450709909201,65.4899551570415,1333.16088488698,107.672761797905,0,151.629958510399,121.520865142345,3.9618988931179,425.6270570755,78.325747013092,5.91257548332214,0,0,0,135.736371159554,65.7355114817619,49.792955994606,0,37.7886300683022,7.02916219830513,1.65562584996223,0,0,0,4.63615775108337,3.74303156137466,0,0,0,0,0.413131952285767,0,2.19111883640289,0,0,0,0,0,0,0,0,0,0,0,0,0,0,0,442.457803755999,89.434854477644,127.663807988167,12.1955411732197,12.1938247680664,7.74479514360428,12.1897374987602,8.34056496620178,0,0,0,0,7.67404609918594,0,0.950298070907593,0,2.76212167739868,0,6.81359165906906,0,1.35837888717651,0.765866637229919,0,0,4.82553350925446,2.08645325899124,0.867096126079559,0,0,0,1.16404819488525,0,0,0,0.823804020881653,0,1.08248496055603,0,0,2.82524484395981,0.555451095104218,0,0,0,0,0
0,0,23.7564077973366,90.5070747435093,66.1819007396698,2052.96525007486,2.92676609754562,26.6126082539558,17.1931371986866,373.168785899878,0,2.56555640697479,0.752983808517456,10.3776494860649,50.2958030104637,460.316384524107,0,0,0,0,56.9442460238934,2027.9082519114,85.3942523002625,144.869238913059,201.537398517132,1243.81164458394,151.629958510399,0,13.633680254221,110.323195487261,207.429925769567,250.437205195427,7.53430330753326,0,0,0,27.9074684381485,100.720365524292,12.8947039842606,3.35661792755127,5.33022457361221,360.430396109819,1.08975315093994,0,0,0,0,2.34749698638916,0,0,0,0,0,0.618128955364227,0,6.60339942574501,0,0,0,0,0,0,0,0,0,0,0,0,0,0,122.411061614752,1074.37181919813,9.76762786507607,572.666498035192,0,17.7537109255791,0,23.4880023598671,0,0,0,14.3873143196106,0,144.098245084286,0,31.252194494009,0.567892611026764,25.0212758481503,0,9.34024387598038,0,0.809794485569,0,0,1.21896231174469,1.02059039473534,0.97449791431427,0,0,0,0,0,0,0,0,0,0,0,0,0,0,0,0,0,0,0
690.547813087702,37.9288340508938,1207.27119678259,88.8680157065392,332.809086024761,5.06752121448517,975.540745615959,114.529571533203,316.49062153697,6.29201576113701,1093.96235239506,24.7600003480911,2456.92917150259,13.7536077201366,2450.40180832148,3.23745101690292,3618.13173833489,0,821.549573212862,101.900344610214,120.036925852299,14.9523479938507,511.676269888878,84.672573029995,100.863763302565,21.7791841030121,121.520865142345,13.633680254221,0,3.82887327671051,154.866007119417,80.01401668787,50.6933079957962,64.8833485245705,74.610754519701,36.1789109110832,219.41591668129,30.1906880140305,131.078784942627,0,165.061662137508,2.16728681325912,174.459184229374,5.19785505533218,104.773607194424,0,498.77323320508,0,113.290268212557,0,377.690426945686,0,101.770217508078,0,176.098495841026,1.10384917259216,1723.96699097753,7.01814097166061,442.198595553637,15.2929946184158,271.518056333065,1.32022607326508,789.221192568541,4.29972404241562,107.472981363535,0.655197024345398,256.069610357285,68.9216452240944,145.893461018801,3.60376667976379,945.460951536894,74.722767919302,1878.15633454919,17.8413398861885,159.265243768692,9.44579720497131,561.923905998468,34.564141690731,451.592011481524,0,1503.03855618834,0,1350.90230676532,0,559.98243945837,0,272.014436632395,0,211.457027941942,0,29.5076369047165,0,0.855211436748505,0.479274779558182,23.3712859153748,0,8.02984529733658,1.41811978816986,10.8379679322243,0,0,0,2.22234958410263,0,8.10347163677216,1.15772867202759,7.34492373466492,0,0,3.95591419935226,0,0,0,0,0,1.074338555336
3.77494558691978,214.230724424124,7.8679935336113,181.384419441223,2.23782554268837,496.383668005466,13.9800369143486,135.693699657917,2.49152314662933,153.991413295269,1.92654567956924,1178.98093253374,7.43022054433823,1769.19215291739,5.51598274707794,2529.27973303199,0,2444.48473066092,33.3888537287712,85.4918268024921,0,248.007317364216,16.0934911370277,99.6179967820644,11.9033243656158,38.5925758779049,3.9618988931179,110.323195487261,3.82887327671051,0,10.8732027411461,26.4697803854942,4.83752679824829,20.9600356221199,29.1749733388424,19.2552991509438,3.3702444434166,92.3607203662395,0,12.9348949790001,0,116.11188057065,18.8947377204895,76.1120192110538,3.37058687210083,38.1368799507618,4.80534917116165,160.111645758152,0,106.531128257513,0,127.030685424805,0,37.4429763257504,0,75.5715351700783,1.85018330812454,552.221713632345,0,156.333868801594,0,86.7125477492809,0,422.684875875711,0.805387258529663,60.5194246470928,11.9104782342911,154.994086146355,0,12.2518066763878,32.3202302157879,308.129953682423,5.39515554904938,5648.94771951437,1.9570215344429,89.2452239096165,8.82761564850807,174.244704425335,0,552.172823369503,0,927.167708724737,1.30852341651917,556.449915409088,0,271.760787189007,0,40.9841074347496,0,61.1166461110115,0,5.91222393512726,0,0,0,2.65908652544022,0,0,0,17.2641696333885,0,1.321293592453,0,1.32003223896027,0.665197551250458,2.02641344070435,1.38621115684509,2.06150197982788,0,0,0,0,0,0,0,0
17.5819304585457,21.1106659770012,291.534150063992,336.5858746171,184.057014912367,124.271158456802,72.6767699718475,253.434797912836,88.1133489012718,90.0061600208282,21.8923621177673,31.5044748187065,75.1213317513466,57.5255902707577,310.303860902786,83.8212379813194,3.02609586715698,7.81889712810516,752.222555935383,130.230026483536,1189.10785216093,186.557943850756,2987.19847011566,837.346929579973,624.061149597168,523.349330961704,425.6270570755,207.429925769567,154.866007119417,10.8732027411461,0,1425.25756123662,1552.17138880491,208.933882176876,322.157526254654,5.52857327461243,8.12521809339523,1.874491751194,0.519767165184021,0,22.3506090641022,3.81399321556091,20.7967745661736,0,5.48448204994202,0,10.1391369104385,0.832851707935333,0,0,0,0,0,0,1.9532116651535,0,3.72835743427277,0,5.39444118738174,0,0.436650604009628,0,0,0,0,0.50208181142807,464.437545657158,7.57392710447311,24.3620634078979,0.688626110553741,1029.14591681957,349.911891847849,253.284905046225,132.475799500942,23.4622299671173,34.9570915997028,96.7354350090027,66.6495818793774,0,0,1.19481182098389,0.889910876750946,7.31566172838211,0,1.36337167024612,0,1.22208744287491,0,2.09153252840042,0.792051374912262,0,0,0,0,1.13883888721466,0.477383852005005,2.59413808584213,0,0,0,0,0,0,0,0,0,0,0,0,0,0,0,0,0,0,0.569972276687622
10.6863594651222,40.4800423681736,643.540914595127,429.805619955063,149.264559537172,127.456391811371,419.850867301226,186.772306352854,156.799857884645,67.5128414928913,25.3208288550377,62.0223540067673,165.692179441452,126.010174751282,159.534832060337,137.840360373259,1.53890669345856,17.0832765102386,600.686394274235,224.251640558243,46.1551293134689,442.430524259806,2050.08571222425,2950.16552764177,305.292053371668,948.115389436483,78.325747013092,250.437205195427,80.01401668787,26.4697803854942,1425.25756123662,0,326.519490301609,2084.82905042171,7.58697947859764,162.273862421513,0.508600473403931,7.52973228693008,0,20.582356095314,6.21484363079071,21.4547173380852,0.923419892787933,47.6327596008778,0,0,0,98.4980500638485,0,0,0,0,0,0,0,6.61608463525772,0,7.82755565643311,0,1.06860873103142,0.928501188755035,0,0,5.90542697906494,0,2.03468239307404,14.8589034676552,710.23970323801,5.68588471412659,21.1900763213634,520.691692143679,666.681636422873,192.800554037094,254.229703277349,17.3876909613609,74.805685043335,65.522182404995,175.482828438282,0,0,0,4.5671172440052,1.52667713165283,4.53899985551834,0,4.17637038230896,0,0,0,0,0,0,0,0,2.04441547393799,8.20233529806137,0,1.72344237565994,0,0,0,0,0,0,0,1.55042672157288,0,1.25737488269806,0,3.39859819412231,0,0,0,0,0,0.669482052326202
73.4862346053123,223.508696854115,64.5719434022903,181.307345449924,7.12085276842117,2.33896803855896,25.8910994231701,113.207433581352,5.74625730514526,0,15.6856448352337,27.5901896357536,33.16734623909,30.3927185535431,9.19081169366837,1.99201273918152,4.96423405408859,6.89413279294968,3065.41908937693,480.79285377264,24.5394866466522,5.59939306974411,914.756026297808,181.716467767954,30.9570723176003,3.9596232175827,5.91257548332214,7.53430330753326,50.6933079957962,4.83752679824829,1552.17138880491,326.519490301609,0,512.09996214509,1156.69431039691,9.39159017801285,9.59826707839966,5.20655900239944,19.2022589445114,0,0.529808640480042,0,55.3269667625427,3.84050118923187,58.9547317624092,0.718911468982697,79.2785628437996,1.07443428039551,0.578104496002197,0,0,0,2.06348937749863,0,5.55252093076706,2.3461925983429,31.2915809750557,48.9549443721771,59.9669052660465,15.9448821246624,0.565316617488861,3.36638998985291,0,7.23584306240082,0,0,4554.13124459982,162.019632220268,981.451591819525,168.292634785175,147.151666879654,69.9051473736763,90.2294192314148,41.3403906524181,18.555554151535,20.0622485280037,111.727839171886,84.7151095867157,2.45333445072174,0,5.47786468267441,0.830422163009644,0,0,1.33680772781372,2.24315845966339,0,0,4.268917709589,0,0,0,0,0,2.49487560987473,1.02665185928345,9.75839495658875,0,0,0,0,0,0,0,0.847396075725555,0,0,0,0,0,0,0,0,0,0,0
200.226441383362,293.342571407557,206.652995020151,285.584236294031,0,1.76226809620857,265.807257413864,140.130737692118,1.1450662612915,2.8832788169384,38.6039651036263,116.511465460062,83.1919459104538,124.741534054279,0,2.06579828262329,16.5079091191292,44.4566847085953,1662.63410505652,4545.47815307975,0,1.49865740537643,365.718518972397,1086.37989336252,0.407687991857529,10.2961849570274,0,0,64.8833485245705,20.9600356221199,208.933882176876,2084.82905042171,512.09996214509,0,42.7305236458778,663.929439067841,34.9321777224541,39.6939519941807,4.10808271169662,66.8220949172974,0,0.961913585662842,11.0934789776802,79.5455425679684,10.8503140211105,0,13.6929775476456,99.3774965405464,3.40573763847351,0.592807054519653,4.76231354475021,0.800672113895416,0,0,0,12.6488058269024,51.2647287845612,60.1769976615906,112.350630819798,75.4648526906967,17.8518014550209,2.79774057865143,21.4338260293007,13.6243444085121,2.16183573007584,0.798076629638672,508.102868080139,4679.1090233326,474.733383566141,954.858831733465,168.746684998274,323.427993535995,109.735992610455,186.744767308235,25.5656808614731,86.0579285025597,192.399297446012,402.19571223855,1.76933860778809,1.40222764015198,18.3998015522957,10.192181289196,1.58623921871185,0,15.4644452929497,9.42531138658524,0,0,6.72438710927963,5.73933625221252,0,0,0,0,6.53141617774963,10.2088549137115,2.5703439116478,1.51090264320374,0,0,0,0,0,0,0,0.413150012493134,1.08927190303802,2.14163613319397,1.00610050559044,3.00023198127747,0,0,0,0,1.14871227741241,0
0,0.566958069801331,6.61946564912796,4.37613123655319,2.34543734788895,0,1.7253485918045,0,1.49397385120392,0,0.689437806606293,0,0.733672082424164,0,1.07861256599426,0,0,0,131.719213962555,0,9.48625648021698,2.1581734418869,201.679586082697,0,2.6208199262619,0,0,0,74.610754519701,29.1749733388424,322.157526254654,7.58697947859764,1156.69431039691,42.7305236458778,0,312.417920142412,199.170409500599,118.468089491129,113.902193695307,30.8000080287457,14.4878974854946,24.8076981306076,886.112364590168,528.624065965414,593.59899649024,281.155396282673,484.867882281542,222.258235514164,392.84373703599,172.424537956715,281.321795463562,50.7560002207756,102.196515738964,22.2908106148243,63.9166036248207,64.7805677056313,0,1.81735616922379,34.6888400912285,23.4238388538361,3.48599362373352,1.39864921569824,2.56709629297256,2.1851692199707,0.993779480457306,0,3142.8023660481,499.127146750689,0,8.01004475355148,21.553093880415,2.16267329454422,109.255269706249,99.0851444005966,6.32516458630562,16.8872226476669,146.945552617311,96.3015109598637,0,0,36.7743664383888,37.1747271120548,11.7173570394516,5.01205563545227,87.1223767697811,63.970925450325,0.971903324127197,2.20450979471207,164.562021523714,131.545611798763,5.02090799808502,0,0,0,5.14452677965164,6.35225749015808,41.3785853981972,0,0,0,0,0,0,0,0,0,0,0,0,0,0,0,0,0,0,0
1.30770635604858,0,0,0.930948078632355,0,0.456649720668793,1.57121932506561,0.496756106615067,0,0,0,0,0,0,0,0,0,0,0,13.8445520102978,3.13928759098053,0,1.51848518848419,13.7362443208694,0,0,0,0,36.1789109110832,19.2552991509438,5.52857327461243,162.273862421513,9.39159017801285,663.929439067841,312.417920142412,0,122.084077835083,138.827216178179,27.8084104955196,105.726057231426,11.1055313050747,26.2489867806435,423.235528916121,495.406305134296,494.478166639805,285.831084430218,215.569438576698,430.974397212267,426.058721542358,166.228953927755,251.366792529821,54.7597518861294,81.4267376661301,24.6548950076103,25.2252658903599,63.463259100914,3.21756678819656,0,43.588936239481,15.7356152236462,5.0405290722847,0,2.99758464097977,2.42091125249863,3.5863196849823,0.923249900341034,588.781654685736,1727.47519218922,0.749136388301849,0,1.93438774347305,3.75511100888252,66.9798670709133,60.0706925094128,6.06247121095657,14.9756834208965,89.5649529397488,99.9297230839729,2.24254012107849,1.8297646343708,27.7873460948467,43.5448593497276,3.73002064228058,9.58087953925133,65.5948890447617,65.0967864692211,0,7.06825596094131,111.1075502038,84.3820917606354,0,1.23042166233063,0,0,0.774075388908386,2.21245956420898,5.16184830665588,5.03182423114777,1.07574582099915,9.96068680286407,0,0,0,0,0,0,0,0,0,1.13814699649811,0.936516463756561,0,0,0,0,0
344.304634332657,1.15861582756042,123.419997692108,4.10556823015213,48.0281106829643,0,18.1796833276749,1.75179052352905,18.3199018836021,0,9.17073750495911,0,17.8634904623032,0,59.4654735326767,0,13.8728587031364,0,103.053286254406,6.12694054841995,39.9019155502319,24.6234017014503,9.04382193088531,2.80156242847443,7.88514238595963,0.909682273864746,135.736371159554,27.9074684381485,219.41591668129,3.3702444434166,8.12521809339523,0.508600473403931,9.59826707839966,34.9321777224541,199.170409500599,122.084077835083,0,290.126219987869,1805.08921766281,31.5201030373573,806.508656919003,19.7918999791145,399.812192976475,224.324024707079,472.964950799942,77.9798800349236,844.157916009426,88.9073324501514,431.696969687939,30.4930566847324,529.492191880941,7.32665640115738,123.982659220695,1.39102646708488,979.022540777922,84.6881682276726,326.517229288816,8.48894262313843,311.160323888063,101.836743891239,78.9693095982075,10.9968889951706,41.1159572303295,1.64995509386063,52.7398120760918,0.528693616390228,743.311490982771,798.462812513113,142.562726795673,0.881549894809723,486.47819018364,31.4814239740372,336.820343613625,45.1240289211273,1014.76925644279,72.0995258390903,3923.25369748473,115.667849034071,3.03945815563202,0,113.030493915081,3.17500853538513,408.328693389893,2.86610192060471,319.881959557533,21.2873827815056,1143.38237282634,3.43296939134598,1603.34897747636,14.9671974182129,121.611605405807,153.753278493881,44.1954887509346,33.2947314083576,221.571406692266,71.8660089075565,149.028083920479,30.0091224908829,49.5563008785248,40.7890218496323,72.0859945118427,11.6716206073761,112.361014693975,79.8036952316761,127.116194784641,56.2735979855061,69.7514534592628,21.1522462666035,8.23921826481819,85.4604632854462,28.2245976030827,1.77226656675339,3.31288540363312,1.65704244375229,1.81141459941864,16.4575425088406
4.95983093976974,332.322014123201,3.34519052505493,139.485896617174,0.6311075091362,35.1371051073074,4.92081898450851,41.4360409080982,0,3.99459907412529,0,29.3708398938179,0,19.4887057542801,0,29.3034922480583,1.96128296852112,18.1675797700882,11.9209363460541,88.2065578103065,17.7202432155609,79.1026183366776,1.75871121883392,16.6104797720909,0,5.17470437288284,65.7355114817619,100.720365524292,30.1906880140305,92.3607203662395,1.874491751194,7.52973228693008,5.20655900239944,39.6939519941807,118.468089491129,138.827216178179,290.126219987869,0,52.0897804498672,2325.50645714998,8.82872289419174,595.427839040756,117.784954071045,242.600342810154,35.2281386852264,180.087485462427,154.766023218632,954.579689323902,27.0485447049141,236.733740419149,21.7349429130554,223.878798753023,3.62152576446533,69.3697661161423,4.66461837291718,1303.78576743603,16.1267003417015,170.25519540906,142.356067419052,393.377821266651,31.8993230760098,168.889510005713,30.0818266272545,58.084079772234,8.5745484828949,159.859364151955,506.66969487071,901.172340273857,6.37350225448608,22.2979907393456,29.9155530929565,352.034894824028,56.4256036281586,296.107671618462,30.3620517551899,560.534052371979,182.331922739744,3229.57019868493,0.560892403125763,2.28693026304245,29.4253318309784,147.70325088501,0,662.136349767447,45.8110682368279,400.444343805313,0.968524575233459,1205.37119492888,4.09424442052841,830.05466812849,45.1978937387466,101.620167255402,20.9826476573944,27.2234979271889,18.4012478291988,168.193113565445,38.9254475235939,29.6784787774086,16.7812747955322,76.5540653765202,16.4395697712898,11.1067068576813,34.416518509388,118.625013738871,30.7901560366154,43.5683664977551,20.649752497673,10.4554291963577,6.33785539865494,31.9633561372757,12.9582699239254,2.62917912006378,2.04335993528366,1.61221426725388,5.2915852367878,8.69647419452667
82.4772500395775,2.31671285629272,18.2360000014305,2.02390706539154,17.9514940977097,0,3.39035314321518,0,6.54432815313339,0,0,1.79049432277679,1.6998382806778,0,20.720039665699,0,0,0,13.127016723156,0,10.5720409750938,8.67293012142181,1.86679601669312,1.21116638183594,4.46450543403625,0,49.792955994606,12.8947039842606,131.078784942627,0,0.519767165184021,0,19.2022589445114,4.10808271169662,113.902193695307,27.8084104955196,1805.08921766281,52.0897804498672,0,22.0012027919292,787.376564711332,2.04576277732849,218.387867450714,32.3530914783478,84.2155778706074,1.6448723077774,1144.72250214219,11.9193919599056,43.9938525259495,0,50.5143760144711,0,9.87973353266716,0,1462.35279333591,15.4303797483444,101.425942063332,1.93024861812592,45.6040423810482,1.4102156162262,11.9174008965492,0,17.095374584198,0,10.2476977109909,0,402.991150587797,120.733560055494,31.1093258261681,0,81.6300408542156,19.0962889194489,51.0907020866871,11.0262142121792,78.2970832288265,37.9672217071056,180.598177582026,36.8746953010559,0,0,17.1407598853111,2.17072296142578,353.818348556757,0,86.679621219635,4.79213869571686,197.254822075367,0,524.826094269753,0,317.035007029772,214.672043085098,81.8756386041641,62.8711030185223,40.7062702775002,111.983377486467,190.079408526421,40.6807252168655,65.1413843333721,63.0394163131714,60.9957736432552,12.6298606991768,113.27499806881,80.2129900157452,67.0166238844395,37.8930695950985,39.1271365582943,22.4957710206509,1.63520503044128,2.78687912225723,16.6427546143532,4.08921426534653,3.19872683286667,1.96826106309891,0.987328708171844,4.33226001262665
0,259.645320087671,1.61741530895233,41.6004117131233,0,0,0.752503931522369,14.2399515509605,0,1.44189286231995,0,5.99135029315948,0,11.538459777832,0,4.37661880254745,0.855730712413788,2.84418553113937,3.06665241718292,34.950368642807,0,3.64174658060074,0,4.24777269363403,0,0,0,3.35661792755127,0,12.9348949790001,0,20.582356095314,0,66.8220949172974,30.8000080287457,105.726057231426,31.5201030373573,2325.50645714998,22.0012027919292,0,0,1334.55426225066,14.5349166989326,155.471612036228,4.36050742864609,34.3092335760593,13.5886275172234,1154.29514855146,0.604856550693512,36.97634100914,0,26.8948687016964,0,11.1747445166111,3.93996047973633,1406.19217726588,0,127.354057818651,0,62.4026295244694,0,17.4377875030041,0,14.3123268485069,0,11.3297605514526,29.6893683671951,516.646879553795,0.769151031970978,21.1538864076138,2.98367166519165,88.8836335837841,2.05672085285187,65.361003100872,8.27632063627243,59.036738306284,15.3322201967239,143.527435421944,0,0.926432192325592,0,22.4610452651978,0,622.957084745169,0,39.5880748033524,0,560.919237583876,0,124.440605312586,41.3780015707016,64.8742743730545,7.44574695825577,34.533486187458,8.11730217933655,50.7066728770733,35.5325938463211,43.473865956068,17.0365330576897,21.4508484303951,19.0617800056934,8.81995689868927,23.4134642481804,44.7368848919868,15.0646536946297,14.7630692124367,2.59986329078674,5.94019383192062,1.31731760501862,2.78266108036041,8.19160807132721,1.87737494707108,0,0.81417042016983,0,2.05095946788788
6.2822724878788,0,12.7424142956734,0,45.9647562503815,6.07745486497879,0,0,21.8917185664177,1.50927269458771,0,0,0,0,77.195874273777,0,0,0,4.73002046346664,0,66.7548168301582,3.24656844139099,4.49744200706482,0,25.4376890063286,5.40366166830063,37.7886300683022,5.33022457361221,165.061662137508,0,22.3506090641022,6.21484363079071,0.529808640480042,0,14.4878974854946,11.1055313050747,806.508656919003,8.82872289419174,787.376564711332,0,0,25.0569081306458,78.8810921609402,1.52837526798248,12.5046724677086,0,179.886558234692,0,7.22170877456665,0,37.3051937520504,0,22.4346024096012,0,77.6909989416599,2.08737307786942,2.47582006454468,0,18.7832036018372,0,1.64028513431549,0,0,0,0,0,59.6795816123486,4.78449904918671,6.49157321453094,0,252.649197727442,30.8794496059418,395.477898955345,13.2560663223267,294.090315341949,34.4638413786888,361.820984393358,7.62673860788345,0.680813133716583,0,0,0,543.277968972921,4.50812882184982,79.0244637429714,1.87085485458374,400.725575864315,3.92361417412758,160.059248954058,2.34084922075272,15.3196859359741,0.670539557933807,3.32938992977142,0.774292767047882,11.2806649804115,0,6.05203557014465,0,2.16374313831329,0.937088847160339,1.59286171197891,0,0.495488435029984,1.11410892009735,13.4874929785728,8.62725430727005,1.60723489522934,0,10.0871008634567,7.98408076167107,0.646425068378448,0,0,0,0.498181283473969,4.32463324069977
0,0,0,5.16389280557632,1.72575449943542,232.356625497341,0,1.83570861816406,0,66.4463942945004,0,0,0,0.738637030124664,2.02815878391266,117.797886520624,0,1.2227658033371,0,1.06668019294739,7.26115787029266,457.352957189083,1.89673215150833,10.9169295430183,3.94502720236778,77.2858107984066,7.02916219830513,360.430396109819,2.16728681325912,116.11188057065,3.81399321556091,21.4547173380852,0,0.961913585662842,24.8076981306076,26.2489867806435,19.7918999791145,595.427839040756,2.04576277732849,1334.55426225066,25.0569081306458,0,36.3412573933601,61.1820900738239,0.481511682271957,12.2415220141411,1.21376156806946,256.12906357646,0,28.2192122340202,0,43.1776212155819,0,47.5250303149223,0,457.475851893425,0,2.25064328312874,0,30.6241107285023,0,15.7431002557278,0,0.411740213632584,0,26.6791794002056,3.46276593208313,128.13786303997,0,0,47.8912556767464,292.499702185392,41.7578760385513,1014.424249053,6.23531848192215,513.152825474739,5.21885484457016,231.268203288317,0,0,0,57.7290605306625,0,2114.04627659917,0,301.003115475178,4.03596299886703,1027.71421775222,1.85502254962921,395.14119336009,0,4.62911653518677,0,0,0,3.68145930767059,0,0,0,26.97725507617,0,0,0,2.04610323905945,1.25665152072906,2.16364026069641,0,0,0.645337522029877,0,0,0.942016303539276,0,0,0,0
0,1.26143074035645,0,0,0.852035641670227,0,0,0,0,0,0,0,0,0,3.78099179267883,0,0,1.15854048728943,30.9746860861778,0,5.56093847751617,0,14.2937819361687,0,0,0,1.65562584996223,1.08975315093994,174.459184229374,18.8947377204895,20.7967745661736,0.923419892787933,55.3269667625427,11.0934789776802,886.112364590168,423.235528916121,399.812192976475,117.784954071045,218.387867450714,14.5349166989326,78.8810921609402,36.3412573933601,0,3691.1618450284,11300.4197515845,3380.68421569467,10438.3997998536,1756.03561130166,2220.09108105302,843.585833877325,2499.64505523443,156.760292679071,1062.36689710617,88.554556787014,468.008215457201,113.191303044558,0,1.01873111724854,75.4515704512596,22.7991934120655,2.75507295131683,0,0,0,2.9641922712326,0.777798295021057,2752.61700427532,1027.39679166675,0,1.15518951416016,2.63130456209183,0,239.743471831083,105.395563691854,15.089312940836,15.278960287571,219.282008975744,75.5502460300922,1.96650546789169,0,121.169678479433,34.2787600159645,37.1718009710312,11.1766812801361,295.63651484251,99.9117589890957,10.3057276010513,2.55027735233307,452.339792430401,218.314016878605,486.139687031507,45.0866333544254,0,0,4.45358228683472,0,77.2935684323311,1.70095670223236,200.349598407745,213.658805519342,0,0,0,0,0,0,0,0,0,2.89741903543472,0,0,0,0,0,0
0,0,0,0.63551926612854,0,0.75352668762207,0,0,0,0,0,0,0,0,0,0.66010320186615,0,0.403766959905624,0,2.82011404633522,0,0,0,1.78102159500122,0,0,0,0,5.19785505533218,76.1120192110538,0,47.6327596008778,3.84050118923187,79.5455425679684,528.624065965414,495.406305134296,224.324024707079,242.600342810154,32.3530914783478,155.471612036228,1.52837526798248,61.1820900738239,3691.1618450284,0,1245.318169415,9573.15310633183,388.899514824152,6391.86072865129,337.802539110184,3100.37045124173,161.236059308052,2410.14678302407,69.7570563554764,404.726328879595,2.7515766620636,315.342966020107,0,0.447932541370392,18.7116777598858,75.1603270173073,0,0.748071193695068,0.677904844284058,0.4145867228508,0,6.73507139086723,1205.56823739409,3312.1607632041,0,0,2.25745797157288,5.14458242058754,11.5706802010536,202.895097613335,0,51.8577252328396,42.2276705801487,215.427409052849,0,1.29225957393646,3.2620068192482,133.490528345108,0,29.5818943679333,50.9632507562637,194.011970132589,0,19.1068271696568,47.6110217869282,260.62250238657,0,21.9096293449402,0,0,0,9.2544791996479,5.26119482517242,1.83977717161179,0,97.1389544308186,0,0,0,0,0,0,0,0,0,2.03608793020248,0,0,0,0,0,0
3.01078945398331,0,0,0,0,0,2.9909126162529,0,0,0,0,0,0,0,1.0886607170105,0,2.42990100383759,0,2.79261028766632,0,0,0,1.27014255523682,0,0,0,0,0,104.773607194424,3.37058687210083,5.48448204994202,0,58.9547317624092,10.8503140211105,593.59899649024,494.478166639805,472.964950799942,35.2281386852264,84.2155778706074,4.36050742864609,12.5046724677086,0.481511682271957,11300.4197515845,1245.318169415,0,1264.6097496748,1858.47615727782,64.4567667841911,4041.5249325037,128.667835175991,996.433664768934,11.5264781117439,72.7324912846088,4.21714204549789,106.643050909042,13.7483529448509,2.94718199968338,0,264.34616369009,6.85912424325943,15.4409357905388,0,3.7700160741806,0,4.02408003807068,0,2039.38922995329,745.868307232857,0,0,13.3459564447403,0,171.299092710018,2.70311564207077,19.7629306316376,1.49652540683746,429.097283512354,7.55957037210464,3.09402900934219,0,186.468914061785,0,9.54790699481964,0,162.142602682114,5.7386822104454,0.349594235420227,0,164.896899372339,3.26654425263405,5.70572328567505,0,0,0,25.6267606019974,1.20641553401947,34.8247371613979,1.03035855293274,16.8850487172604,0,0,0,0,0,0,0,0.63533616065979,0,0,8.2003601193428,0,0,0,0,0,0
0,6.60341304540634,0,0,0,0,0,1.39348614215851,0,0,0,0,0,0,0,0,0,0,0,0,0,0,0,0,0,0,0,0,0,38.1368799507618,0,0,0.718911468982697,0,281.155396282673,285.831084430218,77.9798800349236,180.087485462427,1.6448723077774,34.3092335760593,0,12.2415220141411,3380.68421569467,9573.15310633183,1264.6097496748,0,63.5418803691864,1113.54257327318,118.794322311878,4264.62830507755,17.399587392807,802.59881272912,0.565502882003784,120.266439884901,0.867389917373657,104.779147833586,0,2.1044105887413,2.40166074037552,283.199937522411,0,7.64303731918335,0,0.639514267444611,0,54.1106367707253,604.899525284767,1629.22099786997,0,0,0,2.49990099668503,0,236.032456159592,0,81.1457466483116,14.9849299788475,292.961079716682,0,2.7209392786026,0,199.904549539089,0,9.41783934831619,0.755374193191528,179.898761123419,0,0,0,195.538189142942,0,4.14709895849228,0,0,0,10.975578546524,0,1.30410492420197,0,12.6812191009521,0,0,0,0,0,0,0,0,0,0.829005062580109,0,0,0,0,0,0
0,0.839624285697937,0,0,15.7792838811874,0,0,0,6.69087433815002,0,0,0,0,0,22.81624096632,0,1.63851916790009,0,20.4788309931755,0,11.0667623281479,0.88029932975769,7.17902290821075,0,1.78465747833252,0,4.63615775108337,0,498.77323320508,4.80534917116165,10.1391369104385,0,79.2785628437996,13.6929775476456,484.867882281542,215.569438576698,844.157916009426,154.766023218632,1144.72250214219,13.5886275172234,179.886558234692,1.21376156806946,10438.3997998536,388.899514824152,1858.47615727782,63.5418803691864,0,561.938647598028,362.28482106328,24.9064034223557,1240.91304942966,2.67332151532173,2017.29960998893,1.79797342419624,4449.82539302111,83.8682971000671,0,1.73551952838898,29.0936107039452,22.9763331115246,1.70167016983032,2.01727628707886,0,0,9.63874989748001,0,1538.69598910213,693.156195342541,0.86971640586853,1.44726037979126,23.0917702913284,5.10241967439651,358.676363199949,8.28705841302872,8.43810680508614,3.56595474481583,430.631457775831,49.0117444097996,0.533510863780975,0,191.295489907265,6.04496836662292,183.658173292875,0,565.058271855116,29.0997779369354,103.382332980633,0,1254.54679858685,34.7260111868382,801.347462981939,0,0,0,42.4726347923279,0.678269505500793,238.100345909595,0,534.454930961132,4.33289229869843,1.47284758090973,0,0,0,4.27206158638,0,0,0,0,97.8232428431511,0,0,0,0,0,0
0,15.095610499382,0,9.0831395983696,0,5.59556275606155,0,6.11195904016495,0,0.546585738658905,0,1.17553055286407,0,5.97460693120956,0,2.34648197889328,0,0.970592200756073,0,6.74170017242432,0,3.83633881807327,0,6.24262052774429,0,0,3.74303156137466,2.34749698638916,0,160.111645758152,0.832851707935333,98.4980500638485,1.07443428039551,99.3774965405464,222.258235514164,430.974397212267,88.9073324501514,954.579689323902,11.9193919599056,1154.29514855146,0,256.12906357646,1756.03561130166,6391.86072865129,64.4567667841911,1113.54257327318,561.938647598028,0,12.0958489179611,553.210541754961,14.3157926797867,854.375493496656,6.19198727607727,2687.35204493999,12.5095145106316,4178.43394806981,0,17.2580088078976,5.83817625045776,52.6763813495636,1.54863250255585,12.5919174253941,0,1.84764367341995,0.606420278549194,17.9494678378105,349.262394994497,1803.35129904747,0,1.86706411838531,2.13374745845795,38.8161590099335,2.14398783445358,386.826873511076,0.688752830028534,79.6037439703941,62.2343915700912,935.948978573084,0,1.84150898456573,0.577944278717041,218.158637702465,0,93.236025094986,3.69885420799255,401.534002691507,0,75.9580526947975,4.20086854696274,725.303628653288,0,122.593211680651,0.521133542060852,1.44170814752579,19.8848561048508,42.0356396734715,15.6754666566849,15.9194717407227,0,1149.97819271684,0,0,1.40011888742447,2.05579233169556,5.35821262001991,1.16739451885223,1.60344690084457,0,1.5668613910675,144.559909164906,0,0,0,0,1.69435656070709,0
2.31786382198334,0,0,0,0,0,1.33354836702347,0,0,0,0,0,0,0,0,0,4.7269412279129,0,0.609807133674622,0,0,0,0,0,0,0,0,0,113.290268212557,0,0,0,0.578104496002197,3.40573763847351,392.84373703599,426.058721542358,431.696969687939,27.0485447049141,43.9938525259495,0.604856550693512,7.22170877456665,0,2220.09108105302,337.802539110184,4041.5249325037,118.794322311878,362.28482106328,12.0958489179611,0,78.4134233593941,6283.79567930102,5.31671607494354,269.612725317478,0,56.6602743268013,2.91156536340714,6.04252541065216,0,801.691037237644,5.71059840917587,136.884224444628,0,3.97328382730484,0,24.1124852597713,0,901.311637222767,499.354098588228,0,0,4.37947821617126,0,183.206332921982,0.583854198455811,32.7906419038773,0,491.530252695084,7.82998424768448,4.33135050535202,0,270.259047955275,1.78931307792664,5.08195275068283,0,181.666545003653,0,0,0,128.506809920073,2.7655343413353,34.4329199492931,0,0,0,40.3808179497719,0,25.3657893538475,0,0,0,0,0,0,0,0,0,0,0,0,4.89127635955811,0,0,0,0,0,0
0,19.3032072484493,0,0,0,0,0,17.620267033577,0,0,0,0.566525042057037,0,2.30515313148499,0,0,0,4.40126812458038,0,0,0,0,0,0,0,0,0,0,0,106.531128257513,0,0,0,0.592807054519653,172.424537956715,166.228953927755,30.4930566847324,236.733740419149,0,36.97634100914,0,28.2192122340202,843.585833877325,3100.37045124173,128.667835175991,4264.62830507755,24.9064034223557,553.210541754961,78.4134233593941,0,25.5612066686153,5631.38929337263,2.86770081520081,906.61225938797,0,513.992089241743,0,51.8147134482861,0.951368033885956,1141.18589827418,0,89.3268871307373,0,4.21274602413177,0,727.82620665431,518.78846886754,949.159626096487,0,0.482861310243607,0,12.4514046609402,0,402.99771296978,0,135.792029887438,11.1419490277767,435.127837061882,0,10.544859290123,0,429.331587672234,0,37.369668841362,1.29416316747665,520.437739640474,0,0.477239072322845,0,427.418171137571,0,6.30191630125046,0,0,0,26.8531102538109,2.01055663824081,0,0,19.3313479423523,0,0,0,0,0,0,0,1.43338823318481,0,0.677862763404846,0,0,0,0,0,0
153.199203431606,0,5.59263238310814,0,2.28738832473755,0,208.411502182484,0,0,0,2.01809710264206,0,4.59210228919983,0,1.19788956642151,0,14.1588759124279,0,3.21708044409752,0,2.05152416229248,0,0,0,0,0,0,0,377.690426945686,0,0,0,0,4.76231354475021,281.321795463562,251.366792529821,529.492191880941,21.7349429130554,50.5143760144711,0,37.3051937520504,0,2499.64505523443,161.236059308052,996.433664768934,17.399587392807,1240.91304942966,14.3157926797867,6283.79567930102,25.5612066686153,0,2.43497061729431,3742.49713349342,0,490.641817748547,0,222.401958525181,0,2259.86803534627,0.96818619966507,1022.79997640848,0,16.6730901002884,0,1186.28548273444,0,519.511392146349,301.269705712795,1.77021282911301,0,42.7735013067722,0,478.172775566578,0,69.7172347605228,0,684.674976885319,2.96266376972198,25.8156418800354,0,787.471484541893,0,99.9634690582752,0,3740.07148313522,3.13090968132019,3.71781542897224,0,1010.16156116128,0,78.2865976393223,0,0,0,56.1500650346279,0,19.4980952143669,0,1.88557651638985,0,0,0,0,0,1.3711222410202,0,0,0,1.12265157699585,11.8187483251095,0,0,0,0,1.30457675457001,0
0,181.412618070841,0,12.3293224573135,0,0,0,116.922904372215,0,0,0,22.1944201588631,0,8.08316266536713,0,0,0,3.43265324831009,0,1.02841746807098,0,1.14229381084442,0,0,0,0,0,0,0,127.030685424805,0,0,0,0.800672113895416,50.7560002207756,54.7597518861294,7.32665640115738,223.878798753023,0,26.8948687016964,0,43.1776212155819,156.760292679071,2410.14678302407,11.5264781117439,802.59881272912,2.67332151532173,854.375493496656,5.31671607494354,5631.38929337263,2.43497061729431,0,0,3349.17061460018,0,855.146595269442,0,270.643439888954,0,923.785429924726,0,66.3346452116966,0,19.142208725214,0,1115.48286178708,135.665351867676,390.637004882097,0,6.18704736232758,0,22.008879750967,0,479.94413036108,0,106.730162858963,6.30504375696182,376.624051123857,0,11.3126183748245,0,716.985147088766,0,81.5584449470043,0,4236.76474252343,0,14.5413994789124,0,1902.513215065,0,2.39755654335022,0,0,0,36.6518601179123,0,0,0,34.5339381694794,0,0,0,0,0,0,0,0,0,1.5011248588562,0,0,0,0,0,0
0.871251732110977,0,0,0,0.729355752468109,0,0.836189389228821,0,0.481866955757141,0,0,0,0,0,3.7349454164505,0,0.382895678281784,0,0,0,1.57271382212639,0,0,0,0,0,0.413131952285767,0,101.770217508078,0,0,0,2.06348937749863,0,102.196515738964,81.4267376661301,123.982659220695,3.62152576446533,9.87973353266716,0,22.4346024096012,0,1062.36689710617,69.7570563554764,72.7324912846088,0.565502882003784,2017.29960998893,6.19198727607727,269.612725317478,2.86770081520081,3742.49713349342,0,0,0,2138.72456455231,0,2.80543437600136,0,14.1820802390575,0,5.63210162520409,0,0,0,42.2774189114571,0,133.272187769413,128.358540296555,0,0,5.32741087675095,0,132.033057183027,0,10.5400178730488,0,107.663289576769,1.14779126644135,1.28718680143356,0,90.4353368282318,0,36.8261595368385,0,351.461338758469,0.8246209025383,24.528294056654,0,913.734345257282,0,118.111752450466,0,0,0,3.67095744609833,0,6.61970418691635,1.84720504283905,4.37576365470886,0,0,0,0,0,0,0,0,0,0,0.874369263648987,0,0,0,0,0,0
0,0,0,0,0,0,0,0,0,0,0,0,0,0,0,0,0,0,0,0,0,0.800570845603943,0,0,0,0,0,0.618128955364227,0,37.4429763257504,0,0,0,0,22.2908106148243,24.6548950076103,1.39102646708488,69.3697661161423,0,11.1747445166111,0,47.5250303149223,88.554556787014,404.726328879595,4.21714204549789,120.266439884901,1.79797342419624,2687.35204493999,0,906.61225938797,0,3349.17061460018,0,0,0,2499.12056723237,0,0,0,12.8877581059933,0,0,0,0,0,0.532602906227112,37.0944181084633,76.8099500834942,0,0,0,0,0,96.9237671196461,0,14.5036301612854,1.89273482561111,41.0451808273792,0,0,0,58.536269068718,0,8.43070358037949,0,435.291578829288,0,13.4262879788876,0,1505.09625154734,0,24.6015515625477,0,0,0,0,0,0,0,199.219592392445,0,0,0,0,0,0,0,0,0,0,0,0,0,0,0,0
0,0,0,0,13.5249852836132,0,0,0,3.95875915884972,0,0,0,0,0,21.4189158380032,0,0,0,0,0,6.17304730415344,1.02148354053497,0,0,2.5368135869503,0,2.19111883640289,0,176.098495841026,0,1.9532116651535,0,5.55252093076706,0,63.9166036248207,25.2252658903599,979.022540777922,4.66461837291718,1462.35279333591,3.93996047973633,77.6909989416599,0,468.008215457201,2.7515766620636,106.643050909042,0.867389917373657,4449.82539302111,12.5095145106316,56.6602743268013,0,490.641817748547,0,2138.72456455231,0,0,2.66777646541595,2.36120456457138,0,3.74831405282021,0,1.70194506645203,0,1.51681384444237,0,5.96816292405128,0,177.392755180597,40.7261562049389,0,0,12.4501085281372,0.829439461231232,113.088093876839,0.593736052513123,6.25285142660141,0.672737658023834,102.461495757103,1.68027645349503,2.06898075342178,0,39.77822047472,0,174.255618810654,0,278.363529801369,0,336.649317055941,0,3472.25504207611,0,104.176970541477,0,0,0,6.45560681819916,0,27.4005722403526,0,30.7339030504227,0,0,0,0.611505806446075,0,0,0,0,0,0,1.30151271820068,0,0,0,0,0,0
0,1.12029731273651,0,0,0,15.0168299078941,0,1.38189387321472,0,2.98342806100845,0,0.810943186283112,0,0,0,14.3622665405273,0,0,0,0,1.50754332542419,6.63625377416611,0,0,0,0.56359589099884,0,6.60339942574501,1.10384917259216,75.5715351700783,0,6.61608463525772,2.3461925983429,12.6488058269024,64.7805677056313,63.463259100914,84.6881682276726,1303.78576743603,15.4303797483444,1406.19217726588,2.08737307786942,457.475851893425,113.191303044558,315.342966020107,13.7483529448509,104.779147833586,83.8682971000671,4178.43394806981,2.91156536340714,513.992089241743,0,855.146595269442,0,2499.12056723237,2.66777646541595,0,0,2.8046767115593,18.4012101888657,41.8693070113659,6.0072500705719,7.34644865989685,1.56924164295197,2.79666525125504,0,37.2482525110245,136.713668972254,385.934519886971,0,0,6.45036548376083,26.2033871412277,1.03573489189148,185.904859781265,0.82327526807785,48.2866919338703,20.9711294770241,196.218334406614,0,0,0,97.5301171839237,0,287.004495084286,2.07482397556305,518.306433707476,0,756.570976108313,0,4284.49993237853,0,41.9897260665894,0,0,0,5.74083751440048,0,2.93431043624878,0,392.957483649254,0,0,0,0,0,0,0,0,0,0,0,0,0,0,0,0
11560.1249602735,88.0269877910614,226.643632411957,42.8707520365715,0,0,460.786368846893,23.0774557888508,2.14638686180115,0,130.752867758274,0.437804132699966,102.61362734437,0,0,0,1853.70481342077,0,234.980426609516,102.236420482397,0,0,0.468271225690842,0,0,0,0,0,1723.96699097753,1.85018330812454,3.72835743427277,0,31.2915809750557,51.2647287845612,0,3.21756678819656,326.517229288816,16.1267003417015,101.425942063332,0,2.47582006454468,0,0,0,2.94718199968338,0,0,0,6.04252541065216,0,222.401958525181,0,2.80543437600136,0,2.36120456457138,0,0,35.029605448246,2057.60317355394,36.0208180248737,5124.45368734002,4.7488329410553,2349.30374655128,10.0026630163193,563.174120992422,0.732513844966888,617.558339685202,127.992916375399,1526.3939256072,48.651558816433,973.605315923691,38.7473480701447,2305.46905094385,8.66306319832802,1010.0363637805,3.88178104162216,3190.7132769227,71.7850159406662,178.184955835342,0,642.804546564817,4.55416011810303,2.55778062343597,0,392.73993486166,0,0.465933114290237,0,107.871499598026,0,2.33355212211609,0,0,0,200.467381507158,2.08421355485916,35.7813208699226,0,0,0,0,0,0,0,24.0385368466377,0.674807727336884,61.5078345239162,0,4.49255496263504,14.3811057209969,0,0,0,0,0.858674585819244,6.62734681367874
14.1374634206295,12386.5541157126,0,349.982784748077,0,0,1.17151936888695,668.122900664806,0,0,0,419.099876731634,0,89.8452043235302,0,0,0,2137.98733991385,7.64044451713562,223.641489386559,0,0,0,7.25500130653381,0,0,0,0,7.01814097166061,552.221713632345,0,7.82755565643311,48.9549443721771,60.1769976615906,1.81735616922379,0,8.48894262313843,170.25519540906,1.93024861812592,127.354057818651,0,2.25064328312874,1.01873111724854,0.447932541370392,0,2.1044105887413,1.73551952838898,17.2580088078976,0,51.8147134482861,0,270.643439888954,0,0,0,2.8046767115593,35.029605448246,0,23.7517340779305,1677.91539275646,2.11912572383881,1296.92414656281,21.9945642948151,3247.88190615177,0,590.973334044218,95.8034355640411,530.921379387379,38.4960612952709,2208.97124457359,35.9825742542744,459.018414974213,6.47195315361023,1939.97880721092,1.94128960371017,501.991847574711,145.500890403986,1728.46251809597,2.14027547836304,81.7409628927708,16.3086103796959,341.058179438114,0,4.01019018888474,2.20998358726501,303.875116437674,0,0,0,91.0752444565296,0,2.24402242898941,0,0,0,104.49358895421,0,1.79363751411438,0,3.16597700119019,0,0,0,0,0,1.26962542533875,0,0,4.94605112075806,4.45948219299316,0,0,0,0,0,0
819.952912777662,0.531651616096497,154.777542352676,0,0,0,244.299100100994,0,0,0,11.1468751430511,0,4.25602343678474,0,0,0,54.5351145863533,3.24141108989716,179.120499163866,0.619660377502441,0,0,2.85658049583435,0,0,0,0,0,442.198595553637,0,5.39444118738174,0,59.9669052660465,112.350630819798,34.6888400912285,43.588936239481,311.160323888063,142.356067419052,45.6040423810482,0,18.7832036018372,0,75.4515704512596,18.7116777598858,264.34616369009,2.40166074037552,29.0936107039452,5.83817625045776,801.691037237644,0.951368033885956,2259.86803534627,0,14.1820802390575,0,3.74831405282021,18.4012101888657,2057.60317355394,23.7517340779305,0,55.1492640376091,4570.99088105559,6.55677199363708,227.344583362341,5.56142467260361,544.254167079926,0,2071.4695353508,458.945396006107,860.090770930052,12.9269289970398,142.066413462162,15.3513532578945,477.759827136993,4.95750093460083,148.186919540167,0,994.858734339476,33.6782369017601,53.3273909389973,0.813146412372589,478.984532743692,2.62979608774185,5.55678075551987,0,253.776594907045,0,0,0,178.788397520781,0,0,0,0,0,83.2199797332287,0,17.9364727735519,1.5409904718399,0,0,0,0,0,0,1.68906980752945,0,6.40845727920532,0,0,13.1311909556389,0,0,0,0,0,0.784410238265991
0.976062804460526,548.953655302525,1.54972290992737,132.400134116411,0,0,0,104.561522156,0,0,0,81.6717802584171,0,34.3620755374432,0,0,2.38950246572495,70.5421616733074,0.765155136585236,133.145273119211,0,0,0,0.859735786914825,0,0,0,0,15.2929946184158,156.333868801594,0,1.06860873103142,15.9448821246624,75.4648526906967,23.4238388538361,15.7356152236462,101.836743891239,393.377821266651,1.4102156162262,62.4026295244694,0,30.6241107285023,22.7991934120655,75.1603270173073,6.85912424325943,283.199937522411,22.9763331115246,52.6763813495636,5.71059840917587,1141.18589827418,0.96818619966507,923.785429924726,0,12.8877581059933,0,41.8693070113659,36.0208180248737,1677.91539275646,55.1492640376091,0,19.3555315136909,1549.21988290548,22.0108333826065,451.373351931572,3.1308434009552,1347.70115625858,207.432175904512,2514.76023578644,4.67823660373688,288.642183750868,46.5437303185463,92.8377385437489,23.6169912815094,629.219506531954,3.09844356775284,238.708346784115,168.020030021667,969.124722629786,1.02002954483032,65.0494752824306,22.155509352684,635.538166463375,0,14.3688397109509,1.29253804683685,295.272562265396,0,0,0,171.725915312767,0,0,0,0,0,87.0425199866295,0,0,0,0,0,0,0,0,0,0,0,4.34852266311646,1.37921321392059,3.40300333499908,0,0,0,0,0,0
1188.1283762455,0.737790107727051,27.1635405123234,0,0,0,430.344542890787,0,0,0,129.007421821356,0,49.1741340458393,0,0,0,179.534719735384,0,15.8990340530872,1.37190493941307,0,0,0,0,0,0,0,0,271.518056333065,0,0.436650604009628,0.928501188755035,0.565316617488861,17.8518014550209,3.48599362373352,5.0405290722847,78.9693095982075,31.8993230760098,11.9174008965492,0,1.64028513431549,0,2.75507295131683,0,15.4409357905388,0,1.70167016983032,1.54863250255585,136.884224444628,0,1022.79997640848,0,5.63210162520409,0,1.70194506645203,6.0072500705719,5124.45368734002,2.11912572383881,4570.99088105559,19.3555315136909,0,0,1514.6371126771,0,2586.18883395195,1.2615247964859,190.46482399106,107.505573034286,18.494564563036,0.96219265460968,120.627763301134,3.24530649185181,216.505095809698,0,84.8586028218269,0,405.789802074432,12.9352083802223,31.5733335912228,0,529.002509742975,0,8.23455837368965,0,1039.58879160881,0.63722950220108,0,0,103.899317502975,0,0,0,0,0,24.3072606921196,0,11.5582163929939,0,0,0,0,0,0,0,0,0,3.07202851772308,0,0,1.49211484193802,0,0,0,0,0,1.7920800447464
1.33652079105377,569.667001545429,0,36.6828025579453,0,0,0,98.4340106248856,0,0,0,556.080253273249,0,196.448589324951,0,0,0,261.030554652214,0,16.6742879152298,0,0,0,0,0,0,0,0,1.32022607326508,86.7125477492809,0,0,3.36638998985291,2.79774057865143,1.39864921569824,0,10.9968889951706,168.889510005713,0,17.4377875030041,0,15.7431002557278,0,0.748071193695068,0,7.64303731918335,2.01727628707886,12.5919174253941,0,89.3268871307373,0,66.3346452116966,0,0,0,7.34644865989685,4.7488329410553,1296.92414656281,6.55677199363708,1549.21988290548,0,0,2.73441308736801,2847.44650882483,0,1761.71057212353,21.2378379702568,187.057494878769,0,3.02531981468201,5.4738085269928,63.6599898934364,1.53387248516083,290.495446532965,0,95.3078109920025,32.6467112600803,423.495025664568,0,15.4520321190357,1.43346059322357,204.20917481184,0,5.23099526762962,0,316.954998373985,0,0,0,98.325610935688,0,0,0,0,0,17.9534892141819,0,0,0,0,0,0,0,0,0,0,0,0,0.881895303726196,0,0,0,0,0,0,0
303.778919517994,2.75624322891235,13.13673132658,0,0,0,40.2773588895798,0,0,0,251.006432652473,0,145.233096599579,0,0.974938571453094,0,1377.09289783239,0.990639925003052,8.02107274532318,1.97283726930618,0,0,0,0,0,0,0,0,789.221192568541,0,0,0,0,21.4338260293007,2.56709629297256,2.99758464097977,41.1159572303295,30.0818266272545,17.095374584198,0,0,0,0,0.677904844284058,3.7700160741806,0,0,0,3.97328382730484,0,16.6730901002884,0,0,0,1.51681384444237,1.56924164295197,2349.30374655128,21.9945642948151,227.344583362341,22.0108333826065,1514.6371126771,2.73441308736801,0,1.39418178796768,317.518601030111,0,90.8922687470913,147.403820693493,34.729824334383,11.8540545105934,92.0778822898865,6.76591363549232,274.686974942684,2.27326941490173,69.7254237830639,0,370.504621475935,26.9193148612976,122.09099894762,0,1958.31258606911,0,11.127756357193,0,810.513178467751,0,0,0,78.7812463641167,0,0,0,0,0,28.260086774826,0,9.36258289217949,0,0,0,0,0,0,0,1.45837438106537,0,7.93256342411041,0,2.17773532867432,4.83073437213898,0,0,0,0,0,1.32201445102692
0,390.003566026688,0,46.2998313009739,0,0,0,55.9676753878593,0,0,0,547.039794713259,0,189.057802557945,0,1.22027742862701,0,1814.32425153255,0,23.5735126435757,0,0,0,5.19987350702286,0,0,0,0,4.29972404241562,422.684875875711,0,5.90542697906494,7.23584306240082,13.6243444085121,2.1851692199707,2.42091125249863,1.64995509386063,58.084079772234,0,14.3123268485069,0,0.411740213632584,0,0.4145867228508,0,0.639514267444611,0,1.84764367341995,0,4.21274602413177,0,19.142208725214,0,0,0,2.79666525125504,10.0026630163193,3247.88190615177,5.56142467260361,451.373351931572,0,2847.44650882483,1.39418178796768,0,0,672.888011306524,30.2004123330116,114.736617237329,6.77689528465271,22.8635168671608,16.2186858057976,125.54003688693,2.68596708774567,542.544531732798,0,90.5207817256451,54.609043687582,408.532675772905,0,64.2279299199581,2.90874576568604,1785.99322935939,0,4.12001067399979,0,1225.6822937727,0,0,0,117.778010636568,0,0,0,0,0,25.0997314155102,0,0,0,0,0,0,0,0,0,1.19800627231598,0,1.37599718570709,0,2.30977010726929,0,0,0,0,0,0
714.426379650831,0,17.5309076309204,0,0,0,479.698309332132,0,0,0,51.7289411425591,0,31.5034658312798,0,0,0,20.2579040527344,0,14.0571734011173,0,0,0,1.07942879199982,0,0,0,0,0,107.472981363535,0.805387258529663,0,0,0,2.16183573007584,0.993779480457306,3.5863196849823,52.7398120760918,8.5745484828949,10.2476977109909,0,0,0,2.9641922712326,0,4.02408003807068,0,9.63874989748001,0.606420278549194,24.1124852597713,0,1186.28548273444,0,42.2774189114571,0,5.96816292405128,0,563.174120992422,0,544.254167079926,3.1308434009552,2586.18883395195,0,317.518601030111,0,0,0,19.9365267455578,20.6037969589233,0,0.735219240188599,43.3158942759037,0,112.760896712542,0.626259326934814,32.2333708107471,0,118.573145955801,6.86501353979111,6.01177158951759,0,309.065222203732,0.933594107627869,16.8624224960804,0,3114.7070068419,0,0.946522861719131,0,424.326816797256,0,2.76015639305115,0,0,0,8.00393313169479,0,1.3979572057724,0,0,0,0,0,0,0,0,0,1.15250074863434,0,0,3.04495656490326,0,0,0,0,0,0
0,520.44292858243,0,26.317319303751,0,0,0,184.712312698364,0,0,0,276.193868160248,0,143.408201307058,0,0,0,58.9099425673485,0,7.55852741003036,0,0,0,0.51877635717392,0,0,0,0,0.655197024345398,60.5194246470928,0.50208181142807,2.03468239307404,0,0.798076629638672,0,0.923249900341034,0.528693616390228,159.859364151955,0,11.3297605514526,0,26.6791794002056,0.777798295021057,6.73507139086723,0,54.1106367707253,0,17.9494678378105,0,727.82620665431,0,1115.48286178708,0,0.532602906227112,0,37.2482525110245,0.732513844966888,590.973334044218,0,1347.70115625858,1.2615247964859,1761.71057212353,0,672.888011306524,0,0,3.44106143712997,164.876428097486,0.734594166278839,3.68083846569061,0,32.2588759958744,1.19501507282257,294.48221051693,0,112.40166836977,7.09384751319885,296.120638936758,0,12.4307689070702,0.912088513374329,539.160807192326,0,25.6680572628975,0,2628.12897527218,0,4.75940549373627,0,546.869206726551,0,0.508211493492126,0,0,0,16.159297734499,0,0.588220179080963,0,0,0,0,0,0,0,0,0,0.841508984565735,0,2.31058877706528,0,0,0,0,0,0
291.017889857292,120.706271231174,100.787547081709,17.7725373506546,1.09797763824463,0,16.0229001045227,8.18343633413315,0,0,12.4336924552917,0.824106335639954,0.690018057823181,0,0,0,19.2845253348351,1.1042822599411,1245.2463965416,69.7960358858109,1.33341503143311,0,236.901580840349,0,0,0,0,0,256.069610357285,11.9104782342911,464.437545657158,14.8589034676552,4554.13124459982,508.102868080139,3142.8023660481,588.781654685736,743.311490982771,506.66969487071,402.991150587797,29.6893683671951,59.6795816123486,3.46276593208313,2752.61700427532,1205.56823739409,2039.38922995329,604.899525284767,1538.69598910213,349.262394994497,901.311637222767,518.78846886754,519.511392146349,135.665351867676,133.272187769413,37.0944181084633,177.392755180597,136.713668972254,617.558339685202,95.8034355640411,2071.4695353508,207.432175904512,190.46482399106,21.2378379702568,90.8922687470913,30.2004123330116,19.9365267455578,3.44106143712997,0,2654.5949678123,3605.19678470492,210.387790441513,183.509355008602,66.135797560215,377.644073307514,95.5369886755943,71.4674271643162,15.9307014942169,1021.6305231452,201.810102045536,16.1085585355759,3.15026378631592,316.35485035181,31.4937953948975,17.2540735006332,0,439.594840109348,62.6132856011391,0.549332022666931,0,480.240606158972,139.414237052202,3.47968932986259,0,0,0,52.3119311928749,0,95.1755748987198,2.70361196994781,1.41747307777405,2.79141634702682,0,0,0,0,0.633471071720123,0,3.76448440551758,0,1.62075132131577,16.7756293416023,0,0,0,0,0,0
22.1965792775154,226.058830499649,0.763193964958191,281.359571993351,0,1.3601610660553,0.513568937778473,7.87159419059753,0,0,0,9.98964750766754,0,1.68303522467613,0,0.654708087444305,3.45974040031433,26.5057380795479,56.5323006510735,972.487489968538,0,2.54027038812637,0.817580819129944,77.944423854351,0,0,0,0,68.9216452240944,154.994086146355,7.57392710447311,710.23970323801,162.019632220268,4679.1090233326,499.127146750689,1727.47519218922,798.462812513113,901.172340273857,120.733560055494,516.646879553795,4.78449904918671,128.13786303997,1027.39679166675,3312.1607632041,745.868307232857,1629.22099786997,693.156195342541,1803.35129904747,499.354098588228,949.159626096487,301.269705712795,390.637004882097,128.358540296555,76.8099500834942,40.7261562049389,385.934519886971,127.992916375399,530.921379387379,458.945396006107,2514.76023578644,107.505573034286,187.057494878769,147.403820693493,114.736617237329,20.6037969589233,164.876428097486,2654.5949678123,0,120.540477097034,1383.43101140857,135.841452538967,136.16227799654,220.569406241179,730.457769721746,19.6722348630428,217.59039992094,657.268020063639,1204.55450519919,6.02675777673721,46.9115766882896,100.890166342258,760.73035338521,0,36.4865281581879,149.015261977911,426.302803963423,0,21.8303021490574,209.282204598188,416.0490218997,3.52468633651733,2.16051882505417,0,0,3.19536077976227,74.0460724830627,6.23574501276016,7.75155025720596,0,21.5555797219276,0,0,0,0,0,1.43752133846283,0,3.38405680656433,1.09552240371704,4.21563637256622,0,0,0,0,0,0
1407.9314930141,512.30328643322,251.415734320879,242.088376432657,0,0,23.3399306237698,118.182838886976,1.27063500881195,0,29.3507969975471,11.6379089057446,20.4160400032997,0.598501801490784,0.687192022800446,0,34.5536607205868,4.47111216187477,1896.8955514133,785.904614508152,0,0,5.21212470531464,4.97037243843079,0,0,0,0,145.893461018801,0,24.3620634078979,5.68588471412659,981.451591819525,474.733383566141,0,0.749136388301849,142.562726795673,6.37350225448608,31.1093258261681,0.769151031970978,6.49157321453094,0,0,0,0,0,0.86971640586853,0,0,0,1.77021282911301,0,0,0,0,0,1526.3939256072,38.4960612952709,860.090770930052,4.67823660373688,18.494564563036,0,34.729824334383,6.77689528465271,0,0.734594166278839,3605.19678470492,120.540477097034,0,289.87438583374,998.291271239519,151.969105482101,471.630942344666,50.5038271844387,289.094909638166,15.3283786475658,2558.92012858391,187.278224468231,0.755333423614502,0,18.2623857855797,0,0,0,3.43956583738327,0,0,0,0,0,0,0,0,0,72.9560704827309,0.677442133426666,14.817030787468,0,0,0,0,0,0,0,0.94214540719986,0,11.7821695804596,0,1.48093491792679,13.5072854161263,0,0,0,0,0,0.774027764797211
82.6652592122555,946.046866625547,7.98922288417816,301.094698309898,0,0,0,4.22368794679642,0,0,0,3.69516724348068,0,2.96556869149208,0,0,0,13.6782962977886,75.4938479661942,2793.55470183492,0,0,0,19.6490073502064,0,0,0,0,3.60376667976379,12.2518066763878,0.688626110553741,21.1900763213634,168.292634785175,954.858831733465,8.01004475355148,0,0.881549894809723,22.2979907393456,0,21.1538864076138,0,0,1.15518951416016,0,0,0,1.44726037979126,1.86706411838531,0,0.482861310243607,0,6.18704736232758,0,0,0,0,48.651558816433,2208.97124457359,12.9269289970398,288.642183750868,0.96219265460968,3.02531981468201,11.8540545105934,22.8635168671608,0.735219240188599,3.68083846569061,210.387790441513,1383.43101140857,289.87438583374,0,46.2428048253059,267.117684185505,9.55561280250549,123.979207158089,5.87218010425568,64.0200756788254,126.530635893345,602.617478460073,0,0.617890655994415,3.29054760932922,9.98427399992943,0,0,0,6.30658355355263,0,0,0,0.458957970142365,0,0,0,0,0,11.7489862442017,0,0,0,0,0,0,0,0,0,0,0,0,0,0,0,0,0,0,0,0
2830.03650304675,224.990299016237,1850.27047279477,582.233429729939,851.456101745367,114.279135137796,2278.13951465487,687.055681824684,873.370609760284,114.940852999687,383.452502191067,74.8203004300594,1318.98761829734,148.487530082464,1695.06282925606,82.5359696447849,211.691765427589,22.0292134284973,1575.35107296705,380.795578300953,786.293546527624,178.494557976723,1429.10567378998,774.657022476196,645.316307663918,231.168071717024,442.457803755999,122.411061614752,945.460951536894,32.3202302157879,1029.14591681957,520.691692143679,147.151666879654,168.746684998274,21.553093880415,1.93438774347305,486.47819018364,29.9155530929565,81.6300408542156,2.98367166519165,252.649197727442,47.8912556767464,2.63130456209183,2.25745797157288,13.3459564447403,0,23.0917702913284,2.13374745845795,4.37947821617126,0,42.7735013067722,0,5.32741087675095,0,12.4501085281372,6.45036548376083,973.605315923691,35.9825742542744,142.066413462162,46.5437303185463,120.627763301134,5.4738085269928,92.0778822898865,16.2186858057976,43.3158942759037,0,183.509355008602,135.841452538967,998.291271239519,46.2428048253059,0,543.010701298714,6750.3305362165,210.435568958521,3535.13189220428,89.5208187997341,7198.71013301611,204.087714612484,10.8957222104073,0,69.8714189827442,8.19147422909737,89.5451674759388,4.54251593351364,90.3552272319794,5.59097626805305,26.3855521678925,6.07684844732285,58.0632154047489,3.67045766115189,30.4608770012856,5.5280749797821,9.37959367036819,6.19839382171631,161.811061471701,41.697810202837,40.2369282245636,11.3565884232521,13.7807601690292,6.89704123139381,15.7222635447979,1.6142789721489,41.756157875061,5.45971861481667,173.957732617855,43.9706372916698,90.9999578595161,11.5447404384613,57.8369792997837,34.1229168176651,5.82008445262909,1.22766947746277,1.70617854595184,1.01473903656006,2.90596061944962,45.6188588738441
166.99091771245,2666.29511409998,355.092213958502,2361.23339235783,141.133360296488,939.002227962017,393.913670361042,3160.44641536474,76.6656191051006,968.248555898666,23.6557573974133,1067.59677565098,121.283221632242,1670.31335625052,115.964994907379,1280.18036186695,8.95929026603699,219.60602158308,521.735386550426,1102.54073789716,40.5942455530167,602.978791534901,618.098436743021,1561.81140512228,207.171502888203,768.122526466846,89.434854477644,1074.37181919813,74.722767919302,308.129953682423,349.911891847849,666.681636422873,69.9051473736763,323.427993535995,2.16267329454422,3.75511100888252,31.4814239740372,352.034894824028,19.0962889194489,88.8836335837841,30.8794496059418,292.499702185392,0,5.14458242058754,0,2.49990099668503,5.10241967439651,38.8161590099335,0,12.4514046609402,0,22.008879750967,0,0,0.829439461231232,26.2033871412277,38.7473480701447,459.018414974213,15.3513532578945,92.8377385437489,3.24530649185181,63.6599898934364,6.76591363549232,125.54003688693,0,32.2588759958744,66.135797560215,136.16227799654,151.969105482101,267.117684185505,543.010701298714,0,155.484501034021,5234.63285794854,35.4344928860664,4533.37780186534,176.560994386673,9621.25357043743,0,3.79212546348572,5.87861734628677,93.5964260995388,4.37397718429565,30.6136310696602,2.13021171092987,100.635703474283,5.41336914896965,20.5155659019947,5.43523836135864,38.4024514257908,6.14847135543823,36.9855045974255,0.828130125999451,24.110860645771,26.0409679114819,201.519104272127,18.2324785888195,21.0133904218674,3.50000405311584,8.55811616778374,4.2117782831192,6.4640908241272,13.7333755493164,66.0611883699894,45.9746683835983,90.0025656223297,23.6268773674965,18.6553403437138,53.3582139611244,49.8815975785255,12.8715644776821,1.43216717243195,1.45574146509171,6.51347440481186,8.53585651516914,21.1226056516171
1878.7744370997,78.6186752319336,2217.87974047661,223.920345753431,795.792656332254,12.1417501568794,1402.60720643401,255.11256942153,960.050513088703,22.2323374152184,254.859473466873,40.4107602536678,927.911941409111,35.3417903780937,1998.47187426686,13.380476385355,406.797524631023,5.98471838235855,1621.43525341153,297.612668186426,98.1583333015442,7.51565137505531,1000.31813436747,209.04670009017,237.642068892717,41.9118710458279,127.663807988167,9.76762786507607,1878.15633454919,5.39515554904938,253.284905046225,192.800554037094,90.2294192314148,109.735992610455,109.255269706249,66.9798670709133,336.820343613625,56.4256036281586,51.0907020866871,2.05672085285187,395.477898955345,41.7578760385513,239.743471831083,11.5706802010536,171.299092710018,0,358.676363199949,2.14398783445358,183.206332921982,0,478.172775566578,0,132.033057183027,0,113.088093876839,1.03573489189148,2305.46905094385,6.47195315361023,477.759827136993,23.6169912815094,216.505095809698,1.53387248516083,274.686974942684,2.68596708774567,112.760896712542,1.19501507282257,377.644073307514,220.569406241179,471.630942344666,9.55561280250549,6750.3305362165,155.484501034021,0,77.3338792324066,2531.3724218905,58.7052480876446,2263.29492977262,89.851932734251,29.9055166244507,0,372.68923920393,0,201.427178293467,1.31275653839111,202.795215815306,2.39270377159119,24.5003629922867,5.41428083181381,109.290208309889,1.39380621910095,66.9214240312576,16.8722727298737,9.87524104118347,7.27204316854477,94.1892127394676,12.1101948618889,19.4604906737804,5.70516157150269,18.2974968552589,5.84446775913239,13.280106306076,0.954160630702972,19.1657744050026,7.42752939462662,75.1885750591755,21.2243953049183,28.8986123204231,2.17143267393112,30.5479432344437,24.674576818943,0.973950505256653,0,1.45780956745148,1.17720907926559,2.30163979530334,22.5613130331039
96.1087891161442,2273.86552467942,116.373740702868,1922.75558009744,25.3097110688686,871.186471045017,164.918910294771,1197.31603467464,23.5644322633743,866.889451831579,11.7689978480339,1639.6613381207,22.9605516195297,2469.5350214839,17.6876861453056,2406.58955952525,5.35781389474869,1326.94198328257,326.407867014408,821.373455584049,11.5345993041992,379.100406199694,245.007606327534,990.675388932228,50.1769565939903,276.217414855957,12.1955411732197,572.666498035192,17.8413398861885,5648.94771951437,132.475799500942,254.229703277349,41.3403906524181,186.744767308235,99.0851444005966,60.0706925094128,45.1240289211273,296.107671618462,11.0262142121792,65.361003100872,13.2560663223267,1014.424249053,105.395563691854,202.895097613335,2.70311564207077,236.032456159592,8.28705841302872,386.826873511076,0.583854198455811,402.99771296978,0,479.94413036108,0,96.9237671196461,0.593736052513123,185.904859781265,8.66306319832802,1939.97880721092,4.95750093460083,629.219506531954,0,290.495446532965,2.27326941490173,542.544531732798,0.626259326934814,294.48221051693,95.5369886755943,730.457769721746,50.5038271844387,123.979207158089,210.435568958521,5234.63285794854,77.3338792324066,0,10.6047667264938,1825.71697536111,64.243576914072,1194.68189328909,0,302.380052089691,2.36243534088135,1172.73981070518,0,737.058404535055,0,741.750236809254,3.2232540845871,124.894769340754,1.55578303337097,219.348546147346,1.52652460336685,39.1245923936367,0,16.4786716103554,6.94237786531448,82.2287138998508,10.1631486415863,13.6423797011375,2.37642496824265,55.8891391158104,5.02502685785294,2.47570133209229,15.7661682963371,29.7745503485203,17.6343462467194,25.4467560946941,12.4149662256241,3.61710149049759,7.9971439242363,10.4779127240181,4.75748547911644,0.509540915489197,0,1.78332048654556,0,6.88355284929276
1052.55119299889,29.1855183243752,677.822030603886,39.2350402474403,42.5473479032516,1.12440121173859,291.844173640013,45.2667435705662,74.5592504143715,1.33175599575043,49.3262184262276,5.7637312412262,137.064335793257,6.746826171875,160.07811960578,2.15255188941956,72.3759055733681,1.00820744037628,639.48995873332,79.8384152054787,14.9091953039169,0,141.564537703991,17.6080799102783,5.73317408561707,2.32371282577515,12.1938247680664,0,159.265243768692,1.9570215344429,23.4622299671173,17.3876909613609,18.555554151535,25.5656808614731,6.32516458630562,6.06247121095657,1014.76925644279,30.3620517551899,78.2970832288265,8.27632063627243,294.090315341949,6.23531848192215,15.089312940836,0,19.7629306316376,0,8.43810680508614,0.688752830028534,32.7906419038773,0,69.7172347605228,0,10.5400178730488,0,6.25285142660141,0.82327526807785,1010.0363637805,1.94128960371017,148.186919540167,3.09844356775284,84.8586028218269,0,69.7254237830639,0,32.2333708107471,0,71.4674271643162,19.6722348630428,289.094909638166,5.87218010425568,3535.13189220428,35.4344928860664,2531.3724218905,10.6047667264938,0,47.2921943068504,1624.11028647423,59.2410333156586,13.27716588974,0,49.7675642073154,0,14.0784073472023,1.00758302211761,47.1921569705009,0,10.8867287039757,1.47457557916641,31.1884028017521,0,101.456425845623,136.298728466034,26.7829777002335,46.3457108438015,186.486911088228,83.0934848189354,55.51958578825,41.241514980793,24.6156140863895,37.071329921484,44.2711997926235,13.2891128361225,77.111538797617,72.1022968292236,208.620246499777,87.0528002977371,92.8060906231403,25.8457742333412,56.9073260724545,45.5377266407013,18.9829164743423,2.35713365674019,2.75952512025833,3.05701798200607,6.48009651899338,67.4339510798454
27.2179711163044,914.688341677189,38.0341776311398,790.527942359447,2.61698126792908,58.3867648839951,48.438085436821,455.924960702658,3.13723105192184,92.3496631085873,4.26883786916733,202.47625631094,11.5462736487389,405.805741995573,4.27491730451584,209.113640666008,2.21399480104446,139.065325021744,94.3978156149387,336.459891319275,11.6244497299194,8.08681660890579,63.7424458265305,347.619303017855,1.29024523496628,22.2931140959263,7.74479514360428,17.7537109255791,9.44579720497131,89.2452239096165,34.9570915997028,74.805685043335,20.0622485280037,86.0579285025597,16.8872226476669,14.9756834208965,72.0995258390903,560.534052371979,37.9672217071056,59.036738306284,34.4638413786888,513.152825474739,15.278960287571,51.8577252328396,1.49652540683746,81.1457466483116,3.56595474481583,79.6037439703941,0,135.792029887438,0,106.730162858963,0,14.5036301612854,0.672737658023834,48.2866919338703,3.88178104162216,501.991847574711,0,238.708346784115,0,95.3078109920025,0,90.5207817256451,0,112.40166836977,15.9307014942169,217.59039992094,15.3283786475658,64.0200756788254,89.5208187997341,4533.37780186534,58.7052480876446,1825.71697536111,47.2921943068504,0,48.6309467554092,1196.72154083848,0,15.6388868689537,0,119.892807364464,0,30.4575543105602,1.21494948863983,140.862004429102,3.23238080739975,38.9209143519402,5.49644261598587,47.8646340072155,81.4861053824425,111.023511528969,22.6121813058853,61.8880577981472,49.4929249286652,252.619538962841,58.7934174239635,41.1604077219963,23.2575432360172,45.9841769635677,28.1440331339836,11.0900648236275,62.5018855035305,118.604778110981,64.14917075634,134.915979266167,47.0417271256447,33.2157564759254,58.1664542853832,41.1208580732346,28.7507582902908,2.2138603925705,7.35217356681824,6.32781654596329,10.1471761763096,32.1452452540398
3500.53685870767,337.061930477619,2041.72688364983,192.571249097586,51.46087667346,0,1429.49876815081,140.857412010431,136.261757999659,0,236.213376820087,41.3943652808666,661.120189845562,14.203938126564,437.722209602594,0,148.907769262791,16.6758813261986,2479.93209132552,404.779903739691,24.1328545808792,2.7720999121666,663.686478406191,31.9154315590858,14.9778805375099,0.550508141517639,12.1897374987602,0,561.923905998468,8.82761564850807,96.7354350090027,65.522182404995,111.727839171886,192.399297446012,146.945552617311,89.5649529397488,3923.25369748473,182.331922739744,180.598177582026,15.3322201967239,361.820984393358,5.21885484457016,219.282008975744,42.2276705801487,429.097283512354,14.9849299788475,430.631457775831,62.2343915700912,491.530252695084,11.1419490277767,684.674976885319,6.30504375696182,107.663289576769,1.89273482561111,102.461495757103,20.9711294770241,3190.7132769227,145.500890403986,994.858734339476,168.020030021667,405.789802074432,32.6467112600803,370.504621475935,54.609043687582,118.573145955801,7.09384751319885,1021.6305231452,657.268020063639,2558.92012858391,126.530635893345,7198.71013301611,176.560994386673,2263.29492977262,64.243576914072,1624.11028647423,48.6309467554092,0,461.846242278814,11.7662618160248,1.59390753507614,260.580029338598,34.3399188518524,92.5595905780792,1.08859503269196,357.867801010609,23.7517183721066,101.315417379141,0.667909622192383,345.658480614424,15.4670612215996,128.12185254693,97.4580208957195,102.410744160414,31.1219789385796,671.111284285784,124.493385583162,440.378361821175,25.4779371321201,24.1090450584888,10.9855790734291,113.672108650208,3.56122091412544,152.083193749189,42.8878583908081,717.147491425276,216.870154649019,110.372048974037,26.51222884655,260.752079546452,881.238597691059,41.2045553326607,3.9775407910347,7.7288898229599,26.3396980166435,20.0772467255592,198.091111183167
189.644915878773,4325.91597414017,70.6052711009979,3050.4775210619,0,47.185426056385,148.394914150238,1657.28497901559,0,79.8990519344807,12.7861150503159,541.544563442469,11.9025222659111,814.638089746237,0,181.552513062954,6.70344352722168,245.641538441181,517.384125232697,1927.21919265389,0.976618349552155,13.1904699802399,88.9526336789131,1061.58068287373,0,21.5893398523331,8.34056496620178,23.4880023598671,34.564141690731,174.244704425335,66.6495818793774,175.482828438282,84.7151095867157,402.19571223855,96.3015109598637,99.9297230839729,115.667849034071,3229.57019868493,36.8746953010559,143.527435421944,7.62673860788345,231.268203288317,75.5502460300922,215.427409052849,7.55957037210464,292.961079716682,49.0117444097996,935.948978573084,7.82998424768448,435.127837061882,2.96266376972198,376.624051123857,1.14779126644135,41.0451808273792,1.68027645349503,196.218334406614,71.7850159406662,1728.46251809597,33.6782369017601,969.124722629786,12.9352083802223,423.495025664568,26.9193148612976,408.532675772905,6.86501353979111,296.120638936758,201.810102045536,1204.55450519919,187.278224468231,602.617478460073,204.087714612484,9621.25357043743,89.851932734251,1194.68189328909,59.2410333156586,1196.72154083848,461.846242278814,0,0,26.1325744390488,11.5494167804718,425.521633863449,0.44679194688797,100.017308026552,14.2304783761501,424.358403265476,0,123.183177500963,6.78516489267349,172.676995307207,39.9940420389175,247.341602325439,27.8226301074028,287.132783263922,138.088043570518,686.2413828969,63.1877589225769,75.8656989634037,13.2709802985191,71.2277207374573,34.8063997030258,21.0045164227486,50.9149798154831,262.145474761724,214.891987264156,563.046169370413,37.1379462778568,59.7987280189991,428.96551951766,913.426460444927,93.1089988350868,4.2831751704216,20.2516819238663,73.1166730225086,94.9024395346642,174.812713414431
13.5335258841515,0,1.21107709407806,0,0,0,4.1857835650444,0,1.78481614589691,0,10.9600540995598,0,14.9386844038963,0,1.92292654514313,0,667.297665059566,0,1.2855389714241,0,0,0,1.02333509922028,0,0,0,0,0,451.592011481524,0,0,0,2.45333445072174,1.76933860778809,0,2.24254012107849,3.03945815563202,0.560892403125763,0,0,0.680813133716583,0,1.96650546789169,0,3.09402900934219,0,0.533510863780975,0,4.33135050535202,0,25.8156418800354,0,1.28718680143356,0,2.06898075342178,0,178.184955835342,2.14027547836304,53.3273909389973,1.02002954483032,31.5733335912228,0,122.09099894762,0,6.01177158951759,0,16.1085585355759,6.02675777673721,0.755333423614502,0,10.8957222104073,0,29.9055166244507,0,13.27716588974,0,11.7662618160248,0,0,0,650.183241158724,0,7.57563692331314,0,30.7344620227814,0,0,0,3.05137079954147,0,0,0,0,0,0,1.2371301651001,0,0,0,0,0,0,0,0,0,0,0,0,0,0,0,0,0,0,0,0
0,15.9115668535233,0,0.959674715995789,0,0,0,8.69785308837891,0,0,0,5.46677887439728,0,0.895792424678802,0,0,0,360.526665359735,0,1.38401544094086,0,0,0,2.32744067907333,0,0,0,0,0,552.172823369503,0,0,0,1.40222764015198,0,1.8297646343708,0,2.28693026304245,0,0.926432192325592,0,0,0,1.29225957393646,0,2.7209392786026,0,1.84150898456573,0,10.544859290123,0,11.3126183748245,0,0,0,0,0,81.7409628927708,0.813146412372589,65.0494752824306,0,15.4520321190357,0,64.2279299199581,0,12.4307689070702,3.15026378631592,46.9115766882896,0,0.617890655994415,0,3.79212546348572,0,302.380052089691,0,15.6388868689537,1.59390753507614,26.1325744390488,0,0,0,1113.75879997015,0,5.21363735198975,0,15.9300343692303,0,0,0,1.04635441303253,0,0,0,0,0,0.663441181182861,0,0,0,0,0,0,0,1.31477415561676,0,0,0,0,0,0,0,0,0,0,0,0
310.683120578527,0.793152093887329,12.7434056997299,0,0,0,33.2495540678501,0,2.95438385009766,0,467.171610087156,0,360.487184882164,0,10.0500396490097,0,1885.33646288514,0,10.6281002163887,2.41368246078491,0,0,1.33929836750031,0,1.53951358795166,0,0,0,1503.03855618834,0,1.19481182098389,0,5.47786468267441,18.3998015522957,36.7743664383888,27.7873460948467,113.030493915081,29.4253318309784,17.1407598853111,0,0,0,121.169678479433,3.2620068192482,186.468914061785,0,191.295489907265,0.577944278717041,270.259047955275,0,787.471484541893,0,90.4353368282318,0,39.77822047472,0,642.804546564817,16.3086103796959,478.984532743692,22.155509352684,529.002509742975,1.43346059322357,1958.31258606911,2.90874576568604,309.065222203732,0.912088513374329,316.35485035181,100.890166342258,18.2623857855797,3.29054760932922,69.8714189827442,5.87861734628677,372.68923920393,2.36243534088135,49.7675642073154,0,260.580029338598,11.5494167804718,650.183241158724,0,0,0,1362.18589627743,0,6167.075799793,0,19.0221924185753,0,222.846372693777,0,21.0220650136471,0,1.72338569164276,0,10.7414543032646,0,13.367283642292,0,9.96090519428253,0,0,0,0,0,3.46516644954681,0,5.81812679767609,0,0,0.74828165769577,0,0,0,0,0,0
0,51.4710609912872,0,13.8387924432755,0,20.8984204530716,0,9.83168107271194,0,1.2289627790451,0,141.63260820508,0,67.3679302930832,0,14.1301391720772,0,959.342549949884,0,5.19722771644592,0,8.47462129592896,0,9.08635681867599,0,1.52808955311775,0,14.3873143196106,0,927.167708724737,0.889910876750946,4.5671172440052,0.830422163009644,10.192181289196,37.1747271120548,43.5448593497276,3.17500853538513,147.70325088501,2.17072296142578,22.4610452651978,0,57.7290605306625,34.2787600159645,133.490528345108,0,199.904549539089,6.04496836662292,218.158637702465,1.78931307792664,429.331587672234,0,716.985147088766,0,58.536269068718,0,97.5301171839237,4.55416011810303,341.058179438114,2.62979608774185,635.538166463375,0,204.20917481184,0,1785.99322935939,0.933594107627869,539.160807192326,31.4937953948975,760.73035338521,0,9.98427399992943,8.19147422909737,93.5964260995388,0,1172.73981070518,0,119.892807364464,34.3399188518524,425.521633863449,0,1113.75879997015,0,0,0,2620.04199376702,0,6326.6226157248,0,205.483587890863,0,236.290201812983,0,2.30820196866989,0,0,0,11.4388195574284,1.44742679595947,1.95296967029572,0,33.2593621015549,0,0,0,0,0,0,0,0,0,1.92310845851898,0,0,0,0,0,0
3.90571936964989,0,36.1701941490173,4.13125497102737,43.7188880741596,0.737219870090485,17.8864060342312,1.70103973150253,94.394482254982,0,25.2414918541908,0.760237991809845,79.7167955636978,0,473.172138094902,0.774116814136505,18.8453397154808,0,17.6524022221565,2.22380948066711,5.04016220569611,0,18.9245133399963,1.24365264177322,10.9278732538223,5.66011607646942,7.67404609918594,0,1350.90230676532,1.30852341651917,7.31566172838211,1.52667713165283,0,1.58623921871185,11.7173570394516,3.73002064228058,408.328693389893,0,353.818348556757,0,543.277968972921,0,37.1718009710312,0,9.54790699481964,0,183.658173292875,0,5.08195275068283,0,99.9634690582752,0,36.8261595368385,0,174.255618810654,0,2.55778062343597,0,5.55678075551987,0,8.23455837368965,0,11.127756357193,0,16.8624224960804,0,17.2540735006332,0,0,0,89.5451674759388,4.37397718429565,201.427178293467,0,14.0784073472023,0,92.5595905780792,0.44679194688797,7.57563692331314,0,1362.18589627743,0,0,0,872.01288831234,0,1120.87553086877,1.21475315093994,233.597323685884,0,9.45197528600693,0,0,0,5.59334248304367,0,5.49411517381668,0,0,0,0,0,1.12290823459625,0,0,0,1.96367466449738,0,0,0.673348724842072,0,0,0,0,0,0
0,0,0,0,0.366256564855576,128.668869137764,0,0,0,14.941163867712,0,0,0,0,0.62760317325592,47.9892180562019,0,6.51378661394119,0,0,3.15683299303055,166.446858584881,0.54478394985199,1.43323576450348,0.610901296138763,28.0930926501751,0,144.098245084286,0,556.449915409088,0,4.53899985551834,0,0,5.01205563545227,9.58087953925133,2.86610192060471,662.136349767447,0,622.957084745169,4.50812882184982,2114.04627659917,11.1766812801361,29.5818943679333,0,9.41783934831619,0,93.236025094986,0,37.369668841362,0,81.5584449470043,0,8.43070358037949,0,287.004495084286,0,4.01019018888474,0,14.3688397109509,0,5.23099526762962,0,4.12001067399979,0,25.6680572628975,0,36.4865281581879,0,0,4.54251593351364,30.6136310696602,1.31275653839111,737.058404535055,1.00758302211761,30.4575543105602,1.08859503269196,100.017308026552,0,5.21363735198975,0,2620.04199376702,0,0,0,694.733588635921,0,1807.8736358881,0,384.738287866116,0,0,0,0,0,2.17396193742752,0,0,0,1.265595048666,0,0,0,0,0,0,0,1.16869831085205,0,0,0,0,0,0,0,0
1244.45275574923,0,10.7450420260429,0,24.4758415222168,0,232.137123048306,0,6.92426067590714,0,596.215379476547,0,321.381536394358,0,33.0198654532433,0,299.457713276148,0,4.04031977057457,0,7.50416475534439,0,0,0,2.1238072514534,0,0.950298070907593,0,559.98243945837,0,1.36337167024612,0,1.33680772781372,15.4644452929497,87.1223767697811,65.5948890447617,319.881959557533,45.8110682368279,86.679621219635,0,79.0244637429714,0,295.63651484251,50.9632507562637,162.142602682114,0.755374193191528,565.058271855116,3.69885420799255,181.666545003653,1.29416316747665,3740.07148313522,0,351.461338758469,0,278.363529801369,2.07482397556305,392.73993486166,2.20998358726501,253.776594907045,1.29253804683685,1039.58879160881,0,810.513178467751,0,3114.7070068419,0,439.594840109348,149.015261977911,3.43956583738327,0,90.3552272319794,2.13021171092987,202.795215815306,0,47.1921569705009,1.21494948863983,357.867801010609,14.2304783761501,30.7344620227814,0,6167.075799793,0,872.01288831234,0,0,0.8479283452034,561.128162443638,0,5618.35702061653,1.43345046043396,37.3780096173286,0,0,0,18.072998046875,0,4.40266665816307,0,8.49661925435066,0,1.21845173835754,0,0,0,0,0,1.02862417697906,0,0,4.03823101520538,0,0,0,0,0,0.483500510454178
0,446.417373508215,0,17.8669326007366,0,31.6557024717331,0,43.6014190018177,0,2.92160564661026,0,355.892638593912,0,145.525513350964,0,19.8910460472107,0,135.486140966415,0,9.56922841072083,0,18.2503817677498,0,0,0,5.7746713757515,0,31.252194494009,0,271.760787189007,0,4.17637038230896,2.24315845966339,9.42531138658524,63.970925450325,65.0967864692211,21.2873827815056,400.444343805313,4.79213869571686,39.5880748033524,1.87085485458374,301.003115475178,99.9117589890957,194.011970132589,5.7386822104454,179.898761123419,29.0997779369354,401.534002691507,0,520.437739640474,3.13090968132019,4236.76474252343,0.8246209025383,435.291578829288,0,518.306433707476,0,303.875116437674,0,295.272562265396,0.63722950220108,316.954998373985,0,1225.6822937727,0,2628.12897527218,62.6132856011391,426.302803963423,0,6.30658355355263,5.59097626805305,100.635703474283,2.39270377159119,741.750236809254,0,140.862004429102,23.7517183721066,424.358403265476,0,15.9300343692303,0,6326.6226157248,0,694.733588635921,0.8479283452034,0,0,1152.32862046361,0,6696.92284357548,0,9.94887071847916,0,0,0,10.9328255355358,2.69395208358765,0,0,45.1129283905029,0,0,0,0,0,0,0,0.572216928005219,0,0.699003636837006,0,0,0,0,0,0
0,0,0,0,6.43593734502792,0,0,0,2.17860335111618,0,0,0,0,0,15.5809508562088,0,0,0,0,0,8.05982291698456,0,1.72255849838257,0,1.54108762741089,1.0978342294693,2.76212167739868,0.567892611026764,272.014436632395,0,1.22208744287491,0,0,0,0.971903324127197,0,1143.38237282634,0.968524575233459,197.254822075367,0,400.725575864315,4.03596299886703,10.3057276010513,0,0.349594235420227,0,103.382332980633,0,0,0,3.71781542897224,0,24.528294056654,0,336.649317055941,0,0.465933114290237,0,0,0,0,0,0,0,0.946522861719131,0,0.549332022666931,0,0,0,26.3855521678925,5.41336914896965,24.5003629922867,3.2232540845871,10.8867287039757,3.23238080739975,101.315417379141,0,0,0,19.0221924185753,0,1120.87553086877,0,561.128162443638,0,0,0,1149.80193537474,0,0,0,0,0,6.58187866210938,0,1.6414846777916,0,0,0,0,0,0,0,1.27995705604553,0,0,0,0,2.63482403755188,0,0,0,0,0,0
0,0,0,0,0,16.9176266491413,0,0,0,2.94705247879028,0,0,0,0,0,12.4397334158421,0,0.474276095628738,0,0,1.35477900505066,18.1874729990959,0,0.590315222740173,0,6.65119951963425,0,25.0212758481503,0,40.9841074347496,0,0,0,0,2.20450979471207,7.06825596094131,3.43296939134598,1205.37119492888,0,560.919237583876,3.92361417412758,1027.71421775222,2.55027735233307,19.1068271696568,0,0,0,75.9580526947975,0,0.477239072322845,0,14.5413994789124,0,13.4262879788876,0,756.570976108313,0,0,0,0,0,0,0,0,0,4.75940549373627,0,21.8303021490574,0,0,6.07684844732285,20.5155659019947,5.41428083181381,124.894769340754,1.47457557916641,38.9209143519402,0.667909622192383,123.183177500963,0,0,0,205.483587890863,1.21475315093994,1807.8736358881,0,1152.32862046361,0,0,0,1866.08922454715,0,0,0,0,0,10.3304079473019,0,0,0,0.571895778179169,0,0,0,0,0,0,0,0,0,0,0,0,0,0,0,0
316.092786073685,0,4.50378167629242,0,7.66750288009644,0,85.0540042221546,0,3.82614862918854,0,123.097850561142,0,45.5210791826248,0,13.4426839351654,0,76.4117457270622,0,0,0,6.77796852588654,0,0,0,3.24852135777473,0,6.81359165906906,0,211.457027941942,0,2.09153252840042,0,4.268917709589,6.72438710927963,164.562021523714,111.1075502038,1603.34897747636,4.09424442052841,524.826094269753,0,160.059248954058,1.85502254962921,452.339792430401,47.6110217869282,164.896899372339,0,1254.54679858685,4.20086854696274,128.506809920073,0,1010.16156116128,0,913.734345257282,0,3472.25504207611,0,107.871499598026,0,178.788397520781,0,103.899317502975,0,78.7812463641167,0,424.326816797256,0,480.240606158972,209.282204598188,0,0,58.0632154047489,5.43523836135864,109.290208309889,1.55578303337097,31.1884028017521,5.49644261598587,345.658480614424,6.78516489267349,3.05137079954147,0,222.846372693777,0,233.597323685884,0,5618.35702061653,0,1149.80193537474,0,0,0,57.2601440548897,0,0,0,16.7716153860092,0,8.45179146528244,0,14.810089468956,0,0,0,0,0,1.23541587591171,1.18060171604156,0,0,0,3.38802933692932,0,0,0,0,0,0
0,97.5855651199818,0,0,0,14.1802509427071,0,6.7194995880127,0,4.33470618724823,0,35.802424788475,0,6.74137687683105,0,9.94558507204056,0,12.0758169293404,0,0,0.903508305549622,10.7029785513878,0,0,0,1.45199286937714,0,9.34024387598038,0,61.1166461110115,0.792051374912262,0,0,5.73933625221252,131.545611798763,84.3820917606354,14.9671974182129,830.05466812849,0,124.440605312586,2.34084922075272,395.14119336009,218.314016878605,260.62250238657,3.26654425263405,195.538189142942,34.7260111868382,725.303628653288,2.7655343413353,427.418171137571,0,1902.513215065,0,1505.09625154734,0,4284.49993237853,0,91.0752444565296,0,171.725915312767,0,98.325610935688,0,117.778010636568,0,546.869206726551,139.414237052202,416.0490218997,0,0.458957970142365,3.67045766115189,38.4024514257908,1.39380621910095,219.348546147346,0,47.8646340072155,15.4670612215996,172.676995307207,0,1.04635441303253,0,236.290201812983,0,384.738287866116,1.43345046043396,6696.92284357548,0,1866.08922454715,0,0,0,9.43772846460342,0,0,0,2.13339245319366,0,0,0,115.564850002527,0,0,0,0,0,0,0,0,0,0,0,0,0,0,0,0
1.90323114395142,0,0,0,0,0,0,0,0,0,0,0,0,0,0,0,0,0,0,0,0,0,0,0,0,0,1.35837888717651,0,29.5076369047165,0,0,0,0,0,5.02090799808502,0,121.611605405807,45.1978937387466,317.035007029772,41.3780015707016,15.3196859359741,0,486.139687031507,0,5.70572328567505,0,801.347462981939,0,34.4329199492931,0,78.2865976393223,0,118.111752450466,0,104.176970541477,0,2.33355212211609,0,0,0,0,0,0,0,2.76015639305115,0,3.47968932986259,3.52468633651733,0,0,30.4608770012856,6.14847135543823,66.9214240312576,1.52652460336685,101.456425845623,81.4861053824425,128.12185254693,39.9940420389175,0,0,21.0220650136471,0,9.45197528600693,0,37.3780096173286,0,0,0,57.2601440548897,0,0,296.717678040266,1278.53799718618,48.0799265801907,291.224733769894,416.959079623222,2943.53263130784,120.75795814395,2872.82461899519,108.254165053368,454.910222828388,11.721401154995,436.803922772408,83.2606607675552,636.921997815371,85.575376868248,558.929260283709,78.1465141773224,10.0262788534164,22.7319604754448,233.352824002504,140.958585679531,139.489017128944,21.9524312615395,5.32369402050972,29.0343999266624
0,0,0,0,0,0,0,0,0,0,0,0,0,0,0,0,0,0,0,0,0.858639597892761,0,0,0,0,0,0.765866637229919,0.809794485569,0,5.91222393512726,0,0,0,0,0,1.23042166233063,153.753278493881,101.620167255402,214.672043085098,64.8742743730545,0.670539557933807,4.62911653518677,45.0866333544254,21.9096293449402,0,4.14709895849228,0,122.593211680651,0,6.30191630125046,0,2.39755654335022,0,24.6015515625477,0,41.9897260665894,0,2.24402242898941,0,0,0,0,0,0,0,0.508211493492126,0,2.16051882505417,0,0,5.5280749797821,36.9855045974255,16.8722727298737,39.1245923936367,136.298728466034,111.023511528969,97.4580208957195,247.341602325439,0,0,0,2.30820196866989,0,0,0,9.94887071847916,0,0,0,9.43772846460342,296.717678040266,0,91.0440997481346,1500.54944649339,117.960802346468,982.385304450989,362.457592368126,963.031725406647,128.148579776287,2585.03878301382,128.906742185354,115.045731157064,249.681731015444,528.273067504168,189.223430663347,757.782009899616,205.345346689224,610.591214746237,62.9088515341282,42.1746791303158,480.66506588459,132.856995850801,87.3230386078358,40.6720277369022,52.342428535223,41.108327716589
0,0,0,0,0,0,0,0,0,0,0,0,0,0,0,0,0,0,0,0,0,0,0,0,0,0,0,0,0.855211436748505,0,0,0,0,0,0,0,44.1954887509346,20.9826476573944,81.8756386041641,7.44574695825577,3.32938992977142,0,0,0,0,0,0,0.521133542060852,0,0,0,0,0,0,0,0,0,0,0,0,0,0,0,0,0,0,0,0,0,0,9.37959367036819,0.828130125999451,9.87524104118347,0,26.7829777002335,22.6121813058853,102.410744160414,27.8226301074028,0,0,1.72338569164276,0,0,0,0,0,0,0,0,0,1278.53799718618,91.0440997481346,0,28.2773230969906,252.576031237841,117.000960439444,781.363252162933,42.9471201300621,160.25767031312,25.1187936067581,1010.59249815345,8.48152154684067,669.755161672831,37.9183032512665,775.293112337589,46.0892899930477,199.510882437229,29.7240546643734,18.7811735868454,42.9543343484402,260.803233414888,56.3952705860138,115.369977682829,27.8843660354614,14.5259470939636,42.544752240181
0,0,0,0,0,0,0,0,0,0,0,0,0,0,0,0,0,0,0,0,0,0,0,0,0,0,0,0,0.479274779558182,0,0,0,0,0,0,0,33.2947314083576,27.2234979271889,62.8711030185223,34.533486187458,0.774292767047882,0,0,0,0,0,0,1.44170814752579,0,0,0,0,0,0,0,0,0,0,0,0,0,0,0,0,0,0,0,0,0,0,6.19839382171631,24.110860645771,7.27204316854477,16.4786716103554,46.3457108438015,61.8880577981472,31.1219789385796,287.132783263922,0,0,0,0,0,0,0,0,0,0,0,0,48.0799265801907,1500.54944649339,28.2773230969906,0,50.4892820715904,265.431969881058,126.377226531506,299.919148206711,18.8266097307205,206.109345763922,29.0842233300209,182.869845122099,90.5684053599834,858.916898012161,96.2461668848991,795.865844786167,109.590004235506,327.772177129984,98.7879337966442,60.5539609789848,504.049050986767,98.9941166043282,171.832383662462,86.0657524466515,106.741521716118,28.2742362320423
146.705427497625,2.14649891853333,67.1636443436146,4.52409487962723,1.21669235825539,0,19.1083064377308,1.01379406452179,0,0,7.36753308773041,0.713671088218689,4.89572644233704,0,4.64969784021378,0,5.26477897167206,0,50.9794363677502,1.42159366607666,0.801033973693848,0,3.99297767877579,1.02078723907471,0,0,4.82553350925446,1.21896231174469,23.3712859153748,0,1.13883888721466,2.04441547393799,2.49487560987473,6.53141617774963,5.14452677965164,0.774075388908386,221.571406692266,18.4012478291988,40.7062702775002,8.11730217933655,11.2806649804115,0,4.45358228683472,0,25.6267606019974,0,42.4726347923279,19.8848561048508,40.3808179497719,0,56.1500650346279,0,3.67095744609833,0,6.45560681819916,0,200.467381507158,0,83.2199797332287,0,24.3072606921196,0,28.260086774826,0,8.00393313169479,0,52.3119311928749,3.19536077976227,72.9560704827309,0,161.811061471701,26.0409679114819,94.1892127394676,6.94237786531448,186.486911088228,49.4929249286652,671.111284285784,138.088043570518,0,0,10.7414543032646,0,5.59334248304367,0,18.072998046875,0,6.58187866210938,0,16.7716153860092,0,291.224733769894,117.960802346468,252.576031237841,50.4892820715904,0,125.938828378916,1025.36195373535,31.3886066377163,103.939114242792,45.3424245417118,257.50740018487,8.50381273031235,278.47418448329,63.2484800219536,704.233729422092,124.345095515251,147.874828487635,16.8200770020485,90.8221928179264,625.171159505844,132.20120999217,4.80384123325348,16.6584322452545,44.4122114181519,22.7513293623924,68.3660569190979
0,187.029752343893,4.90696632862091,63.9104300439358,0,0,1.75733768939972,32.9251797795296,0,1.5603893995285,2.78311514854431,13.175785690546,0,15.5280357599258,0,1.6949697136879,0,9.04202860593796,1.67201328277588,42.1687926352024,0,0.988491654396057,0,12.4950261116028,0,0,2.08645325899124,1.02059039473534,0,2.65908652544022,0.477383852005005,8.20233529806137,1.02665185928345,10.2088549137115,6.35225749015808,2.21245956420898,71.8660089075565,168.193113565445,111.983377486467,50.7066728770733,0,3.68145930767059,0,9.2544791996479,1.20641553401947,10.975578546524,0.678269505500793,42.0356396734715,0,26.8531102538109,0,36.6518601179123,0,0,0,5.74083751440048,2.08421355485916,104.49358895421,0,87.0425199866295,0,17.9534892141819,0,25.0997314155102,0,16.159297734499,0,74.0460724830627,0.677442133426666,11.7489862442017,41.697810202837,201.519104272127,12.1101948618889,82.2287138998508,83.0934848189354,252.619538962841,124.493385583162,686.2413828969,1.2371301651001,0.663441181182861,0,11.4388195574284,0,2.17396193742752,0,10.9328255355358,0,10.3304079473019,0,2.13339245319366,416.959079623222,982.385304450989,117.000960439444,265.431969881058,125.938828378916,0,213.287526220083,785.53199493885,105.413459002972,558.274676412344,106.382266849279,31.2733440697193,169.804145753384,214.067585587502,193.995071291924,564.511151641607,90.022932946682,134.895895540714,85.7665024399757,1032.3460060358,487.979046106339,19.0569421350956,21.8444519639015,29.2677995860577,24.3696627914906,43.1546626985073
26.3880680799484,0,2.13260126113892,0,0,0,4.23227643966675,0,0,0,0,0,0.901016712188721,0,0,0,0,0,12.4592424035072,0,0,0,3.5436954498291,0,1.20367968082428,0,0.867096126079559,0.97449791431427,8.02984529733658,0,2.59413808584213,0,9.75839495658875,2.5703439116478,41.3785853981972,5.16184830665588,149.028083920479,38.9254475235939,190.079408526421,35.5325938463211,6.05203557014465,0,77.2935684323311,5.26119482517242,34.8247371613979,0,238.100345909595,15.6754666566849,25.3657893538475,2.01055663824081,19.4980952143669,0,6.61970418691635,0,27.4005722403526,0,35.7813208699226,0,17.9364727735519,0,11.5582163929939,0,9.36258289217949,0,1.3979572057724,0,95.1755748987198,6.23574501276016,14.817030787468,0,40.2369282245636,18.2324785888195,19.4604906737804,10.1631486415863,55.51958578825,58.7934174239635,440.378361821175,63.1877589225769,0,0,13.367283642292,1.44742679595947,5.49411517381668,0,4.40266665816307,2.69395208358765,1.6414846777916,0,8.45179146528244,0,2943.53263130784,362.457592368126,781.363252162933,126.377226531506,1025.36195373535,213.287526220083,0,96.4042141735554,2973.44545334578,105.311758518219,462.272577822208,35.4271898269653,427.219554662704,172.938317060471,1007.06621080637,101.132021188736,319.959355115891,47.6345566511154,19.4129208028316,249.671757459641,779.701990246773,133.972658216953,140.72699958086,30.8865359425545,19.4543069601059,39.7865851521492
0,1.14058923721313,0,0,0,0,0,0,0,0,0,0,0,0,0,0,0,0,0,0,0,0.806606233119965,0,0,0,0,0,0,1.41811978816986,0,0,1.72344237565994,0,1.51090264320374,0,5.03182423114777,30.0091224908829,29.6784787774086,40.6807252168655,43.473865956068,0,0,1.70095670223236,1.83977717161179,1.03035855293274,1.30410492420197,0,15.9194717407227,0,0,0,0,1.84720504283905,0,0,2.93431043624878,0,1.79363751411438,1.5409904718399,0,0,0,0,0,0,0.588220179080963,2.70361196994781,7.75155025720596,0,0,11.3565884232521,21.0133904218674,5.70516157150269,13.6423797011375,41.241514980793,41.1604077219963,25.4779371321201,75.8656989634037,0,0,0,1.95296967029572,0,0,0,0,0,0,0,0,120.75795814395,963.031725406647,42.9471201300621,299.919148206711,31.3886066377163,785.53199493885,96.4042141735554,0,48.8940723240376,2531.36875090003,57.8241658806801,21.7717445194721,143.011099815369,187.266971588135,75.9856434762478,268.655542552471,65.7553749382496,222.045930206776,21.1336005032063,50.874044418335,1026.76385885477,182.523756325245,101.889792859554,54.6156075000763,9.66555416584015,8.59519195556641
0,0,0,0,0,0,0,0,0,0,0,0,0,0,0,0,0,0,0,0,0,0,0,0,0,0,0,0,10.8379679322243,0,0,0,0,0,0,1.07574582099915,49.5563008785248,16.7812747955322,65.1413843333721,17.0365330576897,2.16374313831329,0,200.349598407745,0,16.8850487172604,0,534.454930961132,0,0,0,1.88557651638985,0,4.37576365470886,0,30.7339030504227,0,0,0,0,0,0,0,0,0,0,0,1.41747307777405,0,0,0,13.7807601690292,3.50000405311584,18.2974968552589,2.37642496824265,24.6156140863895,23.2575432360172,24.1090450584888,13.2709802985191,0,0,9.96090519428253,0,0,0,8.49661925435066,0,0,0,14.810089468956,0,2872.82461899519,128.148579776287,160.25767031312,18.8266097307205,103.939114242792,105.413459002972,2973.44545334578,48.8940723240376,0,49.7618665993214,100.713465034962,3.98733079433441,54.9588509500027,44.5000987946987,81.5442339777946,27.0643709599972,72.4126925766468,15.884704709053,4.59962040185928,1.3826741874218,74.1046134531498,161.151074230671,92.2211784720421,6.64576089382172,1.44380563497543,4.35703438520432
0,0,0,0,0,0,0,0,0,0,0,0,0,0,0,0,0,0,0,0,0,0,0,0,0,0,0,0,0,17.2641696333885,0,0,0,0,0,9.96068680286407,40.7890218496323,76.5540653765202,63.0394163131714,21.4508484303951,0.937088847160339,26.97725507617,213.658805519342,97.1389544308186,0,12.6812191009521,4.33289229869843,1149.97819271684,0,19.3313479423523,0,34.5339381694794,0,199.219592392445,0,392.957483649254,0,3.16597700119019,0,0,0,0,0,0,0,0,2.79141634702682,21.5555797219276,0,0,6.89704123139381,8.55811616778374,5.84446775913239,55.8891391158104,37.071329921484,45.9841769635677,10.9855790734291,71.2277207374573,0,0,0,33.2593621015549,0,1.265595048666,0,45.1129283905029,0,0.571895778179169,0,115.564850002527,108.254165053368,2585.03878301382,25.1187936067581,206.109345763922,45.3424245417118,558.274676412344,105.311758518219,2531.36875090003,49.7618665993214,0,30.7912751734257,6.62321907281876,82.1551443934441,174.090987294912,38.3256170749664,112.883198857307,56.4835973978043,264.323754191399,4.84734237194061,9.53116911649704,295.709970414639,250.1831561625,154.126118123531,52.1436038911343,4.08017048239708,6.88659512996674
0,0,0,0,0,0,0,0,0,0,0,0,0,0,0,0,0,0,0,0,0,0,0,0,0,0,1.16404819488525,0,0,0,0,0,0,0,0,0,72.0859945118427,16.4395697712898,60.9957736432552,19.0617800056934,1.59286171197891,0,0,0,0,0,1.47284758090973,0,0,0,0,0,0,0,0,0,0,0,0,0,0,0,0,0,0,0,0,0,0,0,15.7222635447979,4.2117782831192,13.280106306076,5.02502685785294,44.2711997926235,28.1440331339836,113.672108650208,34.8063997030258,0,0,0,0,0,0,1.21845173835754,0,0,0,0,0,454.910222828388,128.906742185354,1010.59249815345,29.0842233300209,257.50740018487,106.382266849279,462.272577822208,57.8241658806801,100.713465034962,30.7912751734257,0,13.909597992897,1796.857142061,70.0667451024055,893.319205492735,58.6372555494308,353.858576089144,42.7771028280258,27.0476458072662,26.3733236789703,107.356746792793,11.0880280733109,22.9940265715122,23.9503663182259,13.0475390851498,31.0532661676407
0,0,0,0,0,0,0,0,0,0,0,0,0,0,0,0,0,0,0,0,0,0,0,0,0,0,0,0,0,1.321293592453,0,0,0,0,0,0,11.6716206073761,11.1067068576813,12.6298606991768,8.81995689868927,0,0,0,0,0,0,0,0,0,0,0,0,0,0,0,0,0,0,0,0,0,0,0,0,0,0,0,0,0,0,1.6142789721489,6.4640908241272,0.954160630702972,2.47570133209229,13.2891128361225,11.0900648236275,3.56122091412544,21.0045164227486,0,0,0,0,0,0,0,0,0,0,0,0,11.721401154995,115.045731157064,8.48152154684067,182.869845122099,8.50381273031235,31.2733440697193,35.4271898269653,21.7717445194721,3.98733079433441,6.62321907281876,13.909597992897,0,15.6772449016571,1042.36417397857,22.2040663957596,172.899819493294,20.7086012363434,49.7335494458675,5.2951742708683,2.32749900221825,21.8326615393162,0.824445903301239,2.25363111495972,2.24406933784485,21.0052420198917,3.0799435377121
0,0,0,0,0,0,0,0,0,0,0,0,0,0,0,0,0,0,0,0,0,0,0,0,0,0,0,0,2.22234958410263,0,0,0,0,0,0,0,112.361014693975,34.416518509388,113.27499806881,23.4134642481804,0.495488435029984,0,0,0,0,0,0,1.40011888742447,0,0,0,0,0,0,0.611505806446075,0,0,0,0,0,0,0,0,0,0,0,0,0,0,0,41.756157875061,13.7333755493164,19.1657744050026,15.7661682963371,77.111538797617,62.5018855035305,152.083193749189,50.9149798154831,0,0,0,0,1.12290823459625,0,0,0,0,0,0,0,436.803922772408,249.681731015444,669.755161672831,90.5684053599834,278.47418448329,169.804145753384,427.219554662704,143.011099815369,54.9588509500027,82.1551443934441,1796.857142061,15.6772449016571,0,321.101947039366,5418.73536860943,156.759646981955,609.121180266142,90.2254101037979,106.531679391861,167.161961734295,538.432635992765,75.3176440596581,117.15639141202,1249.28213515878,381.013988107443,140.641640722752
0,0,0,0,0,0,0,0,0,0,0,0,0,0,0,0,0,0,0,0,0.581192493438721,0,0,0,0,0,0,0,0,1.32003223896027,0,0,0,0,0,0,79.8036952316761,118.625013738871,80.2129900157452,44.7368848919868,1.11410892009735,2.04610323905945,0,0,0,0,0,2.05579233169556,0,0,0,0,0,0,0,0,0,0,0,0,0,0,0,0,0,0,0,0,0,0,5.45971861481667,66.0611883699894,7.42752939462662,29.7745503485203,72.1022968292236,118.604778110981,42.8878583908081,262.145474761724,0,1.31477415561676,0,0,0,0,0,0,0,0,0,0,83.2606607675552,528.273067504168,37.9183032512665,858.916898012161,63.2484800219536,214.067585587502,172.938317060471,187.266971588135,44.5000987946987,174.090987294912,70.0667451024055,1042.36417397857,321.101947039366,0,134.906992703676,8144.01312151551,195.165856271982,676.735019773245,93.9836263954639,77.2239941954613,482.205530703068,52.6432546079159,132.016452491283,619.794386833906,212.400844752789,49.3411817848682
13.4815296530724,1.05076742172241,6.19291061162949,1.19062161445618,0,0,1.50679111480713,2.17868161201477,0,0,0,1.05798840522766,1.04052758216858,0,0.642764806747437,0,0,0,1.76280599832535,0,0.698261141777039,1.40603423118591,0,0,0,0,0.823804020881653,0,8.10347163677216,0.665197551250458,0,0,0.847396075725555,0,0,0,127.116194784641,30.7901560366154,67.0166238844395,15.0646536946297,13.4874929785728,1.25665152072906,0,0,0,0,4.27206158638,5.35821262001991,0,0,1.3711222410202,0,0,0,0,0,24.0385368466377,0,1.68906980752945,0,0,0,1.45837438106537,0,0,0,0.633471071720123,0,0.94214540719986,0,173.957732617855,45.9746683835983,75.1885750591755,17.6343462467194,208.620246499777,64.14917075634,717.147491425276,214.891987264156,0,0,3.46516644954681,0,0,0,0,0,1.27995705604553,0,1.23541587591171,0,636.921997815371,189.223430663347,775.293112337589,96.2461668848991,704.233729422092,193.995071291924,1007.06621080637,75.9856434762478,81.5442339777946,38.3256170749664,893.319205492735,22.2040663957596,5418.73536860943,134.906992703676,0,857.165946900845,565.979892492294,46.0114171802998,155.940114408731,202.411247819662,512.357401460409,19.8229696154594,53.0147652924061,75.0499861240387,500.318894416094,324.384052693844
0,1.69657224416733,1.02327156066895,2.03647011518478,0,0,0.739635527133942,0,0,0,0,0,0,0,0,0,0,1.49251848459244,0,4.87643438577652,0,1.48555290699005,0,0,0,0,0,0,1.15772867202759,2.02641344070435,0,1.55042672157288,0,0.413150012493134,0,0,56.2735979855061,43.5683664977551,37.8930695950985,14.7630692124367,8.62725430727005,2.16364026069641,0,0,0,0,0,1.16739451885223,0,0,0,0,0,0,0,0,0.674807727336884,1.26962542533875,0,0,0,0,0,1.19800627231598,0,0,0,1.43752133846283,0,0,43.9706372916698,90.0025656223297,21.2243953049183,25.4467560946941,87.0528002977371,134.915979266167,216.870154649019,563.046169370413,0,0,0,0,0,0,0,0,0,0,1.18060171604156,0,85.575376868248,757.782009899616,46.0892899930477,795.865844786167,124.345095515251,564.511151641607,101.132021188736,268.655542552471,27.0643709599972,112.883198857307,58.6372555494308,172.899819493294,156.759646981955,8144.01312151551,857.165946900845,0,100.595014572144,543.235730618238,252.773849964142,156.730729758739,753.329460948706,61.414444476366,125.78216201067,271.703819423914,565.270500838757,469.659999966621
38.8057495951653,0,4.44876444339752,0,0,0,0,0,0,0,0,0,0,0,0,0,0,0,2.23516225814819,0,0,0,0,0,0,0,1.08248496055603,0,7.34492373466492,1.38621115684509,0,0,0,1.08927190303802,0,0,69.7514534592628,20.649752497673,39.1271365582943,2.59986329078674,1.60723489522934,0,0,0,0.63533616065979,0,0,1.60344690084457,0,0,0,0,0,0,0,0,61.5078345239162,0,6.40845727920532,0,3.07202851772308,0,7.93256342411041,0,1.15250074863434,0,3.76448440551758,0,11.7821695804596,0,90.9999578595161,23.6268773674965,28.8986123204231,12.4149662256241,92.8060906231403,47.0417271256447,110.372048974037,37.1379462778568,0,0,5.81812679767609,0,1.96367466449738,0,1.02862417697906,0,0,0,0,0,558.929260283709,205.345346689224,199.510882437229,109.590004235506,147.874828487635,90.022932946682,319.959355115891,65.7553749382496,72.4126925766468,56.4835973978043,353.858576089144,20.7086012363434,609.121180266142,195.165856271982,565.979892492294,100.595014572144,0,55.5895803868771,19.0316491127014,18.9126555025578,85.7119942307472,13.2282576858997,12.4590439200401,14.4390397667885,13.6828675270081,46.9043847322464
0,8.67802494764328,0,0,0,0,0,2.79311537742615,0,0,0,0,0,0,0,0,0,0,0,0,0,0,0,0,0,0,0,0,0,2.06150197982788,0,1.25737488269806,0,2.14163613319397,0,0,21.1522462666035,10.4554291963577,22.4957710206509,5.94019383192062,0,0,0,0,0,0,0,0,0,1.43338823318481,0,0,0,0,0,0,0,0,0,4.34852266311646,0,0,0,1.37599718570709,0,0.841508984565735,0,3.38405680656433,0,0,11.5447404384613,18.6553403437138,2.17143267393112,3.61710149049759,25.8457742333412,33.2157564759254,26.51222884655,59.7987280189991,0,0,0,0,0,1.16869831085205,0,0.572216928005219,0,0,0,0,78.1465141773224,610.591214746237,29.7240546643734,327.772177129984,16.8200770020485,134.895895540714,47.6345566511154,222.045930206776,15.884704709053,264.323754191399,42.7771028280258,49.7335494458675,90.2254101037979,676.735019773245,46.0114171802998,543.235730618238,55.5895803868771,0,15.0930020213127,16.5309084057808,106.120155066252,16.6252156496048,9.93510061502457,29.1424123048782,23.607602417469,19.3287374377251
7.93558168411255,12.353357732296,9.44797295331955,11.0668806731701,0,0,10.7169722318649,1.81325393915176,0.513233006000519,0.617879927158356,0.86197555065155,4.23336762189865,2.97376000881195,5.78267079591751,0,0.7166827917099,0,3.51614022254944,16.7480357289314,5.80630707740784,0,0,1.03436732292175,4.01301634311676,0,0,0,0,0,0,0,0,0,1.00610050559044,0,0,8.23921826481819,6.33785539865494,1.63520503044128,1.31731760501862,10.0871008634567,0.645337522029877,0,0,0,0,0,1.5668613910675,0,0,1.12265157699585,0,0,0,0,0,4.49255496263504,4.94605112075806,0,1.37921321392059,0,0.881895303726196,2.17773532867432,0,0,0,1.62075132131577,1.09552240371704,1.48093491792679,0,57.8369792997837,53.3582139611244,30.5479432344437,7.9971439242363,56.9073260724545,58.1664542853832,260.752079546452,428.96551951766,0,0,0,0,0,0,0,0,0,0,0,0,10.0262788534164,62.9088515341282,18.7811735868454,98.7879337966442,90.8221928179264,85.7665024399757,19.4129208028316,21.1336005032063,4.59962040185928,4.84734237194061,27.0476458072662,5.2951742708683,106.531679391861,93.9836263954639,155.940114408731,252.773849964142,19.0316491127014,15.0930020213127,0,271.134691476822,235.999668955803,9.68698453903198,57.7995599210262,271.776934206486,134.029871702194,291.392967134714
23.9318882226944,6.73959562182426,8.05580615997314,14.7516022920609,0,0,7.32624667882919,3.61421859264374,1.13205230236053,0,0,1.33106923103333,2.07131683826447,2.98498868942261,1.39378374814987,0,0.815405070781708,3.13557839393616,13.6262681484222,11.2450404763222,0,0,2.87794464826584,0.71769917011261,0,0,2.82524484395981,0,3.95591419935226,0,0,3.39859819412231,0,3.00023198127747,0,1.13814699649811,85.4604632854462,31.9633561372757,2.78687912225723,2.78266108036041,7.98408076167107,0,2.89741903543472,2.03608793020248,8.2003601193428,0.829005062580109,97.8232428431511,144.559909164906,4.89127635955811,0.677862763404846,11.8187483251095,1.5011248588562,0.874369263648987,0,1.30151271820068,0,14.3811057209969,4.45948219299316,13.1311909556389,3.40300333499908,1.49211484193802,0,4.83073437213898,2.30977010726929,3.04495656490326,2.31058877706528,16.7756293416023,4.21563637256622,13.5072854161263,0,34.1229168176651,49.8815975785255,24.674576818943,10.4779127240181,45.5377266407013,41.1208580732346,881.238597691059,913.426460444927,0,0,0.74828165769577,1.92310845851898,0.673348724842072,0,4.03823101520538,0.699003636837006,2.63482403755188,0,3.38802933692932,0,22.7319604754448,42.1746791303158,42.9543343484402,60.5539609789848,625.171159505844,1032.3460060358,249.671757459641,50.874044418335,1.3826741874218,9.53116911649704,26.3733236789703,2.32749900221825,167.161961734295,77.2239941954613,202.411247819662,156.730729758739,18.9126555025578,16.5309084057808,271.134691476822,0,740.129217714071,7.02248167991638,85.3243443965912,334.643734276295,160.821036338806,208.375627279282
0,0.661432445049286,0,0,0,0,0,0,0,0,0,0,0,0,0,0,0,0,0,0.848150968551636,0,0,0,0,0,0,0.555451095104218,0,0,0,0,0,0,0,0,0.936516463756561,28.2245976030827,12.9582699239254,16.6427546143532,8.19160807132721,0.646425068378448,0,0,0,0,0,0,0,0,0,0,0,0,0,0,0,0,0,0,0,0,0,0,0,0,0,0,0,0,0,5.82008445262909,12.8715644776821,0.973950505256653,4.75748547911644,18.9829164743423,28.7507582902908,41.2045553326607,93.1089988350868,0,0,0,0,0,0,0,0,0,0,0,0,233.352824002504,480.66506588459,260.803233414888,504.049050986767,132.20120999217,487.979046106339,779.701990246773,1026.76385885477,74.1046134531498,295.709970414639,107.356746792793,21.8326615393162,538.432635992765,482.205530703068,512.357401460409,753.329460948706,85.7119942307472,106.120155066252,235.999668955803,740.129217714071,0,481.510422617197,750.823390066624,818.60205322504,347.761897832155,327.180115073919
0,0,0,0,0,0,0,0,0,0,0,0,0,0,0,0,0,0,0,0,0,0,0,0,0,0,0,0,0,0,0,0,0,0,0,0,1.77226656675339,2.62917912006378,4.08921426534653,1.87737494707108,0,0.942016303539276,0,0,0,0,0,0,0,0,0,0,0,0,0,0,0,0,0,0,0,0,0,0,0,0,0,0,0,0,1.22766947746277,1.43216717243195,0,0.509540915489197,2.35713365674019,2.2138603925705,3.9775407910347,4.2831751704216,0,0,0,0,0,0,0,0,0,0,0,0,140.958585679531,132.856995850801,56.3952705860138,98.9941166043282,4.80384123325348,19.0569421350956,133.972658216953,182.523756325245,161.151074230671,250.1831561625,11.0880280733109,0.824445903301239,75.3176440596581,52.6432546079159,19.8229696154594,61.414444476366,13.2282576858997,16.6252156496048,9.68698453903198,7.02248167991638,481.510422617197,0,360.100371062756,170.419867634773,31.5919498801231,16.3259193301201
0,0,0,0,0,0,0,0,0,0,0,0,0,0,0,0,0,0,0,0,0,0,0,0,0,0,0,0,0,0,0,0,0,0,0,0,3.31288540363312,2.04335993528366,3.19872683286667,0,0,0,0,0,0,0,0,0,0,0,0,0,0,0,0,0,0,0,0,0,0,0,0,0,0,0,0,0,0,0,1.70617854595184,1.45574146509171,1.45780956745148,0,2.75952512025833,7.35217356681824,7.7288898229599,20.2516819238663,0,0,0,0,0,0,0,0,0,0,0,0,139.489017128944,87.3230386078358,115.369977682829,171.832383662462,16.6584322452545,21.8444519639015,140.72699958086,101.889792859554,92.2211784720421,154.126118123531,22.9940265715122,2.25363111495972,117.15639141202,132.016452491283,53.0147652924061,125.78216201067,12.4590439200401,9.93510061502457,57.7995599210262,85.3243443965912,750.823390066624,360.100371062756,0,493.404911160469,58.2955979704857,42.1854680776596
0,0,0,0,0,0,0,0.535731613636017,0,0,0,0,0,0,0,0,0,0,0,0,0,0,0,0,0,0,0,0,0,0,0,0,0,0,0,0,1.65704244375229,1.61221426725388,1.96826106309891,0.81417042016983,0,0,0,0,0,0,0,0,0,0,0,0,0,0,0,0,0,0,0,0,0,0,0,0,0,0,0,0,0,0,1.01473903656006,6.51347440481186,1.17720907926559,1.78332048654556,3.05701798200607,6.32781654596329,26.3396980166435,73.1166730225086,0,0,0,0,0,0,0,0,0,0,0,0,21.9524312615395,40.6720277369022,27.8843660354614,86.0657524466515,44.4122114181519,29.2677995860577,30.8865359425545,54.6156075000763,6.64576089382172,52.1436038911343,23.9503663182259,2.24406933784485,1249.28213515878,619.794386833906,75.0499861240387,271.703819423914,14.4390397667885,29.1424123048782,271.776934206486,334.643734276295,818.60205322504,170.419867634773,493.404911160469,0,556.731034040451,287.453671455383
0,0.484089523553848,0,0,0,0,0,0,0,0,0,0,0,0,0,0,0,0,0,1.00385904312134,0,0,0,0,0,0,0,0,0,0,0,0,0,1.14871227741241,0,0,1.81141459941864,5.2915852367878,0.987328708171844,0,0.498181283473969,0,0,0,0,0,0,1.69435656070709,0,0,1.30457675457001,0,0,0,0,0,0.858674585819244,0,0,0,0,0,0,0,0,0,0,0,0,0,2.90596061944962,8.53585651516914,2.30163979530334,0,6.48009651899338,10.1471761763096,20.0772467255592,94.9024395346642,0,0,0,0,0,0,0,0,0,0,0,0,5.32369402050972,52.342428535223,14.5259470939636,106.741521716118,22.7513293623924,24.3696627914906,19.4543069601059,9.66555416584015,1.44380563497543,4.08017048239708,13.0475390851498,21.0052420198917,381.013988107443,212.400844752789,500.318894416094,565.270500838757,13.6828675270081,23.607602417469,134.029871702194,160.821036338806,347.761897832155,31.5919498801231,58.2955979704857,556.731034040451,0,258.674663841724
2.33415323495865,3.15127396583557,9.91201972961426,5.50712591409683,0,0,6.28842025995255,2.28063428401947,0,0,0,0,0,0.451204061508179,0,0.604532241821289,0,0.765186429023743,1.90244543552399,2.43003928661346,0,0,0,0.594536185264587,0,0,0,0,1.074338555336,0,0.569972276687622,0.669482052326202,0,0,0,0,16.4575425088406,8.69647419452667,4.33226001262665,2.05095946788788,4.32463324069977,0,0,0,0,0,0,0,0,0,0,0,0,0,0,0,6.62734681367874,0,0.784410238265991,0,1.7920800447464,0,1.32201445102692,0,0,0,0,0,0.774027764797211,0,45.6188588738441,21.1226056516171,22.5613130331039,6.88355284929276,67.4339510798454,32.1452452540398,198.091111183167,174.812713414431,0,0,0,0,0,0,0.483500510454178,0,0,0,0,0,29.0343999266624,41.108327716589,42.544752240181,28.2742362320423,68.3660569190979,43.1546626985073,39.7865851521492,8.59519195556641,4.35703438520432,6.88659512996674,31.0532661676407,3.0799435377121,140.641640722752,49.3411817848682,324.384052693844,469.659999966621,46.9043847322464,19.3287374377251,291.392967134714,208.375627279282,327.180115073919,16.3259193301201,42.1854680776596,287.453671455383,258.674663841724,0
