0,46.4423063695431,2455.83806031942,57.1471058428288,0,0,5052.6809913218,26.2763568460941,2.29599058628082,0,1766.594910115,1.07496023178101,1754.11154124141,0,49.3958397507668,0,317.937989413738,1.31303197145462,828.94145193696,909.770187288523,0,0,15.2390722632408,8.8135102391243,0,0,0,0,717.671315014362,0,17.410739839077,3.00756287574768,70.3721485137939,167.781066417694,1.28150624036789,0,212.370501071215,0,48.8003237843513,0,1.27527165412903,0,0,0,0,0,0.763644099235535,0,1.77317988872528,0,23.233759522438,0,19.4778730869293,0,10.6145370006561,0,8413.12403467298,1.01461887359619,445.171925157309,0,438.931917130947,0,117.280125111341,0,220.611563652754,0,220.315218538046,0.800339758396149,695.707569181919,11.3880929350853,924.820721268654,113.991426646709,1694.6113743484,22.8680156469345,606.82836329937,1.73308163881302,2473.38870236278,240.474680006504,4.98011881113052,0,166.693809896708,0,16.8652918636799,0,1009.01116696,0,0,0,562.901267141104,0,0,0,0,0,157.873999506235,2.30101656913757,45.3117940425873,0,0.357713788747787,0,0,0,0,0,5.25457471609116,0,8.56231045722961,0,15.7552558481693,20.7072600126266,0,0,0,0,0,2.96317774057388
46.4423063695431,0,10.1627611815929,2511.97228759527,0,2.37556958198547,1.97636717557907,4717.2598233521,0,10.7781383395195,0,2291.38866114616,0,574.600252240896,0,16.5311769843102,0,2241.82091641426,175.991565614939,960.017413884401,0,0,0,21.7596789002419,0,0,0,0,6.27305936813354,146.702761501074,2.03131222724915,3.70245206356049,63.1162648200989,143.976333409548,0.804555416107178,0,0,284.254702925682,1.14582860469818,98.3132386803627,0,0,0,1.73691356182098,0,0.916493594646454,0,3.49009948968887,0,1.77060520648956,0,105.797349125147,0,2.63153290748596,0,6.85441029071808,17.2047171592712,9374.81442412734,0,560.852442622185,0,1373.89851799607,0,239.212152153254,0,234.109288156033,6.09838169813156,32.7799767255783,92.3481166064739,628.272117644548,41.0408173203468,1404.77653285861,20.2766095995903,1655.64370536804,2.4576051235199,673.908242613077,139.668483972549,3858.01867234707,0,1.81662809848785,0,39.5412588715553,0,0,0,713.875742018223,0,0,0,301.836724728346,0,0,0,0,1.93925946950912,110.48124435544,0,0,0,0,0,0,0,0,0,6.82408308982849,0,2.15775680541992,22.2087031304836,17.1837995648384,0,0,0,0,0,4.60739797353745
2455.83806031942,10.1627611815929,0,271.667583554983,971.198217600584,61.9171651601791,11419.7682956755,255.091102302074,539.758978426456,75.3321434259415,776.727702558041,9.22046238183975,1635.6388759017,22.3950459957123,483.219251692295,51.7832970619202,226.100159734488,0,1481.10599252582,308.503920704126,1.11893236637115,18.1747516691685,4841.49850952625,937.613871753216,264.894450962543,142.463392108679,11.1319197416306,20.1132194399834,943.577531903982,0.809577405452728,156.624629735947,370.94643330574,63.3344773650169,128.688957393169,9.25892335176468,0,55.7914305329323,0,11.9765518903732,0,4.58425253629684,0,0,0,0,0,4.24974036216736,0,0,0,1.11186134815216,0,0,0,0,0,201.1785595119,0.455087840557098,169.338797569275,0,4.6640876531601,0,5.55554330348969,0,1.10470348596573,0,443.727091789246,0,321.891793340445,0.67613160610199,1588.75704282522,731.481351226568,2492.0281240344,156.968601763248,437.801918029785,9.76640641689301,2101.95358243585,50.9346441924572,2.33497583866119,0,13.6692534685135,0,46.0995908379555,0,12.3016172647476,0,0.707492530345917,0,3.49965661764145,0,0,0,0,0,64.5285347104073,0,15.338647544384,0,0,0,0,0,0,0,0,0,0,0,21.2800542414188,22.1792975068092,0,0,0,0,0,0
57.1471058428288,2511.97228759527,271.667583554983,0,9.14672976732254,1617.89223834872,202.149638712406,13272.2794300616,26.4855096936226,606.260146677494,4.80275505781174,1423.25439524651,24.5314544439316,1451.76558080316,3.69439399242401,420.040054947138,0,640.769466996193,364.420686304569,3691.59753611684,0.651540458202362,3.53970807790756,537.400558173656,3229.03238087893,21.7070415019989,271.91108456254,0,29.9807522296906,17.5929789543152,164.591436207294,82.2383090555668,158.397780328989,25.7476396560669,70.6293821930885,0,0,1.79596245288849,90.6174636483192,3.94931954145432,14.5145081281662,0,3.12676763534546,0,0,0,10.9450389146805,0,10.8972270786762,0,1.47124797105789,0,57.3145491182804,0,0,0,0.746413052082062,14.8617528676987,465.297033250332,0,157.666928261518,0,123.938574135303,0,58.8360482752323,0,72.1720624864101,0,107.628117799759,26.3902384340763,193.23295339942,234.30832311511,1728.04890120029,111.559220999479,2440.16607838869,7.15236920118332,543.040660321712,69.9849652349949,2642.44641688466,0,7.06611633300781,0,13.4270097911358,0,0,0,86.0815889239311,0,0,0,17.5939376056194,0,0,0,0,0,64.1717440187931,0,0,0,0,0,0,0,0,0,0,1.8907732963562,0,25.2815629839897,8.42790979146957,0,0,0,0,0,1.39825695753098
0,0,971.198217600584,9.14672976732254,0,33.3906101584435,880.379115611315,0.789990484714508,1892.46684259176,17.6230173110962,2.73827397823334,0,7.69017964601517,0,2498.30440080166,2.88607549667358,0,0,0,0,146.285647571087,44.3872330784798,139.258953601122,268.91500633955,562.828367054462,360.736532896757,750.179370969534,141.634836763144,401.578374385834,0,52.704813927412,93.4215231537819,4.83049237728119,2.67238938808441,0,0,5.57180628180504,0,1.18727052211761,0,39.2480550706387,1.13895380496979,0,0,0,0,2.03645241260529,0,0,0,0,0,0,0,1.71359497308731,0,1.24935948848724,0,0,0,0,0,0,0,0,0,0,0,0,0,991.028338640928,156.426247179508,613.523255884647,11.7739644646645,20.7604412436485,0,38.0572185516357,0,0,0,0.876081109046936,0,20.3942622840405,0,0,0,31.454156935215,0,1.80133050680161,0,0,0,0,0,0,0,0,0,0,0,0,0,0,0,0,0,0,0,0,0,0,0,0,0,0,0
0,2.37556958198547,61.9171651601791,1617.89223834872,33.3906101584435,0,14.1384746432304,949.213160455227,24.6771208047867,2275.49424952269,0,6.68470424413681,0.83943098783493,29.5216695964336,2.48929357528687,2214.43518668413,0,0.701187551021576,0,0,9.82027333974838,181.96161878109,122.891189604998,171.859954953194,61.8292552232742,444.843191087246,16.8784288465977,801.098347604275,0,183.721769720316,17.9950041770935,30.7141478061676,0,4.47703993320465,0,0,0,20.6636154353619,0,1.04480540752411,0,204.510594457388,0,1.35886162519455,0,0,0,0.557537436485291,0,0,0,1.2702009677887,0,0,0,3.41730982065201,0,0,0,0,0,0,0,0,0,0,0,0,0,0,83.3253119587898,830.95079189539,12.6431494355202,824.627499192953,0,7.68039232492447,0,49.8261831402779,0,0,0,1.82642471790314,0,133.282424509525,0,4.05417069792747,0,39.9237878918648,0,2.25746184587479,0,0,0,0,0,0.665407061576843,0,0,0,0,0,0,0,0,0,0,0,0,0,0,0,0,0,0,0,0
5052.6809913218,1.97636717557907,11419.7682956755,202.149638712406,880.379115611315,14.1384746432304,0,333.143101781607,1462.31471121311,27.7665521502495,1518.85549321771,50.0415555238724,7667.67192855477,56.3335598111153,520.64753973484,21.7640497088432,142.631966531277,0,585.971392929554,491.017595231533,0,0,895.06301394105,592.482521355152,14.5204772949219,27.4487590193748,0,4.78286826610565,553.161034733057,2.45316797494888,100.246149331331,170.309558868408,16.0682786405087,145.650601416826,0,0,30.935742855072,0,2.79357755184174,0,2.58858072757721,0,0,0,0,0,8.23764288425446,0,3.15199673175812,0,64.0296578705311,0,5.18503355979919,0,0,0,849.809969455004,0,238.635548532009,0,207.605220407248,0,58.0791153907776,0,239.425376743078,0,106.308101028204,0,97.5179919600487,0,2764.76585781574,663.291606217623,1369.49919369817,90.7764624357224,226.431397557259,14.3304166793823,1525.38980859518,29.0902442634106,11.1698035001755,0,39.1901208162308,0,28.3481068313122,0,708.296166628599,0,0.793612718582153,0,111.139493465424,0,0,0,0,0,34.3368313908577,0,5.52095076441765,0,0,0,0,0,0,0,0,1.40149617195129,0,0,14.1421566605568,4.94374603033066,0,0,0,0,0,0.66763836145401
26.2763568460941,4717.2598233521,255.091102302074,13272.2794300616,0.789990484714508,949.213160455227,333.143101781607,0,16.7115594148636,1796.03032654524,4.90796482563019,2306.1647066474,69.1117387413979,4692.72963118553,8.40789520740509,449.760766416788,0,208.410785198212,427.003608345985,424.555748850107,0,0,807.607390075922,899.842020481825,0,48.5011487007141,0,1.80172592401505,21.9095147252083,104.580893814564,78.1637912392616,58.0748767256737,35.8936277925968,48.1040849089622,0,1.24527847766876,0,36.153637856245,0,8.51694619655609,0,1.55570411682129,0,0,0,7.73190855979919,0,16.0494138598442,0,3.66294765472412,0,102.211096853018,0,0,0,8.43293052911758,5.57896083593369,910.936897695065,0,240.382593631744,0,754.723983705044,0,295.021587044001,0,219.426434248686,0,15.7665160298347,14.1307293474674,26.8018569648266,201.132510453463,2903.11546605825,100.453010857105,1051.7157625854,12.6204960346222,180.814265310764,50.6977984011173,1675.42106187344,0,6.39248985052109,0,57.7024107575417,0,0,0,872.022184818983,0,0,0,316.633210092783,0,0,0,0,0,25.5036292672157,0,0,0,0,0,0,0,0,0,1.50445303320885,0,0,4.87127417325974,3.06609684228897,0,0,0,0,0,0.471563071012497
2.29599058628082,0,539.758978426456,26.4855096936226,1892.46684259176,24.6771208047867,1462.31471121311,16.7115594148636,0,12.4390649795532,1.9244889318943,0,505.066582918167,3.70938593149185,3063.94162264466,7.33511072397232,0,0,9.40368375182152,0,35.7725580334663,5.1330209672451,155.499802827835,179.311733663082,127.963576883078,134.950040340424,93.6776892542839,30.8875358104706,241.780520498753,0,11.3292499184608,55.1277673840523,1.98498374223709,0,0,0,8.602634370327,0,0,0,22.0063586831093,0,0,0,0,0,0.881032466888428,0,0,0,0,0,0,0,1.21169447898865,0,1.63390868902206,0,1.27919101715088,0,0,0,0,0,0,0,0,0,0,0,1396.18632104993,186.216711640358,923.412814378738,14.6272844672203,60.3520368933678,2.00162100791931,139.545943588018,0,0,0,0,0,11.0912021994591,0,0,0,15.9596398770809,0,1.74391078948975,0,0,0,0,0,0.583127021789551,0,0,0,0,0,0,0,0,0,0,0,0,0,0,0.751198470592499,0,0,0,0,0,0
0,10.7781383395195,75.3321434259415,606.260146677494,17.6230173110962,2275.49424952269,27.7665521502495,1796.03032654524,12.4390649795532,0,0,18.8462156951427,6.74528276920319,86.0583451390266,7.79579275846481,1502.35475835204,0,1.88739252090454,0,5.07858806848526,0,22.2378786802292,88.8943991363049,150.411680877209,16.0901903808117,121.74912878871,0,80.6307896971703,0,81.7168427407742,15.4007723927498,22.4762961268425,0,0.451839417219162,0,0,0,6.69267547130585,0,1.31445020437241,0,62.0837215483189,0,0,0,0,0,1.3736996948719,0,0,0,0,0,0,0,0.703578054904938,0,0.50510036945343,0,0,0,0,0,1.42648547887802,0,0,0,0.463602006435394,0,0,41.3066487908363,608.913039773703,15.471387386322,717.949419856071,1.22987043857574,19.5483327507973,0,128.020125687122,0,0,0,0.558260560035706,0,26.3296802341938,0,3.50196507573128,0,6.05359727144241,0,0.580364048480988,0,0,0,0,0,0.771073907613754,0,0,0,0,0,0,0,0,0,0,0,0,0,0,0,0,0,0,0,0
1766.594910115,0,776.727702558041,4.80275505781174,2.73827397823334,0,1518.85549321771,4.90796482563019,1.9244889318943,0,0,5.78540581464767,2835.64786267281,1.20816326141357,64.7873111367226,0,479.308762311935,0,855.278053641319,34.9530812501907,0,0,145.926454335451,7.74290651082993,0,0,0,0,694.348583906889,0,16.9938650429249,2.67738348245621,19.5886595249176,16.532195687294,0,0,5.86560440063477,0,0,0,0,0,0,0,0,0,0,0,0,0,3.68365240097046,0,4.95116329193115,0,1.2301150560379,0,374.579887837172,0,191.124456703663,0,172.046243309975,0,183.324519515038,0,58.4216799438,0,76.450383245945,0,103.155212312937,0,198.535627990961,27.8986493349075,183.77122977376,1.19557225704193,36.3312381505966,0,230.805448204279,9.1848252415657,17.6472896337509,0,581.103241980076,0,89.2762093544006,0,646.726097136736,0,0,0,321.388054937124,0,0,0,0,0,5.96098518371582,0,3.27641403675079,0,0,0,0,0,0,0,0,0,0,0,4.94506525993347,1.13769471645355,0,0,0,0,0,0
1.07496023178101,2291.38866114616,9.22046238183975,1423.25439524651,0,6.68470424413681,50.0415555238724,2306.1647066474,0,18.8462156951427,5.78540581464767,0,1.56420743465424,3340.61562660336,0,96.6574155688286,0.632576286792755,696.023264586926,164.686649441719,1139.58032462001,0,0,44.0432682037354,351.717758566141,0,2.28250521421432,0,0.623567998409271,5.40471470355988,682.887341499329,22.5080193281174,29.879024207592,9.76898962259293,44.1818210482597,0,0,0,10.1080958843231,0,3.60518860816956,0,0.700884699821472,0,1.23073983192444,0,0,0,2.73649477958679,0,0.795532822608948,0,13.4813994169235,0,0,0,0,0,164.042950510979,0,103.859245091677,0,728.278495967388,0,528.792869865894,0,143.34294077754,0,17.3452195525169,0,37.5633900165558,22.5154010653496,761.969668209553,8.19607216119766,1044.33563300967,0.693916440010071,48.6505902409554,3.06402122974396,324.599097549915,0,3.6018933057785,0,299.130145907402,0,0,0,772.574429601431,0,0,0,140.134020298719,0,0,0,0,0,2.30871084332466,0,0,0,0,0,0,0,0,0,0,0,0,0,0,0,0,0,0,0,0
1754.11154124141,0,1635.6388759017,24.5314544439316,7.69017964601517,0.83943098783493,7667.67192855477,69.1117387413979,505.066582918167,6.74528276920319,2835.64786267281,1.56420743465424,0,8.67491549253464,2798.37672227621,0,59.2966101765633,0,1068.49577537179,11.92843323946,0,0,962.019780486822,107.615288376808,2.21852123737335,1.58092403411865,0,0,1987.61607179046,0.706610560417175,20.2952156662941,48.847579061985,17.1599987149239,30.280801653862,0.74451345205307,1.21861064434052,9.68988710641861,0,0.792948126792908,0,0.824357509613037,0,0,0,0,0,2.62819242477417,0,0,0,0.591944515705109,0,6.81242698431015,0,2.2002477645874,0,435.796766281128,0,115.288311749697,0,114.168572604656,0,75.4554944038391,0,64.6815576255322,0,32.5017167925835,0,70.1533381938934,0,1641.81363040209,188.452075213194,1015.01475256681,10.0333501696587,95.7127402424812,4.08583337068558,510.951282799244,6.99946272373199,9.89610409736633,0,328.873010158539,0,6.04779076576233,0,981.121419727802,0,1.67905801534653,0,351.200578898191,0,0,0,0,0,2.79046881198883,0,0.514836966991425,0,0,0,0,0,0,0,0,0,0,0,1.19699358940125,0,0,0,0,0,0,0
0,574.600252240896,22.3950459957123,1451.76558080316,0,29.5216695964336,56.3335598111153,4692.72963118553,3.70938593149185,86.0583451390266,1.20816326141357,3340.61562660336,8.67491549253464,0,0,1830.69260168076,0,94.0897302031517,72.8958713710308,395.49620321393,0,4.97119063138962,114.498545438051,644.936686456203,0,15.8698797225952,0,2.20396775007248,3.7737004160881,1284.67019674182,26.347127020359,24.5898277163506,2.59263837337494,33.8658363223076,0,3.20961803197861,0,10.5955072939396,0,0,0,5.6937016248703,0,0,0,0,0,7.22698864340782,0,0,0,4.89685195684433,0,0,0,0,0,52.8788276016712,0,15.9592416286469,0,315.604776889086,0,252.801179528236,0,78.0998920202255,0,1.51023650169373,0,4.19741773605347,32.293592274189,1171.66586834192,10.0098291039467,1631.30577373505,3.5475789308548,83.968694627285,2.81325173377991,619.219058781862,0,0,0,137.66658872366,0,1.28597438335419,0,322.177743524313,0,0,0,38.1417400836945,0,0,0,0,0,2.63311940431595,0,0,0,0,0,0,0,0,0,0.367794901132584,0,0,0.713495433330536,0,0,0,0,0,0,0
49.3958397507668,0,483.219251692295,3.69439399242401,2498.30440080166,2.48929357528687,520.64753973484,8.40789520740509,3063.94162264466,7.79579275846481,64.7873111367226,0,2798.37672227621,0,0,2.05555963516235,4.53601831197739,0,54.7881363034248,0,53.1488667428493,12.5686547756195,239.991536706686,35.4018847942352,127.233385324478,25.6426882445812,386.299693971872,8.33395498991013,2191.51680827141,0.783579170703888,17.2213540971279,30.6742931008339,2.91003346443176,2.99150377511978,0,0,14.6445870399475,0,2.28735452890396,0,54.080091714859,0,0,0,0,0,1.60368356108665,0,0,0,0,0,0,0,7.01795893907547,0,17.0225448310375,0,0.534862279891968,0,1.64343166351318,0,3.22199487686157,0,0,0,0.890320062637329,0,4.53043627738953,0,1736.59226024151,90.7637577056885,2525.28284072876,4.43457722663879,163.839942425489,0,446.229211986065,0,1.17186117172241,0,15.0403268933296,0,47.0106109678745,0,5.33726978302002,0,52.0586713850498,0,5.49858957529068,0,0,0,0,0,1.81007000803947,0,1.70421975851059,0,0,0,0,0,0,0,0.594266414642334,0,0,0,0.746107876300812,3.11200380325317,0,0,0,0,0,0
0,16.5311769843102,51.7832970619202,420.040054947138,2.88607549667358,2214.43518668413,21.7640497088432,449.760766416788,7.33511072397232,1502.35475835204,0,96.6574155688286,0,1830.69260168076,2.05555963516235,0,0,17.2631591558456,0,21.7663040757179,1.74251189827919,98.1832895874977,61.251745313406,323.66848269105,13.847133398056,177.003241240978,3.26103168725967,252.606805473566,0,1558.63539928198,15.2927305102348,24.6881549060345,0,8.29564148187637,0,1.42457270622253,0,24.7628783285618,0,5.06299835443497,0,209.404408544302,0,1.76917445659637,0,0,0,6.67067918181419,0,0,0,0,0,0,0,4.95706605911255,0,9.04778903722763,0,0,0,0.89564722776413,0,12.9879787564278,0,0.949833512306213,0,1.78697192668915,0,0,46.6308410763741,906.134631216526,6.93105375766754,2576.01623928547,0,80.9025558233261,0,342.662615507841,0,0,0,18.5393950343132,0,134.567887574434,0,13.958280146122,0,41.3365755081177,0,3.62607026100159,0,0,0,0,0,2.49062359333038,0,0,0,0,0,0,0,0,0,0,0,0,0,0,0,0,0,0,0,0
317.937989413738,0,226.100159734488,0,0,0,142.631966531277,0,0,0,479.308762311935,0.632576286792755,59.2966101765633,0,4.53601831197739,0,0,0,227.689369082451,17.6209708452225,0,0,4.63002073764801,1.36544632911682,0,0,0,0,2098.82966661453,0,2.86444216966629,0.732524335384369,5.85057955980301,18.0627620220184,1.35298895835876,1.75238060951233,1.72392272949219,0,0,0,1.47784852981567,0,0,0,0,0,0,0,0,0,2.28495997190475,0,0.529926419258118,0,0,0,1522.51920869946,1.21035206317902,317.586333632469,0.857015788555145,322.680711567402,0,1479.87171602249,0,33.4104437828064,0,117.057133585215,7.37874776124954,99.871465921402,5.77037805318832,48.2591783702374,7.43318390846252,161.40993848443,0,19.8119215965271,0,129.327801048756,3.83081293106079,256.315349638462,0,1457.52899104357,0,93.6705147624016,0,301.549464672804,0,5.5875004529953,0,116.245394080877,0,0,0,0,0,3.55542129278183,0,0.921130359172821,0,0,0,0,0,0,0,0,0,0,0,0,0,0,0,0,0,0,0
1.31303197145462,2241.82091641426,0,640.769466996193,0,0.701187551021576,0,208.410785198212,0,1.88739252090454,0,696.023264586926,0,94.0897302031517,0,17.2631591558456,0,0,10.7809756398201,763.718972533941,0,0.723395168781281,0,11.7506865859032,0,0,0,0,0,1952.23336473107,0,1.41344064474106,2.65889573097229,27.0198942422867,0,2.78236222267151,0,3.52430182695389,0,8.6712030172348,0,0,0,0,0,0,0,2.61019521951675,0,2.62436527013779,0,10.6660016775131,0,0,0,0,0,2172.69537493587,0,202.049421429634,0,1073.31855919957,0,1996.17964577675,0,82.8304405808449,0,43.7690959572792,0.594066977500916,128.13539364934,4.99444323778152,132.923039138317,0,1155.35341355205,0,85.9482492804527,6.05627256631851,236.39822602272,0,172.744595378637,0,1032.05319431424,0,8.9177859723568,0,240.300018846989,0,0,0,41.4664346575737,0,0,0,0,1.06784760951996,7.42924839258194,0,0,0,0,0,0,0,0,0,3.19561755657196,0,0,1.45379412174225,3.36490440368652,0,0,0,0,0,0
828.94145193696,175.991565614939,1481.10599252582,364.420686304569,0,0,585.971392929554,427.003608345985,9.40368375182152,0,855.278053641319,164.686649441719,1068.49577537179,72.8958713710308,54.7881363034248,0,227.689369082451,10.7809756398201,0,3819.89941462874,0,0.747446477413177,1173.47779786587,855.933205544949,1.49260580539703,0,0.696545362472534,0,734.713595986366,2.41034996509552,696.861345618963,392.332734256983,3273.71952614188,1143.44801294804,48.7473712563515,0.503350019454956,84.7742497324944,1.58414661884308,12.0684602558613,0,1.06356656551361,0,53.5211669206619,0,11.5224500894547,0,21.811918258667,1.11117458343506,0,0,0,0,0,0,0,0,199.270854383707,1.89211219549179,79.765927195549,0,4.82514104247093,0,5.50728619098663,0,5.46878105401993,0,1417.7641389668,5.64335966110229,1897.67641821504,42.3637315630913,1031.28573197126,538.617760628462,1745.72461479902,235.328868806362,409.708900898695,31.3819120526314,3241.26138064265,373.773357063532,0.968705505132675,0,7.83941161632538,0,36.8912658989429,0,9.64309102296829,0,0,0,0,0,0,0,0,0,107.893878221512,2.61426448822021,26.439392209053,0,0,0,0,0,0,0,2.51226431131363,0,0,0,24.1621273159981,20.7858645021915,0,0,0,0,0,2.79695403575897
909.770187288523,960.017413884401,308.503920704126,3691.59753611684,0,0,491.017595231533,424.555748850107,0,5.07858806848526,34.9530812501907,1139.58032462001,11.92843323946,395.49620321393,0,21.7663040757179,17.6209708452225,763.718972533941,3819.89941462874,0,0,2.29927521944046,194.189863622189,1675.79943007231,0,0,0,0.772442936897278,194.920052319765,96.5447577834129,194.542370319366,365.349522650242,463.388036459684,5592.64443042874,1.34289300441742,26.5440452992916,10.644947886467,136.047801464796,0,50.5271090269089,0,1.1313773393631,3.13003993034363,5.63871595263481,0,15.1080994307995,0,60.7756268680096,0,7.1079683303833,0,3.46012479066849,0,0,0,1.1012225151062,142.501220494509,483.750338047743,1.18750768899918,105.367283523083,0,21.3890351951122,1.35597431659698,44.3391977548599,0,12.7316901385784,25.9465215206146,853.155185937881,433.369989454746,1956.69734305143,398.777361273766,1511.08249390125,481.21565079689,1965.21003365517,59.131557226181,667.456121683121,788.620957881212,4865.56020104885,0,0.949172854423523,0,7.57943537831306,0,0,0,48.6130758821964,0,0,0,1.55588161945343,0,0,0,0,1.22046566009521,101.792814046144,1.20324397087097,0,0,0,0,0,0,0,1.20980000495911,3.60702392458916,0,0,26.5072709321976,16.8081722557545,0,0,0,0,0,3.03291827440262
0,0,1.11893236637115,0.651540458202362,146.285647571087,9.82027333974838,0,0,35.7725580334663,0,0,0,0,0,53.1488667428493,1.74251189827919,0,0,0,0,0,71.4714507460594,94.031379789114,40.7634275555611,321.741603195667,74.4213801622391,1016.57288891077,73.9712980985641,23.4842944443226,0.813208162784576,875.329418182373,67.1592092514038,59.6999101042747,3.94792509078979,13.352407515049,0,4.23431074619293,1.50815379619598,0,0,34.7012753486633,15.2965267300606,1.99051767587662,0,0,0,0.430516839027405,0,0,0,0,0,1.02092492580414,0,0,0,0,0,0,0,0,0,0,0,0,0,4.59755915403366,0,0,0,788.355361789465,119.561240375042,140.687244057655,13.7777026891708,16.0727645754814,31.5828887224197,14.4630515575409,1.20201683044434,0,0,0,0,0,2.65967881679535,1.09175252914429,0.723496913909912,6.46350246667862,1.43305635452271,6.46498250961304,0,0,0,0,0,0,0,0,0,0,0,0,0,0,0,0,0,0,0,0,0,0,0,0,0,0,0
0,0,18.1747516691685,3.53970807790756,44.3872330784798,181.96161878109,0,0,5.1330209672451,22.2378786802292,0,0,0,4.97119063138962,12.5686547756195,98.1832895874977,0,0.723395168781281,0.747446477413177,2.29927521944046,71.4714507460594,0,77.2150613665581,157.481488257647,154.734189003706,524.016311109066,226.577018946409,1257.2029351294,1.38890850543976,45.3552521467209,117.402440160513,1030.75210383534,0.792405307292938,91.7646777033806,0.833076000213623,9.884192943573,0,5.16181433200836,0,0,0,122.940411090851,0,0,0,0,0,8.32366269826889,0,0,0,0,0,0,0,0,0,0,0,0,0,0,0,0,0,0,0,9.9289379119873,0,0.878024250268936,476.34069314599,814.125951379538,7.2429181933403,92.9888960123062,0,0,0.5428307056427,2.2427089214325,0,0,0,0,0,59.0629614591599,0,0,0,24.6403133869171,0,0,0,0,0,0,0,0.559854209423065,0,0,0,0,0,0,0,0,0,0,0,0,0,0,0,0,0,0,0,0
15.2390722632408,0,4841.49850952625,537.400558173656,139.258953601122,122.891189604998,895.06301394105,807.607390075922,155.499802827835,88.8943991363049,145.926454335451,44.0432682037354,962.019780486822,114.498545438051,239.991536706686,61.251745313406,4.63002073764801,0,1173.47779786587,194.189863622189,94.031379789114,77.2150613665581,0,3024.05461969972,849.035367250443,556.430802226067,183.403954654932,135.189171403646,365.337061405182,3.38846439123154,4557.77436757088,1816.5909832418,1275.98612952232,513.44432297349,214.803084641695,0.490559279918671,11.0451923012733,0,0,0,6.45083874464035,0,99.6845677793026,0,12.0360521376133,0,21.1607629060745,0,0,0,0,0,0,0,0,0,7.69320699572563,0,1.06872287392616,0,0.934126436710358,0,0,0,0,0,445.142541438341,0,12.5690431594849,0,1847.37753689289,1661.66942691803,1718.17755684257,381.66661554575,301.136228591204,39.8729318380356,1382.06980061531,87.0161702930927,0,0,4.88852626085281,0,0,0,0,0,0,0,0,0,0,0,0,0,10.132384210825,1.21525704860687,5.1472395658493,0,0,0,0,0,0,0,0,0,0,0,1.33872777223587,3.146957218647,0,0,0,0,0,0
8.8135102391243,21.7596789002419,937.613871753216,3229.03238087893,268.91500633955,171.859954953194,592.482521355152,899.842020481825,179.311733663082,150.411680877209,7.74290651082993,351.717758566141,107.615288376808,644.936686456203,35.4018847942352,323.66848269105,1.36544632911682,11.7506865859032,855.933205544949,1675.79943007231,40.7634275555611,157.481488257647,3024.05461969972,0,575.709946244955,1568.45628905296,94.1548364758492,424.395296901464,47.0011267960072,113.248046159744,736.73448985815,2396.61044541001,107.648582279682,1475.58851647377,0,28.4898978173733,0,10.295699775219,0,2.28507274389267,0,18.5434240400791,0,3.09188014268875,0,1.42629843950272,0,48.0367912948132,0,0,0,0,0,0,0,0,0,7.17515549063683,0,0.63851523399353,0,1.49596172571182,0,8.54097050428391,0,0.570257604122162,0,133.506023854017,0,30.1629900932312,816.309370368719,2633.456628263,263.633908182383,1821.12983083725,19.3101420402527,278.538568973541,29.9666687846184,1404.98584973812,0,0,0,2.24822783470154,0,6.40699681639671,0,0,0,0,0,0,0,0,0,0,0,7.00074401497841,0,0,0,0,0,0,0,0,0,0,0,0,3.07934528589249,1.99217730760574,0,0,0,0,0,0
0,0,264.894450962543,21.7070415019989,562.828367054462,61.8292552232742,14.5204772949219,0,127.963576883078,16.0901903808117,0,0,2.21852123737335,0,127.233385324478,13.847133398056,0,0,1.49260580539703,0,321.741603195667,154.734189003706,849.035367250443,575.709946244955,0,858.455019652843,1739.18212252855,351.698841780424,49.0772223472595,1.37687814235687,959.740604639053,358.93343770504,88.730337947607,14.3804334402084,12.3016126155853,0,0,0,0,0,4.50609612464905,3.08741489052773,0.444692939519882,0,0,0,0,0,0,0,0,0,0,0,0,0,0,0,0,0,0,0,0,0,0,0,0,0,0,0,709.513329535723,309.569106936455,199.255486041307,35.7687695920467,8.75218778848648,0,17.0601885616779,0,0,0,0,0,1.18901920318604,0,0,0,1.61872774362564,0,0,0,0,0,0,0,0,0,0,0,0,0,0,0,0,0,0,0,0,0,0,0,0,0,0,0,0,0
0,0,142.463392108679,271.91108456254,360.736532896757,444.843191087246,27.4487590193748,48.5011487007141,134.950040340424,121.74912878871,0,2.28250521421432,1.58092403411865,15.8698797225952,25.6426882445812,177.003241240978,0,0,0,0,74.4213801622391,524.016311109066,556.430802226067,1568.45628905296,858.455019652843,0,267.800637066364,1322.57409659028,5.46313267946243,24.7833028435707,250.79221457243,367.20309945941,0,5.57360717654228,0,0.63911360502243,0,2.52404028177261,0,0,0,52.5975913405418,0,0,0,0,0,0,0,0,0,0,0,0,0,0,0,0,0,0,0,0,0,0,0,0,0,1.08318263292313,0,0,522.889266937971,1081.50194987655,38.2510766386986,362.272093832493,0,11.9759037196636,0,31.5617808401585,0,0,0,0.472131848335266,0,20.3836340308189,0,0,0,10.1775445044041,0,0,0,0,0,0,0,0,0,0,0,0,0,0,0,0,0,0,0,0,0,0,0,0,0,0,0,0
0,0,11.1319197416306,0,750.179370969534,16.8784288465977,0,0,93.6776892542839,0,0,0,0,0,386.299693971872,3.26103168725967,0,0,0.696545362472534,0,1016.57288891077,226.577018946409,183.403954654932,94.1548364758492,1739.18212252855,267.800637066364,0,249.388775646687,145.902223527431,4.71758776903152,497.83069512248,114.791469454765,73.1539120674133,7.31301206350327,12.4407286345959,0,63.1412315964699,8.22823542356491,1.28504490852356,0,8.77100151777267,5.88948732614517,1.01230561733246,0,0,0,2.40257161855698,2.03601974248886,0,0,0,0,0,0,0,0,0,0,0,0,0,0,0,0,0,0,4.65356665849686,0,0,0,803.733497142792,170.034132033587,138.98612511158,17.8652586936951,3.62999552488327,0,7.41693478822708,0.835533976554871,0,0,0.6481072306633,0,2.2398002743721,5.55036491155624,0,0,8.38907662034035,0,2.02496647834778,0,0,0,0,0,0,0,0,0,0,0,0,0,0,0,0,0,0,0,0,0,0,0,0,0,0,0
0,0,20.1132194399834,29.9807522296906,141.634836763144,801.098347604275,4.78286826610565,1.80172592401505,30.8875358104706,80.6307896971703,0,0.623567998409271,0,2.20396775007248,8.33395498991013,252.606805473566,0,0,0,0.772442936897278,73.9712980985641,1257.2029351294,135.189171403646,424.395296901464,351.698841780424,1322.57409659028,249.388775646687,0,2.15417772531509,59.4596854746342,116.349568158388,177.487239658833,0,8.26528608798981,0,1.42297720909119,0,16.3425664305687,0,0,0,164.562802225351,0,0,0,0,0,0.661425709724426,0,0,0,0,0,0,0,2.27657890319824,0,0,0,0,0,0,0,0,0,0,0,0,0,0,394.786870479584,893.656211286783,12.1907858252525,324.101615458727,0,2.07828205823898,0,9.20388031005859,0,0,0,1.61591142416,0,90.0358795523643,0,1.36113899946213,0,37.1101345717907,0,0,0,0,0,0,0,0,0,0,0,0,0,0,0,0,0,0,0,0,0,0,0,0,0,0,0,0
717.671315014362,6.27305936813354,943.577531903982,17.5929789543152,401.578374385834,0,553.161034733057,21.9095147252083,241.780520498753,0,694.348583906889,5.40471470355988,1987.61607179046,3.7737004160881,2191.51680827141,0,2098.82966661453,0,734.713595986366,194.920052319765,23.4842944443226,1.38890850543976,365.337061405182,47.0011267960072,49.0772223472595,5.46313267946243,145.902223527431,2.15417772531509,0,0,44.6930460929871,23.2531661987305,53.249140381813,61.0313825011253,25.8841643929482,12.4969090223312,106.189125001431,11.3496978282928,21.7013080120087,0,591.058777928352,0,102.649887800217,0,72.6273537874222,0,301.91525503993,1.9787449836731,99.0765152275562,0,107.535834252834,0,17.976603358984,0,135.005725502968,0,1021.18218013644,4.47549533843994,737.223415911198,2.14050722122192,122.893877476454,0,286.775494635105,1.46262586116791,42.1567912399769,0,567.001924365759,36.0028082132339,331.112001091242,30.2387924790382,432.467663824558,79.0996727347374,1543.01536592841,9.11949449777603,94.056709498167,0,573.23682692647,27.5110555589199,200.482782274485,0,656.223330706358,0,1131.38291835785,0,258.179802417755,0,654.82233992219,0,242.002887368202,0,13.0633255243301,0,1.31565177440643,0,30.5633257329464,0,14.688810557127,0,19.4260351359844,0,1.85978996753693,0,1.68678176403046,0,15.0261111855507,0,2.44971466064453,0,8.907446205616,1.07764983177185,0,0,0,0.424792319536209,0,1.01832187175751
0,146.702761501074,0.809577405452728,164.591436207294,0,183.721769720316,2.45316797494888,104.580893814564,0,81.7168427407742,0,682.887341499329,0.706610560417175,1284.67019674182,0.783579170703888,1558.63539928198,0,1952.23336473107,2.41034996509552,96.5447577834129,0.813208162784576,45.3552521467209,3.38846439123154,113.248046159744,1.37687814235687,24.7833028435707,4.71758776903152,59.4596854746342,0,0,1.30891871452332,4.87366044521332,1.5682715177536,14.8669925928116,4.3299468755722,3.90941691398621,0,108.908469349146,0,17.8705996274948,0,249.789345890284,20.7364881634712,50.1383691132069,0,49.8352683782578,0.457615077495575,108.242880523205,0,36.6053723394871,0,83.4614826440811,0,19.1194301247597,0,19.2492932081223,1.02689838409424,541.654977858067,0,217.979104399681,0,138.934270679951,0,323.005873590708,0,37.3923911750317,4.5635472536087,101.165118038654,3.52802717685699,58.8363001346588,7.31065344810486,108.703115463257,1.01859080791473,3325.37649965286,0,35.1893311738968,11.5297102928162,100.618108332157,1.36718797683716,380.325562357903,0,1180.36516013741,0,1082.04825311899,0,160.909830749035,0,93.5690928995609,0,50.6546106934547,0,4.35623729228973,0,1.25030720233917,0.803141474723816,8.93228554725647,0,1.06912696361542,0,9.60720944404602,0,3.10284024477005,0,0.744458854198456,0,4.18391597270966,0,0,0,0,0,1.3012615442276,0,0,0,0
17.410739839077,2.03131222724915,156.624629735947,82.2383090555668,52.704813927412,17.9950041770935,100.246149331331,78.1637912392616,11.3292499184608,15.4007723927498,16.9938650429249,22.5080193281174,20.2952156662941,26.347127020359,17.2213540971279,15.2927305102348,2.86444216966629,0,696.861345618963,194.542370319366,875.329418182373,117.402440160513,4557.77436757088,736.73448985815,959.740604639053,250.79221457243,497.83069512248,116.349568158388,44.6930460929871,1.30891871452332,0,715.999078214169,1466.7688279748,224.618719339371,205.484712392092,0.701300024986267,7.55021095275879,1.00682747364044,5.77426448464394,0,0,1.99378108978271,88.1465018689632,0,42.5619719326496,0,15.0951599478722,1.45708790421486,1.24930548667908,0,0,0,0,0,0,0,3.50981485843658,0.617353975772858,3.9165113568306,0,0,0,1.17927569150925,0,0,0,792.204128354788,5.9759766459465,19.8909411132336,2.84683561325073,875.056967794895,290.004919946194,115.218561887741,89.6158399581909,14.5884711742401,16.9024314880371,97.5003939270973,63.3430764079094,0,0,0.598751485347748,0,0.464555233716965,2.06238949298859,2.88860309123993,0,0,0,0,0,0,0,0,0,2.1081770658493,0,1.19943723082542,0,0,0,0,0,0,0,0,0,0,0,0,0,0,0,0,0,0,0
3.00756287574768,3.70245206356049,370.94643330574,158.397780328989,93.4215231537819,30.7141478061676,170.309558868408,58.0748767256737,55.1277673840523,22.4762961268425,2.67738348245621,29.879024207592,48.847579061985,24.5898277163506,30.6742931008339,24.6881549060345,0.732524335384369,1.41344064474106,392.332734256983,365.349522650242,67.1592092514038,1030.75210383534,1816.5909832418,2396.61044541001,358.93343770504,367.20309945941,114.791469454765,177.487239658833,23.2531661987305,4.87366044521332,715.999078214169,0,67.2247157692909,2389.21721771359,2.33034527301788,110.119889646769,0,3.03871989250183,0,16.2999078631401,0,1.11525255441666,0.799232959747314,18.1025706827641,0,4.0712776184082,0,131.521652400494,0,0,0,0,0,0,0,0.792778491973877,0,1.96258705854416,0,1.07180973887444,0,0.690214514732361,0,3.39990615844727,0,0,5.69878530502319,347.323192358017,0,13.3590640127659,388.163308352232,822.691231131554,142.223993480206,161.531579256058,15.7009361982346,22.2495449185371,53.6609481573105,116.831425666809,0,0,0,0.56416791677475,0,2.51445895433426,1.72063386440277,0,0,0.490965992212296,0,0,0,0,0,0,0.754703164100647,1.08241128921509,0,0,0,0,0,0,0,0,0,0,0,0,0,0,0,0,0,0,0,0
70.3721485137939,63.1162648200989,63.3344773650169,25.7476396560669,4.83049237728119,0,16.0682786405087,35.8936277925968,1.98498374223709,0,19.5886595249176,9.76898962259293,17.1599987149239,2.59263837337494,2.91003346443176,0,5.85057955980301,2.65889573097229,3273.71952614188,463.388036459684,59.6999101042747,0.792405307292938,1275.98612952232,107.648582279682,88.730337947607,0,73.1539120674133,0,53.249140381813,1.5682715177536,1466.7688279748,67.2247157692909,0,311.992468953133,1128.74516841769,19.4763295650482,18.0615159273148,6.2359778881073,61.9838175177574,0,0,0,148.881202578545,0,114.656410485506,1.52040123939514,28.0388490557671,1.40490508079529,1.64337354898453,0,0,0,0,0,0.647060751914978,0,56.9063619077206,26.070727288723,53.113740593195,9.43963754177094,3.37130671739578,0,5.7382310628891,5.21188348531723,0.705621778964996,0,6179.9662541151,116.019197255373,1317.74135369062,122.614765435457,179.37060329318,74.0728257596493,131.000330209732,33.1276370882988,29.9606603384018,6.36681413650513,263.3934071064,92.217104613781,2.21807795763016,0,5.67557764053345,1.07804048061371,0,0,2.59652280807495,0,0,0,0,0,0,0,0,0,14.4133097827435,0,12.6688504815102,0,0,0,0,0,0,0,3.40628266334534,0,0,0,0.571667611598969,0,0,0,0,0,0,0.621208965778351
167.781066417694,143.976333409548,128.688957393169,70.6293821930885,2.67238938808441,4.47703993320465,145.650601416826,48.1040849089622,0,0.451839417219162,16.532195687294,44.1818210482597,30.280801653862,33.8658363223076,2.99150377511978,8.29564148187637,18.0627620220184,27.0198942422867,1143.44801294804,5592.64443042874,3.94792509078979,91.7646777033806,513.44432297349,1475.58851647377,14.3804334402084,5.57360717654228,7.31301206350327,8.26528608798981,61.0313825011253,14.8669925928116,224.618719339371,2389.21721771359,311.992468953133,0,54.923088490963,787.792599409819,41.209767639637,30.5537559688091,18.5143258571625,82.3002157211304,0,0,12.4891476035118,124.178807646036,6.2048471570015,39.8558894991875,9.86126434803009,393.433752387762,1.48235321044922,2.0489547252655,0.636020004749298,2.37292551994324,0,0,0.989806771278381,6.23586016893387,91.5872482955456,160.072436958551,30.4635381698608,105.882626801729,12.1759341955185,0.936285614967346,23.5449237823486,18.0803291797638,0,1.00257170200348,524.267185002565,4934.7879383862,459.995428085327,1539.11930811405,196.674626499414,340.307476580143,175.192316532135,217.44435235858,34.0499166846275,48.4927017092705,374.591033577919,448.839394748211,5.64232289791107,3.85409253835678,26.4612220525742,36.0856006741524,3.9447273015976,0,6.54982709884644,10.2198629975319,0,0,2.45584589242935,3.30805289745331,0,0,0,1.58667063713074,18.7827371656895,6.69300401210785,10.181704968214,0,0,0,0,2.55136299133301,0,0.707691371440887,0.59606659412384,2.06388849020004,2.65130758285522,0,5.87353801727295,0,0,0,0,0,0,0.789152383804321
1.28150624036789,0.804555416107178,9.25892335176468,0,0,0,0,0,0,0,0,0,0.74451345205307,0,0,0,1.35298895835876,0,48.7473712563515,1.34289300441742,13.352407515049,0.833076000213623,214.803084641695,0,12.3016126155853,0,12.4407286345959,0,25.8841643929482,4.3299468755722,205.484712392092,2.33034527301788,1128.74516841769,54.923088490963,0,221.148689627647,323.555844336748,111.864890933037,127.243117332458,33.0771778225899,2.19086277484894,2.83314538002014,557.841620594263,433.504976630211,617.235871255398,418.314106971025,130.115005582571,31.8877641558647,246.460231482983,145.903220504522,13.2656514048576,64.104667454958,4.47141969203949,5.25055634975433,23.0761317014694,25.1408740282059,0,12.3028090000153,68.2610197067261,33.7905653119087,1.2909123301506,3.52897536754608,6.63653966784477,6.45605909824371,0,1.31524896621704,3223.44720897079,602.440432369709,0.50357449054718,19.8715029358864,37.0103298127651,0,62.1126262843609,54.4836484193802,2.15379643440247,8.40163081884384,167.027563035488,70.5025517344475,6.27810645103455,0,67.2321546077728,26.6985137462616,12.1599945425987,5.41726320981979,26.7792435884476,22.7230018973351,5.61754751205444,1.05649507045746,11.6369572579861,14.3352748155594,1.32954168319702,0.676447451114655,0,0,17.744155228138,3.84316909313202,5.79473143815994,0,0.99876344203949,1.1237690448761,0,0,0,0,0,0,0,0,0,0,0,0,0,0,0,0
0,0,0,0,0,0,0,1.24527847766876,0,0,0,0,1.21861064434052,3.20961803197861,0,1.42457270622253,1.75238060951233,2.78236222267151,0.503350019454956,26.5440452992916,0,9.884192943573,0.490559279918671,28.4898978173733,0,0.63911360502243,0,1.42297720909119,12.4969090223312,3.90941691398621,0.701300024986267,110.119889646769,19.4763295650482,787.792599409819,221.148689627647,0,101.366089880466,176.391891330481,34.9190470576286,64.3463453650475,2.7925409078598,5.05194330215454,392.143995642662,573.997377157211,551.959510028362,648.073451131582,60.7461026906967,233.782041013241,305.121877133846,173.46530303359,11.0600856542587,62.5083273649216,1.97688484191895,10.4065919518471,8.71007314324379,30.7213430404663,0.98890233039856,1.30178022384644,75.8390793204308,15.5399300456047,1.16023170948029,1.09090945124626,2.6924854516983,12.8589819669724,0,1.32702970504761,584.234988242388,2293.01654502749,7.43085464835167,0,2.27637821435928,7.24851188063622,46.8421403765678,42.2835015356541,3.59353506565094,14.1316137909889,101.68924844265,97.4440453052521,1.29289257526398,1.92538332939148,33.6641302108765,43.4718347489834,1.3552919626236,3.11331671476364,11.9489339590073,20.8458213806152,0,0,8.30552959442139,19.6266571879387,0,0,0,0,12.1823021769524,9.9572594165802,4.96365302801132,1.41151547431946,0,0,0,0,0,0,0,0.572765231132507,0,0,0,0.9343581199646,0,0,0,0,0,0
212.370501071215,0,55.7914305329323,1.79596245288849,5.57180628180504,0,30.935742855072,0,8.602634370327,0,5.86560440063477,0,9.68988710641861,0,14.6445870399475,0,1.72392272949219,0,84.7742497324944,10.644947886467,4.23431074619293,0,11.0451923012733,0,0,0,63.1412315964699,0,106.189125001431,0,7.55021095275879,0,18.0615159273148,41.209767639637,323.555844336748,101.366089880466,0,484.730399906635,1414.33235156536,26.9150499105453,282.839808195829,2.15199971199036,284.028286725283,145.485052227974,300.569349735975,115.692414075136,658.913816809654,10.4381772279739,300.94651055336,31.2512355446815,193.769433915615,17.8620405197144,35.3922277987003,1.88927161693573,1576.22969651222,12.1586312651634,92.198676109314,9.89562100172043,359.087068200111,36.2355881333351,20.3218601346016,0,0,0,22.6733617782593,0,1193.23429980874,577.25459176302,199.150138676167,8.58341330289841,341.116213947535,18.3100590705872,532.770012140274,24.4818935990334,1403.13538181782,74.4635110795498,4943.66214084625,178.088211357594,0.596872568130493,0,19.3505013585091,0,105.937307685614,0,65.3273883461952,0.746118247509003,746.420394003391,0,781.603235512972,0,146.44599750638,165.96474224329,31.9118299782276,100.556500256062,100.599877387285,38.8160433769226,165.852871030569,25.7493805289268,77.4769571721554,69.9591508209705,55.1082508563995,47.9131958782673,89.296625494957,152.670942336321,69.6843557357788,46.8782566189766,42.181505382061,10.6957722306252,11.4407688379288,28.3104950785637,29.7231488227844,3.66300845146179,3.13791453838348,0.527081787586212,2.87834310531616,2.16938245296478
0,284.254702925682,0,90.6174636483192,0,20.6636154353619,0,36.153637856245,0,6.69267547130585,0,10.1080958843231,0,10.5955072939396,0,24.7628783285618,0,3.52430182695389,1.58414661884308,136.047801464796,1.50815379619598,5.16181433200836,0,10.295699775219,0,2.52404028177261,8.22823542356491,16.3425664305687,11.3496978282928,108.908469349146,1.00682747364044,3.03871989250183,6.2359778881073,30.5537559688091,111.864890933037,176.391891330481,484.730399906635,0,44.4181933104992,2140.89499884844,0.741135954856873,510.082462608814,150.19269490242,467.431373983622,157.486464232206,515.971461236477,77.3403469622135,1323.54384127259,81.7724586129189,294.710839211941,4.74741411209106,273.768878936768,0,99.0423070192337,0,1279.85682207346,3.09968686103821,236.46024569869,73.4240458011627,416.591255694628,0,15.7439815104008,0,6.48821148276329,0,34.6910713613033,804.216263502836,1133.73126521707,6.20546138286591,83.6374571323395,20.3492678999901,268.106076151133,69.8095204234123,509.213964164257,66.5389802157879,752.949759781361,239.764779806137,4372.46719241142,5.00453197956085,0.754514813423157,2.6869535446167,123.294454783201,0,496.798546224833,0,253.886778712273,0,822.180307716131,1.11657214164734,480.696837365627,74.1903139948845,232.079167693853,30.8447543382645,104.114085227251,20.8842887282372,276.729921877384,63.9042389392853,57.4690321981907,33.3733277618885,100.704529225826,42.651283621788,35.6449463367462,104.713390111923,172.988633751869,43.3669446706772,70.9488123357296,23.7641497850418,13.8834128379822,16.4391430020332,62.4338854551315,44.9968205988407,8.46451026201248,8.68642944097519,1.16729545593262,10.6078258156776,4.55446407198906
48.8003237843513,1.14582860469818,11.9765518903732,3.94931954145432,1.18727052211761,0,2.79357755184174,0,0,0,0,0,0.792948126792908,0,2.28735452890396,0,0,0,12.0684602558613,0,0,0,0,0,0,0,1.28504490852356,0,21.7013080120087,0,5.77426448464394,0,61.9838175177574,18.5143258571625,127.243117332458,34.9190470576286,1414.33235156536,44.4181933104992,0,48.2976850867271,548.239577502012,0.630530595779419,347.729986965656,18.2559361159801,483.60150539875,8.8361120223999,1003.30158388615,0.415234595537186,170.611405313015,1.67826700210571,61.8977311551571,0,5.98806583881378,0,1309.85484594107,0.859267830848694,71.1910066604614,0,215.160279899836,0,2.07484567165375,0,0.860141932964325,0,2.76599496603012,0,1109.75759896636,25.5421271622181,102.055284917355,2.10747623443604,39.6785699725151,9.78865772485733,119.949863135815,16.9761130809784,91.0528035759926,56.666127294302,224.077509313822,52.3933793306351,3.85738223791122,0,8.03190398216248,0,46.1787547469139,0,19.5497050881386,0,384.973868101835,0,277.057044446468,0,183.03257393837,322.025233417749,45.3603972792625,93.4259744882584,47.0574588775635,176.153838992119,196.581625282764,57.4662458002567,62.923814445734,77.609535574913,48.3877810537815,38.4091337919235,127.463847339153,103.431253969669,57.368689596653,56.8609564304352,55.3546049594879,18.3056828975677,3.47546851634979,2.58551335334778,26.3922754824162,5.53812432289124,7.97709158062935,0.669119596481323,4.57350152730942,12.7415246367455
0,98.3132386803627,0,14.5145081281662,0,1.04480540752411,0,8.51694619655609,0,1.31445020437241,0,3.60518860816956,0,0,0,5.06299835443497,0,8.6712030172348,0,50.5271090269089,0,0,0,2.28507274389267,0,0,0,0,0,17.8705996274948,0,16.2999078631401,0,82.3002157211304,33.0771778225899,64.3463453650475,26.9150499105453,2140.89499884844,48.2976850867271,0,0,1242.89942407608,18.2390627861023,413.145656496286,8.52266985177994,345.008218973875,5.6133254468441,1120.27168309689,3.57401025295258,96.4244810938835,0,83.2881561517715,0,46.7155333161354,0,1709.33813622594,0,285.830898404121,0,166.704647660255,0,10.0740891098976,0,3.74218717217445,0,17.129492610693,11.126115322113,1142.05899909139,0,122.424130916595,2.17095863819122,35.8830969333649,0.543565511703491,77.7014988064766,16.3651109337807,74.3766357898712,17.480812728405,245.04802519083,0,0,0,15.4379088282585,0,86.8566305935383,0,57.8922786414623,0,289.851468116045,0,162.009763389826,37.0005330443382,116.734538674355,9.24669975042343,78.150131970644,18.3255781531334,90.871734380722,25.6731713414192,42.5578705370426,15.3209263682365,36.5303240120411,18.0041079521179,18.8732609152794,32.8219841718674,104.195658743382,14.713468670845,37.0357475876808,13.4537630081177,16.321531355381,0.99153059720993,3.06610989570618,15.0111893117428,4.18918025493622,0.968259751796722,0.590932011604309,1.66829124093056,2.10480660200119
1.27527165412903,0,4.58425253629684,0,39.2480550706387,0,2.58858072757721,0,22.0063586831093,0,0,0,0.824357509613037,0,54.080091714859,0,1.47784852981567,0,1.06356656551361,0,34.7012753486633,0,6.45083874464035,0,4.50609612464905,0,8.77100151777267,0,591.058777928352,0,0,0,0,0,2.19086277484894,2.7925409078598,282.839808195829,0.741135954856873,548.239577502012,0,0,3.53253906965256,46.9930675923824,0,26.4648512303829,0,120.266515940428,0,23.472614556551,0,27.6860359311104,0,7.8628790974617,0,561.182982951403,0,1.68167823553085,0,13.7278655469418,0,0.474417179822922,0,0,0,3.46960943937302,0,36.9339435994625,2.51540267467499,1.33712983131409,0,295.144418001175,53.9439834356308,608.628208339214,3.12669861316681,418.536966085434,33.1868396997452,236.709576427937,0,0,0,6.57129210233688,0,413.265264987946,0,25.041184514761,0,1234.43425750732,1.33902645111084,114.529016971588,1.15094041824341,5.04598963260651,0,1.34007692337036,0.521861851215363,5.76074582338333,0,0.612306714057922,0,6.92977011203766,0,0.404983878135681,0,0,0,6.65964844822884,0.840794086456299,0,0,0.678604900836945,1.49635148048401,0,0,0,0,0,0
0,0,0,3.12676763534546,1.13895380496979,204.510594457388,0,1.55570411682129,0,62.0837215483189,0,0.700884699821472,0,5.6937016248703,0,209.404408544302,0,0,0,1.1313773393631,15.2965267300606,122.940411090851,0,18.5434240400791,3.08741489052773,52.5975913405418,5.88948732614517,164.562802225351,0,249.789345890284,1.99378108978271,1.11525255441666,0,0,2.83314538002014,5.05194330215454,2.15199971199036,510.082462608814,0.630530595779419,1242.89942407608,3.53253906965256,0,39.2424230873585,82.5442324876785,1.54993689060211,41.7321562767029,6.47250074148178,257.030370444059,0,25.7073843479156,0,51.8783942759037,0,38.1824871599674,0,574.128903269768,0,0.45991912484169,0,6.46447718143463,0,1.38730680942535,0,1.64869105815887,0,4.9529122710228,0,31.3912951052189,0,0,20.5491209626198,252.415540575981,2.94877636432648,1409.30895924568,5.05537670850754,326.089858472347,0,114.920485258102,0,0,0,25.2044061422348,0.693538844585419,1454.21652519703,0,116.201346516609,0.999306797981262,1751.72966378927,0,164.942947477102,0,3.92876619100571,0,2.73259079456329,0,7.4283692240715,0,2.50117313861847,0,14.916557431221,0,0,0,4.89074462652206,0,2.35015213489532,0,1.62788879871368,0,2.10943961143494,1.18680214881897,0,0,0,0,0
0,0,0,0,0,0,0,0,0,0,0,0,0,0,0,0,0,0,53.5211669206619,3.13003993034363,1.99051767587662,0,99.6845677793026,0,0.444692939519882,0,1.01230561733246,0,102.649887800217,20.7364881634712,88.1465018689632,0.799232959747314,148.881202578545,12.4891476035118,557.841620594263,392.143995642662,284.028286725283,150.19269490242,347.729986965656,18.2390627861023,46.9930675923824,39.2424230873585,0,2639.48066613078,13383.0154255927,606.131280303001,8183.01176461577,2494.2435759306,2960.89581021667,131.252941697836,3098.60358807445,49.1237448453903,289.287390500307,30.9811110496521,415.171878248453,188.4721108675,0,2.22964930534363,83.4668267965317,6.31218504905701,3.00977796316147,0,0,0,5.04037374258041,0,2953.58425635099,456.269111692905,0,7.85974895954132,4.43708279728889,0,341.331828594208,100.821173816919,6.62026405334473,12.3691663742065,233.333544790745,89.0496377050877,1.5421781539917,0,79.9258340895176,27.6083168983459,50.0306933224201,5.17735582590103,93.1932156383991,44.2139244675636,42.0792716443539,4.93946197628975,294.026947975159,116.829042702913,129.345043629408,6.01731705665588,0,0,11.5420642793179,1.29693472385406,23.3619767129421,0,413.633727610111,24.2864488959312,0,0,0,0,1.5694682598114,0,0,0,0,1.97250443696976,0,3.36998206377029,0,0,0,0
0,1.73691356182098,0,0,0,1.35886162519455,0,0,0,0,0,1.23073983192444,0,0,0,1.76917445659637,0,0,0,5.63871595263481,0,0,0,3.09188014268875,0,0,0,0,0,50.1383691132069,0,18.1025706827641,0,124.178807646036,433.504976630211,573.997377157211,145.485052227974,467.431373983622,18.2559361159801,413.145656496286,0,82.5442324876785,2639.48066613078,0,763.200905263424,7655.27482911944,537.019634515047,6999.52268776298,274.746666610241,2565.92762690783,15.3873530030251,1365.5717843473,0,939.59101125598,5.52454280853271,534.93027356267,0,2.30667853355408,105.956203281879,11.5140002667904,0,0,0,1.14655292034149,0,11.6692317724228,736.995757222176,2553.60486975312,1.44530272483826,0,2.65246188640594,1.05416667461395,6.33987432718277,299.661862492561,0,54.4113701879978,15.9103642702103,353.542951643467,0,2.27259629964828,0,115.518275797367,0,67.7198589146137,3.75830340385437,221.137928068638,0,59.2911466956139,0,312.134123176336,0,41.2785883247852,0,1.15511858463287,0,37.1285661458969,0,44.4203892350197,0,94.6703987717628,0,0,0,0,0,1.95751193165779,0,0,0,3.13322168588638,0,0,0,0,0,0
0,0,0,0,0,0,0,0,0,0,0,0,0,0,0,0,0,0,11.5224500894547,0,0,0,12.0360521376133,0,0,0,0,0,72.6273537874222,0,42.5619719326496,0,114.656410485506,6.2048471570015,617.235871255398,551.959510028362,300.569349735975,157.486464232206,483.60150539875,8.52266985177994,26.4648512303829,1.54993689060211,13383.0154255927,763.200905263424,0,1286.07110470533,1996.30373883247,97.8419856727123,3719.96488627791,58.1168920397758,770.680141955614,9.89180737733841,120.095901668072,1.50186002254486,485.354902654886,21.4048562943935,0.434393435716629,0,279.262670069933,12.5090856552124,13.919732093811,0,0,0,9.38629847764969,0,3676.3539378643,884.868107676506,0,0.648576378822327,3.78543317317963,0,330.483475446701,8.95079642534256,2.95831695199013,4.09596180915833,372.620950877666,59.0981621742249,2.96753334999084,1.17346918582916,92.284397482872,0,12.6976504921913,0,133.004883468151,2.25810289382935,3.1715549826622,0,136.81689620018,6.21044877171516,10.2118144631386,0,0,0,20.1321791708469,0.600763022899628,38.8767657279968,0,18.3587848544121,0,0,0,0,0,0,0,0,0,0,2.4317752122879,0,0,0,0,0,0
0,0.916493594646454,0,10.9450389146805,0,0,0,7.73190855979919,0,0,0,0,0,0,0,0,0,0,0,15.1080994307995,0,0,0,1.42629843950272,0,0,0,0,0,49.8352683782578,0,4.0712776184082,1.52040123939514,39.8558894991875,418.314106971025,648.073451131582,115.692414075136,515.971461236477,8.8361120223999,345.008218973875,0,41.7321562767029,606.131280303001,7655.27482911944,1286.07110470533,0,45.6905218362808,1638.66315546632,103.320903539658,5293.41213151813,1.53428828716278,1606.38197243214,0,273.744086623192,0,432.171560525894,0,7.02363592386246,22.4797223806381,202.192279696465,2.23282980918884,2.69822722673416,0,7.79968544840813,0,64.7568199932575,639.957671314478,3425.44180169702,0,1.25247347354889,0,2.03365153074265,1.78708410263062,264.503454506397,0,89.2359009683132,9.58739948272705,420.251791357994,0,2.93136703968048,0,126.436285346746,0,7.46054854989052,1.244380235672,213.390283495188,0,2.39317178726196,0,167.218368142843,0,4.58030223846436,0,0,0,19.8040174245834,0,11.4361410737038,0,10.7260329425335,0,0,0,0,0,0,0,0,0.760752499103546,7.66777741909027,0,0,0,0,0,0
0.763644099235535,0,4.24974036216736,0,2.03645241260529,0,8.23764288425446,0,0.881032466888428,0,0,0,2.62819242477417,0,1.60368356108665,0,0,0,21.811918258667,0,0.430516839027405,0,21.1607629060745,0,0,0,2.40257161855698,0,301.91525503993,0.457615077495575,15.0951599478722,0,28.0388490557671,9.86126434803009,130.115005582571,60.7461026906967,658.913816809654,77.3403469622135,1003.30158388615,5.6133254468441,120.266515940428,6.47250074148178,8183.01176461577,537.019634515047,1996.30373883247,45.6905218362808,0,370.892708718777,731.03588244319,4.10423970222473,1814.19996410608,5.4824366569519,1714.07304146886,6.14500969648361,3767.0491053164,26.6768819689751,1.58807927370071,0,50.3497623503208,0,4.07293754816055,0,0.531853258609772,0,8.77765113115311,0,1279.78548648953,90.6921736598015,1.26637399196625,2.32207310199738,22.7005922794342,2.63650685548782,563.631243914366,15.5203437209129,18.9029105901718,0.646618664264679,377.922219902277,9.87033295631409,1.569828748703,0,100.520865857601,2.21528398990631,162.584609985352,0.670233190059662,162.19567078352,7.4048413336277,189.85533156991,0.548628330230713,1042.03089439869,9.81165936589241,565.438071608543,0,0,0,41.2707742154598,0,70.4613955318928,0,801.746228396893,1.09423720836639,0,0,0,0,0.50714236497879,0,0,0,0,34.3944875597954,0,11.7858102321625,0,0,0,0
0,3.49009948968887,0,10.8972270786762,0,0.557537436485291,0,16.0494138598442,0,1.3736996948719,0,2.73649477958679,0,7.22698864340782,0,6.67067918181419,0,2.61019521951675,1.11117458343506,60.7756268680096,0,8.32366269826889,0,48.0367912948132,0,0,2.03601974248886,0.661425709724426,1.9787449836731,108.242880523205,1.45708790421486,131.521652400494,1.40490508079529,393.433752387762,31.8877641558647,233.782041013241,10.4381772279739,1323.54384127259,0.415234595537186,1120.27168309689,0,257.030370444059,2494.2435759306,6999.52268776298,97.8419856727123,1638.66315546632,370.892708718777,0,2.21306866407394,355.922676205635,1.36084771156311,550.905920475721,0,1828.62984839082,0,3829.38073840737,1.00493407249451,7.48288214206696,0,24.5261590182781,0,0,0,2.11080130934715,0,3.47307848930359,32.2391483187675,2077.32306486368,5.29479730129242,3.06626057624817,1.69230115413666,60.5683165490627,3.24365234375,511.051507800817,0,75.0055838525295,10.7407221794128,707.39745759964,0,0,1.51026713848114,99.5804895758629,0,90.1057599484921,0,354.122226387262,0,175.5538585186,0,636.261832624674,0,655.234446287155,0,3.46346786618233,4.05132329463959,42.0118828713894,4.13364511728287,68.3913177251816,0,992.240806341171,0,0,2.06528371572495,3.64348751306534,0,5.20135575532913,0,0.513534665107727,1.10803607106209,200.944175541401,0.842087209224701,0,0,1.0884827375412,0,0
1.77317988872528,0,0,0,0,0,3.15199673175812,0,0,0,0,0,0,0,0,0,0,0,0,0,0,0,0,0,0,0,0,0,99.0765152275562,0,1.24930548667908,0,1.64337354898453,1.48235321044922,246.460231482983,305.121877133846,300.94651055336,81.7724586129189,170.611405313015,3.57401025295258,23.472614556551,0,2960.89581021667,274.746666610241,3719.96488627791,103.320903539658,731.03588244319,2.21306866407394,0,30.7535270452499,5887.92557495832,5.40896344184875,416.496117472649,0,1001.32371121645,5.57964599132538,3.69518673419952,0,899.174308001995,1.03975570201874,84.9160333871841,0,0,0,22.9125077426434,0,965.073522746563,527.142419219017,0,0,1.55075830221176,0,402.668519616127,0,8.16954782605171,0,497.374625980854,23.0103472471237,4.64929351210594,0,202.553604453802,0,74.6995897591114,0,412.693421572447,1.57361555099487,14.989481151104,0,300.158765643835,0,20.0034223198891,0,0,0,26.3037092387676,0,23.8425667285919,0,28.5994091629982,0,0,0,0,0,0,0,0.920629024505615,0,0,6.91158816218376,0,0,0,0,0,0
0,1.77060520648956,0,1.47124797105789,0,0,0,3.66294765472412,0,0,0,0.795532822608948,0,0,0,0,0,2.62436527013779,0,7.1079683303833,0,0,0,0,0,0,0,0,0,36.6053723394871,0,0,0,2.0489547252655,145.903220504522,173.46530303359,31.2512355446815,294.710839211941,1.67826700210571,96.4244810938835,0,25.7073843479156,131.252941697836,2565.92762690783,58.1168920397758,5293.41213151813,4.10423970222473,355.922676205635,30.7535270452499,0,1.99195551872253,5574.37142983079,0,476.926799058914,0,470.52752366662,0,15.596720635891,1.61186242103577,731.061258256435,0,7.99387145042419,0,2.55072036385536,0,518.781720519066,199.714362323284,671.749383091927,0,0,0,4.00832533836365,0,246.895382016897,0,58.1594969332218,1.14978349208832,290.081820696592,0,4.75961714982986,0,121.427721083164,0,6.21544441580772,0,362.374669373035,0,2.02431625127792,0,267.905997097492,0,10.1206452846527,0,0,0,28.0454233884811,0,1.72671729326248,0,13.2977887094021,0,0,0,0,0,0,0,0,0,0,0,0,0,0,0,0
23.233759522438,0,1.11186134815216,0,0,0,64.0296578705311,0,0,0,3.68365240097046,0,0.591944515705109,0,0,0,2.28495997190475,0,0,0,0,0,0,0,0,0,0,0,107.535834252834,0,0,0,0,0.636020004749298,13.2656514048576,11.0600856542587,193.769433915615,4.74741411209106,61.8977311551571,0,27.6860359311104,0,3098.60358807445,15.3873530030251,770.680141955614,1.53428828716278,1814.19996410608,1.36084771156311,5887.92557495832,1.99195551872253,0,0.998612403869629,3987.16536837816,0,2525.48472943902,0,60.3882475197315,0,1631.33651959896,0,768.052425801754,0,4.5967036485672,0,933.9116320014,0,371.583992481232,40.2097439169884,0,0,4.60866004228592,0,387.365135282278,1.74405574798584,8.92539146542549,0,252.866808563471,4.01508033275604,6.12644386291504,0,289.90795263648,0,239.842441827059,0,5874.75106492639,0,73.6831456720829,0,1021.39246451855,0,69.3295813500881,0,0,0,31.4105240404606,0,11.4536888599396,0,44.1092286705971,0,0,0,0,0,0,0,0.409054189920425,0,0,2.46914231777191,0,0,0,0,0,0
0,105.797349125147,0,57.3145491182804,0,1.2702009677887,0,102.211096853018,0,0,0,13.4813994169235,0,4.89685195684433,0,0,0,10.6660016775131,0,3.46012479066849,0,0,0,0,0,0,0,0,0,83.4614826440811,0,0,0,2.37292551994324,64.104667454958,62.5083273649216,17.8620405197144,273.768878936768,0,83.2881561517715,0,51.8783942759037,49.1237448453903,1365.5717843473,9.89180737733841,1606.38197243214,5.4824366569519,550.905920475721,5.40896344184875,5574.37142983079,0.998612403869629,0,0,3401.63957855105,0,1311.97927612066,0,204.761636018753,0,1023.38141158223,0,170.72179967165,0,45.9797793328762,0,1909.29317873716,69.0901210606098,470.88550427556,0,1.73981907963753,0,5.96699160337448,0,405.985450357199,0,82.6627411842346,2.89073151350021,339.363213777542,0,26.352686136961,0,425.096082866192,0,98.55229139328,0,3696.03537172079,0,37.4912132620811,0,1862.3768197298,0,56.4225015938282,0,0,0,48.8054602146149,0,0,0,55.2703857719898,0,0,0,0,0,0,0,0.678713798522949,0,6.71668887138367,0,0,0,0,0,0
19.4778730869293,0,0,0,0,0,5.18503355979919,0,0,0,4.95116329193115,0,6.81242698431015,0,0,0,0.529926419258118,0,0,0,1.02092492580414,0,0,0,0,0,0,0,17.976603358984,0,0,0,0,0,4.47141969203949,1.97688484191895,35.3922277987003,0,5.98806583881378,0,7.8628790974617,0,289.287390500307,0,120.095901668072,0,1714.07304146886,0,416.496117472649,0,3987.16536837816,0,0,0,2465.13604447246,0,16.5527158975601,0,16.4329102635384,0,10.0770694613457,0,1.55981773138046,0,15.154344946146,0,11.0574888885021,0,0,0,1.2148756980896,0,62.842675358057,0,2.25134301185608,0,22.9154057502747,0,0,0,9.55048322677612,0,7.49471592903137,0,721.088671088219,0,10.7992840409279,0,325.467932850122,0,96.5710580348969,0,0,0,1.5781661272049,0,0.647252023220062,0,30.4236362874508,0,0,0,0,0,0,0,0,0,0,0,0,0,0,0,0,0
0,2.63153290748596,0,0,0,0,0,0,0,0,0,0,0,0,0,0,0,0,0,0,0,0,0,0,0,0,0,0,0,19.1194301247597,0,0,0,0,5.25055634975433,10.4065919518471,1.88927161693573,99.0423070192337,0,46.7155333161354,0,38.1824871599674,30.9811110496521,939.59101125598,1.50186002254486,273.744086623192,6.14500969648361,1828.62984839082,0,476.926799058914,0,3401.63957855105,0,0,0,4144.44848978519,0,10.1260133683681,0,26.1046760082245,0,1.63056486845016,0,0,0,12.9740336835384,3.4196509718895,35.7118618190289,0,0,0,0,0,118.54482576251,0,11.2175340652466,0,54.3392759859562,0,0,0,37.0422621667385,0,13.2438612878323,0,647.508531600237,0,32.9422835409641,0,1941.40088105202,0,150.714315026999,0,0,0,1.7653996348381,0,1.86607372760773,0,143.294065475464,0,0,0,0,0,0,0,0,0,0,0,0,0,0,0,0
10.6145370006561,0,0,0,1.71359497308731,0,0,0,1.21169447898865,0,1.2301150560379,0,2.2002477645874,0,7.01795893907547,0,0,0,0,0,0,0,0,0,0,0,0,0,135.005725502968,0,0,0,0.647060751914978,0.989806771278381,23.0761317014694,8.71007314324379,1576.22969651222,0,1309.85484594107,0,561.182982951403,0,415.171878248453,5.52454280853271,485.354902654886,0,3767.0491053164,0,1001.32371121645,0,2525.48472943902,0,2465.13604447246,0,0,0,24.5623525381088,0,88.4245017766953,0,14.9157679378986,0,5.71134424209595,0,36.4399415552616,0,206.444373786449,2.42756479978561,0,0,17.9737385511398,3.42209935188293,184.450522750616,0,32.6363620460033,1.61601042747498,281.900927841663,1.32206237316132,1.82028985023499,0,34.9225912392139,0,87.6481994390488,0,888.118045032024,0,570.556964278221,0,3188.14904564619,0,49.1425825357437,0,0,0,6.93434444069862,0,7.71694967150688,0,123.183881729841,0,0,0,0,0,0.391910701990128,0,0,0,0,1.31965613365173,0,0,0,0,0,0
0,6.85441029071808,0,0.746413052082062,0,3.41730982065201,0,8.43293052911758,0,0.703578054904938,0,0,0,0,0,4.95706605911255,0,0,0,1.1012225151062,0,0,0,0,0,0,0,2.27657890319824,0,19.2492932081223,0,0.792778491973877,0,6.23586016893387,25.1408740282059,30.7213430404663,12.1586312651634,1279.85682207346,0.859267830848694,1709.33813622594,0,574.128903269768,188.4721108675,534.93027356267,21.4048562943935,432.171560525894,26.6768819689751,3829.38073840737,5.57964599132538,470.52752366662,0,1311.97927612066,0,4144.44848978519,0,0,0,25.1046301722527,1.52499806880951,41.9983721971512,0,3.56919828057289,0,4.22135454416275,0,29.9792033135891,58.1976860761642,237.862276315689,0,0.407740324735641,0,7.223328769207,0,159.795181572437,0,29.8758173584938,1.86907112598419,153.466154038906,0,0,0,63.5763635635376,0,57.9159774780273,0,769.650960057974,0,1046.69841483235,0,3161.32123270631,0,46.8120153546333,0,0,0,11.4971082508564,0,11.2499988079071,0,214.573426663876,0,0,0,0.405982196331024,0,0.851434171199799,0,0,2.44740900397301,6.47400909662247,0,0,0,0,0,0
8413.12403467298,17.2047171592712,201.1785595119,14.8617528676987,1.24935948848724,0,849.809969455004,5.57896083593369,1.63390868902206,0,374.579887837172,0,435.796766281128,0,17.0225448310375,0,1522.51920869946,0,199.270854383707,142.501220494509,0,0,7.69320699572563,0,0,0,0,0,1021.18218013644,1.02689838409424,3.50981485843658,0,56.9063619077206,91.5872482955456,0,0.98890233039856,92.198676109314,3.09968686103821,71.1910066604614,0,1.68167823553085,0,0,0,0.434393435716629,0,1.58807927370071,1.00493407249451,3.69518673419952,0,60.3882475197315,0,16.5527158975601,0,24.5623525381088,0,0,15.029289573431,2046.5888992846,0.663060963153839,3980.22408378124,0,2340.40468877554,0,422.453837692738,0,941.685538828373,25.9794418811798,1545.17175912857,33.3981339931488,318.976101458073,12.7003969550133,997.681818932295,1.01751220226288,319.700238496065,0,999.89513862133,97.5970035493374,57.2590022087097,0,370.670044600964,1.47841918468475,17.6016231179237,0,1230.22358652949,0,1.99807953834534,0,533.180800259113,0,0,0,0,0,124.646771818399,0,51.3878700435162,0,1.42657518386841,0,0,0,0,0,4.72950932383537,0,15.1223667860031,0,6.24106884002686,12.7230632305145,0,0,0,0,0,2.32893800735474
1.01461887359619,9374.81442412734,0.455087840557098,465.297033250332,0,0,0,910.936897695065,0,0.50510036945343,0,164.042950510979,0,52.8788276016712,0,9.04778903722763,1.21035206317902,2172.69537493587,1.89211219549179,483.750338047743,0,0,0,7.17515549063683,0,0,0,0,4.47549533843994,541.654977858067,0.617353975772858,1.96258705854416,26.070727288723,160.072436958551,12.3028090000153,1.30178022384644,9.89562100172043,236.46024569869,0,285.830898404121,0,0.45991912484169,2.22964930534363,2.30667853355408,0,7.02363592386246,0,7.48288214206696,0,15.596720635891,0,204.761636018753,0,10.1260133683681,0,25.1046301722527,15.029289573431,0,3.16769355535507,1625.4727049768,0,3306.74534592032,3.38513189554214,2643.42304968834,0,286.047788977623,86.7839338183403,195.66169038415,7.68299502134323,3227.93869715929,42.8427662551403,199.918285429478,4.60124444961548,1646.0299628973,0,460.695904701948,173.264688134193,1811.82677927613,2.40943253040314,74.3547916412354,2.54835534095764,498.627928853035,0,8.08750820159912,0,372.457320690155,0,1.92832383513451,0,294.596520096064,0,1.77928924560547,0,0,0,92.2999475002289,0,1.6570155620575,0,0,0,0,0,0,0,0.901231646537781,0,0,3.25824075937271,10.284151494503,0,0,0,0,0,0
445.171925157309,0,169.338797569275,0,0,0,238.635548532009,0,1.27919101715088,0,191.124456703663,0,115.288311749697,0,0.534862279891968,0,317.586333632469,0,79.765927195549,1.18750768899918,0,0,1.06872287392616,0,0,0,0,0,737.223415911198,0,3.9165113568306,0,53.113740593195,30.4635381698608,68.2610197067261,75.8390793204308,359.087068200111,73.4240458011627,215.160279899836,0,13.7278655469418,0,83.4668267965317,105.956203281879,279.262670069933,22.4797223806381,50.3497623503208,0,899.174308001995,1.61186242103577,1631.33651959896,0,16.4329102635384,0,88.4245017766953,1.52499806880951,2046.5888992846,3.16769355535507,0,7.2579391002655,6421.09148228168,0,668.866798520088,1.37060761451721,2100.60037058592,0,2661.8492127955,280.360301375389,424.39058855176,22.2448669373989,44.5005374252796,6.38347950577736,978.959744900465,0,205.516020894051,0,834.019774794579,33.3395400345325,149.416289657354,0,997.596539050341,0,36.9914596378803,0,1543.29798310995,0,11.8687988221645,0,434.425722509623,0,0,0,0,0,121.430336236954,0,51.0026044547558,0,0,0,0,0,0,0,0.434162944555283,0,4.56631273031235,0,0,9.28586208820343,0,0,0,0,0,2.64496159553528
0,560.852442622185,0,157.666928261518,0,0,0,240.382593631744,0,0,0,103.859245091677,0,15.9592416286469,0,0,0.857015788555145,202.049421429634,0,105.367283523083,0,0,0,0.63851523399353,0,0,0,0,2.14050722122192,217.979104399681,0,1.07180973887444,9.43963754177094,105.882626801729,33.7905653119087,15.5399300456047,36.2355881333351,416.591255694628,0,166.704647660255,0,6.46447718143463,6.31218504905701,11.5140002667904,12.5090856552124,202.192279696465,0,24.5261590182781,1.03975570201874,731.061258256435,0,1023.38141158223,0,26.1046760082245,0,41.9983721971512,0.663060963153839,1625.4727049768,7.2579391002655,0,0,3495.86832082272,1.63238000869751,1008.63479822874,0,1953.76142281294,82.0658665597439,905.321247458458,2.5513334274292,231.044673740864,11.3163831830025,38.9650940299034,2.74654996395111,695.929606318474,0,264.040590912104,70.8422620594501,759.164293318987,1.80350852012634,122.662044227123,0,1205.06595167518,0,24.0417433977127,0,567.998097956181,0,0.604559540748596,0,445.719047814608,0,0,0,0,0,98.1809740960598,0,0,0,0,0,0,0,0,0,0,0,0,1.86900624632835,3.92840200662613,0,0,0,0,0,0
438.931917130947,0,4.6640876531601,0,0,0,207.605220407248,0,0,0,172.046243309975,0,114.168572604656,0,1.64343166351318,0,322.680711567402,0,4.82514104247093,0,0,0,0.934126436710358,0,0,0,0,0,122.893877476454,0,0,0,3.37130671739578,12.1759341955185,1.2909123301506,1.16023170948029,20.3218601346016,0,2.07484567165375,0,0.474417179822922,0,3.00977796316147,0,13.919732093811,2.23282980918884,4.07293754816055,0,84.9160333871841,0,768.052425801754,0,10.0770694613457,0,14.9157679378986,0,3980.22408378124,0,6421.09148228168,0,0,0,2982.74115175009,0,4349.13083550334,0,346.783686041832,13.0610222220421,11.4928877353668,3.62567901611328,18.3844978809357,1.84285998344421,99.6739401221275,0,15.256612598896,0,50.3338248729706,4.93596938252449,17.314971268177,0,477.939818590879,0,20.982782125473,0,1465.4450956583,0,8.29239422082901,0,356.223776072264,0,0,0,0,0,1.39878338575363,0,4.22031271457672,0,0,0,0,0,0,0,0,0,0,0,0,0,0,0,0,0,0,0
0,1373.89851799607,0,123.938574135303,0,0,0,754.723983705044,0,0,0,728.278495967388,0,315.604776889086,0,0.89564722776413,0,1073.31855919957,0,21.3890351951122,0,0,0,1.49596172571182,0,0,0,0,0,138.934270679951,0,0.690214514732361,0,0.936285614967346,3.52897536754608,1.09090945124626,0,15.7439815104008,0,10.0740891098976,0,1.38730680942535,0,0,0,2.69822722673416,0,0,0,7.99387145042419,0,170.72179967165,0,1.63056486845016,0,3.56919828057289,0,3306.74534592032,0,3495.86832082272,0,0,0,5252.40374678373,0,4372.33878782392,0,72.2472413778305,0,11.3330545127392,0,65.2910987436771,0,214.498423904181,0,32.082777351141,2.43330484628677,97.1030223369598,0,18.8665260672569,0,272.282683461905,0,9.69555771350861,0,1250.6848000288,0,1.01983237266541,0,146.058243691921,0,0,0,0,0,4.6113600730896,0,0,0,0,0,0,0,0,0,0,0,0,0,0.890326082706451,0,0,0,0,0,0
117.280125111341,0,5.55554330348969,0,0,0,58.0791153907776,0,0,0,183.324519515038,0,75.4554944038391,0,3.22199487686157,0,1479.87171602249,0,5.50728619098663,1.35597431659698,0,0,0,0,0,0,0,0,286.775494635105,0,1.17927569150925,0,5.7382310628891,23.5449237823486,6.63653966784477,2.6924854516983,0,0,0.860141932964325,0,0,0,0,0,0,0,0.531853258609772,0,0,0,4.5967036485672,0,1.55981773138046,0,5.71134424209595,0,2340.40468877554,3.38513189554214,668.866798520088,1.63238000869751,2982.74115175009,0,0,0,569.908220738173,0,286.961939245462,7.55560576915741,44.138753682375,3.29421317577362,10.6206301748753,0,50.4713532328606,2.09583735466003,4.5836895108223,0,25.5561759471893,7.59531408548355,51.3439902067184,0,3521.69933161139,0,25.1402139663696,0,1482.78283259273,0,18.4963720142841,0,430.114013820887,0,0,0,0,0,0,0,0,0,0,0,0,0,0,0,0,0,0,0,0,0,0,0,0,0,0,0
0,239.212152153254,0,58.8360482752323,0,0,0,295.021587044001,0,1.42648547887802,0,528.792869865894,0,252.801179528236,0,12.9879787564278,0,1996.17964577675,0,44.3391977548599,0,0,0,8.54097050428391,0,0,0,0,1.46262586116791,323.005873590708,0,3.39990615844727,5.21188348531723,18.0803291797638,6.45605909824371,12.8589819669724,0,6.48821148276329,0,3.74218717217445,0,1.64869105815887,0,1.14655292034149,0,7.79968544840813,0,2.11080130934715,0,2.55072036385536,0,45.9797793328762,0,0,0,4.22135454416275,0,2643.42304968834,1.37060761451721,1008.63479822874,0,5252.40374678373,0,0,0,310.851704865694,3.3341611623764,239.581397145987,1.03669118881226,98.482912093401,0.866597592830658,87.9356710314751,0,361.329668313265,0,31.9534246921539,8.64745885133743,93.4472678005695,0,42.2941234409809,0,2304.58090272546,0,10.7526483237743,0,1368.07798951864,0,2.90346765518188,0,213.928490608931,0,0,0,0,0,3.68747937679291,0,0,0,0,0,0,0,0,0,0,0,1.40889835357666,0,0,0,0,0,0,0,0
220.611563652754,0,1.10470348596573,0,0,0,239.425376743078,0,0,0,58.4216799438,0,64.6815576255322,0,0,0,33.4104437828064,0,5.46878105401993,0,0,0,0,0,0,0,0,0,42.1567912399769,0,0,0,0.705621778964996,0,0,0,22.6733617782593,0,2.76599496603012,0,3.46960943937302,0,5.04037374258041,0,9.38629847764969,0,8.77765113115311,0,22.9125077426434,0,933.9116320014,0,15.154344946146,0,36.4399415552616,0,422.453837692738,0,2100.60037058592,0,4349.13083550334,0,569.908220738173,0,0,0,320.330539315939,0,2.11642813682556,0,10.0914362072945,0,79.68295571208,0,3.12361812591553,0,28.1693981289864,2.09012591838837,7.43633627891541,0,523.894721239805,0,25.2803654074669,0,5204.58127185702,0,12.7725804448128,0,460.398622274399,0,0,0,0,0,0.840573638677597,0,1.27976840734482,0,0,0,0,0,0,0,0,0,0,0,0,0,0,0,0,0,0,0
0,234.109288156033,0,72.1720624864101,0,0,0,219.426434248686,0,0,0,143.34294077754,0,78.0998920202255,0,0.949833512306213,0,82.8304405808449,0,12.7316901385784,0,0,0,0.570257604122162,0,0,0,0,0,37.3923911750317,0,0,0,1.00257170200348,1.31524896621704,1.32702970504761,0,34.6910713613033,0,17.129492610693,0,4.9529122710228,0,11.6692317724228,0,64.7568199932575,0,3.47307848930359,0,518.781720519066,0,1909.29317873716,0,12.9740336835384,0,29.9792033135891,0,286.047788977623,0,1953.76142281294,0,4372.33878782392,0,310.851704865694,0,0,1.06228053569794,189.642848134041,0,2.38176271319389,0,23.9784598052502,0,159.943996965885,0,30.2175760865211,0.660058856010437,61.1121634542942,0,10.9246272742748,0,358.219512403011,0,12.8209952414036,0,4003.59012827277,0,6.04629826545715,0,310.609691262245,0,0,0,0,0,7.93059805035591,0,0,0,0,0,0,0,0,0,0,0,0,0,0,0,0,0,0,0,0
220.315218538046,6.09838169813156,443.727091789246,0,0,0,106.308101028204,0,0,0,76.450383245945,0,32.5017167925835,0,0.890320062637329,0,117.057133585215,0,1417.7641389668,25.9465215206146,4.59755915403366,0,445.142541438341,0,0,0,4.65356665849686,0,567.001924365759,4.5635472536087,792.204128354788,5.69878530502319,6179.9662541151,524.267185002565,3223.44720897079,584.234988242388,1193.23429980874,804.216263502836,1109.75759896636,11.126115322113,36.9339435994625,0,2953.58425635099,736.995757222176,3676.3539378643,639.957671314478,1279.78548648953,32.2391483187675,965.073522746563,199.714362323284,371.583992481232,69.0901210606098,11.0574888885021,3.4196509718895,206.444373786449,58.1976860761642,941.685538828373,86.7839338183403,2661.8492127955,82.0658665597439,346.783686041832,0,286.961939245462,3.3341611623764,320.330539315939,1.06228053569794,0,2461.73447090387,1924.97834780812,315.485842943192,207.245717763901,58.4161361455917,1326.08537691832,45.1690425276756,207.595829755068,13.5787200331688,1938.25922754407,299.531583487988,166.494538456202,1.16166138648987,1203.73875534534,2.45125734806061,46.0499404966831,0,695.512083679438,5.73419725894928,9.71190449595451,0,297.825506061316,0,2.50086545944214,0,0,0,213.532307267189,0,156.111571103334,0,4.40036904811859,0,0,0,0,0,0,0,5.9252450466156,0,0,15.8529470264912,0,0,0,0,0,0.630480587482452
0.800339758396149,32.7799767255783,0,107.628117799759,0,0,0,15.7665160298347,0,0.463602006435394,0,17.3452195525169,0,1.51023650169373,0,1.78697192668915,7.37874776124954,43.7690959572792,5.64335966110229,853.155185937881,0,9.9289379119873,0,133.506023854017,0,1.08318263292313,0,0,36.0028082132339,101.165118038654,5.9759766459465,347.323192358017,116.019197255373,4934.7879383862,602.440432369709,2293.01654502749,577.25459176302,1133.73126521707,25.5421271622181,1142.05899909139,2.51540267467499,31.3912951052189,456.269111692905,2553.60486975312,884.868107676506,3425.44180169702,90.6921736598015,2077.32306486368,527.142419219017,671.749383091927,40.2097439169884,470.88550427556,0,35.7118618190289,2.42756479978561,237.862276315689,25.9794418811798,195.66169038415,280.360301375389,905.321247458458,13.0610222220421,72.2472413778305,7.55560576915741,239.581397145987,0,189.642848134041,2461.73447090387,0,37.0968154668808,652.506151229143,72.9792684018612,97.4693105220795,160.524377346039,558.287740200758,7.39415645599365,164.652320355177,535.1601126194,1046.97979083657,18.2732552886009,54.2271928489208,13.4395533204079,900.283845543861,0,32.466551721096,8.10545086860657,312.599118500948,0,7.35730332136154,0,273.397548228502,0,0,0,0,0,77.1931878328323,2.61043405532837,8.77887028455734,0,0,0,0,0,0,0,0,0,0,2.24039095640182,14.7418068647385,2.06387788057327,0,0,0,0,0
695.707569181919,92.3481166064739,321.891793340445,26.3902384340763,0,0,97.5179919600487,14.1307293474674,0,0,103.155212312937,0,70.1533381938934,0,4.53043627738953,0,99.871465921402,0.594066977500916,1897.67641821504,433.369989454746,0,0,12.5690431594849,0,0,0,0,0,331.112001091242,3.52802717685699,19.8909411132336,0,1317.74135369062,459.995428085327,0.50357449054718,7.43085464835167,199.150138676167,6.20546138286591,102.055284917355,0,1.33712983131409,0,0,1.44530272483826,0,0,1.26637399196625,5.29479730129242,0,0,0,0,0,0,0,0,1545.17175912857,7.68299502134323,424.39058855176,2.5513334274292,11.4928877353668,0,44.138753682375,1.03669118881226,2.11642813682556,0,1924.97834780812,37.0968154668808,0,257.18607121706,615.521875619888,104.471071004868,942.419127643108,5.43597406148911,434.120927512646,2.68780601024628,3025.24353712797,252.112846523523,3.73215425014496,0,14.0899948775768,0,6.7846802175045,0,2.80626711249352,0,0,0,0.467357575893402,0,0,0,0,0,240.531224966049,0,83.3479752242565,0,0,0,0,0,0,0,2.13253027200699,0,0,0,5.02148652076721,28.6782703101635,0,0,0,0,0,1.74214959144592
11.3880929350853,628.272117644548,0.67613160610199,193.23295339942,0,0,0,26.8018569648266,0,0,0,37.5633900165558,0,4.19741773605347,0,0,5.77037805318832,128.13539364934,42.3637315630913,1956.69734305143,0,0.878024250268936,0,30.1629900932312,0,0,0,0,30.2387924790382,58.8363001346588,2.84683561325073,13.3590640127659,122.614765435457,1539.11930811405,19.8715029358864,0,8.58341330289841,83.6374571323395,2.10747623443604,122.424130916595,0,0,7.85974895954132,0,0.648576378822327,1.25247347354889,2.32207310199738,3.06626057624817,0,0,0,1.73981907963753,0,0,0,0.407740324735641,33.3981339931488,3227.93869715929,22.2448669373989,231.044673740864,3.62567901611328,11.3330545127392,3.29421317577362,98.482912093401,0,2.38176271319389,315.485842943192,652.506151229143,257.18607121706,0,117.487955451012,257.853266477585,37.7858262062073,369.287806659937,12.4293494224548,178.039172083139,510.558465510607,1509.7849727869,0.775710582733154,3.70961952209473,4.61133563518524,45.1058626770973,0,0,0,5.41803649067879,0,0,0,0,0,0,0,0,0,61.7278563082218,0,0.457691550254822,0,0,0,0,0,0,0,0.493671089410782,0,0,3.61876797676086,4.76019594073296,0,0,0,0,0,0
924.820721268654,41.0408173203468,1588.75704282522,234.30832311511,991.028338640928,83.3253119587898,2764.76585781574,201.132510453463,1396.18632104993,41.3066487908363,198.535627990961,22.5154010653496,1641.81363040209,32.293592274189,1736.59226024151,46.6308410763741,48.2591783702374,4.99444323778152,1031.28573197126,398.777361273766,788.355361789465,476.34069314599,1847.37753689289,816.309370368719,709.513329535723,522.889266937971,803.733497142792,394.786870479584,432.467663824558,7.31065344810486,875.056967794895,388.163308352232,179.37060329318,196.674626499414,37.0103298127651,2.27637821435928,341.116213947535,20.3492678999901,39.6785699725151,2.17095863819122,295.144418001175,20.5491209626198,4.43708279728889,2.65246188640594,3.78543317317963,0,22.7005922794342,1.69230115413666,1.55075830221176,0,4.60866004228592,0,1.2148756980896,0,17.9737385511398,0,318.976101458073,42.8427662551403,44.5005374252796,11.3163831830025,18.3844978809357,0,10.6206301748753,0.866597592830658,10.0914362072945,0,207.245717763901,72.9792684018612,615.521875619888,117.487955451012,0,1371.54643383622,4554.90299218893,148.64003443718,3461.16510418057,66.5128888487816,8005.13996753097,144.757447719574,0,0,11.7139790952206,3.23831987380981,9.99494087696075,12.0249878168106,42.1034419536591,0,26.5607221126556,1.23375165462494,38.8823210299015,0,46.4290938973427,11.9519253373146,7.4445196390152,1.76316320896149,193.831062555313,18.5291420221329,79.9895288944244,2.12164533138275,15.0446693897247,1.88843482732773,7.37228348851204,2.82686924934387,15.0429871678352,10.6853075623512,171.897366344929,26.2454400062561,26.9310252666473,1.27187919616699,70.466567158699,49.1167528033257,3.89528620243073,0,0.808713793754578,0,3.97883352637291,16.8319121003151
113.991426646709,1404.77653285861,731.481351226568,1728.04890120029,156.426247179508,830.95079189539,663.291606217623,2903.11546605825,186.216711640358,608.913039773703,27.8986493349075,761.969668209553,188.452075213194,1171.66586834192,90.7637577056885,906.134631216526,7.43318390846252,132.923039138317,538.617760628462,1511.08249390125,119.561240375042,814.125951379538,1661.66942691803,2633.456628263,309.569106936455,1081.50194987655,170.034132033587,893.656211286783,79.0996727347374,108.703115463257,290.004919946194,822.691231131554,74.0728257596493,340.307476580143,0,7.24851188063622,18.3100590705872,268.106076151133,9.78865772485733,35.8830969333649,53.9439834356308,252.415540575981,0,1.05416667461395,0,2.03365153074265,2.63650685548782,60.5683165490627,0,4.00832533836365,0,5.96699160337448,0,0,3.42209935188293,7.223328769207,12.7003969550133,199.918285429478,6.38347950577736,38.9650940299034,1.84285998344421,65.2910987436771,0,87.9356710314751,0,23.9784598052502,58.4161361455917,97.4693105220795,104.471071004868,257.853266477585,1371.54643383622,0,290.55886298418,5320.32922303677,74.4317089915276,4316.72099331021,301.041232407093,8505.63669502735,0,1.18085500597954,1.81907683610916,63.5383252203465,0,14.8996385037899,0,123.227116554976,3.1085222363472,9.14962041378021,3.41326212882996,44.1857724785805,11.0366876721382,27.7221323251724,3.60328960418701,12.5685930848122,24.2428203523159,93.6083964109421,12.6925055384636,6.21919295191765,3.00935757160187,3.38445091247559,5.14457368850708,6.00524109601974,9.10413807630539,33.339595913887,25.6581745147705,59.1844117343426,13.7695432901382,1.5722171664238,39.580701559782,12.9764691591263,8.22744303941727,0.99869579076767,0.87398487329483,1.90142422914505,1.19028115272522,10.3053839206696
1694.6113743484,20.2766095995903,2492.0281240344,111.559220999479,613.523255884647,12.6431494355202,1369.49919369817,100.453010857105,923.412814378738,15.471387386322,183.77122977376,8.19607216119766,1015.01475256681,10.0098291039467,2525.28284072876,6.93105375766754,161.40993848443,0,1745.72461479902,481.21565079689,140.687244057655,7.2429181933403,1718.17755684257,263.633908182383,199.255486041307,38.2510766386986,138.98612511158,12.1907858252525,1543.01536592841,1.01859080791473,115.218561887741,142.223993480206,131.000330209732,175.192316532135,62.1126262843609,46.8421403765678,532.770012140274,69.8095204234123,119.949863135815,0.543565511703491,608.628208339214,2.94877636432648,341.331828594208,6.33987432718277,330.483475446701,1.78708410263062,563.631243914366,3.24365234375,402.668519616127,0,387.365135282278,0,62.842675358057,0,184.450522750616,0,997.681818932295,4.60124444961548,978.959744900465,2.74654996395111,99.6739401221275,0,50.4713532328606,0,79.68295571208,0,1326.08537691832,160.524377346039,942.419127643108,37.7858262062073,4554.90299218893,290.55886298418,0,58.0844637155533,2407.70309627056,28.9275117516518,3298.54049929976,121.03002601862,15.8034969568253,0,154.053040713072,0,309.838547438383,0,200.301132678986,0,260.459682077169,1.01961135864258,175.434643119574,0,104.726853579283,19.9448855519295,13.2444246709347,6.94438642263412,181.119700968266,15.1126636862755,93.7974092662334,2.23551917076111,63.7622562646866,9.2765918970108,11.4221950769424,5.67542910575867,17.8697116374969,29.6708687543869,134.939714819193,22.0956336855888,27.5226771235466,3.55391001701355,43.9378889799118,22.0512671470642,5.44510877132416,0,4.63625273108482,0.539871633052826,0,17.6709664463997
22.8680156469345,1655.64370536804,156.968601763248,2440.16607838869,11.7739644646645,824.627499192953,90.7764624357224,1051.7157625854,14.6272844672203,717.949419856071,1.19557225704193,1044.33563300967,10.0333501696587,1631.30577373505,4.43457722663879,2576.01623928547,0,1155.35341355205,235.328868806362,1965.21003365517,13.7777026891708,92.9888960123062,381.66661554575,1821.12983083725,35.7687695920467,362.272093832493,17.8652586936951,324.101615458727,9.11949449777603,3325.37649965286,89.6158399581909,161.531579256058,33.1276370882988,217.44435235858,54.4836484193802,42.2835015356541,24.4818935990334,509.213964164257,16.9761130809784,77.7014988064766,3.12669861316681,1409.30895924568,100.821173816919,299.661862492561,8.95079642534256,264.503454506397,15.5203437209129,511.051507800817,0,246.895382016897,1.74405574798584,405.985450357199,0,118.54482576251,0,159.795181572437,1.01751220226288,1646.0299628973,0,695.929606318474,0,214.498423904181,2.09583735466003,361.329668313265,0,159.943996965885,45.1690425276756,558.287740200758,5.43597406148911,369.287806659937,148.64003443718,5320.32922303677,58.0844637155533,0,19.902827501297,1947.13778039813,62.1889803409576,2492.82734167576,0,210.152389764786,0,1181.50402054191,0,583.807240664959,0,641.563689559698,1.84748440980911,248.82428368926,0,294.447689622641,11.2526636123657,57.0043523311615,0,19.8396547436714,9.69663041830063,117.084056466818,19.2382348179817,7.64367818832397,4.87344288825989,51.9518077671528,4.41484928131104,3.83638799190521,11.2764264345169,21.5688048601151,17.1351534128189,33.1767626106739,4.45835810899734,4.56218841671944,17.6442950963974,17.6610953211784,6.84272640943527,0,0.823436141014099,0.61890709400177,5.11230373382568,4.74035492539406
606.82836329937,2.4576051235199,437.801918029785,7.15236920118332,20.7604412436485,0,226.431397557259,12.6204960346222,60.3520368933678,1.22987043857574,36.3312381505966,0.693916440010071,95.7127402424812,3.5475789308548,163.839942425489,0,19.8119215965271,0,409.708900898695,59.131557226181,16.0727645754814,0,301.136228591204,19.3101420402527,8.75218778848648,0,3.62999552488327,0,94.056709498167,0,14.5884711742401,15.7009361982346,29.9606603384018,34.0499166846275,2.15379643440247,3.59353506565094,1403.13538181782,66.5389802157879,91.0528035759926,16.3651109337807,418.536966085434,5.05537670850754,6.62026405334473,0,2.95831695199013,0,18.9029105901718,0,8.16954782605171,0,8.92539146542549,0,2.25134301185608,0,32.6363620460033,0,319.700238496065,0,205.516020894051,0,15.256612598896,0,4.5836895108223,0,3.12361812591553,0,207.595829755068,7.39415645599365,434.120927512646,12.4293494224548,3461.16510418057,74.4317089915276,2407.70309627056,19.902827501297,0,91.4241234064102,1614.10834184289,101.451395571232,1.70356875658035,0,13.5969704389572,0,2.78696185350418,0,18.7167460620403,0,37.607474565506,0,37.1678776144981,0,166.692313402891,183.365087479353,28.2495064437389,62.6976980268955,235.554906606674,73.5905678570271,148.993713438511,34.543671309948,60.4371717572212,48.4485290646553,18.3587144315243,29.913055062294,70.7815968692303,123.450828313828,211.988505452871,53.9159717261791,63.6476849019527,9.84976997971535,72.3449758291245,37.0516582727432,30.5145956873894,8.37260729074478,8.31848081946373,2.49018627405167,2.10957407951355,21.6451431810856
1.73308163881302,673.908242613077,9.76640641689301,543.040660321712,0,7.68039232492447,14.3304166793823,180.814265310764,2.00162100791931,19.5483327507973,0,48.6505902409554,4.08583337068558,83.968694627285,0,80.9025558233261,0,85.9482492804527,31.3819120526314,667.456121683121,31.5828887224197,0,39.8729318380356,278.538568973541,0,11.9759037196636,0,2.07828205823898,0,35.1893311738968,16.9024314880371,22.2495449185371,6.36681413650513,48.4927017092705,8.40163081884384,14.1316137909889,74.4635110795498,752.949759781361,56.666127294302,74.3766357898712,33.1868396997452,326.089858472347,12.3691663742065,54.4113701879978,4.09596180915833,89.2359009683132,0.646618664264679,75.0055838525295,0,58.1594969332218,0,82.6627411842346,0,11.2175340652466,1.61601042747498,29.8758173584938,0,460.695904701948,0,264.040590912104,0,32.082777351141,0,31.9534246921539,0,30.2175760865211,13.5787200331688,164.652320355177,2.68780601024628,178.039172083139,66.5128888487816,4316.72099331021,28.9275117516518,1947.13778039813,91.4241234064102,0,69.3645856380463,1508.33932825923,0,7.06198719143867,1.53088474273682,57.6688379049301,2.26723915338516,21.8626269996166,0,67.9644204974174,2.09836202859879,56.1525307893753,0,54.4970018863678,110.54997998476,179.005591601133,20.577953517437,70.2042652666569,35.5766132175922,232.882776349783,86.5659083127975,31.0911625027657,29.7052621543407,48.9417614042759,44.0214020609856,31.4527261555195,76.7310946881771,132.940183788538,46.7016932964325,104.454966932535,35.980271935463,13.8563015460968,41.9083917737007,23.1942321658134,29.7572011947632,7.95007413625717,4.61973738670349,1.66034486889839,3.98809570074081,22.8163940906525
2473.38870236278,139.668483972549,2101.95358243585,69.9849652349949,38.0572185516357,0,1525.38980859518,50.6977984011173,139.545943588018,0,230.805448204279,3.06402122974396,510.951282799244,2.81325173377991,446.229211986065,0,129.327801048756,6.05627256631851,3241.26138064265,788.620957881212,14.4630515575409,0.5428307056427,1382.06980061531,29.9666687846184,17.0601885616779,0,7.41693478822708,0,573.23682692647,11.5297102928162,97.5003939270973,53.6609481573105,263.3934071064,374.591033577919,167.027563035488,101.68924844265,4943.66214084625,239.764779806137,224.077509313822,17.480812728405,236.709576427937,0,233.333544790745,15.9103642702103,372.620950877666,9.58739948272705,377.922219902277,10.7407221794128,497.374625980854,1.14978349208832,252.866808563471,2.89073151350021,22.9154057502747,0,281.900927841663,1.86907112598419,999.89513862133,173.264688134193,834.019774794579,70.8422620594501,50.3338248729706,2.43330484628677,25.5561759471893,8.64745885133743,28.1693981289864,0.660058856010437,1938.25922754407,535.1601126194,3025.24353712797,510.558465510607,8005.13996753097,301.041232407093,3298.54049929976,62.1889803409576,1614.10834184289,69.3645856380463,0,607.711162686348,6.85326701402664,2.94316166639328,32.276751101017,11.242255628109,68.3034961819649,0,62.142531722784,3.57551991939545,167.47046354413,0,330.455615311861,0,240.495125621557,87.2237704992294,116.604064404964,57.1981663703918,1113.57683801651,102.2124363482,602.020539671183,29.8542712032795,108.609284996986,20.1966009736061,104.823604911566,15.3821175098419,172.484710991383,101.697737932205,879.104194164276,173.863381832838,113.039541184902,14.4299798905849,311.31178432703,677.956424295902,47.1590367853642,4.73201841115952,29.912800103426,36.3446673750877,34.9231726229191,109.213449507952
240.474680006504,3858.01867234707,50.9346441924572,2642.44641688466,0,49.8261831402779,29.0902442634106,1675.42106187344,0,128.020125687122,9.1848252415657,324.599097549915,6.99946272373199,619.219058781862,0,342.662615507841,3.83081293106079,236.39822602272,373.773357063532,4865.56020104885,1.20201683044434,2.2427089214325,87.0161702930927,1404.98584973812,0,31.5617808401585,0.835533976554871,9.20388031005859,27.5110555589199,100.618108332157,63.3430764079094,116.831425666809,92.217104613781,448.839394748211,70.5025517344475,97.4440453052521,178.088211357594,4372.46719241142,52.3933793306351,245.04802519083,0,114.920485258102,89.0496377050877,353.542951643467,59.0981621742249,420.251791357994,9.87033295631409,707.39745759964,23.0103472471237,290.081820696592,4.01508033275604,339.363213777542,0,54.3392759859562,1.32206237316132,153.466154038906,97.5970035493374,1811.82677927613,33.3395400345325,759.164293318987,4.93596938252449,97.1030223369598,7.59531408548355,93.4472678005695,2.09012591838837,61.1121634542942,299.531583487988,1046.97979083657,252.112846523523,1509.7849727869,144.757447719574,8505.63669502735,121.03002601862,2492.82734167576,101.451395571232,1508.33932825923,607.711162686348,0,3.2310528755188,5.52521729469299,3.10421085357666,76.2062647342682,0,38.9394506812096,1.22395974397659,145.619272142649,0.615189373493195,126.958162456751,0,128.139545887709,110.07781457901,384.369141459465,44.6921848058701,296.150167256594,134.028326123953,743.507241517305,112.012221992016,77.3024745285511,61.2704307436943,134.310139834881,60.6863214075565,92.6178872585297,106.190721064806,414.559025555849,338.020869761705,734.748809486628,59.1539598405361,24.8269960582256,675.052079707384,1097.92763704062,97.6547105610371,26.6971516609192,14.9349846541882,38.9018602967262,66.7353408336639,168.463139384985
4.98011881113052,0,2.33497583866119,0,0,0,11.1698035001755,0,0,0,17.6472896337509,0,9.89610409736633,0,1.17186117172241,0,256.315349638462,0,0.968705505132675,0,0,0,0,0,0,0,0,0,200.482782274485,1.36718797683716,0,0,2.21807795763016,5.64232289791107,6.27810645103455,1.29289257526398,0.596872568130493,5.00453197956085,3.85738223791122,0,0,0,1.5421781539917,0,2.96753334999084,0,1.569828748703,0,4.64929351210594,0,6.12644386291504,0,0,0,1.82028985023499,0,57.2590022087097,2.40943253040314,149.416289657354,1.80350852012634,17.314971268177,0,51.3439902067184,0,7.43633627891541,0,166.494538456202,18.2732552886009,3.73215425014496,0.775710582733154,0,0,15.8034969568253,0,1.70356875658035,0,6.85326701402664,3.2310528755188,0,0,868.2371340096,0,15.0556796193123,0,15.9756497144699,0,0,0,0.750512659549713,0,0,0,0,0,0,0,0,0,0,0,0,0,0,0,0,0,0,0,0,0,0,0,0,0,0,0
0,1.81662809848785,0,7.06611633300781,0,0,0,6.39248985052109,0,0,0,3.6018933057785,0,0,0,0,0,172.744595378637,0,0.949172854423523,0,0,0,0,0,0,0,0,0,380.325562357903,0,0,0,3.85409253835678,0,1.92538332939148,0,0.754514813423157,0,0,0,0,0,2.27259629964828,1.17346918582916,2.93136703968048,0,0,0,4.75961714982986,0,26.352686136961,0,0,0,0,0,74.3547916412354,0,122.662044227123,0,18.8665260672569,0,42.2941234409809,0,10.9246272742748,1.16166138648987,54.2271928489208,0,3.70961952209473,0,1.18085500597954,0,210.152389764786,0,7.06198719143867,2.94316166639328,5.52521729469299,0,0,0,1511.24351102114,0,98.9640106260777,0,12.1935561299324,0,4.0554219186306,0,4.0208280980587,0,0,0,0,0,0,0,0,0,0,0,0,0,0,0,0,0,0,0,0,0,0,0,0,0,0
166.693809896708,0,13.6692534685135,0,0.876081109046936,0,39.1901208162308,0,0,0,581.103241980076,0,328.873010158539,0,15.0403268933296,0,1457.52899104357,0,7.83941161632538,0,0,0,4.88852626085281,0,0,0,0.6481072306633,0,656.223330706358,0,0.598751485347748,0,5.67557764053345,26.4612220525742,67.2321546077728,33.6641302108765,19.3505013585091,2.6869535446167,8.03190398216248,0,6.57129210233688,0,79.9258340895176,0,92.284397482872,0,100.520865857601,1.51026713848114,202.553604453802,0,289.90795263648,0,9.55048322677612,0,34.9225912392139,0,370.670044600964,2.54835534095764,997.596539050341,0,477.939818590879,0,3521.69933161139,0,523.894721239805,0,1203.73875534534,13.4395533204079,14.0899948775768,4.61133563518524,11.7139790952206,1.81907683610916,154.053040713072,0,13.5969704389572,1.53088474273682,32.276751101017,3.10421085357666,868.2371340096,0,0,0,2231.44727936387,0,5363.61975938082,0,161.737637072802,0,416.509009689093,0,4.04081863164902,0,0,0,0.787592768669128,0,1.91762357950211,0,8.29342883825302,0,0,0,0,0,0,0,0,0,0,0,0,0,0,0,0,0
0,39.5412588715553,0,13.4270097911358,0,1.82642471790314,0,57.7024107575417,0,0.558260560035706,0,299.130145907402,0,137.66658872366,0,18.5393950343132,0,1032.05319431424,0,7.57943537831306,0,0,0,2.24822783470154,0,0.472131848335266,0,1.61591142416,0,1180.36516013741,0,0.56416791677475,1.07804048061371,36.0856006741524,26.6985137462616,43.4718347489834,0,123.294454783201,0,15.4379088282585,0,25.2044061422348,27.6083168983459,115.518275797367,0,126.436285346746,2.21528398990631,99.5804895758629,0,121.427721083164,0,425.096082866192,0,37.0422621667385,0,63.5763635635376,1.47841918468475,498.627928853035,0,1205.06595167518,0,272.282683461905,0,2304.58090272546,0,358.219512403011,2.45125734806061,900.283845543861,0,45.1058626770973,3.23831987380981,63.5383252203465,0,1181.50402054191,0,57.6688379049301,11.242255628109,76.2062647342682,0,1511.24351102114,0,0,0,2733.92346146703,0,6515.06538748741,0,299.48713696003,0,602.786001056433,0,5.8037006855011,0,0,0,4.79400244355202,0,0,0,3.21674484014511,0,0,0,1.08521115779877,0,0,0,0,0,0,0,0,0,0,0,0
16.8652918636799,0,46.0995908379555,0,20.3942622840405,0,28.3481068313122,0,11.0912021994591,0,89.2762093544006,0,6.04779076576233,0,47.0106109678745,0,93.6705147624016,0,36.8912658989429,0,0,0,0,0,1.18901920318604,0,2.2398002743721,0,1131.38291835785,0,0.464555233716965,0,0,3.9447273015976,12.1599945425987,1.3552919626236,105.937307685614,0,46.1787547469139,0,413.265264987946,0.693538844585419,50.0306933224201,0,12.6976504921913,0,162.584609985352,0,74.6995897591114,0,239.842441827059,0,7.49471592903137,0,87.6481994390488,0,17.6016231179237,0,36.9914596378803,0,20.982782125473,0,25.1402139663696,0,25.2803654074669,0,46.0499404966831,0,6.7846802175045,0,9.99494087696075,0,309.838547438383,0,2.78696185350418,2.26723915338516,68.3034961819649,0,15.0556796193123,0,2231.44727936387,0,0,0,649.214270710945,0,1542.95922932029,0,171.174430817366,0,1.3835836648941,0,0,0,3.28627094626427,0,2.57229447364807,0,7.25156363844872,0,0,0,0,0,0,0,0,0,1.6637237071991,0,0,0,0,0,0,0
0,0,0,0,0,133.282424509525,0,0,0,26.3296802341938,0,0,0,1.28597438335419,0,134.567887574434,0,8.9177859723568,0,0,2.65967881679535,59.0629614591599,0,6.40699681639671,0,20.3836340308189,5.55036491155624,90.0358795523643,0,1082.04825311899,2.06238949298859,2.51445895433426,0,0,5.41726320981979,3.11331671476364,0,496.798546224833,0,86.8566305935383,0,1454.21652519703,5.17735582590103,67.7198589146137,0,7.46054854989052,0.670233190059662,90.1057599484921,0,6.21544441580772,0,98.55229139328,0,13.2438612878323,0,57.9159774780273,0,8.08750820159912,0,24.0417433977127,0,9.69555771350861,0,10.7526483237743,0,12.8209952414036,0,32.466551721096,0,0,12.0249878168106,14.8996385037899,0,583.807240664959,0,21.8626269996166,0,38.9394506812096,0,98.9640106260777,0,2733.92346146703,0,0,0,536.530170172453,0,805.610930770636,0,86.2178826928139,0,0.677460193634033,0,0,0,7.66314673423767,0,0,0,1.75025057792664,0,0,0,0,0,0.68832141160965,0,0,0.754382431507111,2.94754904508591,0.519580662250519,0,0,0,0,0
1009.01116696,0,12.3016172647476,0,0,0,708.296166628599,0,0,0,646.726097136736,0,981.121419727802,0,5.33726978302002,0,301.549464672804,0,9.64309102296829,0,1.09175252914429,0,0,0,0,0,0,0,258.179802417755,0,2.88860309123993,1.72063386440277,2.59652280807495,6.54982709884644,26.7792435884476,11.9489339590073,65.3273883461952,0,19.5497050881386,0,25.041184514761,0,93.1932156383991,3.75830340385437,133.004883468151,1.244380235672,162.19567078352,0,412.693421572447,0,5874.75106492639,0,721.088671088219,0,888.118045032024,0,1230.22358652949,0,1543.29798310995,0,1465.4450956583,0,1482.78283259273,0,5204.58127185702,0,695.512083679438,8.10545086860657,2.80626711249352,0,42.1034419536591,0,200.301132678986,0,18.7167460620403,0,62.142531722784,1.22395974397659,15.9756497144699,0,5363.61975938082,0,649.214270710945,0,0,0,786.166962087154,0,6502.06301364303,0,7.34111535549164,0,0,0,4.44904410839081,0,2.50781682133675,0,9.29301619529724,0,0,0,0,0,0,0,0,0,0,0,0,0,0,0,0,0
0,713.875742018223,0,86.0815889239311,0,4.05417069792747,0,872.022184818983,0,3.50196507573128,0,772.574429601431,0,322.177743524313,0,13.958280146122,0,240.300018846989,0,48.6130758821964,0.723496913909912,0,0,0,0,0,0,1.36113899946213,0,160.909830749035,0,0,0,10.2198629975319,22.7230018973351,20.8458213806152,0.746118247509003,253.886778712273,0,57.8922786414623,0,116.201346516609,44.2139244675636,221.137928068638,2.25810289382935,213.390283495188,7.4048413336277,354.122226387262,1.57361555099487,362.374669373035,0,3696.03537172079,0,647.508531600237,0,769.650960057974,0,372.457320690155,0,567.998097956181,0,1250.6848000288,0,1368.07798951864,0,4003.59012827277,5.73419725894928,312.599118500948,0,5.41803649067879,0,123.227116554976,0,641.563689559698,0,67.9644204974174,3.57551991939545,145.619272142649,0,12.1935561299324,0,6515.06538748741,0,536.530170172453,0,0,0,1492.48574027419,0,8223.83797439933,0,7.95016801357269,0,1.62724184989929,0,9.04957699775696,0,0,0,19.6789445281029,0,0,0,0,0,0,0,0,0.518214404582977,3.59364920854568,0,0.463308840990067,0,0,0,0
0,0,0.707492530345917,0,31.454156935215,0,0.793612718582153,0,15.9596398770809,0,0,0,1.67905801534653,0,52.0586713850498,0,5.5875004529953,0,0,0,6.46350246667862,0,0,0,1.61872774362564,0,8.38907662034035,0,654.82233992219,0,0,0,0,0,5.61754751205444,0,746.420394003391,0,384.973868101835,0,1234.43425750732,0.999306797981262,42.0792716443539,0,3.1715549826622,0,189.85533156991,0,14.989481151104,0,73.6831456720829,0,10.7992840409279,0,570.556964278221,0,1.99807953834534,0,11.8687988221645,0,8.29239422082901,0,18.4963720142841,0,12.7725804448128,0,9.71190449595451,0,0,0,26.5607221126556,3.1085222363472,260.459682077169,1.84748440980911,37.607474565506,2.09836202859879,167.47046354413,0.615189373493195,0,0,161.737637072802,0,1542.95922932029,0,786.166962087154,0,0,0,2066.0211687088,0,0,0,0,0,8.82495617866516,0,11.9519463181496,0,0.577484369277954,0,0,0,0,0,0,0,0,0,0,0.95552533864975,0,0,0,0,0,0
0,0,0,0,0,39.9237878918648,0,0,0,6.05359727144241,0,0,0,0,0,41.3365755081177,0,0,0,0,1.43305635452271,24.6403133869171,0,0,0,10.1775445044041,0,37.1101345717907,0,93.5690928995609,0,0.490965992212296,0,0,1.05649507045746,0,0,822.180307716131,0,289.851468116045,1.33902645111084,1751.72966378927,4.93946197628975,59.2911466956139,0,2.39317178726196,0.548628330230713,175.5538585186,0,2.02431625127792,0,37.4912132620811,0,32.9422835409641,0,1046.69841483235,0,1.92832383513451,0,0.604559540748596,0,1.01983237266541,0,2.90346765518188,0,6.04629826545715,0,7.35730332136154,0,0,1.23375165462494,9.14962041378021,1.01961135864258,248.82428368926,0,56.1525307893753,0,126.958162456751,0,4.0554219186306,0,299.48713696003,0,805.610930770636,0,1492.48574027419,0,0,0,1415.47750964761,0,5.29290145635605,0,0,0,20.8872419893742,0,0,0,4.49388670921326,0,0,0,0.517224490642548,0,1.61847472190857,0,0,0,3.94216525554657,0,0,0,0,0,0
562.901267141104,0,3.49965661764145,0,1.80133050680161,0,111.139493465424,0,1.74391078948975,0,321.388054937124,0,351.200578898191,0,5.49858957529068,0,116.245394080877,0,0,0,6.46498250961304,0,0,0,0,0,2.02496647834778,0,242.002887368202,0,0,0,0,2.45584589242935,11.6369572579861,8.30552959442139,781.603235512972,1.11657214164734,277.057044446468,0,114.529016971588,0,294.026947975159,0,136.81689620018,0,1042.03089439869,0,300.158765643835,0,1021.39246451855,0,325.467932850122,0,3188.14904564619,0,533.180800259113,0,434.425722509623,0,356.223776072264,0,430.114013820887,0,460.398622274399,0,297.825506061316,0,0.467357575893402,0,38.8823210299015,3.41326212882996,175.434643119574,0,37.1678776144981,0,330.455615311861,0,0.750512659549713,0,416.509009689093,0,171.174430817366,0,6502.06301364303,0,2066.0211687088,0,0,0,18.3119369149208,0,0,0,13.8740149140358,0,5.47451788187027,0,43.9274542629719,0,0,0,0,0,0,0,2.56451392173767,0,0,0.668745338916779,0,0,0,0,0,0
0,301.836724728346,0,17.5939376056194,0,2.25746184587479,0,316.633210092783,0,0.580364048480988,0,140.134020298719,0,38.1417400836945,0,3.62607026100159,0,41.4664346575737,0,1.55588161945343,0,0,0,0,0,0,0,0,0,50.6546106934547,0,0,0,3.30805289745331,14.3352748155594,19.6266571879387,0,480.696837365627,0,162.009763389826,1.15094041824341,164.942947477102,116.829042702913,312.134123176336,6.21044877171516,167.218368142843,9.81165936589241,636.261832624674,0,267.905997097492,0,1862.3768197298,0,1941.40088105202,0,3161.32123270631,0,294.596520096064,0,445.719047814608,0,146.058243691921,0,213.928490608931,0,310.609691262245,0,273.397548228502,0,0,0,44.1857724785805,0,294.447689622641,0,54.4970018863678,0,128.139545887709,0,4.0208280980587,0,602.786001056433,0,86.2178826928139,0,8223.83797439933,0,1415.47750964761,0,0,0,14.5351863205433,0,0,0,9.78508725762367,0,1.35945677757263,0,45.2603444159031,0,0,0,0,0,0.939192712306976,0,0.760952174663544,0.512040734291077,2.61335837841034,0,0,0,0,0,0
0,0,0,0,0,0,0,0,0,0,0,0,0,0,0,0,0,0,0,0,0,0,0,0,0,0,0,0,13.0633255243301,0,0,0,0,0,1.32954168319702,0,146.44599750638,74.1903139948845,183.03257393837,37.0005330443382,5.04598963260651,0,129.345043629408,0,10.2118144631386,0,565.438071608543,0,20.0034223198891,0,69.3295813500881,0,96.5710580348969,0,49.1425825357437,0,0,0,0,0,0,0,0,0,0,0,2.50086545944214,0,0,0,46.4290938973427,11.0366876721382,104.726853579283,11.2526636123657,166.692313402891,110.54997998476,240.495125621557,110.07781457901,0,0,4.04081863164902,0,1.3835836648941,0,7.34111535549164,0,0,0,18.3119369149208,0,0,163.062423408031,3026.03617292643,52.4170246422291,367.030016809702,240.846919447184,2478.28668135405,108.826914101839,2993.46077686548,118.526828765869,878.471067816019,36.3438777625561,484.94119489193,209.224620163441,585.500440508127,104.0190795362,302.170463711023,62.9130292832851,12.2019796669483,16.9334418177605,185.066633731127,38.9397209882736,107.566460669041,15.4386649727821,3.52590185403824,17.0847913324833
0,0,0,0,0,0,0,0,0,0,0,0,0,0,0,0,0,0,0,0,0,0,0,0,0,0,0,0,0,4.35623729228973,0,0,0,0,0.676447451114655,0,165.96474224329,232.079167693853,322.025233417749,116.734538674355,0,3.92876619100571,6.01731705665588,41.2785883247852,0,4.58030223846436,0,655.234446287155,0,10.1206452846527,0,56.4225015938282,0,150.714315026999,0,46.8120153546333,0,1.77928924560547,0,0,0,0,0,0,0,0,0,0,0,0,11.9519253373146,27.7221323251724,19.9448855519295,57.0043523311615,183.365087479353,179.005591601133,87.2237704992294,384.369141459465,0,0,0,5.8037006855011,0,0.677460193634033,0,7.95016801357269,0,5.29290145635605,0,14.5351863205433,163.062423408031,0,14.7063000798225,4398.88332468271,101.626436531544,1067.01519393921,518.196111559868,1096.41181460023,196.406035929918,3433.6681497395,64.7478075027466,269.545451313257,118.555189669132,435.41192150116,138.68868380785,460.12058570981,168.001246839762,174.410658568144,23.78849619627,37.7262506783009,411.791104853153,237.187432140112,433.28360798955,4.32455542683601,32.7391737401485,17.8447895348072
0,0,0,0,0,0,0,0,0,0,0,0,0,0,0,0,0,0,0,0,0,0,0,0,0,0,0,0,1.31565177440643,0,0,0,0,0,0,0,31.9118299782276,30.8447543382645,45.3603972792625,9.24669975042343,1.34007692337036,0,0,0,0,0,0,0,0,0,0,0,0,0,0,0,0,0,0,0,0,0,0,0,0,0,0,0,0,0,7.4445196390152,3.60328960418701,13.2444246709347,0,28.2495064437389,20.577953517437,116.604064404964,44.6921848058701,0,0,0,0,0,0,0,0,0,0,0,0,3026.03617292643,14.7063000798225,0,9.1853255033493,229.828790783882,56.3168036937714,632.037378579378,16.1055132746696,129.092046409845,8.32515308260918,2336.73091700673,0.842434644699097,924.386525303125,17.710553497076,575.912360936403,27.6517564356327,106.318675756454,10.2256136536598,23.1621054708958,20.2751385867596,156.89567565918,25.6543840169907,171.675967127085,32.099531441927,3.90365916490555,15.5128035545349
0,0,0,0,0,0,0,0,0,0,0,0,0,0,0,0,0,0,0,0,0,0,0,0,0,0,0,0,0,1.25030720233917,0,0,0,1.58667063713074,0,0,100.556500256062,104.114085227251,93.4259744882584,78.150131970644,0.521861851215363,2.73259079456329,0,1.15511858463287,0,0,0,3.46346786618233,0,0,0,0,0,0,0,0,0,0,0,0,0,0,0,0,0,0,0,0,0,0,1.76316320896149,12.5685930848122,6.94438642263412,19.8396547436714,62.6976980268955,70.2042652666569,57.1981663703918,296.150167256594,0,0,0,0,0,0,0,1.62724184989929,0,0,0,0,52.4170246422291,4398.88332468271,9.1853255033493,0,40.2926492393017,355.082563579082,216.171267777681,352.843514949083,75.5908269286156,344.410466313362,25.4383388161659,941.462933719158,78.3751026391983,1018.95575946569,66.6725425124168,806.962282508612,82.6825889647007,86.1312294900417,93.7995985150337,64.5015507042408,586.81482437253,156.164695203304,162.161966502666,16.7971878945827,136.632084965706,43.2802801728249
157.873999506235,1.93925946950912,64.5285347104073,0,0,0,34.3368313908577,0,0.583127021789551,0,5.96098518371582,0,2.79046881198883,0,1.81007000803947,0,3.55542129278183,1.06784760951996,107.893878221512,1.22046566009521,0,0,10.132384210825,0,0,0,0,0,30.5633257329464,0.803141474723816,2.1081770658493,0.754703164100647,14.4133097827435,18.7827371656895,17.744155228138,12.1823021769524,100.599877387285,20.8842887282372,47.0574588775635,18.3255781531334,5.76074582338333,0,11.5420642793179,0,20.1321791708469,0,41.2707742154598,4.05132329463959,26.3037092387676,0,31.4105240404606,0,1.5781661272049,0,6.93434444069862,0,124.646771818399,0,121.430336236954,0,1.39878338575363,0,0,0,0.840573638677597,0,213.532307267189,0,240.531224966049,0,193.831062555313,24.2428203523159,181.119700968266,9.69663041830063,235.554906606674,35.5766132175922,1113.57683801651,134.028326123953,0,0,0.787592768669128,0,3.28627094626427,0,4.44904410839081,0,8.82495617866516,0,13.8740149140358,0,367.030016809702,101.626436531544,229.828790783882,40.2926492393017,0,94.4220318198204,1082.54860106111,13.7018107771873,115.837741702795,30.6382773518562,229.314774096012,10.2757899463177,393.606306910515,53.3364918828011,1295.74879735708,166.577585458755,184.9137981534,5.81078037619591,241.331912606955,772.4753895998,288.301722377539,22.9179131686687,49.6850962936878,60.8625928759575,29.6837627291679,104.886147707701
2.30101656913757,110.48124435544,0,64.1717440187931,0,0.665407061576843,0,25.5036292672157,0,0.771073907613754,0,2.30871084332466,0,2.63311940431595,0,2.49062359333038,0,7.42924839258194,2.61426448822021,101.792814046144,0,0.559854209423065,1.21525704860687,7.00074401497841,0,0,0,0,0,8.93228554725647,0,1.08241128921509,0,6.69300401210785,3.84316909313202,9.9572594165802,38.8160433769226,276.729921877384,176.153838992119,90.871734380722,0,7.4283692240715,1.29693472385406,37.1285661458969,0.600763022899628,19.8040174245834,0,42.0118828713894,0,28.0454233884811,0,48.8054602146149,0,1.7653996348381,0,11.4971082508564,0,92.2999475002289,0,98.1809740960598,0,4.6113600730896,0,3.68747937679291,0,7.93059805035591,0,77.1931878328323,0,61.7278563082218,18.5291420221329,93.6083964109421,15.1126636862755,117.084056466818,73.5905678570271,232.882776349783,102.2124363482,743.507241517305,0,0,0,4.79400244355202,0,7.66314673423767,0,9.04957699775696,0,20.8872419893742,0,9.78508725762367,240.846919447184,1067.01519393921,56.3168036937714,355.082563579082,94.4220318198204,0,235.907777011395,1098.56692555547,75.6102314591408,480.715234160423,62.4811543524265,75.4615326225758,135.461025744677,359.373128592968,114.023487120867,530.660419881344,67.0915419757366,78.8275054097176,134.708814322948,725.450301408768,283.92666015029,32.8882031142712,28.8271192014217,11.057965695858,20.72977617383,15.9953296482563
45.3117940425873,0,15.338647544384,0,0,0,5.52095076441765,0,0,0,3.27641403675079,0,0.514836966991425,0,1.70421975851059,0,0.921130359172821,0,26.439392209053,1.20324397087097,0,0,5.1472395658493,0,0,0,0,0,14.688810557127,0,1.19943723082542,0,12.6688504815102,10.181704968214,5.79473143815994,4.96365302801132,165.852871030569,63.9042389392853,196.581625282764,25.6731713414192,0.612306714057922,0,23.3619767129421,0,38.8767657279968,0,70.4613955318928,4.13364511728287,23.8425667285919,0,11.4536888599396,0,0.647252023220062,0,7.71694967150688,0,51.3878700435162,0,51.0026044547558,0,4.22031271457672,0,0,0,1.27976840734482,0,156.111571103334,2.61043405532837,83.3479752242565,0,79.9895288944244,12.6925055384636,93.7974092662334,19.2382348179817,148.993713438511,86.5659083127975,602.020539671183,112.012221992016,0,0,1.91762357950211,0,2.57229447364807,0,2.50781682133675,0,11.9519463181496,0,5.47451788187027,0,2478.28668135405,518.196111559868,632.037378579378,216.171267777681,1082.54860106111,235.907777011395,0,117.775911003351,3534.64397060871,171.947200745344,534.505114167929,56.2591691613197,765.306861311197,294.421167314053,1091.44356423616,144.76764190197,321.555502235889,41.2767701148987,25.9070289134979,168.618662774563,1108.88217869401,89.1803275048733,195.87192517519,43.7911477088928,12.2555336654186,25.3695206046104
0,0,0,0,0,0,0,0,0,0,0,0,0,0,0,0,0,0,0,0,0,0,0,0,0,0,0,0,0,1.06912696361542,0,0,0,0,0,1.41151547431946,25.7493805289268,57.4690321981907,57.4662458002567,42.5578705370426,0,2.50117313861847,0,44.4203892350197,0,11.4361410737038,0,68.3913177251816,0,1.72671729326248,0,0,0,1.86607372760773,0,11.2499988079071,0,1.6570155620575,0,0,0,0,0,0,0,0,0,8.77887028455734,0,0.457691550254822,2.12164533138275,6.21919295191765,2.23551917076111,7.64367818832397,34.543671309948,31.0911625027657,29.8542712032795,77.3024745285511,0,0,0,0,0,0,0,0,0,0,0,1.35945677757263,108.826914101839,1096.41181460023,16.1055132746696,352.843514949083,13.7018107771873,1098.56692555547,117.775911003351,0,82.6358578205109,2302.62091219425,22.8842833042145,35.085344851017,79.826942384243,192.020375847816,43.0007824599743,305.766069561243,46.8612673282623,210.720437496901,12.9030757248402,131.890050709248,1150.6468205452,156.206778436899,71.1726739704609,6.51523733139038,13.2692972421646,6.92554187774658
0.357713788747787,0,0,0,0,0,0,0,0,0,0,0,0,0,0,0,0,0,0,0,0,0,0,0,0,0,0,0,19.4260351359844,0,0,0,0,0,0.99876344203949,0,77.4769571721554,33.3733277618885,62.923814445734,15.3209263682365,6.92977011203766,0,413.633727610111,0,18.3587848544121,0,801.746228396893,0,28.5994091629982,0,44.1092286705971,0,30.4236362874508,0,123.183881729841,0,1.42657518386841,0,0,0,0,0,0,0,0,0,4.40036904811859,0,0,0,15.0446693897247,3.00935757160187,63.7622562646866,4.87344288825989,60.4371717572212,29.7052621543407,108.609284996986,61.2704307436943,0,0,8.29342883825302,0,7.25156363844872,0,9.29301619529724,0,0.577484369277954,0,43.9274542629719,0,2993.46077686548,196.406035929918,129.092046409845,75.5908269286156,115.837741702795,75.6102314591408,3534.64397060871,82.6358578205109,0,78.9069515764713,85.4776649475098,39.7930094897747,71.6035063862801,202.246879994869,154.515977501869,75.3180566430092,101.818913608789,12.2176272273064,1.37493413686752,3.8379842042923,203.439830541611,154.768001705408,88.6408651471138,49.7186127901077,6.7128147482872,7.32728385925293
0,0,0,0,0,0,0,0,0,0,0,0,0,0,0,0,0,0,0,0,0,0,0,0,0,0,0,0,0,9.60720944404602,0,0,0,0,1.1237690448761,0,69.9591508209705,100.704529225826,77.609535574913,36.5303240120411,0,14.916557431221,24.2864488959312,94.6703987717628,0,10.7260329425335,1.09423720836639,992.240806341171,0,13.2977887094021,0,55.2703857719898,0,143.294065475464,0,214.573426663876,0,0,0,0,0,0,0,0,0,0,0,0,0,0,1.88843482732773,3.38445091247559,9.2765918970108,51.9518077671528,48.4485290646553,48.9417614042759,20.1966009736061,134.310139834881,0,0,0,3.21674484014511,0,1.75025057792664,0,19.6789445281029,0,4.49388670921326,0,45.2603444159031,118.526828765869,3433.6681497395,8.32515308260918,344.410466313362,30.6382773518562,480.715234160423,171.947200745344,2302.62091219425,78.9069515764713,0,27.7924627661705,13.8183075785637,41.0118771195412,83.6793032884598,48.8724518120289,116.932194530964,49.2057100832462,178.992591738701,5.02903625369072,13.1243940889835,378.955498158932,278.489235013723,221.359048038721,16.7020850479603,8.19442760944366,1.69822430610657
0,0,0,0,0,0,0,0,0,0,0,0,0,0,0,0,0,0,0,0,0,0,0,0,0,0,0,0,1.85978996753693,0,0,0,0,0,0,0,55.1082508563995,42.651283621788,48.3877810537815,18.0041079521179,0.404983878135681,0,0,0,0,0,0,0,0,0,0,0,0,0,0,0,0,0,0,0,0,0,0,0,0,0,0,0,0,0,7.37228348851204,5.14457368850708,11.4221950769424,4.41484928131104,18.3587144315243,44.0214020609856,104.823604911566,60.6863214075565,0,0,0,0,0,0,0,0,0,0,0,0,878.471067816019,64.7478075027466,2336.73091700673,25.4383388161659,229.314774096012,62.4811543524265,534.505114167929,22.8842833042145,85.4776649475098,27.7924627661705,0,14.0625602006912,2479.51209357381,76.8861021697521,661.314772069454,36.4524011909962,187.892519623041,21.5952035188675,24.1906760036945,15.2159129977226,91.3645161688328,7.90509474277496,44.373448818922,21.6894680261612,15.3763599395752,11.6444939374924
0,0,0,0,0,0,0,0,0,0,0,0,0,0,0,0,0,0,0,0,0,0,0,0,0,0,0,0,0,3.10284024477005,0,0,0,2.55136299133301,0,0,47.9131958782673,35.6449463367462,38.4091337919235,18.8732609152794,0,0,0,0,0,0,0,0,0,0,0,0,0,0,0,0,0,0,0,0,0,0,0,0,0,0,0,0,0,0,2.82686924934387,6.00524109601974,5.67542910575867,3.83638799190521,29.913055062294,31.4527261555195,15.3821175098419,92.6178872585297,0,0,0,0,0,0,0,0,0,0,0,0,36.3438777625561,269.545451313257,0.842434644699097,941.462933719158,10.2757899463177,75.4615326225758,56.2591691613197,35.085344851017,39.7930094897747,13.8183075785637,14.0625602006912,0,40.3631642758846,2074.30170127749,28.4083272218704,325.894528239965,30.6544245481491,55.9229188859463,6.08548820018768,4.84389328956604,57.6019518971443,6.7293766438961,6.99333900213242,1.37375324964523,17.0491773486137,4.24499019980431
0,0,0,0,0,0,0,0,0,0,0,0,0,0,0,0,0,0,0,0,0,0,0,0,0,0,0,0,1.68678176403046,0,0,0,0,0,0,0,89.296625494957,104.713390111923,127.463847339153,32.8219841718674,0,0,0,0,0,0,0,2.06528371572495,0,0,0,0,0,0,0,0,0,0,0,0,0,0,0,0,0,0,0,0,0,0,15.0429871678352,9.10413807630539,17.8697116374969,11.2764264345169,70.7815968692303,76.7310946881771,172.484710991383,106.190721064806,0,0,0,0,0,0,0,0,0,0,0,0,484.94119489193,118.555189669132,924.386525303125,78.3751026391983,393.606306910515,135.461025744677,765.306861311197,79.826942384243,71.6035063862801,41.0118771195412,2479.51209357381,40.3631642758846,0,289.861271768808,4390.54617741704,147.464545190334,645.15436309576,69.2272884845734,77.5792488157749,80.076010286808,377.799122184515,40.5458568930626,163.086631923914,585.369446516037,120.817378938198,71.1999646425247
0,0,0,0,0,0,0,0,0,0,0,0,0,0,0,0,0,0,0,0,0,0,0,0,0,0,0,0,0,0.744458854198456,0,0,0,0.707691371440887,0,0,152.670942336321,172.988633751869,103.431253969669,104.195658743382,0,4.89074462652206,0,0,0,0,0,3.64348751306534,0,0,0,0,0,0,0,0.405982196331024,0,0,0,0,0,0,0,0,0,0,0,0,0,0,10.6853075623512,33.339595913887,29.6708687543869,21.5688048601151,123.450828313828,132.940183788538,101.697737932205,414.559025555849,0,0,0,1.08521115779877,0,0,0,0,0,0.517224490642548,0,0,209.224620163441,435.41192150116,17.710553497076,1018.95575946569,53.3364918828011,359.373128592968,294.421167314053,192.020375847816,202.246879994869,83.6793032884598,76.8861021697521,2074.30170127749,289.861271768808,0,163.190949350595,5039.65299025178,147.394364446402,257.620941251516,110.379440575838,81.8923507928848,636.489336371422,88.3222754597664,104.784869968891,234.577678203583,289.997172027826,67.7390397489071
5.25457471609116,0,0,0,0,0,0,0,0,0,0,0,0,0,0.594266414642334,0,0,0,2.51226431131363,1.20980000495911,0,0,0,0,0,0,0,0,15.0261111855507,0,0,0,3.40628266334534,0.59606659412384,0,0,69.6843557357788,43.3669446706772,57.368689596653,14.713468670845,6.65964844822884,0,1.5694682598114,0,0,0,0.50714236497879,0,0,0,0,0,0,0,0.391910701990128,0,4.72950932383537,0,0.434162944555283,0,0,0,0,0,0,0,0,0,2.13253027200699,0,171.897366344929,25.6581745147705,134.939714819193,17.1351534128189,211.988505452871,46.7016932964325,879.104194164276,338.020869761705,0,0,0,0,0,0,0,0,0,0,0,0,585.500440508127,138.68868380785,575.912360936403,66.6725425124168,1295.74879735708,114.023487120867,1091.44356423616,43.0007824599743,154.515977501869,48.8724518120289,661.314772069454,28.4083272218704,4390.54617741704,163.190949350595,0,562.109203964472,580.551596879959,33.5508049726486,374.640043407679,167.691615074873,551.175148785114,40.6669832468033,103.288705706596,90.6905706524849,270.082064181566,480.68307352066
0,6.82408308982849,0,0,0,0,1.40149617195129,1.50445303320885,0,0,0,0,0,0.367794901132584,0,0,0,3.19561755657196,0,3.60702392458916,0,0,0,0,0,0,0,0,0,4.18391597270966,0,0,0,2.06388849020004,0,0.572765231132507,46.8782566189766,70.9488123357296,56.8609564304352,37.0357475876808,0.840794086456299,2.35015213489532,0,1.95751193165779,0,0,0,5.20135575532913,0,0,0,0,0,0,0,0.851434171199799,0,0.901231646537781,0,0,0,0,0,0,0,0,0,0,0,0.493671089410782,26.2454400062561,59.1844117343426,22.0956336855888,33.1767626106739,53.9159717261791,104.454966932535,173.863381832838,734.748809486628,0,0,0,0,0,0.68832141160965,0,0,0,1.61847472190857,0,0.939192712306976,104.0190795362,460.12058570981,27.6517564356327,806.962282508612,166.577585458755,530.660419881344,144.76764190197,305.766069561243,75.3180566430092,116.932194530964,36.4524011909962,325.894528239965,147.464545190334,5039.65299025178,562.109203964472,0,85.6226121485233,529.315887033939,251.099074691534,144.109298855066,888.841348677874,92.7217889726162,137.102006167173,136.653260350227,381.825004041195,225.662436068058
8.56231045722961,0,0,1.8907732963562,0,0,0,0,0,0,0,0,0,0,0,0,0,0,0,0,0,0,0,0,0,0,0,0,2.44971466064453,0,0,0,0,2.65130758285522,0,0,42.181505382061,23.7641497850418,55.3546049594879,13.4537630081177,0,0,0,0,0,0,0,0,0.920629024505615,0,0.409054189920425,0,0,0,0,0,15.1223667860031,0,4.56631273031235,0,0,0,0,0,0,0,5.9252450466156,0,0,0,26.9310252666473,13.7695432901382,27.5226771235466,4.45835810899734,63.6476849019527,35.980271935463,113.039541184902,59.1539598405361,0,0,0,0,0,0,0,0,0,0,2.56451392173767,0,302.170463711023,168.001246839762,106.318675756454,82.6825889647007,184.9137981534,67.0915419757366,321.555502235889,46.8612673282623,101.818913608789,49.2057100832462,187.892519623041,30.6544245481491,645.15436309576,147.394364446402,580.551596879959,85.6226121485233,0,19.7095996439457,26.7266266942024,15.7773390412331,98.5085534155369,7.40798580646515,22.5074570775032,13.682676166296,11.5975240468979,25.7512953281403
0,2.15775680541992,0,0,0,0,0,0,0,0,0,0,0,0,0,0,0,0,0,0,0,0,0,0,0,0,0,0,0,0,0,0,0,0,0,0,10.6957722306252,13.8834128379822,18.3056828975677,16.321531355381,0,1.62788879871368,0,0,0,0,0,0.513534665107727,0,0,0,0.678713798522949,0,0,0,0,0,0,0,0,0,0,0,1.40889835357666,0,0,0,0,0,0,1.27187919616699,1.5722171664238,3.55391001701355,4.56218841671944,9.84976997971535,13.8563015460968,14.4299798905849,24.8269960582256,0,0,0,0,0,0,0,0,0,0,0,0.760952174663544,62.9130292832851,174.410658568144,10.2256136536598,86.1312294900417,5.81078037619591,78.8275054097176,41.2767701148987,210.720437496901,12.2176272273064,178.992591738701,21.5952035188675,55.9229188859463,69.2272884845734,257.620941251516,33.5508049726486,529.315887033939,19.7095996439457,0,4.69931471347809,3.08375108242035,47.6657466888428,6.35472172498703,11.97189027071,7.372742831707,20.6136127412319,8.93176597356796
15.7552558481693,22.2087031304836,21.2800542414188,25.2815629839897,0,0,14.1421566605568,4.87127417325974,0,0,4.94506525993347,0,1.19699358940125,0.713495433330536,0.746107876300812,0,0,1.45379412174225,24.1621273159981,26.5072709321976,0,0,1.33872777223587,3.07934528589249,0,0,0,0,8.907446205616,0,0,0,0.571667611598969,5.87353801727295,0,0,11.4407688379288,16.4391430020332,3.47546851634979,0.99153059720993,0.678604900836945,0,0,0,0,0.760752499103546,0,1.10803607106209,0,0,0,0,0,0,0,2.44740900397301,6.24106884002686,3.25824075937271,0,1.86900624632835,0,0,0,0,0,0,0,2.24039095640182,5.02148652076721,3.61876797676086,70.466567158699,39.580701559782,43.9378889799118,17.6442950963974,72.3449758291245,41.9083917737007,311.31178432703,675.052079707384,0,0,0,0,1.6637237071991,0.754382431507111,0,0.518214404582977,0,0,0,0.512040734291077,12.2019796669483,23.78849619627,23.1621054708958,93.7995985150337,241.331912606955,134.708814322948,25.9070289134979,12.9030757248402,1.37493413686752,5.02903625369072,24.1906760036945,6.08548820018768,77.5792488157749,110.379440575838,374.640043407679,251.099074691534,26.7266266942024,4.69931471347809,0,720.557413637638,181.256099581718,14.2291069924831,74.2034883201122,246.116063177586,189.313182711601,248.977209150791
20.7072600126266,17.1837995648384,22.1792975068092,8.42790979146957,0,0,4.94374603033066,3.06609684228897,0.751198470592499,0,1.13769471645355,0,0,0,3.11200380325317,0,0,3.36490440368652,20.7858645021915,16.8081722557545,0,0,3.146957218647,1.99217730760574,0,0,0,0,1.07764983177185,0,0,0,0,0,0,0.9343581199646,28.3104950785637,62.4338854551315,2.58551335334778,3.06610989570618,1.49635148048401,2.10943961143494,1.97250443696976,3.13322168588638,2.4317752122879,7.66777741909027,34.3944875597954,200.944175541401,6.91158816218376,0,2.46914231777191,6.71668887138367,0,0,1.31965613365173,6.47400909662247,12.7230632305145,10.284151494503,9.28586208820343,3.92840200662613,0,0.890326082706451,0,0,0,0,15.8529470264912,14.7418068647385,28.6782703101635,4.76019594073296,49.1167528033257,12.9764691591263,22.0512671470642,17.6610953211784,37.0516582727432,23.1942321658134,677.956424295902,1097.92763704062,0,0,0,0,0,2.94754904508591,0,3.59364920854568,0.95552533864975,3.94216525554657,0.668745338916779,2.61335837841034,16.9334418177605,37.7262506783009,20.2751385867596,64.5015507042408,772.4753895998,725.450301408768,168.618662774563,131.890050709248,3.8379842042923,13.1243940889835,15.2159129977226,4.84389328956604,80.076010286808,81.8923507928848,167.691615074873,144.109298855066,15.7773390412331,3.08375108242035,720.557413637638,0,539.802052259445,12.1358500123024,66.6467860341072,170.896876633167,131.867423772812,211.093364357948
0,0,0,0,0,0,0,0,0,0,0,0,0,0,0,0,0,0,0,0,0,0,0,0,0,0,0,0,0,0,0,0,0,0,0,0,29.7231488227844,44.9968205988407,26.3922754824162,15.0111893117428,0,1.18680214881897,0,0,0,0,0,0.842087209224701,0,0,0,0,0,0,0,0,0,0,0,0,0,0,0,0,0,0,0,2.06387788057327,0,0,3.89528620243073,8.22744303941727,5.44510877132416,6.84272640943527,30.5145956873894,29.7572011947632,47.1590367853642,97.6547105610371,0,0,0,0,0,0.519580662250519,0,0,0,0,0,0,185.066633731127,411.791104853153,156.89567565918,586.81482437253,288.301722377539,283.92666015029,1108.88217869401,1150.6468205452,203.439830541611,378.955498158932,91.3645161688328,57.6019518971443,377.799122184515,636.489336371422,551.175148785114,888.841348677874,98.5085534155369,47.6657466888428,181.256099581718,539.802052259445,0,440.339894890785,744.041042625904,572.174510419369,390.156920105219,102.599081724882
0,0,0,0,0,0,0,0,0,0,0,0,0,0,0,0,0,0,0,0,0,0,0,0,0,0,0,0,0,1.3012615442276,0,0,0,0,0,0,3.66300845146179,8.46451026201248,5.53812432289124,4.18918025493622,0,0,3.36998206377029,0,0,0,11.7858102321625,0,0,0,0,0,0,0,0,0,0,0,0,0,0,0,0,0,0,0,0,0,0,0,0,0.99869579076767,0,0,8.37260729074478,7.95007413625717,4.73201841115952,26.6971516609192,0,0,0,0,0,0,0,0.463308840990067,0,0,0,0,38.9397209882736,237.187432140112,25.6543840169907,156.164695203304,22.9179131686687,32.8882031142712,89.1803275048733,156.206778436899,154.768001705408,278.489235013723,7.90509474277496,6.7293766438961,40.5458568930626,88.3222754597664,40.6669832468033,92.7217889726162,7.40798580646515,6.35472172498703,14.2291069924831,12.1358500123024,440.339894890785,0,274.114431142807,94.2309005856514,19.587637424469,9.06068164110184
0,0,0,0,0,0,0,0,0,0,0,0,0,0,0,0,0,0,0,0,0,0,0,0,0,0,0,0,0,0,0,0,0,0,0,0,3.13791453838348,8.68642944097519,7.97709158062935,0.968259751796722,0,0,0,0,0,0,0,0,0,0,0,0,0,0,0,0,0,0,0,0,0,0,0,0,0,0,0,0,0,0,0.808713793754578,0.87398487329483,4.63625273108482,0.823436141014099,8.31848081946373,4.61973738670349,29.912800103426,14.9349846541882,0,0,0,0,0,0,0,0,0,0,0,0,107.566460669041,433.28360798955,171.675967127085,162.161966502666,49.6850962936878,28.8271192014217,195.87192517519,71.1726739704609,88.6408651471138,221.359048038721,44.373448818922,6.99333900213242,163.086631923914,104.784869968891,103.288705706596,137.102006167173,22.5074570775032,11.97189027071,74.2034883201122,66.6467860341072,744.041042625904,274.114431142807,0,456.694110453129,43.1382439434528,52.8167444467545
0,0,0,0,0,0,0,0,0,0,0,0,0,0,0,0,0,0,0,0,0,0,0,0,0,0,0,0,0.424792319536209,0,0,0,0,0,0,0,0.527081787586212,1.16729545593262,0.669119596481323,0.590932011604309,0,0,0,0,0,0,0,1.0884827375412,0,0,0,0,0,0,0,0,0,0,0,0,0,0,0,0,0,0,0,0,0,0,0,1.90142422914505,0.539871633052826,0.61890709400177,2.49018627405167,1.66034486889839,36.3446673750877,38.9018602967262,0,0,0,0,0,0,0,0,0,0,0,0,15.4386649727821,4.32455542683601,32.099531441927,16.7971878945827,60.8625928759575,11.057965695858,43.7911477088928,6.51523733139038,49.7186127901077,16.7020850479603,21.6894680261612,1.37375324964523,585.369446516037,234.577678203583,90.6905706524849,136.653260350227,13.682676166296,7.372742831707,246.116063177586,170.896876633167,572.174510419369,94.2309005856514,456.694110453129,0,511.99339646101,266.745242059231
0,0,0,0,0,0,0,0,0,0,0,0,0,0,0,0,0,0,0,0,0,0,0,0,0,0,0,0,0,0,0,0,0,0,0,0,2.87834310531616,10.6078258156776,4.57350152730942,1.66829124093056,0,0,0,0,0,0,0,0,0,0,0,0,0,0,0,0,0,0,0,0,0,0,0,0,0,0,0,0,0,0,3.97883352637291,1.19028115272522,0,5.11230373382568,2.10957407951355,3.98809570074081,34.9231726229191,66.7353408336639,0,0,0,0,0,0,0,0,0,0,0,0,3.52590185403824,32.7391737401485,3.90365916490555,136.632084965706,29.6837627291679,20.72977617383,12.2555336654186,13.2692972421646,6.7128147482872,8.19442760944366,15.3763599395752,17.0491773486137,120.817378938198,289.997172027826,270.082064181566,381.825004041195,11.5975240468979,20.6136127412319,189.313182711601,131.867423772812,390.156920105219,19.587637424469,43.1382439434528,511.99339646101,0,263.220649033785
2.96317774057388,4.60739797353745,0,1.39825695753098,0,0,0.66763836145401,0.471563071012497,0,0,0,0,0,0,0,0,0,0,2.79695403575897,3.03291827440262,0,0,0,0,0,0,0,0,1.01832187175751,0,0,0,0.621208965778351,0.789152383804321,0,0,2.16938245296478,4.55446407198906,12.7415246367455,2.10480660200119,0,0,0,0,0,0,0,0,0,0,0,0,0,0,0,0,2.32893800735474,0,2.64496159553528,0,0,0,0,0,0,0,0.630480587482452,0,1.74214959144592,0,16.8319121003151,10.3053839206696,17.6709664463997,4.74035492539406,21.6451431810856,22.8163940906525,109.213449507952,168.463139384985,0,0,0,0,0,0,0,0,0,0,0,0,17.0847913324833,17.8447895348072,15.5128035545349,43.2802801728249,104.886147707701,15.9953296482563,25.3695206046104,6.92554187774658,7.32728385925293,1.69822430610657,11.6444939374924,4.24499019980431,71.1999646425247,67.7390397489071,480.68307352066,225.662436068058,25.7512953281403,8.93176597356796,248.977209150791,211.093364357948,102.599081724882,9.06068164110184,52.8167444467545,266.745242059231,263.220649033785,0
