0,163.879301398993,3736.4230414629,102.950963437557,0,0,6037.6895712018,56.7888531982899,4.94157394766808,0,3100.83691895008,2.0504629611969,1498.63797006011,0,9.67712604999542,0,678.832115024328,1.84105974435806,2499.26821744442,721.491568386555,0,0,4.28345572948456,0,0,0,0,0,690.613040715456,0,14.7444458007812,5.46385616064072,193.624628394842,259.433743089437,0,0,300.621146321297,0.560046195983887,101.252827525139,0,5.29515093564987,0,0.659325003623962,0,0,0,11.1555336117744,0,1.26307308673859,0,125.926523059607,0,62.5442568659782,0,29.0733698010445,0,12904.4113206863,19.2626832723618,975.031096667051,1.06953728199005,581.347824335098,0,63.9430372714996,0,488.527978897095,0,190.561410993338,19.2158156633377,2219.38387995958,59.4623972177505,3219.39462602139,75.2272688448429,1516.6590282917,36.4140180647373,724.389253854752,7.42598742246628,3072.74363473058,159.613519459963,4.03849691152573,0,98.8759906589985,0,84.9801557660103,0,1387.23231780529,0,0,0,656.83692201972,0,0,0,0,0,89.5540431439877,6.70084095001221,20.7429583668709,0,1.8197523355484,0,0,0,0,0,4.72244298458099,1.72526103258133,4.35584479570389,0,0.472667962312698,20.3120771050453,0,0,0,0,0,6.36625236272812
163.879301398993,0,96.3544830679893,3713.40891849995,0,0,16.0664825439453,10139.9592722356,0,1.29463398456573,1.08101987838745,1841.27098405361,2.70426177978516,977.246196627617,0,44.0846108198166,1.53258186578751,1361.60750606656,382.668055176735,2290.18344780803,0,0,0,17.2160283923149,0,0,0,0,15.8308606743813,119.795283377171,24.2878831923008,9.57043990492821,243.479119300842,371.11117580533,1.72696888446808,0,5.77908354997635,88.1268345117569,2.15875649452209,161.584137022495,0,2.46702009439468,0,1.75975346565247,0,3.06438863277435,0,4.19874513149261,0,8.59504812955856,0,85.8712442815304,0,1.20046699047089,0,5.82663357257843,43.6706748604774,13448.8380273283,8.98781496286392,972.826811701059,0,955.044137388468,1.38502162694931,328.415278881788,0,478.716785877943,54.4816034436226,144.568814843893,415.604071706533,1627.33005172014,173.389477163553,2853.834166646,45.5522021651268,1983.86306333542,11.3131275177002,858.263795107603,872.040088057518,4991.02525091171,0,2.68853098154068,0,20.5857475996017,1.04577851295471,0,0,277.435823142529,0,0,0,153.000333726406,0,0,0,0,2.18324208259583,49.4686722457409,3.82171022891998,1.21517789363861,0,0.690738558769226,0,0,0,0,0,5.06484079360962,0,3.78338444232941,14.6459257602692,11.6889094114304,0,0,0,0,0,0.581239700317383
3736.4230414629,96.3544830679893,0,939.092893481255,618.588932693005,63.6238842606544,10958.6139569879,747.492958664894,516.462912410498,58.7168332338333,687.139754056931,36.1744575500488,1044.43802300096,67.9647418856621,314.529189705849,27.2562010288239,94.8583099246025,4.56775623559952,3554.74822479486,854.984889239073,3.11424493789673,10.6743481457233,3355.47611477971,1464.15575942397,157.655590981245,133.674213945866,44.0208500921726,30.7891590595245,630.033110707998,9.55036559700966,337.604804456234,1199.62331563234,430.812749058008,360.267050802708,27.6650291979313,0.427873909473419,66.2676809132099,0.757115006446838,4.63329648971558,0,4.9729415178299,0,2.02950358390808,0,2.66688519716263,0,18.9392483830452,0,0,0,5.89210790395737,0,2.57057625055313,0,0,0,65.3999593257904,1.39074730873108,122.384154587984,0,8.40127968788147,0,1.9487521648407,0,3.32099586725235,0,296.235493183136,0.476727187633514,110.053076595068,1.11865824460983,3276.24872642756,748.942992448807,1290.76135852933,301.81656730175,416.305488228798,50.4446580410004,1792.17813321948,152.847425431013,0,0,4.43905109167099,0,85.4562454521656,0,21.5626022219658,0,0,0,3.36471748352051,0,0,0,0,0,40.9214685559273,0,0,0,0,0,0,0,0,0,0.632133960723877,0,0,0,7.90576821565628,12.7252758741379,0,0,0,0,0,1.7443340420723
102.950963437557,3713.40891849995,939.092893481255,0,124.129855543375,569.985298454762,385.879007309675,15103.1855948865,115.046211063862,201.365127652884,12.1644594669342,702.062852323055,38.3731798529625,686.383355557919,53.2418196797371,275.9152110219,0,208.388036727905,647.785409837961,3842.56789886951,1.31899881362915,2.46517312526703,582.762340575457,3510.09914636612,40.0632902681828,113.422803789377,6.30366045236588,16.4725529253483,60.370763361454,105.513363450766,341.250583827496,391.748438596725,307.965465337038,393.569908291101,0.74217677116394,2.96118438243866,0.712098479270935,18.8976048231125,0,6.965840280056,0,1.28731316328049,0,0,0,0,0,11.5258602499962,0,1.73460674285889,0,6.76075100898743,0,0,0,0,5.96844488382339,188.101601183414,0,43.9214235842228,0,44.0200372338295,0,16.9132631421089,0,27.4004999399185,3.80566048622131,54.1604188978672,91.9683305025101,115.467011988163,584.044619292021,2456.40966358781,156.385106861591,1447.43816253543,27.3411231637001,409.648262798786,226.602985948324,1728.77447065711,0,1.45241957902908,0,1.18073809146881,0,0,0,19.4690282940865,0,0,0,11.8565118312836,0,0,0,0,0,12.8469207286835,0,0,0,0,0,0,0,0,0,1.7679328918457,0,0,12.9272626042366,5.13562235236168,0,0,0,0,0,0
0,0,618.588932693005,124.129855543375,0,87.602686226368,337.411510825157,56.8295732140541,1398.94626459479,59.0021980404854,1.05356287956238,0,8.04077541828156,0,1997.63226801157,19.5495384931564,0,0,0,0,132.207228988409,59.0682053565979,194.030087530613,277.208303421736,255.990021944046,344.767720729113,826.06473505497,178.918657660484,467.890968799591,1.3004242181778,109.337553530931,337.59905013442,11.4570044875145,5.37139624357224,0,0,20.6785638332367,7.04984939098358,2.83806389570236,0,24.3141843676567,0.852426469326019,0,0,0,0,0,0,0,0,0,0,0,0,0.866495430469513,0,0,0,0,0,0,0,0,0,0,0,0,0,0,0,978.353597193956,120.102692604065,732.586653828621,24.4807602763176,25.2468272447586,1.29960829019547,16.6484842598438,2.27887982130051,0,0,4.82945388555527,0,22.7811860442162,0,1.77087771892548,0,14.2677576839924,0,0.726056158542633,0,0,0,0,0,0.886586010456085,0,0,0,0,0,0,0,0,0,0,0,0,0.559797346591949,0,0,0,0,0,0,0,0
0,0,63.6238842606544,569.985298454762,87.602686226368,0,15.0253409147263,315.034955739975,54.1237392425537,1447.08501636982,0,1.01408851146698,0,2.53143936395645,30.5661528706551,1448.20225828886,0,0,0,0,3.69897145032883,247.898843854666,70.1884066164494,48.69191634655,72.6086524426937,141.949878871441,49.9535763561726,1077.71341904998,3.71286481618881,152.179239451885,82.5474091172218,94.6660252213478,0.569580554962158,1.51653742790222,0,0,0,2.37953472137451,0,0,0,167.205277532339,0,0,0,0,0,0,0,0,0,0,0,0,0,0,0,0,0,0,0,0,0,0,0,0,0,0,0,0,98.1329144835472,513.675228059292,20.6502221822739,690.583356052637,0,17.024057507515,0,10.4326705038548,0,0,0,0,0,17.084888458252,0,0,0,1.85642856359482,0,0,0,0,0,0,0,0,0,0,0,0,0,0,0,0,0,0,0,0,0,0,0,0,0,0,0,0
6037.6895712018,16.0664825439453,10958.6139569879,385.879007309675,337.411510825157,15.0253409147263,0,285.171996742487,1213.92327612638,19.3421944379807,1570.75655460358,19.2078066468239,7257.3461098969,34.988949239254,317.079499810934,8.61443901062012,26.0195860862732,0,505.516798824072,224.785709381104,1.57569110393524,0,386.44214245677,550.269756287336,19.1576696634293,25.7229914665222,3.30322098731995,5.24732601642609,659.793232440948,3.8399885892868,56.8184055089951,324.876448452473,50.2752692699432,111.492747396231,4.53033000230789,0,67.6114930510521,0,1.49459981918335,0,1.44098746776581,0,0.484516620635986,0,0,0,16.8655419051647,0,1.92087903618813,0,181.4773632586,0,25.4902484714985,0,6.21371877193451,0,573.150987952948,0,201.469893038273,0,151.959550052881,0,7.16545283794403,0,256.626868784428,0,46.0464949011803,0,35.430078625679,0,3350.06861284375,296.61891835928,1239.62659019232,99.3806020319462,379.627021402121,22.1736977100372,1681.18286818266,44.1973360180855,0.638345837593079,0,21.3722761273384,0,25.0225897431374,0,440.027525216341,0,0,0,169.519456923008,0,0,0,0,0,28.4122579395771,0,6.53325483202934,0,0,0,0,0,0,0,0.589206218719482,0,2.97882241010666,2.06439518928528,6.23556882143021,3.12681382894516,0,0,0,0,0,0.846107184886932
56.7888531982899,10139.9592722356,747.492958664894,15103.1855948865,56.8295732140541,315.034955739975,285.171996742487,0,48.0794586539268,631.125091463327,12.676843225956,2371.27179253101,36.9047117829323,6172.07534810901,33.1704741120338,1161.49823075533,0.870536029338837,130.303309559822,441.132408022881,1103.48410111666,2.2097715139389,2.74075853824615,496.170788913965,762.908592551947,8.42140191793442,30.1044527888298,2.08411014080048,4.66096043586731,31.7246587872505,117.690464943647,230.084245145321,213.465164899826,142.799615740776,72.3481591045856,1.35712963342667,0.590307474136353,1.57735359668732,37.3401834368706,0.896408379077911,1.31090354919434,0,1.05070400238037,0,0,0,0,0,14.5223815739155,0,8.71166718006134,0,93.417962372303,0,0,0,3.15052914619446,3.3994717001915,637.006540089846,0,402.081782221794,0,465.092968642712,0,122.640138715506,0,288.837920606136,0.645098686218262,71.4421988129616,41.1650196909904,14.260072350502,571.214870423079,3712.81535935402,96.750982105732,1980.08074596524,9.98997765779495,567.079813331366,154.855065226555,2244.62691488862,0,0,0,17.8313257694244,0,0,0,285.075159609318,0,0,0,44.7979342937469,0,0,0,0,0,18.9432846307755,1.55964797735214,0,0,0,0,0,0,0,0,8.0926376581192,0,0,13.0244750380516,6.31773507595062,0,0,0,0,0,0.786573827266693
4.94157394766808,0,516.462912410498,115.046211063862,1398.94626459479,54.1237392425537,1213.92327612638,48.0794586539268,0,32.221384704113,8.57536423206329,0,829.874003887177,2.14014887809753,2428.40737056732,13.889034807682,0,0,2.03743201494217,0,15.2176166474819,5.35159260034561,116.125473916531,177.712301433086,49.7509117126465,113.283315509558,56.0805651545525,63.6549608409405,218.074605554342,0,45.5821928083897,213.145742297173,7.87894076108932,0,0,0,2.08075773715973,0,0,0,3.68772047758102,0,0,0,0,0,1.25238525867462,0,0,0,0,0,0,0,0,0,0,0,0,0,0,0,0,0,0,0,0,0,0,0,929.472319066525,79.4038284420967,721.916264086962,19.1498122811317,40.523833245039,0,96.7005940973759,0,0,0,4.62953591346741,0,4.91620254516602,0,1.07709264755249,0,1.8670369386673,0,0.845528185367584,0,0,0,0,0,0,0,0,0,0,0,0,0,0,0,0,0,0,0,0.608675897121429,0.50417959690094,0,0,0,0,0,0
0,1.29463398456573,58.7168332338333,201.365127652884,59.0021980404854,1447.08501636982,19.3421944379807,631.125091463327,32.221384704113,0,0,1.91095072031021,1.38824772834778,116.099832892418,21.7668849825859,2414.93938991427,0,0,0,2.81930011510849,0,16.6082211434841,45.3662043213844,47.6185730993748,37.0393112897873,82.8875647783279,6.50112670660019,263.159350454807,1.32913947105408,76.1996656358242,38.5620998740196,35.3695800304413,0,0,0,0,0,0.680259048938751,0,0,0,21.3565385341644,0,0,0,0,0,0.436250150203705,0,0,0,0,0,0,0,0,0,0.531097948551178,0,0,0,0,0,0,0,0,0,0,0,0,52.45963960886,887.562701076269,15.2285224199295,1205.47923853993,0,61.2607641816139,0,65.6327370107174,0,0,0,0,0,1.4494354724884,0,0,0,0.717913150787354,0,0,0,0,0,0,0,0.33739772439003,0,0,0,0,0,0,0,0,0,0,0,0,0.592333137989044,0,0,0,0,0,0,0
3100.83691895008,1.08101987838745,687.139754056931,12.1644594669342,1.05356287956238,0,1570.75655460358,12.676843225956,8.57536423206329,0,0,1.01213419437408,2691.51800194383,0,55.3052852153778,0,598.171018183231,0,408.214512050152,97.6163477003574,0,0,20.7013441324234,3.79418230056763,0,0,0,0,1134.18404296041,0,21.0376672744751,17.3914411664009,30.6529875993729,63.0785770118237,1.96283555030823,0,7.5845559835434,0,0,0,0,0,0.882391512393951,0,0,0,0,0,0,0,3.80345833301544,0,14.27659034729,0,3.86733013391495,0,463.495465308428,0,64.5221953988075,0,227.269191324711,0,133.306204855442,0,43.2896104454994,0,28.9060376286507,0,51.6100674569607,0,344.320102632046,14.1131363511086,125.487773805857,4.57841831445694,16.4134938716888,0.610600709915161,128.205764532089,6.04191076755524,5.10747855901718,0,316.939038693905,0,206.442909300327,0,772.784275263548,0,0,0,137.900166213512,0,0,0,0,0,0,0,1.07086801528931,0,0,0,0,0,0,0,1.77042591571808,0,0,0,0,1.50982964038849,0,0,0,0,0,0
2.0504629611969,1841.27098405361,36.1744575500488,702.062852323055,0,1.01408851146698,19.2078066468239,2371.27179253101,0,1.91095072031021,1.01213419437408,0,2.5959837436676,2365.95998710394,0,73.4759559631348,0,695.653114557266,127.625025480986,527.36672899127,0,0,17.8345069289207,71.7877812683582,0,0,0,0,8.29865193367004,859.863889157772,26.257504940033,31.8285499215126,41.0767602920532,88.5646141767502,0,0,0,2.01736611127853,0,0,0,0,0,0,0,0,0,2.59306806325912,0,0,0,0.470728307962418,0,0,0,0,0,212.421500086784,0,98.2470294237137,0,560.882317125797,0,522.777176558971,0,86.529581964016,0,32.8882569670677,0,17.5307323336601,96.8205008208752,486.296978384256,6.40780329704285,512.678837776184,0,36.8756597042084,25.6719660162926,169.568299293518,0,4.7273570895195,0,29.0058786869049,0,0,0,78.474658459425,0,0,0,16.5367197394371,0,0,0,0,0,1.53864920139313,1.65617763996124,0,0,0,0,0,0,0,0,0,0,0,0.928232669830322,0,0,0,0,0,0,0
1498.63797006011,2.70426177978516,1044.43802300096,38.3731798529625,8.04077541828156,0,7257.3461098969,36.9047117829323,829.874003887177,1.38824772834778,2691.51800194383,2.5959837436676,0,2.7744225859642,2699.28856155276,0,97.2906185984612,0,514.508177995682,66.7487517893314,0,0,107.008882671595,54.171141564846,0,0,1.4163476228714,1.3107568025589,2035.5805516541,0,37.5798816680908,67.9982820749283,64.2844995260239,56.1391027271748,3.20265337824821,0,8.63397800922394,0,1.51156008243561,0,1.53352832794189,0,0,0,0,0,3.42982047796249,0,0,0,3.47607728838921,0,0.749474763870239,0,1.73996567726135,0,272.684312134981,0,40.4589937627316,0,47.3391449451447,0,46.3703439831734,0,39.4998270273209,0,13.4923753142357,0,38.6783850193024,0,1131.62376725674,62.7771250009537,877.36890232563,6.5676064491272,114.82702255249,1.11715734004974,427.735521525145,6.51560038328171,3.14591008424759,0,134.868805587292,0,10.3265035152435,0,341.491372019053,0,0,0,23.0173433423042,0,0,0,0,0,2.98614749312401,0,2.57177197933197,0,0,0,0,0,0,0,0,0,0,0,0,0,0,0,0,0,0,0
0,977.246196627617,67.9647418856621,686.383355557919,0,2.53143936395645,34.988949239254,6172.07534810901,2.14014887809753,116.099832892418,0,2365.95998710394,2.7744225859642,0,0,1830.15112549067,0,67.5304237008095,34.4126662611961,351.659345179796,0,0,44.3675412833691,283.200351476669,0,1.98053526878357,0,0,5.0064942240715,1044.89159739017,32.6964508295059,30.640725672245,23.5859658718109,52.2308422625065,0,1.3536225259304,0,3.84586936235428,0,0,0,0,0,0,0,0,0,1.27946662902832,0,0,0,0,0,0,0,0,0,90.1297817230225,0,60.1822609305382,0,525.096043169498,0,364.148401886225,0,75.9337095618248,0,2.48064288496971,0,3.48968690633774,73.6066243648529,702.820081442595,8.22466605901718,852.932954907417,0,74.6988690793514,10.3908007144928,191.07125851512,0,0,0,33.6399776935577,0,0,0,69.8773683309555,0,0,0,10.9454282522202,0,0,0,0,0,2.03150328993797,1.20666611194611,0,0,0,0,0,0,0,0,0,1.2414036989212,0,0.694986164569855,0,0,0,0,0,0,0
9.67712604999542,0,314.529189705849,53.2418196797371,1997.63226801157,30.5661528706551,317.079499810934,33.1704741120338,2428.40737056732,21.7668849825859,55.3052852153778,0,2699.28856155276,0,0,5.03393280506134,2.37689411640167,0,12.5963746905327,0,79.7293393015862,26.6974364519119,160.00187009573,123.678869962692,127.102114588022,142.788140207529,477.505907654762,74.305747628212,3401.75499680638,0,126.858970105648,148.857789456844,18.2902992069721,0,0,0,21.1223124861717,0,1.52752542495728,0,14.0040435791016,0.964644551277161,0,0,0,0,2.11679983139038,0,0,0,0,0,0,0,0,0,1.36982518434525,0,0,0,0,0,0,0,0,0,0,0,0,0,1698.49742090702,59.4007287621498,2701.46172887087,11.5893151760101,150.564371883869,0,337.434491455555,0.914504766464233,0,0,17.5342953205109,0,34.3283388614655,0,3.35773396492004,0,13.2835084795952,0,0.935456812381744,0,0,0,0,0,5.80184745788574,0,0,0,0,0,0,0,0,0,0,0,0,0,0.955071479082108,1.48399811983109,0,0,0,0,0,0
0,44.0846108198166,27.2562010288239,275.9152110219,19.5495384931564,1448.20225828886,8.61443901062012,1161.49823075533,13.889034807682,2414.93938991427,0,73.4759559631348,0,1830.15112549067,5.03393280506134,0,0,18.3688946664333,0,19.6472858190536,2.20697116851807,90.3389787971973,20.0029498934746,139.20716419816,10.6385304629803,137.547890543938,13.661409676075,333.679740577936,0.883386731147766,1728.72636383772,22.6131843328476,38.8486449718475,1.0807957649231,7.48252376914024,0,0,0,6.79587423801422,0,0.876906037330627,0,115.464299917221,0,0,0,0,0,0,0,0,0,0,0,0,0,0,0,7.88578999042511,0,0,0,9.08211660385132,0,12.6386870145798,0,0.964898765087128,0,0.469261974096298,0,0,48.9479243457317,1180.69767764211,5.98450517654419,3344.7247183919,0,174.790017366409,1.05564498901367,250.158063441515,0,2.43508982658386,0,2.62720203399658,0,22.4870933890343,0,0,0,1.91067469120026,0,0,0,0,0,0,0.950051873922348,1.03459680080414,0,0,0,0,0,0,0,0,0,0.549788355827332,0,0,2.15320748090744,2.18900993466377,0,0,0,0,0,0
678.832115024328,1.53258186578751,94.8583099246025,0,0,0,26.0195860862732,0.870536029338837,0,0,598.171018183231,0,97.2906185984612,0,2.37689411640167,0,0,0,67.2101735472679,15.0024725198746,0,0,0,0,0,0,0,0,2586.8020016849,0,0.669842779636383,0,7.06245619058609,23.799064218998,0.605931460857391,0.602966964244843,11.6513196825981,0,5.62404769659042,0,0,0,1.0951900780201,0,0.971340179443359,0,0,0,1.52416157722473,0,3.62022525072098,0,0.699594140052795,0,0,0,2127.00979211926,0,107.242008447647,0,338.141683846712,0,906.396843403578,0,26.7229810655117,0,25.2876223325729,3.6856272816658,38.5370150208473,0.712510585784912,114.753607302904,3.02613002061844,178.562077522278,1.16662395000458,12.6852005720139,0.903679490089417,153.03495746851,2.08259183168411,204.324928104877,0,1414.49752154946,0,172.124265491962,0,439.386121153831,0,1.13813865184784,0,66.2496928572655,0,0,0,0,0,5.22084277868271,0,0.858707964420319,0,0,0,0,0,0,0,0,0,1.21820437908173,0,0,1.61342084407806,0,0,0,0,0,0
1.84105974435806,1361.60750606656,4.56775623559952,208.388036727905,0,0,0,130.303309559822,0,0,0,695.653114557266,0,67.5304237008095,0,18.3688946664333,0,0,23.2380449175835,190.103669047356,0,0,0,3.7478004693985,0,0,0,0,1.72854396700859,2500.08701831102,0.690956175327301,3.26749622821808,13.2971019148827,32.7968525886536,0,0,0,3.42973017692566,0,3.14102494716644,0,0,0,0,0,0,0,1.57941389083862,0,0,0,0.461499392986298,0,0,0,0,0.937536180019379,1877.03522241116,0,83.7469246387482,1.15311002731323,410.929578751326,0,2236.9721314311,0,25.2205259799957,0,44.7860324382782,3.61456680297852,27.8236396312714,10.1370473504066,308.363878786564,3.12592798471451,1095.55048784614,0.562186777591705,81.0766259431839,53.0406554639339,272.920050382614,0,199.942653775215,0,746.719846725464,0,6.66345924139023,0,83.520057618618,0,0,0,15.4685037136078,0,0,0,0,0,2.1364409327507,0,0,0,0,0,0,0,0,0,1.93346220254898,0,0,0,0.827492713928223,0,0,0,1.37523686885834,0,0
2499.26821744442,382.668055176735,3554.74822479486,647.785409837961,0,0,505.516798824072,441.132408022881,2.03743201494217,0,408.214512050152,127.625025480986,514.508177995682,34.4126662611961,12.5963746905327,0,67.2101735472679,23.2380449175835,0,3062.92492815852,0,0,948.550207972527,307.075270205736,0.82430511713028,0,0,0,343.769418001175,8.36470860242844,337.502967506647,309.315474152565,3682.17874360085,1295.31432083249,30.1923485398293,1.68227717280388,63.7011004686356,3.83719635009766,13.3726652264595,0,2.60088121891022,0,8.29471445083618,0,5.24241736531258,0,16.008825480938,0.814294338226318,0,0,1.02673864364624,0,0,0,0,0,137.93075427413,20.1971827745438,270.141339659691,0.572931051254272,5.55664902925491,0,1.05707293748856,1.1643373966217,1.41277694702148,0,1008.33208853006,20.5984961986542,2184.70184510946,36.2496786117554,1649.37923392653,372.627072125673,433.625671863556,214.533715605736,226.587720930576,80.7207163274288,1353.51044467092,411.232081353664,0,0,2.85295140743256,0,40.2816663682461,0,11.7952836751938,0,0,0,0,0,0,0,0,0,29.2534205019474,1.89242768287659,1.47964578866959,0,0,0,0,0,0,0,0.83505254983902,0,0,0,0,4.17472189664841,0,0,0,0,0,0.516882061958313
721.491568386555,2290.18344780803,854.984889239073,3842.56789886951,0,0,224.785709381104,1103.48410111666,0,2.81930011510849,97.6163477003574,527.36672899127,66.7487517893314,351.659345179796,0,19.6472858190536,15.0024725198746,190.103669047356,3062.92492815852,0,0,0,140.860858738422,943.109699845314,0,0,0,0,175.861464589834,61.9215549230576,323.194315195084,299.927078068256,1200.79853641987,7661.51486060023,0.743473052978516,27.6925195157528,18.4462243318558,11.7568413615227,3.28662872314453,10.4179941415787,0,0,0,4.7937245965004,0,0.680475890636444,0,17.4055196940899,0,0.889072597026825,0,2.20321774482727,0,0,0,0,57.402595102787,365.052451550961,17.7500209212303,33.6889256834984,0.791583776473999,30.7618253231049,0,20.6983128786087,0,6.30257678031921,108.66007617116,418.271098971367,927.658348530531,3317.94982773066,737.736076176167,964.212475180626,220.592947274446,640.137375295162,81.3228167593479,272.41774225235,996.537229001522,1713.86820736527,0,1.2305121421814,0,0,9.01241230964661,0,1.18670082092285,6.76749354600906,0,0,0,0,0,0,0,0,0,12.8122719526291,0,0,0,0,0,0,0,0,0,4.08140873908997,0,0,5.25496709346771,8.57817357778549,0,0,0,0,0,0
0,0,3.11424493789673,1.31899881362915,132.207228988409,3.69897145032883,1.57569110393524,2.2097715139389,15.2176166474819,0,0,0,0,0,79.7293393015862,2.20697116851807,0,0,0,0,0,26.4915935695171,18.0178627967834,7.09342628717422,214.76055932045,16.2622553110123,712.58414426446,24.1557393074036,6.48023974895477,0,648.530866384506,30.6589719057083,17.851765871048,0,1.42414915561676,0,18.6175028085709,1.92120581865311,3.0413498878479,0,12.273886859417,9.67233729362488,0,0,0,0,0,0,0,0,0,0,0,0,0,1.47623038291931,0,0,0,0,0,0,0,0,0,0,0,0,0,0,704.669510036707,30.1412282586098,68.8619979918003,8.74111866950989,7.23736655712128,19.1881701350212,7.7934627532959,6.27926456928253,0,0,0,0,1.79814982414246,1.12200546264648,0,0,3.49760544300079,0.864727199077606,1.08597493171692,0,0,0,0,0,0,0,0,0,0,0,0,0,0,0,0,0,0,0,0,0,0,0,0,0,0,0
0,0,10.6743481457233,2.46517312526703,59.0682053565979,247.898843854666,0,2.74075853824615,5.35159260034561,16.6082211434841,0,0,0,0,26.6974364519119,90.3389787971973,0,0,0,0,26.4915935695171,0,26.3144646883011,21.8809320628643,100.291635096073,237.47793123126,170.996799945831,1094.64322265983,0.900212228298187,39.5007125735283,196.650969803333,645.760736703873,7.59251880645752,3.17484837770462,0,0.875639200210571,23.0328623056412,128.537292838097,0,3.64060097932816,2.51679718494415,86.8071262836456,0,0,0,0,0,0.732207179069519,0,0,0,0,0,0,0,0,0,0.805022954940796,0,0,0,0,0,0,0,0,0,0,0,0,106.434566110373,551.026918172836,6.92737424373627,134.333735644817,0,3.05818808078766,0,13.1541889309883,0,0,0,0,0,29.5401760935783,0,1.47909128665924,0,1.54269409179688,0,0,0,1.44479310512543,0,0,0,2.36558645963669,0,0,0,0,0,0,0,0,0,0.825427711009979,0,0,0,0,0,0,0,0,0,0
4.28345572948456,0,3355.47611477971,582.762340575457,194.030087530613,70.1884066164494,386.44214245677,496.170788913965,116.125473916531,45.3662043213844,20.7013441324234,17.8345069289207,107.008882671595,44.3675412833691,160.00187009573,20.0029498934746,0,0,948.550207972527,140.860858738422,18.0178627967834,26.3144646883011,0,1479.23934093118,1048.61503025889,237.752135545015,166.966990530491,91.119666069746,105.795181393623,6.43780946731567,2964.69411054254,1625.24293732643,1665.6213157475,233.749383151531,89.1032521128654,0.664706587791443,2.64485192298889,0,0,0,1.11256015300751,0,6.23655766248703,0,1.00739753246307,0,2.0305934548378,0,0,0,0,0,0,0,0,0,1.90245199203491,0,1.55839514732361,0,0,0,0,0,0.5998255610466,0,85.5417445898056,0,8.49718165397644,0,1245.95904126763,625.744855761528,339.277447104454,176.958891361952,51.910644620657,29.6638685464859,145.326116889715,22.1436531543732,0,0,0,0,1.03314888477325,0,0,0,0,0,0,0,0,0,0,0,1.36986148357391,0,0,0,0,0,0,0,0,0,0,0,0,0,0,0,0,0,0,0,0,0
0,17.2160283923149,1464.15575942397,3510.09914636612,277.208303421736,48.69191634655,550.269756287336,762.908592551947,177.712301433086,47.6185730993748,3.79418230056763,71.7877812683582,54.171141564846,283.200351476669,123.678869962692,139.20716419816,0,3.7478004693985,307.075270205736,943.109699845314,7.09342628717422,21.8809320628643,1479.23934093118,0,148.755626320839,766.774379193783,26.6323535144329,60.2794994711876,32.1965271830559,29.8167031109333,775.740742325783,2959.16282555461,254.216748893261,2001.49379920959,0,30.6099436879158,0,9.78899544477463,0,0,0,1.13925302028656,0,3.21877431869507,0,0,0,4.26343530416489,0,0,0,0,0,0,0,0,0,3.29206848144531,0,0,0,0.808430194854736,0,0,0,0,0,50.6213402152061,1.48594915866852,3.21535471081734,658.939841836691,1881.40659809113,239.512411683798,671.426582872868,13.4081566333771,177.542733192444,13.8017275929451,431.815070331097,0,0,0,0,0,0,0,0.819276809692383,0,0,0,0,0,0,0,0,0,2.08505725860596,0,0,0,0,0,0,0,0,0,0,0,0,0,1.73535001277924,0,0,0,0,0,0.866480052471161
0,0,157.655590981245,40.0632902681828,255.990021944046,72.6086524426937,19.1576696634293,8.42140191793442,49.7509117126465,37.0393112897873,0,0,0,0,127.102114588022,10.6385304629803,0,0,0.82430511713028,0,214.76055932045,100.291635096073,1048.61503025889,148.755626320839,0,418.230939179659,577.166002929211,231.368259817362,30.9229690134525,3.65737044811249,836.767943173647,369.739718198776,33.5962270796299,2.23064249753952,0,0,0,0,0,0,1.59445267915726,0,0,0,0,0,0,0,0,0,0,0,0,0,0,0,0,0,0,0,0,0,0,0,0,0,0,0,0,0,544.996988147497,138.746203064919,82.2025672495365,13.4933480918407,6.54548466205597,0,0,0,0,0,0,0,0,0,0,0,0.948955088853836,0,0,0,0,0,0,0,0,0,0,0,0,0,0,0,0,0,0,0,0,0,0,0,0,0,0,0,0,0
0,0,133.674213945866,113.422803789377,344.767720729113,141.949878871441,25.7229914665222,30.1044527888298,113.283315509558,82.8875647783279,0,0,0,1.98053526878357,142.788140207529,137.547890543938,0,0,0,0,16.2622553110123,237.47793123126,237.752135545015,766.774379193783,418.230939179659,0,184.447868168354,953.439004808664,3.01760375499725,10.2376458644867,546.44921374321,804.354349046946,11.0474088788033,15.5324412584305,0,0.645770668983459,0,0.691661775112152,0,0,0,13.1939996480942,0,0,0,0,0,0,0,0,0,0,0,0,0,0,0,0,0,0,0,0,0,0,0,0,0,0,0,0,309.361131966114,657.845653682947,41.5435108542442,188.125880032778,1.87927442789078,8.5508291721344,0,11.6644096672535,0,0,0,0,0,0.536774575710297,0,0,0,0,0,0,0,0,0,0,0,0,0,0,0,0,0,0,0,0,0,0,0,0,0,0,0,0,0,0,0,0
0,0,44.0208500921726,6.30366045236588,826.06473505497,49.9535763561726,3.30322098731995,2.08411014080048,56.0805651545525,6.50112670660019,0,0,1.4163476228714,0,477.505907654762,13.661409676075,0,0,0,0,712.58414426446,170.996799945831,166.966990530491,26.6323535144329,577.166002929211,184.447868168354,0,245.332458436489,104.068283259869,1.81525236368179,346.533800393343,163.905258774757,11.1741900146008,0,1.39725196361542,0,287.327189564705,63.855103969574,19.4449892044067,1.11289381980896,16.6778262555599,1.26466327905655,0,0,0,0,0.842146813869476,0.684051334857941,0,0,0,0,0,0,0,0,0,0,0,0,0,0,0,0,0,0,0,0,0,0,779.954335212708,86.6134847402573,192.809705793858,9.72276991605759,14.7413496375084,6.20125705003738,9.11498010158539,5.35037928819656,0,0,2.60471779108047,0,10.0160248875618,0,1.5333172082901,0,9.47679015994072,0,0.694720089435577,0,0,0.905647754669189,0,0,4.2901599407196,1.32849812507629,0.735791027545929,0,0,0,0,0,0,1.26039099693298,0,0,1.78411650657654,0,0,0,0,0,0,0,0,0
0,0,30.7891590595245,16.4725529253483,178.918657660484,1077.71341904998,5.24732601642609,4.66096043586731,63.6549608409405,263.159350454807,0,0,1.3107568025589,0,74.305747628212,333.679740577936,0,0,0,0,24.1557393074036,1094.64322265983,91.119666069746,60.2794994711876,231.368259817362,953.439004808664,245.332458436489,0,4.04974973201752,57.4671748876572,307.042190134525,411.348575055599,5.87271875143051,5.8417301774025,0,0,52.9099540710449,78.0871922969818,6.79589152336121,0,2.10469353199005,85.4064383804798,0,0,0,0,0,0.843241035938263,0,0,0,0,0,0,0,0,0,0,0,0,0,0,0,0,0,0,0,0,0,0,263.010678172112,715.016354650259,13.7236941456795,451.116323202848,0,10.3813927173615,3.4373939037323,12.5794188380241,0,0,0,0,0,12.0212506651878,0,0,1.69381296634674,1.61195251345634,0,0,0,0,0,0,0,1.1156564950943,0.700355172157288,0.983468770980835,0,1.12443649768829,0,0,0,0,0,0,0,0,0,0,0,0,0,0,0,0
690.613040715456,15.8308606743813,630.033110707998,60.370763361454,467.890968799591,3.71286481618881,659.793232440948,31.7246587872505,218.074605554342,1.32913947105408,1134.18404296041,8.29865193367004,2035.5805516541,5.0064942240715,3401.75499680638,0.883386731147766,2586.8020016849,1.72854396700859,343.769418001175,175.861464589834,6.48023974895477,0.900212228298187,105.795181393623,32.1965271830559,30.9229690134525,3.01760375499725,104.068283259869,4.04974973201752,0,0.88437283039093,57.7839643359184,67.0090565085411,50.1020551025867,73.2438502311707,22.0803843140602,17.4534566402435,193.816477179527,4.71036219596863,48.6318446695805,0,109.245211541653,0,122.257049411535,0,44.5491180717945,1.50779986381531,243.243116796017,0,138.587848484516,0,198.878073126078,0,113.826358616352,0,144.288436710835,0,1358.30564233661,4.32007104158401,568.854122042656,1.00170564651489,185.560899883509,0,594.218332231045,0.5794517993927,57.0510687828064,0,231.43051058054,26.6642488837242,152.264684468508,6.45159387588501,653.538734674454,35.9634742736816,2995.3747561276,20.5873930156231,126.270938724279,12.5467674136162,571.720792144537,22.2509149909019,251.726527035236,0,1341.93233838677,0,1286.16600117087,0,808.351657181978,0,419.378687024117,0,426.358135402203,0,6.48215281963348,0,1.88137513399124,0,23.4623353481293,4.58852934837341,9.15543937683105,0,4.54515433311462,0,0,0,3.14401936531067,0,7.27559298276901,1.28011083602905,7.75185233354568,0,2.91866564750671,5.51229864358902,0,0,0,0,0,1.65444719791412
0,119.795283377171,9.55036559700966,105.513363450766,1.3004242181778,152.179239451885,3.8399885892868,117.690464943647,0,76.1996656358242,0,859.863889157772,0,1044.89159739017,0,1728.72636383772,0,2500.08701831102,8.36470860242844,61.9215549230576,0,39.5007125735283,6.43780946731567,29.8167031109333,3.65737044811249,10.2376458644867,1.81525236368179,57.4671748876572,0.88437283039093,0,10.3200725913048,8.83582699298859,4.4813192486763,16.608661711216,3.91565203666687,0,3.11052751541138,59.9448886215687,0,12.0967580080032,0,445.266360163689,9.24402469396591,15.5690115988255,0,65.6294893026352,2.27669191360474,51.4802747070789,0,75.5152631103992,0,55.4680337011814,0,9.73283603787422,0,18.549665749073,1.13918828964233,350.889432936907,3.12227022647858,188.188518255949,0,121.877513229847,0,538.670488089323,1.25955128669739,61.5196292996407,5.40780061483383,59.0966946184635,0,13.9002052545547,14.8423539996147,155.820465147495,1.77784878015518,4963.03119787574,0.488751381635666,30.1057564020157,8.51005122065544,75.7257941365242,0,381.626032888889,0,467.569486051798,0,343.408515751362,0,100.362703830004,0,21.7719351649284,0,32.296484619379,0,0,0,0,0,3.30463469028473,0,1.05447089672089,0,3.90288460254669,0,0,0,1.55180048942566,0,2.83104658126831,0,0.610116541385651,0,1.67595809698105,0,0,0,0,0,0
14.7444458007812,24.2878831923008,337.604804456234,341.250583827496,109.337553530931,82.5474091172218,56.8184055089951,230.084245145321,45.5821928083897,38.5620998740196,21.0376672744751,26.257504940033,37.5798816680908,32.6964508295059,126.858970105648,22.6131843328476,0.669842779636383,0.690956175327301,337.502967506647,323.194315195084,648.530866384506,196.650969803333,2964.69411054254,775.740742325783,836.767943173647,546.44921374321,346.533800393343,307.042190134525,57.7839643359184,10.3200725913048,0,1244.04277166724,2258.14875778556,266.138842821121,217.442865848541,1.90901029109955,2.76180297136307,2.69914042949677,0,0,0,0,47.3628445267677,0,23.6415415406227,0,11.3390194773674,1.22627294063568,0,0,0,0,0,0,0,0,4.75473493337631,4.50472885370255,6.15550404787064,1.63848775625229,0,5.04950577020645,0,3.80834966897964,0.700991809368134,4.80939519405365,496.470201671124,7.1729491353035,13.9454842805862,2.41081923246384,1337.27482756972,363.156872719526,172.270942389965,87.7221918106079,20.1927961707115,13.8200223445892,101.638382315636,128.158737778664,0,0,1.46114897727966,0,0,0,0,6.11872535943985,0,0,0,0,0,0,0,0,1.76356601715088,0,0,0,0,0,0,0,0,0,0,0,0,0,0,0,0,0,0,0,0,1.72702121734619
5.46385616064072,9.57043990492821,1199.62331563234,391.748438596725,337.59905013442,94.6660252213478,324.876448452473,213.465164899826,213.145742297173,35.3695800304413,17.3914411664009,31.8285499215126,67.9982820749283,30.640725672245,148.857789456844,38.8486449718475,0,3.26749622821808,309.315474152565,299.927078068256,30.6589719057083,645.760736703873,1625.24293732643,2959.16282555461,369.739718198776,804.354349046946,163.905258774757,411.348575055599,67.0090565085411,8.83582699298859,1244.04277166724,0,278.586884438992,2842.34119734168,14.1727967858315,98.4178263545036,2.27726185321808,1.56768381595612,0.698596477508545,1.12266778945923,0,2.06362694501877,4.34511971473694,17.8369346559048,0.501410782337189,0.766586184501648,0,21.193429172039,0,0,0,0,0,0,0,0.350477606058121,0.49778538942337,2.89506524801254,0,0,0,1.62725782394409,0,1.38969230651855,0,0,26.9426330626011,233.274580448866,2.53393292427063,6.14083662629128,693.54984241724,935.911168664694,250.878220081329,160.236776530743,38.1132146120071,38.6527937054634,90.1894292533398,107.90531334281,0,0,0,0,0.738493740558624,0,0,0.863999307155609,0,0,0,0,0,0,0,0,1.92979884147644,0,0.3681580722332,0,0,0,0,0,0,0,0,0,0,0,1.85830119252205,3.02116519212723,0,0,0,0,0,0
193.624628394842,243.479119300842,430.812749058008,307.965465337038,11.4570044875145,0.569580554962158,50.2752692699432,142.799615740776,7.87894076108932,0,30.6529875993729,41.0767602920532,64.2844995260239,23.5859658718109,18.2902992069721,1.0807957649231,7.06245619058609,13.2971019148827,3682.17874360085,1200.79853641987,17.851765871048,7.59251880645752,1665.6213157475,254.216748893261,33.5962270796299,11.0474088788033,11.1741900146008,5.87271875143051,50.1020551025867,4.4813192486763,2258.14875778556,278.586884438992,0,1045.14515170455,1230.66737514734,15.3058270215988,12.422772705555,6.05403047800064,12.2365111112595,0.818530142307281,0,0,99.0858376026154,0.791715621948242,157.625370085239,1.46646893024445,16.4529480338097,4.27906110882759,1.72276091575623,0.814105153083801,0,0.661905944347382,0,0,0,0,113.096806406975,130.876838624477,144.519145876169,32.0945538282394,2.20274633169174,3.53065353631973,1.84318953752518,12.4115011692047,0,0.758059024810791,4448.85243505239,251.861738711596,2065.44687715173,195.63450807333,338.348339557648,148.295516908169,108.778163164854,84.5477858483791,29.9057887196541,25.8763097524643,234.193154782057,161.07081130147,0,0,1.46977210044861,4.0334404706955,0.402718544006348,0,0,2.29175782203674,0,0,0,0,0,0,0,0,4.30841916799545,0.780917644500732,0,0,0,0,0,0,0,0,0,0,0,0,0,1.01870489120483,0,0,0,0,0,0
259.433743089437,371.11117580533,360.267050802708,393.569908291101,5.37139624357224,1.51653742790222,111.492747396231,72.3481591045856,0,0,63.0785770118237,88.5646141767502,56.1391027271748,52.2308422625065,0,7.48252376914024,23.799064218998,32.7968525886536,1295.31432083249,7661.51486060023,0,3.17484837770462,233.749383151531,2001.49379920959,2.23064249753952,15.5324412584305,0,5.8417301774025,73.2438502311707,16.608661711216,266.138842821121,2842.34119734168,1045.14515170455,0,85.2731905579567,777.233600318432,21.233148753643,22.2024460732937,1.10243582725525,47.126668214798,0,0,26.0278711915016,98.6988134086132,20.7411015331745,9.43647557497025,16.6999421715736,169.042878180742,0.532132685184479,6.81122350692749,0,6.75208225846291,0.425053477287292,0,0,4.35016468167305,199.675845861435,457.560449749231,221.434676408768,71.2435609400272,26.0323967933655,14.7410531938076,29.5255599617958,27.7836435139179,0,3.16595184803009,1539.19744244218,5361.79178991914,1022.10612756014,1543.34192493558,306.034721970558,336.020069181919,141.419500976801,170.038790583611,54.1144996881485,58.989229798317,425.991074591875,419.956838965416,1.07674384117126,1.36171400547028,8.40982574224472,21.6936600506306,8.13992255926132,0,3.30120015144348,23.5355383753777,0,0,1.21054315567017,9.4586695432663,0,0,0,0,4.82355064153671,3.93315273523331,1.48985064029694,0.58076810836792,0,0,0,0,0,0,0,3.15888243913651,0,0,9.76401624083519,3.11691629886627,0,0,0,0,1.1270477771759,1.48111212253571
0,1.72696888446808,27.6650291979313,0.74217677116394,0,0,4.53033000230789,1.35712963342667,0,0,1.96283555030823,0,3.20265337824821,0,0,0,0.605931460857391,0,30.1923485398293,0.743473052978516,1.42414915561676,0,89.1032521128654,0,0,0,1.39725196361542,0,22.0803843140602,3.91565203666687,217.442865848541,14.1727967858315,1230.66737514734,85.2731905579567,0,273.884585797787,196.786921173334,85.3581334352493,52.5014536380768,18.3975185155869,5.77315706014633,3.06011041998863,549.40973469615,215.156146168709,507.208087235689,288.667404055595,280.545096755028,95.2248167693615,362.189172565937,208.338901519775,164.706200540066,58.1280798614025,44.8108835816383,3.71252730488777,56.4872283935547,15.152533352375,2.24643188714981,29.0767692923546,63.1217046976089,199.02557066083,13.5114076137543,42.3541504144669,5.59154087305069,21.5182722806931,0.529884457588196,12.5356084704399,3094.82653817534,824.135696828365,0,9.88455605506897,47.4562051296234,6.06778573989868,45.3287995457649,33.1866599619389,4.96371555328369,8.94046401977539,151.88349661231,78.9439226388931,0.94924783706665,1.2237457036972,38.6428326368332,30.128452450037,3.1867264509201,1.65018045902252,46.0630461871624,38.9654788970947,5.08256375789642,0,26.4234180748463,59.4425247907639,0,1.04144692420959,0,0,5.11954116821289,0.921191215515137,3.3823413848877,0,0,0,0,0,0,0,0.699973940849304,0,0,0,0,2.64071124792099,0,0,0,0,0,0
0,0,0.427873909473419,2.96118438243866,0,0,0,0.590307474136353,0,0,0,0,0,1.3536225259304,0,0,0.602966964244843,0,1.68227717280388,27.6925195157528,0,0.875639200210571,0.664706587791443,30.6099436879158,0,0.645770668983459,0,0,17.4534566402435,0,1.90901029109955,98.4178263545036,15.3058270215988,777.233600318432,273.884585797787,0,102.644459456205,113.31265065074,19.6454367637634,91.792217373848,6.07645189762115,2.87407195568085,308.018909066916,355.283371776342,333.920227468014,242.705356359482,161.964466750622,310.911276429892,296.572429656982,171.306539177895,140.576955139637,36.2649564445019,22.1315861046314,10.4849152266979,50.6377351284027,48.30201998353,3.92590016126633,0.838298976421356,81.8507524132729,132.796887099743,15.0006925463676,11.7532648444176,1.66687905788422,1.52267074584961,0.984824657440186,4.67438125610352,599.928595274687,2446.07209390402,8.28801077604294,0,9.01784616708755,5.77723416686058,38.5958214998245,32.046483874321,3.21852737665176,7.48873347043991,97.7849087119102,39.2029103040695,0,1.33058893680573,31.4499082565308,18.9478660225868,1.42580544948578,7.59929943084717,36.5423237085342,14.2575530707836,0,3.02837693691254,20.7607491016388,19.7541546225548,0,0.570838391780853,0,0,4.13394856452942,8.42693185806274,0.97741687297821,0,1.41821789741516,0,0,0,0,0,0,0,0,0,1.06205296516418,0,0,0,0,0,0,0
300.621146321297,5.77908354997635,66.2676809132099,0.712098479270935,20.6785638332367,0,67.6114930510521,1.57735359668732,2.08075773715973,0,7.5845559835434,0,8.63397800922394,0,21.1223124861717,0,11.6513196825981,0,63.7011004686356,18.4462243318558,18.6175028085709,23.0328623056412,2.64485192298889,0,0,0,287.327189564705,52.9099540710449,193.816477179527,3.11052751541138,2.76180297136307,2.27726185321808,12.422772705555,21.233148753643,196.786921173334,102.644459456205,0,306.524019449949,2020.95227399468,25.9739570617676,570.921544790268,5.93258988857269,316.662562429905,290.228548914194,224.710888743401,377.773764252663,1294.28786191344,93.981393635273,442.918442487717,216.553273439407,336.096882611513,16.6020362377167,181.759686022997,14.2508625984192,1334.91278526187,19.8201018571854,286.163962900639,13.8554629683495,559.88228443265,164.815551280975,80.8201774954796,12.4526143074036,41.1687066555023,10.0262359678745,20.3648526966572,2.25605237483978,878.717145472765,648.65189704299,201.353375256062,6.0326252579689,502.337800532579,15.6961557269096,682.842602610588,42.8484017848969,1340.37285262346,46.7580239474773,4003.5581689477,107.387834191322,7.88329702615738,0.738415956497192,184.762865036726,13.5014674067497,228.683814167976,0.880548477172852,234.12833198905,5.40557909011841,1496.26447865367,0.626137673854828,939.731829673052,5.98313331604004,116.570863395929,126.972008615732,22.091228812933,43.0661140084267,206.255251049995,42.6000896394253,119.486101418734,23.9177769422531,88.9174600243568,50.0635121166706,38.7088775634766,14.1480390429497,77.6567139327526,103.135403871536,61.5630333125591,31.1485436856747,47.8760996460915,28.4726332426071,33.2737706303596,64.4034117460251,26.5443808734417,0.900294095277786,3.34124046564102,1.39669692516327,5.09037178754807,12.4592998623848
0.560046195983887,88.1268345117569,0.757115006446838,18.8976048231125,7.04984939098358,2.37953472137451,0,37.3401834368706,0,0.680259048938751,0,2.01736611127853,0,3.84586936235428,0,6.79587423801422,0,3.42973017692566,3.83719635009766,11.7568413615227,1.92120581865311,128.537292838097,0,9.78899544477463,0,0.691661775112152,63.855103969574,78.0871922969818,4.71036219596863,59.9448886215687,2.69914042949677,1.56768381595612,6.05403047800064,22.2024460732937,85.3581334352493,113.31265065074,306.524019449949,0,64.5503659248352,2096.99227318168,4.5323623418808,553.280854582787,211.567252010107,379.286290049553,78.5317127108574,518.457437992096,92.4351674318314,1022.17237764597,23.2089130878448,445.700157791376,15.7631109952927,261.609817624092,0,152.14849421382,4.21085035800934,1372.80525305867,3.06027770042419,92.0782089233398,162.051595836878,429.769860863686,14.6444190740585,17.3628331422806,4.34345531463623,26.9613909423351,1.74805104732513,81.6214843094349,606.809408932924,536.097387760878,0,19.2695252299309,14.8837075233459,258.387906908989,27.2068035006523,433.531417757273,21.0157871246338,376.660826653242,137.335717469454,3634.18528321385,0,2.77827656269073,4.50164425373077,81.1320711970329,0,508.075901120901,3.22531312704086,333.566674768925,0,1101.53241786361,4.56337189674377,516.865120619535,84.0508224368095,136.079852253199,15.3211084008217,40.3060323596001,11.569112598896,127.438825160265,45.8109375536442,23.862299323082,22.909728884697,99.0760784447193,21.425015181303,9.54661199450493,34.5894385874271,78.2427161633968,6.54051175713539,34.0188996195793,20.2337232530117,17.5860561430454,12.0224127173424,36.807449311018,14.7621939182281,2.19837355613708,1.67702415585518,0,1.93553072214127,3.91308546066284
101.252827525139,2.15875649452209,4.63329648971558,0,2.83806389570236,0,1.49459981918335,0.896408379077911,0,0,0,0,1.51156008243561,0,1.52752542495728,0,5.62404769659042,0,13.3726652264595,3.28662872314453,3.0413498878479,0,0,0,0,0,19.4449892044067,6.79589152336121,48.6318446695805,0,0,0.698596477508545,12.2365111112595,1.10243582725525,52.5014536380768,19.6454367637634,2020.95227399468,64.5503659248352,0,44.6122494339943,656.39838039875,0,449.417832404375,13.7777972221375,129.773994535208,2.42902255058289,1313.2841386497,5.6532364487648,108.106433361769,9.72965484857559,86.9011178314686,0,44.8226690590382,0,1882.42334580421,0,100.791698813438,1.45629012584686,94.8853404223919,10.7651445269585,10.9231326580048,0,17.2324355840683,0,2.26176273822784,0,430.924090713263,93.9668707251549,88.3397330641747,0,65.0320403575897,14.7440459728241,56.6827894747257,5.28311532735825,93.6519502103329,44.6304312050343,162.604718387127,38.9949445128441,0,0,27.4533849954605,0,127.389576584101,0,56.0066933035851,0,454.337101459503,0,435.923554897308,0,208.279599606991,208.177948772907,46.6160462498665,42.5324997007847,25.793022274971,115.537617594004,75.4732780456543,26.6376156210899,64.6856709122658,79.5018530488014,73.452702075243,7.15324747562408,122.132635325193,83.2276334762573,20.0955939590931,21.007915019989,48.0040993988514,21.221989274025,2.58879375457764,1.39290547370911,14.7408831417561,5.94792765378952,2.75355476140976,1.30319499969482,1.21435022354126,2.99757438898087
0,161.584137022495,0,6.965840280056,0,0,0,1.31090354919434,0,0,0,0,0,0,0,0.876906037330627,0,3.14102494716644,0,10.4179941415787,0,3.64060097932816,0,0,0,0,1.11289381980896,0,0,12.0967580080032,0,1.12266778945923,0.818530142307281,47.126668214798,18.3975185155869,91.792217373848,25.9739570617676,2096.99227318168,44.6122494339943,0,0,1834.91095036268,25.7897286117077,559.827413886786,12.9404565691948,185.220794677734,8.49060744047165,873.568534493446,0,90.4768886268139,0.791299223899841,79.5180216729641,0,93.880025267601,2.16814124584198,1213.09434974194,0,44.5213292837143,0,51.3425169885159,0,1.76405370235443,0,0,0,11.9502789676189,17.9312089085579,730.138851165771,0,28.5331045985222,1.94426500797272,52.4198806881905,1.95293235778809,29.2158597409725,10.7873449325562,55.2998334467411,8.2838973402977,213.796051800251,0,1.99956381320953,0,4.79983639717102,0,171.715667158365,0,78.8246761262417,0,328.622818052769,0,171.018332868814,23.2327151894569,31.4531134366989,6.56439369916916,10.921494603157,10.7355476021767,19.4470256567001,23.0950719714165,4.54073423147202,13.2627936601639,18.874268591404,8.26254159212112,4.03831386566162,6.92599976062775,25.7286643087864,4.98715132474899,7.34322655200958,2.92079490423203,4.27932101488113,1.11114060878754,0,2.47193759679794,0.554160118103027,0,0,0,0
5.29515093564987,0,4.9729415178299,0,24.3141843676567,0,1.44098746776581,0,3.68772047758102,0,0,0,1.53352832794189,0,14.0040435791016,0,0,0,2.60088121891022,0,12.273886859417,2.51679718494415,1.11256015300751,0,1.59445267915726,0,16.6778262555599,2.10469353199005,109.245211541653,0,0,0,0,0,5.77315706014633,6.07645189762115,570.921544790268,4.5323623418808,656.39838039875,0,0,16.9534401893616,28.3926773667336,0,4.64763790369034,0,109.447203248739,1.47812628746033,13.2269707918167,0,33.9856435358524,0,21.7920542955399,0,140.854414969683,0.682986974716187,7.12946891784668,0,14.2314118146896,0,0,0,1.80308771133423,0,0,0,40.176287651062,2.69662618637085,0.670579731464386,0,146.267282098532,17.5436904430389,788.595608592033,15.4859635233879,326.309500783682,27.3718643188477,277.613949418068,3.66569346189499,0.948293745517731,0,19.543470621109,0,437.575313806534,0.717251777648926,44.9633206725121,1.42519640922546,1266.6357755661,2.71058982610703,111.865733057261,0,2.13469976186752,0.645773410797119,1.52576366066933,0,8.41422563791275,1.21913516521454,1.06679403781891,0,5.66543620824814,0,0.832315266132355,0,0.47092005610466,1.36528027057648,3.78410577774048,3.35998773574829,0,0,8.88686454296112,0.955793827772141,0.489028126001358,0,0.480787307024002,0,0,2.45203197002411
0,2.46702009439468,0,1.28731316328049,0.852426469326019,167.205277532339,0,1.05070400238037,0,21.3565385341644,0,0,0,0,0.964644551277161,115.464299917221,0,0,0,0,9.67233729362488,86.8071262836456,0,1.13925302028656,0,13.1939996480942,1.26466327905655,85.4064383804798,0,445.266360163689,0,2.06362694501877,0,0,3.06011041998863,2.87407195568085,5.93258988857269,553.280854582787,0,1834.91095036268,16.9534401893616,0,35.262425661087,68.8182172179222,0.50953471660614,22.7990111708641,3.83153939247131,188.767524749041,0,47.1738604307175,0,38.225274592638,0,39.4720128774643,0,344.749875158072,0,1.37601178884506,0,17.1725242137909,0,1.88503742218018,0,9.30388194322586,0,9.2226933836937,1.20797920227051,13.6943579912186,0,0,25.0222564637661,131.383394867182,27.3408718109131,1238.32047814131,26.194600880146,375.160152077675,4.3169921040535,171.261613070965,0,0,0,42.3218130171299,0,2100.44627794623,0,138.52017018199,7.88774985074997,1568.01465138793,1.98633927106857,226.941089212894,0,1.93853467702866,0,1.82936197519302,0.541053056716919,7.32770022749901,0,0,0,12.0834325551987,0,0,0,2.07522439956665,0,2.39089050889015,0,0,0,2.51872825622559,0,0,0,0,0,0.599414885044098
0.659325003623962,0,2.02950358390808,0,0,0,0.484516620635986,0,0,0,0.882391512393951,0,0,0,0,0,1.0951900780201,0,8.29471445083618,0,0,0,6.23655766248703,0,0,0,0,0,122.257049411535,9.24402469396591,47.3628445267677,4.34511971473694,99.0858376026154,26.0278711915016,549.40973469615,308.018909066916,316.662562429905,211.567252010107,449.417832404375,25.7897286117077,28.3926773667336,35.262425661087,0,3622.50341624022,7737.21872016788,1969.70701903105,7616.88550946116,2464.38097929955,2266.76399204135,245.039017647505,1250.93468558788,25.4202304780483,371.023150205612,21.3615372776985,421.132750123739,177.546783059835,0,8.72025063633919,72.3649262785912,211.89454844594,0,1.61172407865524,0,0.440267235040665,0,1.42408967018127,2566.7609756887,1021.10422506928,0,4.98381078243256,8.30394446849823,0.581699848175049,146.426732629538,85.7000578343868,9.46768099069595,3.14547049999237,176.938902914524,46.5915258228779,2.32967498898506,1.63996577262878,119.012842535973,19.8197547197342,7.23882329463959,0,143.693754315376,27.5033588707447,10.8455512821674,0,244.770832180977,19.0282815098763,73.8178307712078,15.6197191476822,0,0,6.84622704982758,0,3.40603792667389,0,119.313165724277,81.7875550985336,0,0,0,0,0,0,0,0,0,0,0,0,0,0,0,0
0,1.75975346565247,0,0,0,0,0,0,0,0,0,0,0,0,0,0,0,0,0,4.7937245965004,0,0,0,3.21877431869507,0,0,0,0,0,15.5690115988255,0,17.8369346559048,0.791715621948242,98.6988134086132,215.156146168709,355.283371776342,290.228548914194,379.286290049553,13.7777972221375,559.827413886786,0,68.8182172179222,3622.50341624022,0,802.845244556665,8508.17970320582,207.429167836905,8356.42448076606,133.934243053198,1524.38898524642,79.5378286242485,294.335859358311,23.1203275024891,536.067943632603,8.36114931106567,365.777872234583,0,0,21.734895825386,63.4297565817833,2.36021399497986,0,0,0.892477452754974,0,7.81837671995163,699.265240490437,2879.9552000165,0,0,0,0,7.67421460151672,161.163081228733,0,15.5073367357254,127.5719627738,113.581268817186,0,1.78036051988602,0.685883820056915,33.0649220347404,0,37.7293101549149,0,112.529508501291,0,36.2368578612804,0,102.510183662176,0,27.2995250821114,0,0,0,5.56827354431152,0,0,0,141.214085072279,0,0,0,0,0,0,0,0,0,0.581287324428558,0,0,0,0,0,0
0,0,2.66688519716263,0,0,0,0,0,0,0,0,0,0,0,0,0,0.971340179443359,0,5.24241736531258,0,0,0,1.00739753246307,0,0,0,0,0,44.5491180717945,0,23.6415415406227,0.501410782337189,157.625370085239,20.7411015331745,507.208087235689,333.920227468014,224.710888743401,78.5317127108574,129.773994535208,12.9404565691948,4.64763790369034,0.50953471660614,7737.21872016788,802.845244556665,0,1286.18979120255,2619.04940575361,190.475637048483,4732.65999704599,43.763878762722,886.583194166422,7.4806033372879,234.257551014423,1.5815976858139,189.686429619789,19.4154091179371,0.537753403186798,2.94061195850372,176.937343895435,59.5257661938667,1.99739688634872,0,0.683866083621979,0.501836121082306,1.2238861322403,1.58665096759796,1927.78584504128,641.181631326675,0,0,2.28554236888885,0.617331564426422,96.7488741278648,7.10158306360245,6.1127909719944,3.28079128265381,145.645785182714,20.279254347086,1.54125708341599,0,57.7973838150501,7.54645144939423,1.34545975923538,0,66.384407222271,0,0.565369784832001,0,79.5570760667324,0,2.30290395021439,0,0,0,1.02697077393532,0,7.66866353154182,0,4.98872298002243,0,0,0,0,0,0,0,0,0,0,0.619329214096069,0,0,0,0,0,0
0,3.06438863277435,0,0,0,0,0,0,0,0,0,0,0,0,0,0,0,0,0,0.680475890636444,0,0,0,0,0,0,0,0,1.50779986381531,65.6294893026352,0,0.766586184501648,1.46646893024445,9.43647557497025,288.667404055595,242.705356359482,377.773764252663,518.457437992096,2.42902255058289,185.220794677734,0,22.7990111708641,1969.70701903105,8508.17970320582,1286.18979120255,0,46.510010778904,2852.51007133722,42.9909353256226,5279.71694678068,30.1016814112663,779.541331589222,6.3263503909111,326.320631146431,0.599921047687531,555.101544946432,0,2.96102058887482,7.52923178672791,275.570268303156,1.48192512989044,0,0,2.12664264440536,0,6.78793042898178,501.000223100185,2174.77777728438,0,0,0,1.12800395488739,0,496.849509894848,0,75.3811976313591,171.847971588373,292.251174479723,0,0.850290238857269,0,149.831148892641,0,5.89929202198982,3.73770010471344,126.313969612122,0,0,0,86.4996772706509,0,0.49848797917366,0,0,0,13.119567155838,0,0.757563531398773,0,7.68864330649376,0,0,0,0,0,0,0,0,0,0,0,0,0,0,0,0
11.1555336117744,0,18.9392483830452,0,0,0,16.8655419051647,0,1.25238525867462,0,0,0,3.42982047796249,0,2.11679983139038,0,0,0,16.008825480938,0,0,0,2.0305934548378,0,0,0,0.842146813869476,0,243.243116796017,2.27669191360474,11.3390194773674,0,16.4529480338097,16.6999421715736,280.545096755028,161.964466750622,1294.28786191344,92.4351674318314,1313.2841386497,8.49060744047165,109.447203248739,3.83153939247131,7616.88550946116,207.429167836905,2619.04940575361,46.510010778904,0,90.4504032731056,1303.31222867966,27.4724487066269,1924.10374936461,1.03388118743896,2735.72069743276,0,4744.07268059254,14.4778039455414,2.87448048591614,0,55.4294308125973,96.2210650444031,7.43029695749283,0,0.743063747882843,0,2.016885638237,0,1999.13912844658,375.408265054226,0.787975311279297,0,33.5953065752983,0,223.717248439789,9.59423828125,39.1011663675308,3.90698778629303,409.668681830168,42.3799003958702,0,0,212.055899649858,0.520241677761078,49.0488824546337,0,316.636233866215,1.85295510292053,186.997592747211,0,754.21564027667,0.454898804426193,133.422891587019,0,1.18751239776611,0,33.6066702604294,2.85801655054092,67.2917180657387,0,267.887119829655,0,0,0,0,0,2.08713150024414,0,0,0,1.2204327583313,128.631332933903,0,0,0,0,0,0
0,4.19874513149261,0,11.5258602499962,0,0,0,14.5223815739155,0,0.436250150203705,0,2.59306806325912,0,1.27946662902832,0,0,0,1.57941389083862,0.814294338226318,17.4055196940899,0,0.732207179069519,0,4.26343530416489,0,0,0.684051334857941,0.843241035938263,0,51.4802747070789,1.22627294063568,21.193429172039,4.27906110882759,169.042878180742,95.2248167693615,310.911276429892,93.981393635273,1022.17237764597,5.6532364487648,873.568534493446,1.47812628746033,188.767524749041,2464.38097929955,8356.42448076606,190.475637048483,2852.51007133722,90.4504032731056,0,6.14199239015579,727.704001367092,3.448117852211,457.669675916433,0,1648.82784128189,1.41208946704865,3575.6146350503,3.91185915470123,3.55244725942612,32.4269272685051,57.3865793943405,1.45079290866852,1.26366901397705,1.92086499929428,0,0,1.2663910984993,183.847849994898,1427.47340837121,1.94917565584183,1.00578498840332,3.1483633518219,70.7425998747349,1.32875895500183,345.053743839264,0,28.9883460104465,72.5262973308563,292.132665723562,0,0.680096864700317,2.25130033493042,83.6981770098209,0,40.617027759552,0,138.247086554766,0,53.9453556537628,0,183.091553926468,0.911064565181732,160.887465775013,0,1.23268175125122,8.86588987708092,25.8255723118782,5.06356954574585,5.9850310087204,0,697.722501218319,0,0,0,3.95031595230103,0.466097354888916,3.42215096950531,0,0,5.02488023042679,104.046434521675,0.730431854724884,0,0,0,0,0
1.26307308673859,0,0,0,0,0,1.92087903618813,0,0,0,0,0,0,0,0,0,1.52416157722473,0,0,0,0,0,0,0,0,0,0,0,138.587848484516,0,0,0,1.72276091575623,0.532132685184479,362.189172565937,296.572429656982,442.918442487717,23.2089130878448,108.106433361769,0,13.2269707918167,0,2266.76399204135,133.934243053198,4732.65999704599,42.9909353256226,1303.31222867966,6.14199239015579,0,25.6657965779305,5864.60169923306,0,1015.71626397967,0,574.08249732852,3.35288763046265,0,0.753461837768555,1352.31779167056,15.9711464643478,67.1652528643608,0,2.15841192007065,0,0,0,1453.18327754736,466.426481753588,0,0,4.13112443685532,0,243.923759073019,0,19.7081989347935,1.1391738653183,361.362807661295,1.90194451808929,4.94730406999588,0,220.873909443617,0,6.78451871871948,0,305.68996232748,0,0,0,273.415734231472,0,2.98734548687935,0,0,0,12.0118696093559,0,5.75995567440987,0,4.60354223847389,0,0,0,0,0,0,0,0,0,0,3.38034927845001,0,0,0,0,0,0.484624952077866
0,8.59504812955856,0,1.73460674285889,0,0,0,8.71166718006134,0,0,0,0,0,0,0,0,0,0,0,0.889072597026825,0,0,0,0,0,0,0,0,0,75.5152631103992,0,0,0.814105153083801,6.81122350692749,208.338901519775,171.306539177895,216.553273439407,445.700157791376,9.72965484857559,90.4768886268139,0,47.1738604307175,245.039017647505,1524.38898524642,43.763878762722,5279.71694678068,27.4724487066269,727.704001367092,25.6657965779305,0,17.5654420852661,5839.15470710397,3.41438639163971,964.078649491072,0,918.740834414959,0,9.39424777030945,23.3326162099838,1882.98369944096,0,7.69207665324211,0,4.45088687539101,0,760.599380671978,504.296274960041,1026.55614131689,0,0.891592383384705,0,3.53978753089905,0,525.379141956568,0,60.734996765852,90.1648183763027,379.956744253635,0,4.1555623114109,0,262.799187451601,0,22.8252637088299,0,413.030344426632,0,1.29593056440353,0,149.351770043373,0,0,0,0,0,25.1848486065865,0,0,0,13.215924590826,0,0,0,0,0,0,0,0,0,0.605112552642822,0,0,0,0,0,0
125.926523059607,0,5.89210790395737,0,0,0,181.4773632586,0,0,0,3.80345833301544,0,3.47607728838921,0,0,0,3.62022525072098,0,1.02673864364624,0,0,0,0,0,0,0,0,0,198.878073126078,0,0,0,0,0,164.706200540066,140.576955139637,336.096882611513,15.7631109952927,86.9011178314686,0.791299223899841,33.9856435358524,0,1250.93468558788,79.5378286242485,886.583194166422,30.1016814112663,1924.10374936461,3.448117852211,5864.60169923306,17.5654420852661,0,0,5828.71481660008,0,1003.31008407474,5.69065701961517,23.3906303048134,0,2493.97222292423,8.66612994670868,1105.18249130249,0,11.0801450610161,0,616.288371294737,0,832.233943343163,202.15989792347,0,0,56.0385166704655,0,349.350061029196,1.45860946178436,42.7824390530586,0,481.855757981539,0.565617918968201,9.52696889638901,0,394.941956758499,0,33.972177863121,0,2762.13533347845,0,33.2533911764622,0,1199.68870133162,0,12.4123239219189,0,0,0,33.5201870799065,0,5.13946092128754,0,19.9394279420376,0,0,0,0,0,0,0,2.25683575868607,0,0,5.41406834125519,0,0,0,0,0,0
0,85.8712442815304,0,6.76075100898743,0,0,0,93.417962372303,0,0,0,0.470728307962418,0,0,0,0,0,0.461499392986298,0,2.20321774482727,0,0,0,0,0,0,0,0,0,55.4680337011814,0,0,0.661905944347382,6.75208225846291,58.1280798614025,36.2649564445019,16.6020362377167,261.609817624092,0,79.5180216729641,0,38.225274592638,25.4202304780483,294.335859358311,7.4806033372879,779.541331589222,1.03388118743896,457.669675916433,0,5839.15470710397,0,0,0,3204.1345037818,0,1328.40381547809,0,55.0727354288101,2.51202201843262,1247.073877424,0,25.9432472586632,0,12.0881575942039,0,1147.03162941337,47.8587530255318,296.891957402229,0,0,2.26556640863419,22.9706701934338,0,357.357597142458,0,38.9777176380157,20.4717571139336,294.412618756294,0,9.13583922386169,0,243.29392388463,0,58.5727443099022,0,4590.78867897391,0,12.4777742028236,0,788.602175056934,0,2.88801270723343,0,0,0,17.5000913739204,0,0,0,18.5781198143959,0,0,0,0,0,0,0,0,0.571125864982605,4.64994937181473,0,0,0,0,0,0
62.5442568659782,0,2.57057625055313,0,0,0,25.4902484714985,0,0,0,14.27659034729,0,0.749474763870239,0,0,0,0.699594140052795,0,0,0,0,0,0,0,0,0,0,0,113.826358616352,0,0,0,0,0.425053477287292,44.8108835816383,22.1315861046314,181.759686022997,0,44.8226690590382,0,21.7920542955399,0,371.023150205612,23.1203275024891,234.257551014423,6.3263503909111,2735.72069743276,0,1015.71626397967,3.41438639163971,5828.71481660008,0,0,0,2724.94586238265,0,36.6908206939697,0,90.0961974561214,0,34.0384284853935,0,0.675982534885406,0,59.4341996610165,0,130.68628436327,83.6598163545132,0,0,20.7171288132668,0,134.104127764702,0,19.2053749859333,0,149.486112654209,0,4.12980341911316,0,107.717932254076,0,25.9814941585064,0,1105.94365677238,0,51.279562830925,0,1154.55927595496,0,15.5484615564346,0,0,0,0.794436275959015,0,0,0,47.7060366272926,0,0,0,0,0,0,0,0,0,0,1.40987741947174,0,0,0,0,0,0
0,1.20046699047089,0,0,0,0,0,0,0,0,0,0,0,0,0,0,0,0,0,0,0,0,0,0,0,0,0,0,0,9.73283603787422,0,0,0,0,3.71252730488777,10.4849152266979,14.2508625984192,152.14849421382,0,93.880025267601,0,39.4720128774643,21.3615372776985,536.067943632603,1.5815976858139,326.320631146431,0,1648.82784128189,0,964.078649491072,0,3204.1345037818,0,0,0,3405.77457675338,0,0,0,8.02252662181854,0,0,0,2.55793261528015,0,9.45908737182617,3.10355591773987,33.0946141779423,0,0,0,0,0,76.1742369830608,0,2.79170155525208,4.62056234478951,26.9815684556961,0,0,0,40.9004757702351,0,15.8333247900009,0,410.894214123487,0,17.9528149366379,0,625.04703310132,0,16.8134752511978,0,0,0,1.6212215423584,0,0,0,90.4367141723633,0,0,0,0,0,0,0,0,0,0,0,0,0,0,0,0
29.0733698010445,0,0,0,0.866495430469513,0,6.21371877193451,0,0,0,3.86733013391495,0,1.73996567726135,0,0,0,0,0,0,0,0,0,0,0,0,0,0,0,144.288436710835,0,0,0,0,0,56.4872283935547,50.6377351284027,1334.91278526187,4.21085035800934,1882.42334580421,2.16814124584198,140.854414969683,0,421.132750123739,8.36114931106567,189.686429619789,0.599921047687531,4744.07268059254,1.41208946704865,574.08249732852,0,1003.31008407474,0,2724.94586238265,0,0,0,9.33861887454987,0,47.9059676527977,0,6.64382386207581,0,0,0,19.1339055895805,0,222.962038248777,34.8160777688026,0,0,14.2508754134178,0.758606135845184,141.530935198069,0.574537456035614,24.5539623200893,3.05617594718933,102.832822352648,1.69210386276245,1.09433782100677,0,83.3477026224136,0,91.9826661348343,0,343.697741985321,0,776.621511518955,0,4434.27415499091,0,14.0771545767784,0,0,0,2.82990676164627,0,0.755281209945679,0,147.286716520786,0,0,0,0,0,0,0,0,0,0,0.591790616512299,0,0,0,0,0,0
0,5.82663357257843,0,0,0,0,0,3.15052914619446,0,0,0,0,0,0,0,0,0,0,0,0,1.47623038291931,0,0,0,0,0,0,0,0,18.549665749073,0,0.350477606058121,0,4.35016468167305,15.152533352375,48.30201998353,19.8201018571854,1372.80525305867,0,1213.09434974194,0.682986974716187,344.749875158072,177.546783059835,365.777872234583,19.4154091179371,555.101544946432,14.4778039455414,3575.6146350503,3.35288763046265,918.740834414959,5.69065701961517,1328.40381547809,0,3405.77457675338,0,0,0,7.45267844200134,4.71135818958282,83.2030717432499,0,11.0538960695267,0,11.6267238855362,0.726968884468079,77.156338006258,60.2521266341209,147.645301938057,0,0,1.29713356494904,6.82303154468536,1.16233623027802,174.777711749077,1.93248045444489,27.6368652582169,14.6781496107578,129.123220443726,0,1.6396107673645,0,97.0130636692047,0,149.295528352261,0,895.019531622529,0,904.950796872377,0,4130.28348922729,0,17.7514074742794,0,0,0,3.37314772605896,0,0,0,184.37382209301,0,0,0,0,0,1.82607167959213,0,0,0,0,0,0,0,0,0,0
12904.4113206863,43.6706748604774,65.3999593257904,5.96844488382339,0,0,573.150987952948,3.3994717001915,0,0,463.495465308428,0,272.684312134981,0,1.36982518434525,0,2127.00979211926,0.937536180019379,137.93075427413,57.402595102787,0,0,1.90245199203491,0,0,0,0,0,1358.30564233661,1.13918828964233,4.75473493337631,0.49778538942337,113.096806406975,199.675845861435,2.24643188714981,3.92590016126633,286.163962900639,3.06027770042419,100.791698813438,0,7.12946891784668,0,0,0,0.537753403186798,0,2.87448048591614,3.91185915470123,0,0,23.3906303048134,0,36.6908206939697,0,9.33861887454987,0,0,112.482531458139,3225.83644121885,12.9490520358086,3027.92560705543,11.4185242652893,2186.69643339515,24.6072278022766,206.748517394066,0,401.445627570152,138.641078472137,1206.70244595408,87.728869497776,1099.91182658076,39.4793820679188,1138.23376396298,12.7833020687103,471.36193716526,0.850145101547241,3163.45827302337,73.4996718168259,23.5792529582977,1.84537601470947,443.386434882879,6.55909216403961,46.1533058285713,0,393.109186083078,1.25815451145172,0,0,158.662825971842,0,2.13509964942932,0,0,0,117.442949593067,0.748880565166473,51.2892861664295,0,1.6309187412262,0,0,0,0,0,4.51484191417694,2.67953085899353,13.0189602375031,0,7.65778106451035,22.6773378252983,0,0,0,0,0,4.87603843212128
19.2626832723618,13448.8380273283,1.39074730873108,188.101601183414,0,0,0,637.006540089846,0,0.531097948551178,0,212.421500086784,0,90.1297817230225,0,7.88578999042511,0,1877.03522241116,20.1971827745438,365.052451550961,0,0.805022954940796,0,3.29206848144531,0,0,0,0,4.32007104158401,350.889432936907,4.50472885370255,2.89506524801254,130.876838624477,457.560449749231,29.0767692923546,0.838298976421356,13.8554629683495,92.0782089233398,1.45629012584686,44.5213292837143,0,1.37601178884506,8.72025063633919,0,2.94061195850372,2.96102058887482,0,3.55244725942612,0.753461837768555,9.39424777030945,0,55.0727354288101,0,0,0,7.45267844200134,112.482531458139,0,83.4884250164032,2192.10867893696,21.4376213550568,2083.38048374653,16.3553094863892,3108.8418418169,0,285.539622455835,281.789008766413,572.132603377104,85.4997190237045,1659.80912774801,48.8902129232883,1297.482609272,7.94395881891251,1687.96074667573,1.51236349344254,522.504144370556,672.249077141285,3320.31546670198,0,56.5594864189625,3.941730260849,167.146636337042,0,0.746285140514374,0,121.14543017745,0,0,0,98.2939578592777,0,0,0,0,1.42764163017273,57.7679030299187,0,0,0,0,0,0,0,0,0,2.45389258861542,0,4.29302263259888,4.91905379295349,1.95723593235016,0,0,0,0,0,0
975.031096667051,8.98781496286392,122.384154587984,0,0,0,201.469893038273,0,0,0,64.5221953988075,0,40.4589937627316,0,0,0,107.242008447647,0,270.141339659691,17.7500209212303,0,0,1.55839514732361,0,0,0,0,0,568.854122042656,3.12227022647858,6.15550404787064,0,144.519145876169,221.434676408768,63.1217046976089,81.8507524132729,559.88228443265,162.051595836878,94.8853404223919,0,14.2314118146896,0,72.3649262785912,21.734895825386,176.937343895435,7.52923178672791,55.4294308125973,32.4269272685051,1352.31779167056,23.3326162099838,2493.97222292423,2.51202201843262,90.0961974561214,0,47.9059676527977,4.71135818958282,3225.83644121885,83.4884250164032,0,150.875921547413,6844.99205374718,33.9201112389565,230.262565672398,22.5178021192551,1770.58375301957,2.59075343608856,2715.07759818435,803.293604463339,379.681659668684,39.7654339075089,382.803851932287,28.9779606461525,868.150561630726,30.0351438820362,239.690943777561,4.47385394573212,1963.30613863468,192.082707703114,98.1650005280972,5.12453359365463,589.712365150452,13.7414649128914,13.3595798611641,0,872.363130182028,1.13862150907516,1.1797034740448,0,285.384759247303,0.571285784244537,0,0,0,0,111.889029622078,0,48.9142096042633,0,0,0,0,0,0,0,1.19130194187164,0,5.03333818912506,0,2.52229559421539,28.4884229898453,0,0,0,0,0,2.62390840053558
1.06953728199005,972.826811701059,0,43.9214235842228,0,0,0,402.081782221794,0,0,0,98.2470294237137,0,60.1822609305382,0,0,0,83.7469246387482,0.572931051254272,33.6889256834984,0,0,0,0,0,0,0,0,1.00170564651489,188.188518255949,1.63848775625229,0,32.0945538282394,71.2435609400272,199.02557066083,132.796887099743,164.815551280975,429.769860863686,10.7651445269585,51.3425169885159,0,17.1725242137909,211.89454844594,63.4297565817833,59.5257661938667,275.570268303156,96.2210650444031,57.3865793943405,15.9711464643478,1882.98369944096,8.66612994670868,1247.073877424,0,8.02252662181854,0,83.2030717432499,12.9490520358086,2192.10867893696,150.875921547413,0,10.3734740614891,3081.64064240456,0.716628193855286,537.427029907703,1.56406432390213,2624.42216965556,490.021444678307,2895.48887863755,0.919753134250641,44.7204109430313,13.4527891278267,174.868646502495,5.58239853382111,1223.83772906661,0,275.579979479313,145.47870194912,1426.19563904405,0,152.865986049175,1.50160592794418,953.691159486771,0,60.8992695212364,0.889913141727448,517.349725097418,0,1.0510059595108,1.98803472518921,457.586174249649,0,0,0,0,0,70.9614988863468,0,0,0,0,0,0,0,0,0,1.60113251209259,0,0,0.732370734214783,7.88448369503021,0,0,0,0,0,0
581.347824335098,0,8.40127968788147,0,0,0,151.959550052881,0,0,0,227.269191324711,0,47.3391449451447,0,0,0,338.141683846712,1.15311002731323,5.55664902925491,0.791583776473999,0,0,0,0,0,0,0,0,185.560899883509,0,0,0,2.20274633169174,26.0323967933655,13.5114076137543,15.0006925463676,80.8201774954796,14.6444190740585,10.9231326580048,0,0,0,0,2.36021399497986,1.99739688634872,1.48192512989044,7.43029695749283,1.45079290866852,67.1652528643608,0,1105.18249130249,0,34.0384284853935,0,6.64382386207581,0,3027.92560705543,21.4376213550568,6844.99205374718,10.3734740614891,0,9.34640944004059,1875.31768900156,2.54709702730179,3020.30753448606,0,175.384257644415,112.326146066189,5.74523001909256,5.05498772859573,138.355979412794,4.61791241168976,193.319364070892,2.22839826345444,47.0913658440113,0,492.075839877129,31.6156415939331,21.1827481389046,0,337.333057433367,0,31.1467548906803,0,1375.98827233911,1.61967089772224,0,0,165.416468173265,0,0,0,0,0,21.9795055389404,1.24805736541748,5.3871785402298,0,0,0,0,0,0,0,0,0,0.630920052528381,0,0,9.06880605220795,0,0,0,0,0,0
0,955.044137388468,0,44.0200372338295,0,0,0,465.092968642712,0,0,0,560.882317125797,0,525.096043169498,0,9.08211660385132,0,410.929578751326,0,30.7618253231049,0,0,0,0.808430194854736,0,0,0,0,0,121.877513229847,5.04950577020645,1.62725782394409,3.53065353631973,14.7410531938076,42.3541504144669,11.7532648444176,12.4526143074036,17.3628331422806,0,1.76405370235443,0,1.88503742218018,1.61172407865524,0,0,0,0,1.26366901397705,0,7.69207665324211,0,25.9432472586632,0,0,0,11.0538960695267,11.4185242652893,2083.38048374653,33.9201112389565,3081.64064240456,9.34640944004059,0,1.82583659887314,2094.62768107653,1.96183180809021,3486.29015636444,38.6433161497116,264.229994297028,0,13.5945212244987,6.18236899375916,141.50604134798,0,312.017941772938,0,34.6059411168098,69.8123585879803,229.329646497965,0,16.5476622879505,0,238.563652932644,0,5.77697029709816,0,1361.52879995108,0,0,0,260.092607110739,0,0,0,0,0,1.86301416158676,0,0,0,0,0,0,0,0,0,0,0,0,0,0,0,0,0,0,0,0
63.9430372714996,1.38502162694931,1.9487521648407,0,0,0,7.16545283794403,0,0,0,133.306204855442,0,46.3703439831734,0,0,0,906.396843403578,0,1.05707293748856,0,0,0,0,0,0,0,0,0,594.218332231045,0,0,0,1.84318953752518,29.5255599617958,5.59154087305069,1.66687905788422,41.1687066555023,4.34345531463623,17.2324355840683,0,1.80308771133423,0,0,0,0.683866083621979,0,0.743063747882843,1.92086499929428,2.15841192007065,0,11.0801450610161,0,0.675982534885406,0,0,0,2186.69643339515,16.3553094863892,230.262565672398,0.716628193855286,1875.31768900156,1.82583659887314,0,6.1812299489975,236.59872969985,1.46622967720032,97.0006496608257,36.4215525388718,7.95176029205322,9.92418611049652,229.343136757612,2.86420992016792,196.669575512409,2.65087181329727,36.3232923150063,0,477.4952917099,16.6114119291306,64.7215150594711,0.560076236724854,2090.78917428851,0,28.6825814247131,0,1107.7116740644,0,1.0481253862381,0,41.1182496845722,0,0,0,0,0,20.1177670955658,0,5.24096918106079,0,0,0,0,0,0,0,0.981057286262512,0,1.20911657810211,0,0,2.42516672611237,0,0,0,0,0,0
0,328.415278881788,0,16.9132631421089,0,0,0,122.640138715506,0,0,0,522.777176558971,0,364.148401886225,0,12.6386870145798,0,2236.9721314311,1.1643373966217,20.6983128786087,0,0,0,0,0,0,0,0,0.5794517993927,538.670488089323,3.80834966897964,1.38969230651855,12.4115011692047,27.7836435139179,21.5182722806931,1.52267074584961,10.0262359678745,26.9613909423351,0,0,0,9.30388194322586,0.440267235040665,0.892477452754974,0.501836121082306,2.12664264440536,0,0,0,4.45088687539101,0,12.0881575942039,0,2.55793261528015,0,11.6267238855362,24.6072278022766,3108.8418418169,22.5178021192551,537.427029907703,2.54709702730179,2094.62768107653,6.1812299489975,0,0,565.929067194462,35.3245221972466,180.684091210365,1.75073444843292,28.4723387360573,8.59022286534309,251.623888880014,1.96475070714951,836.366674423218,0,76.8156403899193,128.305768728256,287.860487610102,0,105.273431569338,1.70255780220032,1910.01158937812,0,35.8188732862473,0,1009.52187621593,0,5.16343751549721,0,130.538902580738,0,0,0,0,0,11.7001062035561,0,0,0,1.81722009181976,0,0,0,0,0,0,0,0,0,0,0,0,0,0,0,0
488.527978897095,0,3.32099586725235,0,0,0,256.626868784428,0,0,0,43.2896104454994,0,39.4998270273209,0,0,0,26.7229810655117,0,1.41277694702148,0,0,0,0.5998255610466,0,0,0,0,0,57.0510687828064,1.25955128669739,0.700991809368134,0,0,0,0.529884457588196,0.984824657440186,20.3648526966572,1.74805104732513,2.26176273822784,0,0,0,0,0,1.2238861322403,0,2.016885638237,0,0,0,616.288371294737,0,59.4341996610165,0,19.1339055895805,0.726968884468079,206.748517394066,0,1770.58375301957,1.56406432390213,3020.30753448606,1.96183180809021,236.59872969985,0,0,0,26.6655614972115,9.26427978277206,2.1457257270813,0,60.277436286211,0,113.908795893192,0,31.7665436267853,0,111.147214561701,2.74863243103027,5.13442593812943,0,218.652082085609,0,4.38577768206596,0,4495.00849637389,0,3.27298998832703,0,415.551090925932,0,0,0,0,0,1.07336473464966,0,0,0,0,0,0,0,0,0,0,0,0,0,0,0,0,0,0,0,0,0
0,478.716785877943,0,27.4004999399185,0,0,0,288.837920606136,0,0,0,86.529581964016,0,75.9337095618248,0,0.964898765087128,0,25.2205259799957,0,6.30257678031921,0,0,0,0,0,0,0,0,0,61.5196292996407,4.80939519405365,0,0.758059024810791,3.16595184803009,12.5356084704399,4.67438125610352,2.25605237483978,81.6214843094349,0,11.9502789676189,0,9.2226933836937,1.42408967018127,7.81837671995163,1.58665096759796,6.78793042898178,0,1.2663910984993,0,760.599380671978,0,1147.03162941337,0,9.45908737182617,0,77.156338006258,0,285.539622455835,2.59075343608856,2624.42216965556,0,3486.29015636444,1.46622967720032,565.929067194462,0,0,12.5701417922974,170.487463444471,0,1.04488658905029,3.16735100746155,69.1826825141907,0,347.845914840698,0,56.8998480141163,16.1852170228958,266.683111876249,0,16.1991277039051,0,906.31476727128,0,66.2021505832672,0,4609.32477688789,0,10.2646861076355,0,731.074469864368,0,0,0,0,0,11.7098235487938,0,0,0,0,0,0,0,0,0,0,0,0,1.92774152755737,0,0,0,0,0,0,0
190.561410993338,54.4816034436226,296.235493183136,3.80566048622131,0,0,46.0464949011803,0.645098686218262,0,0,28.9060376286507,0,13.4923753142357,0,0,0,25.2876223325729,0,1008.33208853006,108.66007617116,0,0,85.5417445898056,0,0,0,0,0,231.43051058054,5.40780061483383,496.470201671124,26.9426330626011,4448.85243505239,1539.19744244218,3094.82653817534,599.928595274687,878.717145472765,606.809408932924,430.924090713263,17.9312089085579,40.176287651062,1.20797920227051,2566.7609756887,699.265240490437,1927.78584504128,501.000223100185,1999.13912844658,183.847849994898,1453.18327754736,504.296274960041,832.233943343163,47.8587530255318,130.68628436327,3.10355591773987,222.962038248777,60.2521266341209,401.445627570152,281.789008766413,2715.07759818435,490.021444678307,175.384257644415,38.6433161497116,97.0006496608257,35.3245221972466,26.6655614972115,12.5701417922974,0,3291.09133866429,2028.70668917894,311.488600611687,558.943949460983,109.79906925559,389.837069660425,83.1145553290844,93.4383933544159,12.1659153699875,1805.54175233841,399.974534392357,24.6893318891525,2.18598437309265,270.734475493431,32.847180634737,15.5523720383644,0,303.194790005684,3.22374528646469,26.9880764782429,0,200.389526724815,6.53895843029022,4.94508826732635,0,0,0,50.5460564792156,0.686059892177582,15.2801395058632,0,4.6407043337822,0,0,0,0,0,0,0,0,0,0,18.0092371702194,0,0,0,0,0,0
19.2158156633377,144.568814843893,0.476727187633514,54.1604188978672,0,0,0,71.4421988129616,0,0,0,32.8882569670677,0,2.48064288496971,0,0.469261974096298,3.6856272816658,44.7860324382782,20.5984961986542,418.271098971367,0,0,0,50.6213402152061,0,0,0,0,26.6642488837242,59.0966946184635,7.1729491353035,233.274580448866,251.861738711596,5361.79178991914,824.135696828365,2446.07209390402,648.65189704299,536.097387760878,93.9668707251549,730.138851165771,2.69662618637085,13.6943579912186,1021.10422506928,2879.9552000165,641.181631326675,2174.77777728438,375.408265054226,1427.47340837121,466.426481753588,1026.55614131689,202.15989792347,296.891957402229,83.6598163545132,33.0946141779423,34.8160777688026,147.645301938057,138.641078472137,572.132603377104,803.293604463339,2895.48887863755,112.326146066189,264.229994297028,36.4215525388718,180.684091210365,9.26427978277206,170.487463444471,3291.09133866429,0,61.2142560482025,358.863290190697,72.3379665613174,191.444100648165,74.5414323210716,439.519422411919,6.24046987295151,152.60990139842,621.284671932459,1123.99583911896,7.1596577167511,39.2116620838642,41.0401259958744,392.662757664919,0,16.0611057281494,18.7678278684616,248.178112655878,0,10.813787072897,9.11050179600716,309.826412916183,0,2.77179598808289,0,0,0.962885558605194,31.9340302348137,0,2.1571729183197,0,1.33236080408096,0,0,0,0,0,0.692461490631104,0,0,0,4.46046191453934,0,0,0,0,0,1.35830783843994
2219.38387995958,415.604071706533,110.053076595068,91.9683305025101,0,0,35.430078625679,41.1650196909904,0,0,51.6100674569607,0,38.6783850193024,0,0,0,38.5370150208473,3.61456680297852,2184.70184510946,927.658348530531,0,0,8.49718165397644,1.48594915866852,0,0,0,0,152.264684468508,0,13.9454842805862,2.53393292427063,2065.44687715173,1022.10612756014,0,8.28801077604294,201.353375256062,0,88.3397330641747,0,0.670579731464386,0,0,0,0,0,0.787975311279297,1.94917565584183,0,0,0,0,0,0,0,0,1206.70244595408,85.4997190237045,379.681659668684,0.919753134250641,5.74523001909256,0,7.95176029205322,1.75073444843292,2.1457257270813,0,2028.70668917894,61.2142560482025,0,315.713247478008,793.703109622002,71.9060816764832,504.177325755358,26.8986968398094,308.264701485634,23.6676357388496,2577.54328837991,242.422631561756,0,0,1.54314458370209,0,8.9217237830162,0,0.678545355796814,0,0,0,0,0,0,0,0,0,59.7826192975044,0,20.1167688965797,0,0,0,0,0,0,0,1.33170849084854,0,2.80166816711426,0,3.95540791749954,16.4384994506836,0,0,0,0,0,0
59.4623972177505,1627.33005172014,1.11865824460983,115.467011988163,0,0,0,14.260072350502,0,0,0,17.5307323336601,0,3.48968690633774,0,0,0.712510585784912,27.8236396312714,36.2496786117554,3317.94982773066,0,0,0,3.21535471081734,0,0,0,0,6.45159387588501,13.9002052545547,2.41081923246384,6.14083662629128,195.63450807333,1543.34192493558,9.88455605506897,0,6.0326252579689,19.2695252299309,0,28.5331045985222,0,0,4.98381078243256,0,0,0,0,1.00578498840332,0,0.891592383384705,0,0,0,0,0,0,87.728869497776,1659.80912774801,39.7654339075089,44.7204109430313,5.05498772859573,13.5945212244987,9.92418611049652,28.4723387360573,0,1.04488658905029,311.488600611687,358.863290190697,315.713247478008,0,51.3594032824039,587.415265381336,9.87178689241409,192.291961014271,4.31998389959335,115.914616048336,569.155184090137,1453.27082914114,0,1.93529039621353,1.09731340408325,11.3614657819271,0,0,0,9.3982258439064,0,0,0,1.28037011623383,0,0,0,0,0,6.07572412490845,0,0,0,0,0,0,0,0,0,1.31306082010269,0,0,1.39518576860428,1.33945345878601,0,0,0,0,0,0
3219.39462602139,173.389477163553,3276.24872642756,584.044619292021,978.353597193956,98.1329144835472,3350.06861284375,571.214870423079,929.472319066525,52.45963960886,344.320102632046,96.8205008208752,1131.62376725674,73.6066243648529,1698.49742090702,48.9479243457317,114.753607302904,10.1370473504066,1649.37923392653,737.736076176167,704.669510036707,106.434566110373,1245.95904126763,658.939841836691,544.996988147497,309.361131966114,779.954335212708,263.010678172112,653.538734674454,14.8423539996147,1337.27482756972,693.54984241724,338.348339557648,306.034721970558,47.4562051296234,9.01784616708755,502.337800532579,14.8837075233459,65.0320403575897,1.94426500797272,146.267282098532,25.0222564637661,8.30394446849823,0,2.28554236888885,0,33.5953065752983,3.1483633518219,4.13112443685532,0,56.0385166704655,2.26556640863419,20.7171288132668,0,14.2508754134178,1.29713356494904,1099.91182658076,48.8902129232883,382.803851932287,13.4527891278267,138.355979412794,6.18236899375916,229.343136757612,8.59022286534309,60.277436286211,3.16735100746155,558.943949460983,72.3379665613174,793.703109622002,51.3594032824039,0,530.941990584135,4241.26817059517,183.125217467546,2541.87468320131,95.9196367561817,6216.1722522974,328.886443406343,5.02090328931808,0,56.7729147076607,5.40124678611755,53.4465299248695,0,125.498167783022,7.42388927936554,17.4784939885139,5.98813563585281,48.5424996316433,2.45744425058365,12.3654592037201,15.8447044491768,1.52562314271927,4.39662575721741,149.036010563374,20.3402385115623,55.0578146874905,5.42017495632172,21.7624216079712,11.5354288220406,8.71139878034592,0,11.8394403755665,9.92906564474106,30.165963113308,17.8753741979599,20.3500382304192,12.7675020694733,31.9410368204117,37.6153582334518,6.80667835474014,0,1.21352076530457,0.95203161239624,0.580425500869751,14.3362048864365
75.2272688448429,2853.834166646,748.942992448807,2456.40966358781,120.102692604065,513.675228059292,296.61891835928,3712.81535935402,79.4038284420967,887.562701076269,14.1131363511086,486.296978384256,62.7771250009537,702.820081442595,59.4007287621498,1180.69767764211,3.02613002061844,308.363878786564,372.627072125673,964.212475180626,30.1412282586098,551.026918172836,625.744855761528,1881.40659809113,138.746203064919,657.845653682947,86.6134847402573,715.016354650259,35.9634742736816,155.820465147495,363.156872719526,935.911168664694,148.295516908169,336.020069181919,6.06778573989868,5.77723416686058,15.6961557269096,258.387906908989,14.7440459728241,52.4198806881905,17.5436904430389,131.383394867182,0.581699848175049,0,0.617331564426422,1.12800395488739,0,70.7425998747349,0,3.53978753089905,0,22.9706701934338,0,0,0.758606135845184,6.82303154468536,39.4793820679188,1297.482609272,28.9779606461525,174.868646502495,4.61791241168976,141.50604134798,2.86420992016792,251.623888880014,0,69.1826825141907,109.79906925559,191.444100648165,71.9060816764832,587.415265381336,530.941990584135,0,158.061135113239,3582.10033270717,47.1053334772587,3117.14556780457,212.723619759083,9873.2829464376,0,13.8787188529968,1.20469200611115,66.7286795973778,5.58076483011246,8.57532516121864,0,148.424574047327,9.59586691856384,15.533205717802,4.07259488105774,144.469580233097,13.7259731292725,30.3611057698727,1.31169831752777,13.5267805159092,27.4538703560829,97.1196312606335,32.7191706597805,19.4324241280556,22.6309460997581,33.6632311046124,4.38407456874847,7.28785493969917,12.2125238776207,33.5700495541096,16.767873197794,90.8376168012619,18.6023201048374,23.2576775848866,95.3606644868851,61.227281421423,13.7733024656773,3.8141016960144,1.22686061263084,2.94328442215919,3.31667971611023,26.7571249604225
1516.6590282917,45.5522021651268,1290.76135852933,156.385106861591,732.586653828621,20.6502221822739,1239.62659019232,96.750982105732,721.916264086962,15.2285224199295,125.487773805857,6.40780329704285,877.36890232563,8.22466605901718,2701.46172887087,5.98450517654419,178.562077522278,3.12592798471451,433.625671863556,220.592947274446,68.8619979918003,6.92737424373627,339.277447104454,239.512411683798,82.2025672495365,41.5435108542442,192.809705793858,13.7236941456795,2995.3747561276,1.77784878015518,172.270942389965,250.878220081329,108.778163164854,141.419500976801,45.3287995457649,38.5958214998245,682.842602610588,27.2068035006523,56.6827894747257,1.95293235778809,788.595608592033,27.3408718109131,146.426732629538,7.67421460151672,96.7488741278648,0,223.717248439789,1.32875895500183,243.923759073019,0,349.350061029196,0,134.104127764702,0,141.530935198069,1.16233623027802,1138.23376396298,7.94395881891251,868.150561630726,5.58239853382111,193.319364070892,0,196.669575512409,1.96475070714951,113.908795893192,0,389.837069660425,74.5414323210716,504.177325755358,9.87178689241409,4241.26817059517,158.061135113239,0,70.5256445407867,2873.01109668612,65.5647464990616,2589.76589220762,49.5197775959969,33.8390713334084,0,521.930377870798,0,155.77186152339,1.23462891578674,464.174190104008,0,74.8989569544792,3.966248691082,332.245921701193,0.82001805305481,67.3598347604275,15.0389454960823,9.48219048976898,3.79442012310028,173.231645226479,27.4466714262962,68.8195294141769,10.1797207891941,52.0001329481602,12.3762140274048,11.867095053196,1.55280989408493,26.6720106601715,18.6085405647755,33.9281160831451,17.5283353924751,41.0170111656189,10.4490076303482,18.5489392578602,40.4236791431904,8.61396312713623,0,0.531381249427795,0.66082364320755,0,11.3550330996513
36.4140180647373,1983.86306333542,301.81656730175,1447.43816253543,24.4807602763176,690.583356052637,99.3806020319462,1980.08074596524,19.1498122811317,1205.47923853993,4.57841831445694,512.678837776184,6.5676064491272,852.932954907417,11.5893151760101,3344.7247183919,1.16662395000458,1095.55048784614,214.533715605736,640.137375295162,8.74111866950989,134.333735644817,176.958891361952,671.426582872868,13.4933480918407,188.125880032778,9.72276991605759,451.116323202848,20.5873930156231,4963.03119787574,87.7221918106079,160.236776530743,84.5477858483791,170.038790583611,33.1866599619389,32.046483874321,42.8484017848969,433.531417757273,5.28311532735825,29.2158597409725,15.4859635233879,1238.32047814131,85.7000578343868,161.163081228733,7.10158306360245,496.849509894848,9.59423828125,345.053743839264,0,525.379141956568,1.45860946178436,357.357597142458,0,76.1742369830608,0.574537456035614,174.777711749077,12.7833020687103,1687.96074667573,30.0351438820362,1223.83772906661,2.22839826345444,312.017941772938,2.65087181329727,836.366674423218,0,347.845914840698,83.1145553290844,439.519422411919,26.8986968398094,192.291961014271,183.125217467546,3582.10033270717,70.5256445407867,0,21.652580499649,1305.94186747074,102.288750857115,1438.514980793,0,293.733261883259,0,709.371888428926,0,286.730542689562,0,687.175488084555,2.1781217455864,78.4914534389973,3.14191001653671,417.27189719677,10.1279754042625,34.9776920080185,0,12.221800327301,8.87651890516281,52.8679158389568,13.9764444828033,15.6720663905144,7.42165917158127,35.8385772705078,1.38380455970764,0,2.86549264192581,14.9526479244232,3.47257146239281,30.048496812582,10.0450274944305,10.2536596059799,15.3841576874256,16.0740592777729,6.1337471306324,0.895332753658295,0,0,0,3.41893243789673
724.389253854752,11.3131275177002,416.305488228798,27.3411231637001,25.2468272447586,0,379.627021402121,9.98997765779495,40.523833245039,0,16.4134938716888,0,114.82702255249,0,150.564371883869,0,12.6852005720139,0.562186777591705,226.587720930576,81.3228167593479,7.23736655712128,0,51.910644620657,13.4081566333771,6.54548466205597,1.87927442789078,14.7413496375084,0,126.270938724279,0.488751381635666,20.1927961707115,38.1132146120071,29.9057887196541,54.1144996881485,4.96371555328369,3.21852737665176,1340.37285262346,21.0157871246338,93.6519502103329,10.7873449325562,326.309500783682,26.194600880146,9.46768099069595,0,6.1127909719944,0,39.1011663675308,0,19.7081989347935,0,42.7824390530586,0,19.2053749859333,0,24.5539623200893,1.93248045444489,471.36193716526,1.51236349344254,239.690943777561,0,47.0913658440113,0,36.3232923150063,0,31.7665436267853,0,93.4383933544159,6.24046987295151,308.264701485634,4.31998389959335,2541.87468320131,47.1053334772587,2873.01109668612,21.652580499649,0,68.7628319859505,1840.85677552223,61.8575748801231,3.27662923932076,0,36.4004886448383,0,17.672859609127,0.725626111030579,76.2338542342186,0,68.3974961638451,4.75741726160049,102.521880030632,1.04129898548126,86.7193452715874,164.109562724829,25.2318252623081,50.6065711975098,247.388466507196,76.2562976777554,74.1700871288776,37.9932483136654,58.702907204628,62.8290828168392,24.8207078278065,15.0119549632072,73.9299284815788,125.246934294701,90.7437874674797,41.0031397938728,55.3504239320755,48.925751388073,54.3646928369999,54.4049795567989,29.9695270359516,3.72124803066254,8.42048892378807,0.986980408430099,3.97868740558624,29.0596171915531
7.42598742246628,858.263795107603,50.4446580410004,409.648262798786,1.29960829019547,17.024057507515,22.1736977100372,567.079813331366,0,61.2607641816139,0.610600709915161,36.8756597042084,1.11715734004974,74.6988690793514,0,174.790017366409,0.903679490089417,81.0766259431839,80.7207163274288,272.41774225235,19.1881701350212,3.05818808078766,29.6638685464859,177.542733192444,0,8.5508291721344,6.20125705003738,10.3813927173615,12.5467674136162,30.1057564020157,13.8200223445892,38.6527937054634,25.8763097524643,58.989229798317,8.94046401977539,7.48873347043991,46.7580239474773,376.660826653242,44.6304312050343,55.2998334467411,27.3718643188477,375.160152077675,3.14547049999237,15.5073367357254,3.28079128265381,75.3811976313591,3.90698778629303,28.9883460104465,1.1391738653183,60.734996765852,0,38.9777176380157,0,2.79170155525208,3.05617594718933,27.6368652582169,0.850145101547241,522.504144370556,4.47385394573212,275.579979479313,0,34.6059411168098,0,76.8156403899193,0,56.8998480141163,12.1659153699875,152.60990139842,23.6676357388496,115.914616048336,95.9196367561817,3117.14556780457,65.5647464990616,1305.94186747074,68.7628319859505,0,71.1410257518291,1382.9452317059,0,4.03581351041794,0,38.3858745098114,1.86775857210159,19.68020221591,1.09735608100891,88.7828185558319,10.4589860439301,38.3168038129807,9.50698208808899,93.1563399136066,180.22676256299,145.982794642448,24.8323255181313,61.5676733851433,45.4774258732796,149.775291860104,99.4626623690128,27.9009470045567,90.7159087061882,63.3069306313992,37.6635544896126,17.4280604422092,61.2743745744228,104.42241024971,38.7122135460377,97.7430790960789,47.4190281629562,38.4627279639244,80.335891276598,42.0955183207989,24.6361063122749,4.08631280064583,3.96165800094604,3.59390419721603,8.58192527294159,22.2447766959667
3072.74363473058,872.040088057518,1792.17813321948,226.602985948324,16.6484842598438,0,1681.18286818266,154.855065226555,96.7005940973759,0,128.205764532089,25.6719660162926,427.735521525145,10.3908007144928,337.434491455555,1.05564498901367,153.03495746851,53.0406554639339,1353.51044467092,996.537229001522,7.7934627532959,0,145.326116889715,13.8017275929451,0,0,9.11498010158539,3.4373939037323,571.720792144537,8.51005122065544,101.638382315636,90.1894292533398,234.193154782057,425.991074591875,151.88349661231,97.7849087119102,4003.5581689477,137.335717469454,162.604718387127,8.2838973402977,277.613949418068,4.3169921040535,176.938902914524,127.5719627738,145.645785182714,171.847971588373,409.668681830168,72.5262973308563,361.362807661295,90.1648183763027,481.855757981539,20.4717571139336,149.486112654209,4.62056234478951,102.832822352648,14.6781496107578,3163.45827302337,672.249077141285,1963.30613863468,145.47870194912,492.075839877129,69.8123585879803,477.4952917099,128.305768728256,111.147214561701,16.1852170228958,1805.54175233841,621.284671932459,2577.54328837991,569.155184090137,6216.1722522974,212.723619759083,2589.76589220762,102.288750857115,1840.85677552223,71.1410257518291,0,570.089657336473,4.64734214544296,10.953695833683,208.962101370096,67.3294056952,55.8937730789185,4.09876379370689,332.462334185839,46.3503751754761,72.9312529265881,0.76073282957077,341.764812916517,47.703475266695,130.306674033403,59.0481054782867,116.423717349768,29.2434430718422,933.538900583982,78.6195937097073,284.028749406338,17.7506835758686,53.7799242734909,17.849371612072,87.441888988018,8.65768587589264,133.882499009371,70.4945682585239,465.208828896284,147.768357753754,85.3129427433014,28.4995479881763,397.790762275457,860.648286640644,54.3183310627937,2.74623531103134,12.4818968772888,21.4687901139259,8.38236778974533,134.754302084446
159.613519459963,4991.02525091171,152.847425431013,1728.77447065711,2.27887982130051,10.4326705038548,44.1973360180855,2244.62691488862,0,65.6327370107174,6.04191076755524,169.568299293518,6.51560038328171,191.07125851512,0.914504766464233,250.158063441515,2.08259183168411,272.920050382614,411.232081353664,1713.86820736527,6.27926456928253,13.1541889309883,22.1436531543732,431.815070331097,0,11.6644096672535,5.35037928819656,12.5794188380241,22.2509149909019,75.7257941365242,128.158737778664,107.90531334281,161.07081130147,419.956838965416,78.9439226388931,39.2029103040695,107.387834191322,3634.18528321385,38.9949445128441,213.796051800251,3.66569346189499,171.261613070965,46.5915258228779,113.581268817186,20.279254347086,292.251174479723,42.3799003958702,292.132665723562,1.90194451808929,379.956744253635,0.565617918968201,294.412618756294,0,26.9815684556961,1.69210386276245,129.123220443726,73.4996718168259,3320.31546670198,192.082707703114,1426.19563904405,31.6156415939331,229.329646497965,16.6114119291306,287.860487610102,2.74863243103027,266.683111876249,399.974534392357,1123.99583911896,242.422631561756,1453.27082914114,328.886443406343,9873.2829464376,49.5197775959969,1438.514980793,61.8575748801231,1382.9452317059,570.089657336473,0,1.4320433139801,10.53852429986,7.90863037109375,101.03336006403,0.685113072395325,42.9035909175873,0,291.61777099967,0,64.9501049816608,2.15365660190582,240.78524389863,123.107657253742,319.818115264177,45.1737834811211,185.578971713781,200.240022093058,621.852252215147,93.8399969041348,69.4580534100533,66.1563890278339,112.449249267578,41.6927507817745,40.5562571883202,87.0785435140133,245.49990722537,153.360222071409,514.510504335165,73.4407724440098,72.8108664751053,625.655253052711,1198.86214065552,87.2230981886387,5.78275191783905,17.1228251755238,34.1775564551353,42.6245109438896,139.553801566362
4.03849691152573,0,0,0,0,0,0.638345837593079,0,0,0,5.10747855901718,0,3.14591008424759,0,0,0,204.324928104877,0,0,0,0,0,0,0,0,0,0,0,251.726527035236,0,0,0,0,1.07674384117126,0.94924783706665,0,7.88329702615738,0,0,0,0.948293745517731,0,2.32967498898506,0,1.54125708341599,0,0,0,4.94730406999588,0,9.52696889638901,0,4.12980341911316,0,1.09433782100677,0,23.5792529582977,0,98.1650005280972,0,21.1827481389046,0,64.7215150594711,0,5.13442593812943,0,24.6893318891525,7.1596577167511,0,0,5.02090328931808,0,33.8390713334084,0,3.27662923932076,0,4.64734214544296,1.4320433139801,0,0,752.386797219515,0,18.9257733225822,0,104.593113064766,0,0.542751252651215,0,2.85195684432983,0,0,0,0,0,0,0,0,0,0,0,0,0,0,0,0,0,0,0,0,0,0,0,0,0,0,0
0,2.68853098154068,0,1.45241957902908,0,0,0,0,0,0,0,4.7273570895195,0,0,0,2.43508982658386,0,199.942653775215,0,1.2305121421814,0,0,0,0,0,0,0,0,0,381.626032888889,0,0,0,1.36171400547028,1.2237457036972,1.33058893680573,0.738415956497192,2.77827656269073,0,1.99956381320953,0,0,1.63996577262878,1.78036051988602,0,0.850290238857269,0,0.680096864700317,0,4.1555623114109,0,9.13583922386169,0,0,0,1.6396107673645,1.84537601470947,56.5594864189625,5.12453359365463,152.865986049175,0,16.5476622879505,0.560076236724854,105.273431569338,0,16.1991277039051,2.18598437309265,39.2116620838642,0,1.93529039621353,0,13.8787188529968,0,293.733261883259,0,4.03581351041794,10.953695833683,10.53852429986,0,0,0,1426.7887699008,0,9.99380612373352,0,25.2167429924011,0,0,0,7.77220648527145,0,0,0,0,0,0,0,0,0,0,0,0,0,0,0,0,0,0,0,0,0,0,0,0,0,0
98.8759906589985,0,4.43905109167099,0,4.82945388555527,0,21.3722761273384,0,4.62953591346741,0,316.939038693905,0,134.868805587292,0,17.5342953205109,0,1414.49752154946,0,2.85295140743256,0,0,0,0,0,0,0,2.60471779108047,0,1341.93233838677,0,1.46114897727966,0,1.46977210044861,8.40982574224472,38.6428326368332,31.4499082565308,184.762865036726,4.50164425373077,27.4533849954605,0,19.543470621109,0,119.012842535973,0.685883820056915,57.7973838150501,0,212.055899649858,2.25130033493042,220.873909443617,0,394.941956758499,0,107.717932254076,0,83.3477026224136,0,443.386434882879,3.941730260849,589.712365150452,1.50160592794418,337.333057433367,0,2090.78917428851,1.70255780220032,218.652082085609,0,270.734475493431,41.0401259958744,1.54314458370209,1.09731340408325,56.7729147076607,1.20469200611115,521.930377870798,0,36.4004886448383,0,208.962101370096,7.90863037109375,752.386797219515,0,0,1.00759923458099,1334.18382427096,0,6550.95833340287,0,112.585650384426,0,142.523440986872,0,2.75825864076614,0,0,0,13.3322976231575,0,7.44809854030609,0,7.03834807872772,0,0,0,1.35011541843414,0,1.68152892589569,0,2.6896670460701,0,0,4.9971629679203,0,0,0,0,0,0
0,20.5857475996017,0,1.18073809146881,0,0,0,17.8313257694244,0,0,0,29.0058786869049,0,33.6399776935577,0,2.62720203399658,0,746.719846725464,0,0,0,0,0,0,0,0,0,0,0,467.569486051798,0,0,4.0334404706955,21.6936600506306,30.128452450037,18.9478660225868,13.5014674067497,81.1320711970329,0,4.79983639717102,0,42.3218130171299,19.8197547197342,33.0649220347404,7.54645144939423,149.831148892641,0.520241677761078,83.6981770098209,0,262.799187451601,0,243.29392388463,0,40.9004757702351,0,97.0130636692047,6.55909216403961,167.146636337042,13.7414649128914,953.691159486771,0,238.563652932644,0,1910.01158937812,0,906.31476727128,32.847180634737,392.662757664919,0,11.3614657819271,5.40124678611755,66.7286795973778,0,709.371888428926,0,38.3858745098114,67.3294056952,101.03336006403,0,1426.7887699008,1.00759923458099,0,0,1652.05351901054,0,4718.66856941581,0,85.5563973486423,0,250.644624352455,0,1.11875450611115,0,0,0,3.20412683486938,0,0,0,3.7024267911911,0,0,0,0,0,0.874768197536469,0,0,0,1.61881732940674,0,0,0,0,0,0
84.9801557660103,1.04577851295471,85.4562454521656,0,22.7811860442162,0,25.0225897431374,0,4.91620254516602,0,206.442909300327,0,10.3265035152435,0,34.3283388614655,0,172.124265491962,0,40.2816663682461,9.01241230964661,1.79814982414246,0,1.03314888477325,0,0,0,10.0160248875618,0,1286.16600117087,0,0,0.738493740558624,0.402718544006348,8.13992255926132,3.1867264509201,1.42580544948578,228.683814167976,0,127.389576584101,0,437.575313806534,0,7.23882329463959,0,1.34545975923538,0,49.0488824546337,0,6.78451871871948,0,33.972177863121,0,25.9814941585064,0,91.9826661348343,0,46.1533058285713,0,13.3595798611641,0,31.1467548906803,0,28.6825814247131,0,4.38577768206596,0,15.5523720383644,0,8.9217237830162,0,53.4465299248695,5.58076483011246,155.77186152339,0,17.672859609127,1.86775857210159,55.8937730789185,0.685113072395325,18.9257733225822,0,1334.18382427096,0,0,0,694.994698554277,0,1101.73823457956,0,131.914949387312,0,0,0,0,0,4.68746477365494,0,3.57155042886734,0,0,0,0,0,0,0,0.8898606300354,0,0,0,0,0.574441611766815,0,0,0,0,0,0
0,0,0,0,0,17.084888458252,0,0,0,1.4494354724884,0,0,0,0,0,22.4870933890343,0,6.66345924139023,0,0,1.12200546264648,29.5401760935783,0,0,0,0.536774575710297,0,12.0212506651878,0,343.408515751362,0,0,0,0,1.65018045902252,7.59929943084717,0.880548477172852,508.075901120901,0,171.715667158365,0.717251777648926,2100.44627794623,0,37.7293101549149,0,5.89929202198982,0,40.617027759552,0,22.8252637088299,0,58.5727443099022,0,15.8333247900009,0,149.295528352261,0,0.746285140514374,0,60.8992695212364,0,5.77697029709816,0,35.8188732862473,0,66.2021505832672,0,16.0611057281494,0,0,0,8.57532516121864,1.23462891578674,286.730542689562,0.725626111030579,19.68020221591,4.09876379370689,42.9035909175873,0,9.99380612373352,0,1652.05351901054,0,0,0,931.21963351965,0,1305.85302558541,0,187.252150118351,0,0,0,0,0,2.84538865089417,0,0,0,0,0,0,0,0,0,0,0,0,0,0,0,0,0,0,0,0
1387.23231780529,0,21.5626022219658,0,1.77087771892548,0,440.027525216341,0,1.07709264755249,0,772.784275263548,0,341.491372019053,0,3.35773396492004,0,439.386121153831,0,11.7952836751938,1.18670082092285,0,0,0,0,0,0,1.5333172082901,0,808.351657181978,0,0,0,0,3.30120015144348,46.0630461871624,36.5423237085342,234.12833198905,3.22531312704086,56.0066933035851,0,44.9633206725121,0,143.693754315376,0,66.384407222271,3.73770010471344,316.636233866215,0,305.68996232748,0,2762.13533347845,0,1105.94365677238,0,343.697741985321,0,393.109186083078,0,872.363130182028,0.889913141727448,1375.98827233911,0,1107.7116740644,0,4495.00849637389,0,303.194790005684,18.7678278684616,0.678545355796814,0,125.498167783022,0,464.174190104008,0,76.2338542342186,1.09735608100891,332.462334185839,0,104.593113064766,0,6550.95833340287,0,694.994698554277,0,0,0,731.69704657793,0,7189.7571862936,0,3.63406121730804,0,0,0,12.5603485703468,0,6.46338844299316,0,4.34765404462814,0,0,0,0,0,1.10502731800079,0,0,0,0,2.54375985264778,0,0,0,0,0,0
0,277.435823142529,0,19.4690282940865,0,0,0,285.075159609318,0,0,0,78.474658459425,0,69.8773683309555,0,0,0,83.520057618618,0,6.76749354600906,0,1.47909128665924,0,0.819276809692383,0,0,0,0,0,100.362703830004,6.11872535943985,0.863999307155609,2.29175782203674,23.5355383753777,38.9654788970947,14.2575530707836,5.40557909011841,333.566674768925,0,78.8246761262417,1.42519640922546,138.52017018199,27.5033588707447,112.529508501291,0,126.313969612122,1.85295510292053,138.247086554766,0,413.030344426632,0,4590.78867897391,0,410.894214123487,0,895.019531622529,1.25815451145172,121.14543017745,1.13862150907516,517.349725097418,1.61967089772224,1361.52879995108,0,1009.52187621593,0,4609.32477688789,3.22374528646469,248.178112655878,0,9.3982258439064,7.42388927936554,148.424574047327,0,687.175488084555,0,88.7828185558319,46.3503751754761,291.61777099967,0,25.2167429924011,0,4718.66856941581,0,931.21963351965,0,0,0,1296.77269777656,0,6607.60989233851,0,0,0,0,0,8.97795480489731,0,0,0,3.11558437347412,0,0,0,0,0,0,0,0,0.746132850646973,0,0,0,0,0,0,0
0,0,0,0,14.2677576839924,0,0,0,1.8670369386673,0,0,0,0,0,13.2835084795952,0,1.13813865184784,0,0,0,3.49760544300079,0,0,0,0.948955088853836,0,9.47679015994072,1.69381296634674,419.378687024117,0,0,0,0,0,5.08256375789642,0,1496.26447865367,0,454.337101459503,0,1266.6357755661,7.88774985074997,10.8455512821674,0,0.565369784832001,0,186.997592747211,0,0,0,33.2533911764622,0,51.279562830925,0,776.621511518955,0,0,0,1.1797034740448,0,0,0,1.0481253862381,0,3.27298998832703,0,26.9880764782429,0,0,0,17.4784939885139,9.59586691856384,74.8989569544792,2.1781217455864,68.3974961638451,10.4589860439301,72.9312529265881,0,0.542751252651215,0,112.585650384426,0,1101.73823457956,0,731.69704657793,0,0,0,2386.98777931929,0,0,0,0,0,7.02154284715652,0,1.32019573450089,0,2.51551002264023,0,0,0,0,0,0,0,1.11202704906464,0,0,1.9749116897583,0,0,0,0,0,0.539022266864777
0,0,0,0,0,1.85642856359482,0,0,0,0.717913150787354,0,0,0,0,0,1.91067469120026,0,0,0,0,0.864727199077606,1.54269409179688,0,0,0,0,0,1.61195251345634,0,21.7719351649284,0,0,0,0,0,3.02837693691254,0.626137673854828,1101.53241786361,0,328.622818052769,2.71058982610703,1568.01465138793,0,36.2368578612804,0,0,0,53.9453556537628,0,1.29593056440353,0,12.4777742028236,0,17.9528149366379,0,904.950796872377,0,0,0,1.0510059595108,0,0,0,5.16343751549721,0,10.2646861076355,0,10.813787072897,0,0,5.98813563585281,15.533205717802,3.966248691082,78.4914534389973,4.75741726160049,38.3168038129807,0.76073282957077,64.9501049816608,0,0,0,85.5563973486423,0,1305.85302558541,0,1296.77269777656,0,0,0,2660.11193409562,0,0,0,0,0,4.03811544179916,0,0,0,0,0,0,0,0,0,0,0,0.593878149986267,0,0,0,0,0,0,0.598171532154083,0
656.83692201972,0,3.36471748352051,0,0.726056158542633,0,169.519456923008,0,0.845528185367584,0,137.900166213512,0,23.0173433423042,0,0.935456812381744,0,66.2496928572655,0,0,0,1.08597493171692,0,0,0,0,0,0.694720089435577,0,426.358135402203,0,0,0,0,1.21054315567017,26.4234180748463,20.7607491016388,939.731829673052,4.56337189674377,435.923554897308,0,111.865733057261,1.98633927106857,244.770832180977,0,79.5570760667324,0,754.21564027667,0,273.415734231472,0,1199.68870133162,0,1154.55927595496,0,4434.27415499091,0,158.662825971842,0,285.384759247303,1.98803472518921,165.416468173265,0,41.1182496845722,0,415.551090925932,0,200.389526724815,9.11050179600716,0,0,48.5424996316433,4.07259488105774,332.245921701193,3.14191001653671,102.521880030632,9.50698208808899,341.764812916517,2.15365660190582,2.85195684432983,0,142.523440986872,0,131.914949387312,0,7189.7571862936,0,2386.98777931929,0,0,0,2.96796929836273,0,0,0,8.97666573524475,0,4.74484992027283,0,11.4432782828808,0,0,0,0,0,0,0,1.4242844581604,0,0,0.739276349544525,0,0,0,0,0,0
0,153.000333726406,0,11.8565118312836,0,0,0,44.7979342937469,0,0,0,16.5367197394371,0,10.9454282522202,0,0,0,15.4685037136078,0,0,0,0,0,0,0,0,0,0,0,32.296484619379,0,0,0,9.4586695432663,59.4425247907639,19.7541546225548,5.98313331604004,516.865120619535,0,171.018332868814,0,226.941089212894,19.0282815098763,102.510183662176,0,86.4996772706509,0.454898804426193,183.091553926468,0,149.351770043373,0,788.602175056934,0,625.04703310132,0,4130.28348922729,0,98.2939578592777,0.571285784244537,457.586174249649,0,260.092607110739,0,130.538902580738,0,731.074469864368,6.53895843029022,309.826412916183,0,1.28037011623383,2.45744425058365,144.469580233097,0.82001805305481,417.27189719677,1.04129898548126,93.1563399136066,47.703475266695,240.78524389863,0,7.77220648527145,0,250.644624352455,0,187.252150118351,0,6607.60989233851,0,2660.11193409562,0,0,0,1.45995986461639,0,0,0,2.13469105958939,0,0,0,3.79071176052094,0,0,0,0,0,0,0,0,0,1.49100387096405,0,0,0,0,0,0
0,0,0,0,0,0,0,0,0,0,0,0,0,0,0,0,0,0,0,0,0,0,0,0,0,0,0,0,6.48215281963348,0,0,0,0,0,0,0,116.570863395929,84.0508224368095,208.279599606991,23.2327151894569,2.13469976186752,0,73.8178307712078,0,2.30290395021439,0,133.422891587019,0.911064565181732,2.98734548687935,0,12.4123239219189,0,15.5484615564346,0,14.0771545767784,0,2.13509964942932,0,0,0,0,0,0,0,0,0,4.94508826732635,0,0,0,12.3654592037201,13.7259731292725,67.3598347604275,10.1279754042625,86.7193452715874,180.22676256299,130.306674033403,123.107657253742,0,0,2.75825864076614,0,0,0,3.63406121730804,0,0,0,2.96796929836273,0,0,176.232471466064,735.549745649099,32.455186188221,400.425548166037,257.561963498592,2624.74290266633,186.435990184546,2059.26495477557,394.279946744442,496.072673052549,6.07063323259354,485.28365457058,207.485447257757,376.771542161703,148.481068611145,475.488901793957,234.613997459412,33.3419712483883,25.295460999012,184.46100756526,86.8668802380562,55.1237618625164,13.4994062185287,1.01570796966553,27.7202587425709
0,0,0,0,0,0,0,0,0,0,0,0,0,0,0,0,0,0,0,0,0,1.44479310512543,0,0,0,0,0.905647754669189,0,0,0,0,0,0,0,1.04144692420959,0.570838391780853,126.972008615732,136.079852253199,208.177948772907,31.4531134366989,0.645773410797119,1.93853467702866,15.6197191476822,27.2995250821114,0,0.49848797917366,0,160.887465775013,0,0,0,2.88801270723343,0,16.8134752511978,0,17.7514074742794,0,0,0,0,0,0,0,0,0,0,0,2.77179598808289,0,0,15.8447044491768,30.3611057698727,15.0389454960823,34.9776920080185,164.109562724829,145.982794642448,59.0481054782867,319.818115264177,0,0,0,1.11875450611115,0,0,0,0,0,0,0,1.45995986461639,176.232471466064,0,10.7558528780937,1292.7732245326,122.205537229776,804.245361059904,872.254182845354,721.49768909812,330.122590690851,1310.14476531744,67.8778896331787,121.496230095625,199.121689289808,807.074823737144,130.615373909473,519.21004024148,428.522989243269,307.482045948505,100.769444853067,87.4654904007912,504.711463660002,103.729234695435,145.564646393061,36.2297424972057,45.2682033479214,35.660733550787
0,0,0,0,0,0,0,0,0,0,0,0,0,0,0,0,0,0,0,0,0,0,0,0,0,0,0,0,1.88137513399124,0,0,0,0,0,0,0,22.091228812933,15.3211084008217,46.6160462498665,6.56439369916916,1.52576366066933,0,0,0,0,0,1.18751239776611,0,0,0,0,0,0,0,0,0,0,0,0,0,0,0,0,0,0,0,0,0,0,0,1.52562314271927,1.31169831752777,9.48219048976898,0,25.2318252623081,24.8323255181313,116.423717349768,45.1737834811211,0,0,0,0,0,0,0,0,0,0,0,0,735.549745649099,10.7558528780937,0,2.95285779237747,327.377785176039,53.17220890522,501.173450410366,27.7650031745434,148.306147426367,37.0393663644791,1172.1334837079,0.490211665630341,792.917026817799,42.3048911988735,469.291100293398,31.7701818645,127.638391375542,77.9839664101601,42.8512147068977,45.6012276113033,134.326575368643,34.4247542321682,75.921220511198,27.705168902874,3.779660820961,39.033459842205
0,0,0,0,0,0,0,0,0,0,0,0,0,0,0,0,0,0,0,0,0,0,0,0,0,0,0,0,0,0,0,0,0,0,0,0,43.0661140084267,40.3060323596001,42.5324997007847,10.921494603157,0,1.82936197519302,0,0,0,0,0,1.23268175125122,0,0,0,0,0,0,0,0,0,0,0,0,0,0,0,0,0,0,0,0,0,0,4.39662575721741,13.5267805159092,3.79442012310028,12.221800327301,50.6065711975098,61.5676733851433,29.2434430718422,185.578971713781,0,0,0,0,0,0,0,0,0,0,0,0,32.455186188221,1292.7732245326,2.95285779237747,0,48.5922022461891,164.793252795935,174.922472774982,222.650176495314,93.897015184164,182.595695734024,26.6892399787903,716.45494762063,73.8322270512581,1081.30404555798,59.7028158903122,513.069362342358,175.828813701868,201.205923169851,132.812521308661,122.792175620794,324.818555027246,39.3389859199524,148.343611240387,19.8038882017136,88.0169698894024,38.9878681898117
89.5540431439877,2.18324208259583,40.9214685559273,0,0.886586010456085,0,28.4122579395771,0,0,0,0,0,2.98614749312401,0,5.80184745788574,0.950051873922348,5.22084277868271,0,29.2534205019474,0,0,0,1.36986148357391,0,0,0,4.2901599407196,0,23.4623353481293,0,1.76356601715088,1.92979884147644,4.30841916799545,4.82355064153671,5.11954116821289,4.13394856452942,206.255251049995,11.569112598896,25.793022274971,10.7355476021767,8.41422563791275,0.541053056716919,6.84622704982758,0,1.02697077393532,0,33.6066702604294,8.86588987708092,12.0118696093559,0,33.5201870799065,0,0.794436275959015,0,2.82990676164627,0,117.442949593067,1.42764163017273,111.889029622078,0,21.9795055389404,0,20.1177670955658,0,1.07336473464966,0,50.5460564792156,0.962885558605194,59.7826192975044,0,149.036010563374,27.4538703560829,173.231645226479,8.87651890516281,247.388466507196,45.4774258732796,933.538900583982,200.240022093058,0,0,13.3322976231575,0,4.68746477365494,0,12.5603485703468,0,7.02154284715652,0,8.97666573524475,0,400.425548166037,122.205537229776,327.377785176039,48.5922022461891,0,73.9455532133579,1143.81128054857,28.8849783539772,310.831026315689,52.9452421963215,222.738560050726,13.8347252905369,394.74626287818,99.1765967607498,553.481932491064,136.139421194792,154.919394493103,37.6352144181728,196.009861171246,699.222451865673,203.144056469202,23.77150785923,50.1412833929062,67.4618467092514,19.0998168885708,106.037930697203
6.70084095001221,49.4686722457409,0,12.8469207286835,0,0,0,18.9432846307755,0,0.33739772439003,0,1.53864920139313,0,2.03150328993797,0,1.03459680080414,0,2.1364409327507,1.89242768287659,12.8122719526291,0,2.36558645963669,0,2.08505725860596,0,0,1.32849812507629,1.1156564950943,4.58852934837341,3.30463469028473,0,0,0.780917644500732,3.93315273523331,0.921191215515137,8.42693185806274,42.6000896394253,127.438825160265,115.537617594004,19.4470256567001,1.21913516521454,7.32770022749901,0,5.56827354431152,0,13.119567155838,2.85801655054092,25.8255723118782,0,25.1848486065865,0,17.5000913739204,0,1.6212215423584,0,3.37314772605896,0.748880565166473,57.7679030299187,0,70.9614988863468,1.24805736541748,1.86301416158676,0,11.7001062035561,0,11.7098235487938,0.686059892177582,31.9340302348137,0,6.07572412490845,20.3402385115623,97.1196312606335,27.4466714262962,52.8679158389568,76.2562976777554,149.775291860104,78.6195937097073,621.852252215147,0,0,0,3.20412683486938,0,2.84538865089417,0,8.97795480489731,0,4.03811544179916,0,2.13469105958939,257.561963498592,804.245361059904,53.17220890522,164.793252795935,73.9455532133579,0,230.321636795998,700.713750362396,127.560569256544,623.004095077515,56.1867837607861,37.4897896647453,101.764503061771,350.821515709162,66.2001379430294,421.047452360392,53.4911452531815,94.0603145956993,123.236280411482,869.208815038204,301.585599064827,29.6048901081085,26.9046257138252,15.1264309883118,18.878417879343,15.6330285072327
20.7429583668709,3.82171022891998,0,0,0,0,6.53325483202934,1.55964797735214,0,0,1.07086801528931,1.65617763996124,2.57177197933197,1.20666611194611,0,0,0.858707964420319,0,1.47964578866959,0,0,0,0,0,0,0,0.735791027545929,0.700355172157288,9.15543937683105,0,0,0.3681580722332,0,1.48985064029694,3.3823413848877,0.97741687297821,119.486101418734,45.8109375536442,75.4732780456543,23.0950719714165,1.06679403781891,0,3.40603792667389,0,7.66866353154182,0,67.2917180657387,5.06356954574585,5.75995567440987,0,5.13946092128754,0,0,0,0.755281209945679,0,51.2892861664295,0,48.9142096042633,0,5.3871785402298,0,5.24096918106079,0,0,0,15.2801395058632,0,20.1167688965797,0,55.0578146874905,32.7191706597805,68.8195294141769,13.9764444828033,74.1700871288776,99.4626623690128,284.028749406338,93.8399969041348,0,0,7.44809854030609,0,3.57155042886734,0,6.46338844299316,0,1.32019573450089,0,4.74484992027283,0,2624.74290266633,872.254182845354,501.173450410366,174.922472774982,1143.81128054857,230.321636795998,0,155.334647238255,3177.48739689589,402.180315971375,420.244588732719,38.1999600231647,475.112074315548,323.404289007187,580.355401873589,161.068135201931,278.157142311335,79.174298197031,55.6795555353165,244.61528223753,1022.04609391093,60.0748396217823,96.8691338002682,43.1466773152351,16.1630947589874,38.0965232849121
0,1.21517789363861,0,0,0,0,0,0,0,0,0,0,0,0,0,0,0,0,0,0,0,0,0,0,0,0,0,0.983468770980835,0,1.05447089672089,0,0,0,0.58076810836792,0,0,23.9177769422531,23.862299323082,26.6376156210899,4.54073423147202,0,0,0,0,0,0.757563531398773,0,5.9850310087204,0,0,0,0,0,0,0,0,0,0,0,0,0,0,0,0,0,0,0,2.1571729183197,0,0,5.42017495632172,19.4324241280556,10.1797207891941,15.6720663905144,37.9932483136654,27.9009470045567,17.7506835758686,69.4580534100533,0,0,0,0,0,0,0,0,0,0,0,0,186.435990184546,721.49768909812,27.7650031745434,222.650176495314,28.8849783539772,700.713750362396,155.334647238255,0,117.852968066931,2063.80003333092,72.0777601003647,37.5384613275528,122.640391439199,285.286871910095,38.1853053867817,223.246116250753,48.2794353663921,156.20692551136,12.9967132508755,23.2359171807766,694.819255053997,70.8708637356758,47.8389586210251,15.4722990989685,15.203887462616,10.327399969101
1.8197523355484,0,0,0,0,0,0,0,0,0,0,0,0,0,0,0,0,0,0,0,0,0,0,0,0,0,0,0,4.54515433311462,0,0,0,0,0,0,1.41821789741516,88.9174600243568,22.909728884697,64.6856709122658,13.2627936601639,5.66543620824814,0,119.313165724277,0,4.98872298002243,0,267.887119829655,0,4.60354223847389,0,19.9394279420376,0,47.7060366272926,0,147.286716520786,0,1.6309187412262,0,0,0,0,0,0,0,0,0,4.6407043337822,0,0,0,21.7624216079712,22.6309460997581,52.0001329481602,7.42165917158127,58.702907204628,90.7159087061882,53.7799242734909,66.1563890278339,0,0,7.03834807872772,0,0,0,4.34765404462814,0,2.51551002264023,0,11.4432782828808,0,2059.26495477557,330.122590690851,148.306147426367,93.897015184164,310.831026315689,127.560569256544,3177.48739689589,117.852968066931,0,253.16509988904,101.833377152681,26.5680458843708,120.703930646181,291.303739488125,120.885068923235,78.8161061108112,87.0826637744904,68.0910768806934,17.7269438505173,11.8540715575218,194.508826613426,54.4676283597946,54.3237125873566,12.1805453896523,7.18888980150223,5.22427713871002
0,0.690738558769226,0,0,0,0,0,0,0,0,0,0,0,0,0,0,0,0,0,0,0,0,0,0,0,0,0,1.12443649768829,0,3.90288460254669,0,0,0,0,0,0,50.0635121166706,99.0760784447193,79.5018530488014,18.874268591404,0,12.0834325551987,81.7875550985336,141.214085072279,0,7.68864330649376,0,697.722501218319,0,13.215924590826,0,18.5781198143959,0,90.4367141723633,0,184.37382209301,0,0,0,0,0,0,0,1.81722009181976,0,0,0,1.33236080408096,0,0,11.5354288220406,33.6632311046124,12.3762140274048,35.8385772705078,62.8290828168392,63.3069306313992,17.849371612072,112.449249267578,0,0,0,3.7024267911911,0,0,0,3.11558437347412,0,0,0,3.79071176052094,394.279946744442,1310.14476531744,37.0393663644791,182.595695734024,52.9452421963215,623.004095077515,402.180315971375,2063.80003333092,253.16509988904,0,99.3193955719471,24.7922470867634,188.471360176802,177.254479706287,56.1039431095123,87.1989868879318,126.987219005823,273.417028158903,15.1239136755466,18.8890343010426,356.473341137171,241.710631906986,200.630514234304,55.4367412924767,4.51225754618645,8.11396256089211
0,0,0,0,0,0,0,0,0,0,0,0,0,0,0,0,0,0,0,0,0,0,0,0,0,0,0,0,0,0,0,0,0,0,0,0,38.7088775634766,21.425015181303,73.452702075243,8.26254159212112,0.832315266132355,0,0,0,0,0,0,0,0,0,0,0,0,0,0,0,0,0,0,0,0,0,0,0,0,0,0,0,0,0,8.71139878034592,4.38407456874847,11.867095053196,1.38380455970764,24.8207078278065,37.6635544896126,87.441888988018,41.6927507817745,0,0,0,0,0,0,0,0,0,0,0,0,496.072673052549,67.8778896331787,1172.1334837079,26.6892399787903,222.738560050726,56.1867837607861,420.244588732719,72.0777601003647,101.833377152681,99.3193955719471,0,3.76987954974174,2107.75624465942,131.101961582899,456.469258368015,48.9337133765221,402.859791666269,127.921453773975,20.7046455144882,26.8863018155098,71.0931723415852,6.61973133683205,28.2870847582817,14.8406578600407,5.36193159222603,16.1174311637878
0,0,0,0,0,0,0,0,0,0,0,0,0,0,0,0,0,0,0,0,0,0,0,0,0,0,0,0,0,0,0,0,0,0,0,0,14.1480390429497,9.54661199450493,7.15324747562408,4.03831386566162,0,0,0,0,0,0,0,0,0,0,0,0,0,0,0,0,0,0,0,0,0,0,0,0,0,0,0,0,0,0,0,7.28785493969917,1.55280989408493,0,15.0119549632072,17.4280604422092,8.65768587589264,40.5562571883202,0,0,0,0,0,0,0,0,0,0,0,0,6.07063323259354,121.496230095625,0.490211665630341,716.45494762063,13.8347252905369,37.4897896647453,38.1999600231647,37.5384613275528,26.5680458843708,24.7922470867634,3.76987954974174,0,36.4630824327469,953.302704811096,15.6903404295444,160.533700227737,46.6259432435036,33.043376237154,5.86797261238098,10.4517200887203,32.8087042570114,1.04032781720161,13.7335149049759,9.29451763629913,14.5087641179562,2.60818666219711
0,0,0,0,0,0,0,0,0,0,0,0,0,0,0,0,0,0,0,0,0,0,0,0,0,0,0,0,3.14401936531067,0,0,0,0,0,0,0,77.6567139327526,34.5894385874271,122.132635325193,6.92599976062775,0.47092005610466,0,0,0,0,0,0,0,0,0,0,0,0,0,0,0,0,0,0,0,0,0,0,0,0,0,0,0,0,0,11.8394403755665,12.2125238776207,26.6720106601715,2.86549264192581,73.9299284815788,61.2743745744228,133.882499009371,87.0785435140133,0,0,1.35011541843414,0,0,0,0,0,0,0,0,0,485.28365457058,199.121689289808,792.917026817799,73.8322270512581,394.74626287818,101.764503061771,475.112074315548,122.640391439199,120.703930646181,188.471360176802,2107.75624465942,36.4630824327469,0,477.106259942055,3825.17371839285,95.6206318438053,645.931362867355,161.327640980482,121.343334853649,104.468087047338,289.801960766315,67.1940364837646,128.825216770172,393.132303863764,259.128687947989,92.7822938859463
0,0,0,0,0,0,0,0,0,0,0,0,0,0,0,0,0,0,0,0,0,0,0,0,0,0,1.26039099693298,0,0,1.55180048942566,0,0,0,0,0,0,103.135403871536,78.2427161633968,83.2276334762573,25.7286643087864,1.36528027057648,2.07522439956665,0,0,0,0,0,3.95031595230103,0,0,0,0,0,0,0,0,0,0,0,0,0,0,0,0,0,0,0,0,0,0,9.92906564474106,33.5700495541096,18.6085405647755,14.9526479244232,125.246934294701,104.42241024971,70.4945682585239,245.49990722537,0,0,0,0,0,0,0,0,0,0,0,0,207.485447257757,807.074823737144,42.3048911988735,1081.30404555798,99.1765967607498,350.821515709162,323.404289007187,285.286871910095,291.303739488125,177.254479706287,131.101961582899,953.302704811096,477.106259942055,0,138.697561323643,5003.65882742405,338.052079916,349.677112996578,111.569229125977,122.473919689655,372.615389883518,39.3135941624641,106.97535353899,274.940546035767,106.495040178299,33.0007951855659
4.72244298458099,0,0.632133960723877,0,0,0,0.589206218719482,0,0,0,1.77042591571808,0,0,0,0,0,0,0,0.83505254983902,0,0,0,0,0,0,0,0,0,7.27559298276901,0,0,0,0,0,0.699973940849304,0,61.5630333125591,6.54051175713539,20.0955939590931,4.98715132474899,3.78410577774048,0,0,0,0,0,2.08713150024414,0.466097354888916,0,0,0,0,0,0,0,0,4.51484191417694,0,1.19130194187164,0,0,0,0.981057286262512,0,0,0,0,0,1.33170849084854,0,30.165963113308,16.767873197794,33.9281160831451,3.47257146239281,90.7437874674797,38.7122135460377,465.208828896284,153.360222071409,0,0,1.68152892589569,0,0.8898606300354,0,1.10502731800079,0,0,0,0,0,376.771542161703,130.615373909473,469.291100293398,59.7028158903122,553.481932491064,66.2001379430294,580.355401873589,38.1853053867817,120.885068923235,56.1039431095123,456.469258368015,15.6903404295444,3825.17371839285,138.697561323643,0,238.440390050411,416.645649582148,45.8002590537071,212.817673742771,109.766655057669,288.340351998806,19.1726905405521,48.9137741029263,38.5562420487404,81.8853631019592,229.968872904778
1.72526103258133,5.06484079360962,0,1.7679328918457,0,0,0,8.0926376581192,0,0,0,0,0,0,0,0.549788355827332,0,1.93346220254898,0,4.08140873908997,0,0.825427711009979,0,0,0,0,0,0,1.28011083602905,2.83104658126831,0,0,0,3.15888243913651,0,0,31.1485436856747,34.0188996195793,21.007915019989,7.34322655200958,3.35998773574829,2.39089050889015,0,0,0,0,0,3.42215096950531,0,0,0,0,0,0,0,1.82607167959213,2.67953085899353,2.45389258861542,0,1.60113251209259,0,0,0,0,0,0,0,0.692461490631104,0,1.31306082010269,17.8753741979599,90.8376168012619,17.5283353924751,30.048496812582,41.0031397938728,97.7430790960789,147.768357753754,514.510504335165,0,0,0,0.874768197536469,0,0,0,0,0,0,0,0,148.481068611145,519.21004024148,31.7701818645,513.069362342358,136.139421194792,421.047452360392,161.068135201931,223.246116250753,78.8161061108112,87.1989868879318,48.9337133765221,160.533700227737,95.6206318438053,5003.65882742405,238.440390050411,0,78.4652627408504,346.364722132683,184.696006715298,193.860859632492,495.599593102932,27.3205389380455,38.8201349675655,42.5176801979542,298.285641044378,179.544352084398
4.35584479570389,0,0,0,0,0,2.97882241010666,0,0,0,0,0,0,1.2414036989212,0,0,1.21820437908173,0,0,0,0,0,0,0,0,0,1.78411650657654,0,7.75185233354568,0,0,0,0,0,0,0,47.8760996460915,20.2337232530117,48.0040993988514,2.92079490423203,0,0,0,0,0,0,0,0,0,0,2.25683575868607,0,0,0,0,0,13.0189602375031,0,5.03333818912506,0,0.630920052528381,0,1.20911657810211,0,0,0,0,0,2.80166816711426,0,20.3500382304192,18.6023201048374,41.0170111656189,10.0450274944305,55.3504239320755,47.4190281629562,85.3129427433014,73.4407724440098,0,0,2.6896670460701,0,0,0,0,0,1.11202704906464,0,1.4242844581604,0,475.488901793957,428.522989243269,127.638391375542,175.828813701868,154.919394493103,53.4911452531815,278.157142311335,48.2794353663921,87.0826637744904,126.987219005823,402.859791666269,46.6259432435036,645.931362867355,338.052079916,416.645649582148,78.4652627408504,0,91.5136333703995,19.0959375500679,21.8164249360561,99.09853926301,11.1350736021996,13.0865194797516,10.2305485904217,4.15991303324699,24.2921369671822
0,3.78338444232941,0,0,0.559797346591949,0,2.06439518928528,0,0,0,0,0,0,0,0,0,0,0,0,0,0,0,0,0,0,0,0,0,0,0.610116541385651,0,0,0,0,0,0,28.4726332426071,17.5860561430454,21.221989274025,4.27932101488113,0,0,0,0,0,0,0,0,0,0,0,0,0,0,0,0,0,4.29302263259888,0,0,0,0,0,0,0,0,0,0,0,0,12.7675020694733,23.2576775848866,10.4490076303482,10.2536596059799,48.925751388073,38.4627279639244,28.4995479881763,72.8108664751053,0,0,0,0,0,0,0,0,0,0.593878149986267,0,0,234.613997459412,307.482045948505,77.9839664101601,201.205923169851,37.6352144181728,94.0603145956993,79.174298197031,156.20692551136,68.0910768806934,273.417028158903,127.921453773975,33.043376237154,161.327640980482,349.677112996578,45.8002590537071,346.364722132683,91.5136333703995,0,17.8692901134491,19.616751909256,60.7891777157784,3.45877587795258,2.31696450710297,3.77973526716232,6.91565063595772,12.8965715765953
0.472667962312698,14.6459257602692,7.90576821565628,12.9272626042366,0,0,6.23556882143021,13.0244750380516,0.608675897121429,0.592333137989044,0,0.928232669830322,0,0.694986164569855,0.955071479082108,2.15320748090744,0,0,0,5.25496709346771,0,0,0,0,0,0,0,0,2.91866564750671,0,0,1.85830119252205,0,9.76401624083519,0,1.06205296516418,33.2737706303596,12.0224127173424,2.58879375457764,1.11114060878754,8.88686454296112,0,0,0,0,0,1.2204327583313,5.02488023042679,0,0,0,0.571125864982605,0,0,0,0,7.65778106451035,4.91905379295349,2.52229559421539,0.732370734214783,0,0,0,0,0,1.92774152755737,0,0,3.95540791749954,1.39518576860428,31.9410368204117,95.3606644868851,18.5489392578602,15.3841576874256,54.3646928369999,80.335891276598,397.790762275457,625.655253052711,0,0,0,0,0,0,0,0.746132850646973,0,0,0,0,33.3419712483883,100.769444853067,42.8512147068977,132.812521308661,196.009861171246,123.236280411482,55.6795555353165,12.9967132508755,17.7269438505173,15.1239136755466,20.7046455144882,5.86797261238098,121.343334853649,111.569229125977,212.817673742771,184.696006715298,19.0959375500679,17.8692901134491,0,279.935938835144,300.941077053547,23.5777009129524,92.0343843698502,264.862121909857,120.24196356535,338.327808856964
20.3120771050453,11.6889094114304,12.7252758741379,5.13562235236168,0,0,3.12681382894516,6.31773507595062,0.50417959690094,0,1.50982964038849,0,0,0,1.48399811983109,2.18900993466377,1.61342084407806,0.827492713928223,4.17472189664841,8.57817357778549,0,0,0,1.73535001277924,0,0,0,0,5.51229864358902,1.67595809698105,0,3.02116519212723,1.01870489120483,3.11691629886627,2.64071124792099,0,64.4034117460251,36.807449311018,1.39290547370911,0,0.955793827772141,2.51872825622559,0,0.581287324428558,0.619329214096069,0,128.631332933903,104.046434521675,3.38034927845001,0.605112552642822,5.41406834125519,4.64994937181473,1.40987741947174,0,0.591790616512299,0,22.6773378252983,1.95723593235016,28.4884229898453,7.88448369503021,9.06880605220795,0,2.42516672611237,0,0,0,18.0092371702194,4.46046191453934,16.4384994506836,1.33945345878601,37.6153582334518,61.227281421423,40.4236791431904,16.0740592777729,54.4049795567989,42.0955183207989,860.648286640644,1198.86214065552,0,0,4.9971629679203,1.61881732940674,0.574441611766815,0,2.54375985264778,0,1.9749116897583,0,0.739276349544525,1.49100387096405,25.295460999012,87.4654904007912,45.6012276113033,122.792175620794,699.222451865673,869.208815038204,244.61528223753,23.2359171807766,11.8540715575218,18.8890343010426,26.8863018155098,10.4517200887203,104.468087047338,122.473919689655,109.766655057669,193.860859632492,21.8164249360561,19.616751909256,279.935938835144,0,797.858475595713,25.0466660857201,105.470263898373,283.864395439625,102.635171502829,201.117445409298
0,0,0,0,0,0,0,0,0,0,0,0,0,0,0,0,0,0,0,0,0,0,0,0,0,0,0,0,0,0,0,0,0,0,0,0,26.5443808734417,14.7621939182281,14.7408831417561,2.47193759679794,0.489028126001358,0,0,0,0,0,0,0.730431854724884,0,0,0,0,0,0,0,0,0,0,0,0,0,0,0,0,0,0,0,0,0,0,6.80667835474014,13.7733024656773,8.61396312713623,6.1337471306324,29.9695270359516,24.6361063122749,54.3183310627937,87.2230981886387,0,0,0,0,0,0,0,0,0,0,0,0,184.46100756526,504.711463660002,134.326575368643,324.818555027246,203.144056469202,301.585599064827,1022.04609391093,694.819255053997,194.508826613426,356.473341137171,71.0931723415852,32.8087042570114,289.801960766315,372.615389883518,288.340351998806,495.599593102932,99.09853926301,60.7891777157784,300.941077053547,797.858475595713,0,332.195582389832,379.855666726828,369.022772192955,133.953687757254,204.247482597828
0,0,0,0,0,0,0,0,0,0,0,0,0,0,0,0,0,0,0,0,0,0,0,0,0,0,0,0,0,0,0,0,0,0,0,0,0.900294095277786,2.19837355613708,5.94792765378952,0.554160118103027,0,0,0,0,0,0,0,0,0,0,0,0,0,0,0,0,0,0,0,0,0,0,0,0,0,0,0,0,0,0,0,3.8141016960144,0,0.895332753658295,3.72124803066254,4.08631280064583,2.74623531103134,5.78275191783905,0,0,0,0,0,0,0,0,0,0,0,0,86.8668802380562,103.729234695435,34.4247542321682,39.3389859199524,23.77150785923,29.6048901081085,60.0748396217823,70.8708637356758,54.4676283597946,241.710631906986,6.61973133683205,1.04032781720161,67.1940364837646,39.3135941624641,19.1726905405521,27.3205389380455,11.1350736021996,3.45877587795258,23.5777009129524,25.0466660857201,332.195582389832,0,223.188430190086,125.313788533211,16.0573851466179,21.9218266010284
0,0,0,0,0,0,0,0,0,0,0,0,0,0,0,0,0,0,0,0,0,0,0,0,0,0,0,0,0,0,0,0,0,0,0,0,3.34124046564102,1.67702415585518,2.75355476140976,0,0.480787307024002,0,0,0,0,0,0,0,0,0,0,0,0,0,0,0,0,0,0,0,0,0,0,0,0,0,0,0,0,0,1.21352076530457,1.22686061263084,0.531381249427795,0,8.42048892378807,3.96165800094604,12.4818968772888,17.1228251755238,0,0,0,0,0,0,0,0,0,0,0,0,55.1237618625164,145.564646393061,75.921220511198,148.343611240387,50.1412833929062,26.9046257138252,96.8691338002682,47.8389586210251,54.3237125873566,200.630514234304,28.2870847582817,13.7335149049759,128.825216770172,106.97535353899,48.9137741029263,38.8201349675655,13.0865194797516,2.31696450710297,92.0343843698502,105.470263898373,379.855666726828,223.188430190086,0,300.002750575542,34.1078147888184,91.6212369799614
0,0,0,0,0,0,0,0,0,0,0,0,0,0,0,0,0,1.37523686885834,0,0,0,0,0,0,0,0,0,0,0,0,0,0,0,0,0,0,1.39669692516327,0,1.30319499969482,0,0,0,0,0,0,0,0,0,0,0,0,0,0,0,0,0,0,0,0,0,0,0,0,0,0,0,0,0,0,0,0.95203161239624,2.94328442215919,0.66082364320755,0,0.986980408430099,3.59390419721603,21.4687901139259,34.1775564551353,0,0,0,0,0,0,0,0,0,0,0,0,13.4994062185287,36.2297424972057,27.705168902874,19.8038882017136,67.4618467092514,15.1264309883118,43.1466773152351,15.4722990989685,12.1805453896523,55.4367412924767,14.8406578600407,9.29451763629913,393.132303863764,274.940546035767,38.5562420487404,42.5176801979542,10.2305485904217,3.77973526716232,264.862121909857,283.864395439625,369.022772192955,125.313788533211,300.002750575542,0,226.747820138931,280.210347473621
0,0,0,0,0,0,0,0,0,0,0,0,0,0,0,0,0,0,0,0,0,0,0,0,0,0,0,0,0,0,0,0,0,1.1270477771759,0,0,5.09037178754807,1.93553072214127,1.21435022354126,0,0,0,0,0,0,0,0,0,0,0,0,0,0,0,0,0,0,0,0,0,0,0,0,0,0,0,0,0,0,0,0.580425500869751,3.31667971611023,0,0,3.97868740558624,8.58192527294159,8.38236778974533,42.6245109438896,0,0,0,0,0,0,0,0,0,0.598171532154083,0,0,1.01570796966553,45.2682033479214,3.779660820961,88.0169698894024,19.0998168885708,18.878417879343,16.1630947589874,15.203887462616,7.18888980150223,4.51225754618645,5.36193159222603,14.5087641179562,259.128687947989,106.495040178299,81.8853631019592,298.285641044378,4.15991303324699,6.91565063595772,120.24196356535,102.635171502829,133.953687757254,16.0573851466179,34.1078147888184,226.747820138931,0,194.985348880291
6.36625236272812,0.581239700317383,1.7443340420723,0,0,0,0.846107184886932,0.786573827266693,0,0,0,0,0,0,0,0,0,0,0.516882061958313,0,0,0,0,0.866480052471161,0,0,0,0,1.65444719791412,0,1.72702121734619,0,0,1.48111212253571,0,0,12.4592998623848,3.91308546066284,2.99757438898087,0,2.45203197002411,0.599414885044098,0,0,0,0,0,0,0.484624952077866,0,0,0,0,0,0,0,4.87603843212128,0,2.62390840053558,0,0,0,0,0,0,0,0,1.35830783843994,0,0,14.3362048864365,26.7571249604225,11.3550330996513,3.41893243789673,29.0596171915531,22.2447766959667,134.754302084446,139.553801566362,0,0,0,0,0,0,0,0,0.539022266864777,0,0,0,27.7202587425709,35.660733550787,39.033459842205,38.9878681898117,106.037930697203,15.6330285072327,38.0965232849121,10.327399969101,5.22427713871002,8.11396256089211,16.1174311637878,2.60818666219711,92.7822938859463,33.0007951855659,229.968872904778,179.544352084398,24.2921369671822,12.8965715765953,338.327808856964,201.117445409298,204.247482597828,21.9218266010284,91.6212369799614,280.210347473621,194.985348880291,0
