0,94.3112049996853,1872.27817317843,203.436139851809,0,0,5278.32206556201,137.524030387402,23.8562812209129,0,2719.64977329969,11.209524512291,1552.82519650459,11.6374282836914,69.0772746801376,0,612.375101715326,2.04195410013199,932.348786205053,856.990241914988,0,0,42.3601196110249,75.1825234293938,0,0,0,0,1016.12252363563,1.61084985733032,8.52145832777023,21.0045187473297,47.6999879777431,241.600689291954,11.3825042247772,10.4612684249878,560.229023844004,0,84.3168917000294,0,0.687945783138275,0,2.31146335601807,0,2.70320814847946,0,1.10668230056763,0,2.44771939516068,0,432.890946239233,0,45.1474668383598,0,32.8155919313431,0,9988.13383987546,0.978872179985046,812.706349313259,0,1800.68618828058,0,288.647905737162,0,412.144360840321,0,341.44992312789,5.20818328857422,3399.39591881633,37.0766709446907,2975.27792567015,256.381415873766,2387.48560142517,45.3982067108154,927.943726658821,23.9496848583221,3329.35896524787,112.044345498085,34.7010186910629,0,159.153155714273,0,110.342343866825,0,1466.71737533808,0,0,0,797.172425091267,0,0,0,0,0,87.9580252766609,0.537613153457642,11.4491204619408,0,0,0,0,0,0,0,0,0,2.06849181652069,0,6.24300873279572,7.76636862754822,0,0,0,0,0,0
94.3112049996853,0,17.177698880434,4841.47913479805,0,2.15193074941635,7.90587222576141,5719.830640167,0,2.16134130954742,0,2009.56039503217,0,851.685998558998,0,39.4696512520313,0,1190.28860965371,192.575231730938,1896.53817024827,0,0,2.15912288427353,33.3999547064304,0,0,0,0,2.21202617883682,223.851881295443,2.35913038253784,1.53952938318253,151.941402554512,46.8127906322479,5.68463230133057,5.20861524343491,3.6491704583168,676.521127730608,0,67.5666662454605,0,0.398072391748428,0,0,0,1.62396550178528,0,18.7768658399582,0,39.0579677522182,0,219.378265321255,0,0,0,0,26.3800171017647,9298.98135998845,4.89260989427567,361.551713079214,1.52448344230652,1241.76599639654,0,336.632623225451,0,659.848054379225,34.7243856787682,79.0389569401741,363.09749943018,1052.98034784198,96.5568335652351,3344.91566568613,22.5434737801552,2279.58345419168,7.38212752342224,990.620847195387,229.407195925713,4057.4666377902,0,10.0125311017036,2.73757761716843,42.8882384300232,0,0,0,1102.02180224657,0,0,0,388.456080049276,0,0,0,0,2.38980448246002,57.146359115839,0,0,0,0,0,0,0,0,0,0.81182461977005,0,0,13.3565155267715,4.25371557474136,0,0,0,0,1.47389721870422,0.90723043680191
1872.27817317843,17.177698880434,0,647.189572364092,593.315150052309,172.802170932293,9732.16839271784,663.783490926027,206.202208936214,95.1492895185947,565.073935687542,40.4310194849968,955.670959830284,70.1905569732189,413.905731081963,22.1072271168232,157.81923058629,2.74600720405579,1493.06619179249,398.433762788773,1.26138976216316,2.58994698524475,3131.81296035647,1292.79778629541,57.9153989255428,179.003274917603,46.730588465929,27.4219973385334,818.919695049524,4.88824951648712,113.176312983036,422.146414637566,88.2001785337925,260.311602860689,3.78818428516388,1.16037511825562,64.8042235970497,0,3.81647822260857,0,3.67144739627838,0.737119436264038,0.988899290561676,0,5.32252776622772,0,0.805483102798462,0,0.699061870574951,0,85.6726996898651,0,0,0,0,0,64.7284123897552,1.463254570961,141.374943256378,0,75.8931792080402,0,16.9487376213074,0,10.1543481945992,0,317.456012368202,0.580614149570465,207.406000196934,0,1655.36758387089,536.255049794912,1584.77350851893,135.313144534826,449.789443969727,25.4985918402672,1445.14562129974,38.9942167401314,4.02356052398682,0,21.0486910939217,0,83.9381305873394,0,30.1412796378136,0,0.747249662876129,0,6.31466656923294,0,0,0,0,0,32.6060837507248,0.763929069042206,3.09773164987564,0,0,0,0,0,0,0,0.800978124141693,0,0,0,5.27970504760742,1.132354170084,0,0,0,0,0,0.765305817127228
203.436139851809,4841.47913479805,647.189572364092,0,146.707864165306,1319.72117465734,726.545115619898,12051.16127491,111.374506443739,392.651194423437,20.8699529767036,1014.66513881087,48.3512959480286,750.253606826067,31.3927444815636,303.030722767115,2.54909813404083,336.465569972992,541.793955385685,4411.84582126141,0,0.604675531387329,981.32943162322,2430.42812395096,68.8798688054085,235.406722426414,32.5516445338726,40.356496065855,35.8225408196449,217.388380557299,173.48264080286,175.1618925035,176.606509029865,114.061833620071,4.36833825707436,5.91865953803062,0,124.309766918421,0,19.8465820550919,0,5.69350957870483,0.746672332286835,1.70381009578705,0,7.77766686677933,0,10.6320605874062,0,119.79442101717,0,264.874227613211,0,0,0,0,37.2347701787949,383.07006368041,0,194.067308455706,0,108.817720115185,0,161.321012794971,0,149.551898807287,4.33099806308746,345.489119142294,81.2748009264469,211.117963343859,566.703093409538,2598.42554426193,108.802576243877,1800.95053032041,12.536368727684,622.130331218243,146.194798707962,1804.43648472428,0,14.2893931865692,0,29.7503541111946,2.69641065597534,0,0,140.605798125267,0,0,0,22.6188123226166,0,0,0,0,1.01672923564911,28.9318121373653,0,0,0,0,0,0,0,0,0,0,0,0,8.00618225336075,5.43287152051926,0,0,0,0,0,0
0,0,593.315150052309,146.707864165306,0,163.771263241768,400.054809778929,25.5455980300903,1264.47051697969,91.4964593648911,0,0,2.47641789913177,0.857868313789368,1436.41120299697,32.9310996234417,0,0,1.84897911548615,0,161.599824547768,20.1569336652756,102.729205042124,220.981469810009,370.554625153542,265.856656581163,713.941344320774,105.539076149464,460.576621264219,1.05329918861389,110.555921971798,118.807138472795,5.05521959066391,2.95433801412582,0.491773426532745,0,43.3866256773472,1.32455027103424,5.46642845869064,0,65.7690326571465,2.96533626317978,0,0,0,0,0,0,0,0,0,0,0,0,0.458956778049469,0,0,0,0,0,0,0,0,0,0,0,0,0,0,0,624.221695780754,100.821871072054,500.873593866825,31.3285765647888,19.032025873661,0.687369465827942,26.9156329929829,0,0,0,0,0,15.7645644247532,0,9.76538327336311,0,28.9163938462734,0,21.7384581267834,0,0,0,0,0,0,0,0,0,0,0,0,0,0,0,0,0,0,0,0,0,0,0,0,0,0,0
0,2.15193074941635,172.802170932293,1319.72117465734,163.771263241768,0,107.406501829624,399.178912013769,73.0036831796169,2251.40079572797,0,1.07836037874222,0,15.5721568465233,37.6368798911572,1115.97638481855,0,1.19425940513611,0,2.10346055030823,6.87786072492599,251.340385377407,264.946754008532,100.192539095879,219.951990425587,608.381424695253,118.026027232409,1350.73050931096,8.31873854994774,167.355450958014,237.470388710499,99.0207627415657,1.22101438045502,3.62180015444756,0,0,0,8.43520426750183,0,1.34411823749542,0,163.011257261038,0,0,0,0,0,0,0,0,0,0,0,0,0,1.08228754997253,0,0,0,0,0,0,0,0,0,0,0,0,0,0,199.245383828878,1134.10466986895,9.99130433797836,891.386702537537,0,36.2298911809921,0,26.1143465042114,0,0,0,0.407338857650757,0,71.1846743524075,0,0,0,18.6662740111351,0,2.28040379285812,0,0,0,0,0,0,0,0,0,0,0,0,0,0,0,0,0,0,0,0,0,0,0,0,0,0
5278.32206556201,7.90587222576141,9732.16839271784,726.545115619898,400.054809778929,107.406501829624,0,1098.87058579922,725.658617854118,58.9998185932636,1155.61760440469,60.152057826519,4434.65093153715,115.795304894447,843.042628139257,36.6406342387199,85.5382994413376,1.12875604629517,257.584676593542,278.450978696346,0,2.65071225166321,720.649902611971,1515.01341661811,7.17489403486252,80.343377828598,2.55171525478363,8.74400472640991,796.588218480349,7.41919034719467,43.1480394005775,433.810836732388,32.7398458719254,269.197110921144,0.515325903892517,3.64037036895752,69.6888714432716,3.125572681427,6.14753794670105,0,1.66649788618088,0,0,0,0,0,1.35886168479919,0,0.637910962104797,0,265.744603604078,0,1.6151168346405,0,0,0,335.307250380516,0,226.550947248936,0,348.994784772396,0,41.2677496671677,0,179.979228526354,0,113.876528978348,1.74651920795441,133.858687758446,5.72834461927414,3552.33924889565,765.336805909872,1495.43912175298,189.481512129307,448.243071436882,57.3300731182098,1484.62667787075,57.8563272953033,14.2576918005943,0,40.7383425235748,0,55.0694867670536,0,181.981519162655,0,2.11595344543457,0,20.1656937003136,0,0,0,0,0,31.7219232320786,2.10926198959351,3.53513932228088,0,0,0,0,0,0,0,0,0,0,0,6.20616853237152,2.69422340393066,0,0,0,0,0,0
137.524030387402,5719.830640167,663.783490926027,12051.16127491,25.5455980300903,399.178912013769,1098.87058579922,0,30.0419639348984,425.536889255047,52.2291665077209,1404.79624763131,151.333047628403,4597.41581359506,17.7904251217842,483.84417501092,2.59649908542633,134.829488307238,610.232722014189,283.106327742338,0,0,1211.80736598372,1069.06226703525,8.80971333384514,31.2838843464851,4.47438204288483,3.7281699180603,55.9711627066135,142.932403743267,109.556164562702,190.010231345892,117.893778383732,105.194080591202,5.44870120286942,6.96453037858009,4.41685163974762,129.055124938488,0,14.8765265345573,0,0,0,0,0,5.32394576072693,0,8.50737169384956,0,130.791854351759,0,501.734922707081,0,0,0,8.30924496054649,5.75678646564484,579.037297278643,0,138.047931611538,0,542.951289951801,0,201.299723625183,0,668.971700817347,3.16719859838486,124.420856297016,56.1179308891296,28.2224899232388,575.194396018982,4701.81145352125,147.937657892704,1144.68241611123,28.97879165411,439.248787105083,108.700529396534,1461.01795586944,0,1.4108966588974,0,57.1651519536972,1.55896139144897,0,0,1453.82748705149,0,0,0,527.686516910791,0,0,0,0,0.611602306365967,13.6147316396236,0,0,0,0,0,0,0,0,0,0,0,0,3.04161375761032,0.702692925930023,0,0,0,0,0,1.06386029720306
23.8562812209129,0,206.202208936214,111.374506443739,1264.47051697969,73.0036831796169,725.658617854118,30.0419639348984,0,50.8899456858635,25.8085485696793,0,303.615599870682,0.821018874645233,3588.59464636445,14.5725886821747,0.851898908615112,0,8.1820288002491,0,40.4259971380234,5.43619927763939,72.0573952198029,142.499992281199,84.5606978535652,105.054552555084,232.190952599049,29.0280671715736,423.055490672588,0,23.7768747508526,48.7647959291935,2.76270347833633,1.84443992376328,0.415837109088898,0,31.8868687748909,0,2.52656817436218,0,52.8160392343998,0,0,0,0,0,0,0,0,0,0,0,0,0,4.45661526918411,0,1.1042218208313,0,0,0,0,0,0,0,0,0,0,0,0.500893831253052,0,890.164647936821,58.4118216633797,949.220944344997,16.3685778677464,57.5611785650253,1.50044733285904,85.7508075535297,0,0,0,2.63776326179504,0,22.9865339100361,0,8.37819448113441,0,27.1854168772697,0,11.4973304867744,0,0,0,0,0,2.46667355298996,0,1.23057186603546,0,0,0,0,0,0,0,0,0,0,0,0,0,0,0,0,0,0,0
0,2.16134130954742,95.1492895185947,392.651194423437,91.4964593648911,2251.40079572797,58.9998185932636,425.536889255047,50.8899456858635,0,0,41.8069316148758,2.0511531829834,233.011023670435,20.2211513221264,2329.43112373352,0,11.4884806275368,0,7.30321359634399,1.09659898281097,41.1612353622913,140.065046668053,87.0140819251537,125.531008809805,149.729796439409,58.8915503025055,337.419078379869,7.98453199863434,116.13450089097,137.446401834488,31.3076555728912,0,3.01203274726868,0,0,0,8.34782844781876,0,0.595370948314667,0.780391216278076,91.685389816761,0,0,0,0,0,0,0,0,0,0,0,0,0,1.1725252866745,0,0,0,0,0,0,0,1.46718108654022,0,0,0,0,0,0,113.033806294203,1417.8932235837,2.40851864218712,1116.48539480567,0,67.1003484725952,0,81.9836312234402,0,0,0,0.879311323165894,0,14.2731159329414,0,0,0,4.51053017377853,0,0,0,0,0,0,0,0.716291427612305,0,0,0,0,0,0,0,0,0,0,0,0,0,0,0,0,0,0,0,0
2719.64977329969,0,565.073935687542,20.8699529767036,0,0,1155.61760440469,52.2291665077209,25.8085485696793,0,0,1.54698741436005,3261.87672799826,2.89178484678268,164.814823240042,0,703.1895788908,0,301.351835459471,51.539575278759,0,0,124.172099649906,45.7523317337036,0,0,0,0,714.005053728819,0,7.67519217729568,8.62056583166122,9.79268136620522,40.5925914049149,1.55819427967072,0,19.0187248587608,0,1.40654301643372,0,0,0,0,0,0,0,1.33237183094025,0,1.27498233318329,0,5.43832612037659,0,3.2731659412384,0,7.42709648609161,0,486.901112765074,0,29.8817148804665,0,469.935542732477,0,433.016783058643,0,17.5097154974937,0,18.5385017991066,0,75.6371830403805,0,538.618864834309,47.0827172994614,177.96672976017,12.5130180716515,51.9899174571037,1.78562414646149,277.20769739151,5.16420418024063,13.8983578681946,0,366.605508983135,0,151.613867402077,0,466.580920994282,0,0,0,141.242794513702,0,0,0,0,0,3.02690356969833,0,0,0,0,0,0,0,0,0,0,0,0,0,1.69761085510254,0,0,0,0,0,0,0
11.209524512291,2009.56039503217,40.4310194849968,1014.66513881087,0,1.07836037874222,60.152057826519,1404.79624763131,0,41.8069316148758,1.54698741436005,0,8.30997449159622,3367.82574406266,0,299.577490717173,0,1151.72630026937,127.695214033127,631.790806829929,0,0,54.5441753864288,347.743842512369,0,0,0,0,5.27782958745956,1041.25738725066,17.7238395214081,40.272317647934,26.577595949173,67.89467638731,0.658966541290283,3.9604332447052,0,58.2393599748611,0,3.08395838737488,0,0,0,0,0,0,0,2.51459014415741,0,0.582406282424927,0,4.18996050953865,0,0,0,0,3.15194499492645,154.170296132565,0,41.9828962683678,0,704.309993296862,0,963.355727344751,0,226.659389466047,0,24.9282609820366,0,21.8741005063057,42.3427364230156,962.552183300257,13.634868979454,813.555754423141,0,88.4173054099083,11.766369342804,332.388174653053,0,9.13092577457428,0,202.304797589779,0,0,0,322.209894776344,0,0,0,16.5399392843246,0,0,0,0,0,3.14562439918518,0,0,0,0,0,0,0,0,0,0,0,0,0,1.26512837409973,0,0,0,0,0,0
1552.82519650459,0,955.670959830284,48.3512959480286,2.47641789913177,0,4434.65093153715,151.333047628403,303.615599870682,2.0511531829834,3261.87672799826,8.30997449159622,0,20.029892385006,3460.69730633497,1.62562036514282,153.775205254555,0,234.003878206015,25.6108387112617,0,0,561.883635163307,180.77681145072,1.67407619953156,0.678868353366852,0,0,1884.40646675229,1.75724601745605,17.2478922605515,55.2611473798752,21.8420654535294,65.4557146430016,0.660182774066925,1.44751572608948,13.2505533099174,0,0.63745105266571,0,1.08815264701843,0,0,0,0,0,0,0,0,0,0,0,0,0,1.80870878696442,0,118.534590899944,0,10.6338447928429,0,103.431308031082,0,206.049406051636,0,0,0,2.39748227596283,0,39.6058462560177,0,1387.93220591545,109.579555958509,479.551013439894,12.9729511141777,107.211085498333,6.61129760742188,324.430233240128,4.76995825767517,14.4400777816772,0,336.949286878109,0,39.2950577139854,0,212.846896529198,0,0.570071339607239,0,24.6493349671364,0,0,0,0,0,1.80683928728104,0,0,0,0,0,0,0,0,0,0,0,0,0,0,1.03470802307129,0,0,0,0,0,0
11.6374282836914,851.685998558998,70.1905569732189,750.253606826067,0.857868313789368,15.5721568465233,115.795304894447,4597.41581359506,0.821018874645233,233.011023670435,2.89178484678268,3367.82574406266,20.029892385006,0,0,2611.05478671193,0,257.218091785908,110.990340203047,219.071368247271,0,0,179.257459640503,495.906957745552,0,15.639686524868,0,2.67110860347748,3.66010946035385,1429.94509550929,23.4823496341705,69.9329677820206,24.4374524354935,55.4120543599129,0,1.07578787207603,0,32.005470097065,0,0.656189978122711,0,9.45444267988205,0,0,0,0,0,1.03379639983177,0,0.491035789251328,0,1.89127838611603,0,0,0,0,0,34.1181877851486,0,7.88459461927414,0,202.076368242502,0,426.776304066181,0,97.3541540503502,0,3.8864129781723,0,9.18448409438133,66.3377822637558,1322.07236462831,15.0015011429787,1204.91454610229,6.35009032487869,185.830401480198,5.43995061516762,316.935680389404,0,2.19935512542725,0,105.4509755373,0,0.780552625656128,0,136.90448230505,0,0,0,1.59772872924805,0,0,0,0,0,5.97238290309906,0,0,0,0,0,0,0,0,0,0,0,0,1.4187730550766,0.619869291782379,0,0,0,0,0,0
69.0772746801376,0,413.905731081963,31.3927444815636,1436.41120299697,37.6368798911572,843.042628139257,17.7904251217842,3588.59464636445,20.2211513221264,164.814823240042,0,3460.69730633497,0,0,15.3477773070335,43.4152027368546,0,25.5459905266762,0,123.548447847366,19.2842336595058,232.63989007473,52.5951867103577,160.834387093782,40.135407179594,638.271004796028,49.2884455621243,3407.87269830704,0.576337158679962,110.51130181551,38.7725162506104,12.4271515905857,3.66956639289856,0,0,67.8635536432266,0,8.1266368329525,0,80.680457174778,0,0,0,0,0,5.99648714065552,0,0,0,0,0,0,0,12.5478245615959,0,12.0815416574478,0,0,0,1.9244304895401,0,6.72293657064438,0,0,0,0,0,2.0381817817688,0,1572.77872923017,59.9065693616867,2027.96879342198,20.6284141540527,155.871889621019,0,287.163779020309,0,0,0,18.1321142911911,0,92.4009908735752,0,22.81858253479,0,62.869486361742,0,31.9325487017632,0,0,0,0,0,0.561333060264587,1.55758970975876,1.31965613365173,0,0,0,0,0,0,0,0,0,0,0,1.69681298732758,0,0,0,0,0,0,0
0,39.4696512520313,22.1072271168232,303.030722767115,32.9310996234417,1115.97638481855,36.6406342387199,483.84417501092,14.5725886821747,2329.43112373352,0,299.577490717173,1.62562036514282,2611.05478671193,15.3477773070335,0,0,72.538182258606,0,33.7708225250244,2.53859543800354,147.30643555522,64.0238270759583,143.448358356953,60.9743373692036,109.688055068254,46.9841012060642,472.720899730921,3.57094931602478,1822.58726152778,89.4506863355637,83.7302049994469,3.42990937829018,3.84228730201721,0,0,0,47.3382230401039,0,6.53870874643326,0,470.801984608173,0,0,0,0,0,5.7532844543457,0,0,0,0,0,0,0,8.31879338622093,0,2.95866703987122,0,0,0,1.03820550441742,0,24.6510622501373,0,1.10592937469482,0,0.38236603140831,0,0,65.588851749897,1576.21971127391,4.16898876428604,3440.24659925699,0,224.30725133419,0.564921438694,231.114323049784,0,0,0,3.4874981045723,0,99.3332498073578,0,10.3912985920906,0,31.5496217608452,0,17.1257552504539,0,0,0,0,0,0.832984328269958,0,0,0,0,0,0,0,0,0,0,0,0,1.34441417455673,0,0,0,0,0,0,0
612.375101715326,0,157.81923058629,2.54909813404083,0,0,85.5382994413376,2.59649908542633,0.851898908615112,0,703.1895788908,0,153.775205254555,0,43.4152027368546,0,0,0,108.224247694016,32.0375697016716,0,0,15.24454459548,2.18456041812897,0,0,0,0,2498.24049293995,0,1.98891907930374,0.719051718711853,5.77529811859131,4.80748152732849,6.11812835931778,0,12.0547254681587,0,5.17101049423218,0,0,0,0,0,1.20576250553131,0,0,0,1.50704723596573,0,13.1349300146103,0,0,0,0,0,2785.49938768148,2.91526758670807,49.3357971012592,0,435.318065106869,2.3558189868927,872.972030103207,1.37597942352295,9.05638056993484,0,21.1119769215584,0.657525599002838,47.9802279472351,2.14819794893265,207.729354292154,13.6374769210815,170.751325160265,0,31.1776937842369,0,166.660958945751,1.64163225889206,649.818141400814,0,883.285976648331,0,171.801093220711,0,126.898239195347,0,0,0,34.5392616391182,0,0,0,0,0,1.8312680721283,0,1.33040153980255,0,0,0,0,0,0,0,0,0,0,0,0,0,0,0,0,0,0,0
2.04195410013199,1190.28860965371,2.74600720405579,336.465569972992,0,1.19425940513611,1.12875604629517,134.829488307238,0,11.4884806275368,0,1151.72630026937,0,257.218091785908,0,72.538182258606,0,0,16.5250954031944,210.98498904705,0,0,0,24.6611328125,0,0,0,0,0,2208.0234669745,0,4.86222338676453,12.0850610733032,11.4758814573288,0.926270067691803,1.92969435453415,0,27.757477581501,0,4.15493750572205,0,0,0,0,0,0,0,0.723674058914185,0,0.488681614398956,0,1.69004887342453,0,0,0,0,0,1573.79527774453,0.702554881572723,63.5401206016541,0,569.895595699549,0,1910.29634016752,0.836263477802277,62.4743685424328,4.73959338665009,18.6945223808289,2.21479153633118,31.7232294976711,5.06005758047104,352.446574360132,0,980.178960382938,0,62.4008061885834,20.0839679539204,310.226683348417,0,298.686736851931,0,427.099154144526,0,0,0,60.7801681160927,0,0,0,4.529765188694,0,0,0,0,0,2.54458284378052,0,0,0,0,0,0,0,0,0,0,0,0,0,1.37025618553162,0,0,0,0,0,0
932.348786205053,192.575231730938,1493.06619179249,541.793955385685,1.84897911548615,0,257.584676593542,610.232722014189,8.1820288002491,0,301.351835459471,127.695214033127,234.003878206015,110.990340203047,25.5459905266762,0,108.224247694016,16.5250954031944,0,2938.17963400483,1.34667772054672,0,1166.28869056702,766.641147524118,0.892019510269165,0,0.481825172901154,0,266.19693928957,11.5283427834511,188.674290180206,247.298243522644,2285.01805946231,1257.60986059904,71.7558312416077,6.01655375957489,56.4458978772163,5.91279816627502,4.11194443702698,0,2.62391775846481,0,64.0915850698948,0,41.2025816738605,0,15.5208686292171,0,20.3959739208221,0,73.248362660408,0,0,0,0,0,119.061284244061,0.813055157661438,201.051249086857,0,31.5251834690571,0,7.11067640781403,0,4.73706197738647,0,1585.62908029556,6.07889890670776,2168.08177509904,69.9412631392479,760.490782350302,674.578547596931,552.181398153305,243.313247025013,278.479302734137,101.848666518927,1289.66381129622,300.603659510612,0,0,2.75276702642441,0,84.9573493301868,0,2.30031955242157,0,0,0,0,0,0,0,0,0,26.5462185740471,0.887873470783234,0.969164907932281,0,0,0,0,0,0,0,0,0,0,0,3.80581402778625,2.6638947725296,0,0,0,0,0,0
856.990241914988,1896.53817024827,398.433762788773,4411.84582126141,0,2.10346055030823,278.450978696346,283.106327742338,0,7.30321359634399,51.539575278759,631.790806829929,25.6108387112617,219.071368247271,0,33.7708225250244,32.0375697016716,210.98498904705,2938.17963400483,0,0,0,182.047623366117,1165.79265907407,0,1.69677221775055,0,0.628299176692963,80.5246105194092,112.651002198458,127.854566514492,235.241717249155,1365.22052174807,3315.6105877161,25.0209327340126,37.0371888875961,13.5254761576653,121.137956380844,0,14.1035321950912,0,0,0,1.14427688717842,0,3.77218073606491,0,88.4468657076359,0,39.9288402497768,0,22.5477593541145,0,0,0,0,178.001840084791,300.899102836847,0,276.510457962751,0,22.5502387285233,0,52.6426227986813,0,13.5527512431145,107.661333292723,1430.02987253666,1259.74729862809,3073.22106161714,605.155724138021,1327.84725037217,316.913887381554,801.923385947943,104.777897059917,443.766386628151,590.094004809856,2065.82520422339,0,1.78216725587845,0,14.0757877230644,12.1427245140076,0,0,11.5783228874207,0,0,0,0,0,0,0,0,3.19777131080627,28.8154555261135,0,0,0,0,0,0,0,0,0,0,0,0,4.55794930458069,3.58792507648468,0,0,0,0,0,0
0,0,1.26138976216316,0,161.599824547768,6.87786072492599,0,0,40.4259971380234,1.09659898281097,0,0,0,0,123.548447847366,2.53859543800354,0,0,1.34667772054672,0,0,38.5793577432632,28.7204710543156,2.40487977862358,115.047168642282,17.132435888052,767.351478099823,24.2592445015907,270.937335640192,0,627.612087011337,23.9553717970848,38.7241130173206,0.851179480552673,10.9984438419342,0,39.4990724921227,9.02876800298691,10.9194249510765,0,70.6562231183052,0,0,0,0,0,2.24506229162216,0,0,0,0,0,0,0,1.00872445106506,0,0,0,0,0,0,0,0,0,0,0,0,0,0,0,368.110961467028,27.4389788508415,166.880030959845,6.62755620479584,33.0207814574242,6.6604340672493,11.5443849563599,1.19364500045776,0,0,0,0,1.74216544628143,0,0,0,8.20329678058624,0,3.20353627204895,0,0,0,0,0,1.98864501714706,0,0,0,0,0,0,0,0,0,0,0,0,0,0,0,0,0,0,0,0,0
0,0,2.58994698524475,0.604675531387329,20.1569336652756,251.340385377407,2.65071225166321,0,5.43619927763939,41.1612353622913,0,0,0,0,19.2842336595058,147.30643555522,0,0,0,0,38.5793577432632,0,26.5699129104614,16.4941373467445,42.5014927089214,510.916370481253,97.9576195776463,1504.62806874514,7.67724111676216,95.3844879865646,126.781551420689,734.206413775682,8.45268166065216,14.4587292969227,0.340819448232651,1.08326199650764,49.4557355642319,99.6483131051064,26.920952796936,1.23484301567078,3.40494936704636,235.276221632957,0,0.531848132610321,0,0,0.827515423297882,0.815169036388397,0,0,0,0,0,0,0,3.09685415029526,0,0,0,0,0,0,0,0,0,0,0,0,0,0,157.524068385363,361.373799920082,7.32590246200562,313.812000572681,7.24858427047729,38.4336792230606,2.87813407182693,8.44445770978928,0,0,0,0,1.01911342144012,73.9627984762192,0,0,0,9.13634884357452,0.941072762012482,0.52953976392746,0,0,0,0,0,1.64616268873215,0,0,0,0,0,0,0,0,0,0,0,0,0,0,0,0,0,0,0,0
42.3601196110249,2.15912288427353,3131.81296035647,981.32943162322,102.729205042124,264.946754008532,720.649902611971,1211.80736598372,72.0573952198029,140.065046668053,124.172099649906,54.5441753864288,561.883635163307,179.257459640503,232.63989007473,64.0238270759583,15.24454459548,0,1166.28869056702,182.047623366117,28.7204710543156,26.5699129104614,0,3488.17781168222,273.066009730101,634.08876401186,201.42504632473,78.1169576048851,341.876524716616,23.2343893051147,2398.95713832974,1711.19327756763,1168.89050847292,591.930517822504,401.916304796934,0,14.2490121126175,0,1.19280534982681,0,5.66662737727165,0.696249604225159,43.4918670654297,0,26.2511534690857,0,7.43709856271744,0,0,0,0,0,0,0,0,0,1.69344508647919,0,3.3689392209053,0,1.09496676921844,0,0.719755828380585,0,0,0,573.749966174364,0,33.1003339290619,0,1329.48416811228,1119.78734841943,986.546350955963,389.299862235785,270.422771304846,126.612832546234,639.663985699415,83.2539915144444,1.11881291866302,0,1.52867007255554,0,10.100539624691,0,1.01222932338715,0,1.04326963424683,0,0,0,0,0,0,0,4.37699884176254,0,2.36429941654205,0,0,0,0,0,0,0,0,0,0,0,0.526918470859528,1.11710262298584,0,0,0,0,0,0
75.1825234293938,33.3999547064304,1292.79778629541,2430.42812395096,220.981469810009,100.192539095879,1515.01341661811,1069.06226703525,142.499992281199,87.0140819251537,45.7523317337036,347.743842512369,180.77681145072,495.906957745552,52.5951867103577,143.448358356953,2.18456041812897,24.6611328125,766.641147524118,1165.79265907407,2.40487977862358,16.4941373467445,3488.17781168222,0,199.892151266336,1143.71716317534,79.3728821873665,144.133467674255,82.5359347462654,87.5289423763752,846.038803726435,2563.49860593677,370.565260946751,2126.12042585015,0.841225236654282,118.269855767488,0,19.0311633348465,0,2.10243910551071,0,1.71214655041695,0,1.3672548532486,0,0,0,33.3121803402901,0,2.82002204656601,0,0,0,0,0,0,1.42170929908752,3.14009881019592,0,2.880306661129,0,0,0,0,0,0,0.562699735164642,335.25737375021,1.3933447599411,49.1017069816589,913.436628162861,1495.57161936164,242.621461987495,990.104165792465,52.8995177745819,292.345172166824,58.2912367582321,441.769942492247,0,0,0,1.88247382640839,1.48699474334717,1.02287721633911,0,0,0,0,0,0,0,0,0,0,0,5.05308651924133,0,0,0,0,0,0,0,0,0,0,0,0,0,0.601259231567383,0,0,0,0,0,0
0,0,57.9153989255428,68.8798688054085,370.554625153542,219.951990425587,7.17489403486252,8.80971333384514,84.5606978535652,125.531008809805,0,0,1.67407619953156,0,160.834387093782,60.9743373692036,0,0,0.892019510269165,0,115.047168642282,42.5014927089214,273.066009730101,199.892151266336,0,459.761595606804,1300.37731575966,156.018125087023,84.4076197147369,5.63454666733742,512.94553604722,301.487631171942,17.8148372769356,4.20011615753174,0.910846054553986,0,7.51933541893959,0,1.33513641357422,0,10.3421277403831,4.35819011926651,0,0,0,0,0,0,0,0,0,0,0,0,0,0,0,0,0,0,0,0,0,0,0,0,0,0,0,0,301.832690805197,81.06403195858,137.10056951642,29.9270431995392,3.68209505081177,0.43911412358284,4.67541965842247,0,0,0,0,0,2.20023161172867,1.11942160129547,0,0,2.46319627761841,0,0.568356692790985,0,0,0,0,0,0,0,0,0,0,0,0,0,0,0,0,0,0,0,0,0,0,0,0,0,0,0
0,0,179.003274917603,235.406722426414,265.856656581163,608.381424695253,80.343377828598,31.2838843464851,105.054552555084,149.729796439409,0,0,0.678868353366852,15.639686524868,40.135407179594,109.688055068254,0,0,0,1.69677221775055,17.132435888052,510.916370481253,634.08876401186,1143.71716317534,459.761595606804,0,203.702817767859,1861.93424969912,16.906556814909,11.353493899107,667.149434000254,747.255247622728,22.9973067045212,85.5209218561649,0,1.4323103427887,2.48433536291122,0.614705860614777,0,0,0,23.1754818558693,0,0,0,0,0,0,0,0,0,0,0,0,0,0,0,0,0,0,0,0,0,0,0,0,0,0,0,0,231.656383067369,595.02499037981,44.89017406106,238.369152635336,0,19.337793469429,0,12.23149985075,0,0,0,0,0,6.33455216884613,0,0,0,1.54979905486107,0,0.393809854984283,0,0,0,0,0,0,0,0,0,0,0,0,0,0,0,0,0,0,0,0,0,0,0,0,0,0
0,0,46.730588465929,32.5516445338726,713.941344320774,118.026027232409,2.55171525478363,4.47438204288483,232.190952599049,58.8915503025055,0,0,0,0,638.271004796028,46.9841012060642,0,0,0.481825172901154,0,767.351478099823,97.9576195776463,201.42504632473,79.3728821873665,1300.37731575966,203.702817767859,0,263.546769917011,274.540160089731,4.60116511583328,272.188358396292,154.332443535328,13.6153970062733,2.80017477273941,1.65719386935234,0,64.2200312316418,22.8542356491089,11.6073839664459,1.42701804637909,40.0846820175648,5.86108982563019,1.36433255672455,0,0,0,2.35437047481537,0,0,0,0,0,0,0,1.65720129013062,0,0,0,0,0,0,0,0,0,0,0,0,0,0,0,496.766614705324,79.1227479279041,157.637038707733,33.6799919903278,2.35271680355072,0.916623711585999,6.60970151424408,0,0,0,0,0,10.6194983124733,0.574721813201904,2.20943230390549,0,10.53619992733,0,11.9062092602253,0,0,0,0,0,0,0,0,0,0,0,0,0,0,0,0,0,0,0,0,0,0,0,0,0,0,0
0,0,27.4219973385334,40.356496065855,105.539076149464,1350.73050931096,8.74400472640991,3.7281699180603,29.0280671715736,337.419078379869,0,0,0,2.67110860347748,49.2884455621243,472.720899730921,0,0,0,0.628299176692963,24.2592445015907,1504.62806874514,78.1169576048851,144.133467674255,156.018125087023,1861.93424969912,263.546769917011,0,19.0884566307068,69.7239393293858,196.445859849453,280.411332398653,2.42006546258926,8.16481837630272,0,0,7.16649514436722,14.3594886064529,6.36253994703293,0,2.92392909526825,95.9829179048538,0,0,0,0,0,0,0,0,0,0,0,0,0,0,0,0,0,0,0,0,0,0,0,0,0,0,0,0,136.398230791092,664.711311876774,10.9361265897751,495.586993128061,0,3.96325647830963,0,2.36606049537659,0,0,0,0,0,47.4401643872261,0,0,0,6.33206433057785,1.13507783412933,6.0387664437294,0,0,0,0,0,0,0,0,0,0,0,0,0,0,0,0,0,0,0,0,0,0,0,0,0,0
1016.12252363563,2.21202617883682,818.919695049524,35.8225408196449,460.576621264219,8.31873854994774,796.588218480349,55.9711627066135,423.055490672588,7.98453199863434,714.005053728819,5.27782958745956,1884.40646675229,3.66010946035385,3407.87269830704,3.57094931602478,2498.24049293995,0,266.19693928957,80.5246105194092,270.937335640192,7.67724111676216,341.876524716616,82.5359347462654,84.4076197147369,16.906556814909,274.540160089731,19.0884566307068,0,0.501348853111267,69.2759528756142,45.5228118896484,26.024197280407,47.1655865907669,28.2480293512344,8.60873985290527,274.349539488554,23.6808004975319,48.8863207995892,0,436.945080816746,0,50.2183986008167,2.96649956703186,33.4030987620354,0,169.989706724882,1.24530529975891,49.6629599034786,0,294.258841693401,0,85.6911400854588,0,118.002609670162,0,1155.9899070859,10.1163951158524,419.99374550581,0,467.341529458761,1.36342239379883,511.639178395271,8.09465599060059,113.30352845788,0,139.632456064224,30.2512844204903,193.954313516617,5.72246032953262,838.36253786087,56.8242346942425,2195.18336120248,18.3112300038338,137.465982198715,2.96420085430145,636.792797595263,28.6512174606323,416.091881513596,0,1169.12323263288,1.01924586296082,1853.3570753932,0,467.6367444098,0,499.645051181316,0,331.150993704796,0,4.90246826410294,0,0,0,26.1375669240952,2.20219820737839,3.48188745975494,0,3.01514977216721,0,0,0,0,0,0,0,8.45469897985458,0,1.41662085056305,1.52061253786087,0,0,0,0,0,1.67141592502594
1.61084985733032,223.851881295443,4.88824951648712,217.388380557299,1.05329918861389,167.355450958014,7.41919034719467,142.932403743267,0,116.13450089097,0,1041.25738725066,1.75724601745605,1429.94509550929,0.576337158679962,1822.58726152778,0,2208.0234669745,11.5283427834511,112.651002198458,0,95.3844879865646,23.2343893051147,87.5289423763752,5.63454666733742,11.353493899107,4.60116511583328,69.7239393293858,0.501348853111267,0,12.3790407776833,13.8443004190922,9.07897999882698,6.80604988336563,8.68721723556519,8.67460638284683,7.26841646432877,193.866016387939,0,18.5923424959183,0,648.5572732687,6.82417702674866,91.0748408734798,6.19943386316299,73.5131978988647,4.32498514652252,120.339099764824,0,85.6476437151432,0,177.806850910187,0,49.105209261179,0,69.8580581843853,1.11782193183899,304.882580637932,6.91924661397934,112.925163865089,4.77807748317719,107.280838310719,2.64904969930649,510.065139681101,0,99.2311864793301,36.7783627212048,63.5657196640968,0,17.9187624156475,18.7411630153656,258.549990475178,4.65612769126892,4362.2691732347,0,60.8342201709747,21.3547211885452,200.39978441596,0,401.979850232601,0,716.831672042608,0,1089.66609364748,0,219.074901759624,0,189.88768813014,0,114.14814004302,0,0,0,0,0.836987555027008,5.00941091775894,0,0,0,11.8588998019695,0,0,0,1.30037295818329,0,0,2.44646728038788,0,0,1.28598439693451,0,0,0,0,0,0
8.52145832777023,2.35913038253784,113.176312983036,173.48264080286,110.555921971798,237.470388710499,43.1480394005775,109.556164562702,23.7768747508526,137.446401834488,7.67519217729568,17.7238395214081,17.2478922605515,23.4823496341705,110.51130181551,89.4506863355637,1.98891907930374,0,188.674290180206,127.854566514492,627.612087011337,126.781551420689,2398.95713832974,846.038803726435,512.94553604722,667.149434000254,272.188358396292,196.445859849453,69.2759528756142,12.3790407776833,0,924.846002697945,1946.09238383174,234.278419822454,650.842887103558,2.98770052194595,1.90140390396118,0.617565870285034,3.39973545074463,0,4.97249782085419,5.56819152832031,99.602983802557,0.520103096961975,72.1616566181183,0,11.9933676719666,3.53155952692032,0,0,0,0,0,0,0,0,8.70610749721527,0.520738303661346,2.47328025102615,0.688045501708984,0.959407329559326,0,0,0,0,0,660.054463922977,16.0087762176991,11.2304737567902,8.81659215688705,671.114962130785,243.892908424139,107.074838042259,98.8345381915569,11.337582975626,20.9804475903511,39.9902987480164,35.2951618134975,0,0,0,0,3.30440735816956,1.00097942352295,0.60155463218689,0,0.882822632789612,0.618179202079773,0,0,0,0,0,0,1.80818557739258,0,0,0,0,0,0,0,0,0,0,0,0,0,0,0,0,0,0,0,0,0
21.0045187473297,1.53952938318253,422.146414637566,175.1618925035,118.807138472795,99.0207627415657,433.810836732388,190.010231345892,48.7647959291935,31.3076555728912,8.62056583166122,40.272317647934,55.2611473798752,69.9329677820206,38.7725162506104,83.7302049994469,0.719051718711853,4.86222338676453,247.298243522644,235.241717249155,23.9553717970848,734.206413775682,1711.19327756763,2563.49860593677,301.487631171942,747.255247622728,154.332443535328,280.411332398653,45.5228118896484,13.8443004190922,924.846002697945,0,215.289088070393,2995.47842946649,13.997755587101,321.014855980873,0,3.74139678478241,1.54485034942627,6.76589316129684,1.30742084980011,6.19225370883942,7.61525997519493,8.89992278814316,3.27212679386139,0,0,109.216183751822,0,0,0,0,0,0,0,0,0.906736314296722,0.899880111217499,0,0,0,1.1191041469574,1.15204071998596,1.01395857334137,0,0,60.3366586863995,665.933613359928,4.25048053264618,4.05274826288223,395.396247625351,429.71177276969,106.29117923975,158.908441662788,20.6870166659355,51.5935216546059,83.4623330831528,107.19760119915,0,0,0,1.2478631734848,3.75276190042496,1.78680229187012,0,1.21654307842255,0,1.52559781074524,0,0,0,0,0,0,0.463513106107712,0.655501067638397,0,0,0,0,0,0,0,0,0,0,0,0,4.3091207742691,0.608275294303894,0,0,0,0,0,0
47.6999879777431,151.941402554512,88.2001785337925,176.606509029865,5.05521959066391,1.22101438045502,32.7398458719254,117.893778383732,2.76270347833633,0,9.79268136620522,26.577595949173,21.8420654535294,24.4374524354935,12.4271515905857,3.42990937829018,5.77529811859131,12.0850610733032,2285.01805946231,1365.22052174807,38.7241130173206,8.45268166065216,1168.89050847292,370.565260946751,17.8148372769356,22.9973067045212,13.6153970062733,2.42006546258926,26.024197280407,9.07897999882698,1946.09238383174,215.289088070393,0,1159.42952007055,1232.18602448702,16.278549849987,1.13822114467621,4.72796720266342,5.30302810668945,0,0,0,183.327654182911,3.10141026973724,271.266872256994,4.766332924366,26.0663411617279,3.03230571746826,6.40646880865097,5.41448193788528,4.82453218102455,2.21291995048523,0,0,0,0,11.949098855257,132.269270777702,26.6427303552628,40.5586143434048,2.50465762615204,14.1914373636246,2.63682126998901,22.1376174688339,0,0.934280514717102,3941.62546405196,370.209127724171,959.967780262232,532.191711425781,141.48544895649,196.041128188372,68.9825985431671,91.011267721653,8.36110097169876,47.6050855517387,79.4642921686172,140.58544588089,0,2.83371162414551,0,4.99450761079788,2.80597227811813,0,0,0,0,0,0,0,0,0,0,0,0,0,1.70161843299866,0,0,0,0,0,0,0,0,0,0,0,0,0,0,0,0,0,0,0
241.600689291954,46.8127906322479,260.311602860689,114.061833620071,2.95433801412582,3.62180015444756,269.197110921144,105.194080591202,1.84443992376328,3.01203274726868,40.5925914049149,67.89467638731,65.4557146430016,55.4120543599129,3.66956639289856,3.84228730201721,4.80748152732849,11.4758814573288,1257.60986059904,3315.6105877161,0.851179480552673,14.4587292969227,591.930517822504,2126.12042585015,4.20011615753174,85.5209218561649,2.80017477273941,8.16481837630272,47.1655865907669,6.80604988336563,234.278419822454,2995.47842946649,1159.42952007055,0,41.2618227601051,1085.46584057808,8.81900817155838,19.0120490789413,0,56.525096476078,0,0,11.6374257206917,32.6474647521973,15.4430204629898,9.38272333145142,1.76317235827446,237.185180872679,3.80416238307953,9.5148503780365,11.1641766428947,7.99582594633102,0,0,0,2.95112156867981,87.565378010273,46.74597671628,39.7090955972672,57.0802525281906,13.8477069139481,7.95772296190262,8.76639485359192,7.42706876993179,0,0.528342723846436,557.967625021935,5631.86719501019,871.674891889095,1502.03346306086,293.072131037712,304.084810316563,126.523491621017,110.485141545534,43.6856986284256,37.1521019339561,280.87862470746,175.256816446781,0,2.14806425571442,0,3.80836617946625,0,0,1.76919627189636,1.07094061374664,0,0,0,1.26180839538574,0,0,0,0,1.62867897748947,0,0,0,0,0,0,0,0,0,0,0,0,0,0,1.58989119529724,0,0,0,0,0,0
11.3825042247772,5.68463230133057,3.78818428516388,4.36833825707436,0.491773426532745,0,0.515325903892517,5.44870120286942,0.415837109088898,0,1.55819427967072,0.658966541290283,0.660182774066925,0,0,0,6.11812835931778,0.926270067691803,71.7558312416077,25.0209327340126,10.9984438419342,0.340819448232651,401.916304796934,0.841225236654282,0.910846054553986,0,1.65719386935234,0,28.2480293512344,8.68721723556519,650.842887103558,13.997755587101,1232.18602448702,41.2618227601051,0,125.706668883562,116.483139634132,100.194504112005,22.2843924760818,14.8586958050728,0,3.82567471265793,446.727035403252,186.583005815744,553.585792094469,347.793646156788,169.364570498466,97.888773560524,245.483172446489,207.73773470521,175.871015310287,86.1704368591309,12.1418014764786,12.0198374390602,5.29713541269302,9.02623474597931,2.59513652324677,20.3477700352669,115.018174350262,90.3422216773033,30.9743102192879,38.6283991634846,12.5223258435726,20.9525309205055,15.2457653284073,38.3851406574249,1722.56033882499,379.381876736879,2.89295983314514,11.819843351841,29.9441318064928,12.5545165538788,35.8626926839352,29.6170226633549,4.10806483030319,7.66882637143135,72.1251730322838,53.5619072318077,1.07138228416443,2.55325388908386,42.646444350481,31.0538964271545,3.40524643659592,0,34.7559671998024,22.6480421423912,0.939843356609344,0,8.82995903491974,15.5341022014618,2.72779560089111,0,0,0,0.60659521818161,3.59794211387634,1.84048497676849,0,0,0,0,0,0,0,0,0,0,0,0,0,0,0,0,0,0,0
10.4612684249878,5.20861524343491,1.16037511825562,5.91865953803062,0,0,3.64037036895752,6.96453037858009,0,0,0,3.9604332447052,1.44751572608948,1.07578787207603,0,0,0,1.92969435453415,6.01655375957489,37.0371888875961,0,1.08326199650764,0,118.269855767488,0,1.4323103427887,0,0,8.60873985290527,8.67460638284683,2.98770052194595,321.014855980873,16.278549849987,1085.46584057808,125.706668883562,0,118.047468334436,133.252557963133,18.4609532952309,70.7872286140919,2.81207594275475,12.2174090147018,212.292932480574,212.348941147327,220.502929627895,409.113723635674,98.8038945496082,271.554104626179,189.000870883465,253.319302558899,238.192342847586,94.5388984382153,16.697834789753,11.2148906588554,17.0717046260834,4.28412026166916,5.36597561836243,12.8779481053352,105.447146624327,79.5647233724594,54.5658595561981,27.6302066445351,18.600240945816,9.87917351722717,17.6072280406952,25.3661718666553,352.965612053871,2201.81657537818,2.42608433961868,1.98154020309448,14.7445548772812,25.8891407549381,43.7454230487347,41.6823222339153,3.21810603141785,6.17034319043159,88.6778706610203,91.6037647128105,2.40981256961823,4.13896736502647,54.9706207513809,16.9951223433018,2.75062537193298,3.02541238069534,43.0884566009045,31.3085628449917,0,3.15259969234467,10.8433811962605,25.157003223896,4.0661968588829,0,0,0,2.6810405254364,0,0.903246641159058,0,0,0,0,0,0,0,0,0,0,0,0,1.9231441617012,0,0,0,0,0,0
560.229023844004,3.6491704583168,64.8042235970497,0,43.3866256773472,0,69.6888714432716,4.41685163974762,31.8868687748909,0,19.0187248587608,0,13.2505533099174,0,67.8635536432266,0,12.0547254681587,0,56.4458978772163,13.5254761576653,39.4990724921227,49.4557355642319,14.2490121126175,0,7.51933541893959,2.48433536291122,64.2200312316418,7.16649514436722,274.349539488554,7.26841646432877,1.90140390396118,0,1.13822114467621,8.81900817155838,116.483139634132,118.047468334436,0,254.857347160578,2440.76523810625,35.6865693926811,934.679053425789,2.19703450798988,531.841605693102,149.361082404852,181.800934553146,168.900580555201,1308.64393591881,41.321022182703,309.061375141144,138.307857185602,948.293783932924,70.6845555901527,226.059800684452,8.77360463142395,1031.92422804236,7.29393118619919,405.755440741777,7.74976414442062,251.536540865898,130.574250042439,243.613243788481,59.7478796839714,69.9685848653316,35.7583955228329,161.652190923691,88.502705425024,320.200865358114,525.075935661793,627.883696645498,13.6065775156021,649.561093062162,29.0065297484398,1198.07811886072,28.9599319398403,1608.83166232705,41.0958236455917,4338.26950019598,85.9931820333004,4.41434729099274,3.4543594121933,265.447281509638,28.2128563523293,366.092510312796,0,456.483444571495,11.0555143356323,902.041155010462,1.49274301528931,619.584262102842,8.11078280210495,106.135334014893,70.9106778502464,35.1484856307507,36.843056499958,263.148843944073,61.4925978183746,133.997551858425,27.4660727977753,84.6796665489674,25.9722133874893,26.0126912295818,6.95913708209991,44.9330778717995,75.1716927886009,20.8924423754215,41.1811054050922,87.4415213763714,22.6532580852509,7.12013599276543,16.996161699295,6.0235121846199,1.09064954519272,1.50845354795456,0,0.96130108833313,6.06964695453644
0,676.521127730608,0,124.309766918421,1.32455027103424,8.43520426750183,3.125572681427,129.055124938488,0,8.34782844781876,0,58.2393599748611,0,32.005470097065,0,47.3382230401039,0,27.757477581501,5.91279816627502,121.137956380844,9.02876800298691,99.6483131051064,0,19.0311633348465,0,0.614705860614777,22.8542356491089,14.3594886064529,23.6808004975319,193.866016387939,0.617565870285034,3.74139678478241,4.72796720266342,19.0120490789413,100.194504112005,133.252557963133,254.857347160578,0,45.8665168583393,2388.60614025593,7.51597946882248,841.816434562206,131.98720061779,612.153175532818,69.2202851474285,491.60918328166,93.4044412970543,1100.17912754416,29.9838305711746,436.045046389103,67.227274954319,504.387711346149,3.52806225419044,172.424874454737,3.98589539527893,786.191972762346,1.09474045038223,377.804944515228,170.570236980915,166.714579761028,70.7561202943325,186.250106662512,21.5014398694038,137.216034024954,14.6902345716953,329.136401951313,415.822735667229,492.326411217451,2.61447155475616,175.486996263266,20.4708983898163,566.143683105707,57.2943288087845,831.671761155128,32.5353103876114,1402.39182665944,134.695588231087,4756.17134451866,4.81517541408539,8.60759097337723,17.2598081827164,320.517405033112,0,299.306243240833,15.2883039116859,486.527993679047,0,904.329513162374,3.17291665077209,677.785230666399,51.9520982801914,98.6086774468422,22.5173971056938,39.8787428438663,39.5769209563732,216.245107680559,35.411091029644,28.2691570520401,36.5418252050877,95.3410742878914,14.2276138961315,15.9180670082569,49.184922426939,59.7635791301727,8.16096979379654,32.5944612622261,28.4068859517574,22.7766569852829,15.2162545621395,25.9447490572929,7.36210864782333,0,1.22552514076233,0,2.56090426445007,6.74840393662453
84.3168917000294,0,3.81647822260857,0,5.46642845869064,0,6.14753794670105,0,2.52656817436218,0,1.40654301643372,0,0.63745105266571,0,8.1266368329525,0,5.17101049423218,0,4.11194443702698,0,10.9194249510765,26.920952796936,1.19280534982681,0,1.33513641357422,0,11.6073839664459,6.36253994703293,48.8863207995892,0,3.39973545074463,1.54485034942627,5.30302810668945,0,22.2843924760818,18.4609532952309,2440.76523810625,45.8665168583393,0,18.7372742891312,1154.67118728161,0,499.451384395361,17.2650201916695,147.164363771677,6.88312613964081,1095.70688843727,4.88276278972626,151.836389362812,3.72881519794464,204.934844106436,0,64.6186110675335,0,1605.10634610057,0,64.7489787042141,0.546597182750702,83.4368051886559,0,55.6067257523537,0,22.9066122770309,2.34407997131348,21.8143114447594,3.49523437023163,350.990194618702,33.7179979681969,67.3528128266335,0,56.1704115867615,3.86678981781006,118.110431730747,2.38886392116547,104.868162840605,9.65490740537643,272.563331305981,21.9357357621193,0,0,39.3756465911865,1.07173466682434,206.588297724724,0,102.789137721062,2.70237421989441,319.67470741272,0,251.844330877066,0,130.411957144737,87.1313724517822,49.1423553824425,27.1304272115231,73.7539516985416,54.0383814275265,58.8016948103905,21.4224133491516,56.9906528890133,35.9863575100899,33.7942918539047,9.08207225799561,62.5487349331379,55.9709657728672,15.3543590605259,22.943284034729,35.6196955740452,10.0927786827087,1.3175830245018,4.23910105228424,5.46765452623367,1.72627770900726,0.462892055511475,0,0.652623891830444,5.32645261287689
0,67.5666662454605,0,19.8465820550919,0,1.34411823749542,0,14.8765265345573,0,0.595370948314667,0,3.08395838737488,0,0.656189978122711,0,6.53870874643326,0,4.15493750572205,0,14.1035321950912,0,1.23484301567078,0,2.10243910551071,0,0,1.42701804637909,0,0,18.5923424959183,0,6.76589316129684,0,56.525096476078,14.8586958050728,70.7872286140919,35.6865693926811,2388.60614025593,18.7372742891312,0,0.837552130222321,1535.72984623909,23.9457738399506,550.481303393841,6.6515848338604,356.527281612158,20.2560122013092,1051.21873226762,3.37946945428848,176.137536138296,3.52613437175751,142.547011137009,0,55.0319893062115,2.81919121742249,1512.31420719624,0,56.4233739376068,0,33.0215101838112,0,20.7718930840492,0,20.6560022234917,0,39.0973626971245,36.5826807916164,467.249390631914,0,18.4536920785904,6.1838613152504,67.2917015552521,2.3408762216568,102.001962900162,14.5815172791481,126.490123361349,19.4074438810349,253.618795990944,0,2.82739940285683,0,42.1442148983479,0,213.532775312662,0,72.6885601580143,0,413.14633372426,0,258.26817959547,27.6554737389088,143.15852868557,12.7207906842232,35.5413612425327,14.2151167988777,160.502187460661,20.9430155158043,87.497147589922,21.2648592293262,61.1601856350899,8.75111389160156,18.1719883680344,27.3417085707188,75.1463071405888,7.39036333560944,24.8229261934757,17.4820522665977,14.2523996531963,0,1.41206067800522,1.98363202810287,0,0.774559140205383,0,1.29039436578751,0.611493110656738
0.687945783138275,0,3.67144739627838,0,65.7690326571465,0,1.66649788618088,0,52.8160392343998,0.780391216278076,0,0,1.08815264701843,0,80.680457174778,0,0,0,2.62391775846481,0,70.6562231183052,3.40494936704636,5.66662737727165,0,10.3421277403831,0,40.0846820175648,2.92392909526825,436.945080816746,0,4.97249782085419,1.30742084980011,0,0,0,2.81207594275475,934.679053425789,7.51597946882248,1154.67118728161,0.837552130222321,0,9.52198082208633,18.2554967403412,0,5.30539599061012,0,57.8399957716465,0,3.80985963344574,0,36.1996778547764,0,33.8276794850826,0,114.450657904148,0,2.11877977848053,0,7.48599770665169,0,6.83166790008545,0,0,0,4.51495715975761,0,4.26126748323441,0.697568833827972,1.07111629843712,0,236.968420892954,29.1530777812004,913.598187446594,9.10194969177246,405.136441677809,46.9077130556107,222.651514738798,2.83259624242783,0,0,7.32855618000031,0,708.743774354458,0,117.583859980106,0,732.538941890001,0,89.6399586200714,0,1.31681203842163,0,0,0,15.0345587134361,2.31085878610611,3.62343603372574,0,1.63649260997772,0,0,0,0,2.21970158815384,1.68026232719421,0.959671765565872,0,0,7.00009763240814,1.28628784418106,0.484821885824203,0,0,0,0,0.968420028686523
0,0.398072391748428,0.737119436264038,5.69350957870483,2.96533626317978,163.011257261038,0,0,0,91.685389816761,0,0,0,9.45444267988205,0,470.801984608173,0,0,0,0,0,235.276221632957,0.696249604225159,1.71214655041695,4.35819011926651,23.1754818558693,5.86108982563019,95.9829179048538,0,648.5572732687,5.56819152832031,6.19225370883942,0,0,3.82567471265793,12.2174090147018,2.19703450798988,841.816434562206,0,1535.72984623909,9.52198082208633,0,6.69872739911079,176.408465474844,0,88.3306290507317,2.25784593820572,281.656537681818,0,73.211668998003,0,163.039008766413,0,87.1418144404888,0,518.944744944572,0,0.408234834671021,0,14.6782529354095,0,9.11141556501389,0,6.0040762424469,0,41.6727389991283,4.00269517302513,31.6662258505821,0,1.52419543266296,19.7598992586136,157.903172314167,23.6094152927399,1951.53383669257,13.9242452979088,749.686260432005,2.76526439189911,213.071290344,0,0,0,64.7827033400536,0,2277.95713493228,0,246.089149653912,0,1685.7980209291,0,504.110219806433,0,4.2425931096077,0,0,0,22.3420212268829,0,0.956997871398926,0,20.7769746184349,0,0,0,0,0,1.06834316253662,0.868763029575348,0.592645108699799,0,0,0,0,0,0,0,0
2.31146335601807,0,0.988899290561676,0.746672332286835,0,0,0,0,0,0,0,0,0,0,0,0,0,0,64.0915850698948,0,0,0,43.4918670654297,0,0,0,1.36433255672455,0,50.2183986008167,6.82417702674866,99.602983802557,7.61525997519493,183.327654182911,11.6374257206917,446.727035403252,212.292932480574,531.841605693102,131.98720061779,499.451384395361,23.9457738399506,18.2554967403412,6.69872739911079,0,974.686576217413,3018.61922347546,885.708485424519,7543.64607062936,878.909947156906,2166.69396087527,424.189328312874,2080.57509973645,131.441543489695,247.35999879241,13.0652763843536,242.811230093241,16.6064357161522,2.11234682798386,3.34704476594925,168.579506278038,52.1535967588425,24.6195065975189,22.3316171467304,10.1180222034454,1.46889615058899,7.0291536450386,33.2389130592346,2701.38532423973,766.052247464657,1.12201523780823,4.00164747238159,3.05200111865997,0,141.207925826311,26.8181618154049,20.9114260673523,0.588738918304443,305.740165114403,53.9228632450104,1.90084052085876,0.579543173313141,159.198947370052,9.5925714969635,5.29692786931992,1.44297063350677,146.64702963829,22.8939456045628,4.64587098360062,0,91.6247453689575,5.01190781593323,99.3946349918842,0,0,0,8.46286404132843,0,4.4360910654068,0,37.6697407960892,24.1725577712059,0,0,0,0,0,0,0,0,0,0,0,0,0,0,0,0
0,0,0,1.70381009578705,0,0,0,0,0,0,0,0,0,0,0,0,0,0,0,1.14427688717842,0,0.531848132610321,0,1.3672548532486,0,0,0,0,2.96649956703186,91.0748408734798,0.520103096961975,8.89992278814316,3.10141026973724,32.6474647521973,186.583005815744,212.348941147327,149.361082404852,612.153175532818,17.2650201916695,550.481303393841,0,176.408465474844,974.686576217413,0,773.145263701677,4265.4818162322,121.230598211288,8984.75802823901,413.958552062511,1622.0916698873,233.337066948414,909.815197616816,6.04964017868042,244.462825804949,7.8805268406868,327.093934684992,0,0,55.9623470306396,13.9150378108025,8.39337778091431,0.796104550361633,0.627172708511353,1.61565440893173,0,2.59185242652893,508.152109712362,2207.71878895164,0,0,0.438962876796722,1.48686999082565,3.71643835306168,224.804907202721,0.744235694408417,37.6626645922661,58.1638895571232,233.673181951046,0,0,1.44513511657715,148.433329284191,0,39.3098180890083,2.30819702148438,214.176350325346,0,66.7847501039505,4.49243301153183,187.450587213039,0,0,0,0,0,4.3684678375721,0,35.6813030838966,0,366.63801881671,0,0,0,0,0,0,0,0,0,0,0,0,0,0,0,0
2.70320814847946,0,5.32252776622772,0,0,0,0,0,0,0,0,0,0,0,0,0,1.20576250553131,0,41.2025816738605,0,0,0,26.2511534690857,0,0,0,0,0,33.4030987620354,6.19943386316299,72.1616566181183,3.27212679386139,271.266872256994,15.4430204629898,553.585792094469,220.502929627895,181.800934553146,69.2202851474285,147.164363771677,6.6515848338604,5.30539599061012,0,3018.61922347546,773.145263701677,0,389.93501573801,1185.90383207798,106.031211555004,3384.0281663239,192.783554702997,818.703519582748,64.5280604064465,56.7884537279606,2.29258060455322,66.5664855837822,6.00170135498047,2.97368270158768,3.44773811101913,218.794451117516,46.5496217012405,9.40594756603241,13.4264311492443,5.61677724123001,4.53038457036018,4.80120152235031,21.9042408168316,2066.74690926075,747.347361475229,0.860046625137329,5.82823574542999,2.56866508722305,2.46641838550568,84.1146101951599,16.8450588285923,10.3821801543236,0.540452301502228,164.18813842535,48.8076919317245,0,7.63656914234161,59.4446637332439,6.00647929310799,0,0,70.3286155760288,1.71069329977036,0,0,24.0142832994461,9.97076320648193,3.5765009522438,0,0,0,6.1487837433815,0,1.93578571081161,0.614131689071655,2.95887273550034,7.24981945753098,0,0,0,0,0,0,0,0,0,0,0,0,0,0,0,0
0,1.62396550178528,0,7.77766686677933,0,0,0,5.32394576072693,0,0,0,0,0,0,0,0,0,0,0,3.77218073606491,0,0,0,0,0,0,0,0,0,73.5131978988647,0,0,4.766332924366,9.38272333145142,347.793646156788,409.113723635674,168.900580555201,491.60918328166,6.88312613964081,356.527281612158,0,88.3306290507317,885.708485424519,4265.4818162322,389.93501573801,0,118.56410291791,2268.63418331742,220.537487596273,4146.3292619586,44.0515583753586,1702.45860517025,0,96.9637781083584,6.53108751773834,288.576792806387,0,7.09766840934753,42.4455108344555,154.94985216856,5.42236566543579,8.5462963283062,0,3.75725099444389,0,19.4644827246666,876.316318750381,2586.6214826405,0,2.55561852455139,1.87769377231598,6.84456670284271,3.09454095363617,266.475093513727,0,63.9060915410519,30.3434947729111,314.254461556673,0,0.641568243503571,0,133.481331676245,0,3.23249450325966,0,139.606066346169,0,3.34433478116989,0,199.552721500397,0,0,0,0,0,3.83649170398712,0,19.5620948970318,0,33.9165279567242,0,0,0,0,0,0,0,0,0,0,0,0,0,0,0,0
1.10668230056763,0,0.805483102798462,0,0,0,1.35886168479919,0,0,0,1.33237183094025,0,0,0,5.99648714065552,0,0,0,15.5208686292171,0,2.24506229162216,0.827515423297882,7.43709856271744,0,0,0,2.35437047481537,0,169.989706724882,4.32498514652252,11.9933676719666,0,26.0663411617279,1.76317235827446,169.364570498466,98.8038945496082,1308.64393591881,93.4044412970543,1095.70688843727,20.2560122013092,57.8399957716465,2.25784593820572,7543.64607062936,121.230598211288,1185.90383207798,118.56410291791,0,42.0089972019196,851.76149341464,83.8031006455421,2346.80348595977,38.6405153870583,1733.84233412147,0,3594.09744891524,4.19129317998886,3.00955945253372,2.21607327461243,114.942295253277,31.9586255550385,30.2153807282448,1.88647377490997,7.00008660554886,3.00522840023041,17.4923420846462,23.1694748997688,1131.56715109944,348.619493424892,3.91485846042633,0,12.9932392239571,0,422.997438758612,15.726242005825,31.6787152588367,2.54199725389481,750.049473166466,56.10333943367,0,0,364.293509095907,0,64.3571406900883,0,422.268643707037,4.9578458070755,52.8499924838543,0,357.043813347816,5.27545559406281,329.925040632486,0,0,0,56.9751719236374,0,63.6524123549461,0,231.028634488583,0,0.730275332927704,0,0,0,4.04626965522766,0,0.675971388816833,0,0,46.7678822875023,0,0,0,1.10020482540131,0,0
0,18.7768658399582,0,10.6320605874062,0,0,0,8.50737169384956,0,0,0,2.51459014415741,0,1.03379639983177,0,5.7532844543457,0,0.723674058914185,0,88.4468657076359,0,0.815169036388397,0,33.3121803402901,0,0,0,0,1.24530529975891,120.339099764824,3.53155952692032,109.216183751822,3.03230571746826,237.185180872679,97.888773560524,271.554104626179,41.321022182703,1100.17912754416,4.88276278972626,1051.21873226762,0,281.656537681818,878.909947156906,8984.75802823901,106.031211555004,2268.63418331742,42.0089972019196,0,17.3001123070717,839.113760054111,8.10840702056885,1033.62313365936,0,1579.88820335269,1.18758344650269,2732.84661087394,0,21.7718262076378,8.25836127996445,33.2540608048439,0,13.6079635024071,1.77221834659576,10.4213836789131,0,27.2598320245743,201.920460432768,1368.26200696826,3.24690914154053,10.686981767416,6.66695880889893,50.7498717606068,1.95530033111572,352.941311776638,0,76.3905165493488,38.4599773287773,836.889806479216,0,0.712888538837433,0,144.874904721975,0,34.9422315955162,3.17575883865356,234.965993136168,0,85.6165156364441,0,306.904498457909,0.637012600898743,6.28196883201599,0,3.23696994781494,6.53607448935509,63.8921207487583,1.58152413368225,79.3265345096588,2.07440477609634,601.641692399979,1.17573195695877,0,2.62749373912811,5.46254116296768,0,4.8939907848835,0,0,1.86295396089554,107.554520487785,0,0,0,1.30277669429779,0,2.95736789703369
2.44771939516068,0,0.699061870574951,0,0,0,0.637910962104797,0,0,0,1.27498233318329,0,0,0,0,0,1.50704723596573,0,20.3959739208221,0,0,0,0,0,0,0,0,0,49.6629599034786,0,0,0,6.40646880865097,3.80416238307953,245.483172446489,189.000870883465,309.061375141144,29.9838305711746,151.836389362812,3.37946945428848,3.80985963344574,0,2166.69396087527,413.958552062511,3384.0281663239,220.537487596273,851.76149341464,17.3001123070717,0,96.0240917205811,3732.24796494842,16.0396059155464,161.853971689939,0,106.994218498468,4.36767590045929,4.92253005504608,1.43824005126953,996.213549286127,11.2732848525047,124.775752067566,0.572858452796936,8.72068583965302,1.5248247385025,8.31764668226242,0.608686327934265,960.207828015089,551.983607500792,0.593501091003418,0,5.45248460769653,0,152.183074265718,3.83837294578552,28.9392301440239,0,251.823410779238,17.864980250597,0,0,135.127357900143,0,0,0,162.300584942102,0,0,0,47.7281841039658,0,5.8436960875988,0,0,0,10.8576008081436,0,5.38128674030304,0,13.9932831823826,0,0,0,0,0,0,0,0,0,0,0,0,0,0,0,0,0
0,39.0579677522182,0,119.79442101717,0,0,0,130.791854351759,0,0,0,0.582406282424927,0,0.491035789251328,0,0,0,0.488681614398956,0,39.9288402497768,0,0,0,2.82002204656601,0,0,0,0,0,85.6476437151432,0,0,5.41448193788528,9.5148503780365,207.73773470521,253.319302558899,138.307857185602,436.045046389103,3.72881519794464,176.137536138296,0,73.211668998003,424.189328312874,1622.0916698873,192.783554702997,4146.3292619586,83.8031006455421,839.113760054111,96.0240917205811,0,35.0101460814476,3884.24562180042,0,131.389970690012,0.81127917766571,245.105824261904,0,99.2352008521557,28.5430055260658,1070.18414822221,7.67020070552826,19.4250357449055,1.3056503534317,15.8324051499367,1.4305739402771,706.021929889917,588.170576393604,1480.24610608816,0,8.61220425367355,4.72638642787933,58.6617424786091,2.16516625881195,321.152582466602,0,73.0995174646378,37.1097844839096,378.76127409935,0,10.207567691803,0,245.597470283508,0,15.8889026343822,0,292.509266138077,0,6.45780766010284,0,359.353009581566,0,0,0,0,0,10.2302906811237,0,3.88646388053894,0,2.83479869365692,0,0,0,0,0,0,0,0,0,0,0,0,0,0,0,0
432.890946239233,0,85.6726996898651,0,0,0,265.744603604078,0,0,0,5.43832612037659,0,0,0,0,0,13.1349300146103,0,73.248362660408,0,0,0,0,0,0,0,0,0,294.258841693401,0,0,0,4.82453218102455,11.1641766428947,175.871015310287,238.192342847586,948.293783932924,67.227274954319,204.934844106436,3.52613437175751,36.1996778547764,0,2080.57509973645,233.337066948414,818.703519582748,44.0515583753586,2346.80348595977,8.10840702056885,3732.24796494842,35.0101460814476,0,2.97575986385345,3020.9388025701,0,1137.70197302103,0,163.305865228176,1.41671979427338,2715.46211698651,4.72330987453461,1811.31520467997,1.48978590965271,109.69565859437,2.18224787712097,1930.85901004076,7.64106571674347,836.506597220898,622.264902502298,29.445104777813,0,182.130571037531,1.44984304904938,748.739051759243,2.10289740562439,83.1283533573151,0,1025.31200858951,35.8955978751183,15.9300488829613,0,982.264220267534,2.04634070396423,50.4930154085159,0,3776.04389598966,0,9.13109749555588,0,690.245838582516,0,123.589292824268,0,0,0,60.4708716869354,0,12.6631578207016,0,38.3571156859398,0,0,0,0,0,0,0,0,0,0,0.661460220813751,0,0,0,0,0,0
0,219.378265321255,0,264.874227613211,0,0,0,501.734922707081,0,0,0,4.18996050953865,0,1.89127838611603,0,0,0,1.69004887342453,0,22.5477593541145,0,0,0,0,0,0,0,0,0,177.806850910187,0,0,2.21291995048523,7.99582594633102,86.1704368591309,94.5388984382153,70.6845555901527,504.387711346149,0,142.547011137009,0,163.039008766413,131.441543489695,909.815197616816,64.5280604064465,1702.45860517025,38.6405153870583,1033.62313365936,16.0396059155464,3884.24562180042,2.97575986385345,0,0,2504.74361491203,0,886.486342251301,0,317.801641881466,3.2609748840332,927.749905079603,0,138.1055367589,0,30.7113494873047,0,1960.95597755909,216.648652464151,585.754818022251,0,5.67055642604828,0,75.2324421405792,0,482.320751309395,0,98.3752353191376,24.6843792796135,465.120809078217,0,11.6799040734768,0,598.928088217974,0,74.8786097764969,0,5889.1612714529,0,24.5946866869926,0,2028.51563033462,0,0,0,0,0,15.0443426668644,0,4.06484508514404,0,4.83729112148285,0,0,0,0,0,0,0,0,1.33078488707542,0,0,0,0,0,0,0
45.1474668383598,0,0,0,0,0,1.6151168346405,0,0,0,3.2731659412384,0,0,0,0,0,0,0,0,0,0,0,0,0,0,0,0,0,85.6911400854588,0,0,0,0,0,12.1418014764786,16.697834789753,226.059800684452,3.52806225419044,64.6186110675335,0,33.8276794850826,0,247.35999879241,6.04964017868042,56.7884537279606,0,1733.84233412147,0,161.853971689939,0,3020.9388025701,0,0,0,3065.1197681427,0,20.339382827282,0,38.4406589865685,0,46.3429241776466,0,18.6039076447487,0,159.179085671902,0,51.2426279783249,29.3569311797619,0,0,17.2635314464569,0,172.502339869738,0,6.91201058030128,0,118.982135772705,2.34854263067245,0,0,154.441446602345,0,41.1196228265762,0,976.250085771084,0,34.0350595712662,0,960.691307514906,0,64.6647954583168,0,0,0,4.43776226043701,0,0.677238762378693,0,17.3712084889412,0,0,0,0,0,0,0,0,0,0,0,0,0,0,0,0,0
0,0,0,0,0,0,0,0,0,0,0,0,0,0,0,0,0,0,0,0,0,0,0,0,0,0,0,0,0,49.105209261179,0,0,0,0,12.0198374390602,11.2148906588554,8.77360463142395,172.424874454737,0,55.0319893062115,0,87.1418144404888,13.0652763843536,244.462825804949,2.29258060455322,96.9637781083584,0,1579.88820335269,0,131.389970690012,0,2504.74361491203,0,0,0,1710.48759648204,0,0,0,1.50908136367798,0,0,0,0,0,3.97112423181534,29.9839161634445,91.5184021294117,0,0,0,0,0,115.066758096218,0,16.3204912543297,0,82.5244622528553,0,0,0,71.4837394654751,0,13.772420078516,0,513.215926140547,0,14.8278096318245,0,878.660031229258,0,0,0,0,0,0,0,0,0,29.3223896622658,0,0,0,0,0,0,0,0,0,0,0,0,0,0,0,0
32.8155919313431,0,0,0,0.458956778049469,0,0,0,4.45661526918411,0,7.42709648609161,0,1.80870878696442,0,12.5478245615959,0,0,0,0,0,1.00872445106506,0,0,0,0,0,1.65720129013062,0,118.002609670162,0,0,0,0,0,5.29713541269302,17.0717046260834,1031.92422804236,3.98589539527893,1605.10634610057,2.81919121742249,114.450657904148,0,242.811230093241,7.8805268406868,66.5664855837822,6.53108751773834,3594.09744891524,1.18758344650269,106.994218498468,0.81127917766571,1137.70197302103,0,3065.1197681427,0,0,0,22.2992691397667,0,29.4565409719944,0,67.016804754734,0,12.5664857029915,0,147.776464760303,0,92.2848589718342,11.7286704778671,0,0,7.53894966840744,0,168.192680388689,0,6.42178758978844,0,82.371240645647,2.8750701546669,0,0,77.072507917881,0,201.316393643618,0,729.054487884045,0,1001.38348689675,0,5075.85545480251,0,65.4745225608349,0,0,0,0.488395243883133,0,3.28584188222885,0,114.691936284304,0,0,0,0,0,0,0,0,0,0,0,0,0,0,0,0,0
0,0,0,0,0,1.08228754997253,0,8.30924496054649,0,1.1725252866745,0,0,0,0,0,8.31879338622093,0,0,0,0,0,3.09685415029526,0,0,0,0,0,0,0,69.8580581843853,0,0,0,2.95112156867981,9.02623474597931,4.28412026166916,7.29393118619919,786.191972762346,0,1512.31420719624,0,518.944744944572,16.6064357161522,327.093934684992,6.00170135498047,288.576792806387,4.19129317998886,2732.84661087394,4.36767590045929,245.105824261904,0,886.486342251301,0,1710.48759648204,0,0,0,14.0430666804314,2.5517925620079,6.47366786003113,0,4.10600101947784,0,0,1.78128790855408,21.0074108242989,17.2763158082962,121.774439752102,0,0,0.929533958435059,2.81977540254593,3.89583873748779,189.154079496861,0,12.1546747982502,3.10102850198746,81.3813879191875,0,0,0,57.7430407106876,0,136.291390568018,0,601.561560958624,0,1146.30006545782,0,3459.11521691084,0,0,0,0,0,0,0,5.2399395108223,0,174.755433827639,0,0,0,0,0,0,0,0,0,0,0,0,0,0,0,0
9988.13383987546,26.3800171017647,64.7284123897552,37.2347701787949,0,0,335.307250380516,5.75678646564484,1.1042218208313,0,486.901112765074,3.15194499492645,118.534590899944,0,12.0815416574478,0,2785.49938768148,0,119.061284244061,178.001840084791,0,0,1.69344508647919,1.42170929908752,0,0,0,0,1155.9899070859,1.11782193183899,8.70610749721527,0.906736314296722,11.949098855257,87.565378010273,2.59513652324677,5.36597561836243,405.755440741777,1.09474045038223,64.7489787042141,0,2.11877977848053,0,2.11234682798386,0,2.97368270158768,0,3.00955945253372,0,4.92253005504608,0,163.305865228176,0,20.339382827282,0,22.2992691397667,0,0,82.129213988781,1899.82746824622,3.32355135679245,6096.29258066416,13.3245999217033,1667.38024291396,18.0826703906059,184.189299583435,0,497.792876571417,92.5574413537979,1188.44274112582,88.8122282624245,1560.9750944078,73.5717841386795,1367.18797552586,10.2776878476143,486.95252725482,1.19385802745819,2635.69937467575,75.0175315737724,513.573491692543,0,169.019847750664,0,32.6417132616043,0,347.875374138355,0,0,0,185.903149843216,0,0,0,0,0,77.5607656538486,1.75693833827972,8.13827955722809,0,0,0,0,0,0,0,0.486239433288574,1.27588558197021,3.21825575828552,0,1.8489755988121,2.47938024997711,0,0,0,0,0,0.53504353761673
0.978872179985046,9298.98135998845,1.463254570961,383.07006368041,0,0,0,579.037297278643,0,0,0,154.170296132565,0,34.1181877851486,0,2.95866703987122,2.91526758670807,1573.79527774453,0.813055157661438,300.899102836847,0,0,0,3.14009881019592,0,0,0,0,10.1163951158524,304.882580637932,0.520738303661346,0.899880111217499,132.269270777702,46.74597671628,20.3477700352669,12.8779481053352,7.74976414442062,377.804944515228,0.546597182750702,56.4233739376068,0,0.408234834671021,3.34704476594925,0,3.44773811101913,7.09766840934753,2.21607327461243,21.7718262076378,1.43824005126953,99.2352008521557,1.41671979427338,317.801641881466,0,0,0,14.0430666804314,82.129213988781,0,79.7942972779274,1447.56393173337,67.6985321640968,1925.57124504447,26.4476420283318,2893.24055501819,0.782571613788605,396.361227214336,370.438158422709,354.543412983418,53.7364174127579,1748.35552087426,146.571335494518,1113.79415395856,17.3945341110229,1472.3765078485,0,509.925676643848,406.825461626053,2516.49306362867,1.58129632472992,37.5988543629646,0.872405588626862,89.5154553055763,0,0,0,209.259190917015,0,0,0,112.013385057449,0,0,0,0,0,27.6440015435219,0,0,0,0,0,0,0,1.59551203250885,0,0,0,0,0.582271099090576,4.84939002990723,0,0,0,0,0,0
812.706349313259,4.89260989427567,141.374943256378,0,0,0,226.550947248936,0,0,0,29.8817148804665,0,10.6338447928429,0,0,0,49.3357971012592,0.702554881572723,201.051249086857,0,0,0,3.3689392209053,0,0,0,0,0,419.99374550581,6.91924661397934,2.47328025102615,0,26.6427303552628,39.7090955972672,115.018174350262,105.447146624327,251.536540865898,170.570236980915,83.4368051886559,0,7.48599770665169,0,168.579506278038,55.9623470306396,218.794451117516,42.4455108344555,114.942295253277,8.25836127996445,996.213549286127,28.5430055260658,2715.46211698651,3.2609748840332,38.4406589865685,0,29.4565409719944,2.5517925620079,1899.82746824622,79.7942972779274,0,34.6047278046608,4727.59911903739,39.7076213359833,215.891481071711,25.55238956213,669.000186502934,24.9844616651535,2920.63529190421,422.748351603746,315.733332067728,10.3587231040001,216.318379253149,37.9903712272644,412.413592964411,11.5928180217743,120.986245691776,0,802.377039015293,145.818284779787,63.0029165744781,8.13599169254303,401.288335621357,12.4651457071304,3.82059043645859,0,281.095020383596,0,0,0,85.487051486969,0,0,0,0,0,42.1486910879612,2.74590682983398,6.7507660984993,0,0,0,0,0,0,0,0,0,0.572319149971008,0,0,1.52900177240372,0,0,0,0,0,0
0,361.551713079214,0,194.067308455706,0,0,0,138.047931611538,0,0,0,41.9828962683678,0,7.88459461927414,0,0,0,63.5401206016541,0,276.510457962751,0,0,0,2.880306661129,0,0,0,0,0,112.925163865089,0.688045501708984,0,40.5586143434048,57.0802525281906,90.3422216773033,79.5647233724594,130.574250042439,166.714579761028,0,33.0215101838112,0,14.6782529354095,52.1535967588425,13.9150378108025,46.5496217012405,154.94985216856,31.9586255550385,33.2540608048439,11.2732848525047,1070.18414822221,4.72330987453461,927.749905079603,0,1.50908136367798,0,6.47366786003113,3.32355135679245,1447.56393173337,34.6047278046608,0,23.9102576971054,1496.93350309134,22.2528477907181,628.12542334199,9.64497727155685,1757.33438009024,353.245711386204,1760.27695739269,4.9414935708046,205.043273746967,36.2058117985725,111.809023976326,10.6498975753784,256.023057371378,1.213947057724,89.1640443205833,136.096891105175,428.536404103041,0,59.3481917977333,1.39471304416656,266.274111956358,0,4.3128305375576,1.08230888843536,163.572641581297,0,1.61563712358475,0,64.7161487042904,0,0,0,0,0,10.2714523673058,0,0,0,0,0,0,0,0,0,0,0,0,1.0251841545105,0.494300156831741,0,0,0,0,0,0
1800.68618828058,1.52448344230652,75.8931792080402,0,0,0,348.994784772396,0,0,0,469.935542732477,0,103.431308031082,0,1.9244304895401,0,435.318065106869,0,31.5251834690571,0,0,0,1.09496676921844,0,0,0,0,0,467.341529458761,4.77807748317719,0.959407329559326,0,2.50465762615204,13.8477069139481,30.9743102192879,54.5658595561981,243.613243788481,70.7561202943325,55.6067257523537,0,6.83166790008545,0,24.6195065975189,8.39337778091431,9.40594756603241,5.42236566543579,30.2153807282448,0,124.775752067566,7.67020070552826,1811.31520467997,0,46.3429241776466,0,67.016804754734,0,6096.29258066416,67.6985321640968,4727.59911903739,23.9102576971054,0,31.471571624279,2720.10910704732,31.8733195662498,2970.7463299036,9.03966143727303,284.439067214727,170.933877170086,61.2070903778076,10.4507336616516,386.390103459358,33.4116945266724,504.177061200142,5.88918846845627,104.568862199783,1.38257658481598,1098.77218240499,117.397133976221,59.1322695910931,3.5153501033783,519.420594602823,8.10929065942764,48.4827508330345,0,1449.42166864872,0.714323699474335,0,0,445.328410506248,0,0,0,0,0,53.8713089823723,0,15.1804405450821,0,0,0,0,0,0,0,0,0,0.759299099445343,0,0,0,0,0,0,0,0,0
0,1241.76599639654,0,108.817720115185,0,0,0,542.951289951801,0,0,0,704.309993296862,0,202.076368242502,0,1.03820550441742,2.3558189868927,569.895595699549,0,22.5502387285233,0,0,0,0,0,0,0,0,1.36342239379883,107.280838310719,0,1.1191041469574,14.1914373636246,7.95772296190262,38.6283991634846,27.6302066445351,59.7478796839714,186.250106662512,0,20.7718930840492,0,9.11141556501389,22.3316171467304,0.796104550361633,13.4264311492443,8.5462963283062,1.88647377490997,13.6079635024071,0.572858452796936,19.4250357449055,1.48978590965271,138.1055367589,0,0,0,4.10600101947784,13.3245999217033,1925.57124504447,39.7076213359833,1496.93350309134,31.471571624279,0,11.6336217522621,3929.87899234891,6.18542045354843,3403.64989241958,203.82156381011,100.797581315041,1.2935197353363,11.2836644649506,24.5249358415604,236.390360355377,9.74158251285553,262.605960130692,0,90.5279521644115,128.26315844059,527.925509691238,0,37.1672879457474,1.36751639842987,258.30446189642,0,8.84393054246902,3.24251866340637,802.368552416563,0,0.7212233543396,0,139.047086268663,0,0,0,0,0,10.4089436531067,0,0,0,0,0,0,0,0,0,0,0,0,0,1.80156618356705,0,0,0,0,0,0
288.647905737162,0,16.9487376213074,0,0,0,41.2677496671677,0,0,0,433.016783058643,0,206.049406051636,0,6.72293657064438,0,872.972030103207,0,7.11067640781403,0,0,0,0.719755828380585,0,0,0,0,0,511.639178395271,2.64904969930649,0,1.15204071998596,2.63682126998901,8.76639485359192,12.5223258435726,18.600240945816,69.9685848653316,21.5014398694038,22.9066122770309,0,0,0,10.1180222034454,0.627172708511353,5.61677724123001,0,7.00008660554886,1.77221834659576,8.72068583965302,1.3056503534317,109.69565859437,0,18.6039076447487,0,12.5664857029915,0,1667.38024291396,26.4476420283318,215.891481071711,22.2528477907181,2720.10910704732,11.6336217522621,0,9.45696091651917,479.830517023802,4.76095432043076,118.234552264214,66.7964700758457,21.9146855771542,11.5159555673599,239.601786404848,3.99695539474487,161.694587022066,6.96521818637848,39.1900550127029,1.96392345428467,576.277813881636,26.3783791065216,174.033120691776,2.09049338102341,1625.03701597452,0,55.5207401514053,0,1633.97374561429,1.06749904155731,0,0,305.697035908699,0,0,0,0,0,18.1875230073929,0,2.85469079017639,0,0,0,0,0,0,0,0,0,0.76402336359024,0,0,0,0,0,0,0,0,0
0,336.632623225451,0,161.321012794971,0,0,0,201.299723625183,0,1.46718108654022,0,963.355727344751,0,426.776304066181,0,24.6510622501373,1.37597942352295,1910.29634016752,0,52.6426227986813,0,0,0,0,0,0,0,0,8.09465599060059,510.065139681101,0,1.01395857334137,22.1376174688339,7.42706876993179,20.9525309205055,9.87917351722717,35.7583955228329,137.216034024954,2.34407997131348,20.6560022234917,0,6.0040762424469,1.46889615058899,1.61565440893173,4.53038457036018,3.75725099444389,3.00522840023041,10.4213836789131,1.5248247385025,15.8324051499367,2.18224787712097,30.7113494873047,0,0,0,0,18.0826703906059,2893.24055501819,25.55238956213,628.12542334199,31.8733195662498,3929.87899234891,9.45696091651917,0,2.83403623104095,1096.53761819005,161.757363498211,82.0861862897873,0,7.12830466032028,33.4964672327042,557.394821316004,8.86120331287384,571.304830729961,2.12184274196625,125.25112554431,162.554807007313,860.984505236149,0,115.804405629635,0.705141961574554,1381.7672393024,0,2.66972005367279,0,428.80373647809,0,0.844086527824402,0,51.6913764774799,0,0,0,0,0,15.1937777996063,0,0,0,0,0,0,0,0,0,0,0,0,0,1.6416677236557,0,0,0,0,0,0
412.144360840321,0,10.1543481945992,0,0,0,179.979228526354,0,0,0,17.5097154974937,0,0,0,0,0,9.05638056993484,0.836263477802277,4.73706197738647,0,0,0,0,0,0,0,0,0,113.30352845788,0,0,0,0,0,15.2457653284073,17.6072280406952,161.652190923691,14.6902345716953,21.8143114447594,0,4.51495715975761,0,7.0291536450386,0,4.80120152235031,0,17.4923420846462,0,8.31764668226242,1.4305739402771,1930.85901004076,0,159.179085671902,0,147.776464760303,1.78128790855408,184.189299583435,0.782571613788605,669.000186502934,9.64497727155685,2970.7463299036,6.18542045354843,479.830517023802,2.83403623104095,0,0,39.0178651213646,26.7135713100433,5.03113067150116,0,47.764840900898,1.42266070842743,190.678983688354,3.3663581609726,33.2012396752834,0,225.404060035944,3.79160392284393,9.65013793110847,0,290.812046557665,0,9.51848816871643,0,6555.67747339606,0,0,0,720.980083703995,0,0,0,0,0,19.6808973550797,0,7.4795851111412,0,0,0,0,0,0,0,0,0,0,0,0,0.857128977775574,0,0,0,0,0,0
0,659.848054379225,0,149.551898807287,0,0,0,668.971700817347,0,0,0,226.659389466047,0,97.3541540503502,0,1.10592937469482,0,62.4743685424328,0,13.5527512431145,0,0,0,0,0,0,0,0,0,99.2311864793301,0,0,0.934280514717102,0.528342723846436,38.3851406574249,25.3661718666553,88.502705425024,329.136401951313,3.49523437023163,39.0973626971245,0,41.6727389991283,33.2389130592346,2.59185242652893,21.9042408168316,19.4644827246666,23.1694748997688,27.2598320245743,0.608686327934265,706.021929889917,7.64106571674347,1960.95597755909,0,3.97112423181534,0,21.0074108242989,0,396.361227214336,24.9844616651535,1757.33438009024,9.03966143727303,3403.64989241958,4.76095432043076,1096.53761819005,0,0,108.490365475416,159.916282981634,0,5.19643300771713,3.16645705699921,96.486010402441,2.21739149093628,333.543726682663,0,98.5841400623322,17.6207181811333,456.612067312002,0,42.2756496965885,1.63627672195435,1017.65735733509,0,24.6945703327656,0,5292.40364798903,0,8.26072636246681,0,508.641456246376,0,0,0,0,0,20.0133906900883,0,0,0,0,0,0,0,0,0,0,0,0,0,0,0,0,0,0,0,0
341.44992312789,34.7243856787682,317.456012368202,4.33099806308746,0,0,113.876528978348,3.16719859838486,0,0,18.5385017991066,0,2.39748227596283,0,0,0,21.1119769215584,4.73959338665009,1585.62908029556,107.661333292723,0,0,573.749966174364,0.562699735164642,0,0,0,0,139.632456064224,36.7783627212048,660.054463922977,60.3366586863995,3941.62546405196,557.967625021935,1722.56033882499,352.965612053871,320.200865358114,415.822735667229,350.990194618702,36.5826807916164,4.26126748323441,4.00269517302513,2701.38532423973,508.152109712362,2066.74690926075,876.316318750381,1131.56715109944,201.920460432768,960.207828015089,588.170576393604,836.506597220898,216.648652464151,51.2426279783249,29.9839161634445,92.2848589718342,17.2763158082962,497.792876571417,370.438158422709,2920.63529190421,353.245711386204,284.439067214727,203.82156381011,118.234552264214,161.757363498211,39.0178651213646,108.490365475416,0,2053.4184833467,953.734338611364,473.126304686069,311.914263576269,166.241877615452,256.657735824585,101.954031378031,76.2085679471493,18.2478333413601,836.161583513021,460.05684748292,12.6178681850433,27.8226094245911,183.43044680357,65.731312930584,7.82120850682259,0,112.674848467112,27.9333639740944,4.36552906036377,0,45.902990758419,16.9612154364586,6.68243330717087,0,0,0,23.8621037304401,0,8.35870498418808,0,1.2551454603672,0,0,0,0,0,0,0,0,0.751688301563263,0.517531514167786,0,0,0,0,0,0,0
5.20818328857422,79.0389569401741,0.580614149570465,345.489119142294,0,0,1.74651920795441,124.420856297016,0,0,0,24.9282609820366,0,3.8864129781723,0,0.38236603140831,0.657525599002838,18.6945223808289,6.07889890670776,1430.02987253666,0,0,0,335.25737375021,0,0,0,0,30.2512844204903,63.5657196640968,16.0087762176991,665.933613359928,370.209127724171,5631.86719501019,379.381876736879,2201.81657537818,525.075935661793,492.326411217451,33.7179979681969,467.249390631914,0.697568833827972,31.6662258505821,766.052247464657,2207.71878895164,747.347361475229,2586.6214826405,348.619493424892,1368.26200696826,551.983607500792,1480.24610608816,622.264902502298,585.754818022251,29.3569311797619,91.5184021294117,11.7286704778671,121.774439752102,92.5574413537979,354.543412983418,422.748351603746,1760.27695739269,170.933877170086,100.797581315041,66.7964700758457,82.0861862897873,26.7135713100433,159.916282981634,2053.4184833467,0,136.529690206051,551.12198600173,170.50170314312,266.031205832958,95.1063199341297,213.151172459126,12.8098449707031,65.2442754209042,543.047606438398,352.721300780773,2.49376985430717,13.9917544126511,25.2459812164307,107.051786571741,0,5.34709376096725,27.9155468344688,129.123347938061,0,24.7164551019669,14.1161558032036,121.642886459827,1.41634833812714,0,0,0,0,8.2748476266861,0,4.48591440916061,0,8.10862427949905,0,0,0,0,0,0,0,0,0.726466119289398,2.76093804836273,0,0,0,0,0,0
3399.39591881633,363.09749943018,207.406000196934,81.2748009264469,0,0,133.858687758446,56.1179308891296,0.500893831253052,0,75.6371830403805,0,39.6058462560177,0,2.0381817817688,0,47.9802279472351,2.21479153633118,2168.08177509904,1259.74729862809,0,0,33.1003339290619,1.3933447599411,0,0,0,0,193.954313516617,0,11.2304737567902,4.25048053264618,959.967780262232,871.674891889095,2.89295983314514,2.42608433961868,627.883696645498,2.61447155475616,67.3528128266335,0,1.07111629843712,0,1.12201523780823,0,0.860046625137329,0,3.91485846042633,3.24690914154053,0.593501091003418,0,29.445104777813,0,0,0,0,0,1188.44274112582,53.7364174127579,315.733332067728,4.9414935708046,61.2070903778076,1.2935197353363,21.9146855771542,0,5.03113067150116,0,953.734338611364,136.529690206051,0,1168.75398629904,1421.23514473438,245.815694063902,834.142991870642,53.6421036720276,491.167048960924,17.4417256116867,2890.82315045595,472.345170050859,1.406758248806,0,1.86035838723183,0.856930136680603,10.6033198833466,0,6.62031942605972,0,0,0,0,0,0,0,0,0,64.4041963219643,0,6.12994062900543,0,0,0,0,0,0,0,0,0,0,0,1.09124374389648,0,0,0,0,0,0,0
37.0766709446907,1052.98034784198,0,211.117963343859,0,0,5.72834461927414,28.2224899232388,0,0,0,21.8741005063057,0,9.18448409438133,0,0,2.14819794893265,31.7232294976711,69.9412631392479,3073.22106161714,0,0,0,49.1017069816589,0,0,0,0,5.72246032953262,17.9187624156475,8.81659215688705,4.05274826288223,532.191711425781,1502.03346306086,11.819843351841,1.98154020309448,13.6065775156021,175.486996263266,0,18.4536920785904,0,1.52419543266296,4.00164747238159,0,5.82823574542999,2.55561852455139,0,10.686981767416,0,8.61220425367355,0,5.67055642604828,0,0,0,0,88.8122282624245,1748.35552087426,10.3587231040001,205.043273746967,10.4507336616516,11.2836644649506,11.5159555673599,7.12830466032028,0,5.19643300771713,473.126304686069,551.12198600173,1168.75398629904,0,193.132274925709,812.570632904768,29.8510911464691,182.534664362669,9.78081750869751,158.838024377823,388.356340944767,1516.88476917148,0,1.44978493452072,1.35922348499298,3.48910623788834,0,0,0,1.56919527053833,0,0,0,0,0,0,0,0,0,4.60096877813339,0,0,0,0,0,0,0,0,0,0,0,0,0,4.36980670690536,0,0,0,0,0,0
2975.27792567015,96.5568335652351,1655.36758387089,566.703093409538,624.221695780754,199.245383828878,3552.33924889565,575.194396018982,890.164647936821,113.033806294203,538.618864834309,42.3427364230156,1387.93220591545,66.3377822637558,1572.77872923017,65.588851749897,207.729354292154,5.06005758047104,760.490782350302,605.155724138021,368.110961467028,157.524068385363,1329.48416811228,913.436628162861,301.832690805197,231.656383067369,496.766614705324,136.398230791092,838.36253786087,18.7411630153656,671.114962130785,395.396247625351,141.48544895649,293.072131037712,29.9441318064928,14.7445548772812,649.561093062162,20.4708983898163,56.1704115867615,6.1838613152504,236.968420892954,19.7598992586136,3.05200111865997,0.438962876796722,2.56866508722305,1.87769377231598,12.9932392239571,6.66695880889893,5.45248460769653,4.72638642787933,182.130571037531,0,17.2635314464569,0,7.53894966840744,0.929533958435059,1560.9750944078,146.571335494518,216.318379253149,36.2058117985725,386.390103459358,24.5249358415604,239.601786404848,33.4964672327042,47.764840900898,3.16645705699921,311.914263576269,170.50170314312,1421.23514473438,193.132274925709,0,568.872064679861,5588.0977807343,193.579678714275,3542.03405430913,81.0413083434105,8554.48247656226,254.247998058796,24.2949274480343,0,121.601970791817,4.88604056835175,87.4087660014629,1.11256664991379,179.96927267313,0,8.2649659216404,1.96491265296936,133.039028614759,0,3.98317688703537,0,1.77815973758698,0,207.013501256704,14.5661085247993,17.8600435853004,3.56785368919373,4.09165054559708,0.850104749202728,2.67796605825424,1.76745569705963,3.29748529195786,6.50980046391487,23.4879440367222,15.7742756009102,22.6810683608055,6.41631174087524,31.5159143209457,19.514961540699,2.00682455301285,0,0,1.17454946041107,1.20648181438446,18.2222775518894
256.381415873766,3344.91566568613,536.255049794912,2598.42554426193,100.821871072054,1134.10466986895,765.336805909872,4701.81145352125,58.4118216633797,1417.8932235837,47.0827172994614,962.552183300257,109.579555958509,1322.07236462831,59.9065693616867,1576.21971127391,13.6374769210815,352.446574360132,674.578547596931,1327.84725037217,27.4389788508415,361.373799920082,1119.78734841943,1495.57161936164,81.06403195858,595.02499037981,79.1227479279041,664.711311876774,56.8242346942425,258.549990475178,243.892908424139,429.71177276969,196.041128188372,304.084810316563,12.5545165538788,25.8891407549381,29.0065297484398,566.143683105707,3.86678981781006,67.2917015552521,29.1530777812004,157.903172314167,0,1.48686999082565,2.46641838550568,6.84456670284271,0,50.7498717606068,0,58.6617424786091,1.44984304904938,75.2324421405792,0,0,0,2.81977540254593,73.5717841386795,1113.79415395856,37.9903712272644,111.809023976326,33.4116945266724,236.390360355377,3.99695539474487,557.394821316004,1.42266070842743,96.486010402441,166.241877615452,266.031205832958,245.815694063902,812.570632904768,568.872064679861,0,195.359776437283,4084.00003615022,66.2554750144482,4372.15100029111,310.497623980045,10453.1144787073,0,11.5159414708614,2.40234708786011,130.788617014885,3.65221571922302,7.50668779015541,0.578756153583527,420.125727444887,1.71917617321014,6.30463251471519,0,147.952635079622,0.717194676399231,5.34112530946732,0,2.44004201889038,65.315424233675,174.113795131445,1.83700144290924,2.46542555093765,4.93743705749512,6.60099196434021,0,2.24404835700989,0,15.1221668422222,12.1067237854004,44.3590226769447,6.67870277166367,2.8862692117691,101.77985945344,38.1951079368591,0.680729627609253,0,0,2.22735279798508,1.89621043205261,33.1714945435524
2387.48560142517,22.5434737801552,1584.77350851893,108.802576243877,500.873593866825,9.99130433797836,1495.43912175298,147.937657892704,949.220944344997,2.40851864218712,177.96672976017,13.634868979454,479.551013439894,15.0015011429787,2027.96879342198,4.16898876428604,170.751325160265,0,552.181398153305,316.913887381554,166.880030959845,7.32590246200562,986.546350955963,242.621461987495,137.10056951642,44.89017406106,157.637038707733,10.9361265897751,2195.18336120248,4.65612769126892,107.074838042259,106.29117923975,68.9825985431671,126.523491621017,35.8626926839352,43.7454230487347,1198.07811886072,57.2943288087845,118.110431730747,2.3408762216568,913.598187446594,23.6094152927399,141.207925826311,3.71643835306168,84.1146101951599,3.09454095363617,422.997438758612,1.95530033111572,152.183074265718,2.16516625881195,748.739051759243,0,172.502339869738,0,168.192680388689,3.89583873748779,1367.18797552586,17.3945341110229,412.413592964411,10.6498975753784,504.177061200142,9.74158251285553,161.694587022066,8.86120331287384,190.678983688354,2.21739149093628,256.657735824585,95.1063199341297,834.142991870642,29.8510911464691,5588.0977807343,195.359776437283,0,51.0382522344589,3122.66345450282,65.3121999502182,2936.76399353147,59.6636025309563,33.8952305316925,2.31280159950256,302.169510573149,1.89989078044891,226.736885547638,0,396.921014368534,0,158.577864289284,1.79324269294739,253.304161369801,1.48990511894226,23.3726336061954,2.68733656406403,0.815058767795563,0.751429319381714,189.435677051544,17.098302334547,19.3534938097,1.74862641096115,17.331969499588,0.945862591266632,3.74437007308006,0,7.54657530784607,6.26463615894318,15.6590157151222,17.6935929059982,16.8853292763233,3.63401758670807,34.0326820909977,15.264790803194,0,0,1.3921400308609,0.531745731830597,0,12.8647786676884
45.3982067108154,2279.58345419168,135.313144534826,1800.95053032041,31.3285765647888,891.386702537537,189.481512129307,1144.68241611123,16.3685778677464,1116.48539480567,12.5130180716515,813.555754423141,12.9729511141777,1204.91454610229,20.6284141540527,3440.24659925699,0,980.178960382938,243.313247025013,801.923385947943,6.62755620479584,313.812000572681,389.299862235785,990.104165792465,29.9270431995392,238.369152635336,33.6799919903278,495.586993128061,18.3112300038338,4362.2691732347,98.8345381915569,158.908441662788,91.011267721653,110.485141545534,29.6170226633549,41.6823222339153,28.9599319398403,831.671761155128,2.38886392116547,102.001962900162,9.10194969177246,1951.53383669257,26.8181618154049,224.804907202721,16.8450588285923,266.475093513727,15.726242005825,352.941311776638,3.83837294578552,321.152582466602,2.10289740562439,482.320751309395,0,115.066758096218,0,189.154079496861,10.2776878476143,1472.3765078485,11.5928180217743,256.023057371378,5.88918846845627,262.605960130692,6.96521818637848,571.304830729961,3.3663581609726,333.543726682663,101.954031378031,213.151172459126,53.6421036720276,182.534664362669,193.579678714275,4084.00003615022,51.0382522344589,0,12.9480450749397,1945.38047388196,69.234196305275,1563.84895265102,0,194.525552839041,0,628.368301838636,1.17514407634735,394.80380231142,0,438.430041223764,1.09710311889648,247.43946185708,0,322.902203112841,0,6.84665244817734,0,4.24976712465286,8.4123158454895,57.1840860545635,0,2.95595568418503,2.89625895023346,26.5697434842587,0,1.91428524255753,0,11.5740514099598,2.40490472316742,10.8792637884617,0.929828584194183,0.548295199871063,13.232096016407,12.8216990828514,0,0,0,0,0,4.18590474128723
927.943726658821,7.38212752342224,449.789443969727,12.536368727684,19.032025873661,0,448.243071436882,28.97879165411,57.5611785650253,0,51.9899174571037,0,107.211085498333,6.35009032487869,155.871889621019,0,31.1776937842369,0,278.479302734137,104.777897059917,33.0207814574242,7.24858427047729,270.422771304846,52.8995177745819,3.68209505081177,0,2.35271680355072,0,137.465982198715,0,11.337582975626,20.6870166659355,8.36110097169876,43.6856986284256,4.10806483030319,3.21810603141785,1608.83166232705,32.5353103876114,104.868162840605,14.5815172791481,405.136441677809,13.9242452979088,20.9114260673523,0.744235694408417,10.3821801543236,0,31.6787152588367,0,28.9392301440239,0,83.1283533573151,0,6.91201058030128,0,6.42178758978844,0,486.95252725482,0,120.986245691776,1.213947057724,104.568862199783,0,39.1900550127029,2.12184274196625,33.2012396752834,0,76.2085679471493,12.8098449707031,491.167048960924,9.78081750869751,3542.03405430913,66.2554750144482,3122.66345450282,12.9480450749397,0,39.510702252388,2129.02565777302,53.8358072340488,2.77520501613617,0,24.3403309881687,1.32890915870667,15.101793050766,0,32.4995002448559,0,2.24858331680298,0,4.61083227396011,0,32.5948365926743,34.4595209956169,12.8441658914089,7.69468203186989,396.486413270235,71.4429754018784,48.933525800705,20.871156424284,36.4655013382435,46.9553976655006,8.15837144851685,8.17834788560867,25.1275459527969,60.6436091661453,39.2306691110134,55.3820835649967,51.5619941651821,22.165325820446,79.5023849308491,26.305178374052,3.81775629520416,0.846171200275421,0,1.089968085289,1.28121316432953,24.0626176297665
23.9496848583221,990.620847195387,25.4985918402672,622.130331218243,0.687369465827942,36.2298911809921,57.3300731182098,439.248787105083,1.50044733285904,67.1003484725952,1.78562414646149,88.4173054099083,6.61129760742188,185.830401480198,0,224.30725133419,0,62.4008061885834,101.848666518927,443.766386628151,6.6604340672493,38.4336792230606,126.612832546234,292.345172166824,0.43911412358284,19.337793469429,0.916623711585999,3.96325647830963,2.96420085430145,60.8342201709747,20.9804475903511,51.5935216546059,47.6050855517387,37.1521019339561,7.66882637143135,6.17034319043159,41.0958236455917,1402.39182665944,9.65490740537643,126.490123361349,46.9077130556107,749.686260432005,0.588738918304443,37.6626645922661,0.540452301502228,63.9060915410519,2.54199725389481,76.3905165493488,0,73.0995174646378,0,98.3752353191376,0,16.3204912543297,0,12.1546747982502,1.19385802745819,509.925676643848,0,89.1640443205833,1.38257658481598,90.5279521644115,1.96392345428467,125.25112554431,0,98.5841400623322,18.2478333413601,65.2442754209042,17.4417256116867,158.838024377823,81.0413083434105,4372.15100029111,65.3121999502182,1945.38047388196,39.510702252388,0,47.2967113256454,1603.81396213174,0,8.6614060997963,0,71.6295382380486,0,6.99798601865768,0,76.4018162190914,0,9.62056094408035,0,29.983349353075,14.8200898766518,33.7739417850971,4.27217596769333,9.31800290942192,49.7626207470894,203.687088876963,8.83175730705261,9.21344351768494,14.5804625153542,25.8486278355122,10.8427045941353,1.49051523208618,14.142179787159,30.7829027175903,6.00345769524574,41.8652418255806,26.3164580762386,7.43631422519684,57.773565530777,16.2357395291328,2.82661747932434,0,3.14701920747757,1.86958041787148,0.522113919258118,19.2257618904114
3329.35896524787,229.407195925713,1445.14562129974,146.194798707962,26.9156329929829,0,1484.62667787075,108.700529396534,85.7508075535297,0,277.20769739151,11.766369342804,324.430233240128,5.43995061516762,287.163779020309,0.564921438694,166.660958945751,20.0839679539204,1289.66381129622,590.094004809856,11.5443849563599,2.87813407182693,639.663985699415,58.2912367582321,4.67541965842247,0,6.60970151424408,0,636.792797595263,21.3547211885452,39.9902987480164,83.4623330831528,79.4642921686172,280.87862470746,72.1251730322838,88.6778706610203,4338.26950019598,134.695588231087,272.563331305981,19.4074438810349,222.651514738798,2.76526439189911,305.740165114403,58.1638895571232,164.18813842535,30.3434947729111,750.049473166466,38.4599773287773,251.823410779238,37.1097844839096,1025.31200858951,24.6843792796135,118.982135772705,0,82.371240645647,3.10102850198746,2635.69937467575,406.825461626053,802.377039015293,136.096891105175,1098.77218240499,128.26315844059,576.277813881636,162.554807007313,225.404060035944,17.6207181811333,836.161583513021,543.047606438398,2890.82315045595,388.356340944767,8554.48247656226,310.497623980045,2936.76399353147,69.234196305275,2129.02565777302,47.2967113256454,0,643.282273679972,30.0323584377766,12.9060190916061,490.893909037113,47.4875501692295,90.5639102458954,0.594196796417236,328.584784299135,12.6163815557957,58.2991807460785,0.695247828960419,132.962186574936,7.28769335150719,59.4319212734699,23.8601126670837,33.783751219511,22.4783455133438,1415.89190280437,175.510749638081,501.077782988548,12.2948763668537,40.6784992218018,10.8125545680523,30.7412082850933,0.567764282226562,53.7409619688988,28.7570654451847,243.279446780682,157.196203917265,72.0343323647976,21.801700592041,502.893937319517,720.358961462975,11.947681427002,2.76088923215866,9.76477748155594,17.5432331562042,13.024215221405,137.026055157185
112.044345498085,4057.4666377902,38.9942167401314,1804.43648472428,0,26.1143465042114,57.8563272953033,1461.01795586944,0,81.9836312234402,5.16420418024063,332.388174653053,4.76995825767517,316.935680389404,0,231.114323049784,1.64163225889206,310.226683348417,300.603659510612,2065.82520422339,1.19364500045776,8.44445770978928,83.2539915144444,441.769942492247,0,12.23149985075,0,2.36606049537659,28.6512174606323,200.39978441596,35.2951618134975,107.19760119915,140.58544588089,175.256816446781,53.5619072318077,91.6037647128105,85.9931820333004,4756.17134451866,21.9357357621193,253.618795990944,2.83259624242783,213.071290344,53.9228632450104,233.673181951046,48.8076919317245,314.254461556673,56.10333943367,836.889806479216,17.864980250597,378.76127409935,35.8955978751183,465.120809078217,2.34854263067245,82.5244622528553,2.8750701546669,81.3813879191875,75.0175315737724,2516.49306362867,145.818284779787,428.536404103041,117.397133976221,527.925509691238,26.3783791065216,860.984505236149,3.79160392284393,456.612067312002,460.05684748292,352.721300780773,472.345170050859,1516.88476917148,254.247998058796,10453.1144787073,59.6636025309563,1563.84895265102,53.8358072340488,1603.81396213174,643.282273679972,0,1.72454261779785,47.7219024896622,19.0169028639793,556.107521653175,0,44.4768439531326,9.78066492080688,380.888845771551,0,99.9067195951939,0,207.493977546692,15.202127456665,97.6448559463024,11.0691893100739,100.957470923662,296.810819536448,831.88380369544,20.9466546177864,31.8253127634525,3.50056928396225,36.8228250145912,8.23715242743492,10.4096420109272,12.7727170586586,99.6747285723686,78.0493145883083,281.184706091881,20.6358416378498,13.4400866627693,664.496821641922,1243.68794888258,30.8937967419624,2.70893901586533,14.0387336909771,24.5134864449501,34.7582070529461,203.045104265213
34.7010186910629,0,4.02356052398682,0,0,0,14.2576918005943,0,0,0,13.8983578681946,0,14.4400777816772,0,0,0,649.818141400814,0,0,0,0,0,1.11881291866302,0,0,0,0,0,416.091881513596,0,0,0,0,0,1.07138228416443,2.40981256961823,4.41434729099274,4.81517541408539,0,0,0,0,1.90084052085876,0,0,0,0,0,0,0,15.9300488829613,0,0,0,0,0,513.573491692543,1.58129632472992,63.0029165744781,0,59.1322695910931,0,174.033120691776,0,9.65013793110847,0,12.6178681850433,2.49376985430717,1.406758248806,0,24.2949274480343,0,33.8952305316925,0,2.77520501613617,0,30.0323584377766,1.72454261779785,0,0,673.268453329802,0,8.6227942109108,0,14.6853498220444,0,0,0,1.28958594799042,0,0,0,0,0,1.60833448171616,0,0,0,0,0,0,0,0,0,0,0,0,0,0,0,0,0,0,0,0,0
0,10.0125311017036,0,14.2893931865692,0,0,0,1.4108966588974,0,0,0,9.13092577457428,0,2.19935512542725,0,0,0,298.686736851931,0,1.78216725587845,0,0,0,0,0,0,0,0,0,401.979850232601,0,0,2.83371162414551,2.14806425571442,2.55325388908386,4.13896736502647,3.4543594121933,8.60759097337723,0,2.82739940285683,0,0,0.579543173313141,0,7.63656914234161,0.641568243503571,0,0.712888538837433,0,10.207567691803,0,11.6799040734768,0,0,0,0,0,37.5988543629646,8.13599169254303,59.3481917977333,3.5153501033783,37.1672879457474,2.09049338102341,115.804405629635,0,42.2756496965885,27.8226094245911,13.9917544126511,0,1.44978493452072,0,11.5159414708614,2.31280159950256,194.525552839041,0,8.6614060997963,12.9060190916061,47.7219024896622,0,0,1.6431919336319,1065.74015572667,0,2.70859012007713,0,28.2617517709732,0,0,0,3.54204070568085,0,0,0,0,0,2.38569194078445,0,0,0,0,0,0,0,0,0,0,0,0,0,0,0,0,0,0,0,0
159.153155714273,2.73757761716843,21.0486910939217,0,0,0,40.7383425235748,0,2.63776326179504,0,366.605508983135,0,336.949286878109,0,18.1321142911911,0,883.285976648331,0,2.75276702642441,0,0,0,1.52867007255554,0,0,0,0,0,1169.12323263288,0,0,0,0,0,42.646444350481,54.9706207513809,265.447281509638,17.2598081827164,39.3756465911865,0,7.32855618000031,0,159.198947370052,1.44513511657715,59.4446637332439,0,364.293509095907,0,135.127357900143,0,982.264220267534,0,154.441446602345,0,77.072507917881,0,169.019847750664,0.872405588626862,401.288335621357,1.39471304416656,519.420594602823,1.36751639842987,1625.03701597452,0.705141961574554,290.812046557665,1.63627672195435,183.43044680357,25.2459812164307,1.86035838723183,1.35922348499298,121.601970791817,2.40234708786011,302.169510573149,0,24.3403309881687,0,490.893909037113,19.0169028639793,673.268453329802,1.6431919336319,0,2.17090082168579,1208.19271337986,0,5720.60377818346,0,29.6791498064995,0,165.839894086123,0,15.086069971323,0,0,0,36.046727836132,0,11.4044128060341,0,1.99215966463089,0,0,0,0,0,0.5310338139534,0,2.31728208065033,0,0,1.22251069545746,0,0,0,0,0,0
0,42.8882384300232,0,29.7503541111946,0,0.407338857650757,0,57.1651519536972,0,0.879311323165894,0,202.304797589779,0,105.4509755373,0,3.4874981045723,0,427.099154144526,0,14.0757877230644,0,0,0,1.88247382640839,0,0,0,0,1.01924586296082,716.831672042608,0,1.2478631734848,4.99450761079788,3.80836617946625,31.0538964271545,16.9951223433018,28.2128563523293,320.517405033112,1.07173466682434,42.1442148983479,0,64.7827033400536,9.5925714969635,148.433329284191,6.00647929310799,133.481331676245,0,144.874904721975,0,245.597470283508,2.04634070396423,598.928088217974,0,71.4837394654751,0,57.7430407106876,0,89.5154553055763,12.4651457071304,266.274111956358,8.10929065942764,258.30446189642,0,1381.7672393024,0,1017.65735733509,65.731312930584,107.051786571741,0.856930136680603,3.48910623788834,4.88604056835175,130.788617014885,1.89989078044891,628.368301838636,1.32890915870667,71.6295382380486,47.4875501692295,556.107521653175,0,1065.74015572667,2.17090082168579,0,0,1502.33288729191,0,5593.05517292023,0,540.854986310005,0,276.015177756548,0,0,0,0,0,15.4392296075821,0,0,0,10.6592711210251,0,0,0,0,0,1.83610951900482,0,1.00622344017029,0,1.24079811573029,0,0,0,0,0,0
110.342343866825,0,83.9381305873394,2.69641065597534,15.7645644247532,0,55.0694867670536,1.55896139144897,22.9865339100361,0,151.613867402077,0,39.2950577139854,0,92.4009908735752,0,171.801093220711,0,84.9573493301868,12.1427245140076,1.74216544628143,1.01911342144012,10.100539624691,1.48699474334717,2.20023161172867,0,10.6194983124733,0,1853.3570753932,0,3.30440735816956,3.75276190042496,2.80597227811813,0,3.40524643659592,2.75062537193298,366.092510312796,0,206.588297724724,0,708.743774354458,0,5.29692786931992,0,0,0,64.3571406900883,0,0,0,50.4930154085159,0,41.1196228265762,0,201.316393643618,0,32.6417132616043,0,3.82059043645859,0,48.4827508330345,0,55.5207401514053,0,9.51848816871643,0,7.82120850682259,0,10.6033198833466,0,87.4087660014629,3.65221571922302,226.736885547638,1.17514407634735,15.101793050766,0,90.5639102458954,0,8.6227942109108,0,1208.19271337986,0,0,0,956.027258038521,0,820.979509800673,0,303.219068348408,0,0,0,0,0,1.27398240566254,0,0,0,0,0,0,0,0,0,0,0,0,0,0,0,0,0,0,0,0,0
0,0,0,0,0,71.1846743524075,0,0,0,14.2731159329414,0,0,0,0.780552625656128,0,99.3332498073578,0,0,0,0,0,73.9627984762192,0,1.02287721633911,1.11942160129547,6.33455216884613,0.574721813201904,47.4401643872261,0,1089.66609364748,1.00097942352295,1.78680229187012,0,0,0,3.02541238069534,0,299.306243240833,0,213.532775312662,0,2277.95713493228,1.44297063350677,39.3098180890083,0,3.23249450325966,0,34.9422315955162,0,15.8889026343822,0,74.8786097764969,0,13.772420078516,0,136.291390568018,0,0,0,4.3128305375576,0,8.84393054246902,0,2.66972005367279,0,24.6945703327656,0,5.34709376096725,0,0,1.11256664991379,7.50668779015541,0,394.80380231142,0,6.99798601865768,0.594196796417236,44.4768439531326,0,2.70859012007713,0,1502.33288729191,0,0,0,391.021844297647,0,1307.90601161122,0,295.131626754999,0,0,0,0,0,0,0,0.562092900276184,0,1.58740371465683,0,0,0,0,0,0,0,0,0,0,0,0,0,0,0,0
1466.71737533808,0,30.1412796378136,0,9.76538327336311,0,181.981519162655,0,8.37819448113441,0,466.580920994282,0,212.846896529198,0,22.81858253479,0,126.898239195347,0,2.30031955242157,0,0,0,1.01222932338715,0,0,0,2.20943230390549,0,467.6367444098,0,0.60155463218689,0,0,1.76919627189636,34.7559671998024,43.0884566009045,456.483444571495,15.2883039116859,102.789137721062,0,117.583859980106,0,146.64702963829,2.30819702148438,70.3286155760288,0,422.268643707037,3.17575883865356,162.300584942102,0,3776.04389598966,0,976.250085771084,0,729.054487884045,0,347.875374138355,0,281.095020383596,1.08230888843536,1449.42166864872,3.24251866340637,1633.97374561429,0,6555.67747339606,0,112.674848467112,27.9155468344688,6.62031942605972,0,179.96927267313,0.578756153583527,396.921014368534,0,32.4995002448559,0,328.584784299135,9.78066492080688,14.6853498220444,0,5720.60377818346,0,956.027258038521,0,0,0,625.941583603621,0,6706.28623688221,0,7.85218718647957,0,0,0,7.76276099681854,0,0,0,2.61285552382469,0,0,0,0,0,0,0,1.51949226856232,0,0,0,0,0,0,0,0,0
0,1102.02180224657,0,140.605798125267,0,0,0,1453.82748705149,0,0,0,322.209894776344,0,136.90448230505,0,10.3912985920906,0,60.7801681160927,0,11.5783228874207,0,0,0,0,0,0,0,0,0,219.074901759624,0,1.21654307842255,0,1.07094061374664,22.6480421423912,31.3085628449917,11.0555143356323,486.527993679047,2.70237421989441,72.6885601580143,0,246.089149653912,22.8939456045628,214.176350325346,1.71069329977036,139.606066346169,4.9578458070755,234.965993136168,0,292.509266138077,0,5889.1612714529,0,513.215926140547,0,601.561560958624,0,209.259190917015,0,163.572641581297,0.714323699474335,802.368552416563,1.06749904155731,428.80373647809,0,5292.40364798903,27.9333639740944,129.123347938061,0,1.56919527053833,0,420.125727444887,0,438.430041223764,0,76.4018162190914,12.6163815557957,380.888845771551,0,28.2617517709732,0,5593.05517292023,0,391.021844297647,0,0,0,1301.45738270879,0,6657.13663358986,0,0,0,0,0,1.80712068080902,0,0,0,14.2394353151321,0,0,0,0,0,0,0,0,0,0.525307834148407,0,0,0,0,0,0
0,0,0.747249662876129,0,28.9163938462734,0,2.11595344543457,0,27.1854168772697,0,0,0,0.570071339607239,0,62.869486361742,0,0,0,0,0,8.20329678058624,0,1.04326963424683,0,2.46319627761841,0,10.53619992733,0,499.645051181316,0,0.882822632789612,0,0,0,0.939843356609344,0,902.041155010462,0,319.67470741272,0,732.538941890001,0,4.64587098360062,0,0,0,52.8499924838543,0,0,0,9.13109749555588,0,34.0350595712662,0,1001.38348689675,0,0,0,0,0,0,0,0,0,0,0,4.36552906036377,0,0,0,8.2649659216404,1.71917617321014,158.577864289284,1.09710311889648,2.24858331680298,0,58.2991807460785,0,0,0,29.6791498064995,0,820.979509800673,0,625.941583603621,0,0,0,946.907895684242,0,0,0,0,0,5.00657278299332,0,0,0,0,0,0,0,0,0,0,0,0,0,0,0,0,0,0,0,0,0
0,0,0,0,0,18.6662740111351,0,0,0,4.51053017377853,0,0,0,0,0,31.5496217608452,0,0,0,0,0,9.13634884357452,0,0,0,1.54979905486107,0,6.33206433057785,0,189.88768813014,0.618179202079773,1.52559781074524,0,0,0,3.15259969234467,1.49274301528931,904.329513162374,0,413.14633372426,0,1685.7980209291,0,66.7847501039505,0,3.34433478116989,0,85.6165156364441,0,6.45780766010284,0,24.5946866869926,0,14.8278096318245,0,1146.30006545782,0,0,0,1.61563712358475,0,0.7212233543396,0,0.844086527824402,0,8.26072636246681,0,24.7164551019669,0,0,1.96491265296936,6.30463251471519,1.79324269294739,247.43946185708,0,9.62056094408035,0.695247828960419,99.9067195951939,0,0,0,540.854986310005,0,1307.90601161122,0,1301.45738270879,0,0,0,2065.97510707378,0,0,0,0,0,3.22488677501678,0,2.70085987448692,0,0,0,0,0,0,0,0,0,0,0,0,0,0,0,0,0,0
797.172425091267,0,6.31466656923294,0,21.7384581267834,0,20.1656937003136,0,11.4973304867744,0,141.242794513702,0,24.6493349671364,0,31.9325487017632,0,34.5392616391182,0,0,0,3.20353627204895,0.941072762012482,0,0,0.568356692790985,0,11.9062092602253,1.13507783412933,331.150993704796,0,0,0,0,0,8.82995903491974,10.8433811962605,619.584262102842,3.17291665077209,251.844330877066,0,89.6399586200714,0,91.6247453689575,4.49243301153183,24.0142832994461,0,357.043813347816,0,47.7281841039658,0,690.245838582516,0,960.691307514906,0,5075.85545480251,0,185.903149843216,0,85.487051486969,0,445.328410506248,0,305.697035908699,0,720.980083703995,0,45.902990758419,14.1161558032036,0,0,133.039028614759,0,253.304161369801,0,4.61083227396011,0,132.962186574936,0,1.28958594799042,0,165.839894086123,0,303.219068348408,0,6706.28623688221,0,946.907895684242,0,0,0,2.31223464012146,0,0,0,1.68605434894562,0,1.8809289932251,0,3.48645344376564,0,0,0,0,0,0,0,0,0,0,0,0,0,0,0,0,0
0,388.456080049276,0,22.6188123226166,0,2.28040379285812,0,527.686516910791,0,0,0,16.5399392843246,0,1.59772872924805,0,17.1257552504539,0,4.529765188694,0,0,0,0.52953976392746,0,0,0,0.393809854984283,0,6.0387664437294,0,114.14814004302,0,0,0,1.26180839538574,15.5341022014618,25.157003223896,8.11078280210495,677.785230666399,0,258.26817959547,0,504.110219806433,5.01190781593323,187.450587213039,9.97076320648193,199.552721500397,5.27545559406281,306.904498457909,0,359.353009581566,0,2028.51563033462,0,878.660031229258,0,3459.11521691084,0,112.013385057449,0,64.7161487042904,0,139.047086268663,0,51.6913764774799,0,508.641456246376,16.9612154364586,121.642886459827,0,0,0,147.952635079622,1.48990511894226,322.902203112841,0,29.983349353075,7.28769335150719,207.493977546692,0,3.54204070568085,0,276.015177756548,0,295.131626754999,0,6657.13663358986,0,2065.97510707378,0,0,0,0,0,0,0,2.45539677143097,0,5.07218793034554,0,12.372675716877,0,0,0,0,0,0,0,0,0,0,0,0,0,0,0,0
0,0,0,0,0,0,0,0,0,0,0,0,0,0,0,0,0,0,0,0,0,0,0,0,0,0,0,0,4.90246826410294,0,0,0,0,0,2.72779560089111,4.0661968588829,106.135334014893,51.9520982801914,130.411957144737,27.6554737389088,1.31681203842163,0,99.3946349918842,0,3.5765009522438,0,329.925040632486,0.637012600898743,5.8436960875988,0,123.589292824268,0,64.6647954583168,0,65.4745225608349,0,0,0,0,0,0,0,0,0,0,0,6.68243330717087,1.41634833812714,0,0,3.98317688703537,0.717194676399231,23.3726336061954,0,32.5948365926743,14.8200898766518,59.4319212734699,15.202127456665,0,0,15.086069971323,0,0,0,7.85218718647957,0,0,0,2.31223464012146,0,0,45.1220097541809,1649.88300600648,5.3473317027092,366.901732444763,173.069055467844,1575.2716845274,96.06442040205,2412.20274442434,122.404818594456,846.061491250992,5.65870177745819,582.21137663722,124.882659882307,834.838507115841,94.1142879724503,441.057983279228,58.6386587917805,17.4187407195568,5.47748279571533,61.1870944499969,27.1939486861229,24.5866884589195,4.01954334974289,8.46995413303375,24.8835057318211
0,0,0,0,0,0,0,0,0,0,0,0,0,0,0,0,0,0,0,0,0,0,0,0,0,0,0,0,0,0,0,0,0,0,0,0,70.9106778502464,98.6086774468422,87.1313724517822,143.15852868557,0,4.2425931096077,0,0,0,0,0,6.28196883201599,0,0,0,0,0,0,0,0,0,0,0,0,0,0,0,0,0,0,0,0,0,0,0,5.34112530946732,2.68733656406403,6.84665244817734,34.4595209956169,33.7739417850971,23.8601126670837,97.6448559463024,0,0,0,0,0,0,0,0,0,0,0,0,45.1220097541809,0,4.3004058599472,2192.07882764935,142.205942898989,1061.72483447194,109.650260090828,657.386205524206,119.673500925303,2686.64887690544,6.75669097900391,204.484101980925,59.3444441258907,892.485596448183,22.7118468880653,1024.05952054262,171.835690766573,583.905655950308,96.8423206806183,20.0119676291943,131.63786354661,20.7258937060833,50.4064885675907,6.04298481345177,79.7924312353134,124.209422290325
0,0,0,0,0,0,0,0,0,0,0,0,0,0,0,0,0,0,0,0,0,0,0,0,0,0,0,0,0,0,0,0,0,0,0,0,35.1484856307507,22.5173971056938,49.1423553824425,12.7207906842232,0,0,0,0,0,0,0,0,0,0,0,0,0,0,0,0,0,0,0,0,0,0,0,0,0,0,0,0,0,0,1.77815973758698,0,0.815058767795563,0,12.8441658914089,4.27217596769333,33.783751219511,11.0691893100739,0,0,0,0,0,0,0,0,0,0,0,0,1649.88300600648,4.3004058599472,0,0.726871490478516,451.754754185677,76.7515744268894,590.178982406855,22.0184358358383,249.574004799128,11.2692048549652,896.18477845192,0,1077.95527130365,12.2574522197247,1115.14632955194,27.1917213201523,333.212518334389,25.2374666333199,46.1718706786633,7.6405391395092,68.8731206953526,9.65196520090103,85.3848765492439,13.0936908125877,15.3628484010696,57.3338674604893
0,0,0,0,0,0,0,0,0,0,0,0,0,0,0,0,0,0,0,0,0,0,0,0,0,0,0,0,0,0,0,0,0,0,0,0,36.843056499958,39.8787428438663,27.1304272115231,35.5413612425327,0,0,0,0,0,0,0,3.23696994781494,0,0,0,0,0,0,0,0,0,0,0,0,0,0,0,0,0,0,0,0,0,0,0,2.44004201889038,0.751429319381714,4.24976712465286,7.69468203186989,9.31800290942192,22.4783455133438,100.957470923662,0,0,0,0,0,0,0,0,0,0,0,0,5.3473317027092,2192.07882764935,0.726871490478516,0,85.3778865337372,375.02826243639,52.5118670761585,200.418158441782,30.3271175026894,295.081809431314,0.644370317459106,779.724659532309,14.2119583189487,1321.87824982405,18.7837097048759,1063.44861254096,69.7586785256863,240.874661415815,124.031728118658,31.9116286933422,189.59763777256,31.0899816453457,119.806033492088,28.9922731518745,141.245211303234,124.345388293266
87.9580252766609,2.38980448246002,32.6060837507248,1.01672923564911,0,0,31.7219232320786,0.611602306365967,2.46667355298996,0,3.02690356969833,0,1.80683928728104,0,0.561333060264587,0,1.8312680721283,0,26.5462185740471,3.19777131080627,1.98864501714706,0,4.37699884176254,0,0,0,0,0,26.1375669240952,0.836987555027008,1.80818557739258,0.463513106107712,0,1.62867897748947,0.60659521818161,2.6810405254364,263.148843944073,39.5769209563732,73.7539516985416,14.2151167988777,15.0345587134361,0,8.46286404132843,0,6.1487837433815,0,56.9751719236374,6.53607448935509,10.8576008081436,0,60.4708716869354,0,4.43776226043701,0,0.488395243883133,0,77.5607656538486,0,42.1486910879612,0,53.8713089823723,0,18.1875230073929,0,19.6808973550797,0,23.8621037304401,0,64.4041963219643,0,207.013501256704,65.315424233675,189.435677051544,8.4123158454895,396.486413270235,49.7626207470894,1415.89190280437,296.810819536448,1.60833448171616,0,36.046727836132,0,1.27398240566254,0,7.76276099681854,0,5.00657278299332,0,1.68605434894562,0,366.901732444763,142.205942898989,451.754754185677,85.3778865337372,0,187.044753462076,1112.86138996482,49.1937893629074,245.281739115715,79.6359213888645,296.291165649891,14.8832639455795,497.307818084955,116.156799286604,1856.8375377059,206.569573462009,263.458937197924,37.1143988072872,252.979293942451,872.611876100302,351.60867702961,36.1650913953781,92.5138221383095,139.277974933386,62.8631751537323,359.947144091129
0.537613153457642,57.146359115839,0.763929069042206,28.9318121373653,0,0,2.10926198959351,13.6147316396236,0,0.716291427612305,0,3.14562439918518,0,5.97238290309906,1.55758970975876,0.832984328269958,0,2.54458284378052,0.887873470783234,28.8154555261135,0,1.64616268873215,0,5.05308651924133,0,0,0,0,2.20219820737839,5.00941091775894,0,0.655501067638397,0,0,3.59794211387634,0,61.4925978183746,216.245107680559,54.0383814275265,160.502187460661,2.31085878610611,22.3420212268829,0,4.3684678375721,0,3.83649170398712,0,63.8921207487583,0,10.2302906811237,0,15.0443426668644,0,0,0,0,1.75693833827972,27.6440015435219,2.74590682983398,10.2714523673058,0,10.4089436531067,0,15.1937777996063,0,20.0133906900883,0,8.2748476266861,0,4.60096877813339,14.5661085247993,174.113795131445,17.098302334547,57.1840860545635,71.4429754018784,203.687088876963,175.510749638081,831.88380369544,0,2.38569194078445,0,15.4392296075821,0,0,0,1.80712068080902,0,3.22488677501678,0,2.45539677143097,173.069055467844,1061.72483447194,76.7515744268894,375.02826243639,187.044753462076,0,103.006413221359,950.149732083082,86.0150897502899,597.070239931345,59.6052605807781,60.230708450079,119.89718914032,437.480107575655,59.8506609797478,744.697263896465,71.8762907385826,157.982087224722,134.837085098028,554.379136443138,263.640271425247,13.1828597784042,34.5809864699841,42.9139845967293,40.3400920033455,164.287901371717
11.4491204619408,0,3.09773164987564,0,0,0,3.53513932228088,0,1.23057186603546,0,0,0,0,0,1.31965613365173,0,1.33040153980255,0,0.969164907932281,0,0,0,2.36429941654205,0,0,0,0,0,3.48188745975494,0,0,0,1.70161843299866,0,1.84048497676849,0.903246641159058,133.997551858425,35.411091029644,58.8016948103905,20.9430155158043,3.62343603372574,0,4.4360910654068,0,1.93578571081161,0,63.6524123549461,1.58152413368225,5.38128674030304,0,12.6631578207016,0,0.677238762378693,0,3.28584188222885,0,8.13827955722809,0,6.7507660984993,0,15.1804405450821,0,2.85469079017639,0,7.4795851111412,0,8.35870498418808,0,6.12994062900543,0,17.8600435853004,1.83700144290924,19.3534938097,0,48.933525800705,8.83175730705261,501.077782988548,20.9466546177864,0,0,11.4044128060341,0,0,0,0,0,0,0,1.8809289932251,0,1575.2716845274,109.650260090828,590.178982406855,52.5118670761585,1112.86138996482,103.006413221359,0,73.1103865504265,3686.19008854032,118.169596284628,293.705392956734,27.9700635671616,376.952620714903,122.943797647953,635.270578861237,86.7257722318172,431.418754637241,47.6181972920895,37.9090458154678,263.495011150837,744.361008286476,56.2528750300407,122.056930780411,56.0728403925896,16.015682220459,47.0583449602127
0,0,0,0,0,0,0,0,0,0,0,0,0,0,0,0,0,0,0,0,0,0,0,0,0,0,0,0,0,0,0,0,0,0,0,0,27.4660727977753,28.2691570520401,21.4224133491516,87.497147589922,0,0.956997871398926,0,35.6813030838966,0.614131689071655,19.5620948970318,0,79.3265345096588,0,3.88646388053894,0,4.06484508514404,0,0,0,5.2399395108223,0,0,0,0,0,0,0,0,0,0,0,4.48591440916061,0,0,3.56785368919373,2.46542555093765,1.74862641096115,2.95595568418503,20.871156424284,9.21344351768494,12.2948763668537,31.8253127634525,0,0,0,0,0,0.562092900276184,0,0,0,2.70085987448692,0,5.07218793034554,96.06442040205,657.386205524206,22.0184358358383,200.418158441782,49.1937893629074,950.149732083082,73.1103865504265,0,90.7378658652306,2488.43752473593,25.4736796021461,15.9148792624474,76.4574354588985,145.548715025187,28.1712954640388,410.042190134525,50.460961163044,130.554496198893,18.7434555888176,12.8727429509163,616.752511620522,74.7818378806114,49.4661403894424,10.0436387658119,13.7218835353851,39.2458750009537
0,0,0,0,0,0,0,0,0,0,0,0,0,0,0,0,0,0,0,0,0,0,0,0,0,0,0,0,3.01514977216721,0,0,0,0,0,0,0,84.6796665489674,36.5418252050877,56.9906528890133,21.2648592293262,1.63649260997772,0,37.6697407960892,0,2.95887273550034,0,231.028634488583,2.07440477609634,13.9932831823826,0,38.3571156859398,0,17.3712084889412,0,114.691936284304,0,0,0,0,0,0,0,0,0,0,0,1.2551454603672,0,0,0,4.09165054559708,4.93743705749512,17.331969499588,2.89625895023346,36.4655013382435,14.5804625153542,40.6784992218018,3.50056928396225,0,0,1.99215966463089,0,0,0,2.61285552382469,0,0,0,3.48645344376564,0,2412.20274442434,119.673500925303,249.574004799128,30.3271175026894,245.281739115715,86.0150897502899,3686.19008854032,90.7378658652306,0,126.57403922081,167.865655571222,11.2102235555649,90.4678905010223,155.091279745102,366.920545130968,106.381303340197,179.010019034147,45.7200111448765,6.21484395861626,0.701270520687103,50.3811090886593,23.8867797851562,35.8043604493141,5.47056442499161,1.42118519544601,5.90189251303673
0,0,0,0,0,0,0,0,0,0,0,0,0,0,0,0,0,0,0,0,0,0,0,0,0,0,0,0,0,11.8588998019695,0,0,0,0,0,0,25.9722133874893,95.3410742878914,35.9863575100899,61.1601856350899,0,20.7769746184349,24.1725577712059,366.63801881671,7.24981945753098,33.9165279567242,0,601.641692399979,0,2.83479869365692,0,4.83729112148285,0,29.3223896622658,0,174.755433827639,0,0,0,0,0,0,0,0,0,0,0,8.10862427949905,0,0,0.850104749202728,6.60099196434021,0.945862591266632,26.5697434842587,46.9553976655006,25.8486278355122,10.8125545680523,36.8228250145912,0,0,0,10.6592711210251,0,1.58740371465683,0,14.2394353151321,0,0,0,12.372675716877,122.404818594456,2686.64887690544,11.2692048549652,295.081809431314,79.6359213888645,597.070239931345,118.169596284628,2488.43752473593,126.57403922081,0,32.0013262331486,24.7974193394184,88.5656588077545,230.487517505884,27.245581895113,296.724052131176,94.7374804019928,309.151236414909,29.150132060051,6.37472236156464,269.348920613527,245.529367029667,147.342814028263,75.4506415724754,15.2746467292309,21.9581777751446
0,0,0,0,0,0,0,0,0,0,0,0,0,0,0,0,0,0,0,0,0,0,0,0,0,0,0,0,0,0,0,0,0,0,0,0,26.0126912295818,14.2276138961315,33.7942918539047,8.75111389160156,0,0,0,0,0,0,0.730275332927704,1.17573195695877,0,0,0,0,0,0,0,0,0,0,0,0,0,0,0,0,0,0,0,0,0,0,2.67796605825424,0,3.74437007308006,0,8.15837144851685,10.8427045941353,30.7412082850933,8.23715242743492,0,0,0,0,0,0,0,0,0,0,0,0,846.061491250992,6.75669097900391,896.18477845192,0.644370317459106,296.291165649891,59.6052605807781,293.705392956734,25.4736796021461,167.865655571222,32.0013262331486,0,0.51302045583725,1779.06970793009,13.878089427948,779.265976339579,22.9447626769543,350.600430220366,18.0743364989758,19.2266263067722,4.90334960818291,32.1799640059471,5.42023754119873,19.6027822196484,3.79252982139587,9.06938284635544,19.964980751276
0,0,0,0,0,0,0,0,0,0,0,0,0,0,0,0,0,0,0,0,0,0,0,0,0,0,0,0,0,0,0,0,0,0,0,0,6.95913708209991,15.9180670082569,9.08207225799561,18.1719883680344,0,0,0,0,0,0,0,0,0,0,0,0,0,0,0,0,0,0,0,0,0,0,0,0,0,0,0,0,0,0,1.76745569705963,2.24404835700989,0,1.91428524255753,8.17834788560867,1.49051523208618,0.567764282226562,10.4096420109272,0,0,0,0,0,0,0,0,0,0,0,0,5.65870177745819,204.484101980925,0,779.724659532309,14.8832639455795,60.230708450079,27.9700635671616,15.9148792624474,11.2102235555649,24.7974193394184,0.51302045583725,0,7.92810589075089,1388.38472744823,6.52585205435753,249.813872694969,30.867183983326,68.971627086401,7.94909331202507,5.45836955308914,13.5893483757973,1.47016188502312,9.86833667755127,5.02961242198944,18.9745381176472,8.87325119972229
0,0,0,0,0,0,0,0,0,0,0,0,0,0,0,0,0,0,0,0,0,0,0,0,0,0,0,0,0,0,0,0,0,0,0,0,44.9330778717995,49.184922426939,62.5487349331379,27.3417085707188,0,0,0,0,0,0,0,2.62749373912811,0,0,0,0,0,0,0,0,0,0,0,0,0,0,0,0,0,0,0,0,0,0,3.29748529195786,0,7.54657530784607,0,25.1275459527969,14.142179787159,53.7409619688988,12.7727170586586,0,0,0,0,0,0,0,0,0,0,0,0,582.21137663722,59.3444441258907,1077.95527130365,14.2119583189487,497.307818084955,119.89718914032,376.952620714903,76.4574354588985,90.4678905010223,88.5656588077545,1779.06970793009,7.92810589075089,0,143.764481395483,5707.30299919844,109.729867607355,1154.67082813382,39.3852887749672,69.2154445946217,23.1303187906742,145.110830157995,22.4753806591034,55.4600314497948,229.412390708923,507.71019756794,76.6648977398872
0,0,0,0,0,0,0,0,0,0,0,0,0,0,0,0,0,0,0,0,0,0,0,0,0,0,0,0,0,1.30037295818329,0,0,0,0,0,0,75.1716927886009,59.7635791301727,55.9709657728672,75.1463071405888,2.21970158815384,0,0,0,0,0,0,5.46254116296768,0,0,0,0,0,0,0,0,0,1.59551203250885,0,0,0,0,0,0,0,0,0,0,0,0,6.50980046391487,15.1221668422222,6.26463615894318,11.5740514099598,60.6436091661453,30.7829027175903,28.7570654451847,99.6747285723686,0,0,0,0,0,0,0,0,0,0,0,0,124.882659882307,892.485596448183,12.2574522197247,1321.87824982405,116.156799286604,437.480107575655,122.943797647953,145.548715025187,155.091279745102,230.487517505884,13.878089427948,1388.38472744823,143.764481395483,0,39.0009057819843,8016.35244235396,139.043984293938,487.113360017538,165.206548541784,34.3650622963905,266.122690558434,40.7097971737385,116.287938863039,440.741868555546,298.317579984665,155.825341284275
0,0,0.800978124141693,0,0,0,0,0,0,0,0,0,0,0,0,0,0,0,0,0,0,0,0,0,0,0,0,0,0,0,0,0,0,0,0,0,20.8924423754215,8.16096979379654,15.3543590605259,7.39036333560944,1.68026232719421,0,0,0,0,0,4.04626965522766,0,0,0,0,0,0,0,0,0,0.486239433288574,0,0,0,0,0,0,0,0,0,0,0,0,0,23.4879440367222,12.1067237854004,15.6590157151222,2.40490472316742,39.2306691110134,6.00345769524574,243.279446780682,78.0493145883083,0,0,0.5310338139534,0,0,0,0,0,0,0,0,0,834.838507115841,22.7118468880653,1115.14632955194,18.7837097048759,1856.8375377059,59.8506609797478,635.270578861237,28.1712954640388,366.920545130968,27.245581895113,779.265976339579,6.52585205435753,5707.30299919844,39.0009057819843,0,187.478546440601,762.457670539618,16.4365956187248,207.868526190519,41.0418780744076,223.600926071405,14.2811009287834,43.6309658885002,32.7708185017109,195.567548036575,248.268131017685
0,0.81182461977005,0,0,0,0,0,0,0,0,0,0,0,0,0,0,0,0,0,0,0,0,0,0,0,0,0,0,0,0,0,0,0,0,0,0,41.1811054050922,32.5944612622261,22.943284034729,24.8229261934757,0.959671765565872,1.06834316253662,0,0,0,0,0,4.8939907848835,0,0,0,0,0,0,0,0,1.27588558197021,0,0,0,0,0,0,0,0,0,0,0,0,0,15.7742756009102,44.3590226769447,17.6935929059982,10.8792637884617,55.3820835649967,41.8652418255806,157.196203917265,281.184706091881,0,0,0,1.83610951900482,0,0,0,0,0,0,0,0,94.1142879724503,1024.05952054262,27.1917213201523,1063.44861254096,206.569573462009,744.697263896465,86.7257722318172,410.042190134525,106.381303340197,296.724052131176,22.9447626769543,249.813872694969,109.729867607355,8016.35244235396,187.478546440601,0,111.577959895134,561.9092874825,424.308670789003,67.2293427884579,692.58423191309,58.9220739603043,98.1047952771187,97.1427061855793,614.730519890785,557.336504101753
2.06849181652069,0,0,0,0,0,0,0,0,0,0,0,0,0,0,0,0,0,0,0,0,0,0,0,0,0,0,0,8.45469897985458,2.44646728038788,0,0,0,0,0,0,87.4415213763714,28.4068859517574,35.6196955740452,17.4820522665977,0,0.868763029575348,0,0,0,0,0.675971388816833,0,0,0,0,0,0,0,0,0,3.21825575828552,0,0.572319149971008,0,0.759299099445343,0,0.76402336359024,0,0,0,0,0,0,0,22.6810683608055,6.67870277166367,16.8853292763233,0.929828584194183,51.5619941651821,26.3164580762386,72.0343323647976,20.6358416378498,0,0,2.31728208065033,0,0,0,1.51949226856232,0,0,0,0,0,441.057983279228,171.835690766573,333.212518334389,69.7586785256863,263.458937197924,71.8762907385826,431.418754637241,50.460961163044,179.010019034147,94.7374804019928,350.600430220366,30.867183983326,1154.67082813382,139.043984293938,762.457670539618,111.577959895134,0,36.8903855681419,35.4294816553593,6.21856954693794,50.1820047795773,3.91027021408081,12.2700319886208,5.18514156341553,7.4944252371788,67.1544067263603
0,0,0,0,0,0,0,0,0,0,0,0,0,0,0,0,0,0,0,0,0,0,0,0,0,0,0,0,0,0,0,0,0,0,0,0,22.6532580852509,22.7766569852829,10.0927786827087,14.2523996531963,0,0.592645108699799,0,0,0,0,0,0,0,0,0,0,0,0,0,0,0,0,0,0,0,0,0,0,0,0,0.751688301563263,0,0,0,6.41631174087524,2.8862692117691,3.63401758670807,0.548295199871063,22.165325820446,7.43631422519684,21.801700592041,13.4400866627693,0,0,0,1.00622344017029,0,0,0,0,0,0,0,0,58.6386587917805,583.905655950308,25.2374666333199,240.874661415815,37.1143988072872,157.982087224722,47.6181972920895,130.554496198893,45.7200111448765,309.151236414909,18.0743364989758,68.971627086401,39.3852887749672,487.113360017538,16.4365956187248,561.9092874825,36.8903855681419,0,16.6636368632317,5.9346039891243,69.008091121912,7.66393107175827,7.66442847251892,6.39604252576828,21.0568932592869,18.6998661458492
6.24300873279572,13.3565155267715,5.27970504760742,8.00618225336075,0,0,6.20616853237152,3.04161375761032,0,0,1.69761085510254,0,0,1.4187730550766,1.69681298732758,1.34441417455673,0,0,3.80581402778625,4.55794930458069,0,0,0.526918470859528,0,0,0,0,0,1.41662085056305,0,0,4.3091207742691,0,0,0,0,7.12013599276543,15.2162545621395,1.3175830245018,0,7.00009763240814,0,0,0,0,0,0,1.86295396089554,0,0,0,1.33078488707542,0,0,0,0,1.8489755988121,0.582271099090576,0,1.0251841545105,0,0,0,0,0,0,0.517531514167786,0.726466119289398,1.09124374389648,0,31.5159143209457,101.77985945344,34.0326820909977,13.232096016407,79.5023849308491,57.773565530777,502.893937319517,664.496821641922,0,0,0,0,0,0,0,0,0,0,0,0,17.4187407195568,96.8423206806183,46.1718706786633,124.031728118658,252.979293942451,134.837085098028,37.9090458154678,18.7434555888176,6.21484395861626,29.150132060051,19.2266263067722,7.94909331202507,69.2154445946217,165.206548541784,207.868526190519,424.308670789003,35.4294816553593,16.6636368632317,0,536.611931800842,407.707566410303,51.5488069057465,148.665631264448,304.193066298962,135.07489991188,361.49409532547
7.76636862754822,4.25371557474136,1.132354170084,5.43287152051926,0,0,2.69422340393066,0.702692925930023,0,0,0,1.26512837409973,1.03470802307129,0.619869291782379,0,0,0,1.37025618553162,2.6638947725296,3.58792507648468,0,0,1.11710262298584,0.601259231567383,0,0,0,0,1.52061253786087,1.28598439693451,0,0.608275294303894,0,1.58989119529724,0,1.9231441617012,16.996161699295,25.9447490572929,4.23910105228424,1.41206067800522,1.28628784418106,0,0,0,0,0,46.7678822875023,107.554520487785,0,0,0.661460220813751,0,0,0,0,0,2.47938024997711,4.84939002990723,1.52900177240372,0.494300156831741,0,1.80156618356705,0,1.6416677236557,0.857128977775574,0,0,2.76093804836273,0,4.36980670690536,19.514961540699,38.1951079368591,15.264790803194,12.8216990828514,26.305178374052,16.2357395291328,720.358961462975,1243.68794888258,0,0,1.22251069545746,1.24079811573029,0,0,0,0.525307834148407,0,0,0,0,5.47748279571533,20.0119676291943,7.6405391395092,31.9116286933422,872.611876100302,554.379136443138,263.495011150837,12.8727429509163,0.701270520687103,6.37472236156464,4.90334960818291,5.45836955308914,23.1303187906742,34.3650622963905,41.0418780744076,67.2293427884579,6.21856954693794,5.9346039891243,536.611931800842,0,337.687346369028,20.3653909564018,74.8423128724098,155.872295081615,53.9740971922874,145.473677188158
0,0,0,0,0,0,0,0,0,0,0,0,0,0,0,0,0,0,0,0,0,0,0,0,0,0,0,0,0,0,0,0,0,0,0,0,6.0235121846199,7.36210864782333,5.46765452623367,1.98363202810287,0.484821885824203,0,0,0,0,0,0,0,0,0,0,0,0,0,0,0,0,0,0,0,0,0,0,0,0,0,0,0,0,0,2.00682455301285,0.680729627609253,0,0,3.81775629520416,2.82661747932434,11.947681427002,30.8937967419624,0,0,0,0,0,0,0,0,0,0,0,0,61.1870944499969,131.63786354661,68.8731206953526,189.59763777256,351.60867702961,263.640271425247,744.361008286476,616.752511620522,50.3811090886593,269.348920613527,32.1799640059471,13.5893483757973,145.110830157995,266.122690558434,223.600926071405,692.58423191309,50.1820047795773,69.008091121912,407.707566410303,337.687346369028,0,355.770902752876,543.862782627344,848.361425429583,309.735874712467,538.671308934689
0,0,0,0,0,0,0,0,0,0,0,0,0,0,0,0,0,0,0,0,0,0,0,0,0,0,0,0,0,0,0,0,0,0,0,0,1.09064954519272,0,1.72627770900726,0,0,0,0,0,0,0,0,0,0,0,0,0,0,0,0,0,0,0,0,0,0,0,0,0,0,0,0,0,0,0,0,0,0,0,0.846171200275421,0,2.76088923215866,2.70893901586533,0,0,0,0,0,0,0,0,0,0,0,0,27.1939486861229,20.7258937060833,9.65196520090103,31.0899816453457,36.1650913953781,13.1828597784042,56.2528750300407,74.7818378806114,23.8867797851562,245.529367029667,5.42023754119873,1.47016188502312,22.4753806591034,40.7097971737385,14.2811009287834,58.9220739603043,3.91027021408081,7.66393107175827,51.5488069057465,20.3653909564018,355.770902752876,0,261.112708628178,284.995913088322,42.4942697882652,69.1834793686867
0,0,0,0,0,0,0,0,0,0,0,0,0,0,0,0,0,0,0,0,0,0,0,0,0,0,0,0,0,0,0,0,0,0,0,0,1.50845354795456,1.22552514076233,0.462892055511475,0.774559140205383,0,0,0,0,0,0,0,0,0,0,0,0,0,0,0,0,0,0,0,0,0,0,0,0,0,0,0,0,0,0,0,0,1.3921400308609,0,0,3.14701920747757,9.76477748155594,14.0387336909771,0,0,0,0,0,0,0,0,0,0,0,0,24.5866884589195,50.4064885675907,85.3848765492439,119.806033492088,92.5138221383095,34.5809864699841,122.056930780411,49.4661403894424,35.8043604493141,147.342814028263,19.6027822196484,9.86833667755127,55.4600314497948,116.287938863039,43.6309658885002,98.1047952771187,12.2700319886208,7.66442847251892,148.665631264448,74.8423128724098,543.862782627344,261.112708628178,0,394.70409321785,62.6927826404572,172.488300561905
0,0,0,0,0,0,0,0,0,0,0,0,0,0,0,0,0,0,0,0,0,0,0,0,0,0,0,0,0,0,0,0,0,0,0,0,0,0,0,0,0,0,0,0,0,0,1.10020482540131,1.30277669429779,0,0,0,0,0,0,0,0,0,0,0,0,0,0,0,0,0,0,0,0,0,0,1.17454946041107,2.22735279798508,0.531745731830597,0,1.089968085289,1.86958041787148,17.5432331562042,24.5134864449501,0,0,0,0,0,0,0,0,0,0,0,0,4.01954334974289,6.04298481345177,13.0936908125877,28.9922731518745,139.277974933386,42.9139845967293,56.0728403925896,10.0436387658119,5.47056442499161,75.4506415724754,3.79252982139587,5.02961242198944,229.412390708923,440.741868555546,32.7708185017109,97.1427061855793,5.18514156341553,6.39604252576828,304.193066298962,155.872295081615,848.361425429583,284.995913088322,394.70409321785,0,349.467879295349,475.403626441956
0,1.47389721870422,0,0,0,0,0,0,0,0,0,0,0,0,0,0,0,0,0,0,0,0,0,0,0,0,0,0,0,0,0,0,0,0,0,0,0.96130108833313,2.56090426445007,0.652623891830444,1.29039436578751,0,0,0,0,0,0,0,0,0,0,0,0,0,0,0,0,0,0,0,0,0,0,0,0,0,0,0,0,0,0,1.20648181438446,1.89621043205261,0,0,1.28121316432953,0.522113919258118,13.024215221405,34.7582070529461,0,0,0,0,0,0,0,0,0,0,0,0,8.46995413303375,79.7924312353134,15.3628484010696,141.245211303234,62.8631751537323,40.3400920033455,16.015682220459,13.7218835353851,1.42118519544601,15.2746467292309,9.06938284635544,18.9745381176472,507.71019756794,298.317579984665,195.567548036575,614.730519890785,7.4944252371788,21.0568932592869,135.07489991188,53.9740971922874,309.735874712467,42.4942697882652,62.6927826404572,349.467879295349,0,256.303929775953
0,0.90723043680191,0.765305817127228,0,0,0,0,1.06386029720306,0,0,0,0,0,0,0,0,0,0,0,0,0,0,0,0,0,0,0,0,1.67141592502594,0,0,0,0,0,0,0,6.06964695453644,6.74840393662453,5.32645261287689,0.611493110656738,0.968420028686523,0,0,0,0,0,0,2.95736789703369,0,0,0,0,0,0,0,0,0.53504353761673,0,0,0,0,0,0,0,0,0,0,0,0,0,18.2222775518894,33.1714945435524,12.8647786676884,4.18590474128723,24.0626176297665,19.2257618904114,137.026055157185,203.045104265213,0,0,0,0,0,0,0,0,0,0,0,0,24.8835057318211,124.209422290325,57.3338674604893,124.345388293266,359.947144091129,164.287901371717,47.0583449602127,39.2458750009537,5.90189251303673,21.9581777751446,19.964980751276,8.87325119972229,76.6648977398872,155.825341284275,248.268131017685,557.336504101753,67.1544067263603,18.6998661458492,361.49409532547,145.473677188158,538.671308934689,69.1834793686867,172.488300561905,475.403626441956,256.303929775953,0
