0,141.018942117691,2676.01410105824,178.4501311481,0.291090548038483,0,4854.70335447788,61.0868871212006,0.917199283838272,0,2337.23446127772,3.73852479457855,1277.88015550375,0,15.4797098040581,0,436.95075443387,0,1439.97761133313,747.628079473972,0,0,16.527429074049,1.98364442586899,0,0,0,0,671.970999062061,0,7.53680920600891,2.97165107727051,21.5972219705582,89.7949079275131,4.17558431625366,7.96650171279907,612.835828542709,1.19009506702423,72.6928572654724,0,5.21669864654541,0,0,0,2.78602254390717,0,25.4260104000568,0,10.256179690361,0,225.21707418561,0,18.4533036053181,0,4.82175135612488,0,9277.97563123703,9.17580085992813,530.563551306725,0,1751.54188457131,0,562.717831224203,0,274.346770226955,0,258.81322029233,5.84208142757416,969.664378762245,19.3778872489929,3990.01431843638,47.835226804018,2070.86832103133,6.70702403783798,696.107859641314,0,2744.0745280385,83.0841847658157,5.78557905554771,0,431.887789845467,0,34.0639115571976,0,1440.84002542496,0,0,0,726.913462817669,0,0,0,0,0,179.095492511988,0,18.7237460613251,0,0,0,0,0,0,0,9.91960045695305,3.15885007381439,4.77742207050323,0,15.0332720279694,15.7086672186852,0,0,0,0,0,6.60634380578995
141.018942117691,0,86.7356024384499,2953.53363272548,0,0,46.7858944833279,7824.97896760702,0,0.536180675029755,2.96495962142944,2551.21937701106,0,711.674198925495,0,76.5188340246677,1.01898276805878,721.616557598114,745.753163665533,1163.11376205087,0,0,0,29.0431519150734,0,0,0,0,2.0642037987709,169.550842046738,1.23963344097137,9.27203553915024,56.2794848680496,133.785539954901,1.72844219207764,1.51863288879395,4.18737202882767,339.751504778862,0,114.015468537807,0,2.68722891807556,1.67296063899994,0,0,0,0,12.0587602257729,0,38.3822526335716,0,31.3396569490433,0,1.08835327625275,0,25.3897243142128,11.5374662876129,11102.0079773366,0,328.19109800458,0,1359.46510890126,0,460.576191037893,0,637.777662664652,33.929369032383,142.353940427303,271.387570053339,582.589588582516,321.719961792231,3306.8397461772,18.6973252594471,1807.76309880614,0.957267820835114,844.638553678989,482.681406676769,4577.60246136785,0,6.25877878069878,0,31.6442156732082,0,0,0,249.638992130756,0,0,0,235.561453700066,0,0,0,0,3.29767143726349,225.072026222944,0,1.56329262256622,0,0,0,0,0,0,0,3.22725576162338,0,5.16865247488022,20.6548952460289,32.095206797123,0,0,0,0,0,4.28144043684006
2676.01410105824,86.7356024384499,0,452.252919286489,822.737870007753,31.8379156291485,9319.89006730914,403.117066830397,544.127100974321,62.2652429938316,491.355747133493,23.5891442894936,1200.32991105318,39.8366197943687,359.555130779743,28.334644317627,79.8421654701233,0,1905.03610426188,698.421161025763,2.94023102521896,0,2755.38684377074,1194.71534281969,201.592484682798,74.6939616203308,25.8104917407036,6.68534934520721,587.860812664032,2.06527501344681,108.935401558876,255.152624160051,46.8328184783459,200.072640061378,8.60509073734283,0,121.410616785288,0.913349449634552,12.2476929724216,0,2.72571682929993,0,0,0,1.84398549795151,0,45.9988112151623,0,2.81413066387177,0,21.2489287853241,0,0,0,0,0,108.607381790876,2.17104837298393,204.405512720346,0,39.4736661314964,0,5.61753928661346,0,9.89247310161591,0,344.535979598761,0.939039528369904,58.9242309033871,3.65369892120361,2260.40867036581,293.787247478962,1537.69705849886,91.2760503292084,451.973183721304,13.9098011851311,1512.78944271803,60.4973521828651,0.851946294307709,0,7.58882761001587,0,44.9863420724869,0,14.2862594127655,0,0,0,0,0,0,0,0,0,58.0898297131062,0.96270489692688,4.66262549161911,0,0,0,0,0,0,0,0,0,0,0,10.8307529687881,7.75678679347038,0,0,0,0,1.45214283466339,2.53762817382812
178.4501311481,2953.53363272548,452.252919286489,0,70.4579201042652,773.176752388477,484.901353448629,12117.7392863333,117.68435883522,617.290369331837,29.9744834899902,877.016064435244,61.0338295102119,1062.61861723661,36.7391896247864,754.959707826376,0,249.084022462368,1207.27091047168,3333.54622808099,2.79177534580231,4.06367552280426,826.481397092342,3671.2200178802,85.3851646184921,196.280720889568,25.7369484305382,23.9405267238617,30.4283210039139,238.849450528622,174.96941202879,118.208887547255,91.6524636149406,231.094610989094,0,2.91633436083794,5.03498595952988,123.74734300375,1.78003942966461,26.9231786727905,0,10.1142485737801,0,4.61279535293579,0,0.871333360671997,0,3.34651693701744,0,54.1037636399269,0,71.1139026284218,0,0,0,4.09900557994843,21.6116191446781,427.016117811203,0,318.20171263814,0,85.9766058921814,0,69.5881385505199,0,240.264585405588,7.57665228843689,376.633043259382,185.304783374071,112.406490653753,686.332687705755,2411.18181709945,117.494056671858,2217.53044274449,7.89759457111359,709.845633983612,259.573068529367,2796.72192171216,0,2.07401347160339,0,20.1122187077999,2.26169979572296,2.57007378339767,0,29.8225953578949,0,1.39735147356987,0,11.6994090676308,0,0,0,0,2.41920113563538,102.790306150913,0,0,0,0,0,0,0,0,0,2.90160894393921,1.53532099723816,0,23.9947009086609,26.9976344108582,0,0,0,0,0,2.3233927488327
0.291090548038483,0,822.737870007753,70.4579201042652,0,49.0532493591309,644.746292829514,16.04550999403,2149.19904690981,41.3284786641598,0,0,17.6543211638927,0,1870.91525042057,19.3594961762428,0,0,1.58969157934189,0,273.480388343334,67.2379831671715,156.922056734562,412.430235236883,549.432762056589,355.051117628813,1600.95140188932,130.811913311481,534.278734922409,0,97.7392726838589,86.8893254101276,20.3485243618488,1.51705634593964,1.58797925710678,0,23.9610679149628,0,0,0,35.2729569673538,1.49795439839363,1.24824011325836,0,0,0,16.6359612941742,0,0,0,5.62764400243759,0,1.6053486764431,0,4.39529234170914,0,0,0,0,0,0,0,2.16349816322327,0,1.94176506996155,0,1.22188520431519,0,0,0,906.977569535375,104.590249300003,559.845063149929,10.696645796299,18.96416208148,1.30194747447968,90.9036861360073,0,0,0,4.10305577516556,0,68.7909875512123,0,15.8324612081051,0,24.6562788784504,0,9.65152028203011,0,0,0,0,0,1.08270853757858,0,0,0,0,0,0,0,0,0,0,0,0,0,0,0,0,0,0,0,0,0
0,0,31.8379156291485,773.176752388477,49.0532493591309,0,6.91655564308167,432.167640805244,33.3400005996227,2155.39019474387,0,2.29076993465424,0,9.97035801410675,13.5987312197685,1850.65311509371,0,0,0,0.725790858268738,7.12607783079147,491.064235955477,99.517589867115,68.484375,115.481538802385,791.156341224909,61.248898178339,1633.61240896583,0.872599720954895,258.649348825216,24.8948362767696,31.7660868763924,0.924220621585846,3.65665239095688,0,0,0,73.4474350214005,0,107.889309614897,0,208.674282133579,0,1.7834837436676,0,0,0,3.6949582695961,0,0,0,0,0,0,0,15.9203629791737,0,0,0,0,0,0,0,0,0,0,0,1.61088475584984,0,0,81.4811545908451,873.004830658436,8.12192475795746,1006.22843623161,0,44.3051678240299,0,88.5669102966785,0,0,0,3.93145477771759,0,107.207554072142,0,27.5254807770252,0,20.616405159235,0,8.60655227303505,0,0,0,0,0,0.805660456418991,0,0,0,0,0,0,0,0,0,0,0,0,0.788460552692413,0,0,0,0,0,0,0
4854.70335447788,46.7858944833279,9319.89006730914,484.901353448629,644.746292829514,6.91655564308167,0,507.467647016048,1215.76725041866,13.0621767640114,1241.62928515673,53.9376067817211,5430.08163335919,48.5465712547302,560.848954439163,8.18794476985931,43.4791240990162,0,459.92811511457,830.070025473833,0,1.23851025104523,339.715881019831,905.108414292336,43.3136124312878,7.57598274946213,2.12062719464302,0,418.114062160254,1.69736337661743,30.2721166610718,151.997267633677,7.23840397596359,147.100279569626,1.43110466003418,0.87516862154007,110.786927580833,1.67892706394196,8.63497072458267,0,1.09140402078629,0,0,0,1.59229600429535,0,31.7212568223476,0,5.07551383972168,0,432.527866691351,0,8.98332434892654,0,2.03778541088104,0,491.249712526798,1.33565846085548,148.060585230589,0,663.629134267569,0,37.0117841660976,0,313.639157563448,0,99.692191183567,0,35.501532137394,1.80992412567139,4624.28348995745,318.557080626488,1040.7031943202,90.1303167939186,239.212824732065,17.9782168865204,1239.34359461069,60.5311499834061,0,0,21.0633046030998,0,24.736909866333,0,176.791861355305,0,0,0,35.3999968767166,0,0,0,0,0,30.6582304537296,0,4.96407651901245,0,0,0,0,0,0,0,0,2.09562754631042,2.60971432924271,0,5.37426048517227,7.07496464252472,0,0,0,0,0,3.27091634273529
61.0868871212006,7824.97896760702,403.117066830397,12117.7392863333,16.04550999403,432.167640805244,507.467647016048,0,51.7418761253357,990.06314483285,17.4077337682247,1921.91942182183,79.2116320133209,4914.55260407925,17.9910544157028,947.956592142582,0,139.741436213255,564.160392999649,460.692364126444,0,1.21995431184769,708.600990653038,425.222705155611,12.968291580677,47.9727246463299,0.716666996479034,3.05552911758423,15.8115033507347,115.385095626116,71.4404403567314,31.5372756719589,38.3533463478088,30.8206213414669,0,0,0,43.7691643536091,0,18.1856196522713,0,7.31505382061005,0,0,0,0,0,3.56611451506615,0,78.3834662437439,0,83.5674676299095,0,0,0,10.4584959745407,1.68254595994949,600.64636528492,0,176.58968642354,0,794.06391531229,0,277.615787804127,0,725.87762132287,0,22.8826197087765,18.5314255654812,23.9749185442924,819.765841037035,3723.24566803873,101.59917640686,1000.34923738241,20.2280007600784,284.380223751068,87.2264193892479,1596.53129008412,0,14.2760033607483,0,79.5906702280045,0,0,0,402.587937653065,0,0,0,210.058272242546,0,0,0,0,0,50.8129498660564,1.64466941356659,0,0,0,0,0,0,0,0,0,0,0,7.25082665681839,3.54916593432426,0,0,0,0,0,3.08047479391098
0.917199283838272,0,544.127100974321,117.68435883522,2149.19904690981,33.3400005996227,1215.76725041866,51.7418761253357,0,33.0699763894081,3.10028973221779,0,177.262473315001,0,2985.95899412036,23.1008987426758,0,0,4.38586342334747,0,109.655769973993,11.8501336574554,75.8293623626232,346.11546587944,87.2206724286079,120.985972881317,359.528156459332,38.8527380228043,343.481880158186,0,26.0123921334743,55.9751707911491,3.76574945449829,9.21088260412216,0,0,20.2750450372696,0,0,0,18.0627844929695,0,0,0,0,0,10.4618829488754,0,0,0,0,0,0,0,0,0,0,0,0,0,0,0,0,0,0,0,1.06241858005524,0,0,0,1196.73678869009,95.7659078240395,908.173491150141,22.8901142477989,51.7602728158236,0,213.382426530123,0,0,0,3.27860915660858,0,25.8220580518246,0,4.99087423086166,0,5.25579872727394,0,2.96244966983795,0,0,0,0,0,3.70674139261246,0,0.377266854047775,0,0,0,0,0,0,0,0,0,0,0,2.38947716355324,0,0,0,0,0,0,0
0,0.536180675029755,62.2652429938316,617.290369331837,41.3284786641598,2155.39019474387,13.0621767640114,990.06314483285,33.0699763894081,0,0,8.49378341436386,0,43.4263441562653,8.10858219861984,2747.25961270928,0,0.615765750408173,0,1.79623329639435,0.668593049049377,65.6061384081841,83.7320048213005,86.3397240638733,68.6976662874222,245.130497187376,11.8032186031342,318.652349740267,0.55957692861557,72.2292554080486,18.0190759301186,17.9717520475388,0,0.601548612117767,0,0.369933813810349,0,30.068124294281,0,15.3037343323231,0,73.2827854454517,0,0,0,0,0,0,0,0,0,0,0,0,0,6.15583202242851,0,0,0,0,0,0,0,0,0,0,0,1.32443368434906,0,0,74.3201580345631,787.813084900379,9.53709906339645,957.588354438543,0,77.6262116134167,1.78523236513138,198.972322314978,0,0,0,0,0,10.6692627966404,0,5.75572302937508,0,5.66164398193359,0,2.40446481108665,0,0,0,0,0,2.64092314243317,0,0,0,0,0,0,0,0,0,0,0,0,0,0,0,0,0,0,0,0
2337.23446127772,2.96495962142944,491.355747133493,29.9744834899902,0,0,1241.62928515673,17.4077337682247,3.10028973221779,0,0,1.61866614222527,2176.68952962756,3.13521152734756,36.3671898841858,0,597.466212928295,0,522.37126749754,93.7381562590599,0,0,25.4206680655479,12.3127942085266,0,0,0,0,874.926589101553,0,6.01422166824341,7.01901352405548,9.15562361478806,15.1481602787971,3.61236727237701,2.33164989948273,56.9558484554291,0,3.21973061561584,0,0,0,0,0,0,0,2.33167260885239,0,0,0,10.1711093187332,0,1.00411379337311,0,0,0,352.274678379297,0,53.6065013408661,0,523.279274046421,0,505.505426108837,0,41.2279132008553,0,45.0066281557083,0,101.116442739964,0,561.966592073441,9.65284031629562,371.144459038973,2.29417723417282,75.1794456243515,0,354.926412522793,3.37908524274826,8.50440287590027,0,433.069305241108,0,58.167720079422,0,381.111218571663,0,0,0,137.42516887188,0,0,0,0,0,18.360559463501,1.78392314910889,0.733625590801239,0,0,0,0,0,0,0,1.51795160770416,1.20404720306396,0,2.07733654975891,1.46610629558563,2.40485215187073,0,0,0,0,0,2.94763243198395
3.73852479457855,2551.21937701106,23.5891442894936,877.016064435244,0,2.29076993465424,53.9376067817211,1921.91942182183,0,8.49378341436386,1.61866614222527,0,5.61872619390488,2980.77774608135,0,121.761800229549,0,830.811783462763,121.529502630234,809.018595129251,0,0,13.6861768364906,274.778230547905,0,0.521511256694794,0,0,1.8483567237854,861.268299490213,5.62989324331284,14.229084610939,3.37237060070038,27.2744240164757,0,0,0,5.17183172702789,0,0,0,0,0,0,0,0,0,0,0,0.631885826587677,0,2.04844790697098,0,0,0,0,0.596264362335205,305.964390128851,0,15.1547811627388,0,534.989259928465,0,822.496560513973,0,153.265873998404,0,15.2086657583714,0,25.4986476302147,104.881818056107,670.283237963915,10.541685461998,530.428101062775,0,79.8703925609589,7.06787738204002,265.766346633434,0,2.32812917232513,0,130.3467451334,0,0,0,335.281404942274,0,0,0,29.8261896967888,0,0,0,0,1.59670734405518,6.51348903775215,0,0,0,0,0,0,0,0,1.82615351676941,0,0,0,0,0.490284413099289,0,0,0,0,0,0.66937643289566
1277.88015550375,0,1200.32991105318,61.0338295102119,17.6543211638927,0,5430.08163335919,79.2116320133209,177.262473315001,0,2176.68952962756,5.61872619390488,0,10.0421201586723,2510.65591621399,0,104.388264358044,0,834.487324029207,113.201362907887,0.635696411132812,0,277.363393425941,182.598044604063,1.87227541208267,0,0,0,1985.75806054473,1.69377076625824,24.5419111847878,45.4846379160881,24.2072612643242,61.3776634931564,0,0,56.1179445981979,0,0,0,1.0272501707077,0,0,0,0,0,16.6847953796387,0,0,0,6.4871072769165,0,0,0,0,0,189.244975507259,0,34.7574463784695,0,140.231375336647,0,159.775958478451,0,14.1376893520355,0,15.5084617137909,0,102.872271090746,0,2583.32252055407,60.3971401154995,1031.42378693819,12.9968552589417,142.442530244589,1.81607925891876,922.185018569231,8.00889480113983,8.6161857843399,0,171.2434476614,0,32.4572363495827,0,131.160557627678,0,0,0,23.5434910655022,0,0,0,0,0,18.3535742461681,0.667316794395447,4.15426301956177,0,0,0,0,0,0,0,0.885501980781555,0,0,0,5.58893746137619,7.47393751144409,0,0,0,0,0,0.604903638362885
0,711.674198925495,39.8366197943687,1062.61861723661,0,9.97035801410675,48.5465712547302,4914.55260407925,0,43.4263441562653,3.13521152734756,2980.77774608135,10.0421201586723,0,1.83247780799866,1604.69589361548,0,241.767827272415,62.1931377053261,398.430633604527,0,0,84.363291144371,441.692473381758,1.53009486198425,1.06133097410202,0,0.53983074426651,0.915969491004944,923.736593067646,8.44411504268646,9.39262014627457,14.2144410014153,15.7272408604622,0,0,0,9.49190947413445,0,0.747928202152252,0,0,0,0,0,0,0,2.00242257118225,0,0,0,0,0,0,0,0,0,107.333102583885,0,3.55951905250549,0,298.839747816324,0,724.271796256304,0,113.847470641136,0,5.74293994903564,0,16.8831502199173,118.400570452213,1571.19172656536,6.72453594207764,763.371043324471,3.52532982826233,84.0536766350269,0.519150495529175,340.42017686367,0,12.818261384964,0,147.775767982006,0,1.05327141284943,0,304.203964591026,0,0,0,15.6162430644035,0,0,0,0,0,7.05767229199409,0,0,0,0,0,0,0,0,0,0,0,0,1.04124784469604,0,0,0,0,0,0,0
15.4797098040581,0,359.555130779743,36.7391896247864,1870.91525042057,13.5987312197685,560.848954439163,17.9910544157028,2985.95899412036,8.10858219861984,36.3671898841858,0,2510.65591621399,1.83247780799866,0,2.44025695323944,14.3327630460262,0,42.6886242330074,0,202.83132225275,36.2042158544064,221.678319841623,120.111213803291,140.30317953229,38.1580553650856,560.817194312811,31.2513472437859,3785.48986461759,0,83.2001586854458,35.7199808955193,20.1450373530388,0,1.60279029607773,0,54.4801616072655,0,1.41941851377487,0,54.1221752762794,1.34680384397507,0.706665694713593,0,0,0,39.1234402954578,0,0,0,2.64313578605652,0,0.590473055839539,0,1.78642728924751,0,2.12675058841705,0,0,0,0.82812237739563,0,1.2207624912262,0,0,0,5.0642768740654,0,1.56017079949379,0,1920.4800683111,51.8876771628857,2135.02329298854,2.40189152956009,162.712662279606,0,662.46375232935,0,0,0,13.7182967662811,0,130.114579081535,0,25.270162820816,0,38.0045121312141,0,31.2649998962879,0,0,0,0,0,9.33446145057678,1.01527857780457,2.73388448357582,0,0,0,0,0,0,0,0,0,0,0,2.23409378528595,1.6688320338726,0,0,0,0,0,0
0,76.5188340246677,28.334644317627,754.959707826376,19.3594961762428,1850.65311509371,8.18794476985931,947.956592142582,23.1008987426758,2747.25961270928,0,121.761800229549,0,1604.69589361548,2.44025695323944,0,0,52.5274112224579,0,24.9137434959412,1.2571713924408,325.706197559834,61.3634484112263,336.096133261919,61.9096465110779,454.849613547325,23.6764039993286,424.502327203751,1.48986506462097,2792.88965469599,19.3003324866295,42.6665669679642,0,4.20058178901672,0,0,0,115.960224509239,0,131.969109773636,0,253.273969739676,0,9.74138528108597,0,0,0,20.5710254311562,0,0,0,0,0,0,0,44.458586037159,0,13.1664885282516,0,0,0,1.79565572738647,0,42.709919154644,0,0,0,2.66979479789734,0,0,72.3832466900349,1543.17835208774,2.09940958023071,2569.92056405544,0,130.982097625732,0,422.796285003424,0,0,0,35.3782325685024,0,159.025891155005,0,62.2770580947399,0,47.3348874151707,0,14.3448897004128,0,0,0,0,0,6.64308455586433,0,0.640664279460907,0,0,0,0,0,0,0,0,0,0,0,1.94126957654953,0,0,0,0,0,0
436.95075443387,1.01898276805878,79.8421654701233,0,0,0,43.4791240990162,0,0,0,597.466212928295,0,104.388264358044,0,14.3327630460262,0,0,0,114.699922084808,6.59737706184387,0,0,7.68318885564804,0,0,0,0,0,3117.04479286075,0,0,0,1.05556070804596,4.14296364784241,0.785344421863556,1.63298642635345,29.7813271284103,0,6.52255111932755,0,1.34982442855835,0,1.17331099510193,0,1.04629144072533,0,3.32549169659615,0,4.11516785621643,0,21.0582740604877,0,0,0,1.67863094806671,0,1765.50332468748,0,64.715610563755,0,413.713703870773,0,2236.88306340575,0,13.6444683372974,0,20.2448515892029,2.87783098220825,55.8468592762947,0,124.453321099281,1.34804999828339,312.736172705889,0,35.7646510601044,0,149.473272353411,3.41125023365021,429.782103955746,0,1740.03321027756,0,99.8524281978607,0,157.59167021513,0,1.43102210760117,0,39.5578263998032,0,0,0,0,0,3.49263924360275,0,0.912669777870178,0,0,0,0,0,0,0,0,0,0,0,0.877527415752411,0,0,0,0,0,0,1.56161439418793
0,721.616557598114,0,249.084022462368,0,0,0,139.741436213255,0,0.615765750408173,0,830.811783462763,0,241.767827272415,0,52.5274112224579,0,0,10.2027828395367,225.671062409878,0,0,0,22.4208267331123,0,0.617541372776031,0,0,0,2385.26341551542,0,1.7781548500061,0,7.58986335992813,0,0,0.57522839307785,20.3642385601997,1.68641722202301,7.9431853890419,0,0.844954133033752,0,0,0,0,0,0,0,2.68617790937424,0,1.83805948495865,0,0,0,0,0,2238.77721947432,0,31.0127043128014,0,334.105911612511,0,2206.94662442803,0,29.9744299352169,0,12.7712215781212,1.65738964080811,11.1332523524761,10.4096030294895,195.838484227657,0,1008.88916146755,0,130.007413864136,17.4579977989197,239.539006203413,0,150.309826612473,0,725.666976720095,0,2.86506164073944,0,112.58470711112,0,0,0,26.7400200366974,0,0,0,0,0,6.69191211462021,0,0,0,0,0,0,0,0,0,0,0,0,6.36486893892288,1.55686849355698,0,0,0,0,0,1.12494552135468
1439.97761133313,745.753163665533,1905.03610426188,1207.27091047168,1.58969157934189,0,459.92811511457,564.160392999649,4.38586342334747,0,522.37126749754,121.529502630234,834.487324029207,62.1931377053261,42.6886242330074,0,114.699922084808,10.2027828395367,0,6501.82708999515,0,0,2422.71673950553,832.259475588799,11.5428317189217,0.948365807533264,0,0,322.649618566036,5.43659234046936,583.931461006403,502.092615276575,2385.66731101274,1927.56800243258,30.9624570310116,0,157.495943903923,0.853508293628693,7.85109767317772,0,5.79318434000015,0,30.0939010381699,0,15.4196150004864,0,48.2506360411644,0,13.7994719147682,0,10.1032211780548,0,0,0,0,0,213.889669597149,32.003676533699,282.857225835323,3.12880647182465,24.5698545575142,0,8.96804243326187,0,2.54971134662628,0,2541.99360728264,22.7415297031403,2641.06093364954,75.5266682505608,1902.97500094771,316.007782161236,1022.47383648157,94.0225584208965,376.974085539579,26.4974707961082,1957.41244593263,307.798535197973,0,0,2.4986857175827,0,47.1710953116417,0,5.58153766393661,0,0,0,0,0,0,0,0,0,110.46273240447,2.18621879816055,5.83558011054993,0,0,0,0,0,0,0,1.31126952171326,0,0,0,7.05352503061295,9.23348322510719,0,0,0,0,0,1.48232018947601
747.628079473972,1163.11376205087,698.421161025763,3333.54622808099,0,0.725790858268738,830.070025473833,460.692364126444,0,1.79623329639435,93.7381562590599,809.018595129251,113.201362907887,398.430633604527,0,24.9137434959412,6.59737706184387,225.671062409878,6501.82708999515,0,0,0.612268388271332,264.281223118305,3224.5098579824,0,7.09782582521439,0,3.00221747159958,44.2348608970642,66.0580722093582,179.344681084156,465.232660770416,446.156413942575,4952.48787280917,1.77972149848938,0.541328966617584,13.6972450017929,90.2763458788395,0,33.3304715156555,0,2.47141170501709,0,1.57595729827881,0,1.60189735889435,1.76844203472137,4.46734642982483,0,5.5221451818943,0,6.73256921768188,0,0,0,0,32.2345088124275,591.561437726021,2.03145027160645,392.460345923901,0.950771868228912,58.0846862196922,0,80.202833533287,0,33.641534358263,109.322917073965,1583.50980684161,1137.39789545536,3341.8980383575,1086.46336746216,1576.2269564271,203.659715890884,763.099730938673,26.9900085330009,410.441289186478,756.819807231426,2687.42330116034,0,1.28578734397888,0,17.8939873278141,4.11099416017532,0,0,10.2393357753754,0,0,0,0.418866842985153,0,0,0,0,0.600771486759186,86.1287212073803,0.715608894824982,0.790999829769135,0,0,0,0,0,0,0.918895423412323,0,0,0,14.1491886675358,9.93356478214264,0,0,0,0,0,1.18887919187546
0,0,2.94023102521896,2.79177534580231,273.480388343334,7.12607783079147,0,0,109.655769973993,0.668593049049377,0,0,0.635696411132812,0,202.83132225275,1.2571713924408,0,0,0,0,0,48.7820734977722,60.891470760107,19.3987680077553,350.555194050074,51.5623866915703,896.3675545156,31.0201645195484,328.78819963336,0,894.915992617607,17.3181221187115,90.8735152184963,0,18.8357200622559,0,17.2562718391418,13.784744143486,0.885073065757751,0.789227545261383,98.3559331297874,18.5704303979874,2.478968501091,0,0,0,4.62343460321426,0,0,0,2.93208742141724,0,0,0,1.97128757834435,2.23324316740036,0,0,0,0,0,0,0,0,0,0,6.02251988649368,0,1.20697975158691,0,696.087301209569,44.4201343357563,236.114874571562,8.11056232452393,20.9927518367767,9.4431459903717,14.5044826865196,3.37293767929077,0,0,0.921049118041992,0,28.3874047398567,2.70179581642151,5.16735064983368,1.23509967327118,9.09382158517838,3.2052087187767,8.33816587924957,2.79548537731171,0,0,0,0,0,0,0,0,0,0,0,0,0,0,0.430055886507034,0,0,0,0,0,0,0,0,0,0,0
0,0,0,4.06367552280426,67.2379831671715,491.064235955477,1.23851025104523,1.21995431184769,11.8501336574554,65.6061384081841,0,0,0,0,36.2042158544064,325.706197559834,0,0,0,0.612268388271332,48.7820734977722,0,20.326159119606,43.7478331625462,87.0925253033638,762.76804164052,265.997443884611,1519.6494063735,5.60750669240952,199.97425660491,75.4971963763237,536.465792238712,6.948561668396,16.8610799908638,0.833339214324951,0.987022578716278,0,45.333213865757,0,69.5041822195053,0,512.353306889534,0,1.58046889305115,0,0,0,3.96546137332916,0,1.7071590423584,0,0,0,0,0,4.9224545955658,0,0,0,0,0,0,0,0,0,0,0,0.782058119773865,0,0,176.852641522884,411.828744769096,5.748998939991,227.753442108631,0,3.19226139783859,0,5.16260194778442,0,0,0,1.63004368543625,1.99160677194595,137.254088282585,0,12.6783723831177,0,28.2528100609779,0,3.70278453826904,0,0,0,0,0,0,0,0,0,0,0,0,0,0,0,0,0,0,0,0,0,0,0,0,0,0
16.527429074049,0,2755.38684377074,826.481397092342,156.922056734562,99.517589867115,339.715881019831,708.600990653038,75.8293623626232,83.7320048213005,25.4206680655479,13.6861768364906,277.363393425941,84.363291144371,221.678319841623,61.3634484112263,7.68318885564804,0,2422.71673950553,264.281223118305,60.891470760107,20.326159119606,0,3291.97271811962,1493.59466698766,505.770460546017,201.079972118139,69.9748940169811,257.803945153952,3.72344344854355,3026.02844029665,1029.63748756051,819.349392712116,377.978750228882,121.900186181068,0,28.4624712467194,0,2.01625961065292,0,6.61516016721725,0,41.7089152336121,0,3.28173500299454,0,42.0251170992851,0,0,0,0,0,0,0,0,0,3.25337153673172,0,1.94081354141235,0,0,0,0,0,0,0,300.829513162374,0.659911692142487,33.241338133812,0,1786.92560130358,547.266149103642,810.089669078588,214.149363428354,186.303058296442,43.5838612914085,692.352459698915,23.4192123413086,0,0,0.693835496902466,0,5.59671002626419,0,0,0,0,0,0.588512778282166,0,0,0,0,0,10.9844655096531,0,1.78828096389771,0,0,0,0,0,0,0,0,0,0,0,1.45538556575775,0,0,0,0,0,0,0
1.98364442586899,29.0431519150734,1194.71534281969,3671.2200178802,412.430235236883,68.484375,905.108414292336,425.222705155611,346.11546587944,86.3397240638733,12.3127942085266,274.778230547905,182.598044604063,441.692473381758,120.111213803291,336.096133261919,0,22.4208267331123,832.259475588799,3224.5098579824,19.3987680077553,43.7478331625462,3291.97271811962,0,725.794626951218,1375.62576383352,175.59645485878,119.824939370155,82.1071909070015,83.9117378890514,603.627749085426,2387.98447796702,140.270533800125,1241.20838573575,0,11.8342834413052,0,24.8125165104866,1.99993407726288,4.17013782262802,0,15.0102027058601,0,4.17470347881317,0,0,0.923990070819855,6.59968242049217,0,0,0,0,0,0,0,0,0,10.1310822665691,0,10.8592373132706,0,0,0,4.21335446834564,0,0,0.625669419765472,170.610581308603,1.97940254211426,116.088016718626,1336.5215395391,1632.49434649944,368.323294788599,1327.47039988637,30.5458655357361,474.569185376167,32.439660847187,1165.75865352154,0,0,0,2.52822017669678,1.42453134059906,2.16367661952972,0,0,0,0.536433696746826,0,0,0,0,0,0,0,30.1646171212196,0,0,0,0,0,0,0,0,0,0,0,0,4.66645097732544,4.02610927820206,0,0,0,0,0,0
0,0,201.592484682798,85.3851646184921,549.432762056589,115.481538802385,43.3136124312878,12.968291580677,87.2206724286079,68.6976662874222,0,0,1.87227541208267,1.53009486198425,140.30317953229,61.9096465110779,0,0,11.5428317189217,0,350.555194050074,87.0925253033638,1493.59466698766,725.794626951218,0,1248.98720416427,1636.0309907496,262.937831014395,41.5479009747505,0,1014.31773030758,218.562040269375,140.387921899557,3.71938621997833,13.2233758568764,0,0.671442031860352,0,0,1.18327835202217,0.704898357391357,0,0,0,0,0,0.63931792974472,0,0,0,0,0,0,0,0,0,0,0,0,0,0,0,0,0,0,0,5.56207984685898,0,1.32609820365906,0,617.401921838522,202.256512612104,121.809110194445,23.1991452276707,3.98687517642975,0,26.2858683764935,0.984293282032013,0,0,0.980300515890121,0,1.32497972249985,0,0,0,0,0,0,0,0,0,0,0,0,0,0,0,0,0,0,0,0,0,0,0,0,0,0,0,0,0,0,0,0,0
0,0,74.6939616203308,196.280720889568,355.051117628813,791.156341224909,7.57598274946213,47.9727246463299,120.985972881317,245.130497187376,0,0.521511256694794,0,1.06133097410202,38.1580553650856,454.849613547325,0,0.617541372776031,0.948365807533264,7.09782582521439,51.5623866915703,762.76804164052,505.770460546017,1375.62576383352,1248.98720416427,0,713.933243006468,1681.73998105526,10.2110204100609,19.599075615406,311.170855283737,1251.41912469268,12.6891841888428,60.9897147119045,0,6.66880142688751,0,5.75783640146255,0,4.32991081476212,0,22.5906980931759,0,0,0,0,0,0.929997801780701,0,0,0,0,0,0,0,1.00442314147949,0,0,0,0,0,0,0,0,0,0,0,4.58987432718277,0,3.31763505935669,475.460545569658,1008.27183187008,28.5945794582367,282.856573849916,1.1099648475647,26.3299004435539,0,51.3690502643585,0,0,0,0,0,2.85616657137871,0,3.04180854558945,0,1.53132140636444,0,1.98932045698166,0,0,0,0,0,0.507223129272461,0,0,0,0,0,0,0,0,0,0,0,0,0,0,0,0,0,0,0,0
0,0,25.8104917407036,25.7369484305382,1600.95140188932,61.248898178339,2.12062719464302,0.716666996479034,359.528156459332,11.8032186031342,0,0,0,0,560.817194312811,23.6764039993286,0,0,0,0,896.3675545156,265.997443884611,201.079972118139,175.59645485878,1636.0309907496,713.933243006468,0,393.965876430273,115.763652652502,1.68163377046585,462.309353411198,144.241690993309,67.3870960772038,5.46039605140686,4.7787379026413,0,10.5567749142647,0,6.32420444488525,0,8.98100543022156,2.84791398048401,0,0,0,0,0,0,0,0,0,0,0,0,0,0,0,0,0,0,0,0,0,0,0,0,1.81456577777863,0,0,0,922.353384628892,156.734576612711,214.132627487183,21.0198695957661,2.54669663310051,0.518315970897675,12.6246791183949,0,0,0,0.551506817340851,0,8.6103104352951,0,0.50594699382782,0,2.31433796882629,0,1.75404393672943,0,0,0,0,0,0,0,0,0,0,0,0,0,0,0,0,0,0,0,0,0,0,0,0,0,0,0
0,0,6.68534934520721,23.9405267238617,130.811913311481,1633.61240896583,0,3.05552911758423,38.8527380228043,318.652349740267,0,0,0,0.53983074426651,31.2513472437859,424.502327203751,0,0,0,3.00221747159958,31.0201645195484,1519.6494063735,69.9748940169811,119.824939370155,262.937831014395,1681.73998105526,393.965876430273,0,6.57528036832809,53.9582054018974,72.9019396007061,440.041450411081,6.458631336689,37.0787771046162,0,4.64816099405289,0,20.4362775087357,0,52.9636695384979,0,92.183459341526,0,0.666622936725616,0,0,0,1.29082643985748,0,0,0,0,0,0,0,3.51942506432533,0,0,0,0,0,0,0,0,0,0,0,3.02315735816956,0,0.79274970293045,335.7976526618,880.246757566929,7.91855958104134,420.530202895403,0,13.6153001487255,0,21.7721067368984,0,0,0,0,0,31.3222726583481,0,6.19555735588074,0,6.85798296332359,0,1.60626152157784,0,0,0,0,0,0.47772553563118,0,0,0,0,0,0,0,0,0,0,0,0,0.739667117595673,0,0,0,0,0,0,0
671.970999062061,2.0642037987709,587.860812664032,30.4283210039139,534.278734922409,0.872599720954895,418.114062160254,15.8115033507347,343.481880158186,0.55957692861557,874.926589101553,1.8483567237854,1985.75806054473,0.915969491004944,3785.48986461759,1.48986506462097,3117.04479286075,0,322.649618566036,44.2348608970642,328.78819963336,5.60750669240952,257.803945153952,82.1071909070015,41.5479009747505,10.2110204100609,115.763652652502,6.57528036832809,0,0,44.0041124522686,32.7018368840218,17.8064836859703,17.0673411488533,20.1490190327168,18.5393861532211,178.067337036133,3.17392420768738,33.4197650253773,0,207.99617600441,0,99.2472901642323,0,69.1476837694645,0,276.499789357185,0,120.95048853755,0,412.716084480286,0,46.6050089895725,0,78.9297781288624,0,963.510526269674,0,281.014623880386,1.79866534471512,362.52579498291,0,702.289483159781,0,69.1270902454853,0,135.659671992064,8.6610386967659,159.236869931221,5.19450044631958,622.104525536299,30.4277748465538,1820.55800393224,7.5290561914444,67.034138828516,0,462.211948394775,15.5211080312729,452.574981272221,0,1249.70182913542,0,1478.67862316966,0,321.702663302422,0,142.369656145573,0,136.973191946745,0,4.22619593143463,0,1.70168793201447,0,26.2945935428143,0,9.40151691436768,0,9.21213716268539,0,0.599076271057129,0,0,0.622860312461853,3.85560810565948,0,2.03181934356689,0,1.76289010047913,3.35261338949203,0,0,0,0,0,1.63335812091827
0,169.550842046738,2.06527501344681,238.849450528622,0,258.649348825216,1.69736337661743,115.385095626116,0,72.2292554080486,0,861.268299490213,1.69377076625824,923.736593067646,0,2792.88965469599,0,2385.26341551542,5.43659234046936,66.0580722093582,0,199.97425660491,3.72344344854355,83.9117378890514,0,19.599075615406,1.68163377046585,53.9582054018974,0,0,2.98426026105881,9.86625373363495,1.40620040893555,1.95815676450729,1.84388566017151,0,0,86.8445964753628,0,57.7831459343433,0,304.921657323837,7.43424320220947,54.8782693445683,6.20561391115189,43.0888725221157,2.70105558633804,142.536734372377,0,76.7759782671928,0,83.6751207411289,0,41.0606360733509,0,59.3158683180809,0,695.260679543018,0,95.6404767930508,0,96.3194354772568,0,494.636497825384,0,63.1946473121643,2.02366209030151,35.4063909649849,0,13.7359594106674,20.4328764975071,160.156783282757,1.61910653114319,3682.77019044757,0,58.532360970974,0.412606924772263,105.579890102148,0,389.815178394318,0,682.193112313747,0,466.114335507154,0,191.267581880093,0,31.7862414419651,0,45.6193519532681,0,0,0,3.22276759147644,0,3.41573533415794,0,0,0,13.6827898025513,0,1.57014429569244,0,2.91313660144806,1.88088631629944,2.06101202964783,0,1.59951031208038,0,2.32678544521332,0,0,0,0,0,0
7.53680920600891,1.23963344097137,108.935401558876,174.96941202879,97.7392726838589,24.8948362767696,30.2721166610718,71.4404403567314,26.0123921334743,18.0190759301186,6.01422166824341,5.62989324331284,24.5419111847878,8.44411504268646,83.2001586854458,19.3003324866295,0,0,583.931461006403,179.344681084156,894.915992617607,75.4971963763237,3026.02844029665,603.627749085426,1014.31773030758,311.170855283737,462.309353411198,72.9019396007061,44.0041124522686,2.98426026105881,0,430.600058972836,1289.65724426508,173.349425196648,203.589935362339,0,3.53553485870361,0,2.64571613073349,0.827750504016876,1.31024849414825,0,84.8435306847095,0,3.55994790792465,0,20.263799071312,0,0,0,1.23808634281158,0,0,0,1.65153801441193,0,0.821767926216125,1.13071489334106,0,0,0.85542094707489,0,0,0,0,0,496.136813849211,11.3661453127861,37.7634012699127,0.696940243244171,715.351381152868,127.610362768173,125.336256146431,54.8174878358841,27.2431126832962,4.77055341005325,78.731875538826,21.0194344520569,0,0,0,0,0,0,0,0,1.0725017786026,0,0.577114284038544,0,0,0,0,0,2.43016481399536,0,0,0,0,0,0,0,0,0,0,0,0,0,0.574013233184814,0,0,0,0,0,0,0
2.97165107727051,9.27203553915024,255.152624160051,118.208887547255,86.8893254101276,31.7660868763924,151.997267633677,31.5372756719589,55.9751707911491,17.9717520475388,7.01901352405548,14.229084610939,45.4846379160881,9.39262014627457,35.7199808955193,42.6665669679642,0,1.7781548500061,502.092615276575,465.232660770416,17.3181221187115,536.465792238712,1029.63748756051,2387.98447796702,218.562040269375,1251.41912469268,144.241690993309,440.041450411081,32.7018368840218,9.86625373363495,430.600058972836,0,182.400374114513,2334.93485510349,7.42375117540359,87.2403362393379,1.42167413234711,3.05452331900597,0,5.63723069429398,0,3.96078580617905,1.80097484588623,11.529685229063,0,3.33767253160477,2.16552993655205,71.9900790452957,0,0,0,0,0,0,0,0.53155916929245,0,2.26304596662521,0,3.35900986194611,0,0,0,0.899829804897308,0,0,43.8296883702278,309.381784766912,13.1511513590813,53.3685138523579,344.145945161581,308.071358770132,163.069320887327,106.096424669027,29.1391066908836,18.7143631577492,85.6140461564064,67.8936574161053,0,0,0,0,1.18498289585114,0,0,0,0,0,0,0,0,0,0,0,1.10914123058319,3.83941519260406,0,0,0,0,0,0,0,0,0,0,0,0,0,0,0,0,0,0,0,1.57406616210938
21.5972219705582,56.2794848680496,46.8328184783459,91.6524636149406,20.3485243618488,0.924220621585846,7.23840397596359,38.3533463478088,3.76574945449829,0,9.15562361478806,3.37237060070038,24.2072612643242,14.2144410014153,20.1450373530388,0,1.05556070804596,0,2385.66731101274,446.156413942575,90.8735152184963,6.948561668396,819.349392712116,140.270533800125,140.387921899557,12.6891841888428,67.3870960772038,6.458631336689,17.8064836859703,1.40620040893555,1289.65724426508,182.400374114513,0,552.213631302118,778.912139475346,7.2646267414093,10.1112757921219,0,25.3021940588951,1.1724089384079,0,0,135.549045592546,0.883083283901215,57.9999602437019,0,35.8554582893848,5.36884623765945,3.7754755616188,0,2.57820689678192,0,0,0,2.25482684373856,0,125.477412939072,48.5599769353867,58.1169152855873,20.7051960229874,1.96192234754562,0.671738564968109,1.59570533037186,2.34083586931229,0.547580718994141,0,3916.45529657602,127.837215900421,935.149097293615,172.76277038455,221.64830622077,32.7576305270195,77.8195387721062,6.94159162044525,17.5499406456947,5.89933031797409,88.7363066077232,35.1961863338947,0,0,0,0,1.28409647941589,0,0.965089857578278,0,0,0,0,0,0,0,0,0,2.55868738889694,0.558512687683105,0,0,0,0,0,0,0,0,0.552169144153595,0,0,0,0,0,0,0,0,0,0,0
89.7949079275131,133.785539954901,200.072640061378,231.094610989094,1.51705634593964,3.65665239095688,147.100279569626,30.8206213414669,9.21088260412216,0.601548612117767,15.1481602787971,27.2744240164757,61.3776634931564,15.7272408604622,0,4.20058178901672,4.14296364784241,7.58986335992813,1927.56800243258,4952.48787280917,0,16.8610799908638,377.978750228882,1241.20838573575,3.71938621997833,60.9897147119045,5.46039605140686,37.0787771046162,17.0673411488533,1.95815676450729,173.349425196648,2334.93485510349,552.213631302118,0,106.529762297869,956.325080692768,20.8336109519005,12.8893351554871,10.3227543234825,80.1484345495701,0,0.484623074531555,38.2208883464336,68.8227540552616,19.3726919591427,53.7900785803795,11.866247177124,371.032673686743,6.17245990037918,1.42824995517731,12.8368406891823,13.6993067264557,0,0,1.81767928600311,10.6831107139587,74.4082034230232,106.362237155437,67.0392854809761,150.315323889256,21.0348370075226,4.46586483716965,8.82422512769699,13.6236056685448,3.98471599817276,5.04475808143616,945.40521723032,5364.9117167592,564.053294658661,918.244229048491,239.53206628561,105.277585059404,75.4099992513657,50.7572013437748,19.276519536972,14.9586307406425,194.150302499533,148.628873944283,0.523697078227997,0,14.1827322244644,4.54146736860275,1.98003613948822,0,1.21538865566254,4.1061127781868,0,0,3.21544325351715,7.9290360212326,0,0,0,0,2.17309445142746,2.75630623102188,1.16631269454956,1.25260642170906,0,1.09350848197937,0,0,0,0,0,0,0,0,0,0,0,0,0,0,0,1.71052551269531
4.17558431625366,1.72844219207764,8.60509073734283,0,1.58797925710678,0,1.43110466003418,0,0,0,3.61236727237701,0,0,0,1.60279029607773,0,0.785344421863556,0,30.9624570310116,1.77972149848938,18.8357200622559,0.833339214324951,121.900186181068,0,13.2233758568764,0,4.7787379026413,0,20.1490190327168,1.84388566017151,203.589935362339,7.42375117540359,778.912139475346,106.529762297869,0,298.428638160229,225.072968006134,57.9527134895325,80.8465203046799,20.7745004296303,17.6725821793079,3.72555601596832,532.32680156827,139.986898511648,514.591305553913,149.475416660309,134.731170713902,51.2222251296043,162.495776176453,63.1689504981041,120.653370738029,19.184753715992,4.5396831035614,1.34661293029785,27.2224854230881,8.44202470779419,1.00538468360901,9.70638686418533,67.4031644463539,89.6784774363041,20.0314139723778,4.8783597946167,9.92670524120331,4.21916890144348,4.92133218050003,3.40385675430298,3035.23415797949,709.828119397163,3.51451277732849,3.02911496162415,35.5070942938328,1.87182259559631,38.6438052356243,10.2114287316799,8.34744346141815,6.60159957408905,130.789197742939,30.7970077395439,0,2.02428388595581,15.0039312541485,6.56142723560333,4.42252719402313,0,8.28382962942123,11.1446242034435,2.50318276882172,0,54.1151660978794,12.4470504522324,0,0,0,0,4.36075431108475,0,2.65080976486206,0,0,0,0,0,0,0,0,0,0,0,0,0,0,0,0,0,0,0
7.96650171279907,1.51863288879395,0,2.91633436083794,0,0,0.87516862154007,0,0,0.369933813810349,2.33164989948273,0,0,0,0,0,1.63298642635345,0,0,0.541328966617584,0,0.987022578716278,0,11.8342834413052,0,6.66880142688751,0,4.64816099405289,18.5393861532211,0,0,87.2403362393379,7.2646267414093,956.325080692768,298.428638160229,0,155.786478042603,154.296464443207,27.4627721905708,108.662630259991,18.2698360085487,10.1312808394432,319.073989033699,438.863286912441,497.643181532621,422.550576984882,89.2028559148312,185.474213182926,249.065807402134,98.6012183427811,177.620544314384,25.2751871347427,3.18458640575409,8.00060766935349,7.64300841093063,36.536364376545,5.09360414743423,2.90210264921188,81.5474174022675,67.0345574617386,31.5978404283524,1.49111413955688,4.75318318605423,0.438909262418747,13.2914205789566,0,555.61844432354,2407.09010821581,1.74659824371338,0,14.458186686039,2.61155426502228,44.6774058043957,16.2425601482391,1.96357494592667,4.08392989635468,108.037659555674,72.5014657974243,0.83267068862915,0,17.6178776025772,7.91103488206863,0.415194898843765,2.49794441461563,16.728810608387,9.41939425468445,0,1.23761039972305,41.2316184043884,20.3796460926533,0,0,0,0,0,0,0.637026786804199,1.31861543655396,0,0,0,0,0,0,0,2.12042021751404,0,0,0,1.45956063270569,0,0,0,0,0,0
612.835828542709,4.18737202882767,121.410616785288,5.03498595952988,23.9610679149628,0,110.786927580833,0,20.2750450372696,0,56.9558484554291,0,56.1179445981979,0,54.4801616072655,0,29.7813271284103,0.57522839307785,157.495943903923,13.6972450017929,17.2562718391418,0,28.4624712467194,0,0.671442031860352,0,10.5567749142647,0,178.067337036133,0,3.53553485870361,1.42167413234711,10.1112757921219,20.8336109519005,225.072968006134,155.786478042603,0,150.251995205879,1109.70399183035,37.9036222100258,535.223293602467,44.3398497700691,659.320213109255,305.403010159731,480.006085723639,279.721294403076,1483.5753403008,36.9535174965858,728.833373904228,102.406290858984,1130.02190601826,17.9397795796394,134.089218407869,1.80472958087921,756.012103527784,24.5679526627064,508.795890361071,17.5728392601013,286.950962215662,82.3567106425762,127.626962184906,1.77128404378891,93.0565465390682,15.235456854105,73.6429460644722,2.31709969043732,805.374166548252,742.573127537966,366.965105265379,2.44952315092087,662.119968265295,36.9924864172935,659.339008271694,19.4237837195396,1031.5965949595,63.6512956917286,4230.34708058834,90.485598474741,4.31493985652924,0.661076605319977,126.591591835022,5.72546175122261,432.755722343922,0,253.426721394062,4.14563244581223,849.444466382265,3.57950568199158,1467.81093269587,16.8080752193928,139.107181489468,169.806867688894,60.8717305362225,74.3819188475609,204.12092885375,50.2301603555679,153.194090634584,19.8641501069069,78.094086676836,63.945654630661,48.6804230809212,34.3354597389698,127.046438723803,155.65680667758,98.3496836125851,48.0129197239876,69.5122229456902,33.4770991802216,26.5536786317825,29.1455256640911,11.244074344635,0.432977348566055,8.15735173225403,1.17781475186348,3.42416089773178,17.2413648366928
1.19009506702423,339.751504778862,0.913349449634552,123.74734300375,0,73.4474350214005,1.67892706394196,43.7691643536091,0,30.068124294281,0,5.17183172702789,0,9.49190947413445,0,115.960224509239,0,20.3642385601997,0.853508293628693,90.2763458788395,13.784744143486,45.333213865757,0,24.8125165104866,0,5.75783640146255,0,20.4362775087357,3.17392420768738,86.8445964753628,0,3.05452331900597,0,12.8893351554871,57.9527134895325,154.296464443207,150.251995205879,0,18.7517215013504,1515.4619756937,12.5948979258537,742.463346064091,150.593326061964,429.415615141392,111.727042883635,405.060251832008,41.7549089789391,1042.11372253299,43.4407377243042,417.373328953981,60.721472710371,376.402534484863,1.72383868694305,127.951890766621,0,1603.61955878139,3.10515731573105,279.495744973421,77.1812496781349,428.208760797977,31.0034846365452,65.0167072415352,6.12444853782654,51.6543003618717,8.79842758178711,113.448755025864,377.838184118271,765.851911067963,9.588771879673,53.7257068157196,26.2179535031319,337.360567718744,28.5231662988663,466.517762809992,25.1764393150806,644.951349794865,176.88467296958,3599.35781940818,0,2.70813345909119,6.55567103624344,105.442553788424,1.37020337581635,387.785893917084,5.12341898679733,459.294618397951,3.89678698778152,925.82813808322,6.05797040462494,1513.11930799484,43.1723421812057,77.0699693262577,8.99845212697983,52.7058169543743,14.6939541101456,244.737289994955,24.8859781324863,13.7212166786194,16.4968725442886,87.9299699366093,8.60948634147644,19.2555571198463,20.8146712779999,104.88920673728,9.77959829568863,48.4077961444855,19.2424000501633,20.3494332432747,5.47793078422546,45.5407225191593,8.86584448814392,5.33101642131805,7.29544723033905,0,0,7.93295037746429
72.6928572654724,0,12.2476929724216,1.78003942966461,0,0,8.63497072458267,0,0,0,3.21973061561584,0,0,0,1.41941851377487,0,6.52255111932755,1.68641722202301,7.85109767317772,0,0.885073065757751,0,2.01625961065292,1.99993407726288,0,0,6.32420444488525,0,33.4197650253773,0,2.64571613073349,0,25.3021940588951,10.3227543234825,80.8465203046799,27.4627721905708,1109.70399183035,18.7517215013504,0,36.2302153706551,525.221890181303,0,536.340184539557,8.05257892608643,272.175008237362,9.79639327526093,1075.13735076785,1.93467152118683,185.064399331808,0,212.228824317455,0,19.3566824197769,0,1022.98692247272,0,79.8961098790169,0.999154269695282,95.8016995787621,1.66273272037506,33.8136948943138,0,25.2511596083641,0,9.83533999323845,0,600.131630539894,27.1330237984657,51.8661342859268,0,82.7376868128777,13.9169099926949,99.4741423130035,2.78173387050629,94.609272569418,37.3008762300014,143.065334290266,12.576435148716,1.47917866706848,0,27.2781487703323,0,95.88538646698,0,21.2617688477039,0,203.873567610979,0,301.53111332655,0,457.251373529434,293.878270596266,92.506080955267,71.3026577830315,71.5537460446358,105.580537170172,157.901173859835,23.6359082460403,57.6907145380974,68.8974919319153,91.3592594861984,30.4854610860348,100.917206585407,96.4263387620449,35.5348907411098,26.8386078774929,59.9461047053337,16.2704384028912,0,1.69444328546524,0,4.21667385101318,2.96568560600281,0.734554469585419,2.70466369390488,3.38721942901611
0,114.015468537807,0,26.9231786727905,0,107.889309614897,0,18.1856196522713,0,15.3037343323231,0,0,0,0.747928202152252,0,131.969109773636,0,7.9431853890419,0,33.3304715156555,0.789227545261383,69.5041822195053,0,4.17013782262802,1.18327835202217,4.32991081476212,0,52.9636695384979,0,57.7831459343433,0.827750504016876,5.63723069429398,1.1724089384079,80.1484345495701,20.7745004296303,108.662630259991,37.9036222100258,1515.4619756937,36.2302153706551,0,0,1049.9640032351,30.5595489740372,475.81272944808,15.0569853782654,184.820900171995,5.48031920194626,651.940780043602,6.54021221399307,77.6517783403397,1.8489203453064,82.5567734837532,0,23.3126134872437,0,1698.69091147184,0,153.196158409119,1.83186531066895,120.666688621044,0,14.3536528944969,0,31.2932053804398,0,24.3765049576759,39.7480376958847,1004.18509310484,0,24.8995712399483,4.51377704739571,70.3366556763649,1.14783608913422,97.5615825653076,3.27505350112915,99.3075299263,24.9653723239899,185.392598748207,0,2.35262668132782,0,17.1164458990097,0,97.3545533418655,0,39.8934242725372,0,471.139427036047,0,265.680150896311,62.3489324450493,75.863429993391,20.9806282520294,29.669343650341,15.9208097755909,116.484715163708,38.3370755910873,25.0950568914413,5.54077678918839,17.2749580144882,11.9346009492874,19.1816303133965,15.4327818751335,70.9884167313576,7.7995565533638,16.7215275764465,5.96251717209816,20.9122334122658,1.30786216259003,1.75936365127563,7.05032873153687,3.73124063014984,1.93597114086151,1.12633371353149,1.60127779841423,1.18390560150146
5.21669864654541,0,2.72571682929993,0,35.2729569673538,0,1.09140402078629,0,18.0627844929695,0,0,0,1.0272501707077,0,54.1221752762794,0,1.34982442855835,0,5.79318434000015,0,98.3559331297874,0,6.61516016721725,0,0.704898357391357,0,8.98100543022156,0,207.99617600441,0,1.31024849414825,0,0,0,17.6725821793079,18.2698360085487,535.223293602467,12.5948979258537,525.221890181303,0,0,46.8433644175529,51.224440664053,0,10.7586794495583,0,188.016943603754,0.792379796504974,36.9057555496693,0,99.2251205444336,0,29.8419772684574,0,151.752659082413,0.468630790710449,5.33025449514389,0,6.03500410914421,0,1.37861156463623,0,2.97348660230637,0,0,0,55.6836026012897,4.71791690587997,1.20994162559509,0,426.231815755367,20.5727459788322,697.009457558393,9.44427889585495,339.310031116009,35.8531714677811,316.455096960068,0.834789931774139,0,0,5.18200612068176,0,777.791691690683,0.775179982185364,49.6270234286785,0,1000.44704824686,4.04853665828705,199.085392296314,5.91483119130135,1.76922413706779,0,1.38501036167145,0.547291576862335,7.26842212677002,0,3.0020018517971,0,5.61958277225494,0,0,0,1.15142998099327,1.14037251472473,4.14204269647598,1.37553438544273,0.435143619775772,0.921081125736237,4.20268994569778,0.820977628231049,0.658372104167938,0,0.627983331680298,0.850147008895874,0.437448441982269,8.28863483667374
0,2.68722891807556,0,10.1142485737801,1.49795439839363,208.674282133579,0,7.31505382061005,0,73.2827854454517,0,0,0,0,1.34680384397507,253.273969739676,0,0.844954133033752,0,2.47141170501709,18.5704303979874,512.353306889534,0,15.0102027058601,0,22.5906980931759,2.84791398048401,92.183459341526,0,304.921657323837,0,3.96078580617905,0,0.484623074531555,3.72555601596832,10.1312808394432,44.3398497700691,742.463346064091,0,1049.9640032351,46.8433644175529,0,12.312961012125,93.6773280501366,3.07071360945702,45.8018270432949,13.0057003498077,260.090828478336,0,46.1587362885475,0,62.0759426057339,0,35.7364692389965,1.33536547422409,492.990391552448,0,1.32140243053436,0,33.4974499940872,0,1.22617262601852,0,1.77092885971069,0,23.3835981190205,1.43827748298645,64.9942870736122,0,0,40.2595437765121,487.952485710382,56.5693503022194,1225.37524572015,33.2379341125488,377.232319235802,8.41992491483688,237.180850893259,0,0,0,22.9616304039955,8.92722129821777,1325.03943908215,1.57718110084534,143.218053430319,9.08633065223694,1552.34691163898,20.3612197041512,453.460871517658,0,2.38109087944031,0,5.14415022730827,0.655254065990448,16.1097031533718,0,1.0836945772171,0,27.6888256072998,0,1.13547945022583,0,2.41402399539948,2.26674365997314,3.87389495968819,0,1.06652522087097,4.02865132689476,2.09928894042969,0.713560938835144,0,0,0,0,0.514207661151886
0,1.67296063899994,0,0,1.24824011325836,0,0,0,0,0,0,0,0,0,0.706665694713593,0,1.17331099510193,0,30.0939010381699,0,2.478968501091,0,41.7089152336121,0,0,0,0,0,99.2472901642323,7.43424320220947,84.8435306847095,1.80097484588623,135.549045592546,38.2208883464336,532.32680156827,319.073989033699,659.320213109255,150.593326061964,536.340184539557,30.5595489740372,51.224440664053,12.312961012125,0,4392.09198328853,9013.1095239222,2020.04051828384,10070.0188277662,2281.28683161736,2476.83462509513,222.880898207426,2405.89450801909,33.8446374535561,494.359525933862,31.0727634429932,463.056647330523,57.8287227153778,0,3.33262848854065,44.5855551362038,63.9743288457394,5.60403150320053,1.01602470874786,4.61890664696693,0.567766904830933,3.52603697776794,3.71572721004486,3240.44244915247,1421.1841750145,1.28423380851746,6.51464313268661,5.38506919145584,0,304.61968293786,55.2973236739635,10.28953525424,2.0726526081562,467.344279229641,60.2559761404991,1.59617274999619,0,81.5527391433716,3.39267575740814,17.6343605220318,3.12113985419273,101.174541175365,21.982451736927,12.750151515007,1.9247507750988,305.461268246174,25.5384549796581,43.9434996545315,0,0,0,8.85199329257011,0.544075131416321,8.85159784555435,1.59038043022156,222.712668955326,225.9461196661,0,0,0,0,0,0,0,0,0,0.756035804748535,0,0,0,0,0,0
0,0,0,4.61279535293579,0,1.7834837436676,0,0,0,0,0,0,0,0,0,9.74138528108597,0,0,0,1.57595729827881,0,1.58046889305115,0,4.17470347881317,0,0,0,0.666622936725616,0,54.8782693445683,0,11.529685229063,0.883083283901215,68.8227540552616,139.986898511648,438.863286912441,305.403010159731,429.415615141392,8.05257892608643,475.81272944808,0,93.6773280501366,4392.09198328853,0,1582.272536695,8416.09710919857,559.472529232502,7586.76640197635,195.141545027494,2149.38326281309,103.905696511269,1077.23084720969,0,513.770199924707,1.3716915845871,403.177785038948,0,0.766361951828003,25.6118525862694,110.182647794485,3.14605063199997,0,2.09915161132812,2.34917348623276,6.50733041763306,9.22697949409485,598.691312521696,2849.04520004988,0,0,1.33384788036346,2.47676414251328,1.70164906978607,306.647799164057,0.96868109703064,39.0146696865559,122.972548991442,335.569989651442,0,0.85747617483139,0,51.1002670526505,0,40.1010314822197,2.94291663169861,153.002224326134,0,21.9117915630341,0,258.188566505909,0,0,0,0,0,34.9115949273109,0,22.5333845317364,0,170.51102951169,0,0,0,1.72780954837799,0,0,0,1.48690915107727,0,1.5391286611557,0,0,0,0,0,0
2.78602254390717,0,1.84398549795151,0,0,0,1.59229600429535,0,0,0,0,0,0,0,0,0,1.04629144072533,0,15.4196150004864,0,0,0,3.28173500299454,0,0,0,0,0,69.1476837694645,6.20561391115189,3.55994790792465,0,57.9999602437019,19.3726919591427,514.591305553913,497.643181532621,480.006085723639,111.727042883635,272.175008237362,15.0569853782654,10.7586794495583,3.07071360945702,9013.1095239222,1582.272536695,0,2031.67327174544,1534.04491367936,260.983754456043,3080.59586951137,130.563705831766,822.080895036459,25.940043091774,35.8800550103188,11.5360569357872,182.199047833681,33.3498956263065,0.445375025272369,5.57394897937775,251.99981674552,39.4814581274986,6.11435657739639,2.336794257164,3.42570227384567,0,3.16360223293304,2.52466344833374,2918.36239853501,1087.25582146645,2.78838741779327,2.0089955329895,13.6543234586716,0,209.836163520813,27.8920873701572,24.9671728909016,4.56404966115952,382.099695801735,55.0052840411663,4.71622538566589,0,92.1132837533951,8.55750876665115,1.27519482374191,0,58.9688673615456,10.0582019984722,2.88088244199753,0,88.0183390378952,8.55796191096306,0,0,0,0,14.1998502612114,2.39701735973358,8.78129285573959,1.2558451294899,9.67139399051666,4.31912899017334,0,0,0,0,0,0,0,0,0,0.833459675312042,0,0,0,0,0,0
0,0,0,0.871333360671997,0,0,0,0,0,0,0,0,0,0,0,0,0,0,0,1.60189735889435,0,0,0,0,0,0,0,0,0,43.0888725221157,0,3.33767253160477,0,53.7900785803795,149.475416660309,422.550576984882,279.721294403076,405.060251832008,9.79639327526093,184.820900171995,0,45.8018270432949,2020.04051828384,8416.09710919857,2031.67327174544,0,122.363793313503,2048.67229154706,23.1668803691864,3773.66065829992,6.98206043243408,1085.15465712547,0,439.167492359877,2.14739632606506,473.390695154667,0,0.67660665512085,1.4544802904129,175.983187347651,1.34060847759247,2.72429412603378,0,2.20041656494141,0,19.6145434379578,446.772418946028,2677.75363230705,0,0,1.69530457258224,0,0,354.830065220594,0,69.4181329905987,94.1984449028969,433.013064980507,0,1.29378736019135,0,130.443404227495,0,0.532542705535889,0,131.43270072341,0,1.35598927736282,0,176.87955096364,0,0.513902842998505,0,0,0,25.0301418304443,0,15.7237820625305,0,40.7250050604343,0,0,0,0,0,0,0,0,0,1.15374803543091,0,0,0,0,0,0
25.4260104000568,0,45.9988112151623,0,16.6359612941742,0,31.7212568223476,0,10.4618829488754,0,2.33167260885239,0,16.6847953796387,0,39.1234402954578,0,3.32549169659615,0,48.2506360411644,1.76844203472137,4.62343460321426,0,42.0251170992851,0.923990070819855,0.63931792974472,0,0,0,276.499789357185,2.70105558633804,20.263799071312,2.16552993655205,35.8554582893848,11.866247177124,134.731170713902,89.2028559148312,1483.5753403008,41.7549089789391,1075.13735076785,5.48031920194626,188.016943603754,13.0057003498077,10070.0188277662,559.472529232502,1534.04491367936,122.363793313503,0,456.65357837081,844.506297320127,15.2171143293381,1813.85427010059,2.1894688308239,1847.52755349874,1.71813088655472,2839.82144156098,20.12495008111,8.61436951160431,3.81456011533737,68.4862351715565,9.92348128557205,21.3479929566383,3.10458278656006,9.52041798830032,1.45923852920532,9.45369708538055,0,1169.42958661914,209.963298946619,25.3176519274712,1.67603242397308,155.469303101301,3.32238471508026,513.984580725431,15.7892934083939,55.0944934785366,2.94175922870636,731.58843293786,36.4372004270554,2.9734782576561,0,122.749333351851,0,124.216962665319,1.71295619010925,198.571060299873,6.90874043107033,87.4548835158348,2.20269727706909,969.915479540825,12.4306402504444,99.5934444963932,0,2.26973474025726,0,105.613014936447,8.97055006027222,74.4180401563644,0,315.618140906096,9.96660980582237,0,0,0.638123333454132,1.05042397975922,4.20602658390999,0,0.853886485099792,0,2.70416009426117,55.9833874702454,0,0,0,0,0,0
0,12.0587602257729,0,3.34651693701744,0,3.6949582695961,0,3.56611451506615,0,0,0,0,0,2.00242257118225,0,20.5710254311562,0,0,0,4.46734642982483,0,3.96546137332916,0,6.59968242049217,0,0.929997801780701,0,1.29082643985748,0,142.536734372377,0,71.9900790452957,5.36884623765945,371.032673686743,51.2222251296043,185.474213182926,36.9535174965858,1042.11372253299,1.93467152118683,651.940780043602,0.792379796504974,260.090828478336,2281.28683161736,7586.76640197635,260.983754456043,2048.67229154706,456.65357837081,0,6.40296679735184,810.077557325363,2.49738091230392,721.525675207376,0,1545.71285760403,0,3137.46235445142,2.89136832952499,13.2261998057365,8.02139449119568,63.394490391016,0.822108626365662,2.95838499069214,0,2.91280901432037,0,16.7292981147766,108.766450762749,1311.98496258259,4.24878507852554,2.39804571866989,3.25559431314468,18.9795178771019,4.92976182699203,695.008343249559,0,56.0304262936115,25.8494899570942,635.62858325243,1.14348828792572,1.65797537565231,0,85.3400903046131,0,89.3826922476292,0,346.342042475939,0,72.911578476429,0,488.686189800501,0,3.24599558115005,0,3.01381295919418,0,35.1045524775982,1.11763477325439,100.387842953205,0,1008.18829622865,0,0,0,1.41363424062729,0,0.394543796777725,0,0.830974221229553,1.46364665031433,66.263643682003,1.03311359882355,0,0.589154541492462,0,0,0.67349237203598
10.256179690361,0,2.81413066387177,0,0,0,5.07551383972168,0,0,0,0,0,0,0,0,0,4.11516785621643,0,13.7994719147682,0,0,0,0,0,0,0,0,0,120.95048853755,0,0,0,3.7754755616188,6.17245990037918,162.495776176453,249.065807402134,728.833373904228,43.4407377243042,185.064399331808,6.54021221399307,36.9057555496693,0,2476.83462509513,195.141545027494,3080.59586951137,23.1668803691864,844.506297320127,6.40296679735184,0,16.3305906057358,5658.35186260939,0,361.008877247572,0,722.614397227764,1.56465756893158,5.37082922458649,1.66091740131378,1048.36288517714,7.9942085146904,248.872210472822,0,14.4382700622082,0,25.9053448140621,2.35318565368652,1080.48328799009,550.77840039134,4.3364999294281,0,28.3583641052246,0,419.606547772884,0,61.4413648545742,0,753.072744786739,26.6473270356655,9.024569272995,0,303.613094836473,0,8.71007353067398,0,242.609474569559,5.37639689445496,0.577864050865173,0,286.328420639038,0,3.2387937605381,0,0,0,49.3341978192329,0,20.7575444281101,0,6.65686479210854,0,0,0,0,0,0,0,0,0,0,4.55193144083023,0,0,0,0,0,0
0,38.3822526335716,0,54.1037636399269,0,0,0,78.3834662437439,0,0,0,0.631885826587677,0,0,0,0,0,2.68617790937424,0,5.5221451818943,0,1.7071590423584,0,0,0,0,0,0,0,76.7759782671928,0,0,0,1.42824995517731,63.1689504981041,98.6012183427811,102.406290858984,417.373328953981,0,77.6517783403397,0,46.1587362885475,222.880898207426,2149.38326281309,130.563705831766,3773.66065829992,15.2171143293381,810.077557325363,16.3305906057358,0,1.75281763076782,5515.65269613266,0,1632.93114453554,0,840.215723365545,0,85.1749031543732,0,1222.92918843031,0,108.93275809288,0,19.328836530447,0,771.16513055563,132.892127692699,662.318966805935,0,2.92168760299683,1.10965824127197,17.8908017873764,0,422.597975283861,0,69.2508724331856,36.1733546853065,438.03840303421,0,12.830551981926,0,230.204089134932,0,13.8543553650379,0,229.174125313759,0,0.509138524532318,0,224.275650054216,0,0,0,0,0,39.8392717242241,0,1.85959321260452,0,43.3620533943176,0,0,0,0,0,0,0,0,0,4.24049091339111,0,0,0,0,0,0
225.21707418561,0,21.2489287853241,0,5.62764400243759,0,432.527866691351,0,0,0,10.1711093187332,0,6.4871072769165,0,2.64313578605652,0,21.0582740604877,0,10.1032211780548,0,2.93208742141724,0,0,0,0,0,0,0,412.716084480286,0,1.23808634281158,0,2.57820689678192,12.8368406891823,120.653370738029,177.620544314384,1130.02190601826,60.721472710371,212.228824317455,1.8489203453064,99.2251205444336,0,2405.89450801909,103.905696511269,822.080895036459,6.98206043243408,1813.85427010059,2.49738091230392,5658.35186260939,1.75281763076782,0,0,5181.47366634011,0,2800.7188449502,2.4368816614151,170.946569114923,1.70158612728119,1977.33640083671,6.49564158916473,1161.15987613797,1.53137421607971,79.0456715226173,2.15804600715637,925.942970484495,0,738.879650771618,326.775932699442,13.7522969841957,0,207.521229803562,0,912.25330132246,0,94.238273948431,0,1323.13510715961,35.0689520537853,34.9715166389942,0,812.953713208437,0,136.345667302608,0,3199.784111619,0,16.9824910461903,0,2446.05200773478,0,55.99948528409,0,0,0,103.838340967894,0,48.9637751579285,0,17.307491004467,0,0,0,0,0,0.633043229579926,0,1.45445954799652,0,0,7.87264084815979,0,0,0,0,0,0
0,31.3396569490433,0,71.1139026284218,0,0,0,83.5674676299095,0,0,0,2.04844790697098,0,0,0,0,0,1.83805948495865,0,6.73256921768188,0,0,0,0,0,0,0,0,0,83.6751207411289,0,0,0,13.6993067264557,19.184753715992,25.2751871347427,17.9397795796394,376.402534484863,0,82.5567734837532,0,62.0759426057339,33.8446374535561,1077.23084720969,25.940043091774,1085.15465712547,2.1894688308239,721.525675207376,0,5515.65269613266,0,0,0,3869.63236349821,0,1133.58916419744,0,81.8754974603653,0,1533.45995029807,0,48.702243745327,0,18.3755576312542,0,443.609825432301,44.302624642849,653.253039598465,0,2.28122186660767,1.71137320995331,23.7299715280533,0,540.324102431536,0,108.374222695827,32.1172251403332,504.311543047428,0,21.237749516964,0,465.097252070904,0,65.2174372673035,0,2013.08882850409,0,9.06329452991486,0,1462.01963356137,0,0,0,0,0,58.1199595332146,0,0,0,6.57363319396973,0,0,0,0,0,0,0,0,0,7.87372255325317,0,0,0,0,0,0
18.4533036053181,0,0,0,1.6053486764431,0,8.98332434892654,0,0,0,1.00411379337311,0,0,0,0.590473055839539,0,0,0,0,0,0,0,0,0,0,0,0,0,46.6050089895725,0,0,0,0,0,4.5396831035614,3.18458640575409,134.089218407869,1.72383868694305,19.3566824197769,0,29.8419772684574,0,494.359525933862,0,35.8800550103188,0,1847.52755349874,0,361.008877247572,0,5181.47366634011,0,0,0,2320.01883077621,0,18.210426568985,0,3.13507997989655,0,12.6933713853359,0,7.93622449040413,0,18.7051803171635,0,25.3845942020416,0,0,0,8.71717044711113,0.844835698604584,100.335585981607,0,2.81721389293671,0,67.5476325452328,0,0,0,39.4932895600796,0,12.9493491351604,0,198.361616760492,0,7.32029211521149,0,512.381583631039,0,40.9873064756393,0,0,0,6.63932290673256,0,1.4669337272644,0,38.6041176021099,0,0,0,0,0,0,0,0,0,0,0,0,0,0,0,0,0
0,1.08835327625275,0,0,0,0,0,0,0,0,0,0,0,0,0,0,0,0,0,0,0,0,0,0,0,0,0,0,0,41.0606360733509,0,0,0,0,1.34661293029785,8.00060766935349,1.80472958087921,127.951890766621,0,23.3126134872437,0,35.7364692389965,31.0727634429932,513.770199924707,11.5360569357872,439.167492359877,1.71813088655472,1545.71285760403,0,1632.93114453554,0,3869.63236349821,0,0,0,3748.8168182373,0,0.877839624881744,0,22.4381008446217,0,2.29005259275436,0,0,0,6.66298964619637,0,53.9178974032402,0,0,0,0.366771847009659,0,178.60322573781,0,15.9312020242214,1.2977402806282,85.6065486073494,0,0.485235512256622,0,54.8273238539696,0,10.570965886116,0,311.436619192362,0,4.07006666064262,0,820.191831767559,0,0,0,0,0,4.80033534765244,0,0,0,48.9778206348419,0,0,0,0,0,0,0,0,0,0,0,0,0,0,0,0
4.82175135612488,0,0,0,4.39529234170914,0,2.03778541088104,0,0,0,0,0,0,0,1.78642728924751,0,1.67863094806671,0,0,0,1.97128757834435,0,0,0,0,0,0,0,78.9297781288624,0,1.65153801441193,0,2.25482684373856,1.81767928600311,27.2224854230881,7.64300841093063,756.012103527784,0,1022.98692247272,0,151.752659082413,1.33536547422409,463.056647330523,1.3716915845871,182.199047833681,2.14739632606506,2839.82144156098,0,722.614397227764,0,2800.7188449502,0,2320.01883077621,0,0,0,7.14089274406433,0,12.1163043677807,0,6.4611993432045,0,4.24399703741074,0,10.2921185493469,0,202.058317571878,8.95501780509949,0,0,12.4136011004448,1.44616961479187,103.57011076808,0,18.4662483632565,2.98391234874725,97.2643026411533,0.98618757724762,0,0,39.508818000555,0,62.9014463424683,0,204.301020681858,0,285.52164709568,0,2857.81735992432,0,30.6528481841087,0,0,0,2.66557943820953,0,1.57086193561554,0,75.8208208680153,0,0,0,0,0,0,0,0,0,0,0.590513467788696,0,0,0,0,0,0
0,25.3897243142128,0,4.09900557994843,0,15.9203629791737,0,10.4584959745407,0,6.15583202242851,0,0,0,0,0,44.458586037159,0,0,0,0,2.23324316740036,4.9224545955658,0,0,0,1.00442314147949,0,3.51942506432533,0,59.3158683180809,0,0.53155916929245,0,10.6831107139587,8.44202470779419,36.536364376545,24.5679526627064,1603.61955878139,0,1698.69091147184,0.468630790710449,492.990391552448,57.8287227153778,403.177785038948,33.3498956263065,473.390695154667,20.12495008111,3137.46235445142,1.56465756893158,840.215723365545,2.4368816614151,1133.58916419744,0,3748.8168182373,0,0,0,13.1985858380795,7.2694571018219,95.1114853620529,0,7.46037426590919,0,5.71748387813568,0,124.864181637764,85.250575363636,350.032002776861,0,0,3.15935862064362,13.3049208521843,2.33265191316605,285.689921885729,0.565487146377563,47.3976518809795,14.4357426762581,178.580756664276,0,4.45155584812164,0,57.3767787218094,0,89.450378626585,0,414.730817526579,0,516.911604195833,0,3090.49554994702,0,0,0,0,0,9.24203407764435,0,6.92253696918488,0,381.561191469431,0,0,0,0,0,0,0,0,0,0.697618544101715,0,0,0,0,0,0
9277.97563123703,11.5374662876129,108.607381790876,21.6116191446781,0,0,491.249712526798,1.68254595994949,0,0,352.274678379297,0.596264362335205,189.244975507259,0,2.12675058841705,0,1765.50332468748,0,213.889669597149,32.2345088124275,0,0,3.25337153673172,0,0,0,0,0,963.510526269674,0,0.821767926216125,0,125.477412939072,74.4082034230232,1.00538468360901,5.09360414743423,508.795890361071,3.10515731573105,79.8961098790169,0,5.33025449514389,0,0,0,0.445375025272369,0,8.61436951160431,2.89136832952499,5.37082922458649,0,170.946569114923,0,18.210426568985,0,7.14089274406433,0,0,49.1106413006783,1357.90592589974,10.5830212235451,4847.47480627894,1.64554619789124,3419.75520095229,4.23226547241211,196.701789796352,0,630.427954554558,77.521843701601,1510.87899440527,66.8397985696793,1408.49335971475,16.7063851952553,1581.0791451633,0,367.828058540821,0,2620.89726796746,62.8103969991207,17.4904302358627,0,247.994353234768,0.605463802814484,20.5217494368553,0,344.224821329117,0,0,0,246.12434053421,0,0,0,0,0,131.588400602341,1.70754671096802,31.0613497495651,0,2.10439395904541,0,0,0,0,0,2.66200625896454,0,10.1510863304138,0,6.74491602182388,5.71889859437943,0,0,0,0,0,5.43785655498505
9.17580085992813,11102.0079773366,2.17104837298393,427.016117811203,0,0,1.33565846085548,600.64636528492,0,0,0,305.964390128851,0,107.333102583885,0,13.1664885282516,0,2238.77721947432,32.003676533699,591.561437726021,0,0,0,10.1310822665691,0,0,0,0,0,695.260679543018,1.13071489334106,2.26304596662521,48.5599769353867,106.362237155437,9.70638686418533,2.90210264921188,17.5728392601013,279.495744973421,0.999154269695282,153.196158409119,0,1.32140243053436,3.33262848854065,0.766361951828003,5.57394897937775,0.67660665512085,3.81456011533737,13.2261998057365,1.66091740131378,85.1749031543732,1.70158612728119,81.8754974603653,0,0.877839624881744,0,13.1985858380795,49.1106413006783,0,27.9013458490372,1138.47100135684,9.20194739103317,2371.08492067456,3.7910932302475,4019.69894266129,1.26479780673981,521.344956964254,239.735626280308,572.544571191072,38.5709637105465,2850.20428538322,94.6125968396664,1160.06434160471,0.517776608467102,2003.73271253705,0,577.5375674963,561.490945786238,3425.11451742053,2.33074808120728,90.3640719652176,12.3681404590607,287.901698410511,0,0.434102088212967,0,180.735736578703,0,0,0,144.322083771229,0,0,0,0,3.31564539670944,224.976793318987,0,0,0,3.03416097164154,0,0,0,0.569813191890717,0,7.93675988912582,1.19077503681183,2.4606409072876,6.30102878808975,37.2388989627361,0,0,0,0,0,1.81095612049103
530.563551306725,0,204.405512720346,0,0,0,148.060585230589,0,0,0,53.6065013408661,0,34.7574463784695,0,0,0,64.715610563755,0,282.857225835323,2.03145027160645,0,0,1.94081354141235,0,0,0,0,0,281.014623880386,0,0,0,58.1169152855873,67.0392854809761,67.4031644463539,81.5474174022675,286.950962215662,77.1812496781349,95.8016995787621,1.83186531066895,6.03500410914421,0,44.5855551362038,25.6118525862694,251.99981674552,1.4544802904129,68.4862351715565,8.02139449119568,1048.36288517714,0,1977.33640083671,0,3.13507997989655,0,12.1163043677807,7.2694571018219,1357.90592589974,27.9013458490372,0,28.0541004538536,5395.04470428824,1.3872367143631,276.56060770154,5.72432589530945,599.84341558814,0,2421.83446362615,304.111836969852,627.853082001209,30.6964937448502,310.56902769208,6.90898817777634,472.408086895943,2.81965827941895,101.349203377962,0,1086.59543573856,86.5408806204796,46.4148977994919,0,194.919372975826,0,10.6331344842911,0,90.369275033474,0,0,0,67.1655025482178,0,0,0,0,0,77.486790060997,0,22.8247357010841,0,0,0,0,0,0,0,0.652392745018005,0,2.29760783910751,0,0,6.95945253968239,0,0,0,0,0,0
0,328.19109800458,0,318.20171263814,0,0,0,176.58968642354,0,0,0,15.1547811627388,0,3.55951905250549,0,0,0,31.0127043128014,3.12880647182465,392.460345923901,0,0,0,10.8592373132706,0,0,0,0,1.79866534471512,95.6404767930508,0,3.35900986194611,20.7051960229874,150.315323889256,89.6784774363041,67.0345574617386,82.3567106425762,428.208760797977,1.66273272037506,120.666688621044,0,33.4974499940872,63.9743288457394,110.182647794485,39.4814581274986,175.983187347651,9.92348128557205,63.394490391016,7.9942085146904,1222.92918843031,6.49564158916473,1533.45995029807,0,22.4381008446217,0,95.1114853620529,10.5830212235451,1138.47100135684,28.0541004538536,0,12.3687998056412,2223.82209226489,4.8264331817627,489.846939444542,4.38539409637451,1581.63307192922,443.061663329601,2442.27932369709,4.7061180472374,203.640850186348,96.5658641755581,126.605705827475,0,629.826705396175,0,159.152971237898,335.051905244589,940.456995934248,2.72925853729248,96.4738585650921,11.1099840402603,520.675188839436,0,11.0674775540829,0,184.282915353775,0,0,0,124.179656475782,0,0,0,0,0.71223646402359,74.0301950871944,0,0.859567642211914,0,0,0,0,0,0,0,0,0,0,0.854071438312531,7.83614844083786,0,0,0,0,0,0
1751.54188457131,0,39.4736661314964,0,0,0,663.629134267569,0,0,0,523.279274046421,0,140.231375336647,0,0.82812237739563,0,413.713703870773,0,24.5698545575142,0.950771868228912,0,0,0,0,0,0,0,0,362.52579498291,0,0.85542094707489,0,1.96192234754562,21.0348370075226,20.0314139723778,31.5978404283524,127.626962184906,31.0034846365452,33.8136948943138,0,1.37861156463623,0,5.60403150320053,3.14605063199997,6.11435657739639,1.34060847759247,21.3479929566383,0.822108626365662,248.872210472822,0,1161.15987613797,0,12.6933713853359,0,6.4611993432045,0,4847.47480627894,9.20194739103317,5395.04470428824,12.3687998056412,0,0.84381639957428,3964.88743326068,1.52463066577911,2306.61750510335,0,153.303999334574,92.6721847057343,51.1719639003277,1.10562872886658,338.935302078724,1.16260647773743,364.937091946602,0,79.3136912286282,1.11653327941895,555.357471346855,53.1063531637192,24.7087300717831,0,556.548197776079,0,38.9596900641918,0,1110.00163960457,0,2.13999027013779,0,275.456262975931,0,0,0,0,0,24.906986117363,0,10.4315649867058,0,0,0,0,0,0,0,0,0,5.43132591247559,0,0,0.967631638050079,0,0,0,0,0,0
0,1359.46510890126,0,85.9766058921814,0,0,0,794.06391531229,0,0,0,534.989259928465,0,298.839747816324,0,1.79565572738647,0,334.105911612511,0,58.0846862196922,0,0,0,0,0,0,0,0,0,96.3194354772568,0,0,0.671738564968109,4.46586483716965,4.8783597946167,1.49111413955688,1.77128404378891,65.0167072415352,0,14.3536528944969,0,1.22617262601852,1.01602470874786,0,2.336794257164,2.72429412603378,3.10458278656006,2.95838499069214,0,108.93275809288,1.53137421607971,48.702243745327,0,2.29005259275436,0,7.46037426590919,1.64554619789124,2371.08492067456,1.3872367143631,2223.82209226489,0.84381639957428,0,0,3861.95477563143,0,2237.61654433608,10.3941712975502,51.5914641618729,0,2.22592777013779,17.3550682961941,130.004183471203,0,327.013857215643,0,60.1928351223469,61.997224509716,374.462951689959,0,24.3729982078075,1.75190269947052,344.460678488016,0,3.2699681520462,0,472.623790204525,0,0,0,163.595889508724,0,0,0,0,0,15.4802035689354,0,0,0,0,0,0,0,0,0,0.523119747638702,0,0,0.47938334941864,0,0,0,0,0,0,0
562.717831224203,0,5.61753928661346,0,2.16349816322327,0,37.0117841660976,0,0,0,505.505426108837,0,159.775958478451,0,1.2207624912262,0,2236.88306340575,0,8.96804243326187,0,0,0,0,0,0,0,0,0,702.289483159781,0,0,0,1.59570533037186,8.82422512769699,9.92670524120331,4.75318318605423,93.0565465390682,6.12444853782654,25.2511596083641,0,2.97348660230637,0,4.61890664696693,2.09915161132812,3.42570227384567,0,9.52041798830032,0,14.4382700622082,0,79.0456715226173,0,7.93622449040413,0,4.24399703741074,0,3419.75520095229,3.7910932302475,276.56060770154,4.8264331817627,3964.88743326068,0,0,0,653.929965734482,0,96.7942528426647,29.430871963501,53.5059576630592,3.62026751041412,175.82217413187,1.6453754901886,282.621663451195,0,34.9224485754967,0,418.697779178619,18.5068344473839,75.115336805582,0,3639.25613445044,0,78.8923740386963,0,1282.62573003769,0,8.58198145031929,0,403.068123340607,0,0,0,0,0,24.2820900082588,0,4.67072173953056,0,0,0,0,0,0,0,0,0,1.88397413492203,0,0.760896146297455,0,0,0,0,0,0,2.15282917022705
0,460.576191037893,0,69.5881385505199,0,0,0,277.615787804127,0,0,0,822.496560513973,0,724.271796256304,0,42.709919154644,0,2206.94662442803,0,80.202833533287,0,0,0,4.21335446834564,0,0,0,0,0,494.636497825384,0,0.899829804897308,2.34083586931229,13.6236056685448,4.21916890144348,0.438909262418747,15.235456854105,51.6543003618717,0,31.2932053804398,0,1.77092885971069,0.567766904830933,2.34917348623276,0,2.20041656494141,1.45923852920532,2.91280901432037,0,19.328836530447,2.15804600715637,18.3755576312542,0,0,0,5.71748387813568,4.23226547241211,4019.69894266129,5.72432589530945,489.846939444542,1.52463066577911,3861.95477563143,0,0,0,810.43092033267,37.4180560112,118.743435740471,0,15.3744381666183,13.0614588856697,265.084946960211,0,575.789191305637,0,70.1070744097233,146.125441670418,682.830885142088,0,78.8536314368248,0,2376.91264685988,0,5.13266134262085,0,1915.6948132515,0,4.99357450008392,0,174.017517238855,0,0,0,0,0,25.7667674422264,0,0,0,0,0,0,0,0,0,2.14640682935715,0,1.32239520549774,2.06123450398445,3.09063982963562,0,0,0,0,0,1.01384603977203
274.346770226955,0,9.89247310161591,0,1.94176506996155,0,313.639157563448,0,0,0,41.2279132008553,0,14.1376893520355,0,0,0,13.6444683372974,0,2.54971134662628,0,0,0,0,0,0,0,0,0,69.1270902454853,0,0,0,0.547580718994141,3.98471599817276,4.92133218050003,13.2914205789566,73.6429460644722,8.79842758178711,9.83533999323845,0,0,0,3.52603697776794,6.50733041763306,3.16360223293304,0,9.45369708538055,0,25.9053448140621,0,925.942970484495,0,18.7051803171635,0,10.2921185493469,0,196.701789796352,1.26479780673981,599.84341558814,4.38539409637451,2306.61750510335,0,653.929965734482,0,0,0,22.3456146121025,18.3384407758713,3.49673494696617,0,91.8248201906681,1.36383712291718,112.544871270657,1.14274215698242,14.7380050122738,0,148.874163687229,10.3887504339218,19.4763691723347,0,642.386377751827,0,26.1221450865269,0,2776.44383457303,0,5.62706393003464,0,386.375824511051,0,0,0,0,0,3.88533473014832,0,8.73196756839752,0,0,0,0,0,0,0,0,0,0,0,0,0,0,0,0,0,0,0.551347851753235
0,637.777662664652,0,240.264585405588,0,0,0,725.87762132287,0,0,0,153.265873998404,0,113.847470641136,0,0,0,29.9744299352169,0,33.641534358263,0,0,0,0,0,0,0,0,0,63.1946473121643,0,0,0,5.04475808143616,3.40385675430298,0,2.31709969043732,113.448755025864,0,24.3765049576759,0,23.3835981190205,3.71572721004486,9.22697949409485,2.52466344833374,19.6145434379578,0,16.7292981147766,2.35318565368652,771.16513055563,0,443.609825432301,0,6.66298964619637,0,124.864181637764,0,521.344956964254,0,1581.63307192922,0,2237.61654433608,0,810.43092033267,0,0,6.07214117050171,79.349756360054,0,1.35569858551025,12.6826696097851,110.247533321381,0,398.695259928703,0,78.1655901372433,27.7174540758133,241.619493991137,0,30.5617557764053,0,675.421430796385,0,28.3250932991505,0,3526.16427689791,0,8.40168580412865,0,1137.02665883303,0,0,0,0,0,36.589156806469,0,0,0,0,0,0,0,0,0,0,0,0,0.862199664115906,4.53959369659424,0,0,0,0,0,0
258.81322029233,33.929369032383,344.535979598761,7.57665228843689,1.22188520431519,0,99.692191183567,0,1.06241858005524,0,45.0066281557083,0,15.5084617137909,0,5.0642768740654,0,20.2448515892029,0,2541.99360728264,109.322917073965,6.02251988649368,0,300.829513162374,0.625669419765472,5.56207984685898,0,1.81456577777863,0,135.659671992064,2.02366209030151,496.136813849211,43.8296883702278,3916.45529657602,945.40521723032,3035.23415797949,555.61844432354,805.374166548252,377.838184118271,600.131630539894,39.7480376958847,55.6836026012897,1.43827748298645,3240.44244915247,598.691312521696,2918.36239853501,446.772418946028,1169.42958661914,108.766450762749,1080.48328799009,132.892127692699,738.879650771618,44.302624642849,25.3845942020416,0,202.058317571878,85.250575363636,630.427954554558,239.735626280308,2421.83446362615,443.061663329601,153.303999334574,10.3941712975502,96.7942528426647,37.4180560112,22.3456146121025,6.07214117050171,0,3410.68872442842,2819.77032008767,390.436800450087,591.529354333878,29.3967701196671,374.778958886862,18.5397896170616,68.4261143505573,3.98357057571411,1522.01522859931,356.703259468079,14.2601495683193,0,130.273777097464,12.9607731103897,20.1270271539688,0,70.7074715197086,4.68914669752121,15.1427706182003,0,215.051533848047,12.3437394499779,0.970006287097931,0,0,0,58.9168485403061,0,16.6325307190418,0,11.4077197313309,0,0,0,0,0,1.51530605554581,0,1.42531502246857,0,0,7.19364592432976,0,0,0,0,0,0
5.84208142757416,142.353940427303,0.939039528369904,376.633043259382,0,1.61088475584984,0,22.8826197087765,0,1.32443368434906,0,15.2086657583714,0,5.74293994903564,0,2.66979479789734,2.87783098220825,12.7712215781212,22.7415297031403,1583.50980684161,0,0.782058119773865,0.659911692142487,170.610581308603,0,4.58987432718277,0,3.02315735816956,8.6610386967659,35.4063909649849,11.3661453127861,309.381784766912,127.837215900421,5364.9117167592,709.828119397163,2407.09010821581,742.573127537966,765.851911067963,27.1330237984657,1004.18509310484,4.71791690587997,64.9942870736122,1421.1841750145,2849.04520004988,1087.25582146645,2677.75363230705,209.963298946619,1311.98496258259,550.77840039134,662.318966805935,326.775932699442,653.253039598465,0,53.9178974032402,8.95501780509949,350.032002776861,77.521843701601,572.544571191072,304.111836969852,2442.27932369709,92.6721847057343,51.5914641618729,29.430871963501,118.743435740471,18.3384407758713,79.349756360054,3410.68872442842,0,98.9547949135303,1371.2636937201,201.299079686403,152.493160068989,52.8846946358681,273.378388673067,1.32907521724701,83.0047101080418,956.015469193459,844.782910019159,7.67328941822052,12.4373280405998,43.191142231226,141.573451727629,0,6.85346668958664,7.09952104091644,115.764608412981,0.585290551185608,13.2823098599911,36.0020765662193,192.524820268154,0,0,0,0,0,29.5822065472603,1.25978994369507,3.40508604049683,0,2.77371364831924,0,0,0,0,0,0.749987244606018,0,0,1.07800340652466,5.97568494081497,0,0,0,0,0,0
969.664378762245,271.387570053339,58.9242309033871,185.304783374071,0,0,35.501532137394,18.5314255654812,0,0,101.116442739964,0,102.872271090746,0,1.56017079949379,0,55.8468592762947,1.65738964080811,2641.06093364954,1137.39789545536,1.20697975158691,0,33.241338133812,1.97940254211426,1.32609820365906,0,0,0,159.236869931221,0,37.7634012699127,13.1511513590813,935.149097293615,564.053294658661,3.51451277732849,1.74659824371338,366.965105265379,9.588771879673,51.8661342859268,0,1.20994162559509,0,1.28423380851746,0,2.78838741779327,0,25.3176519274712,4.24878507852554,4.3364999294281,0,13.7522969841957,0,0,0,0,0,1510.87899440527,38.5709637105465,627.853082001209,4.7061180472374,51.1719639003277,0,53.5059576630592,0,3.49673494696617,0,2819.77032008767,98.9547949135303,0,435.01883071661,1620.73570376635,79.849577665329,664.143212616444,0,238.819036692381,0.822782576084137,2893.44901263714,250.501993179321,2.85067975521088,0,9.52555993199348,1.54291236400604,7.02723276615143,0,0.96032303571701,0,0,0,1.9594554901123,0,0,0,0,0,79.9086689949036,0.961871802806854,14.8105688691139,0,0,0,0,0,0,0,3.58367615938187,0.663919925689697,1.75493800640106,0,6.76272761821747,5.44075036048889,0,0,0,0,0,2.68223297595978
19.3778872489929,582.589588582516,3.65369892120361,112.406490653753,0,0,1.80992412567139,23.9749185442924,0,0,0,25.4986476302147,0,16.8831502199173,0,0,0,11.1332523524761,75.5266682505608,3341.8980383575,0,0,0,116.088016718626,0,3.31763505935669,0,0.79274970293045,5.19450044631958,13.7359594106674,0.696940243244171,53.3685138523579,172.76277038455,918.244229048491,3.02911496162415,0,2.44952315092087,53.7257068157196,0,24.8995712399483,0,0,6.51464313268661,0,2.0089955329895,0,1.67603242397308,2.39804571866989,0,2.92168760299683,0,2.28122186660767,0,0,0,0,66.8397985696793,2850.20428538322,30.6964937448502,203.640850186348,1.10562872886658,2.22592777013779,3.62026751041412,15.3744381666183,0,1.35569858551025,390.436800450087,1371.2636937201,435.01883071661,0,90.736993253231,464.223766863346,4.08188462257385,137.661819964647,0,92.4172135293484,505.100784897804,896.419378966093,0,0,8.10054236650467,4.38307458162308,0,0,0,2.64949083328247,0,0,0,0,0,0,0,0,0,20.2458758950233,0,0,0,0,0,0,0,0,0,1.4370744228363,0,0,0,3.7884863615036,0,0,0,0,0,0.839780330657959
3990.01431843638,321.719961792231,2260.40867036581,686.332687705755,906.977569535375,81.4811545908451,4624.28348995745,819.765841037035,1196.73678869009,74.3201580345631,561.966592073441,104.881818056107,2583.32252055407,118.400570452213,1920.4800683111,72.3832466900349,124.453321099281,10.4096030294895,1902.97500094771,1086.46336746216,696.087301209569,176.852641522884,1786.92560130358,1336.5215395391,617.401921838522,475.460545569658,922.353384628892,335.7976526618,622.104525536299,20.4328764975071,715.351381152868,344.145945161581,221.64830622077,239.53206628561,35.5070942938328,14.458186686039,662.119968265295,26.2179535031319,82.7376868128777,4.51377704739571,426.231815755367,40.2595437765121,5.38506919145584,1.33384788036346,13.6543234586716,1.69530457258224,155.469303101301,3.25559431314468,28.3583641052246,1.10965824127197,207.521229803562,1.71137320995331,8.71717044711113,0,12.4136011004448,3.15935862064362,1408.49335971475,94.6125968396664,310.56902769208,96.5658641755581,338.935302078724,17.3550682961941,175.82217413187,13.0614588856697,91.8248201906681,12.6826696097851,591.529354333878,201.299079686403,1620.73570376635,90.736993253231,0,702.71315780282,5911.86232632399,195.498139292002,2692.02413642406,93.4800130724907,6880.65153825283,341.455320000648,15.3103592693806,0,153.182640820742,6.75294518470764,67.3451168239117,1.95292562246323,174.466387033463,4.54120618104935,13.1431600451469,3.4815371632576,94.2790893018246,1.49493706226349,23.8464568853378,23.0791274011135,9.43156236410141,3.48635941743851,272.643729954958,20.6495488286018,57.8286717534065,7.55321887135506,11.0197137594223,4.58230689167976,17.1928503215313,5.00174832344055,42.2343513071537,33.2613322734833,109.790144771338,31.5087584257126,34.3158066570759,20.0758174657822,41.1008497178555,28.2800803482533,1.8018986582756,0,3.37912631034851,2.60009199380875,0,43.3207537829876
47.835226804018,3306.8397461772,293.787247478962,2411.18181709945,104.590249300003,873.004830658436,318.557080626488,3723.24566803873,95.7659078240395,787.813084900379,9.65284031629562,670.283237963915,60.3971401154995,1571.19172656536,51.8876771628857,1543.17835208774,1.34804999828339,195.838484227657,316.007782161236,1576.2269564271,44.4201343357563,411.828744769096,547.266149103642,1632.49434649944,202.256512612104,1008.27183187008,156.734576612711,880.246757566929,30.4277748465538,160.156783282757,127.610362768173,308.071358770132,32.7576305270195,105.277585059404,1.87182259559631,2.61155426502228,36.9924864172935,337.360567718744,13.9169099926949,70.3366556763649,20.5727459788322,487.952485710382,0,2.47676414251328,0,0,3.32238471508026,18.9795178771019,0,17.8908017873764,0,23.7299715280533,0.844835698604584,0.366771847009659,1.44616961479187,13.3049208521843,16.7063851952553,1160.06434160471,6.90898817777634,126.605705827475,1.16260647773743,130.004183471203,1.6453754901886,265.084946960211,1.36383712291718,110.247533321381,29.3967701196671,152.493160068989,79.849577665329,464.223766863346,702.71315780282,0,124.808571577072,3780.87585917115,44.0685566663742,3060.78157389164,157.342130243778,7373.16792975366,0,4.70556217432022,0,36.0091746449471,4.86545664072037,14.407103061676,0,143.27861019969,4.13662755489349,18.580020159483,9.47141653299332,144.799707949162,13.0736705064774,15.4241860508919,1.01670944690704,12.8641844987869,36.8694625794888,219.366584539413,23.6053939759731,7.41250312328339,2.05091804265976,9.48951464891434,2.22508293390274,3.49194157123566,2.25319236516953,42.9883964061737,30.591697871685,61.8660331964493,14.3316950201988,5.5713455080986,32.1876444518566,43.9156795144081,2.97940248250961,1.88750195503235,5.16643124818802,3.48186615109444,4.33575773239136,43.8780166506767
2070.86832103133,18.6973252594471,1537.69705849886,117.494056671858,559.845063149929,8.12192475795746,1040.7031943202,101.59917640686,908.173491150141,9.53709906339645,371.144459038973,10.541685461998,1031.42378693819,6.72453594207764,2135.02329298854,2.09940958023071,312.736172705889,0,1022.47383648157,203.659715890884,236.114874571562,5.748998939991,810.089669078588,368.323294788599,121.809110194445,28.5945794582367,214.132627487183,7.91855958104134,1820.55800393224,1.61910653114319,125.336256146431,163.069320887327,77.8195387721062,75.4099992513657,38.6438052356243,44.6774058043957,659.339008271694,28.5231662988663,99.4741423130035,1.14783608913422,697.009457558393,56.5693503022194,304.61968293786,1.70164906978607,209.836163520813,0,513.984580725431,4.92976182699203,419.606547772884,0,912.25330132246,0,100.335585981607,0,103.57011076808,2.33265191316605,1581.0791451633,0.517776608467102,472.408086895943,0,364.937091946602,0,282.621663451195,0,112.544871270657,0,374.778958886862,52.8846946358681,664.143212616444,4.08188462257385,5911.86232632399,124.808571577072,0,38.605949819088,2072.59939455986,75.6537920832634,2143.10205689073,48.8063308000565,48.7383264899254,0,414.514864653349,0.664778411388397,268.991282314062,2.8436227440834,219.490927875042,3.23263174295425,45.3199950158596,2.98970586061478,126.312048524618,9.37512582540512,26.6418693959713,7.25189644098282,7.41724315285683,7.9101909995079,184.330999672413,11.962571144104,73.3234649598598,5.76590216159821,37.7893482446671,7.80968141555786,12.6970785558224,2.74112805724144,22.9427029490471,24.7609889507294,36.6885435283184,14.146786481142,24.5744172036648,5.56653276085854,14.525656491518,17.6782273054123,2.67826610803604,0.467465937137604,0,1.03871405124664,1.67384278774261,26.7763553261757
6.70702403783798,1807.76309880614,91.2760503292084,2217.53044274449,10.696645796299,1006.22843623161,90.1303167939186,1000.34923738241,22.8901142477989,957.588354438543,2.29417723417282,530.428101062775,12.9968552589417,763.371043324471,2.40189152956009,2569.92056405544,0,1008.88916146755,94.0225584208965,763.099730938673,8.11056232452393,227.753442108631,214.149363428354,1327.47039988637,23.1991452276707,282.856573849916,21.0198695957661,420.530202895403,7.5290561914444,3682.77019044757,54.8174878358841,106.096424669027,6.94159162044525,50.7572013437748,10.2114287316799,16.2425601482391,19.4237837195396,466.517762809992,2.78173387050629,97.5615825653076,9.44427889585495,1225.37524572015,55.2973236739635,306.647799164057,27.8920873701572,354.830065220594,15.7892934083939,695.008343249559,0,422.597975283861,0,540.324102431536,0,178.60322573781,0,285.689921885729,0,2003.73271253705,2.81965827941895,629.826705396175,0,327.013857215643,0,575.789191305637,1.14274215698242,398.695259928703,18.5397896170616,273.378388673067,0,137.661819964647,195.498139292002,3780.87585917115,38.605949819088,0,17.5275715589523,910.323571324348,42.6880584061146,1247.58773952723,0,226.707351773977,0,754.48427054286,1.36987555027008,524.479783713818,0,1096.6683383286,1.17491281032562,113.737157434225,2.40659141540527,587.419293314219,4.59820538759232,21.4174237251282,0,9.77315247058868,5.4174479842186,111.049692362547,3.68791502714157,2.73702168464661,3.64999008178711,69.8972679078579,2.42707857489586,3.64161512255669,3.8829031586647,27.1776459515095,6.89079275727272,24.960938513279,4.09589970111847,8.17218109965324,12.450611114502,16.5602889657021,6.43923318386078,1.62380146980286,0,0,0,2.46442699432373
696.107859641314,0.957267820835114,451.973183721304,7.89759457111359,18.96416208148,0,239.212824732065,20.2280007600784,51.7602728158236,0,75.1794456243515,0,142.442530244589,3.52532982826233,162.712662279606,0,35.7646510601044,0,376.974085539579,26.9900085330009,20.9927518367767,0,186.303058296442,30.5458655357361,3.98687517642975,1.1099648475647,2.54669663310051,0,67.034138828516,0,27.2431126832962,29.1391066908836,17.5499406456947,19.276519536972,8.34744346141815,1.96357494592667,1031.5965949595,25.1764393150806,94.609272569418,3.27505350112915,339.310031116009,33.2379341125488,10.28953525424,0.96868109703064,24.9671728909016,0,55.0944934785366,0,61.4413648545742,0,94.238273948431,0,2.81721389293671,0,18.4662483632565,0.565487146377563,367.828058540821,0,101.349203377962,0,79.3136912286282,0,34.9224485754967,0,14.7380050122738,0,68.4261143505573,1.32907521724701,238.819036692381,0,2692.02413642406,44.0685566663742,2072.59939455986,17.5275715589523,0,50.0967849493027,1193.17965877056,32.3555389344692,4.16523534059525,0,32.7114296257496,0,33.489088177681,0.739470660686493,21.1033259630203,0,38.7065891325474,6.67818993330002,49.2863079309464,4.24401181936264,55.9903673827648,153.742255240679,44.9012987613678,53.9244837760925,209.38618850708,34.8223588168621,77.3885427415371,31.6870292723179,39.6945220530033,50.3462972342968,32.9455210268497,47.5355210006237,83.8813471794128,173.119067072868,97.6529465317726,62.8760026097298,40.6933266818523,20.0342215001583,35.2350132763386,22.0885420739651,10.7145719528198,3.29218190908432,7.11569419503212,0,0.647803723812103,33.4220815896988
0,844.638553678989,13.9098011851311,709.845633983612,1.30194747447968,44.3051678240299,17.9782168865204,284.380223751068,0,77.6262116134167,0,79.8703925609589,1.81607925891876,84.0536766350269,0,130.982097625732,0,130.007413864136,26.4974707961082,410.441289186478,9.4431459903717,3.19226139783859,43.5838612914085,474.569185376167,0,26.3299004435539,0.518315970897675,13.6153001487255,0,58.532360970974,4.77055341005325,18.7143631577492,5.89933031797409,14.9586307406425,6.60159957408905,4.08392989635468,63.6512956917286,644.951349794865,37.3008762300014,99.3075299263,35.8531714677811,377.232319235802,2.0726526081562,39.0146696865559,4.56404966115952,69.4181329905987,2.94175922870636,56.0304262936115,0,69.2508724331856,0,108.374222695827,0,15.9312020242214,2.98391234874725,47.3976518809795,0,577.5375674963,0,159.152971237898,1.11653327941895,60.1928351223469,0,70.1070744097233,0,78.1655901372433,3.98357057571411,83.0047101080418,0.822782576084137,92.4172135293484,93.4800130724907,3060.78157389164,75.6537920832634,910.323571324348,50.0967849493027,0,45.4831841289997,845.057621330023,0,7.45925295352936,1.08259832859039,50.9946760833263,5.97783082723618,13.9331220686436,0,192.247013151646,11.1820569634438,16.1686068177223,20.1146560311317,130.940386027098,84.6000135540962,71.4009255170822,30.2873392701149,40.2581760585308,40.8827631771564,262.492974162102,52.2902649044991,15.71837246418,31.4206825792789,38.7512290775776,25.3029835820198,19.0489513278008,33.4319005012512,104.390410035849,29.7094058394432,73.7930125296116,25.945181697607,28.7015640437603,19.3158808946609,38.3340864181519,28.8810344040394,0,2.85032665729523,2.0197486281395,0.72020024061203,22.1612375676632
2744.0745280385,482.681406676769,1512.78944271803,259.573068529367,90.9036861360073,0,1239.34359461069,87.2264193892479,213.382426530123,1.78523236513138,354.926412522793,7.06787738204002,922.185018569231,0.519150495529175,662.46375232935,0,149.473272353411,17.4579977989197,1957.41244593263,756.819807231426,14.5044826865196,0,692.352459698915,32.439660847187,26.2858683764935,0,12.6246791183949,0,462.211948394775,0.412606924772263,78.731875538826,85.6140461564064,88.7363066077232,194.150302499533,130.789197742939,108.037659555674,4230.34708058834,176.88467296958,143.065334290266,24.9653723239899,316.455096960068,8.41992491483688,467.344279229641,122.972548991442,382.099695801735,94.1984449028969,731.58843293786,25.8494899570942,753.072744786739,36.1733546853065,1323.13510715961,32.1172251403332,67.5476325452328,1.2977402806282,97.2643026411533,14.4357426762581,2620.89726796746,561.490945786238,1086.59543573856,335.051905244589,555.357471346855,61.997224509716,418.697779178619,146.125441670418,148.874163687229,27.7174540758133,1522.01522859931,956.015469193459,2893.44901263714,505.100784897804,6880.65153825283,157.342130243778,2143.10205689073,42.6880584061146,1193.17965877056,45.4831841289997,0,462.910950571299,18.8106041550636,6.5505478978157,372.907973140478,57.4724447131157,106.834287285805,1.68538528680801,303.1889950037,40.9979817569256,52.9950618743896,2.07310181856155,300.931666582823,25.5924862325191,52.916108995676,34.9653750061989,93.4715637862682,37.8753259181976,949.454815000296,60.0807418525219,380.392184764147,9.35192954540253,31.414231300354,8.59683448076248,81.6808847486973,20.8449894189835,159.052407741547,66.4095813930035,550.635649442673,161.978554815054,103.54561367631,14.0551423728466,303.500548928976,595.684778541327,31.821218341589,3.44090569019318,19.6281127631664,20.3295140564442,7.5632971227169,242.276485145092
83.0841847658157,4577.60246136785,60.4973521828651,2796.72192171216,0,88.5669102966785,60.5311499834061,1596.53129008412,0,198.972322314978,3.37908524274826,265.766346633434,8.00889480113983,340.42017686367,0,422.796285003424,3.41125023365021,239.539006203413,307.798535197973,2687.42330116034,3.37293767929077,5.16260194778442,23.4192123413086,1165.75865352154,0.984293282032013,51.3690502643585,0,21.7721067368984,15.5211080312729,105.579890102148,21.0194344520569,67.8936574161053,35.1961863338947,148.628873944283,30.7970077395439,72.5014657974243,90.485598474741,3599.35781940818,12.576435148716,185.392598748207,0.834789931774139,237.180850893259,60.2559761404991,335.569989651442,55.0052840411663,433.013064980507,36.4372004270554,635.62858325243,26.6473270356655,438.03840303421,35.0689520537853,504.311543047428,0,85.6065486073494,0.98618757724762,178.580756664276,62.8103969991207,3425.11451742053,86.5408806204796,940.456995934248,53.1063531637192,374.462951689959,18.5068344473839,682.830885142088,10.3887504339218,241.619493991137,356.703259468079,844.782910019159,250.501993179321,896.419378966093,341.455320000648,7373.16792975366,48.8063308000565,1247.58773952723,32.3555389344692,845.057621330023,462.910950571299,0,2.16479539871216,8.949383020401,39.9949328899384,213.583998560905,1.22655034065247,25.5582149624825,15.399720788002,418.754192382097,0,85.2536143958569,3.78053587675095,305.160732835531,20.6476027965546,113.846921920776,25.1288478970528,220.985510468483,96.966780602932,953.734617292881,33.6444430351257,39.9444244503975,10.9373593330383,41.5962515473366,5.88428086042404,48.2634955048561,29.4536798000336,263.15667745471,121.930794775486,386.672708302736,37.9671447873116,40.2225477695465,302.116955935955,1006.8570458591,45.174958050251,13.4381528496742,22.5834158360958,21.3488210439682,43.3788409531116,221.258775085211
5.78557905554771,0,0.851946294307709,0,0,0,0,0,0,0,8.50440287590027,0,8.6161857843399,0,0,0,429.782103955746,0,0,0,0,0,0,0,0,0,0,0,452.574981272221,0,0,0,0,0.523697078227997,0,0.83267068862915,4.31493985652924,0,1.47917866706848,0,0,0,1.59617274999619,0,4.71622538566589,0,2.9734782576561,1.14348828792572,9.024569272995,0,34.9715166389942,0,0,0,0,0,17.4904302358627,2.33074808120728,46.4148977994919,2.72925853729248,24.7087300717831,0,75.115336805582,0,19.4763691723347,0,14.2601495683193,7.67328941822052,2.85067975521088,0,15.3103592693806,0,48.7383264899254,0,4.16523534059525,0,18.8106041550636,2.16479539871216,0,0,1106.27536934614,0,10.6492499709129,0,40.6149756908417,0.9462611079216,0,0,6.61140340566635,0,0,0,0,0,3.85541051626205,0,1.87769377231598,0,0,0,0,0,0,0,0,0,0,0,0,0,0,0,0,0,0,0
0,6.25877878069878,0,2.07401347160339,0,0,0,14.2760033607483,0,0,0,2.32812917232513,0,12.818261384964,0,0,0,150.309826612473,0,1.28578734397888,0,0,0,0,0,0,0,0,0,389.815178394318,0,0,0,0,2.02428388595581,0,0.661076605319977,2.70813345909119,0,2.35262668132782,0,0,0,0.85747617483139,0,1.29378736019135,0,1.65797537565231,0,12.830551981926,0,21.237749516964,0,0.485235512256622,0,4.45155584812164,0,90.3640719652176,0,96.4738585650921,0,24.3729982078075,0,78.8536314368248,0,30.5617557764053,0,12.4373280405998,0,0,0,4.70556217432022,0,226.707351773977,0,7.45925295352936,6.5505478978157,8.949383020401,0,0,0,1411.42885822058,0,14.5264320969582,0,9.60602283477783,0,0,0,2.21072882413864,0,0,0,0,0,0,0,0,0,0,0,0,0,0,0,0,0,0,0,0,0,0,0,0,0,0
431.887789845467,0,7.58882761001587,0,4.10305577516556,0,21.0633046030998,0,3.27860915660858,0,433.069305241108,0,171.2434476614,0,13.7182967662811,0,1740.03321027756,0,2.4986857175827,0,0.921049118041992,0,0.693835496902466,0,0.980300515890121,0,0.551506817340851,0,1249.70182913542,0,0,0,0,14.1827322244644,15.0039312541485,17.6178776025772,126.591591835022,6.55567103624344,27.2781487703323,0,5.18200612068176,0,81.5527391433716,0,92.1132837533951,0,122.749333351851,0,303.613094836473,0,812.953713208437,0,39.4932895600796,0,39.508818000555,0,247.994353234768,12.3681404590607,194.919372975826,11.1099840402603,556.548197776079,1.75190269947052,3639.25613445044,0,642.386377751827,0,130.273777097464,43.191142231226,9.52555993199348,8.10054236650467,153.182640820742,0,414.514864653349,0,32.7114296257496,1.08259832859039,372.907973140478,39.9949328899384,1106.27536934614,0,0,0,731.823034703732,0,4914.08297860622,0,17.9156240820885,0,217.452731221914,0,1.05299305915833,0,0,0,17.7298109531403,0,7.13411432504654,0,4.32698577642441,0,0,0,1.67928338050842,0,0,0,1.11077225208282,0,0,3.70652410387993,0,0,0,0,0,0
0,31.6442156732082,0,20.1122187077999,0,3.93145477771759,0,79.5906702280045,0,0,0,130.3467451334,0,147.775767982006,0,35.3782325685024,0,725.666976720095,0,17.8939873278141,0,1.63004368543625,0,2.52822017669678,0,0,0,0,0,682.193112313747,0,0,0,4.54146736860275,6.56142723560333,7.91103488206863,5.72546175122261,105.442553788424,0,17.1164458990097,0,22.9616304039955,3.39267575740814,51.1002670526505,8.55750876665115,130.443404227495,0,85.3400903046131,0,230.204089134932,0,465.097252070904,0,54.8273238539696,0,57.3767787218094,0.605463802814484,287.901698410511,0,520.675188839436,0,344.460678488016,0,2376.91264685988,0,675.421430796385,12.9607731103897,141.573451727629,1.54291236400604,4.38307458162308,6.75294518470764,36.0091746449471,0.664778411388397,754.48427054286,0,50.9946760833263,57.4724447131157,213.583998560905,0,1411.42885822058,0,0,0,1647.41432523727,0,5243.97880893946,0,159.448508799076,0,190.362199008465,0,0,0,0,0,2.25969874858856,0,0,0,5.18604275584221,0,0,0,0,0,0,0,0,0.883531928062439,0,0,0,0,0,0,0
34.0639115571976,0,44.9863420724869,2.26169979572296,68.7909875512123,0,24.736909866333,0,25.8220580518246,0,58.167720079422,0,32.4572363495827,0,130.114579081535,0,99.8524281978607,0,47.1710953116417,4.11099416017532,28.3874047398567,1.99160677194595,5.59671002626419,1.42453134059906,1.32497972249985,0,8.6103104352951,0,1478.67862316966,0,0,1.18498289585114,1.28409647941589,1.98003613948822,4.42252719402313,0.415194898843765,432.755722343922,1.37020337581635,95.88538646698,0,777.791691690683,8.92722129821777,17.6343605220318,0,1.27519482374191,0,124.216962665319,0,8.71007353067398,0,136.345667302608,0,12.9493491351604,0,62.9014463424683,0,20.5217494368553,0,10.6331344842911,0,38.9596900641918,0,78.8923740386963,0,26.1221450865269,0,20.1270271539688,0,7.02723276615143,0,67.3451168239117,4.86545664072037,268.991282314062,1.36987555027008,33.489088177681,5.97783082723618,106.834287285805,1.22655034065247,10.6492499709129,0,731.823034703732,0,0,0,799.786490082741,0,779.746078252792,0,278.751435667276,0,0.487879633903503,0,0,0,5.7194961309433,0,4.49721050262451,0,0,0,0,0,0,0,0,0,0.918107151985168,0,0,0.554219365119934,0,0,0,0,0,0
0,0,0,2.57007378339767,0,107.207554072142,0,0,0,10.6692627966404,0,0,0,1.05327141284943,0,159.025891155005,0,2.86506164073944,0,0,2.70179581642151,137.254088282585,0,2.16367661952972,0,2.85616657137871,0,31.3222726583481,0,466.114335507154,0,0,0,0,0,2.49794441461563,0,387.785893917084,0,97.3545533418655,0.775179982185364,1325.03943908215,3.12113985419273,40.1010314822197,0,0.532542705535889,1.71295619010925,89.3826922476292,0,13.8543553650379,0,65.2174372673035,0,10.570965886116,0,89.450378626585,0,0.434102088212967,0,11.0674775540829,0,3.2699681520462,0,5.13266134262085,0,28.3250932991505,0,6.85346668958664,0,0,1.95292562246323,14.407103061676,2.8436227440834,524.479783713818,0.739470660686493,13.9331220686436,1.68538528680801,25.5582149624825,0,14.5264320969582,0,1647.41432523727,0,0,0,700.3950304389,0,1360.1475417614,0,169.18657118082,0,0,0,0,0,3.56922379136086,0,0,0,6.44272696971893,0,0,0,0,0,0,0,0,0,0,0,0,0,0,0,0
1440.84002542496,0,14.2862594127655,0,15.8324612081051,0,176.791861355305,0,4.99087423086166,0,381.111218571663,0,131.160557627678,0,25.270162820816,0,157.59167021513,0,5.58153766393661,0,5.16735064983368,0,0,0,0,0,0.50594699382782,0,321.702663302422,0,0,0,0.965089857578278,1.21538865566254,8.28382962942123,16.728810608387,253.426721394062,5.12341898679733,21.2617688477039,0,49.6270234286785,1.57718110084534,101.174541175365,2.94291663169861,58.9688673615456,0,198.571060299873,0,242.609474569559,0,3199.784111619,0,198.361616760492,0,204.301020681858,0,344.224821329117,0,90.369275033474,0,1110.00163960457,0,1282.62573003769,0,2776.44383457303,0,70.7074715197086,7.09952104091644,0.96032303571701,0,174.466387033463,0,219.490927875042,0,21.1033259630203,0,303.1889950037,15.399720788002,40.6149756908417,0,4914.08297860622,0,799.786490082741,0,0,0,488.174162685871,0,4496.86507678032,0,0.464441448450089,0,0,0,8.13745963573456,0,6.01522761583328,0,7.51366102695465,0,0,0,0,0,0,0,0,0,0,0,0,0,0,0,0,0
0,249.638992130756,0,29.8225953578949,0,27.5254807770252,0,402.587937653065,0,5.75572302937508,0,335.281404942274,0,304.203964591026,0,62.2770580947399,0,112.58470711112,0,10.2393357753754,1.23509967327118,12.6783723831177,0,0,0,3.04180854558945,0,6.19555735588074,0,191.267581880093,0,0,0,4.1061127781868,11.1446242034435,9.41939425468445,4.14563244581223,459.294618397951,0,39.8934242725372,0,143.218053430319,21.982451736927,153.002224326134,10.0582019984722,131.43270072341,6.90874043107033,346.342042475939,5.37639689445496,229.174125313759,0,2013.08882850409,0,311.436619192362,0,414.730817526579,0,180.735736578703,0,184.282915353775,0,472.623790204525,0,1915.6948132515,0,3526.16427689791,4.68914669752121,115.764608412981,0,2.64949083328247,4.54120618104935,143.27861019969,3.23263174295425,1096.6683383286,0,192.247013151646,40.9979817569256,418.754192382097,0.9462611079216,9.60602283477783,0,5243.97880893946,0,700.3950304389,0,0,0,899.072554737329,0,4874.74036082625,0,1.99998068809509,0,0,0,16.5415208637714,0,0,0,49.5153882801533,0,0,0,0,0,0,0,0,0,0.733468353748322,0,0,0,0,0,0
0,0,0,0,24.6562788784504,0,0,0,5.25579872727394,0,0,0,0,0,38.0045121312141,0,1.43102210760117,0,0,0,9.09382158517838,0,0,0,0,0,2.31433796882629,0,142.369656145573,0,1.0725017786026,0,0,0,2.50318276882172,0,849.444466382265,3.89678698778152,203.873567610979,0,1000.44704824686,9.08633065223694,12.750151515007,0,2.88088244199753,0,87.4548835158348,0,0.577864050865173,0,16.9824910461903,0,7.32029211521149,0,285.52164709568,0,0,0,0,0,2.13999027013779,0,8.58198145031929,0,5.62706393003464,0,15.1427706182003,0.585290551185608,0,0,13.1431600451469,4.13662755489349,45.3199950158596,1.17491281032562,38.7065891325474,11.1820569634438,52.9950618743896,0,0,0,17.9156240820885,0,779.746078252792,0,488.174162685871,0,0,0,1013.50881534815,0,0,0,0,0,7.43423503637314,0,2.69974285364151,0,0,0,0,0,0,0,0,0,2.54887479543686,0,0,1.05483195185661,0,0,0,0,0,0
0,0,0,1.39735147356987,0,20.616405159235,0,0,0,5.66164398193359,0,0,0,0,0,47.3348874151707,0,0,0,0,3.2052087187767,28.2528100609779,0,0.536433696746826,0,1.53132140636444,0,6.85798296332359,0,31.7862414419651,0,0,0,0,0,1.23761039972305,3.57950568199158,925.82813808322,0,471.139427036047,4.04853665828705,1552.34691163898,1.9247507750988,21.9117915630341,0,1.35598927736282,2.20269727706909,72.911578476429,0,0.509138524532318,0,9.06329452991486,0,4.07006666064262,0,516.911604195833,0,0,0,0,0,0,0,4.99357450008392,0,8.40168580412865,0,13.2823098599911,0,0,3.4815371632576,18.580020159483,2.98970586061478,113.737157434225,6.67818993330002,16.1686068177223,2.07310181856155,85.2536143958569,0,0,0,159.448508799076,0,1360.1475417614,0,899.072554737329,0,0,0,1645.67001774907,0,0,0,0,0,6.17223906517029,0,1.53910851478577,0,5.2444581091404,0,0,0,0,0,0,0,0,0,1.07145482301712,0,0,0,0,0,0
726.913462817669,0,0,0,9.65152028203011,0,35.3999968767166,0,2.96244966983795,0,137.42516887188,0,23.5434910655022,0,31.2649998962879,0,39.5578263998032,0,0,0,8.33816587924957,0,0.588512778282166,0,0,0,1.75404393672943,0,136.973191946745,0,0.577114284038544,0,0,3.21544325351715,54.1151660978794,41.2316184043884,1467.81093269587,6.05797040462494,301.53111332655,0,199.085392296314,20.3612197041512,305.461268246174,0,88.0183390378952,0,969.915479540825,0,286.328420639038,0,2446.05200773478,0,512.381583631039,0,2857.81735992432,0,246.12434053421,0,67.1655025482178,0,275.456262975931,0,403.068123340607,0,386.375824511051,0,215.051533848047,36.0020765662193,1.9594554901123,0,94.2790893018246,9.47141653299332,126.312048524618,2.40659141540527,49.2863079309464,20.1146560311317,300.931666582823,3.78053587675095,6.61140340566635,0,217.452731221914,0,278.751435667276,0,4496.86507678032,0,1013.50881534815,0,0,0,19.1860752701759,0,0,0,9.62458974123001,0,7.07128000259399,0,22.8067443072796,0,0,0,0,0,0,0,0,0,0,1.82299327850342,0,0,0,0,0,0
0,235.561453700066,0,11.6994090676308,0,8.60655227303505,0,210.058272242546,0,2.40446481108665,0,29.8261896967888,0,15.6162430644035,0,14.3448897004128,0,26.7400200366974,0,0.418866842985153,2.79548537731171,3.70278453826904,0,0,0,1.98932045698166,0,1.60626152157784,0,45.6193519532681,0,0,0,7.9290360212326,12.4470504522324,20.3796460926533,16.8080752193928,1513.11930799484,0,265.680150896311,5.91483119130135,453.460871517658,25.5384549796581,258.188566505909,8.55796191096306,176.87955096364,12.4306402504444,488.686189800501,0,224.275650054216,0,1462.01963356137,0,820.191831767559,0,3090.49554994702,0,144.322083771229,0,124.179656475782,0,163.595889508724,0,174.017517238855,0,1137.02665883303,12.3437394499779,192.524820268154,0,0,1.49493706226349,144.799707949162,9.37512582540512,587.419293314219,4.24401181936264,130.940386027098,25.5924862325191,305.160732835531,0,2.21072882413864,0,190.362199008465,0,169.18657118082,0,4874.74036082625,0,1645.67001774907,0,0,0,0,0,0,0,12.5556105673313,0,0,0,39.5560614466667,0,0,0,1.13994479179382,0,0,0,0,0,0.757997632026672,0.837744772434235,0,0,0,0,0
0,0,0,0,0,0,0,0,0,0,0,0,0,0,0,0,0,0,0,0,0,0,0,0,0,0,0,0,4.22619593143463,0,0,0,0,0,0,0,139.107181489468,43.1723421812057,457.251373529434,62.3489324450493,1.76922413706779,0,43.9434996545315,0,0,0,99.5934444963932,0,3.2387937605381,0,55.99948528409,0,40.9873064756393,0,30.6528481841087,0,0,0,0,0,0,0,0,0,0,0,0.970006287097931,0,0,0,23.8464568853378,13.0736705064774,26.6418693959713,4.59820538759232,55.9903673827648,84.6000135540962,52.916108995676,20.6476027965546,0,0,1.05299305915833,0,0.487879633903503,0,0.464441448450089,0,0,0,19.1860752701759,0,0,196.2613748312,1900.95649775863,39.9148004055023,343.923954755068,328.994776844978,2834.65229001641,122.69429308176,2421.7611502409,215.817422807217,619.928558379412,30.278841137886,542.201412886381,280.812734246254,425.242647022009,96.4531568288803,382.992507219315,120.479166418314,6.8294852077961,21.9442973434925,73.0285106897354,42.5827347636223,46.1474035382271,11.5153146982193,2.08906731009483,19.298892557621
0,0,0,0,0,0,0,0,0,0,0,0,0,0,0,0,0,0,0,0,0,0,0,0,0,0,0,0,0,0,0,0,0,0,0,0,169.806867688894,77.0699693262577,293.878270596266,75.863429993391,0,2.38109087944031,0,0,0,0.513902842998505,0,3.24599558115005,0,0,0,0,0,0,0,0,0,0,0,0,0,0,0,0,0,0,0,0,0,0,23.0791274011135,15.4241860508919,7.25189644098282,21.4174237251282,153.742255240679,71.4009255170822,34.9653750061989,113.846921920776,0,0,0,0,0,0,0,1.99998068809509,0,0,0,0,196.2613748312,0,14.7220442295074,2147.40609684587,142.639748185873,679.214379370213,492.878961056471,833.73373156786,243.00276350975,2199.17945918441,84.2489265799522,288.847221434116,103.884827047586,656.295644372702,98.9757709801197,486.512906312943,150.688397407532,471.001292467117,64.649307101965,44.4690759181976,176.408127754927,69.419448196888,131.656080037355,5.69515061378479,74.9874781370163,62.4842681884766
0,0,0,0,0,0,0,0,0,0,0,0,0,0,0,0,0,0,0,0,0,0,0,0,0,0,0,0,1.70168793201447,0,0,0,0,0,0,0,60.8717305362225,8.99845212697983,92.506080955267,20.9806282520294,1.38501036167145,0,0,0,0,0,2.26973474025726,0,0,0,0,0,0,0,0,0,0,0,0,0,0,0,0,0,0,0,0,0,0,0,9.43156236410141,1.01670944690704,7.41724315285683,0,44.9012987613678,30.2873392701149,93.4715637862682,25.1288478970528,0,0,0,0,0,0,0,0,0,0,0,0,1900.95649775863,14.7220442295074,0,4.2008039355278,409.553013205528,68.1949880123138,782.063275873661,29.0714423656464,252.778174132109,34.6768972277641,3058.84267356992,1.01658093929291,1139.78173455596,54.5612049400806,713.798779845238,42.5694748461246,226.201257944107,58.959171384573,30.0456550419331,41.0337662994862,134.83542817831,70.8788161873817,205.855045706034,34.6610960662365,7.7559120953083,47.1705288290977
0,0,0,0,0,0,0,0,0,0,0,0,0,0,0,0,0,0,0,0,0,0,0,0,0,0,0,0,0,3.22276759147644,0,0,0,0,0,0,74.3819188475609,52.7058169543743,71.3026577830315,29.669343650341,0.547291576862335,5.14415022730827,0,0,0,0,0,3.01381295919418,0,0,0,0,0,0,0,0,0,0,0,0,0,0,0,0,0,0,0,0,0,0,3.48635941743851,12.8641844987869,7.9101909995079,9.77315247058868,53.9244837760925,40.2581760585308,37.8753259181976,220.985510468483,0,0,0,0,0,0,0,0,0,0,0,0,39.9148004055023,2147.40609684587,4.2008039355278,0,73.428696334362,267.202930182219,139.957463234663,391.275195747614,53.3877980113029,367.519697278738,14.532051384449,1654.43220758438,39.3446704149246,1589.77618426085,52.1051989793777,908.979992419481,73.4105907380581,295.002339959145,134.933699637651,103.454948276281,313.74333935976,100.358830749989,288.710296481848,29.6926307380199,159.200714707375,110.379919081926
179.095492511988,3.29767143726349,58.0898297131062,2.41920113563538,1.08270853757858,0,30.6582304537296,0,3.70674139261246,0,18.360559463501,1.59670734405518,18.3535742461681,0,9.33446145057678,0,3.49263924360275,0,110.46273240447,0.600771486759186,0,0,10.9844655096531,0,0,0,0,0,26.2945935428143,0,2.43016481399536,1.10914123058319,2.55868738889694,2.17309445142746,4.36075431108475,0,204.12092885375,14.6939541101456,71.5537460446358,15.9208097755909,7.26842212677002,0.655254065990448,8.85199329257011,0,14.1998502612114,0,105.613014936447,0,49.3341978192329,0,103.838340967894,0,6.63932290673256,0,2.66557943820953,0,131.588400602341,3.31564539670944,77.486790060997,0.71223646402359,24.906986117363,0,24.2820900082588,0,3.88533473014832,0,58.9168485403061,0,79.9086689949036,0,272.643729954958,36.8694625794888,184.330999672413,5.4174479842186,209.38618850708,40.8827631771564,949.454815000296,96.966780602932,3.85541051626205,0,17.7298109531403,0,5.7194961309433,0,8.13745963573456,0,7.43423503637314,0,9.62458974123001,0,343.923954755068,142.639748185873,409.553013205528,73.428696334362,0,132.123336285353,1538.66802415252,41.438930273056,105.571672737598,62.671502828598,287.889440476894,26.0895461440086,481.39501991868,92.2852339148521,712.972609579563,92.1812289953232,160.447386741638,23.6567744910717,111.353429317474,626.814888626337,221.348485589027,52.8448971509933,104.969440549612,99.799364566803,17.8956814408302,106.542486250401
0,225.072026222944,0.96270489692688,102.790306150913,0,0.805660456418991,0,50.8129498660564,0,2.64092314243317,1.78392314910889,6.51348903775215,0.667316794395447,7.05767229199409,1.01527857780457,6.64308455586433,0,6.69191211462021,2.18621879816055,86.1287212073803,0,0,0,30.1646171212196,0,0.507223129272461,0,0.47772553563118,0,3.41573533415794,0,3.83941519260406,0.558512687683105,2.75630623102188,0,0,50.2301603555679,244.737289994955,105.580537170172,116.484715163708,0,16.1097031533718,0.544075131416321,34.9115949273109,2.39701735973358,25.0301418304443,8.97055006027222,35.1045524775982,0,39.8392717242241,0,58.1199595332146,0,4.80033534765244,0,9.24203407764435,1.70754671096802,224.976793318987,0,74.0301950871944,0,15.4802035689354,0,25.7667674422264,0,36.589156806469,0,29.5822065472603,0.961871802806854,20.2458758950233,20.6495488286018,219.366584539413,11.962571144104,111.049692362547,34.8223588168621,262.492974162102,60.0807418525219,953.734617292881,0,0,0,2.25969874858856,0,3.56922379136086,0,16.5415208637714,0,6.17223906517029,0,12.5556105673313,328.994776844978,679.214379370213,68.1949880123138,267.202930182219,132.123336285353,0,196.436144441366,1048.19925695658,73.0351506769657,406.244404196739,93.5980223417282,64.4439050853252,91.3741048276424,328.586463481188,113.996292710304,364.459264189005,49.4209031164646,139.030337721109,55.6261096596718,900.558365851641,364.715849429369,30.4270929098129,41.8050771653652,19.6146832108498,14.7435498833656,40.1714474260807
18.7237460613251,0,4.66262549161911,0,0,0,4.96407651901245,1.64466941356659,0.377266854047775,0,0.733625590801239,0,4.15426301956177,0,2.73388448357582,0,0.912669777870178,0,5.83558011054993,0.715608894824982,0,0,1.78828096389771,0,0,0,0,0,9.40151691436768,0,0,0,0,1.16631269454956,2.65080976486206,0.637026786804199,153.194090634584,24.8859781324863,157.901173859835,38.3370755910873,3.0020018517971,0,8.85159784555435,0,8.78129285573959,0,74.4180401563644,1.11763477325439,20.7575444281101,0,48.9637751579285,0,1.4669337272644,0,1.57086193561554,0,31.0613497495651,0,22.8247357010841,0,10.4315649867058,0,4.67072173953056,0,8.73196756839752,0,16.6325307190418,1.25978994369507,14.8105688691139,0,57.8286717534065,23.6053939759731,73.3234649598598,3.68791502714157,77.3885427415371,52.2902649044991,380.392184764147,33.6444430351257,1.87769377231598,0,7.13411432504654,0,4.49721050262451,0,6.01522761583328,0,2.69974285364151,0,7.07128000259399,0,2834.65229001641,492.878961056471,782.063275873661,139.957463234663,1538.66802415252,196.436144441366,0,70.8420051336288,2806.95448133349,195.015812158585,511.772228747606,63.5742157697678,625.527501434088,278.986662834883,726.656055927277,94.9229021072388,314.497882783413,44.7638424932957,24.7286765277386,193.086630403996,688.559867799282,97.4600619077682,168.685918569565,29.2387916147709,8.75791534781456,47.076739937067
0,1.56329262256622,0,0,0,0,0,0,0,0,0,0,0,0,0,0.640664279460907,0,0,0,0.790999829769135,0,0,0,0,0,0,0,0,0,0,0,0,0,1.25260642170906,0,1.31861543655396,19.8641501069069,13.7212166786194,23.6359082460403,25.0950568914413,0,1.0836945772171,1.59038043022156,22.5333845317364,1.2558451294899,15.7237820625305,0,100.387842953205,0,1.85959321260452,0,0,0,0,0,6.92253696918488,0,0,0,0.859567642211914,0,0,0,0,0,0,0,3.40508604049683,0,0,7.55321887135506,7.41250312328339,5.76590216159821,2.73702168464661,31.6870292723179,15.71837246418,9.35192954540253,39.9444244503975,0,0,0,0,0,0,0,0,0,1.53910851478577,0,0,122.69429308176,833.73373156786,29.0714423656464,391.275195747614,41.438930273056,1048.19925695658,70.8420051336288,0,37.6932769417763,2291.80020022392,44.6358520686626,62.7753407657146,43.8106887936592,323.527656883001,29.061251938343,340.062062680721,31.1966410577297,308.975522398949,14.4970671534538,149.590447634459,601.814554184675,126.888551831245,80.1698257923126,8.31766092777252,14.7713212370872,23.9052328169346
0,0,0,0,0,0,0,0,0,0,0,0,0,0,0,0,0,0,0,0,0,0,0,0,0,0,0,0,9.21213716268539,0,0,0,0,0,0,0,78.094086676836,16.4968725442886,57.6907145380974,5.54077678918839,5.61958277225494,0,222.712668955326,0,9.67139399051666,0,315.618140906096,0,6.65686479210854,0,17.307491004467,0,38.6041176021099,0,75.8208208680153,0,2.10439395904541,0,0,0,0,0,0,0,0,0,11.4077197313309,0,0,0,11.0197137594223,2.05091804265976,37.7893482446671,3.64999008178711,39.6945220530033,31.4206825792789,31.414231300354,10.9373593330383,0,0,4.32698577642441,0,0,0,7.51366102695465,0,0,0,22.8067443072796,0,2421.7611502409,243.00276350975,252.778174132109,53.3877980113029,105.571672737598,73.0351506769657,2806.95448133349,37.6932769417763,0,107.143601447344,134.482536494732,38.0692555308342,138.835638493299,223.175268530846,123.114275127649,59.0582302212715,129.501154899597,35.7573063969612,0.562404692173004,4.15501838922501,31.3825759589672,68.8268336653709,27.6233226060867,2.96152257919312,2.15628838539124,5.12342995405197
0,0,0,0,0,0,0,0,0,0,0,0,0,0,0,0,0,0,0,0,0,0,0,0,0,0,0,0,0,13.6827898025513,0,0,0,1.09350848197937,0,0,63.945654630661,87.9299699366093,68.8974919319153,17.2749580144882,0,27.6888256072998,225.9461196661,170.51102951169,4.31912899017334,40.7250050604343,9.96660980582237,1008.18829622865,0,43.3620533943176,0,6.57363319396973,0,48.9778206348419,0,381.561191469431,0,3.03416097164154,0,0,0,0,0,0,0,0,0,2.77371364831924,0,0,4.58230689167976,9.48951464891434,7.80968141555786,69.8972679078579,50.3462972342968,38.7512290775776,8.59683448076248,41.5962515473366,0,0,0,5.18604275584221,0,6.44272696971893,0,49.5153882801533,0,5.2444581091404,0,39.5560614466667,215.817422807217,2199.17945918441,34.6768972277641,367.519697278738,62.671502828598,406.244404196739,195.015812158585,2291.80020022392,107.143601447344,0,63.2750199437141,51.3482075929642,58.8254141807556,226.561191856861,32.6063495278358,143.538543194532,40.1413857936859,506.111421138048,2.83779352903366,6.13868069648743,132.294260948896,226.289840936661,259.531285911798,12.3896790146828,6.35055035352707,8.32582670450211
0,0,0,0,0,0,0,0,0,0,0,0,0,0,0,0,0,0,0,0,0,0,0,0,0,0,0,0,0.599076271057129,0,0,0,0,0,0,0,48.6804230809212,8.60948634147644,91.3592594861984,11.9346009492874,0,0,0,0,0,0,0,0,0,0,0,0,0,0,0,0,0,0,0,0,0,0,0,0,0,0,0,0,0,0,17.1928503215313,2.22508293390274,12.6970785558224,2.42707857489586,32.9455210268497,25.3029835820198,81.6808847486973,5.88428086042404,0,0,0,0,0,0,0,0,0,0,0,0,619.928558379412,84.2489265799522,3058.84267356992,14.532051384449,287.889440476894,93.5980223417282,511.772228747606,44.6358520686626,134.482536494732,63.2750199437141,0,11.3005807995796,1839.71960800886,176.37073007226,566.385283231735,54.021173119545,303.762333512306,56.420705229044,16.1025918126106,16.9826491475105,51.6841746866703,11.8516745567322,40.3668145537376,7.22272536158562,7.74619787931442,24.0417510569096
0,0,0,0,0,0,0,0,0,0,0,0,0,0,0,0,0,0,0,0,0,0,0,0,0,0,0,0,0,1.57014429569244,0,0,0,0,0,0,34.3354597389698,19.2555571198463,30.4854610860348,19.1816303133965,0,1.13547945022583,0,0,0,0,0,0,0,0,0,0,0,0,0,0,0,0,0,0,0,0,0,0,0,0,0,0,0,0,5.00174832344055,3.49194157123566,2.74112805724144,3.64161512255669,47.5355210006237,19.0489513278008,20.8449894189835,48.2634955048561,0,0,0,0,0,0,0,0,0,0,0,0,30.278841137886,288.847221434116,1.01658093929291,1654.43220758438,26.0895461440086,64.4439050853252,63.5742157697678,62.7753407657146,38.0692555308342,51.3482075929642,11.3005807995796,0,28.2332198619843,2048.17347469926,37.4062858223915,316.776146024466,50.2869564592838,217.530518710613,12.111779242754,7.80586570501328,14.6127598881721,1.2131627202034,7.23850557208061,3.21583962440491,13.4538419246674,13.5535999536514
0,0,0,0,0,0,0,0,0,0,0,0,0,0,0,0,0,0,0,0,0,0,0,0,0,0,0,0,0,0,0,0,0,0,0,0,127.046438723803,20.8146712779999,100.917206585407,15.4327818751335,1.15142998099327,0,0,0,0,0,0.638123333454132,0,0,0,0,0,0,0,0,0,0,0,0,0,0,0,0,0,0,0,0,0,0,0,42.2343513071537,2.25319236516953,22.9427029490471,3.8829031586647,83.8813471794128,33.4319005012512,159.052407741547,29.4536798000336,0,0,1.67928338050842,0,0,0,0,0,0,0,0,0,542.201412886381,103.884827047586,1139.78173455596,39.3446704149246,481.39501991868,91.3741048276424,625.527501434088,43.8106887936592,138.835638493299,58.8254141807556,1839.71960800886,28.2332198619843,0,310.56631359458,6389.55586966872,81.5039143562317,612.912291318178,67.7923817634583,81.6995728611946,89.4132009446621,246.089197784662,83.4713804721832,200.757462024689,700.202663242817,372.361519187689,99.759117603302
0,0,0,0,0,0,0,0,0,0,0,0,0,0,0,0,0,0,0,0,0,0,0,0,0,0,0,0,0.622860312461853,2.91313660144806,0,0,0,0,0,0,155.65680667758,104.88920673728,96.4263387620449,70.9884167313576,1.14037251472473,2.41402399539948,0,1.72780954837799,0,0,1.05042397975922,1.41363424062729,0,0,0,0,0,0,0,0,0,0.569813191890717,0,0,0,0,0,0,0,0,0,0,0,0,33.2613322734833,42.9883964061737,24.7609889507294,27.1776459515095,173.119067072868,104.390410035849,66.4095813930035,263.15667745471,0,0,0,0,0,0,0,0,0,0,0,1.13994479179382,280.812734246254,656.295644372702,54.5612049400806,1589.77618426085,92.2852339148521,328.586463481188,278.986662834883,323.527656883001,223.175268530846,226.561191856861,176.37073007226,2048.17347469926,310.56631359458,0,143.462296307087,6099.81768071651,186.71257558465,628.202776819468,80.9239347279072,73.8593363165855,250.711301863194,43.9907034933567,160.576475650072,259.290964961052,191.425595521927,101.504096150398
9.91960045695305,0,0,0,0,0,0,0,0,0,1.51795160770416,1.82615351676941,0.885501980781555,0,0,0,0,0,1.31126952171326,0.918895423412323,0.430055886507034,0,0,0,0,0,0,0,3.85560810565948,1.88088631629944,0,0,0.552169144153595,0,0,0,98.3496836125851,9.77959829568863,35.5348907411098,7.7995565533638,4.14204269647598,2.26674365997314,0,0,0,0,4.20602658390999,0,0,0,0.633043229579926,0,0,0,0,0,2.66200625896454,0,0.652392745018005,0,0,0,0,0,0,0,1.51530605554581,0,3.58367615938187,0,109.790144771338,30.591697871685,36.6885435283184,6.89079275727272,97.6529465317726,29.7094058394432,550.635649442673,121.930794775486,0,0,0,0,0,0,0,0,0,0,0,0,425.242647022009,98.9757709801197,713.798779845238,52.1051989793777,712.972609579563,113.996292710304,726.656055927277,29.061251938343,123.114275127649,32.6063495278358,566.385283231735,37.4062858223915,6389.55586966872,143.462296307087,0,357.42202553153,465.710954219103,42.085939437151,114.28696167469,94.5239824056625,238.902405619621,53.3959279358387,81.1177693605423,58.6610464155674,647.647473961115,302.626365274191
3.15885007381439,3.22725576162338,0,2.90160894393921,0,0,2.09562754631042,0,0,0,1.20404720306396,0,0,0,0,0,0,0,0,0,0,0,0,0,0,0,0,0,0,2.06101202964783,0,0,0,0,0,2.12042021751404,48.0129197239876,48.4077961444855,26.8386078774929,16.7215275764465,1.37553438544273,3.87389495968819,0,0,0,0,0,0.394543796777725,0,0,0,0,0,0,0,0,0,7.93675988912582,0,0,0,0.523119747638702,0,2.14640682935715,0,0,0,0.749987244606018,0.663919925689697,1.4370744228363,31.5087584257126,61.8660331964493,14.146786481142,24.960938513279,62.8760026097298,73.7930125296116,161.978554815054,386.672708302736,0,0,0,0,0,0,0,0,0,0,0,0,96.4531568288803,486.512906312943,42.5694748461246,908.979992419481,92.1812289953232,364.459264189005,94.9229021072388,340.062062680721,59.0582302212715,143.538543194532,54.021173119545,316.776146024466,81.5039143562317,6099.81768071651,357.42202553153,0,63.1331563293934,448.551247209311,135.051059305668,85.1187482774258,378.830651253462,79.2723314166069,98.1903999745846,82.7606165409088,613.365345984697,422.144325762987
4.77742207050323,0,0,1.53532099723816,0,0,2.60971432924271,0,0,0,0,0,0,0,0,0,0,0,0,0,0,0,0,0,0,0,0,0,2.03181934356689,0,0,0,0,0,0,0,69.5122229456902,19.2424000501633,59.9461047053337,5.96251717209816,0.435143619775772,0,0,0,0,0,0.853886485099792,0,0,0,1.45445954799652,0,0,0,0,0,10.1510863304138,1.19077503681183,2.29760783910751,0,5.43132591247559,0,1.88397413492203,0,0,0,1.42531502246857,0,1.75493800640106,0,34.3158066570759,14.3316950201988,24.5744172036648,4.09589970111847,40.6933266818523,25.945181697607,103.54561367631,37.9671447873116,0,0,1.11077225208282,0,0.918107151985168,0,0,0,2.54887479543686,0,0,0,382.992507219315,150.688397407532,226.201257944107,73.4105907380581,160.447386741638,49.4209031164646,314.497882783413,31.1966410577297,129.501154899597,40.1413857936859,303.762333512306,50.2869564592838,612.912291318178,186.71257558465,465.710954219103,63.1331563293934,0,34.1330530643463,9.57852134108543,15.7126959562302,52.913609534502,15.4067922234535,18.3850917220116,13.1333468556404,6.19889762997627,48.0990432202816
0,5.16865247488022,0,0,0,0,0,0,0,0,2.07733654975891,0,0,0,0,0,0,0,0,0,0,0,0,0,0,0,0,0,0,1.59951031208038,0,0,0,0,0,0,33.4770991802216,20.3494332432747,16.2704384028912,20.9122334122658,0.921081125736237,1.06652522087097,0,1.48690915107727,0,0,0,0.830974221229553,0,0,0,0,0,0,0,0,0,2.4606409072876,0,0,0,0,0,1.32239520549774,0,0,0,0,0,0,20.0758174657822,5.5713455080986,5.56653276085854,8.17218109965324,20.0342215001583,28.7015640437603,14.0551423728466,40.2225477695465,0,0,0,0,0,0,0,0,0,0,0,0,120.479166418314,471.001292467117,58.959171384573,295.002339959145,23.6567744910717,139.030337721109,44.7638424932957,308.975522398949,35.7573063969612,506.111421138048,56.420705229044,217.530518710613,67.7923817634583,628.202776819468,42.085939437151,448.551247209311,34.1330530643463,0,5.23225006461143,9.08605492115021,35.1727098226547,13.7075976133347,8.09448117017746,4.32511007785797,10.3778986334801,17.2105827927589
15.0332720279694,20.6548952460289,10.8307529687881,23.9947009086609,0,0.788460552692413,5.37426048517227,7.25082665681839,2.38947716355324,0,1.46610629558563,0,5.58893746137619,1.04124784469604,2.23409378528595,0,0.877527415752411,6.36486893892288,7.05352503061295,14.1491886675358,0,0,1.45538556575775,4.66645097732544,0,0,0,0.739667117595673,1.76289010047913,0,0.574013233184814,0,0,0,0,0,26.5536786317825,5.47793078422546,0,1.30786216259003,4.20268994569778,4.02865132689476,0,0,0,0,2.70416009426117,1.46364665031433,0,0,0,0,0,0,0,0,6.74491602182388,6.30102878808975,0,0.854071438312531,0,0.47938334941864,0.760896146297455,2.06123450398445,0,0.862199664115906,0,1.07800340652466,6.76272761821747,0,41.1008497178555,32.1876444518566,14.525656491518,12.450611114502,35.2350132763386,19.3158808946609,303.500548928976,302.116955935955,0,0,0,0.883531928062439,0,0,0,0,0,0,0,0,6.8294852077961,64.649307101965,30.0456550419331,134.933699637651,111.353429317474,55.6261096596718,24.7286765277386,14.4970671534538,0.562404692173004,2.83779352903366,16.1025918126106,12.111779242754,81.6995728611946,80.9239347279072,114.28696167469,135.051059305668,9.57852134108543,5.23225006461143,0,455.950086325407,257.604510933161,78.333372592926,143.511054843664,302.531654834747,124.241976588964,236.431124925613
15.7086672186852,32.095206797123,7.75678679347038,26.9976344108582,0,0,7.07496464252472,3.54916593432426,0,0,2.40485215187073,0.490284413099289,7.47393751144409,0,1.6688320338726,1.94126957654953,0,1.55686849355698,9.23348322510719,9.93356478214264,0,0,0,4.02610927820206,0,0,0,0,3.35261338949203,2.32678544521332,0,0,0,0,0,1.45956063270569,29.1455256640911,45.5407225191593,1.69444328546524,1.75936365127563,0.820977628231049,2.09928894042969,0.756035804748535,1.5391286611557,0.833459675312042,1.15374803543091,55.9833874702454,66.263643682003,4.55193144083023,4.24049091339111,7.87264084815979,7.87372255325317,0,0,0.590513467788696,0.697618544101715,5.71889859437943,37.2388989627361,6.95945253968239,7.83614844083786,0.967631638050079,0,0,3.09063982963562,0,4.53959369659424,7.19364592432976,5.97568494081497,5.44075036048889,3.7884863615036,28.2800803482533,43.9156795144081,17.6782273054123,16.5602889657021,22.0885420739651,38.3340864181519,595.684778541327,1006.8570458591,0,0,3.70652410387993,0,0.554219365119934,0,0,0.733468353748322,1.05483195185661,1.07145482301712,1.82299327850342,0.757997632026672,21.9442973434925,44.4690759181976,41.0337662994862,103.454948276281,626.814888626337,900.558365851641,193.086630403996,149.590447634459,4.15501838922501,6.13868069648743,16.9826491475105,7.80586570501328,89.4132009446621,73.8593363165855,94.5239824056625,85.1187482774258,15.7126959562302,9.08605492115021,455.950086325407,0,904.618718445301,94.9276062250137,160.507435768843,297.805177867413,74.6717065870762,107.525603413582
0,0,0,0,0,0,0,0,0,0,0,0,0,0,0,0,0,0,0,0,0,0,0,0,0,0,0,0,0,0,0,0,0,0,0,0,11.244074344635,8.86584448814392,0,7.05032873153687,0.658372104167938,0.713560938835144,0,0,0,0,0,1.03311359882355,0,0,0,0,0,0,0,0,0,0,0,0,0,0,0,0,0,0,0,0,0,0,1.8018986582756,2.97940248250961,2.67826610803604,6.43923318386078,10.7145719528198,28.8810344040394,31.821218341589,45.174958050251,0,0,0,0,0,0,0,0,0,0,0,0.837744772434235,73.0285106897354,176.408127754927,134.83542817831,313.74333935976,221.348485589027,364.715849429369,688.559867799282,601.814554184675,31.3825759589672,132.294260948896,51.6841746866703,14.6127598881721,246.089197784662,250.711301863194,238.902405619621,378.830651253462,52.913609534502,35.1727098226547,257.604510933161,904.618718445301,0,442.067437231541,467.001466244459,453.324662387371,174.333700120449,257.340120524168
0,0,0,0,0,0,0,0,0,0,0,0,0,0,0,0,0,0,0,0,0,0,0,0,0,0,0,0,0,0,0,0,0,0,0,0,0.432977348566055,5.33101642131805,4.21667385101318,3.73124063014984,0,0,0,0,0,0,0,0,0,0,0,0,0,0,0,0,0,0,0,0,0,0,0,0,0,0,0,0,0,0,0,1.88750195503235,0.467465937137604,1.62380146980286,3.29218190908432,0,3.44090569019318,13.4381528496742,0,0,0,0,0,0,0,0,0,0,0,0,42.5827347636223,69.419448196888,70.8788161873817,100.358830749989,52.8448971509933,30.4270929098129,97.4600619077682,126.888551831245,68.8268336653709,226.289840936661,11.8516745567322,1.2131627202034,83.4713804721832,43.9907034933567,53.3959279358387,79.2723314166069,15.4067922234535,13.7075976133347,78.333372592926,94.9276062250137,442.067437231541,0,396.998282730579,149.492718815804,25.7792138457298,70.1270425915718
0,0,0,0,0,0,0,0,0,0,0,0,0,0,0,0,0,0,0,0,0,0,0,0,0,0,0,0,0,0,0,0,0,0,0,0,8.15735173225403,7.29544723033905,2.96568560600281,1.93597114086151,0.627983331680298,0,0,0,0,0,0,0.589154541492462,0,0,0,0,0,0,0,0,0,0,0,0,0,0,0,0,0,0,0,0,0,0,3.37912631034851,5.16643124818802,0,0,7.11569419503212,2.85032665729523,19.6281127631664,22.5834158360958,0,0,0,0,0,0,0,0,0,0,0,0,46.1474035382271,131.656080037355,205.855045706034,288.710296481848,104.969440549612,41.8050771653652,168.685918569565,80.1698257923126,27.6233226060867,259.531285911798,40.3668145537376,7.23850557208061,200.757462024689,160.576475650072,81.1177693605423,98.1903999745846,18.3850917220116,8.09448117017746,143.511054843664,160.507435768843,467.001466244459,396.998282730579,0,399.46246868372,47.4925578534603,136.859104633331
0,0,0,0,0,0,0,0,0,0,0,0,0,0,0,0,0,0,0,0,0,0,0,0,0,0,0,0,0,0,0,0,0,0,0,0,1.17781475186348,0,0.734554469585419,1.12633371353149,0.850147008895874,0,0,0,0,0,0,0,0,0,0,0,0,0,0,0,0,0,0,0,0,0,0,0,0,0,0,0,0,0,2.60009199380875,3.48186615109444,1.03871405124664,0,0,2.0197486281395,20.3295140564442,21.3488210439682,0,0,0,0,0,0,0,0,0,0,0,0,11.5153146982193,5.69515061378479,34.6610960662365,29.6926307380199,99.799364566803,19.6146832108498,29.2387916147709,8.31766092777252,2.96152257919312,12.3896790146828,7.22272536158562,3.21583962440491,700.202663242817,259.290964961052,58.6610464155674,82.7606165409088,13.1333468556404,4.32511007785797,302.531654834747,297.805177867413,453.324662387371,149.492718815804,399.46246868372,0,241.105702102184,383.545680761337
0,0,1.45214283466339,0,0,0,0,0,0,0,0,0,0,0,0,0,0,0,0,0,0,0,0,0,0,0,0,0,0,0,0,0,0,0,0,0,3.42416089773178,0,2.70466369390488,1.60127779841423,0.437448441982269,0,0,0,0,0,0,0,0,0,0,0,0,0,0,0,0,0,0,0,0,0,0,0,0,0,0,0,0,0,0,4.33575773239136,1.67384278774261,0,0.647803723812103,0.72020024061203,7.5632971227169,43.3788409531116,0,0,0,0,0,0,0,0,0,0,0,0,2.08906731009483,74.9874781370163,7.7559120953083,159.200714707375,17.8956814408302,14.7435498833656,8.75791534781456,14.7713212370872,2.15628838539124,6.35055035352707,7.74619787931442,13.4538419246674,372.361519187689,191.425595521927,647.647473961115,613.365345984697,6.19889762997627,10.3778986334801,124.241976588964,74.6717065870762,174.333700120449,25.7792138457298,47.4925578534603,241.105702102184,0,354.697270959616
6.60634380578995,4.28144043684006,2.53762817382812,2.3233927488327,0,0,3.27091634273529,3.08047479391098,0,0,2.94763243198395,0.66937643289566,0.604903638362885,0,0,0,1.56161439418793,1.12494552135468,1.48232018947601,1.18887919187546,0,0,0,0,0,0,0,0,1.63335812091827,0,0,1.57406616210938,0,1.71052551269531,0,0,17.2413648366928,7.93295037746429,3.38721942901611,1.18390560150146,8.28863483667374,0.514207661151886,0,0,0,0,0,0.67349237203598,0,0,0,0,0,0,0,0,5.43785655498505,1.81095612049103,0,0,0,0,2.15282917022705,1.01384603977203,0.551347851753235,0,0,0,2.68223297595978,0.839780330657959,43.3207537829876,43.8780166506767,26.7763553261757,2.46442699432373,33.4220815896988,22.1612375676632,242.276485145092,221.258775085211,0,0,0,0,0,0,0,0,0,0,0,0,19.298892557621,62.4842681884766,47.1705288290977,110.379919081926,106.542486250401,40.1714474260807,47.076739937067,23.9052328169346,5.12342995405197,8.32582670450211,24.0417510569096,13.5535999536514,99.759117603302,101.504096150398,302.626365274191,422.144325762987,48.0990432202816,17.2105827927589,236.431124925613,107.525603413582,257.340120524168,70.1270425915718,136.859104633331,383.545680761337,354.697270959616,0
