edge_index,roi_i_0based,roi_j_0based,roi_i_1based,roi_j_1based,mean_signed_coef,mean_abs_coef,median_abs_coef,rank_mean_abs,roi_i_name,roi_j_name,top10_frequency,top20_frequency,top50_frequency,sign_consistency
5132,60,63,61,64,-0.271793567467149,0.271793567467149,0.29108397875139425,1,Parietal_Inf_L,SupraMarginal_R,0.92,0.94,0.96,1.0
1466,13,63,14,64,-0.25339494743656676,0.25339494743656676,0.2610786651685316,2,Frontal_Inf_Tri_R,SupraMarginal_R,0.92,0.92,0.98,1.0
1287,11,89,12,90,0.2179653483622615,0.2179653483622615,0.2195845306724142,3,Frontal_Inf_Oper_R,Temporal_Inf_R,0.72,0.84,0.92,1.0
1463,13,60,14,61,-0.18834053475267803,0.18834053475267803,0.18477122897497283,4,Frontal_Inf_Tri_R,Parietal_Inf_L,0.42,0.66,0.86,1.0
5329,63,101,64,102,-0.18361371831379408,0.18361371831379408,0.17550633687440326,5,SupraMarginal_R,Cerebelum_7b_R,0.4,0.68,0.82,1.0
5171,60,102,61,103,-0.17289890393933782,0.17289890393933782,0.1768029872775298,6,Parietal_Inf_L,Cerebelum_8_L,0.3,0.54,0.76,1.0
1261,11,63,12,64,0.17282352762193415,0.17282352762193415,0.12771410222561802,7,Frontal_Inf_Oper_R,SupraMarginal_R,0.28,0.38,0.44,1.0
6040,80,81,81,82,0.1712777023346019,0.1712777023346019,0.17699446454366657,8,Temporal_Sup_L,Temporal_Sup_R,0.62,0.76,0.9,1.0
1381,12,80,13,81,-0.16791011346146795,0.16791011346146795,0.13425099519154382,9,Frontal_Inf_Tri_L,Temporal_Sup_L,0.32,0.44,0.52,1.0
5355,64,76,65,77,0.1620933417626368,0.1620933417626368,0.12996928408581787,10,Angular_L,Thalamus_L,0.34,0.54,0.74,1.0
5824,74,90,75,91,0.16186954412865964,0.16186954412865964,0.18135252234332344,11,Pallidum_L,Cerebelum_Crus1_L,0.22,0.46,0.8,1.0
2877,28,64,29,65,0.15387922267202148,0.15387922267202148,0.15945466747847958,12,Insula_L,Angular_L,0.18,0.52,0.78,1.0
1668,15,64,16,65,0.1510506637852192,0.1510506637852192,0.15233319992354305,13,Frontal_Inf_Orb_R,Angular_L,0.08,0.32,0.64,1.0
3084,30,100,31,101,-0.15078771259679088,0.15078771259679088,0.15232633845005134,14,Cingulum_Ant_L,Cerebelum_7b_L,0.2,0.32,0.5,1.0
1393,12,92,13,93,-0.14624728300461717,0.14624728300461717,0.13829385659166968,15,Frontal_Inf_Tri_L,Cerebelum_Crus2_L,0.16,0.32,0.54,1.0
1217,11,19,12,20,0.14414905825151744,0.14414905825151744,0.16685146667590872,16,Frontal_Inf_Oper_R,Supp_Motor_Area_R,0.12,0.32,0.72,1.0
983,8,100,9,101,0.1421827278525144,0.1421827278525144,0.15548236099748297,17,Frontal_Mid_Orb_L,Cerebelum_7b_L,0.06,0.22,0.58,1.0
1089,9,100,10,101,0.14167303044567522,0.14167303044567522,0.14912997721298948,18,Frontal_Mid_Orb_R,Cerebelum_7b_L,0.08,0.22,0.48,1.0
1961,18,63,19,64,-0.13636914715923085,0.13636914715923085,0.12450326013822112,19,Supp_Motor_Area_L,SupraMarginal_R,0.2,0.28,0.6,1.0
6329,89,100,90,101,0.13245019646391998,0.13245019646391998,0.13843284381939436,20,Temporal_Inf_R,Cerebelum_7b_L,0.02,0.18,0.42,1.0
5353,64,74,65,75,0.1305484174962214,0.1305484174962214,0.12323025810752018,21,Angular_L,Pallidum_L,0.06,0.24,0.56,1.0
512,4,63,5,64,-0.12830229019738565,0.12830229019738565,0.13321576280542238,22,Frontal_Sup_Orb_L,SupraMarginal_R,0.02,0.18,0.38,1.0
5133,60,64,61,65,0.12398201000394646,0.12731969912345284,0.10149038445914586,23,Parietal_Inf_L,Angular_L,0.22,0.32,0.48,0.98
1365,12,64,13,65,0.12272341607248113,0.12272341607248113,0.10369458081717178,24,Frontal_Inf_Tri_L,Angular_L,0.32,0.36,0.6,1.0
1488,13,85,14,86,0.12137118658669463,0.12137118658669463,0.12096487695255892,25,Frontal_Inf_Tri_R,Temporal_Mid_R,0.1,0.16,0.48,1.0
5363,64,84,65,85,0.12135545982865968,0.12135545982865968,0.09998472108879747,26,Angular_L,Temporal_Mid_L,0.12,0.22,0.3,1.0
1319,12,18,13,19,0.12027939829504553,0.12027939829504553,0.11364895770455884,27,Frontal_Inf_Tri_L,Supp_Motor_Area_L,0.0,0.14,0.42,1.0
5142,60,73,61,74,-0.11897240087470122,0.11897240087470122,0.11103312787456068,28,Parietal_Inf_L,Putamen_R,0.04,0.1,0.24,1.0
659,5,100,6,101,0.11869685220694624,0.11869685220694624,0.11714557359961954,29,Frontal_Sup_Orb_R,Cerebelum_7b_L,0.04,0.08,0.26,1.0
1467,13,64,14,65,0.11563933666000749,0.11563933666000749,0.11407718221131855,30,Frontal_Inf_Tri_R,Angular_L,0.04,0.24,0.52,1.0
6303,88,100,89,101,0.11409403903345336,0.11409403903345336,0.12825189797327677,31,Temporal_Inf_L,Cerebelum_7b_L,0.02,0.04,0.28,1.0
5951,77,100,78,101,-0.11307107408874882,0.11307107408874882,0.10260167843409504,32,Thalamus_R,Cerebelum_7b_L,0.0,0.06,0.26,1.0
1272,11,74,12,75,-0.11277991046817325,0.11277991046817325,0.10099450511068062,33,Frontal_Inf_Oper_R,Pallidum_L,0.0,0.12,0.3,1.0
3149,31,81,32,82,-0.1116433967747667,0.1116433967747667,0.11588882928184957,34,Cingulum_Ant_R,Temporal_Sup_R,0.02,0.08,0.24,1.0
5826,74,92,75,93,0.11157946308449994,0.11157946308449994,0.11506751305585436,35,Pallidum_L,Cerebelum_Crus2_L,0.02,0.08,0.28,1.0
1504,13,101,14,102,-0.111538626717073,0.111538626717073,0.09584055141322001,36,Frontal_Inf_Tri_R,Cerebelum_7b_R,0.0,0.04,0.22,1.0
5366,64,87,65,88,0.11131472522662766,0.11131472522662766,0.10331567621309287,37,Angular_L,Temporal_Pole_Mid_R,0.06,0.12,0.2,1.0
5758,72,107,73,108,0.11130575944845698,0.11130575944845698,0.11289298332600525,38,Putamen_L,Cerebelum_10_R,0.0,0.04,0.12,1.0
3293,33,60,34,61,-0.1108961942393973,0.1108961942393973,0.09903591505535751,39,Cingulum_Mid_R,Parietal_Inf_L,0.0,0.04,0.22,1.0
5141,60,72,61,73,-0.11083295902462428,0.11083295902462428,0.11892264102150225,40,Parietal_Inf_L,Putamen_L,0.0,0.04,0.28,1.0
5917,76,104,77,105,0.11066784262310052,0.11066784262310052,0.10864860886241309,41,Thalamus_L,Cerebelum_9_L,0.02,0.04,0.18,1.0
1926,18,28,19,29,-0.11047940136719699,0.11047940136719699,0.10403088246694756,42,Supp_Motor_Area_L,Insula_L,0.0,0.04,0.18,1.0
1222,11,24,12,25,-0.11013680422264768,0.11013680422264768,0.10646830791676906,43,Frontal_Inf_Oper_R,Frontal_Med_Orb_L,0.0,0.02,0.14,1.0
5146,60,77,61,78,-0.10988251374638622,0.10988251374638622,0.09046227802970684,44,Parietal_Inf_L,Thalamus_R,0.02,0.04,0.3,1.0
5158,60,89,61,90,0.1094336748436442,0.1094336748436442,0.09839044490977832,45,Parietal_Inf_L,Temporal_Inf_R,0.02,0.04,0.18,1.0
6142,83,84,84,85,0.10902129493697224,0.10902129493697224,0.11238456185129199,46,Temporal_Pole_Sup_R,Temporal_Mid_L,0.0,0.02,0.28,1.0
5905,76,92,77,93,0.10862931538835802,0.10862931538835802,0.10367606893217035,47,Thalamus_L,Cerebelum_Crus2_L,0.0,0.0,0.3,1.0
6520,98,102,99,103,-0.10819998537951334,0.10819998537951334,0.08990723868297487,48,Cerebelum_6_L,Cerebelum_8_L,0.0,0.06,0.12,1.0
662,5,103,6,104,-0.107551508673325,0.107551508673325,0.10245452876911591,49,Frontal_Sup_Orb_R,Cerebelum_8_R,0.0,0.02,0.12,1.0
5995,78,107,79,108,0.10734223117745202,0.10734223117745202,0.10105747471457721,50,Heschl_L,Cerebelum_10_R,0.0,0.0,0.08,1.0
642,5,83,6,84,-0.10708925119898087,0.10708925119898087,0.10704408516548183,51,Frontal_Sup_Orb_R,Temporal_Pole_Sup_R,0.0,0.0,0.12,1.0
5369,64,90,65,91,-0.105792577561917,0.10679318566782735,0.08585605989313891,52,Angular_L,Cerebelum_Crus1_L,0.0,0.08,0.22,0.98
2548,24,89,25,90,-0.10651189162652523,0.10651189162652523,0.1173843537003649,53,Frontal_Med_Orb_L,Temporal_Inf_R,0.0,0.0,0.12,1.0
5320,63,92,64,93,-0.1063379694645552,0.1063379694645552,0.10336655303764006,54,SupraMarginal_R,Cerebelum_Crus2_L,0.02,0.1,0.2,1.0
5317,63,89,64,90,0.10429207524137554,0.10429207524137554,0.07280273093200945,55,SupraMarginal_R,Temporal_Inf_R,0.04,0.12,0.18,1.0
1364,12,63,13,64,-0.10032275804095153,0.10340473723620183,0.0757809300032615,56,Frontal_Inf_Tri_L,SupraMarginal_R,0.18,0.32,0.54,0.98
5172,60,103,61,104,-0.10277942958882061,0.10277942958882061,0.10346356218136332,57,Parietal_Inf_L,Cerebelum_8_R,0.02,0.04,0.18,1.0
4965,57,64,58,65,0.10271776911075663,0.10271776911075663,0.10791618904965963,58,Postcentral_R,Angular_L,0.0,0.0,0.06,1.0
6054,80,95,81,96,-0.10270592238596993,0.10270592238596993,0.10223854098283486,59,Temporal_Sup_L,Cerebelum_3_R,0.0,0.02,0.14,1.0
1432,13,29,14,30,-0.10255705604846815,0.10265100637415552,0.08175405348707637,60,Frontal_Inf_Tri_R,Insula_R,0.02,0.08,0.14,0.98
5292,63,64,64,65,0.10251536340577458,0.10265003272375461,0.08110921598639237,61,SupraMarginal_R,Angular_L,0.06,0.14,0.26,0.98
1390,12,89,13,90,0.10235439394427687,0.10235439394427687,0.0816819613562329,62,Frontal_Inf_Tri_L,Temporal_Inf_R,0.0,0.04,0.16,1.0
3065,30,81,31,82,-0.10233071322746103,0.10233071322746103,0.09975531338344522,63,Cingulum_Ant_L,Temporal_Sup_R,0.0,0.02,0.14,1.0
590,5,31,6,32,0.10227930650880532,0.10227930650880532,0.09194205176181977,64,Frontal_Sup_Orb_R,Cingulum_Ant_R,0.0,0.06,0.22,1.0
6079,81,86,82,87,-0.1020412125896881,0.1020412125896881,0.10277136248580537,65,Temporal_Sup_R,Temporal_Pole_Mid_L,0.0,0.04,0.14,1.0
6041,80,82,81,83,-0.10165673079519777,0.10165673079519777,0.07648419161040801,66,Temporal_Sup_L,Temporal_Pole_Sup_L,0.0,0.02,0.16,1.0
6422,93,99,94,100,0.10163963319184013,0.10163963319184013,0.10722111145497278,67,Cerebelum_Crus2_R,Cerebelum_6_R,0.0,0.02,0.12,1.0
6213,85,94,86,95,0.10155682670505611,0.10155682670505611,0.0926044328921092,68,Temporal_Mid_R,Cerebelum_3_L,0.0,0.02,0.1,1.0
2622,25,73,26,74,0.10152334844914242,0.10152334844914242,0.0956023487416143,69,Frontal_Med_Orb_R,Putamen_R,0.0,0.0,0.08,1.0
6535,99,101,100,102,0.10146549283574524,0.10146549283574524,0.08910023617012994,70,Cerebelum_6_R,Cerebelum_7b_R,0.0,0.02,0.08,1.0
2559,24,100,25,101,-0.10103354502750655,0.10103354502750655,0.10197774298926887,71,Frontal_Med_Orb_L,Cerebelum_7b_L,0.0,0.0,0.02,1.0
5373,64,94,65,95,0.100940796385012,0.100940796385012,0.08166554261876277,72,Angular_L,Cerebelum_3_L,0.02,0.14,0.34,1.0
1299,11,101,12,102,-0.10081841805662972,0.10081841805662972,0.07411989200511127,73,Frontal_Inf_Oper_R,Cerebelum_7b_R,0.0,0.08,0.16,1.0
5358,64,79,65,80,0.10077008564718552,0.10077008564718552,0.11147080926212925,74,Angular_L,Heschl_R,0.0,0.0,0.06,1.0
1228,11,30,12,31,-0.09977217900761395,0.09977217900761395,0.06634283013537454,75,Frontal_Inf_Oper_R,Cingulum_Ant_L,0.0,0.06,0.18,1.0
1865,17,64,18,65,0.099232324766035,0.099232324766035,0.10845894272060486,76,Rolandic_Oper_R,Angular_L,0.0,0.0,0.02,1.0
6211,85,92,86,93,-0.09889998260431727,0.09889998260431727,0.11104546478551569,77,Temporal_Mid_R,Cerebelum_Crus2_L,0.0,0.0,0.04,1.0
1422,13,19,14,20,0.09868609046454316,0.09868609046454316,0.08752771627912943,78,Frontal_Inf_Tri_R,Supp_Motor_Area_R,0.0,0.02,0.24,1.0
6094,81,101,82,102,-0.09827806786952321,0.09827806786952321,0.07064420616927755,79,Temporal_Sup_R,Cerebelum_7b_R,0.0,0.04,0.1,1.0
6192,84,103,85,104,0.09794664095658075,0.09794664095658075,0.08634392461276368,80,Temporal_Mid_L,Cerebelum_8_R,0.0,0.02,0.06,1.0
5144,60,75,61,76,-0.09792834188823292,0.09792834188823292,0.10491841653551638,81,Parietal_Inf_L,Pallidum_R,0.0,0.0,0.18,1.0
3334,33,101,34,102,-0.09770447228221785,0.09770447228221785,0.10120828813301677,82,Cingulum_Mid_R,Cerebelum_7b_R,0.0,0.0,0.06,1.0
1487,13,84,14,85,0.09703940734320897,0.09703940734320897,0.07252949146329733,83,Frontal_Inf_Tri_R,Temporal_Mid_L,0.0,0.02,0.14,1.0
1383,12,82,13,83,0.09643017171370348,0.09643017171370348,0.08321950464189934,84,Frontal_Inf_Tri_L,Temporal_Pole_Sup_L,0.0,0.0,0.12,1.0
2647,25,98,26,99,0.09640880528419966,0.09640880528419966,0.09757139994339754,85,Frontal_Med_Orb_R,Cerebelum_6_L,0.0,0.0,0.04,1.0
6401,92,100,93,101,0.09594678073154755,0.09594678073154755,0.08114807158091258,86,Cerebelum_Crus2_L,Cerebelum_7b_L,0.0,0.02,0.1,1.0
539,4,90,5,91,-0.09556604759240585,0.09556604759240585,0.07712779334759953,87,Frontal_Sup_Orb_L,Cerebelum_Crus1_L,0.0,0.0,0.12,1.0
1962,18,64,19,65,0.09547326841121512,0.09547326841121512,0.06756741539126226,88,Supp_Motor_Area_L,Angular_L,0.0,0.08,0.28,1.0
645,5,86,6,87,-0.09496903535933403,0.09496903535933403,0.08070809098389667,89,Frontal_Sup_Orb_R,Temporal_Pole_Mid_L,0.0,0.0,0.08,1.0
549,4,100,5,101,0.09484974082608376,0.09484974082608376,0.09197584267887313,90,Frontal_Sup_Orb_L,Cerebelum_7b_L,0.0,0.0,0.12,1.0
2884,28,71,29,72,0.09482479254473103,0.09482479254473103,0.0809566178370612,91,Insula_L,Caudate_R,0.0,0.0,0.04,1.0
6517,98,99,99,100,0.09475889725511984,0.09475889725511984,0.07342486266223089,92,Cerebelum_6_L,Cerebelum_6_R,0.02,0.02,0.1,1.0
619,5,60,6,61,-0.09389599818850299,0.09405648163533524,0.06277791815017102,93,Frontal_Sup_Orb_R,Parietal_Inf_L,0.0,0.02,0.06,0.98
1927,18,29,19,30,-0.09400463619240573,0.09400463619240573,0.07913485907059051,94,Supp_Motor_Area_L,Insula_R,0.0,0.0,0.02,1.0
2832,27,106,28,107,-0.09379314239434101,0.09379314239434101,0.08545858423120645,95,Rectus_R,Cerebelum_10_L,0.0,0.0,0.1,1.0
892,8,9,9,10,0.0935609565090927,0.0935609565090927,0.08146503272571032,96,Frontal_Mid_Orb_L,Frontal_Mid_Orb_R,0.0,0.0,0.04,1.0
5359,64,80,65,81,0.0935371320286712,0.0935371320286712,0.0775911750379566,97,Angular_L,Temporal_Sup_L,0.02,0.06,0.3,1.0
5154,60,85,61,86,-0.0927982478005218,0.09326950992303613,0.07162336601952504,98,Parietal_Inf_L,Temporal_Mid_R,0.0,0.0,0.06,0.98
5913,76,100,77,101,-0.09324495556895504,0.09324495556895504,0.0854724678155821,99,Thalamus_L,Cerebelum_7b_L,0.0,0.06,0.08,1.0
647,5,88,6,89,-0.09298882412490611,0.09298882412490611,0.09037539561179066,100,Frontal_Sup_Orb_R,Temporal_Inf_L,0.0,0.0,0.02,1.0
5955,77,104,78,105,0.09291366010041992,0.09291366010041992,0.10344380143717066,101,Thalamus_R,Cerebelum_9_L,0.0,0.0,0.0,1.0
3175,31,107,32,108,0.0927857880153421,0.0927857880153421,0.06995443750356031,102,Cingulum_Ant_R,Cerebelum_10_R,0.0,0.0,0.12,1.0
3634,37,83,38,84,0.0926949149965964,0.0926949149965964,0.08487672172968147,103,Hippocampus_R,Temporal_Pole_Sup_R,0.0,0.0,0.02,1.0
6187,84,98,85,99,0.0919658414961971,0.09241740940209954,0.0820716409122823,104,Temporal_Mid_L,Cerebelum_6_L,0.0,0.04,0.16,0.98
1388,12,87,13,88,0.09238760267063455,0.09238760267063455,0.0859053607879913,105,Frontal_Inf_Tri_L,Temporal_Pole_Mid_R,0.0,0.04,0.16,1.0
1503,13,100,14,101,-0.09231130271711457,0.09231130271711457,0.09362354102655371,106,Frontal_Inf_Tri_R,Cerebelum_7b_L,0.0,0.0,0.1,1.0
1490,13,87,14,88,0.09119260993034856,0.09119260993034856,0.09299619745333196,107,Frontal_Inf_Tri_R,Temporal_Pole_Mid_R,0.0,0.0,0.08,1.0
6328,89,99,90,100,0.09069609865517272,0.09069609865517272,0.08766743037571158,108,Temporal_Inf_R,Cerebelum_6_R,0.0,0.0,0.12,1.0
544,4,95,5,96,-0.09029629590272759,0.09049272292459153,0.0659422678101568,109,Frontal_Sup_Orb_L,Cerebelum_3_R,0.0,0.0,0.1,0.96
6076,81,83,82,84,0.09016541664055179,0.09016541664055179,0.08061273609356054,110,Temporal_Sup_R,Temporal_Pole_Sup_R,0.0,0.0,0.02,1.0
5161,60,92,61,93,-0.08944877663688239,0.08980450861949524,0.08178531016809759,111,Parietal_Inf_L,Cerebelum_Crus2_L,0.02,0.06,0.12,0.98
5825,74,91,75,92,0.08977673890731222,0.08977673890731222,0.08472343204950394,112,Pallidum_L,Cerebelum_Crus1_R,0.0,0.0,0.12,1.0
6283,87,107,88,108,-0.08966085279210972,0.08966085279210972,0.06164161260810894,113,Temporal_Pole_Mid_R,Cerebelum_10_R,0.0,0.0,0.06,1.0
5328,63,100,64,101,-0.08959144449939294,0.08959144449939294,0.06872229776046096,114,SupraMarginal_R,Cerebelum_7b_L,0.0,0.0,0.14,1.0
1485,13,82,14,83,0.08950923128901915,0.08950923128901915,0.07324919465335208,115,Frontal_Inf_Tri_R,Temporal_Pole_Sup_L,0.0,0.0,0.1,1.0
6377,91,99,92,100,0.08928465676761442,0.08928465676761442,0.07282997965313295,116,Cerebelum_Crus1_R,Cerebelum_6_R,0.0,0.02,0.12,1.0
5319,63,91,64,92,-0.08875332105758355,0.08903675263326483,0.057906937095274974,117,SupraMarginal_R,Cerebelum_Crus1_R,0.0,0.02,0.06,0.98
5686,71,78,72,79,0.08899212465959119,0.08899212465959119,0.09129554448037037,118,Caudate_R,Heschl_L,0.0,0.0,0.02,1.0
1361,12,60,13,61,-0.085909339938494,0.08867300098516116,0.05502910450825842,119,Frontal_Inf_Tri_L,Parietal_Inf_L,0.06,0.12,0.26,0.94
2362,22,86,23,87,-0.08866564108687239,0.08866564108687239,0.09304079151014039,120,Frontal_Sup_Medial_L,Temporal_Pole_Mid_L,0.0,0.0,0.02,1.0
530,4,81,5,82,-0.08866356886059137,0.08866356886059137,0.089562642159633,121,Frontal_Sup_Orb_L,Temporal_Sup_R,0.0,0.02,0.04,1.0
5688,71,80,72,81,0.08846843295768433,0.08846843295768433,0.06816808635812775,122,Caudate_R,Temporal_Sup_L,0.0,0.0,0.04,1.0
3144,31,76,32,77,-0.08765064476227305,0.08835557455506607,0.059700884720768524,123,Cingulum_Ant_R,Thalamus_L,0.0,0.02,0.1,0.94
6327,89,98,90,99,0.08833708811582797,0.08833708811582797,0.09774375388083115,124,Temporal_Inf_R,Cerebelum_6_L,0.0,0.0,0.06,1.0
3071,30,87,31,88,-0.08801888450139801,0.08801888450139801,0.08722649886341477,125,Cingulum_Ant_L,Temporal_Pole_Mid_R,0.0,0.0,0.06,1.0
6625,106,107,107,108,-0.0877878648912977,0.0877878648912977,0.056681956878252115,126,Cerebelum_10_L,Cerebelum_10_R,0.02,0.06,0.08,1.0
5362,64,83,65,84,0.08740445592681319,0.08740445592681319,0.07100306665608493,127,Angular_L,Temporal_Pole_Sup_R,0.0,0.06,0.16,1.0
6109,82,83,83,84,0.08720493748399681,0.08720493748399681,0.09096122375357282,128,Temporal_Pole_Sup_L,Temporal_Pole_Sup_R,0.0,0.0,0.08,1.0
567,5,8,6,9,0.08656664864744328,0.08706810721052827,0.0768856160953166,129,Frontal_Sup_Orb_R,Frontal_Mid_Orb_L,0.0,0.0,0.1,0.98
2655,25,106,26,107,0.08695591686437602,0.08695591686437602,0.08290164083111959,130,Frontal_Med_Orb_R,Cerebelum_10_L,0.0,0.0,0.0,1.0
3072,30,88,31,89,-0.08674920665069219,0.08674920665069219,0.0809095439733863,131,Cingulum_Ant_L,Temporal_Inf_L,0.0,0.02,0.02,1.0
6301,88,98,89,99,0.08667606399055307,0.08667606399055307,0.06713382466574222,132,Temporal_Inf_L,Cerebelum_6_L,0.0,0.02,0.06,1.0
5746,72,95,73,96,-0.08640367739559228,0.08640367739559228,0.08020482603291468,133,Putamen_L,Cerebelum_3_R,0.0,0.02,0.06,1.0
1330,12,29,13,30,-0.0862337949478905,0.0862337949478905,0.06581369797972286,134,Frontal_Inf_Tri_L,Insula_R,0.0,0.0,0.02,1.0
6371,91,93,92,94,0.0861273349040961,0.0861273349040961,0.06746207746029233,135,Cerebelum_Crus1_R,Cerebelum_Crus2_R,0.0,0.0,0.04,1.0
2005,18,107,19,108,-0.08606704435489977,0.08606704435489977,0.0763319258425178,136,Supp_Motor_Area_L,Cerebelum_10_R,0.0,0.0,0.02,1.0
3059,30,75,31,76,-0.08583757380984385,0.08583757380984385,0.09083193671769221,137,Cingulum_Ant_L,Pallidum_R,0.0,0.0,0.02,1.0
3145,31,77,32,78,-0.08580017017684469,0.08580017017684469,0.05656164314819741,138,Cingulum_Ant_R,Thalamus_R,0.0,0.02,0.06,1.0
5956,77,105,78,106,0.08546925717427536,0.08546925717427536,0.08002203903669354,139,Thalamus_R,Cerebelum_9_R,0.0,0.0,0.0,1.0
5841,74,107,75,108,0.08491026744738724,0.08546912266959543,0.06543928440299923,140,Pallidum_L,Cerebelum_10_R,0.0,0.04,0.14,0.98
2449,23,81,24,82,-0.08542584211888253,0.08542584211888253,0.08607669914162566,141,Frontal_Sup_Medial_R,Temporal_Sup_R,0.0,0.0,0.02,1.0
6421,93,98,94,99,0.08516508768602567,0.08516508768602567,0.08151444315997053,142,Cerebelum_Crus2_R,Cerebelum_6_L,0.0,0.0,0.02,1.0
6188,84,99,85,100,0.08511611678176567,0.08511611678176567,0.07154551038133536,143,Temporal_Mid_L,Cerebelum_6_R,0.02,0.08,0.28,1.0
6637,107,111,108,112,-0.08503148299549097,0.08503148299549097,0.08245417816769313,144,Cerebelum_10_R,Vermis_6,0.0,0.0,0.0,1.0
6191,84,102,85,103,0.08502841318597328,0.08502841318597328,0.061173036614866276,145,Temporal_Mid_L,Cerebelum_8_L,0.0,0.02,0.04,1.0
3143,31,75,32,76,-0.08492706274296614,0.08492706274296614,0.07033806154014412,146,Cingulum_Ant_R,Pallidum_R,0.0,0.0,0.02,1.0
5306,63,78,64,79,0.08463246530210576,0.08463246530210576,0.0836165172169899,147,SupraMarginal_R,Heschl_L,0.0,0.0,0.02,1.0
5364,64,85,65,86,0.0825982803770936,0.08422231107495255,0.05291600238183254,148,Angular_L,Temporal_Mid_R,0.02,0.04,0.26,0.96
5365,64,86,65,87,-0.0788880584817115,0.08399180557172096,0.07045719294207642,149,Angular_L,Temporal_Pole_Mid_L,0.0,0.02,0.08,0.94
969,8,86,9,87,-0.0837326056440406,0.0837326056440406,0.06595599995166522,150,Frontal_Mid_Orb_L,Temporal_Pole_Mid_L,0.0,0.0,0.02,1.0
2621,25,72,26,73,0.08370524457643884,0.08370524457643884,0.0873815572842963,151,Frontal_Med_Orb_R,Putamen_L,0.0,0.0,0.0,1.0
6247,86,99,87,100,0.08369018033437312,0.08369018033437312,0.07375706271579272,152,Temporal_Pole_Mid_L,Cerebelum_6_R,0.0,0.0,0.1,1.0
1077,9,88,10,89,-0.08347017810203497,0.08347017810203497,0.07764772987682736,153,Frontal_Mid_Orb_R,Temporal_Inf_L,0.0,0.0,0.0,1.0
1286,11,88,12,89,0.08257062188449436,0.0834219098133943,0.0473130503369658,154,Frontal_Inf_Oper_R,Temporal_Inf_L,0.02,0.02,0.06,0.96
6403,92,102,93,103,0.08340103237708493,0.08340103237708493,0.07245245447769727,155,Cerebelum_Crus2_L,Cerebelum_8_L,0.0,0.0,0.0,1.0
6550,100,101,101,102,0.08327288654243713,0.08328563759581618,0.07445242523471275,156,Cerebelum_7b_L,Cerebelum_7b_R,0.0,0.0,0.06,0.98
5382,64,103,65,104,0.08234061127657412,0.08308648893487915,0.07255537793505731,157,Angular_L,Cerebelum_8_R,0.0,0.02,0.18,0.98
959,8,76,9,77,0.08307976523500274,0.08307976523500274,0.08181488268003796,158,Frontal_Mid_Orb_L,Thalamus_L,0.0,0.0,0.04,1.0
6569,101,106,102,107,0.0816902855810301,0.08295962793635912,0.05193524099085777,159,Cerebelum_7b_R,Cerebelum_10_L,0.0,0.02,0.06,0.88
3255,32,104,33,105,0.08288514129321958,0.08288514129321958,0.08262441165515444,160,Cingulum_Mid_L,Cerebelum_9_L,0.0,0.0,0.0,1.0
5943,77,92,78,93,-0.08122002063271251,0.08277224605601897,0.06940449435943344,161,Thalamus_R,Cerebelum_Crus2_L,0.0,0.0,0.04,0.84
6425,93,102,94,103,0.08265260195306136,0.08265260195306136,0.08216339490292646,162,Cerebelum_Crus2_R,Cerebelum_8_L,0.0,0.0,0.0,1.0
3044,30,60,31,61,-0.0825110814954802,0.0825110814954802,0.05948693148790639,163,Cingulum_Ant_L,Parietal_Inf_L,0.0,0.04,0.2,1.0
2959,29,60,30,61,-0.07976783271411647,0.08249052827235369,0.05576563744613987,164,Insula_R,Parietal_Inf_L,0.0,0.0,0.06,0.86
2623,25,74,26,75,0.08248952514570934,0.08248952514570934,0.08062725588213097,165,Frontal_Med_Orb_R,Pallidum_L,0.0,0.0,0.04,1.0
5143,60,74,61,75,-0.08229775371332267,0.08230496354614973,0.08894062167778397,166,Parietal_Inf_L,Pallidum_L,0.0,0.0,0.04,0.98
1431,13,28,14,29,-0.0817624929821152,0.0817624929821152,0.07727316503630309,167,Frontal_Inf_Tri_R,Insula_L,0.0,0.0,0.08,1.0
6404,92,103,93,104,0.08150675272252383,0.08150675272252383,0.07692983913048401,168,Cerebelum_Crus2_L,Cerebelum_8_R,0.0,0.0,0.04,1.0
5375,64,96,65,97,0.08150376310030935,0.08150376310030935,0.07397102160962526,169,Angular_L,Cerebelum_4_5_L,0.0,0.0,0.06,1.0
1300,11,102,12,103,-0.08145717360215356,0.08145717360215356,0.050706656900515915,170,Frontal_Inf_Oper_R,Cerebelum_8_L,0.0,0.02,0.06,1.0
2519,24,60,25,61,-0.08131260897787401,0.08131260897787401,0.08376360048861166,171,Frontal_Med_Orb_L,Parietal_Inf_L,0.0,0.0,0.02,1.0
1385,12,84,13,85,0.0786520764857062,0.08106008782055502,0.057822633472864246,172,Frontal_Inf_Tri_L,Temporal_Mid_L,0.04,0.06,0.24,0.96
3215,32,64,33,65,0.07994650695551563,0.08101030063091688,0.07419076448189697,173,Cingulum_Mid_L,Angular_L,0.02,0.06,0.22,0.98
2340,22,64,23,65,0.08020803511940112,0.08084487047504821,0.07022537356379302,174,Frontal_Sup_Medial_L,Angular_L,0.02,0.02,0.08,0.98
5167,60,98,61,99,-0.08066889433163275,0.08072484495742001,0.06043142857573724,175,Parietal_Inf_L,Cerebelum_6_L,0.0,0.02,0.08,0.98
981,8,98,9,99,0.08071223926704019,0.08071223926704019,0.08062956621103705,176,Frontal_Mid_Orb_L,Cerebelum_6_L,0.0,0.0,0.0,1.0
6132,82,106,83,107,-0.0806622074176405,0.0806622074176405,0.06883000330007297,177,Temporal_Pole_Sup_L,Cerebelum_10_L,0.0,0.0,0.08,1.0
6178,84,89,85,90,0.08060072767109629,0.08060072767109629,0.0744850999489482,178,Temporal_Mid_L,Temporal_Inf_R,0.0,0.0,0.02,1.0
5169,60,100,61,101,0.07197008818028718,0.08057036365029888,0.031481460281127124,179,Parietal_Inf_L,Cerebelum_7b_L,0.0,0.02,0.12,0.66
1274,11,76,12,77,-0.08044166247577433,0.08044166247577433,0.07036691518405115,180,Frontal_Inf_Oper_R,Thalamus_L,0.0,0.06,0.16,1.0
4907,56,64,57,65,0.08035067971994522,0.08035067971994522,0.08361499137941657,181,Postcentral_L,Angular_L,0.0,0.0,0.0,1.0
3421,34,107,35,108,0.08032698331963427,0.08032698331963427,0.07782861645456793,182,Cingulum_Post_L,Cerebelum_10_R,0.0,0.0,0.0,1.0
5914,76,101,77,102,0.07988997364974657,0.08002838906503286,0.06931766432697929,183,Thalamus_L,Cerebelum_7b_R,0.0,0.0,0.1,0.98
5904,76,91,77,92,0.07987355457182434,0.07987355457182434,0.0617666739145019,184,Thalamus_L,Cerebelum_Crus1_R,0.0,0.0,0.02,1.0
6502,97,101,98,102,-0.0797047924523918,0.0797047924523918,0.0792967787030684,185,Cerebelum_4_5_R,Cerebelum_7b_R,0.0,0.0,0.0,1.0
6446,94,102,95,103,-0.07948577976042126,0.07948577976042126,0.06264083441762547,186,Cerebelum_3_L,Cerebelum_8_L,0.0,0.0,0.02,1.0
6209,85,90,86,91,-0.07932647650694583,0.07932647650694583,0.08384522336989397,187,Temporal_Mid_R,Cerebelum_Crus1_L,0.0,0.0,0.02,1.0
6047,80,88,81,89,-0.0791895889646514,0.0791895889646514,0.07120942349838344,188,Temporal_Sup_L,Temporal_Inf_L,0.0,0.0,0.02,1.0
3169,31,101,32,102,-0.0789007673779912,0.07914935616934293,0.050969333651626675,189,Cingulum_Ant_R,Cerebelum_7b_R,0.0,0.0,0.06,0.98
6246,86,98,87,99,0.078810282105834,0.078810282105834,0.07543132955366763,190,Temporal_Pole_Mid_L,Cerebelum_6_L,0.0,0.0,0.04,1.0
5333,63,105,64,106,0.07880470650046836,0.07880470650046836,0.0548124983498906,191,SupraMarginal_R,Cerebelum_9_R,0.0,0.0,0.0,1.0
1329,12,28,13,29,-0.07876997254657798,0.07876997254657798,0.07145966404897516,192,Frontal_Inf_Tri_L,Insula_L,0.0,0.02,0.04,1.0
3296,33,63,34,64,0.07875723331245156,0.07875723331245156,0.06552434613710445,193,Cingulum_Mid_R,SupraMarginal_R,0.0,0.0,0.02,1.0
1635,15,31,16,32,0.07851945290664658,0.07851945290664658,0.07680298735655995,194,Frontal_Inf_Orb_R,Cingulum_Ant_R,0.0,0.0,0.02,1.0
3015,30,31,31,32,0.07746007489337178,0.07816721240157114,0.05595651191364131,195,Cingulum_Ant_L,Cingulum_Ant_R,0.02,0.08,0.14,0.96
6143,83,85,84,86,0.07799320973571228,0.07799320973571228,0.07344426524922368,196,Temporal_Pole_Sup_R,Temporal_Mid_R,0.0,0.0,0.08,1.0
2656,25,107,26,108,0.07786174383268432,0.07786174383268432,0.054352317992587815,197,Frontal_Med_Orb_R,Cerebelum_10_R,0.0,0.0,0.02,1.0
177,1,64,2,65,0.07775759541387113,0.07775759541387113,0.07557344140721606,198,Precentral_R,Angular_L,0.0,0.0,0.0,1.0
6396,92,95,93,96,0.07764491769595804,0.07764491769595804,0.061828233436499305,199,Cerebelum_Crus2_L,Cerebelum_3_R,0.0,0.0,0.02,1.0
5906,76,93,77,94,0.07750950642227124,0.07750950642227124,0.05617471541488894,200,Thalamus_L,Cerebelum_Crus2_R,0.0,0.0,0.04,1.0
3091,30,107,31,108,0.07737914757691423,0.07737914757691423,0.06629165956652913,201,Cingulum_Ant_L,Cerebelum_10_R,0.0,0.02,0.06,1.0
6381,91,103,92,104,0.07708823173980607,0.07708823173980607,0.07289366572480865,202,Cerebelum_Crus1_R,Cerebelum_8_R,0.0,0.0,0.02,1.0
2973,29,74,30,75,-0.07700330604300765,0.07700330604300765,0.06570357172232823,203,Insula_R,Pallidum_L,0.0,0.0,0.04,1.0
1894,17,93,18,94,0.07669543734348286,0.07669543734348286,0.08430185371096807,204,Rolandic_Oper_R,Cerebelum_Crus2_R,0.0,0.0,0.0,1.0
3077,30,93,31,94,-0.07662745086353791,0.07662745086353791,0.054531675063328774,205,Cingulum_Ant_L,Cerebelum_Crus2_R,0.0,0.0,0.04,1.0
635,5,76,6,77,-0.07631595492637788,0.07631595492637788,0.05797276506822778,206,Frontal_Sup_Orb_R,Thalamus_L,0.0,0.02,0.06,1.0
473,4,24,5,25,-0.07626461937831833,0.07626461937831833,0.06920125674856989,207,Frontal_Sup_Orb_L,Frontal_Med_Orb_L,0.0,0.0,0.02,1.0
568,5,9,6,10,0.07573300599961029,0.07573300599961029,0.07357057984024915,208,Frontal_Sup_Orb_R,Frontal_Mid_Orb_R,0.0,0.0,0.0,1.0
1282,11,84,12,85,0.07455080251159417,0.07557935182481003,0.05339032516750906,209,Frontal_Inf_Oper_R,Temporal_Mid_L,0.0,0.0,0.0,0.96
6060,80,101,81,102,-0.07451706168139363,0.07541546948779213,0.05057089437592191,210,Temporal_Sup_L,Cerebelum_7b_R,0.0,0.0,0.04,0.9
1486,13,83,14,84,0.07527839147399236,0.07527839147399236,0.07709521871300262,211,Frontal_Inf_Tri_R,Temporal_Pole_Sup_R,0.0,0.0,0.02,1.0
3545,36,72,37,73,-0.07511257635815684,0.07511257635815684,0.0702590225164807,212,Hippocampus_L,Putamen_L,0.0,0.0,0.0,1.0
6360,90,106,91,107,-0.07499355755192233,0.07499355755192233,0.06808473501474116,213,Cerebelum_Crus1_L,Cerebelum_10_L,0.0,0.0,0.02,1.0
2357,22,81,23,82,-0.07499280618957618,0.07499280618957618,0.07591480676281728,214,Frontal_Sup_Medial_L,Temporal_Sup_R,0.0,0.0,0.0,1.0
6376,91,98,92,99,0.07410829460229248,0.07495271347864511,0.053827582077645326,215,Cerebelum_Crus1_R,Cerebelum_6_L,0.0,0.0,0.02,0.98
2638,25,89,26,90,-0.07494774790838314,0.07494774790838314,0.0745934374110453,216,Frontal_Med_Orb_R,Temporal_Inf_R,0.0,0.0,0.02,1.0
6005,79,81,80,82,0.07482496725550125,0.07482496725550125,0.0749358456221747,217,Heschl_R,Temporal_Sup_R,0.0,0.0,0.0,1.0
1315,12,14,13,15,0.061348363707711136,0.07475227858689497,0.06068084249030469,218,Frontal_Inf_Tri_L,Frontal_Inf_Orb_L,0.02,0.08,0.24,0.92
1972,18,74,19,75,-0.0746894378458922,0.0746894378458922,0.06326687935194591,219,Supp_Motor_Area_L,Pallidum_L,0.0,0.0,0.0,1.0
5724,72,73,73,74,0.07397120336673564,0.07442982810452596,0.05871297676051686,220,Putamen_L,Putamen_R,0.0,0.0,0.1,0.98
2902,28,89,29,90,0.07429347872841144,0.07429347872841144,0.06703923159110714,221,Insula_L,Temporal_Inf_R,0.0,0.0,0.0,1.0
535,4,86,5,87,-0.07413723155176037,0.07413723155176037,0.058890549215579194,222,Frontal_Sup_Orb_L,Temporal_Pole_Mid_L,0.0,0.0,0.02,1.0
3646,37,95,38,96,0.07407712261109496,0.07407712261109496,0.058949098245050346,223,Hippocampus_R,Cerebelum_3_R,0.0,0.0,0.02,1.0
5331,63,103,64,104,-0.07407519032003275,0.07407519032003275,0.04406169639113223,224,SupraMarginal_R,Cerebelum_8_R,0.0,0.0,0.04,1.0
5685,71,77,72,78,-0.07391588721030742,0.07396069217032059,0.06085984296833463,225,Caudate_R,Thalamus_R,0.0,0.0,0.0,0.98
2916,28,103,29,104,-0.07393894660843461,0.07393894660843461,0.07381978226946909,226,Insula_L,Cerebelum_8_R,0.0,0.0,0.02,1.0
541,4,92,5,93,-0.07383389881265587,0.07383389881265587,0.05700690426887553,227,Frontal_Sup_Orb_L,Cerebelum_Crus2_L,0.0,0.0,0.02,1.0
583,5,24,6,25,-0.07377181800420268,0.07377181800420268,0.06754479816591885,228,Frontal_Sup_Orb_R,Frontal_Med_Orb_L,0.0,0.0,0.06,1.0
1013,9,24,10,25,-0.07349388689259417,0.07349388689259417,0.07709714274938992,229,Frontal_Mid_Orb_R,Frontal_Med_Orb_L,0.0,0.0,0.02,1.0
1426,13,23,14,24,0.07335996072500028,0.07335996072500028,0.07336473108419175,230,Frontal_Inf_Tri_R,Frontal_Sup_Medial_R,0.0,0.0,0.0,1.0
5549,68,76,69,77,-0.07335555238509006,0.07335555238509006,0.06385951209830701,231,Paracentral_Lobule_L,Thalamus_L,0.0,0.0,0.0,1.0
3218,32,67,33,68,0.07317734520857987,0.07317734520857987,0.08369570827696479,232,Cingulum_Mid_L,Precuneus_R,0.0,0.0,0.0,1.0
6157,83,99,84,100,0.07298560813683212,0.07298560813683212,0.06501684788840136,233,Temporal_Pole_Sup_R,Cerebelum_6_R,0.0,0.0,0.0,1.0
1917,18,19,19,20,-0.07298020214069602,0.07298020214069602,0.053404853572650665,234,Supp_Motor_Area_L,Supp_Motor_Area_R,0.0,0.0,0.02,1.0
5323,63,95,64,96,0.0723126519875471,0.07293324255442821,0.057537076598382794,235,SupraMarginal_R,Cerebelum_3_R,0.0,0.0,0.0,0.92
2826,27,100,28,101,-0.07283042892792076,0.07283042892792076,0.0714390933597599,236,Rectus_R,Cerebelum_7b_L,0.0,0.0,0.0,1.0
1930,18,32,19,33,-0.07269119276856446,0.07269119276856446,0.06702970379008397,237,Supp_Motor_Area_L,Cingulum_Mid_L,0.0,0.0,0.02,1.0
5994,78,106,79,107,0.07263154081868421,0.07263154081868421,0.07335420276338622,238,Heschl_L,Cerebelum_10_L,0.0,0.0,0.0,1.0
3068,30,84,31,85,-0.07258716150540645,0.07258716150540645,0.054784602026252655,239,Cingulum_Ant_L,Temporal_Mid_L,0.0,0.0,0.0,1.0
2819,27,93,28,94,0.07257358317217238,0.07257358317217238,0.056196002088326216,240,Rectus_R,Cerebelum_Crus2_R,0.0,0.0,0.02,1.0
2731,26,93,27,94,0.07218587780991861,0.07256248993062721,0.06664903991976061,241,Rectus_L,Cerebelum_Crus2_R,0.0,0.0,0.0,0.98
984,8,101,9,102,0.07211998078970719,0.07211998078970719,0.05027095750734459,242,Frontal_Mid_Orb_L,Cerebelum_7b_R,0.0,0.0,0.02,1.0
5157,60,88,61,89,0.07020281374628462,0.07210164339822829,0.03867223096274907,243,Parietal_Inf_L,Temporal_Inf_L,0.0,0.0,0.04,0.98
646,5,87,6,88,-0.07201633188982898,0.07201633188982898,0.0600361156675597,244,Frontal_Sup_Orb_R,Temporal_Pole_Mid_R,0.0,0.0,0.04,1.0
6236,86,88,87,89,-0.07193661313616663,0.07193661313616663,0.07131454248827235,245,Temporal_Pole_Mid_L,Temporal_Inf_L,0.0,0.0,0.0,1.0
5910,76,97,77,98,-0.07165331185009707,0.07165331185009707,0.06118454888253651,246,Thalamus_L,Cerebelum_4_5_R,0.0,0.0,0.0,1.0
6126,82,100,83,101,-0.07152751423054172,0.07152751423054172,0.06643749543928676,247,Temporal_Pole_Sup_L,Cerebelum_7b_L,0.0,0.0,0.0,1.0
6176,84,87,85,88,0.07141398741294223,0.07141398741294223,0.06523726943948768,248,Temporal_Mid_L,Temporal_Pole_Mid_R,0.0,0.0,0.04,1.0
1000,9,11,10,12,0.0711312885735292,0.0711312885735292,0.06465642531160602,249,Frontal_Mid_Orb_R,Frontal_Inf_Oper_R,0.0,0.0,0.02,1.0
973,8,90,9,91,0.07110300688649684,0.07110300688649684,0.06332944925349625,250,Frontal_Mid_Orb_L,Cerebelum_Crus1_L,0.0,0.0,0.02,1.0
5357,64,78,65,79,0.07068602692710226,0.07068602692710226,0.06987420910071196,251,Angular_L,Heschl_L,0.0,0.0,0.0,1.0
1506,13,103,14,104,-0.07042764922962844,0.07049848172430376,0.05457050180189838,252,Frontal_Inf_Tri_R,Cerebelum_8_R,0.0,0.0,0.0,0.98
5346,64,67,65,68,-0.0701528159512194,0.0701528159512194,0.053204853427073345,253,Angular_L,Precuneus_R,0.0,0.0,0.02,1.0
1301,11,103,12,104,-0.06827902540805192,0.07003774858973853,0.04019923969724604,254,Frontal_Inf_Oper_R,Cerebelum_8_R,0.0,0.0,0.04,0.96
6248,86,100,87,101,0.06949418471510137,0.07000230930496017,0.08165179779784623,255,Temporal_Pole_Mid_L,Cerebelum_7b_L,0.0,0.0,0.0,0.96
664,5,105,6,106,-0.06995172060697766,0.06995172060697766,0.06928650804699124,256,Frontal_Sup_Orb_R,Cerebelum_9_R,0.0,0.0,0.0,1.0
6249,86,101,87,102,0.06962500383194936,0.06995103721994468,0.04595889002904198,257,Temporal_Pole_Mid_L,Cerebelum_7b_R,0.0,0.0,0.0,0.92
1216,11,18,12,19,-0.06769579148413142,0.06976045884138622,0.03362920506224592,258,Frontal_Inf_Oper_R,Supp_Motor_Area_L,0.0,0.0,0.02,0.88
1373,12,72,13,73,-0.06965985184434895,0.06973273373205449,0.05405968269656399,259,Frontal_Inf_Tri_L,Putamen_L,0.0,0.0,0.0,0.98
5782,73,89,74,90,0.06961523417166697,0.06961523417166697,0.06770521242359537,260,Putamen_R,Temporal_Inf_R,0.0,0.0,0.0,1.0
3256,32,105,33,106,0.06951520935659611,0.06951520935659611,0.06871055797771489,261,Cingulum_Mid_L,Cerebelum_9_R,0.0,0.0,0.0,1.0
1075,9,86,10,87,-0.06925069859516687,0.06925069859516687,0.04907414089647366,262,Frontal_Mid_Orb_R,Temporal_Pole_Mid_L,0.0,0.0,0.0,1.0
2461,23,93,24,94,-0.06911051553241145,0.06911051553241145,0.06306277001549113,263,Frontal_Sup_Medial_R,Cerebelum_Crus2_R,0.0,0.0,0.0,1.0
1882,17,81,18,82,0.06856241368048863,0.06856241368048863,0.06634014379307049,264,Rolandic_Oper_R,Temporal_Sup_R,0.0,0.0,0.0,1.0
6459,94,115,95,116,0.06836904497780806,0.06836904497780806,0.06429537422601384,265,Cerebelum_3_L,Vermis_10,0.0,0.0,0.0,1.0
3337,33,104,34,105,0.06834635100699764,0.06834635100699764,0.07223641037432299,266,Cingulum_Mid_R,Cerebelum_9_L,0.0,0.0,0.0,1.0
1931,18,33,19,34,-0.0683327256567801,0.0683327256567801,0.06704526696160348,267,Supp_Motor_Area_L,Cingulum_Mid_R,0.0,0.0,0.0,1.0
6508,97,107,98,108,-0.06822605749179167,0.06822605749179167,0.050322733620816226,268,Cerebelum_4_5_R,Cerebelum_10_R,0.0,0.0,0.02,1.0
5377,64,98,65,99,0.06654244361342043,0.06802576985744818,0.056213602675140376,269,Angular_L,Cerebelum_6_L,0.0,0.1,0.32,0.98
5302,63,74,64,75,-0.06625519289332554,0.06802072276816426,0.04839516843484637,270,SupraMarginal_R,Pallidum_L,0.0,0.0,0.04,0.98
1991,18,93,19,94,0.06799375505286773,0.06799375505286773,0.05752357238099998,271,Supp_Motor_Area_L,Cerebelum_Crus2_R,0.0,0.0,0.0,1.0
5168,60,99,61,100,-0.06147434122782483,0.06775913258979788,0.03807446180241984,272,Parietal_Inf_L,Cerebelum_6_R,0.0,0.04,0.08,0.86
6570,101,107,102,108,-0.06741625150692519,0.06765071896969616,0.048962417274825074,273,Cerebelum_7b_R,Cerebelum_10_R,0.0,0.0,0.0,0.96
1313,11,115,12,116,-0.0675400116094913,0.0675400116094913,0.06779773535162872,274,Frontal_Inf_Oper_R,Vermis_10,0.0,0.0,0.0,1.0
907,8,24,9,25,-0.06753190999950343,0.06753190999950343,0.05935263236956976,275,Frontal_Mid_Orb_L,Frontal_Med_Orb_L,0.0,0.0,0.0,1.0
1275,11,77,12,78,-0.06676851515718267,0.06750659567142073,0.05110069725891848,276,Frontal_Inf_Oper_R,Thalamus_R,0.0,0.0,0.04,0.98
545,4,96,5,97,-0.06744456845868017,0.06744456845868017,0.06204051953484059,277,Frontal_Sup_Orb_L,Cerebelum_4_5_L,0.0,0.0,0.02,1.0
6156,83,98,84,99,0.06740278020061329,0.06740278020061329,0.058348167335435935,278,Temporal_Pole_Sup_R,Cerebelum_6_L,0.0,0.0,0.0,1.0
3781,39,77,40,78,0.06727795291478608,0.06727795291478608,0.07283420629545484,279,ParaHippocampal_R,Thalamus_R,0.0,0.0,0.0,1.0
126,1,13,2,14,0.06713609758837165,0.06713609758837165,0.06057994254064479,280,Precentral_R,Frontal_Inf_Tri_R,0.0,0.0,0.0,1.0
2551,24,92,25,93,-0.06696006176885957,0.06696006176885957,0.054493685100910357,281,Frontal_Med_Orb_L,Cerebelum_Crus2_L,0.0,0.0,0.0,1.0
1996,18,98,19,99,-0.06602932848292001,0.06690186108780455,0.04329689515832108,282,Supp_Motor_Area_L,Cerebelum_6_L,0.0,0.0,0.0,0.98
5739,72,88,73,89,-0.06675075134298665,0.06675075134298665,0.07065783173510459,283,Putamen_L,Temporal_Inf_L,0.0,0.0,0.0,1.0
3217,32,66,33,67,0.06662857045974259,0.06662857045974259,0.06893735381008093,284,Cingulum_Mid_L,Precuneus_L,0.0,0.0,0.0,1.0
1480,13,77,14,78,-0.06615681273947896,0.0666167624081619,0.05061056973671792,285,Frontal_Inf_Tri_R,Thalamus_R,0.0,0.0,0.02,0.98
1258,11,60,12,61,-0.049240071298341286,0.06653422729329711,0.02951707851185141,286,Frontal_Inf_Oper_R,Parietal_Inf_L,0.0,0.06,0.08,0.72
5349,64,70,65,71,-0.05943349952563511,0.06651281671368017,0.02933254836439631,287,Angular_L,Caudate_L,0.0,0.0,0.08,0.72
1278,11,80,12,81,0.06236222052038305,0.06647856768239647,0.03984204718995325,288,Frontal_Inf_Oper_R,Temporal_Sup_L,0.0,0.0,0.0,0.96
3163,31,95,32,96,0.06637315607327739,0.06637315607327739,0.050960930593444385,289,Cingulum_Ant_R,Cerebelum_3_R,0.0,0.0,0.0,1.0
2828,27,102,28,103,-0.06616774114636734,0.06616774114636734,0.06779325005981665,290,Rectus_R,Cerebelum_8_L,0.0,0.0,0.0,1.0
5378,64,99,65,100,0.0037106727140862744,0.06608375616704629,0.053031234398179354,291,Angular_L,Cerebelum_6_R,0.06,0.18,0.32,0.7
2893,28,80,29,81,-0.06408336463620362,0.06602459120957418,0.03899516391531212,292,Insula_L,Temporal_Sup_L,0.0,0.0,0.1,0.92
6042,80,83,81,84,0.06600703512501264,0.06600703512501264,0.051450955380808475,293,Temporal_Sup_L,Temporal_Pole_Sup_R,0.0,0.0,0.02,1.0
6174,84,85,85,86,0.06320292039001331,0.06586532027408022,0.04269066669266132,294,Temporal_Mid_L,Temporal_Mid_R,0.0,0.02,0.04,0.98
974,8,91,9,92,0.06575395585202344,0.06575395585202344,0.06864774959141254,295,Frontal_Mid_Orb_L,Cerebelum_Crus1_R,0.0,0.0,0.02,1.0
3377,34,63,35,64,0.06573035253084349,0.06573035253084349,0.06653752762933487,296,Cingulum_Post_L,SupraMarginal_R,0.0,0.0,0.0,1.0
1568,14,64,15,65,0.06572776123687202,0.06572776123687202,0.04612180155041222,297,Frontal_Inf_Orb_L,Angular_L,0.0,0.0,0.04,1.0
1495,13,92,14,93,-0.06468537283282783,0.06565168738829677,0.04722561781103035,298,Frontal_Inf_Tri_R,Cerebelum_Crus2_L,0.0,0.0,0.02,0.9
1767,16,64,17,65,0.06542779275227754,0.06542779275227754,0.06259481722633317,299,Rolandic_Oper_L,Angular_L,0.0,0.0,0.0,1.0
6271,87,95,88,96,-0.06503695712261948,0.06542709118027552,0.05807845313639328,300,Temporal_Pole_Mid_R,Cerebelum_3_R,0.0,0.0,0.02,0.98
6121,82,95,83,96,-0.06539319357465838,0.06539319357465838,0.06626228208974852,301,Temporal_Pole_Sup_L,Cerebelum_3_R,0.0,0.0,0.0,1.0
5374,64,95,65,96,0.06272347971246788,0.06511072867372443,0.05505455899270939,302,Angular_L,Cerebelum_3_R,0.0,0.0,0.02,0.98
6399,92,98,93,99,0.06500341292977149,0.06500341292977149,0.05339614774591465,303,Cerebelum_Crus2_L,Cerebelum_6_L,0.0,0.0,0.0,1.0
1090,9,101,10,102,0.06482929762358665,0.06497352713552501,0.04826006214171556,304,Frontal_Mid_Orb_R,Cerebelum_7b_R,0.0,0.0,0.0,0.98
634,5,75,6,76,0.06448434903457664,0.06448434903457664,0.05009277669357641,305,Frontal_Sup_Orb_R,Pallidum_R,0.0,0.0,0.0,1.0
5767,73,74,74,75,0.06439036624159983,0.06439036624159983,0.03896295575322738,306,Putamen_R,Pallidum_L,0.0,0.02,0.02,1.0
5809,74,75,75,76,-0.06435748065986126,0.06435748065986126,0.04739265335025363,307,Pallidum_L,Pallidum_R,0.0,0.0,0.0,1.0
2068,19,74,20,75,-0.06420176557365619,0.06420176557365619,0.06428540520308204,308,Supp_Motor_Area_R,Pallidum_L,0.0,0.0,0.0,1.0
1436,13,33,14,34,-0.06414950049237379,0.06414950049237379,0.05292081278712509,309,Frontal_Inf_Tri_R,Cingulum_Mid_R,0.0,0.0,0.0,1.0
5326,63,98,64,99,-0.06411581594959852,0.06411581594959852,0.03906240206590318,310,SupraMarginal_R,Cerebelum_6_L,0.0,0.0,0.04,1.0
1336,12,35,13,36,-0.06314984900147502,0.06399745410546757,0.06684067184570483,311,Frontal_Inf_Tri_L,Cingulum_Post_R,0.0,0.0,0.0,0.98
2083,19,89,20,90,0.06398177049027974,0.06398177049027974,0.04861949792322823,312,Supp_Motor_Area_R,Temporal_Inf_R,0.0,0.0,0.0,1.0
3802,39,98,40,99,0.0639617951989195,0.0639617951989195,0.07148347594236631,313,ParaHippocampal_R,Cerebelum_6_L,0.0,0.0,0.0,1.0
6304,88,101,89,102,0.06347994386155134,0.06395710115187236,0.04507471436346522,314,Temporal_Inf_L,Cerebelum_7b_R,0.0,0.0,0.0,0.98
6146,83,88,84,89,-0.0627939482949604,0.06388992203077094,0.04626016067552018,315,Temporal_Pole_Sup_R,Temporal_Inf_L,0.0,0.0,0.0,0.9
5827,74,93,75,94,0.06357358095227011,0.06384039693076066,0.045236197758410715,316,Pallidum_L,Cerebelum_Crus2_R,0.0,0.0,0.04,0.98
3483,35,89,36,90,-0.06383650263822595,0.06383650263822595,0.05733714638110302,317,Cingulum_Post_R,Temporal_Inf_R,0.0,0.0,0.0,1.0
1229,11,31,12,32,-0.06271940734859328,0.06383476693254146,0.03356770395223864,318,Frontal_Inf_Oper_R,Cingulum_Ant_R,0.0,0.0,0.02,0.9
5942,77,91,78,92,0.06254597713553897,0.06380715303823356,0.03970321384020928,319,Thalamus_R,Cerebelum_Crus1_R,0.0,0.02,0.04,0.98
2360,22,84,23,85,-0.06379761230205395,0.06379761230205395,0.0565281431189747,320,Frontal_Sup_Medial_L,Temporal_Mid_L,0.0,0.0,0.0,1.0
1472,13,69,14,70,0.06378529824666583,0.06378529824666583,0.06509567350429919,321,Frontal_Inf_Tri_R,Paracentral_Lobule_R,0.0,0.0,0.0,1.0
571,5,12,6,13,-0.0636849029304563,0.06377333446650604,0.04908205835671811,322,Frontal_Sup_Orb_R,Frontal_Inf_Tri_L,0.0,0.04,0.06,0.98
2963,29,64,30,65,0.06080390503839089,0.06373950947688355,0.053789784173178666,323,Insula_R,Angular_L,0.0,0.04,0.06,0.96
2057,19,63,20,64,0.06291393087440762,0.06371687981877562,0.03275146248858388,324,Supp_Motor_Area_R,SupraMarginal_R,0.0,0.0,0.02,0.92
2547,24,88,25,89,-0.06370774981998802,0.06370774981998802,0.07120349107853544,325,Frontal_Med_Orb_L,Temporal_Inf_L,0.0,0.0,0.0,1.0
2710,26,72,27,73,0.0635514047451108,0.0635514047451108,0.04875624699746621,326,Rectus_L,Putamen_L,0.0,0.0,0.0,1.0
1692,15,88,16,89,-0.06354512591794352,0.06354512591794352,0.053363178801804426,327,Frontal_Inf_Orb_R,Temporal_Inf_L,0.0,0.0,0.0,1.0
5145,60,76,61,77,-0.05226531024107978,0.0634823322391983,0.04863676938805648,328,Parietal_Inf_L,Thalamus_L,0.0,0.04,0.08,0.88
3536,36,63,37,64,0.06347442268039685,0.06347442268039685,0.05614187560677861,329,Hippocampus_L,SupraMarginal_R,0.0,0.0,0.0,1.0
1923,18,25,19,26,0.0634636112297104,0.0634636112297104,0.05730667877488084,330,Supp_Motor_Area_L,Frontal_Med_Orb_R,0.0,0.0,0.0,1.0
6330,89,101,90,102,0.06338249873576542,0.06338249873576542,0.052310317948721596,331,Temporal_Inf_R,Cerebelum_7b_R,0.0,0.0,0.0,1.0
2549,24,90,25,91,-0.0633148044341251,0.06336775146516455,0.05715209211122209,332,Frontal_Med_Orb_L,Cerebelum_Crus1_L,0.0,0.0,0.0,0.98
3168,31,100,32,101,-0.06091653848844559,0.06334036512491242,0.03799807783582823,333,Cingulum_Ant_R,Cerebelum_7b_L,0.0,0.0,0.02,0.9
2989,29,90,30,91,0.06320213412245552,0.06320213412245552,0.04182970916808896,334,Insula_R,Cerebelum_Crus1_L,0.0,0.0,0.0,1.0
1958,18,60,19,61,0.06020967748046615,0.06303137470229282,0.017851156831006493,335,Supp_Motor_Area_L,Parietal_Inf_L,0.0,0.0,0.04,0.82
2715,26,77,27,78,0.06294130911105457,0.06294130911105457,0.044472993094316904,336,Rectus_L,Thalamus_R,0.0,0.0,0.0,1.0
2986,29,87,30,88,-0.06293157294373909,0.06293687345432623,0.051053183787489256,337,Insula_R,Temporal_Pole_Mid_R,0.0,0.0,0.0,0.98
1987,18,89,19,90,0.06290480636733337,0.06290480636733337,0.06408575548247678,338,Supp_Motor_Area_L,Temporal_Inf_R,0.0,0.0,0.0,1.0
6080,81,87,82,88,-0.06283036655635008,0.06283036655635008,0.05839926759504349,339,Temporal_Sup_R,Temporal_Pole_Mid_R,0.0,0.0,0.02,1.0
2555,24,96,25,97,-0.06278193732186117,0.06278193732186117,0.05012083670555599,340,Frontal_Med_Orb_L,Cerebelum_4_5_L,0.0,0.0,0.0,1.0
1978,18,80,19,81,-0.06222886726500852,0.06256555876753221,0.04402174527577883,341,Supp_Motor_Area_L,Temporal_Sup_L,0.0,0.0,0.0,0.98
5658,70,94,71,95,-0.06248262065675671,0.06248262065675671,0.044615845821450215,342,Caudate_L,Cerebelum_3_L,0.0,0.0,0.0,1.0
1567,14,63,15,64,-0.06240581237933902,0.06240581237933902,0.061246120477715355,343,Frontal_Inf_Orb_L,SupraMarginal_R,0.0,0.0,0.0,1.0
1703,15,99,16,100,-0.062051494561955856,0.06228123862325021,0.05637026991035733,344,Frontal_Inf_Orb_R,Cerebelum_6_R,0.0,0.0,0.0,0.94
5709,71,101,72,102,0.06209038985529289,0.06212377021565113,0.046679539181586,345,Caudate_R,Cerebelum_7b_R,0.0,0.0,0.0,0.98
6426,93,103,94,104,0.06196151846847255,0.06196151846847255,0.06576723671932169,346,Cerebelum_Crus2_R,Cerebelum_8_R,0.0,0.0,0.0,1.0
3478,35,84,36,85,-0.06195156014216305,0.06195156014216305,0.0545051656839711,347,Cingulum_Post_R,Temporal_Mid_L,0.0,0.0,0.02,1.0
2435,23,67,24,68,-0.0619479111962148,0.0619479111962148,0.059989664736316436,348,Frontal_Sup_Medial_R,Precuneus_R,0.0,0.0,0.0,1.0
5322,63,94,64,95,0.060063035833307896,0.06188993752697324,0.06181353106597854,349,SupraMarginal_R,Cerebelum_3_L,0.0,0.0,0.0,0.98
6250,86,102,87,103,0.06183710767854696,0.06183710767854696,0.04997281697738444,350,Temporal_Pole_Mid_L,Cerebelum_8_L,0.0,0.0,0.0,1.0
1088,9,99,10,100,-0.061612373612779894,0.061800868846554835,0.04570172061844532,351,Frontal_Mid_Orb_R,Cerebelum_6_R,0.0,0.0,0.0,0.96
3101,31,33,32,34,0.06161810012506729,0.06161810012506729,0.04878226924192969,352,Cingulum_Ant_R,Cingulum_Mid_R,0.0,0.0,0.0,1.0
550,4,101,5,102,0.06112352880933556,0.0616030769147567,0.04002025188694594,353,Frontal_Sup_Orb_L,Cerebelum_7b_R,0.0,0.0,0.02,0.98
1491,13,88,14,89,-0.05940082474206381,0.06159825567568153,0.05148000386079124,354,Frontal_Inf_Tri_R,Temporal_Inf_L,0.0,0.0,0.02,0.98
5371,64,92,65,93,-0.05988990677292758,0.06155671990296588,0.045877608313749776,355,Angular_L,Cerebelum_Crus2_L,0.0,0.0,0.06,0.9
6004,79,80,80,81,0.06155313949607617,0.06155313949607617,0.0599039223834682,356,Heschl_R,Temporal_Sup_L,0.0,0.0,0.0,1.0
1885,17,84,18,85,0.06145944113923203,0.06145944113923203,0.0669605144573002,357,Rolandic_Oper_R,Temporal_Mid_L,0.0,0.0,0.0,1.0
5299,63,71,64,72,0.06006748126803815,0.06141788577833807,0.052344085591978104,358,SupraMarginal_R,Caudate_R,0.0,0.0,0.0,0.84
5321,63,93,64,94,-0.061289226381138366,0.061289226381138366,0.0497098892523002,359,SupraMarginal_R,Cerebelum_Crus2_R,0.0,0.0,0.0,1.0
4964,57,63,58,64,-0.061277184707072274,0.061277184707072274,0.05417507295930474,360,Postcentral_R,SupraMarginal_R,0.0,0.0,0.0,1.0
6183,84,94,85,95,0.06127567276742958,0.06127567276742958,0.04866817605366671,361,Temporal_Mid_L,Cerebelum_3_L,0.0,0.0,0.0,1.0
2544,24,85,25,86,-0.06119850008220165,0.06119850008220165,0.057196659636411074,362,Frontal_Med_Orb_L,Temporal_Mid_R,0.0,0.0,0.0,1.0
3085,30,101,31,102,-0.05919794186173646,0.06117590037061226,0.03587183757561531,363,Cingulum_Ant_L,Cerebelum_7b_R,0.0,0.0,0.02,0.9
6031,79,107,80,108,0.06110028147983846,0.06110028147983846,0.05931522079589062,364,Heschl_R,Cerebelum_10_R,0.0,0.0,0.0,1.0
5980,78,92,79,93,0.0610287109968266,0.0610287109968266,0.060635791701258976,365,Heschl_L,Cerebelum_Crus2_L,0.0,0.0,0.0,1.0
1627,15,23,16,24,0.060931810262325775,0.060931810262325775,0.052093420787687736,366,Frontal_Inf_Orb_R,Frontal_Sup_Medial_R,0.0,0.0,0.0,1.0
3402,34,88,35,89,-0.06088843326050068,0.06088843326050068,0.06916037698291563,367,Cingulum_Post_L,Temporal_Inf_L,0.0,0.0,0.0,1.0
5316,63,88,64,89,-0.05903847338302282,0.060824534299542286,0.05077569566098723,368,SupraMarginal_R,Temporal_Inf_L,0.0,0.0,0.04,0.94
3479,35,85,36,86,-0.06080420073363507,0.06080420073363507,0.048746027614955986,369,Cingulum_Post_R,Temporal_Mid_R,0.0,0.0,0.0,1.0
458,4,9,5,10,-0.06079273354711906,0.06079273354711906,0.039157207565953076,370,Frontal_Sup_Orb_L,Frontal_Mid_Orb_R,0.0,0.0,0.0,1.0
2540,24,81,25,82,-0.05705977422430147,0.06074677671348432,0.05428977542189864,371,Frontal_Med_Orb_L,Temporal_Sup_R,0.0,0.0,0.0,0.98
2648,25,99,26,100,0.06065273453908834,0.06065273453908834,0.04627731789453833,372,Frontal_Med_Orb_R,Cerebelum_6_R,0.0,0.0,0.0,1.0
1401,12,100,13,101,-0.035550804578747555,0.06063710641843177,0.04883523089088555,373,Frontal_Inf_Tri_L,Cerebelum_7b_L,0.02,0.04,0.18,0.9
5770,73,77,74,78,-0.059119117086332655,0.06053988364946778,0.04950998140561519,374,Putamen_R,Thalamus_R,0.0,0.02,0.02,0.88
3562,36,89,37,90,-0.06053138392160095,0.06053138392160095,0.059253919699241625,375,Hippocampus_L,Temporal_Inf_R,0.0,0.0,0.0,1.0
5304,63,76,64,77,-0.05589068239632538,0.06051316013193541,0.0380282778888846,376,SupraMarginal_R,Thalamus_L,0.0,0.0,0.02,0.92
2489,24,30,25,31,-0.059372572112766114,0.06046766802731929,0.04417009290874172,377,Frontal_Med_Orb_L,Cingulum_Ant_L,0.0,0.0,0.0,0.9
2383,22,107,23,108,0.06040251966124248,0.06040251966124248,0.06579391439703687,378,Frontal_Sup_Medial_L,Cerebelum_10_R,0.0,0.0,0.0,1.0
5136,60,67,61,68,-0.05989591961634311,0.060382308180443135,0.03630138154346588,379,Parietal_Inf_L,Precuneus_R,0.0,0.0,0.0,0.98
5558,68,85,69,86,-0.06032082392508891,0.06032082392508891,0.05176900277480569,380,Paracentral_Lobule_L,Temporal_Mid_R,0.0,0.0,0.0,1.0
5153,60,84,61,85,0.05853674082079166,0.06027214805161758,0.03994861497773278,381,Parietal_Inf_L,Temporal_Mid_L,0.0,0.0,0.0,0.94
6242,86,94,87,95,-0.06025401916054726,0.06025697204060904,0.055177171528757285,382,Temporal_Pole_Mid_L,Cerebelum_3_L,0.0,0.0,0.0,0.98
534,4,85,5,86,-0.0602466979767915,0.0602466979767915,0.05418110476835464,383,Frontal_Sup_Orb_L,Temporal_Mid_R,0.0,0.0,0.0,1.0
652,5,93,6,94,-0.057713079573907713,0.06021087044119452,0.04773707137615604,384,Frontal_Sup_Orb_R,Cerebelum_Crus2_R,0.0,0.0,0.06,0.94
4848,55,64,56,65,0.0601964338141491,0.0601964338141491,0.06074235721175719,385,Fusiform_R,Angular_L,0.0,0.0,0.0,1.0
6049,80,90,81,91,0.060159039353259856,0.060159039353259856,0.046237015521931026,386,Temporal_Sup_L,Cerebelum_Crus1_L,0.0,0.0,0.02,1.0
6085,81,92,82,93,-0.05997521486253978,0.06015076176156013,0.04085875646611276,387,Temporal_Sup_R,Cerebelum_Crus2_L,0.0,0.0,0.02,0.98
2488,24,29,25,30,-0.06013077827522126,0.06013077827522126,0.05590744442312022,388,Frontal_Med_Orb_L,Insula_R,0.0,0.0,0.0,1.0
5386,64,107,65,108,0.05891925431525752,0.06012029737231779,0.052538835234929165,389,Angular_L,Cerebelum_10_R,0.0,0.0,0.04,0.96
954,8,71,9,72,0.06010517533695342,0.06010517533695342,0.051673100609008066,390,Frontal_Mid_Orb_L,Caudate_R,0.0,0.0,0.0,1.0
2625,25,76,26,77,0.05972251285960115,0.060081094771279514,0.030003210448391972,391,Frontal_Med_Orb_R,Thalamus_L,0.0,0.0,0.0,0.98
5944,77,93,78,94,0.05792979908145827,0.059842614717643884,0.04325419262343473,392,Thalamus_R,Cerebelum_Crus2_R,0.0,0.0,0.04,0.96
971,8,88,9,89,-0.05790393106006463,0.0597868905445047,0.04365573823370218,393,Frontal_Mid_Orb_L,Temporal_Inf_L,0.0,0.0,0.0,0.82
2577,25,28,26,29,0.05973354852977479,0.05973354852977479,0.061584090953313735,394,Frontal_Med_Orb_R,Insula_L,0.0,0.0,0.0,1.0
5681,71,73,72,74,0.05968876189906576,0.05968876189906576,0.04851174428231055,395,Caudate_R,Putamen_R,0.0,0.0,0.0,1.0
5978,78,90,79,91,0.05964181702480019,0.05964181702480019,0.05615705525377275,396,Heschl_L,Cerebelum_Crus1_L,0.0,0.0,0.0,1.0
6465,95,101,96,102,-0.05959860443242246,0.05961220126843539,0.0398418021720819,397,Cerebelum_3_R,Cerebelum_7b_R,0.0,0.0,0.0,0.98
1018,9,29,10,30,0.05954466296734553,0.05954466296734553,0.059671179612264924,398,Frontal_Mid_Orb_R,Insula_R,0.0,0.0,0.0,1.0
588,5,29,6,30,0.05952977440890757,0.05952977440890757,0.05390414624982845,399,Frontal_Sup_Orb_R,Insula_R,0.0,0.0,0.0,1.0
2619,25,70,26,71,0.05952403553302066,0.05952403553302066,0.05508217670109983,400,Frontal_Med_Orb_R,Caudate_L,0.0,0.0,0.0,1.0
640,5,81,6,82,-0.05951491245634069,0.05951491245634069,0.04925654692249501,401,Frontal_Sup_Orb_R,Temporal_Sup_R,0.0,0.0,0.0,1.0
2729,26,91,27,92,0.059123438022385975,0.05948716285184084,0.04343808134459227,402,Rectus_L,Cerebelum_Crus1_R,0.0,0.0,0.0,0.98
1484,13,81,14,82,0.05728418146363831,0.05944201669602884,0.03571682843166349,403,Frontal_Inf_Tri_R,Temporal_Sup_R,0.0,0.0,0.0,0.9
5350,64,71,65,72,-0.04624501914343723,0.05942236817567698,0.027205000893717468,404,Angular_L,Caudate_R,0.0,0.0,0.02,0.56
5367,64,88,65,89,0.04893748014195358,0.059400498113766645,0.04501259374809565,405,Angular_L,Temporal_Inf_L,0.0,0.0,0.06,0.9
585,5,26,6,27,-0.059343257126741086,0.059343257126741086,0.04968899557467014,406,Frontal_Sup_Orb_R,Rectus_L,0.0,0.0,0.0,1.0
5862,75,88,76,89,-0.059289009750297675,0.059289009750297675,0.0534027837208641,407,Pallidum_R,Temporal_Inf_L,0.0,0.0,0.0,1.0
1438,13,35,14,36,-0.059280577859248,0.059280577859248,0.05222039024299061,408,Frontal_Inf_Tri_R,Cingulum_Post_R,0.0,0.0,0.0,1.0
2634,25,85,26,86,-0.05878592257438865,0.059181744095582,0.0420789379003875,409,Frontal_Med_Orb_R,Temporal_Mid_R,0.0,0.0,0.0,0.98
6084,81,91,82,92,-0.05864209533100429,0.05911465934980476,0.059764674497528175,410,Temporal_Sup_R,Cerebelum_Crus1_R,0.0,0.0,0.0,0.92
5385,64,106,65,107,-0.05775895350267089,0.05908272577560835,0.03867621353889565,411,Angular_L,Cerebelum_10_L,0.0,0.0,0.08,0.94
643,5,84,6,85,-0.054453894961140295,0.0590762316784378,0.048366299263856244,412,Frontal_Sup_Orb_R,Temporal_Mid_L,0.0,0.04,0.1,0.96
5919,76,106,77,107,0.05903742910936126,0.05903742910936126,0.03351629530417846,413,Thalamus_L,Cerebelum_10_L,0.0,0.0,0.02,1.0
1492,13,89,14,90,0.05385472832647502,0.058938627023986695,0.04703310920637946,414,Frontal_Inf_Tri_R,Temporal_Inf_R,0.0,0.0,0.02,0.94
3161,31,93,32,94,-0.05799747436550137,0.058879532922727525,0.0432357430189184,415,Cingulum_Ant_R,Cerebelum_Crus2_R,0.0,0.0,0.0,0.96
5559,68,86,69,87,-0.05884540419002898,0.05884540419002898,0.06259531036606929,416,Paracentral_Lobule_L,Temporal_Pole_Mid_L,0.0,0.0,0.0,1.0
1331,12,30,13,31,-0.05846226665792904,0.05883761926927681,0.030532106495892698,417,Frontal_Inf_Tri_L,Cingulum_Ant_L,0.0,0.02,0.04,0.98
1210,11,12,12,13,0.02779370856645696,0.05882855913567533,0.02855195568078326,418,Frontal_Inf_Oper_R,Frontal_Inf_Tri_L,0.02,0.02,0.02,0.6
4927,56,84,57,85,0.058784000185315606,0.058784000185315606,0.061187472544424436,419,Postcentral_L,Temporal_Mid_L,0.0,0.0,0.0,1.0
2711,26,73,27,74,0.058572709504555044,0.058572709504555044,0.0406967807555948,420,Rectus_L,Putamen_R,0.0,0.0,0.0,1.0
3100,31,32,32,33,0.058498054752618066,0.058498054752618066,0.048278923062635766,421,Cingulum_Ant_R,Cingulum_Mid_L,0.0,0.0,0.0,1.0
1291,11,93,12,94,-0.05616566362480991,0.05835479105518237,0.0438191076632026,422,Frontal_Inf_Oper_R,Cerebelum_Crus2_R,0.0,0.0,0.06,0.96
4994,57,93,58,94,0.05826841880463705,0.05826841880463705,0.06086411913505131,423,Postcentral_R,Cerebelum_Crus2_R,0.0,0.0,0.0,1.0
125,1,12,2,13,0.05824615677432382,0.05824615677432382,0.05502563513591374,424,Precentral_R,Frontal_Inf_Tri_L,0.0,0.0,0.0,1.0
6017,79,93,80,94,0.05824073464487979,0.05824073464487979,0.06444880113456317,425,Heschl_R,Cerebelum_Crus2_R,0.0,0.0,0.0,1.0
2025,19,31,20,32,0.05726838117182065,0.05819123393905725,0.04824706039866327,426,Supp_Motor_Area_R,Cingulum_Ant_R,0.0,0.0,0.0,0.98
2813,27,87,28,88,0.05816411774538983,0.05816411774538983,0.065967374863618,427,Rectus_R,Temporal_Pole_Mid_R,0.0,0.0,0.0,1.0
197,1,84,2,85,0.05801489638470318,0.05801489638470318,0.06060041499637811,428,Precentral_R,Temporal_Mid_L,0.0,0.0,0.0,1.0
5343,63,115,64,116,-0.05797894341349772,0.05797894341349772,0.05873141679188702,429,SupraMarginal_R,Vermis_10,0.0,0.0,0.0,1.0
1784,16,81,17,82,0.05797730813959946,0.05797730813959946,0.05081664108294635,430,Rolandic_Oper_L,Temporal_Sup_R,0.0,0.0,0.0,1.0
5376,64,97,65,98,0.05628595460599949,0.05795814192982774,0.039638395123066966,431,Angular_L,Cerebelum_4_5_R,0.0,0.0,0.02,0.94
1670,15,66,16,67,0.05777796677338059,0.05777796677338059,0.05953032058247121,432,Frontal_Inf_Orb_R,Precuneus_L,0.0,0.0,0.0,1.0
1290,11,92,12,93,-0.05560696518232801,0.05776759935803872,0.04242804052154346,433,Frontal_Inf_Oper_R,Cerebelum_Crus2_L,0.0,0.0,0.0,0.92
5937,77,86,78,87,0.0574496402218129,0.057755771506642815,0.03539774834902404,434,Thalamus_R,Temporal_Pole_Mid_L,0.0,0.0,0.0,0.94
5771,73,78,74,79,0.05772578435442796,0.05772578435442796,0.05310177320234034,435,Putamen_R,Heschl_L,0.0,0.0,0.0,1.0
1494,13,91,14,92,-0.05698260640375306,0.05764113982842043,0.03345049781511723,436,Frontal_Inf_Tri_R,Cerebelum_Crus1_R,0.0,0.0,0.0,0.92
5175,60,106,61,107,-0.0523155257333229,0.05761445497565689,0.046518837940576985,437,Parietal_Inf_L,Cerebelum_10_L,0.0,0.04,0.14,0.92
2738,26,100,27,101,-0.05734053617318241,0.057526411955375716,0.038775020063295695,438,Rectus_L,Cerebelum_7b_L,0.0,0.0,0.0,0.98
2888,28,75,29,76,-0.057425439225870845,0.057425439225870845,0.05486037626889016,439,Insula_L,Pallidum_R,0.0,0.0,0.0,1.0
6308,88,105,89,106,0.05740750880993328,0.05740750880993328,0.0435855047671902,440,Temporal_Inf_L,Cerebelum_9_R,0.0,0.0,0.0,1.0
5958,77,107,78,108,0.05735902905548047,0.05735902905548047,0.037810201805431584,441,Thalamus_R,Cerebelum_10_R,0.0,0.0,0.0,1.0
537,4,88,5,89,0.057303185741271793,0.057303185741271793,0.04132314591344635,442,Frontal_Sup_Orb_L,Temporal_Inf_L,0.0,0.0,0.0,1.0
894,8,11,9,12,0.05387917698167879,0.05726635622884495,0.031782213556421204,443,Frontal_Mid_Orb_L,Frontal_Inf_Oper_R,0.0,0.0,0.0,0.92
1289,11,91,12,92,-0.054675575080669434,0.05707087187972427,0.036611435995355046,444,Frontal_Inf_Oper_R,Cerebelum_Crus1_R,0.0,0.0,0.02,0.96
1248,11,50,12,51,0.05706373570288635,0.05706373570288635,0.05419444250085011,445,Frontal_Inf_Oper_R,Occipital_Mid_L,0.0,0.0,0.0,1.0
1982,18,84,19,85,0.05641461897847156,0.05690127371481221,0.04469268474637006,446,Supp_Motor_Area_L,Temporal_Mid_L,0.0,0.0,0.02,0.98
480,4,31,5,32,-0.056313374112900744,0.056867132610996025,0.02883612234047455,447,Frontal_Sup_Orb_L,Cingulum_Ant_R,0.0,0.0,0.04,0.94
895,8,12,9,13,-0.04991000578384199,0.05684765051733944,0.037880812519587526,448,Frontal_Mid_Orb_L,Frontal_Inf_Tri_L,0.0,0.0,0.02,0.86
5953,77,102,78,103,0.05684644764314962,0.05684644764314962,0.04189478784611688,449,Thalamus_R,Cerebelum_8_L,0.0,0.0,0.0,1.0
1386,12,85,13,86,0.05684480676357415,0.05684480676357415,0.03401601569463733,450,Frontal_Inf_Tri_L,Temporal_Mid_R,0.0,0.0,0.04,1.0
1505,13,102,14,103,-0.05679767504984556,0.05684144638759289,0.031541525769796706,451,Frontal_Inf_Tri_R,Cerebelum_8_L,0.0,0.0,0.0,0.98
3142,31,74,32,75,0.05675574012804017,0.05675574012804017,0.043565280203594126,452,Cingulum_Ant_R,Pallidum_L,0.0,0.0,0.0,1.0
3155,31,87,32,88,-0.05070189299627959,0.05659628294927626,0.025386661860743044,453,Cingulum_Ant_R,Temporal_Pole_Mid_R,0.0,0.0,0.02,0.76
1233,11,35,12,36,-0.055494752950407754,0.05659612043008115,0.03866079047099692,454,Frontal_Inf_Oper_R,Cingulum_Post_R,0.0,0.0,0.0,0.98
6125,82,99,83,100,0.0554321682330951,0.05646215294555694,0.039710182524776046,455,Temporal_Pole_Sup_L,Cerebelum_6_R,0.0,0.0,0.02,0.98
6357,90,103,91,104,0.056435382412653945,0.056435382412653945,0.047602623294715624,456,Cerebelum_Crus1_L,Cerebelum_8_R,0.0,0.0,0.0,1.0
5907,76,94,77,95,-0.055570119652857713,0.056393206590818014,0.030716555396267966,457,Thalamus_L,Cerebelum_3_L,0.0,0.0,0.0,0.96
206,1,93,2,94,0.056247589753846014,0.056247589753846014,0.054887308517861,458,Precentral_R,Cerebelum_Crus2_R,0.0,0.0,0.0,1.0
5516,67,90,68,91,-0.05619447569349452,0.05622816622221501,0.05428363967307305,459,Precuneus_R,Cerebelum_Crus1_L,0.0,0.0,0.0,0.98
6218,85,99,86,100,0.05621120595273184,0.05621120595273184,0.044098243069071355,460,Temporal_Mid_R,Cerebelum_6_R,0.0,0.0,0.02,1.0
1497,13,94,14,95,0.05617665127443946,0.05617665127443946,0.03355248550388652,461,Frontal_Inf_Tri_R,Cerebelum_3_L,0.0,0.0,0.0,1.0
5351,64,72,65,73,-0.052100959180745754,0.05616385174334773,0.03433483536838194,462,Angular_L,Putamen_L,0.0,0.0,0.04,0.7
1407,12,106,13,107,0.006192914244077906,0.056144209823876114,0.03261523092379606,463,Frontal_Inf_Tri_L,Cerebelum_10_L,0.0,0.02,0.06,0.7
1609,14,105,15,106,0.05610282011572334,0.05610282011572334,0.04534597120581285,464,Frontal_Inf_Orb_L,Cerebelum_9_R,0.0,0.0,0.0,1.0
1418,13,15,14,16,0.053658277996567645,0.05595368523509742,0.044669669291772164,465,Frontal_Inf_Tri_R,Frontal_Inf_Orb_R,0.0,0.0,0.0,0.98
2876,28,63,29,64,-0.052266675717090365,0.05594341139292241,0.03657264043027367,466,Insula_L,SupraMarginal_R,0.0,0.0,0.0,0.82
5677,70,113,71,114,-0.05591953456684612,0.05591953456684612,0.05510749447718366,467,Caudate_L,Vermis_8,0.0,0.0,0.0,1.0
644,5,85,6,86,-0.05588290996665052,0.05588290996665052,0.04559952052325615,468,Frontal_Sup_Orb_R,Temporal_Mid_R,0.0,0.0,0.04,1.0
919,8,36,9,37,-0.05580991472394822,0.05580991472394822,0.04299855771473812,469,Frontal_Mid_Orb_L,Hippocampus_L,0.0,0.0,0.02,1.0
5903,76,90,77,91,0.05578552082777555,0.05578552082777555,0.03821311151524613,470,Thalamus_L,Cerebelum_Crus1_L,0.0,0.0,0.0,1.0
6074,80,115,81,116,-0.05571568841133882,0.05571568841133882,0.062131444881349626,471,Temporal_Sup_L,Vermis_10,0.0,0.0,0.0,1.0
1892,17,91,18,92,0.05566552659690293,0.05566552659690293,0.05801704141163533,472,Rolandic_Oper_R,Cerebelum_Crus1_R,0.0,0.0,0.0,1.0
6295,88,92,89,93,-0.055561332574126716,0.055561332574126716,0.03689213718640927,473,Temporal_Inf_L,Cerebelum_Crus2_L,0.0,0.0,0.0,1.0
2613,25,64,26,65,-0.055539356291894944,0.05555901921790074,0.038060869726876737,474,Frontal_Med_Orb_R,Angular_L,0.0,0.0,0.02,0.98
1408,12,107,13,108,-0.050986533257361855,0.055554232658342854,0.035862352513117646,475,Frontal_Inf_Tri_L,Cerebelum_10_R,0.0,0.0,0.0,0.98
1598,14,94,15,95,0.055508972637798616,0.055508972637798616,0.05388819131928171,476,Frontal_Inf_Orb_L,Cerebelum_3_L,0.0,0.0,0.0,1.0
6133,82,107,83,108,-0.055118743067242904,0.05548083228365187,0.049508402684981426,477,Temporal_Pole_Sup_L,Cerebelum_10_R,0.0,0.0,0.0,0.94
1017,9,28,10,29,0.055472150402340485,0.055472150402340485,0.05131319272904007,478,Frontal_Mid_Orb_R,Insula_L,0.0,0.0,0.0,1.0
5368,64,89,65,90,0.0541251334627647,0.055461647938422926,0.033946571902870495,479,Angular_L,Temporal_Inf_R,0.0,0.0,0.0,0.9
5693,71,85,72,86,-0.054207630002051976,0.055443665019026145,0.04013888616270409,480,Caudate_R,Temporal_Mid_R,0.0,0.0,0.0,0.86
2500,24,41,25,42,-0.05540790997729364,0.05540790997729364,0.05591131230909058,481,Frontal_Med_Orb_L,Amygdala_R,0.0,0.0,0.0,1.0
637,5,78,6,79,0.05536259003516685,0.05537188147927617,0.047551095461706626,482,Frontal_Sup_Orb_R,Heschl_L,0.0,0.0,0.0,0.98
3475,35,81,36,82,-0.05521790794350589,0.055352529096480405,0.05704688327754258,483,Cingulum_Post_R,Temporal_Sup_R,0.0,0.0,0.0,0.98
6365,90,111,91,112,-0.0553171021732099,0.0553171021732099,0.051058715225770115,484,Cerebelum_Crus1_L,Vermis_6,0.0,0.0,0.0,1.0
3735,38,107,39,108,0.05469897256613548,0.05524976867697715,0.04231158550768073,485,ParaHippocampal_L,Cerebelum_10_R,0.0,0.0,0.0,0.96
2796,27,70,28,71,0.05519878514052163,0.05519878514052163,0.03508602482179667,486,Rectus_R,Caudate_L,0.0,0.0,0.0,1.0
1001,9,12,10,13,-0.052556315939647706,0.05516521435750912,0.03892480983683405,487,Frontal_Mid_Orb_R,Frontal_Inf_Tri_L,0.0,0.0,0.0,0.96
1094,9,105,10,106,-0.05513359310680919,0.05513359310680919,0.04600306530586801,488,Frontal_Mid_Orb_R,Cerebelum_9_R,0.0,0.0,0.0,1.0
6519,98,101,99,102,0.05458203779926062,0.055114443587595804,0.03832665482616858,489,Cerebelum_6_L,Cerebelum_7b_R,0.0,0.0,0.0,0.96
2563,24,104,25,105,-0.055063968284771586,0.055082669871834765,0.04692792585173279,490,Frontal_Med_Orb_L,Cerebelum_9_L,0.0,0.0,0.0,0.98
5303,63,75,64,76,-0.053156926757054274,0.05502410246307894,0.03548774951441304,491,SupraMarginal_R,Pallidum_R,0.0,0.0,0.0,0.94
3811,39,107,40,108,0.054957816211080764,0.054957816211080764,0.05628197778359534,492,ParaHippocampal_R,Cerebelum_10_R,0.0,0.0,0.0,1.0
901,8,18,9,19,0.053307000308458495,0.054885450312648264,0.037011044850612435,493,Frontal_Mid_Orb_L,Supp_Motor_Area_L,0.0,0.0,0.0,0.96
1023,9,34,10,35,-0.05479477499174176,0.05479477499174176,0.054883073344557304,494,Frontal_Mid_Orb_R,Cingulum_Post_L,0.0,0.0,0.0,1.0
5988,78,100,79,101,0.0547212990856286,0.0547212990856286,0.04755168049133692,495,Heschl_L,Cerebelum_7b_L,0.0,0.0,0.0,1.0
1226,11,28,12,29,0.05108787884976351,0.05463415498404755,0.025213204126698967,496,Frontal_Inf_Oper_R,Insula_L,0.0,0.0,0.02,0.86
1026,9,37,10,38,-0.054600730581687004,0.054600730581687004,0.058468651703364405,497,Frontal_Mid_Orb_R,Hippocampus_R,0.0,0.0,0.0,1.0
1334,12,33,13,34,-0.051794699624982295,0.05458469251347138,0.05194059162606687,498,Frontal_Inf_Tri_L,Cingulum_Mid_R,0.0,0.0,0.0,0.98
5334,63,106,64,107,-0.053821276797427736,0.054550095695799286,0.03554097824102981,499,SupraMarginal_R,Cerebelum_10_L,0.0,0.0,0.06,0.92
6251,86,103,87,104,0.054125847271048494,0.05452270557497342,0.04304700027262696,500,Temporal_Pole_Mid_L,Cerebelum_8_R,0.0,0.0,0.0,0.96
3157,31,89,32,90,0.05446443847536659,0.05446443847536659,0.04032624411922491,501,Cingulum_Ant_R,Temporal_Inf_R,0.0,0.0,0.0,1.0
5294,63,66,64,67,0.0542729792586471,0.0542729792586471,0.04422412264665007,502,SupraMarginal_R,Precuneus_L,0.0,0.0,0.0,1.0
3060,30,76,31,77,-0.050230102088617966,0.0541816734414266,0.025312345530428444,503,Cingulum_Ant_L,Thalamus_L,0.0,0.0,0.02,0.82
2887,28,74,29,75,-0.05416057335060518,0.05416057335060518,0.05035945157910338,504,Insula_L,Pallidum_L,0.0,0.0,0.0,1.0
570,5,11,6,12,0.04954530426386157,0.05406455748819788,0.03372248315468144,505,Frontal_Sup_Orb_R,Frontal_Inf_Oper_R,0.0,0.0,0.02,0.98
5307,63,79,64,80,0.05401512098439834,0.05401512098439834,0.04871483161203184,506,SupraMarginal_R,Heschl_R,0.0,0.0,0.0,1.0
5562,68,89,69,90,-0.05395404499411602,0.05395404499411602,0.054853228903759224,507,Paracentral_Lobule_L,Temporal_Inf_R,0.0,0.0,0.0,1.0
6507,97,106,98,107,-0.052333108875731366,0.053942649777425807,0.03520925023533611,508,Cerebelum_4_5_R,Cerebelum_10_L,0.0,0.0,0.0,0.96
2454,23,86,24,87,-0.05389081357905531,0.05389081357905531,0.04665425366718432,509,Frontal_Sup_Medial_R,Temporal_Pole_Mid_L,0.0,0.0,0.0,1.0
2652,25,103,26,104,0.05388268732492064,0.05388268732492064,0.04230589288014727,510,Frontal_Med_Orb_R,Cerebelum_8_R,0.0,0.0,0.0,1.0
5799,73,106,74,107,0.05269537467551067,0.05383153099477205,0.017748909956231858,511,Putamen_R,Cerebelum_10_L,0.0,0.0,0.0,0.92
59,0,60,1,61,0.05265663696799734,0.05375275573429075,0.027965331482711804,512,Precentral_L,Parietal_Inf_L,0.0,0.0,0.0,0.98
5834,74,100,75,101,0.052869155891909235,0.05366690507231538,0.03756962433288989,513,Pallidum_L,Cerebelum_7b_L,0.0,0.0,0.04,0.98
1399,12,98,13,99,0.0449050447938135,0.053658582935191185,0.02051010931519029,514,Frontal_Inf_Tri_L,Cerebelum_6_L,0.0,0.0,0.0,0.68
2932,29,33,30,34,0.053617281610348025,0.053617281610348025,0.04148420014878939,515,Insula_R,Cingulum_Mid_R,0.0,0.0,0.0,1.0
1499,13,96,14,97,0.053375935098699985,0.05354195736418434,0.03967342379123685,516,Frontal_Inf_Tri_R,Cerebelum_4_5_L,0.0,0.0,0.0,0.98
1382,12,81,13,82,-0.04255011911647096,0.053533912848215716,0.020622075716316007,517,Frontal_Inf_Tri_L,Temporal_Sup_R,0.0,0.0,0.0,0.56
4985,57,84,58,85,0.05352970932298616,0.05352970932298616,0.0556808222799216,518,Postcentral_R,Temporal_Mid_L,0.0,0.0,0.0,1.0
3403,34,89,35,90,-0.053516519936240604,0.053516519936240604,0.045780317048540735,519,Cingulum_Post_L,Temporal_Inf_R,0.0,0.0,0.0,1.0
3639,37,88,38,89,-0.05342725891820214,0.05342725891820214,0.039272097095648384,520,Hippocampus_R,Temporal_Inf_L,0.0,0.0,0.0,1.0
5156,60,87,61,88,0.052699940467960206,0.053408195293940336,0.02588177396750619,521,Parietal_Inf_L,Temporal_Pole_Mid_R,0.0,0.0,0.02,0.88
6245,86,97,87,98,0.05294858385047435,0.05336295519804585,0.04001403639370475,522,Temporal_Pole_Mid_L,Cerebelum_4_5_R,0.0,0.0,0.0,0.98
3810,39,106,40,107,-0.053280171460841644,0.053326625945794424,0.03250379092766033,523,ParaHippocampal_R,Cerebelum_10_L,0.0,0.0,0.0,0.98
5697,71,89,72,90,0.05325110428375808,0.05325110428375808,0.048636796192527115,524,Caudate_R,Temporal_Inf_R,0.0,0.0,0.0,1.0
1246,11,48,12,49,0.05319246208706643,0.05321424643288451,0.03735041652728041,525,Frontal_Inf_Oper_R,Occipital_Sup_L,0.0,0.0,0.0,0.98
1250,11,52,12,53,0.05316110553443149,0.05316110553443149,0.05073458804492678,526,Frontal_Inf_Oper_R,Occipital_Inf_L,0.0,0.0,0.0,1.0
6370,91,92,92,93,0.0518971244003191,0.05309110464815269,0.026293734342207106,527,Cerebelum_Crus1_R,Cerebelum_Crus2_L,0.0,0.0,0.0,0.9
3482,35,88,36,89,-0.052990892867594404,0.052990892867594404,0.04564460605334039,528,Cingulum_Post_R,Temporal_Inf_L,0.0,0.0,0.0,1.0
3640,37,89,38,90,-0.052979981085574265,0.052979981085574265,0.05295602037762302,529,Hippocampus_R,Temporal_Inf_R,0.0,0.0,0.0,1.0
2724,26,86,27,87,-0.05296507049071457,0.05296507049071457,0.05537381847036185,530,Rectus_L,Temporal_Pole_Mid_L,0.0,0.0,0.0,1.0
6165,83,107,84,108,-0.052770065974409135,0.052952113652664334,0.04402001922187246,531,Temporal_Pole_Sup_R,Cerebelum_10_R,0.0,0.0,0.0,0.96
2067,19,73,20,74,0.052914157893895454,0.052914157893895454,0.05020782436488673,532,Supp_Motor_Area_R,Putamen_R,0.0,0.0,0.0,1.0
3374,34,60,35,61,-0.05285921062248414,0.05285921062248414,0.04056610455676876,533,Cingulum_Post_L,Parietal_Inf_L,0.0,0.0,0.0,1.0
3054,30,70,31,71,0.05285527619509882,0.05285527619509882,0.03073266297764929,534,Cingulum_Ant_L,Caudate_L,0.0,0.0,0.0,1.0
3730,38,102,39,103,-0.052848868021244486,0.052848868021244486,0.04145688226920237,535,ParaHippocampal_L,Cerebelum_8_L,0.0,0.0,0.0,1.0
6373,91,95,92,96,0.052821980328034576,0.052821980328034576,0.030888902583081093,536,Cerebelum_Crus1_R,Cerebelum_3_R,0.0,0.0,0.0,1.0
1335,12,34,13,35,-0.05277375615169918,0.05277375615169918,0.05862297905027257,537,Frontal_Inf_Tri_L,Cingulum_Post_L,0.0,0.0,0.0,1.0
1074,9,85,10,86,-0.052397025421034034,0.05275618003842637,0.03784169169583179,538,Frontal_Mid_Orb_R,Temporal_Mid_R,0.0,0.0,0.02,0.98
2004,18,106,19,107,-0.05239533426068936,0.052739781249953085,0.03296381032753475,539,Supp_Motor_Area_L,Cerebelum_10_L,0.0,0.0,0.0,0.96
6319,89,90,90,91,0.052530442876891605,0.052737058027800536,0.03947468510418944,540,Temporal_Inf_R,Cerebelum_Crus1_L,0.0,0.0,0.0,0.96
5727,72,76,73,77,-0.051679177907896535,0.05272753154381877,0.04184849401471536,541,Putamen_L,Thalamus_L,0.0,0.0,0.0,0.92
1580,14,76,15,77,0.05263195484878084,0.05263195484878084,0.036823844635855196,542,Frontal_Inf_Orb_L,Thalamus_L,0.0,0.0,0.0,1.0
5707,71,99,72,100,0.052226574160569854,0.052601550711754444,0.03735893559514661,543,Caudate_R,Cerebelum_6_R,0.0,0.0,0.0,0.98
663,5,104,6,105,-0.05253995394050644,0.05253995394050644,0.043871829875927276,544,Frontal_Sup_Orb_R,Cerebelum_9_L,0.0,0.0,0.0,1.0
5561,68,88,69,89,-0.05253589791809661,0.05253589791809661,0.05090674699575268,545,Paracentral_Lobule_L,Temporal_Inf_L,0.0,0.0,0.0,1.0
2527,24,68,25,69,-0.05253506644670024,0.05253506644670024,0.050153889676142996,546,Frontal_Med_Orb_L,Paracentral_Lobule_L,0.0,0.0,0.0,1.0
656,5,97,6,98,-0.052133249528246974,0.05252665335771142,0.04423702672920493,547,Frontal_Sup_Orb_R,Cerebelum_4_5_R,0.0,0.0,0.0,0.98
6045,80,86,81,87,-0.052516057842695474,0.05251781595916375,0.03313986641474402,548,Temporal_Sup_L,Temporal_Pole_Mid_L,0.0,0.0,0.0,0.98
1095,9,106,10,107,-0.05131707214420588,0.052480893203570356,0.03134019966287502,549,Frontal_Mid_Orb_R,Cerebelum_10_L,0.0,0.0,0.0,0.96
4723,53,60,54,61,-0.05248065046811418,0.05248065046811418,0.04558451395744048,550,Occipital_Inf_R,Parietal_Inf_L,0.0,0.0,0.0,1.0
2903,28,90,29,91,0.052469407007852784,0.052469407007852784,0.03714446802160229,551,Insula_L,Cerebelum_Crus1_L,0.0,0.0,0.0,1.0
6309,88,106,89,107,-0.051535909198653924,0.052458716138683706,0.038312363015009274,552,Temporal_Inf_L,Cerebelum_10_L,0.0,0.0,0.0,0.98
6225,85,106,86,107,-0.05011905610421153,0.052366755961932715,0.032660788276572525,553,Temporal_Mid_R,Cerebelum_10_L,0.0,0.0,0.0,0.94
3048,30,64,31,65,-0.03792950413736143,0.05233639335537621,0.02602918373395316,554,Cingulum_Ant_L,Angular_L,0.02,0.04,0.08,0.66
6564,100,115,101,116,-0.052248229657684414,0.052248229657684414,0.04719276808766864,555,Cerebelum_7b_L,Vermis_10,0.0,0.0,0.0,1.0
2364,22,88,23,89,-0.05224020972952539,0.05224020972952539,0.04661048964893319,556,Frontal_Sup_Medial_L,Temporal_Inf_L,0.0,0.0,0.0,1.0
1698,15,94,16,95,0.05217322819211501,0.05217322819211501,0.046305984849632637,557,Frontal_Inf_Orb_R,Cerebelum_3_L,0.0,0.0,0.0,1.0
5773,73,80,74,81,0.051958485257269975,0.051958485257269975,0.03643202788104778,558,Putamen_R,Temporal_Sup_L,0.0,0.0,0.0,1.0
5969,78,81,79,82,0.05192602418632911,0.05192602418632911,0.04526059622005952,559,Heschl_L,Temporal_Sup_R,0.0,0.0,0.0,1.0
6270,87,94,88,95,0.05186697795523331,0.05186697795523331,0.046332918236765525,560,Temporal_Pole_Mid_R,Cerebelum_3_L,0.0,0.0,0.0,1.0
5318,63,90,64,91,-0.04501698970584948,0.05184000654539726,0.031186637435943937,561,SupraMarginal_R,Cerebelum_Crus1_L,0.0,0.0,0.0,0.86
2905,28,92,29,93,0.051306293954705075,0.051760174597704316,0.03410106505941654,562,Insula_L,Cerebelum_Crus2_L,0.0,0.0,0.0,0.98
5757,72,106,73,107,-0.0517180360795202,0.0517180360795202,0.03210645954040714,563,Putamen_L,Cerebelum_10_L,0.0,0.0,0.0,1.0
968,8,85,9,86,-0.05168809412509767,0.05169380056745435,0.04927516211711398,564,Frontal_Mid_Orb_L,Temporal_Mid_R,0.0,0.0,0.0,0.98
1678,15,74,16,75,0.05167735892796692,0.05167735892796692,0.04698116739737328,565,Frontal_Inf_Orb_R,Pallidum_L,0.0,0.0,0.0,1.0
1003,9,14,10,15,0.051482384278687156,0.05166984257042149,0.046515406810269846,566,Frontal_Mid_Orb_R,Frontal_Inf_Orb_L,0.0,0.0,0.0,0.96
2956,29,57,30,58,-0.05166922590485021,0.05166922590485021,0.05569620560810358,567,Insula_R,Postcentral_R,0.0,0.0,0.0,1.0
5356,64,77,65,78,0.036135203811408154,0.05156987284649968,0.03680245307969249,568,Angular_L,Thalamus_R,0.0,0.0,0.0,0.84
533,4,84,5,85,-0.051250309465218746,0.05154558303618867,0.0319291549372579,569,Frontal_Sup_Orb_L,Temporal_Mid_L,0.0,0.0,0.0,0.98
5818,74,84,75,85,0.05134940437724798,0.05146927919549919,0.03140812790117262,570,Pallidum_L,Temporal_Mid_L,0.0,0.0,0.0,0.98
6442,94,98,95,99,0.05081334926737671,0.05140740598066178,0.028903516157252368,571,Cerebelum_3_L,Cerebelum_6_L,0.0,0.0,0.0,0.96
2550,24,91,25,92,0.051390388539390035,0.051390388539390035,0.03625067076914712,572,Frontal_Med_Orb_L,Cerebelum_Crus1_R,0.0,0.0,0.0,1.0
2970,29,71,30,72,0.05135665542906799,0.05135665542906799,0.04501872961782471,573,Insula_R,Caudate_R,0.0,0.0,0.0,1.0
1979,18,81,19,82,-0.05110593525802869,0.051242030129344786,0.02426229939832399,574,Supp_Motor_Area_L,Temporal_Sup_R,0.0,0.0,0.0,0.94
1279,11,81,12,82,0.016079116976461773,0.05124010238794579,0.03573821104594225,575,Frontal_Inf_Oper_R,Temporal_Sup_R,0.0,0.0,0.0,0.78
1416,12,115,13,116,-0.051115581028578404,0.051115581028578404,0.0520495755928677,576,Frontal_Inf_Tri_L,Vermis_10,0.0,0.0,0.0,1.0
5735,72,84,73,85,-0.05001096729259714,0.05110695841639355,0.04189475120080907,577,Putamen_L,Temporal_Mid_L,0.0,0.0,0.0,0.86
5729,72,78,73,79,0.051068649043130375,0.051068649043130375,0.04766596603983643,578,Putamen_L,Heschl_L,0.0,0.0,0.0,1.0
3387,34,73,35,74,0.051058780042884264,0.051058780042884264,0.04536174520037553,579,Cingulum_Post_L,Putamen_R,0.0,0.0,0.0,1.0
6460,95,96,96,97,-0.05102410953901625,0.05102410953901625,0.04204618564586972,580,Cerebelum_3_R,Cerebelum_4_5_L,0.0,0.0,0.0,1.0
5986,78,98,79,99,0.05081128386672755,0.05081128386672755,0.04810681775173399,581,Heschl_L,Cerebelum_6_L,0.0,0.0,0.0,1.0
1989,18,91,19,92,0.05029065343294412,0.0506999979152534,0.035708177603243,582,Supp_Motor_Area_L,Cerebelum_Crus1_R,0.0,0.0,0.0,0.96
1211,11,13,12,14,0.04223569000583087,0.05055813788003222,0.0186924572542825,583,Frontal_Inf_Oper_R,Frontal_Inf_Tri_R,0.0,0.04,0.04,0.78
6205,85,86,86,87,-0.05042180833907724,0.05048453044109254,0.03956895382785536,584,Temporal_Mid_R,Temporal_Pole_Mid_L,0.0,0.0,0.0,0.98
5830,74,96,75,97,0.050460602950083165,0.050460602950083165,0.02895557486438869,585,Pallidum_L,Cerebelum_4_5_L,0.0,0.0,0.0,1.0
1213,11,15,12,16,0.04777706606072374,0.0504580757344596,0.029645442536314653,586,Frontal_Inf_Oper_R,Frontal_Inf_Orb_R,0.0,0.0,0.0,0.94
3626,37,75,38,76,-0.05036348979957207,0.05036348979957207,0.04050783494885951,587,Hippocampus_R,Pallidum_R,0.0,0.0,0.0,1.0
2991,29,92,30,93,0.050277382044539264,0.05031665334007708,0.03678433969589031,588,Insula_R,Cerebelum_Crus2_L,0.0,0.0,0.0,0.98
2020,19,26,20,27,-0.05025746102263902,0.050299132042718755,0.036208402427151835,589,Supp_Motor_Area_R,Rectus_L,0.0,0.0,0.0,0.98
5610,69,91,70,92,0.049895837298391726,0.05028585564410339,0.045791776670250466,590,Paracentral_Lobule_R,Cerebelum_Crus1_R,0.0,0.0,0.0,0.98
2539,24,80,25,81,-0.04968372158769349,0.050256309368091244,0.043952778493659736,591,Frontal_Med_Orb_L,Temporal_Sup_L,0.0,0.0,0.0,0.96
2981,29,82,30,83,-0.048878160605419455,0.05018386285739867,0.027583185902252227,592,Insula_R,Temporal_Pole_Sup_L,0.0,0.0,0.0,0.78
3064,30,80,31,81,-0.04751502808979119,0.0501396006977229,0.029223500780175528,593,Cingulum_Ant_L,Temporal_Sup_L,0.0,0.0,0.0,0.94
2975,29,76,30,77,-0.04795945761138436,0.050095269180899724,0.03993503049367182,594,Insula_R,Thalamus_L,0.0,0.0,0.0,0.96
6302,88,99,89,100,0.04860149774900763,0.05004712639732403,0.036966059024339,595,Temporal_Inf_L,Cerebelum_6_R,0.0,0.0,0.0,0.94
911,8,28,9,29,0.04966758327800771,0.049931743171957706,0.039922829894914885,596,Frontal_Mid_Orb_L,Insula_L,0.0,0.0,0.0,0.98
1975,18,77,19,78,0.04685716702271195,0.049888680002698506,0.03685783915663384,597,Supp_Motor_Area_L,Thalamus_R,0.0,0.0,0.0,0.78
5159,60,90,61,91,-0.0191937732265134,0.049887868846648066,0.03201649120301728,598,Parietal_Inf_L,Cerebelum_Crus1_L,0.0,0.0,0.0,0.8
5918,76,105,77,106,0.04967961085503024,0.04976318131160315,0.03571269675166942,599,Thalamus_L,Cerebelum_9_R,0.0,0.0,0.0,0.98
3777,39,73,40,74,0.04973346976792093,0.04973346976792093,0.05053139749439922,600,ParaHippocampal_R,Putamen_R,0.0,0.0,0.0,1.0
6108,81,115,82,116,-0.04970024729448484,0.04970024729448484,0.052475585227802574,601,Temporal_Sup_R,Vermis_10,0.0,0.0,0.0,1.0
3638,37,87,38,88,0.04939617507361757,0.04968624897191368,0.03170776065482252,602,Hippocampus_R,Temporal_Pole_Mid_R,0.0,0.0,0.0,0.92
1280,11,82,12,83,0.04813450811555708,0.04965285733312446,0.025798032192344993,603,Frontal_Inf_Oper_R,Temporal_Pole_Sup_L,0.0,0.0,0.0,0.92
196,1,83,2,84,0.04963590213506304,0.04963590213506304,0.04667616199151841,604,Precentral_R,Temporal_Pole_Sup_R,0.0,0.0,0.0,1.0
5936,77,85,78,86,-0.04891335900037363,0.049631750532617994,0.01659189532869409,605,Thalamus_R,Temporal_Mid_R,0.0,0.02,0.02,0.94
5360,64,81,65,82,0.03886295539373613,0.049608726070504504,0.02450250123387602,606,Angular_L,Temporal_Sup_R,0.0,0.0,0.0,0.76
3454,35,60,36,61,-0.04937946368580947,0.04958205546033183,0.033161266850006046,607,Cingulum_Post_R,Parietal_Inf_L,0.0,0.0,0.0,0.98
5580,68,107,69,108,-0.04953559588011413,0.04953559588011413,0.04390021917653686,608,Paracentral_Lobule_L,Cerebelum_10_R,0.0,0.0,0.0,1.0
2906,28,93,29,94,0.04942293641904978,0.04942293641904978,0.03945710811656236,609,Insula_L,Cerebelum_Crus2_R,0.0,0.0,0.0,1.0
6015,79,91,80,92,0.04939535956118321,0.04939535956118321,0.046548643046409925,610,Heschl_R,Cerebelum_Crus1_R,0.0,0.0,0.0,1.0
5833,74,99,75,100,0.04876097995021257,0.049323752442449825,0.02724011748109198,611,Pallidum_L,Cerebelum_6_R,0.0,0.0,0.0,0.96
1970,18,72,19,73,-0.04923202053138352,0.04923202053138352,0.026583295327501873,612,Supp_Motor_Area_L,Putamen_L,0.0,0.0,0.0,1.0
6526,98,108,99,109,0.04920979292830333,0.04920979292830333,0.04794641370411269,613,Cerebelum_6_L,Vermis_1_2,0.0,0.0,0.0,1.0
6580,102,104,103,105,0.04907111908546393,0.049178558797284166,0.045631155210729864,614,Cerebelum_8_L,Cerebelum_9_L,0.0,0.0,0.0,0.98
5166,60,97,61,98,-0.047397947745249934,0.049131165087316256,0.028861672970869886,615,Parietal_Inf_L,Cerebelum_4_5_R,0.0,0.0,0.0,0.98
4788,54,64,55,65,0.04912147326814055,0.04912147326814055,0.03597947967691535,616,Fusiform_L,Angular_L,0.0,0.0,0.0,1.0
1384,12,83,13,84,0.04403915655953879,0.04908080595512526,0.04156444415831676,617,Frontal_Inf_Tri_L,Temporal_Pole_Sup_R,0.0,0.0,0.02,0.96
2492,24,33,25,34,-0.04903884634931376,0.04903884634931376,0.04771592056967121,618,Frontal_Med_Orb_L,Cingulum_Mid_R,0.0,0.0,0.0,1.0
6030,79,106,80,107,0.048971450406500555,0.048971450406500555,0.05162579563218056,619,Heschl_R,Cerebelum_10_L,0.0,0.0,0.0,1.0
486,4,37,5,38,-0.048892054406146676,0.048892054406146676,0.033590705578942295,620,Frontal_Sup_Orb_L,Hippocampus_R,0.0,0.0,0.0,1.0
5660,70,96,71,97,-0.04885000850945329,0.04885000850945329,0.03918999088044693,621,Caudate_L,Cerebelum_4_5_L,0.0,0.0,0.0,1.0
2579,25,30,26,31,0.04809508265655637,0.04884868542137754,0.03761454722174448,622,Frontal_Med_Orb_R,Cingulum_Ant_L,0.0,0.0,0.0,0.94
1829,17,28,18,29,-0.04884004732126027,0.04884004732126027,0.048802020513371874,623,Rolandic_Oper_R,Insula_L,0.0,0.0,0.0,1.0
6481,96,98,97,99,-0.048729268222715456,0.04880719643461826,0.0355824888883509,624,Cerebelum_4_5_L,Cerebelum_6_L,0.0,0.0,0.0,0.98
5881,75,107,76,108,0.04761699031364975,0.04874848913325886,0.03335211432605689,625,Pallidum_R,Cerebelum_10_R,0.0,0.0,0.0,0.96
3076,30,92,31,93,-0.04774032603790645,0.04874152073884781,0.03276753386267152,626,Cingulum_Ant_L,Cerebelum_Crus2_L,0.0,0.0,0.02,0.94
2494,24,35,25,36,-0.04874119848024965,0.04874119848024965,0.0439281068176877,627,Frontal_Med_Orb_L,Cingulum_Post_R,0.0,0.0,0.0,1.0
124,1,11,2,12,0.04868685183804372,0.04868685183804372,0.03253442598865354,628,Precentral_R,Frontal_Inf_Oper_R,0.0,0.0,0.0,1.0
6576,101,113,102,114,-0.04868097680915348,0.04868097680915348,0.05306568944470581,629,Cerebelum_7b_R,Vermis_8,0.0,0.0,0.0,1.0
6252,86,104,87,105,0.04750491868947074,0.048673061079416734,0.025646041627808383,630,Temporal_Pole_Mid_L,Cerebelum_9_L,0.0,0.0,0.02,0.88
6414,92,113,93,114,-0.048647325576739044,0.048647325576739044,0.0436580975001178,631,Cerebelum_Crus2_L,Vermis_8,0.0,0.0,0.0,1.0
3301,33,68,34,69,-0.048633780511426056,0.048633780511426056,0.044134567852828065,632,Cingulum_Mid_R,Paracentral_Lobule_L,0.0,0.0,0.0,1.0
3400,34,86,35,87,-0.0473353814126958,0.04861820641148034,0.04501713143129467,633,Cingulum_Post_L,Temporal_Pole_Mid_L,0.0,0.0,0.0,0.98
2966,29,67,30,68,0.048547840392807934,0.048547840392807934,0.05014756809498725,634,Insula_R,Precuneus_R,0.0,0.0,0.0,1.0
4739,53,76,54,77,-0.04853390403974839,0.04853390403974839,0.04066012124483753,635,Occipital_Inf_R,Thalamus_L,0.0,0.0,0.0,1.0
2727,26,89,27,90,-0.048397742981297294,0.04846160020874704,0.04191009797698156,636,Rectus_L,Temporal_Inf_R,0.0,0.0,0.0,0.98
5003,57,102,58,103,-0.04845511237588755,0.04845511237588755,0.04538368472932519,637,Postcentral_R,Cerebelum_8_L,0.0,0.0,0.0,1.0
5389,64,110,65,111,0.04840053342374087,0.04840053342374087,0.04940533681094261,638,Angular_L,Vermis_4_5,0.0,0.0,0.0,1.0
5180,60,111,61,112,-0.048398472261888405,0.048398472261888405,0.046413594084771526,639,Parietal_Inf_L,Vermis_6,0.0,0.0,0.0,1.0
4598,51,60,52,61,-0.04836887083823125,0.04836887083823125,0.04636169714340403,640,Occipital_Mid_R,Parietal_Inf_L,0.0,0.0,0.0,1.0
11,0,12,1,13,0.04777548422383249,0.04836353683427837,0.03457040619213609,641,Precentral_L,Frontal_Inf_Tri_L,0.0,0.0,0.0,0.96
4406,48,63,49,64,0.04835966156245046,0.04835966156245046,0.03379884080378501,642,Occipital_Sup_L,SupraMarginal_R,0.0,0.0,0.0,1.0
564,4,115,5,116,-0.048352287227659996,0.048352287227659996,0.04128950548707451,643,Frontal_Sup_Orb_L,Vermis_10,0.0,0.0,0.0,1.0
2883,28,70,29,71,0.04831019396502432,0.04831019396502432,0.03808079801562202,644,Insula_L,Caudate_L,0.0,0.0,0.0,1.0
1585,14,81,15,82,-0.048252689917036705,0.04827151178770946,0.03563668700720085,645,Frontal_Inf_Orb_L,Temporal_Sup_R,0.0,0.0,0.0,0.98
101,0,102,1,103,-0.04820910482258551,0.04820910482258551,0.04937173151484007,646,Precentral_L,Cerebelum_8_L,0.0,0.0,0.0,1.0
6113,82,87,83,88,0.047876072082573315,0.048150967520852926,0.025656145389657936,647,Temporal_Pole_Sup_L,Temporal_Pole_Mid_R,0.0,0.0,0.0,0.98
2392,23,24,24,25,-0.04814015450950235,0.04814015450950235,0.03841746089972255,648,Frontal_Sup_Medial_R,Frontal_Med_Orb_L,0.0,0.0,0.0,1.0
2469,23,101,24,102,-0.04804737485708749,0.04804737485708749,0.04079418852025127,649,Frontal_Sup_Medial_R,Cerebelum_7b_R,0.0,0.0,0.0,1.0
1378,12,77,13,78,-0.04555995574815169,0.048046567401062765,0.02952814556830737,650,Frontal_Inf_Tri_L,Thalamus_R,0.0,0.0,0.0,0.94
2403,23,35,24,36,-0.04797972812484257,0.04797972812484257,0.046006422376831085,651,Frontal_Sup_Medial_R,Cingulum_Post_R,0.0,0.0,0.0,1.0
6072,80,113,81,114,0.04796902383090455,0.04796902383090455,0.045560806060376866,652,Temporal_Sup_L,Vermis_8,0.0,0.0,0.0,1.0
1535,14,31,15,32,0.047313703966288624,0.047958871855448185,0.042540452339921805,653,Frontal_Inf_Orb_L,Cingulum_Ant_R,0.0,0.0,0.0,0.9
1294,11,96,12,97,0.04487370905834337,0.047943331211720654,0.015177787153569218,654,Frontal_Inf_Oper_R,Cerebelum_4_5_L,0.0,0.0,0.0,0.78
3231,32,80,33,81,-0.04705721858087911,0.04790766391559957,0.025317698934862153,655,Cingulum_Mid_L,Temporal_Sup_L,0.0,0.0,0.0,0.86
2356,22,80,23,81,-0.047767086760623634,0.04790649132030816,0.031811495724892655,656,Frontal_Sup_Medial_L,Temporal_Sup_L,0.0,0.0,0.0,0.98
5308,63,80,64,81,0.01754603213337512,0.04786768835279612,0.025494262844602652,657,SupraMarginal_R,Temporal_Sup_L,0.0,0.0,0.02,0.7
1479,13,76,14,77,-0.047564525814053085,0.04782346973187632,0.04212359623163058,658,Frontal_Inf_Tri_R,Thalamus_L,0.0,0.0,0.02,0.98
1576,14,72,15,73,-0.04735433392531597,0.04781641238121784,0.02957831183829438,659,Frontal_Inf_Orb_L,Putamen_L,0.0,0.0,0.0,0.88
2918,28,105,29,106,0.04780175545240001,0.04780175545240001,0.04388760806365476,660,Insula_L,Cerebelum_9_R,0.0,0.0,0.0,1.0
3079,30,95,31,96,-0.045400324647636464,0.04775294808984729,0.039583089858861206,661,Cingulum_Ant_L,Cerebelum_3_R,0.0,0.0,0.0,0.94
1083,9,94,10,95,0.047727855391648796,0.047727855391648796,0.032690415618329076,662,Frontal_Mid_Orb_R,Cerebelum_3_L,0.0,0.0,0.0,1.0
1019,9,30,10,31,-0.04612216476256676,0.047672074999697805,0.02925533545381715,663,Frontal_Mid_Orb_R,Cingulum_Ant_L,0.0,0.0,0.0,0.92
3322,33,89,34,90,0.047670203560689274,0.047670203560689274,0.030294366804566465,664,Cingulum_Mid_R,Temporal_Inf_R,0.0,0.0,0.0,1.0
1371,12,70,13,71,0.04292784641073826,0.04764648696178173,0.022847773599888654,665,Frontal_Inf_Tri_L,Caudate_L,0.0,0.0,0.0,0.78
6237,86,89,87,90,-0.047631477577012735,0.047631477577012735,0.03858232219573498,666,Temporal_Pole_Mid_L,Temporal_Inf_R,0.0,0.0,0.0,1.0
6182,84,93,85,94,0.04731939494098802,0.04757670292523364,0.026316880516285224,667,Temporal_Mid_L,Cerebelum_Crus2_R,0.0,0.0,0.0,0.98
5840,74,106,75,107,0.04724368713892943,0.04757260617009429,0.032882874184091436,668,Pallidum_L,Cerebelum_10_L,0.0,0.0,0.02,0.94
3556,36,83,37,84,0.045841120836069296,0.047488247219241914,0.04158461306315332,669,Hippocampus_L,Temporal_Pole_Sup_R,0.0,0.0,0.0,0.98
2979,29,80,30,81,-0.04636709860059668,0.04746105388961012,0.03349242418036885,670,Insula_R,Temporal_Sup_L,0.0,0.0,0.02,0.84
5463,66,85,67,86,0.047455829725362574,0.047455829725362574,0.03552646095815738,671,Precuneus_L,Temporal_Mid_R,0.0,0.0,0.0,1.0
3799,39,95,40,96,0.04730207862565185,0.04739652556498899,0.0357824334400512,672,ParaHippocampal_R,Cerebelum_3_R,0.0,0.0,0.0,0.98
6189,84,100,85,101,0.041960622618552774,0.04736330219820615,0.021143618914201388,673,Temporal_Mid_L,Cerebelum_7b_L,0.0,0.0,0.0,0.76
5609,69,90,70,91,0.047146594975080953,0.04726851835241778,0.03656290816522577,674,Paracentral_Lobule_R,Cerebelum_Crus1_L,0.0,0.0,0.0,0.96
2911,28,98,29,99,-0.045792739183854826,0.04722645052258822,0.02671672092285013,675,Insula_L,Cerebelum_6_L,0.0,0.0,0.0,0.96
3128,31,60,32,61,-0.03059654051789338,0.04722491979018639,0.03303344241953661,676,Cingulum_Ant_R,Parietal_Inf_L,0.0,0.0,0.02,0.78
516,4,67,5,68,-0.04719967377586399,0.04719967377586399,0.039150157600478463,677,Frontal_Sup_Orb_L,Precuneus_R,0.0,0.0,0.0,1.0
1304,11,106,12,107,-0.029038635659507532,0.04719536888690914,0.036668390428996334,678,Frontal_Inf_Oper_R,Cerebelum_10_L,0.0,0.0,0.08,0.84
917,8,34,9,35,-0.047173104084140396,0.047173104084140396,0.047972879181262626,679,Frontal_Mid_Orb_L,Cingulum_Post_L,0.0,0.0,0.0,1.0
4804,54,80,55,81,-0.047159754888658895,0.047159754888658895,0.04699370964049916,680,Fusiform_L,Temporal_Sup_L,0.0,0.0,0.0,1.0
2358,22,82,23,83,-0.04712416626156628,0.04712416626156628,0.04335795348566497,681,Frontal_Sup_Medial_L,Temporal_Pole_Sup_L,0.0,0.0,0.0,1.0
2561,24,102,25,103,-0.04685533598612729,0.04710326068109125,0.029112227873078298,682,Frontal_Med_Orb_L,Cerebelum_8_L,0.0,0.0,0.0,0.98
1413,12,112,13,113,-0.04707013254687069,0.04707013254687069,0.04135865438461199,683,Frontal_Inf_Tri_L,Vermis_7,0.0,0.0,0.0,1.0
6359,90,105,91,106,-0.040935071007429664,0.046994012438818976,0.029342959117745062,684,Cerebelum_Crus1_L,Cerebelum_9_R,0.0,0.0,0.0,0.88
3219,32,68,33,69,-0.046951072084962346,0.046951072084962346,0.04050766036323171,685,Cingulum_Mid_L,Paracentral_Lobule_L,0.0,0.0,0.0,1.0
3412,34,98,35,99,0.046898542649802054,0.046898542649802054,0.040443684317051476,686,Cingulum_Post_L,Cerebelum_6_L,0.0,0.0,0.0,1.0
6217,85,98,86,99,0.038332701020466604,0.04687770735732779,0.041903617861508737,687,Temporal_Mid_R,Cerebelum_6_L,0.0,0.0,0.0,0.92
3321,33,88,34,89,-0.046850315051416264,0.046850315051416264,0.03330517913599398,688,Cingulum_Mid_R,Temporal_Inf_L,0.0,0.0,0.0,1.0
3106,31,38,32,39,0.04577385784297841,0.04682543692759647,0.03567940310624171,689,Cingulum_Ant_R,ParaHippocampal_L,0.0,0.0,0.0,0.88
1320,12,19,13,20,0.04444986371241575,0.046780654929651645,0.027287861028849433,690,Frontal_Inf_Tri_L,Supp_Motor_Area_R,0.0,0.0,0.0,0.94
2580,25,31,26,32,0.045163911965065286,0.04672982303262613,0.037206221155015914,691,Frontal_Med_Orb_R,Cingulum_Ant_R,0.0,0.0,0.0,0.96
2626,25,77,26,78,0.04671986234278935,0.04671986234278935,0.029387609668727943,692,Frontal_Med_Orb_R,Thalamus_R,0.0,0.0,0.0,1.0
6366,90,112,91,113,-0.046696432275865084,0.046696432275865084,0.04860792664542096,693,Cerebelum_Crus1_L,Vermis_7,0.0,0.0,0.0,1.0
3080,30,96,31,97,-0.04554207864651536,0.04669622183459248,0.037205868206964934,694,Cingulum_Ant_L,Cerebelum_4_5_L,0.0,0.0,0.0,0.96
6278,87,102,88,103,-0.04656247934483793,0.04668708810924195,0.043328177207148884,695,Temporal_Pole_Mid_R,Cerebelum_8_L,0.0,0.0,0.0,0.96
472,4,23,5,24,-0.04667984962388942,0.04667984962388942,0.04188834337490542,696,Frontal_Sup_Orb_L,Frontal_Sup_Medial_R,0.0,0.0,0.0,1.0
912,8,29,9,30,0.0466254235067914,0.0466254235067914,0.036082158302840214,697,Frontal_Mid_Orb_L,Insula_R,0.0,0.0,0.0,1.0
5650,70,86,71,87,-0.043834523724855884,0.04662189169823847,0.023358531428075886,698,Caudate_L,Temporal_Pole_Mid_L,0.0,0.0,0.0,0.92
5874,75,100,76,101,-0.04177438654818637,0.04657120385802152,0.02909414534961572,699,Pallidum_R,Cerebelum_7b_L,0.0,0.0,0.0,0.96
5778,73,85,74,86,0.04648669097327647,0.04648669097327647,0.030874702796915954,700,Putamen_R,Temporal_Mid_R,0.0,0.0,0.0,1.0
1311,11,113,12,114,-0.04648639929595778,0.04648639929595778,0.044521493082147645,701,Frontal_Inf_Oper_R,Vermis_8,0.0,0.0,0.0,1.0
1593,14,89,15,90,0.046434405184363536,0.046434405184363536,0.03368354660549005,702,Frontal_Inf_Orb_L,Temporal_Inf_R,0.0,0.0,0.0,1.0
6081,81,88,82,89,-0.04354238943345516,0.04641477815842036,0.03720230150218126,703,Temporal_Sup_R,Temporal_Inf_L,0.0,0.0,0.0,0.96
1215,11,17,12,18,-0.04621609430092654,0.04641418550461314,0.03736370262857372,704,Frontal_Inf_Oper_R,Rolandic_Oper_R,0.0,0.0,0.0,0.9
1281,11,83,12,84,0.041651225131218446,0.0463825061712626,0.039020522244207226,705,Frontal_Inf_Oper_R,Temporal_Pole_Sup_R,0.0,0.0,0.0,0.96
5850,75,76,76,77,-0.04573601321791145,0.04637471015064632,0.023748934324016237,706,Pallidum_R,Thalamus_L,0.0,0.0,0.0,0.96
3309,33,76,34,77,-0.04635010282770782,0.04637427267231,0.03479540026585473,707,Cingulum_Mid_R,Thalamus_L,0.0,0.0,0.0,0.98
5740,72,89,73,90,0.04497245200171004,0.04635727138967176,0.03805311319076975,708,Putamen_L,Temporal_Inf_R,0.0,0.0,0.0,0.98
6177,84,88,85,89,0.038498020578669225,0.046347644716295655,0.020144672622197754,709,Temporal_Mid_L,Temporal_Inf_L,0.0,0.0,0.0,0.76
6468,95,104,96,105,0.04602110564766245,0.04634565889454059,0.030035032799116124,710,Cerebelum_3_R,Cerebelum_9_L,0.0,0.0,0.0,0.94
1236,11,38,12,39,-0.04617367019326355,0.04626734263918983,0.028156227382669693,711,Frontal_Inf_Oper_R,ParaHippocampal_L,0.0,0.0,0.0,0.96
5715,71,107,72,108,0.046234658493003004,0.046234658493003004,0.029130878133796903,712,Caudate_R,Cerebelum_10_R,0.0,0.0,0.0,1.0
2620,25,71,26,72,0.04622258818039322,0.04622258818039322,0.035273061455815796,713,Frontal_Med_Orb_R,Caudate_R,0.0,0.0,0.0,1.0
5682,71,74,72,75,0.04333898163886865,0.04615949958418537,0.0356676069575564,714,Caudate_R,Pallidum_L,0.0,0.0,0.0,0.96
6078,81,85,82,86,-0.036649181424156116,0.046084577442894015,0.03777422556793368,715,Temporal_Sup_R,Temporal_Mid_R,0.0,0.0,0.0,0.86
2473,23,105,24,106,-0.04602268932267588,0.04602268932267588,0.04058998645787169,716,Frontal_Sup_Medial_R,Cerebelum_9_R,0.0,0.0,0.0,1.0
1685,15,81,16,82,-0.04558780197556624,0.046017688477716465,0.04159728385520536,717,Frontal_Inf_Orb_R,Temporal_Sup_R,0.0,0.0,0.0,0.96
1830,17,29,18,30,-0.0459484866017939,0.0459484866017939,0.04678810533118401,718,Rolandic_Oper_R,Insula_R,0.0,0.0,0.0,1.0
5155,60,86,61,87,0.042780471499856795,0.04592220074086188,0.021411899323586527,719,Parietal_Inf_L,Temporal_Pole_Mid_L,0.0,0.0,0.02,0.8
655,5,96,6,97,0.045632173136365466,0.045906724550285605,0.0415095256125496,720,Frontal_Sup_Orb_R,Cerebelum_4_5_L,0.0,0.0,0.0,0.96
3569,36,96,37,97,-0.04586364691946576,0.04586364691946576,0.04560286588292588,721,Hippocampus_L,Cerebelum_4_5_L,0.0,0.0,0.0,1.0
2630,25,81,26,82,-0.04581389693221384,0.04581389693221384,0.030879059032987224,722,Frontal_Med_Orb_R,Temporal_Sup_R,0.0,0.0,0.0,1.0
5295,63,67,64,68,0.04508041573906027,0.04578695738013445,0.037155875748574145,723,SupraMarginal_R,Precuneus_R,0.0,0.0,0.0,0.98
2522,24,63,25,64,-0.04576194338078809,0.04576194338078809,0.03933957914168716,724,Frontal_Med_Orb_L,SupraMarginal_R,0.0,0.0,0.0,1.0
2472,23,104,24,105,-0.0457511086308939,0.0457511086308939,0.03911625685265045,725,Frontal_Sup_Medial_R,Cerebelum_9_L,0.0,0.0,0.0,1.0
5379,64,100,65,101,0.02931419794300461,0.045694891854493866,0.02858982061032753,726,Angular_L,Cerebelum_7b_L,0.0,0.0,0.0,0.82
2965,29,66,30,67,0.04569252329285411,0.04569252329285411,0.04329951044869065,727,Insula_R,Precuneus_L,0.0,0.0,0.0,1.0
5703,71,95,72,96,-0.04469881504186758,0.04567033394521913,0.03614626528940526,728,Caudate_R,Cerebelum_3_R,0.0,0.0,0.0,0.9
6367,90,113,91,114,-0.0456638217105277,0.0456638217105277,0.04390780657578079,729,Cerebelum_Crus1_L,Vermis_8,0.0,0.0,0.0,1.0
5902,76,89,77,90,0.04326949906870426,0.045653412861007964,0.03861794379555651,730,Thalamus_L,Temporal_Inf_R,0.0,0.0,0.0,0.96
5920,76,107,77,108,0.04406705888544647,0.045647350925916354,0.03753246959723139,731,Thalamus_L,Cerebelum_10_R,0.0,0.0,0.0,0.96
3481,35,87,36,88,-0.04563128290773516,0.04563128290773516,0.029499018850211223,732,Cingulum_Post_R,Temporal_Pole_Mid_R,0.0,0.0,0.0,1.0
5932,77,81,78,82,-0.04548728499418286,0.045583571867145976,0.03246951055818376,733,Thalamus_R,Temporal_Sup_R,0.0,0.0,0.0,0.98
6615,105,106,106,107,0.045424641016362705,0.0454587365021659,0.03330286568700454,734,Cerebelum_9_R,Cerebelum_10_L,0.0,0.0,0.0,0.98
2844,28,31,29,32,0.04465750249979318,0.04539839814693063,0.036302321319825304,735,Insula_L,Cingulum_Ant_R,0.0,0.0,0.0,0.96
4288,46,80,47,81,-0.04539306131702707,0.04539306131702707,0.04438447868189714,736,Lingual_L,Temporal_Sup_L,0.0,0.0,0.0,1.0
966,8,83,9,84,-0.04522825170684306,0.045327717775945645,0.0373840144119327,737,Frontal_Mid_Orb_L,Temporal_Pole_Sup_R,0.0,0.0,0.0,0.96
5181,60,112,61,113,-0.044642100672227666,0.045261851744294486,0.04020404303360092,738,Parietal_Inf_L,Vermis_7,0.0,0.0,0.0,0.98
5380,64,101,65,102,0.00014100793848758188,0.04520312638659095,0.03547319612952319,739,Angular_L,Cerebelum_7b_R,0.0,0.0,0.02,0.62
5924,76,111,77,112,-0.04517002756734416,0.04517002756734416,0.039865410470398925,740,Thalamus_L,Vermis_6,0.0,0.0,0.0,1.0
63,0,64,1,65,0.04365467426201643,0.04511636234946941,0.031840817169982494,741,Precentral_L,Angular_L,0.0,0.0,0.0,0.98
6075,81,82,82,83,-0.043849503676363796,0.04510168637844894,0.016333998366807073,742,Temporal_Sup_R,Temporal_Pole_Sup_L,0.0,0.0,0.0,0.88
3014,29,115,30,116,-0.04505970588157508,0.04505970588157508,0.04449397391113742,743,Insula_R,Vermis_10,0.0,0.0,0.0,1.0
1262,11,64,12,65,0.024717441818604954,0.04505799223234877,0.03167856061977282,744,Frontal_Inf_Oper_R,Angular_L,0.0,0.0,0.02,0.72
921,8,38,9,39,-0.04471012587142781,0.04502346429839422,0.03401514351885006,745,Frontal_Mid_Orb_L,ParaHippocampal_L,0.0,0.0,0.0,0.96
3016,30,32,31,33,0.043845515624675126,0.045021665776851794,0.023016224468662548,746,Cingulum_Ant_L,Cingulum_Mid_L,0.0,0.0,0.0,0.86
5929,77,78,78,79,0.04499493256285749,0.04499493256285749,0.039397692123990455,747,Thalamus_R,Heschl_L,0.0,0.0,0.0,1.0
2987,29,88,30,89,-0.044889802132856656,0.04497062416673278,0.028021468235526537,748,Insula_R,Temporal_Inf_L,0.0,0.0,0.0,0.94
2842,28,29,29,30,-0.042488527436157414,0.04494091192483794,0.02224132334756765,749,Insula_L,Insula_R,0.0,0.0,0.0,0.82
632,5,73,6,74,0.04363274593865287,0.04493187845853457,0.03000066496957193,750,Frontal_Sup_Orb_R,Putamen_R,0.0,0.0,0.0,0.96
2800,27,74,28,75,-0.04453808381505619,0.044929235688344636,0.04010946548409752,751,Rectus_R,Pallidum_L,0.0,0.0,0.0,0.88
6595,103,107,104,108,-0.04200145337341048,0.04489226044587417,0.02143905865316593,752,Cerebelum_8_R,Cerebelum_10_R,0.0,0.0,0.0,0.76
2720,26,82,27,83,-0.04488048027118577,0.04488048027118577,0.03840840435203431,753,Rectus_L,Temporal_Pole_Sup_L,0.0,0.0,0.0,1.0
1763,16,60,17,61,-0.04441914900509602,0.04487491174014708,0.0324386645154239,754,Rolandic_Oper_L,Parietal_Inf_L,0.0,0.0,0.0,0.86
6025,79,101,80,102,0.04294277493176048,0.04486245438331103,0.0406346200047748,755,Heschl_R,Cerebelum_7b_R,0.0,0.0,0.0,0.98
1774,16,71,17,72,0.044823280429465075,0.044823280429465075,0.03930301978125033,756,Rolandic_Oper_L,Caudate_R,0.0,0.0,0.0,1.0
1541,14,37,15,38,0.04476768114097141,0.04476768114097141,0.03812584317019434,757,Frontal_Inf_Orb_L,Hippocampus_R,0.0,0.0,0.0,1.0
6440,94,96,95,97,-0.044750671612140344,0.044750671612140344,0.0386703872769513,758,Cerebelum_3_L,Cerebelum_4_5_L,0.0,0.0,0.0,1.0
1705,15,101,16,102,-0.04471026362566157,0.04474001205536924,0.04421872182687796,759,Frontal_Inf_Orb_R,Cerebelum_7b_R,0.0,0.0,0.0,0.98
6175,84,86,85,87,-0.04402145828166501,0.04471806425008513,0.02694584995228351,760,Temporal_Mid_L,Temporal_Pole_Mid_L,0.0,0.0,0.0,0.94
587,5,28,6,29,0.043038448850034806,0.04469454642863045,0.037380985300315944,761,Frontal_Sup_Orb_R,Insula_L,0.0,0.0,0.0,0.96
2581,25,32,26,33,0.04467680101842598,0.04467680101842598,0.04588028249481382,762,Frontal_Med_Orb_R,Cingulum_Mid_L,0.0,0.0,0.0,1.0
2000,18,102,19,103,-0.044661938663565284,0.044661938663565284,0.035517914395169145,763,Supp_Motor_Area_L,Cerebelum_8_L,0.0,0.0,0.0,1.0
6400,92,99,93,100,0.03989053211167136,0.044659098459921914,0.032139053878276175,764,Cerebelum_Crus2_L,Cerebelum_6_R,0.0,0.0,0.0,0.92
4926,56,83,57,84,0.044650052513066904,0.044650052513066904,0.03931468650011533,765,Postcentral_L,Temporal_Pole_Sup_R,0.0,0.0,0.0,1.0
5787,73,94,74,95,0.04407665497890501,0.04463041390105842,0.0284688866444278,766,Putamen_R,Cerebelum_3_L,0.0,0.0,0.0,0.96
6423,93,100,94,101,0.0437773931185029,0.04462703665148394,0.02869595927025427,767,Cerebelum_Crus2_R,Cerebelum_7b_L,0.0,0.0,0.0,0.9
5149,60,80,61,81,-0.030962556504052392,0.04462272337652496,0.027551465959448067,768,Parietal_Inf_L,Temporal_Sup_L,0.0,0.0,0.0,0.68
1597,14,93,15,94,0.041268844923047006,0.04462011435342884,0.03255710304713633,769,Frontal_Inf_Orb_L,Cerebelum_Crus2_R,0.0,0.0,0.0,0.96
2669,26,31,27,32,0.04189399303866912,0.044610089898825256,0.022442613302309282,770,Rectus_L,Cingulum_Ant_R,0.0,0.0,0.0,0.82
6110,82,84,83,85,0.04103316518136707,0.04460353856777487,0.03152680211309835,771,Temporal_Pole_Sup_L,Temporal_Mid_L,0.0,0.0,0.0,0.88
2880,28,67,29,68,0.04460081122807255,0.04460081122807255,0.04776610658335004,772,Insula_L,Precuneus_R,0.0,0.0,0.0,1.0
4984,57,83,58,84,0.04457553179175431,0.04457553179175431,0.04042699852470967,773,Postcentral_R,Temporal_Pole_Sup_R,0.0,0.0,0.0,1.0
1297,11,99,12,100,0.027854032663614272,0.044538444624144385,0.02248088824084606,774,Frontal_Inf_Oper_R,Cerebelum_6_R,0.0,0.0,0.02,0.52
5741,72,90,73,91,0.044000099665960496,0.044530013028572644,0.024934490479233344,775,Putamen_L,Cerebelum_Crus1_L,0.0,0.0,0.0,0.94
1225,11,27,12,28,-0.04420723604381369,0.044521713365065656,0.03276008353374757,776,Frontal_Inf_Oper_R,Rectus_R,0.0,0.0,0.0,0.98
4875,55,91,56,92,0.044471030729069085,0.044471030729069085,0.042203641172827766,777,Fusiform_R,Cerebelum_Crus1_R,0.0,0.0,0.0,1.0
1020,9,31,10,32,0.04329642044672084,0.04444379309172646,0.017222944276309264,778,Frontal_Mid_Orb_R,Cingulum_Ant_R,0.0,0.0,0.0,0.94
4877,55,93,56,94,0.0444407440983071,0.0444407440983071,0.04560728020916925,779,Fusiform_R,Cerebelum_Crus2_R,0.0,0.0,0.0,1.0
2405,23,37,24,38,-0.04442078430008347,0.04442078430008347,0.04203687184596036,780,Frontal_Sup_Medial_R,Hippocampus_R,0.0,0.0,0.0,1.0
2474,23,106,24,107,-0.043812304271974016,0.044410577280624516,0.026228198258187202,781,Frontal_Sup_Medial_R,Cerebelum_10_L,0.0,0.0,0.0,0.96
73,0,74,1,75,-0.0444085672814068,0.0444085672814068,0.04519108422551058,782,Precentral_L,Pallidum_L,0.0,0.0,0.0,1.0
2404,23,36,24,37,-0.04436427687056318,0.04436427687056318,0.03900996591207176,783,Frontal_Sup_Medial_R,Hippocampus_L,0.0,0.0,0.0,1.0
1307,11,109,12,110,-0.04435477138921748,0.04435477138921748,0.03756758285051816,784,Frontal_Inf_Oper_R,Vermis_3,0.0,0.0,0.0,1.0
6397,92,96,93,97,0.04432737386609523,0.04432737386609523,0.03155199606429164,785,Cerebelum_Crus2_L,Cerebelum_4_5_L,0.0,0.0,0.0,1.0
6384,91,106,92,107,-0.04432118780113853,0.04432118780113853,0.031266260508858404,786,Cerebelum_Crus1_R,Cerebelum_10_L,0.0,0.0,0.0,1.0
2988,29,89,30,90,0.04101149506604934,0.04426881895186112,0.035293946767858145,787,Insula_R,Temporal_Inf_R,0.0,0.0,0.0,0.98
3075,30,91,31,92,-0.041347552070970045,0.044253053086771896,0.025952519869798123,788,Cingulum_Ant_L,Cerebelum_Crus1_R,0.0,0.0,0.0,0.86
1227,11,29,12,30,0.031593678887193374,0.04420005791544018,0.02971273042476713,789,Frontal_Inf_Oper_R,Insula_R,0.0,0.0,0.0,0.9
3466,35,72,36,73,0.04386880813950225,0.044110563470959326,0.029633383444363767,790,Cingulum_Post_R,Putamen_L,0.0,0.0,0.0,0.9
3251,32,100,33,101,-0.043512642623836806,0.0441092911135563,0.02764343284510372,791,Cingulum_Mid_L,Cerebelum_7b_L,0.0,0.0,0.0,0.92
3070,30,86,31,87,-0.03930684488589692,0.04410029385125714,0.028315603586440412,792,Cingulum_Ant_L,Temporal_Pole_Mid_L,0.0,0.0,0.02,0.94
1590,14,86,15,87,-0.04390101584677725,0.04409984409488184,0.04162735184259307,793,Frontal_Inf_Orb_L,Temporal_Pole_Mid_L,0.0,0.0,0.0,0.92
5330,63,102,64,103,-0.024045070404340323,0.044062178199470094,0.02536074074239722,794,SupraMarginal_R,Cerebelum_8_L,0.0,0.0,0.0,0.86
3465,35,71,36,72,0.044048806045789216,0.044048806045789216,0.027647890471910654,795,Cingulum_Post_R,Caudate_R,0.0,0.0,0.0,1.0
5553,68,80,69,81,-0.044037956646830356,0.044037956646830356,0.03132777012314218,796,Paracentral_Lobule_L,Temporal_Sup_L,0.0,0.0,0.0,1.0
2443,23,75,24,76,-0.04401324759845913,0.04401324759845913,0.04108434990270084,797,Frontal_Sup_Medial_R,Pallidum_R,0.0,0.0,0.0,1.0
6171,83,113,84,114,0.04399538682879158,0.04399538682879158,0.04855399136196885,798,Temporal_Pole_Sup_R,Vermis_8,0.0,0.0,0.0,1.0
6091,81,98,82,99,0.02467945090862285,0.04398495841687674,0.03411176990007876,799,Temporal_Sup_R,Cerebelum_6_L,0.0,0.0,0.0,0.9
6483,96,100,97,101,0.04280625370687683,0.043945776360128995,0.018480111436652694,800,Cerebelum_4_5_L,Cerebelum_7b_L,0.0,0.0,0.0,0.88
6361,90,107,91,108,0.042616496058360716,0.04393184645942938,0.0252683335682126,801,Cerebelum_Crus1_L,Cerebelum_10_R,0.0,0.0,0.0,0.94
5139,60,70,61,71,-0.033950369259674186,0.043900928153103334,0.03943063294784101,802,Parietal_Inf_L,Caudate_L,0.0,0.0,0.0,0.88
3,0,4,1,5,0.043876521513939525,0.043876521513939525,0.044703293069422834,803,Precentral_L,Frontal_Sup_Orb_L,0.0,0.0,0.0,1.0
1394,12,93,13,94,0.039592122051320386,0.04387404857940316,0.029200892647156418,804,Frontal_Inf_Tri_L,Cerebelum_Crus2_R,0.0,0.0,0.02,0.88
1264,11,66,12,67,0.04387054211850601,0.04387054211850601,0.037117731437561204,805,Frontal_Inf_Oper_R,Precuneus_L,0.0,0.0,0.0,1.0
1223,11,25,12,26,-0.041434165314552664,0.04387026727635519,0.017585301672338384,806,Frontal_Inf_Oper_R,Frontal_Med_Orb_R,0.0,0.0,0.0,0.84
6062,80,103,81,104,0.04308436772661367,0.043866869413172964,0.020557353833933777,807,Temporal_Sup_L,Cerebelum_8_R,0.0,0.0,0.0,0.96
3655,37,104,38,105,-0.04384409331981058,0.04385305564342205,0.03486299820170342,808,Hippocampus_R,Cerebelum_9_L,0.0,0.0,0.0,0.98
990,8,107,9,108,0.04252502317013409,0.0438294857884008,0.02689107205906449,809,Frontal_Mid_Orb_L,Cerebelum_10_R,0.0,0.0,0.0,0.96
1349,12,48,13,49,0.04375256942527243,0.04382678820331188,0.033785353754818545,810,Frontal_Inf_Tri_L,Occipital_Sup_L,0.0,0.0,0.0,0.98
487,4,38,5,39,-0.04370861098483021,0.04382577673138616,0.030893126119994542,811,Frontal_Sup_Orb_L,ParaHippocampal_L,0.0,0.0,0.0,0.96
1305,11,107,12,108,0.03271291995373291,0.043780858990960125,0.013954025492776908,812,Frontal_Inf_Oper_R,Cerebelum_10_R,0.02,0.02,0.02,0.54
3211,32,60,33,61,-0.04346654785725629,0.04377573476067945,0.021711095001182564,813,Cingulum_Mid_L,Parietal_Inf_L,0.0,0.0,0.0,0.96
5605,69,86,70,87,-0.04375804151231613,0.04375804151231613,0.04487457113308613,814,Paracentral_Lobule_R,Temporal_Pole_Mid_L,0.0,0.0,0.0,1.0
3457,35,63,36,64,0.04298691083258089,0.043684169331637,0.030920562538617503,815,Cingulum_Post_R,SupraMarginal_R,0.0,0.0,0.0,0.9
4485,49,76,50,77,-0.04365367869640347,0.04365367869640347,0.038098769062540665,816,Occipital_Sup_R,Thalamus_L,0.0,0.0,0.0,1.0
6190,84,101,85,102,0.040083994999084445,0.04363567143124332,0.0245206863997925,817,Temporal_Mid_L,Cerebelum_7b_R,0.0,0.0,0.0,0.92
2088,19,94,20,95,-0.043561776566902514,0.043561776566902514,0.026702011749744466,818,Supp_Motor_Area_R,Cerebelum_3_L,0.0,0.0,0.0,1.0
5482,66,104,67,105,0.04354793901212208,0.04354793901212208,0.04524071683451987,819,Precuneus_L,Cerebelum_9_L,0.0,0.0,0.0,1.0
1595,14,91,15,92,0.04004684229785964,0.043533037369401624,0.035702778854524345,820,Frontal_Inf_Orb_L,Cerebelum_Crus1_R,0.0,0.0,0.0,0.96
6008,79,84,80,85,0.04352899557025372,0.04352899557025372,0.045652299566943194,821,Heschl_R,Temporal_Mid_L,0.0,0.0,0.0,1.0
1296,11,98,12,99,0.028356796120398594,0.04351617834080236,0.022504064288271293,822,Frontal_Inf_Oper_R,Cerebelum_6_L,0.0,0.0,0.02,0.58
965,8,82,9,83,0.04291066344374524,0.043509354362613675,0.025386939690183068,823,Frontal_Mid_Orb_L,Temporal_Pole_Sup_L,0.0,0.0,0.0,0.92
2490,24,31,25,32,-0.042642839762134885,0.043480699818943834,0.028020314299494364,824,Frontal_Med_Orb_L,Cingulum_Ant_R,0.0,0.0,0.0,0.9
3167,31,99,32,100,-0.04177388062419452,0.04344980345621557,0.01616515118292806,825,Cingulum_Ant_R,Cerebelum_6_R,0.0,0.0,0.0,0.86
6552,100,103,101,104,0.03759772277633782,0.043378199694984694,0.02888487218461013,826,Cerebelum_7b_L,Cerebelum_8_R,0.0,0.0,0.0,0.76
6276,87,100,88,101,-0.03584995184296589,0.04327215168952533,0.02313338811082427,827,Temporal_Pole_Mid_R,Cerebelum_7b_L,0.0,0.0,0.0,0.82
6537,99,103,100,104,0.04030833214262363,0.04322623475287956,0.026437932852483123,828,Cerebelum_6_R,Cerebelum_8_R,0.0,0.0,0.0,0.9
943,8,60,9,61,-0.018435842119922143,0.0431951590713206,0.02405325238279111,829,Frontal_Mid_Orb_L,Parietal_Inf_L,0.0,0.0,0.02,0.52
463,4,14,5,15,0.04233382832216983,0.04317990023096973,0.03235750231450639,830,Frontal_Sup_Orb_L,Frontal_Inf_Orb_L,0.0,0.0,0.0,0.92
3390,34,76,35,77,0.043162153634299615,0.043168582176398546,0.030626227466034155,831,Cingulum_Post_L,Thalamus_L,0.0,0.0,0.0,0.98
6051,80,92,81,93,0.04244402223802761,0.043131608319591376,0.02857596076511698,832,Temporal_Sup_L,Cerebelum_Crus2_L,0.0,0.0,0.02,0.96
5954,77,103,78,104,0.041686291447679914,0.04310829880843662,0.026277083280272312,833,Thalamus_R,Cerebelum_8_R,0.0,0.0,0.0,0.9
6145,83,87,84,88,0.041122938077683344,0.04309108289876713,0.03590000550684221,834,Temporal_Pole_Sup_R,Temporal_Pole_Mid_R,0.0,0.0,0.0,0.96
2714,26,76,27,77,0.04060630290418945,0.04307615430694792,0.022535600930961127,835,Rectus_L,Thalamus_L,0.0,0.0,0.0,0.92
1603,14,99,15,100,-0.03624963530369275,0.043068774589432195,0.014832706306685607,836,Frontal_Inf_Orb_L,Cerebelum_6_R,0.0,0.0,0.0,0.64
5893,76,80,77,81,-0.038528416233204174,0.04303418001426541,0.026837022936019486,837,Thalamus_L,Temporal_Sup_L,0.0,0.0,0.0,0.88
5665,70,101,71,102,0.040863459886672046,0.04302745185634112,0.0293587060787252,838,Caudate_L,Cerebelum_7b_R,0.0,0.0,0.0,0.92
1667,15,63,16,64,-0.042444086053207514,0.043004586874859606,0.02874709371429618,839,Frontal_Inf_Orb_R,SupraMarginal_R,0.0,0.0,0.0,0.94
2545,24,86,25,87,-0.042054198896839666,0.04298107186257953,0.025425715762882578,840,Frontal_Med_Orb_L,Temporal_Pole_Mid_L,0.0,0.0,0.0,0.96
2456,23,88,24,89,-0.042978628445263706,0.042978628445263706,0.0274292353376884,841,Frontal_Sup_Medial_R,Temporal_Inf_L,0.0,0.0,0.0,1.0
5184,60,115,61,116,-0.04293397434146628,0.04293397434146628,0.03850527619862518,842,Parietal_Inf_L,Vermis_10,0.0,0.0,0.0,1.0
6471,95,107,96,108,0.04130232070476362,0.04291207142056131,0.020515381861903072,843,Cerebelum_3_R,Cerebelum_10_R,0.0,0.0,0.02,0.86
3052,30,68,31,69,-0.042909505643557624,0.042909505643557624,0.039226457034710435,844,Cingulum_Ant_L,Paracentral_Lobule_L,0.0,0.0,0.0,1.0
2912,28,99,29,100,-0.03917304308790615,0.04289154682138492,0.033404705251308106,845,Insula_L,Cerebelum_6_R,0.0,0.0,0.0,0.92
5511,67,85,68,86,-0.04281857147164644,0.042879112119496125,0.0159913356754142,846,Precuneus_R,Temporal_Mid_R,0.0,0.0,0.0,0.96
2831,27,105,28,106,0.042846894748987285,0.042846894748987285,0.03151034981465385,847,Rectus_R,Cerebelum_9_R,0.0,0.0,0.0,1.0
5940,77,89,78,90,0.0415496527248661,0.04283381786902157,0.033306262933036346,848,Thalamus_R,Temporal_Inf_R,0.0,0.0,0.0,0.96
2439,23,71,24,72,-0.042709761781573236,0.0427772856195,0.032294375385221855,849,Frontal_Sup_Medial_R,Caudate_R,0.0,0.0,0.0,0.96
3165,31,97,32,98,-0.040902750208605836,0.04277187562916501,0.03860432074839268,850,Cingulum_Ant_R,Cerebelum_4_5_R,0.0,0.0,0.0,0.98
6222,85,103,86,104,0.04210773385285727,0.042760887716079055,0.026219552879322004,851,Temporal_Mid_R,Cerebelum_8_R,0.0,0.0,0.0,0.98
592,5,33,6,34,0.042726177819031645,0.042726177819031645,0.03123961248522045,852,Frontal_Sup_Orb_R,Cingulum_Mid_R,0.0,0.0,0.0,1.0
2642,25,93,26,94,-0.038659488191487255,0.04271940679527961,0.020730301346633125,853,Frontal_Med_Orb_R,Cerebelum_Crus2_R,0.0,0.0,0.0,0.94
1232,11,34,12,35,-0.04197829971058502,0.04271162592341467,0.021533204932870573,854,Frontal_Inf_Oper_R,Cingulum_Post_L,0.0,0.0,0.0,0.9
1502,13,99,14,100,-0.04161323009261066,0.04268479337394664,0.021315716461461146,855,Frontal_Inf_Tri_R,Cerebelum_6_R,0.0,0.0,0.0,0.92
1605,14,101,15,102,0.042479375591650666,0.04262054147534723,0.026562326963094685,856,Frontal_Inf_Orb_L,Cerebelum_7b_R,0.0,0.0,0.0,0.98
1249,11,51,12,52,0.042619458565096774,0.042619458565096774,0.03804202614781393,857,Frontal_Inf_Oper_R,Occipital_Mid_R,0.0,0.0,0.0,1.0
1691,15,87,16,88,0.04257710856448415,0.04257710856448415,0.020886590201639046,858,Frontal_Inf_Orb_R,Temporal_Pole_Mid_R,0.0,0.0,0.0,1.0
623,5,64,6,65,-0.009407227912001907,0.04257612432060052,0.03429864828608913,859,Frontal_Sup_Orb_R,Angular_L,0.0,0.02,0.1,0.7
6407,92,106,93,107,-0.04082038394507096,0.042512936249024795,0.026938577160381887,860,Cerebelum_Crus2_L,Cerebelum_10_L,0.0,0.0,0.0,0.88
1276,11,78,12,79,0.042450619145145,0.042450619145145,0.02753298074506209,861,Frontal_Inf_Oper_R,Heschl_L,0.0,0.0,0.0,1.0
5395,65,66,66,67,0.04244723606693978,0.04244723606693978,0.038882648734150496,862,Angular_R,Precuneus_L,0.0,0.02,0.14,1.0
5820,74,86,75,87,0.04240836054993607,0.042427433814238545,0.03040820475206571,863,Pallidum_L,Temporal_Pole_Mid_L,0.0,0.0,0.0,0.98
1298,11,100,12,101,-0.01865236812924893,0.04242700535712704,0.032526711793476513,864,Frontal_Inf_Oper_R,Cerebelum_7b_L,0.0,0.0,0.0,0.78
6059,80,100,81,101,0.0351122089686812,0.042426160830815594,0.0206056391380213,865,Temporal_Sup_L,Cerebelum_7b_L,0.0,0.0,0.0,0.82
3185,32,34,33,35,0.04238505874328016,0.04238505874328016,0.04714712732515847,866,Cingulum_Mid_L,Cingulum_Post_L,0.0,0.0,0.0,1.0
5297,63,69,64,70,0.04176562986078175,0.042371552384957364,0.03056575791120928,867,SupraMarginal_R,Paracentral_Lobule_R,0.0,0.0,0.0,0.92
3151,31,83,32,84,-0.036889284947633494,0.042299925207415344,0.014715483340937661,868,Cingulum_Ant_R,Temporal_Pole_Sup_R,0.0,0.0,0.0,0.7
1884,17,83,18,84,0.04227999145444338,0.04227999145444338,0.04335212683116488,869,Rolandic_Oper_R,Temporal_Pole_Sup_R,0.0,0.0,0.0,1.0
1796,16,93,17,94,0.042274078072761394,0.042274078072761394,0.039974805500320315,870,Rolandic_Oper_L,Cerebelum_Crus2_R,0.0,0.0,0.0,1.0
6206,85,87,86,88,0.04225037787644835,0.04225037787644835,0.03518338726456561,871,Temporal_Mid_R,Temporal_Pole_Mid_R,0.0,0.0,0.0,1.0
5165,60,96,61,97,-0.039844556727416054,0.04224609312093924,0.0356753448606477,872,Parietal_Inf_L,Cerebelum_4_5_L,0.0,0.0,0.0,0.96
478,4,29,5,30,-0.042099754868016134,0.042231781519912984,0.02585850439469352,873,Frontal_Sup_Orb_L,Insula_R,0.0,0.0,0.0,0.98
1697,15,93,16,94,-0.041586040257301476,0.04222472772388836,0.02532048523830374,874,Frontal_Inf_Orb_R,Cerebelum_Crus2_R,0.0,0.0,0.0,0.98
2789,27,63,28,64,-0.04127861504709997,0.042223803184725954,0.0350341180863095,875,Rectus_R,SupraMarginal_R,0.0,0.0,0.0,0.98
4132,44,63,45,64,0.04221238897492199,0.04221238897492199,0.038029571857985944,876,Cuneus_L,SupraMarginal_R,0.0,0.0,0.0,1.0
2977,29,78,30,79,0.04220683859268936,0.04220683859268936,0.03611575072619859,877,Insula_R,Heschl_L,0.0,0.0,0.0,1.0
484,4,35,5,36,-0.042189549779304204,0.042189549779304204,0.034994900771108964,878,Frontal_Sup_Orb_L,Cingulum_Post_R,0.0,0.0,0.0,1.0
5858,75,84,76,85,0.04026519254095019,0.042161417925291336,0.02377708822571691,879,Pallidum_R,Temporal_Mid_L,0.0,0.0,0.0,0.8
5880,75,106,76,107,-0.03173852422907721,0.04215609420900702,0.02207655643820084,880,Pallidum_R,Cerebelum_10_L,0.0,0.0,0.02,0.74
3022,30,38,31,39,0.04086645150131957,0.04212712965975268,0.026878428698957495,881,Cingulum_Ant_L,ParaHippocampal_L,0.0,0.0,0.0,0.88
5176,60,107,61,108,0.0009227087468390218,0.04210900501092258,0.020000206989737902,882,Parietal_Inf_L,Cerebelum_10_R,0.0,0.0,0.0,0.74
4727,53,64,54,65,-0.042081400380922104,0.042108853613954444,0.03730009537284189,883,Occipital_Inf_R,Angular_L,0.0,0.0,0.0,0.96
5381,64,102,65,103,0.036982177034541756,0.0420821591016041,0.03632734861033331,884,Angular_L,Cerebelum_8_L,0.0,0.0,0.0,0.94
5700,71,92,72,93,-0.03901064897545827,0.04207227625596167,0.026842541559314724,885,Caudate_R,Cerebelum_Crus2_L,0.0,0.0,0.0,0.82
6380,91,102,92,103,0.041424889816310456,0.04206965382456171,0.016260560600126265,886,Cerebelum_Crus1_R,Cerebelum_8_L,0.0,0.0,0.0,0.96
1533,14,29,15,30,-0.04197803693854102,0.04204585083870227,0.029856529999534323,887,Frontal_Inf_Orb_L,Insula_R,0.0,0.0,0.0,0.98
5614,69,95,70,96,0.04195212647640895,0.04195212647640895,0.0364507497530277,888,Paracentral_Lobule_R,Cerebelum_3_R,0.0,0.0,0.0,1.0
2915,28,102,29,103,-0.04181549359930853,0.04181549359930853,0.025875281687557705,889,Insula_L,Cerebelum_8_L,0.0,0.0,0.0,1.0
6186,84,97,85,98,0.0414800067344345,0.04180909839048716,0.0319579075766536,890,Temporal_Mid_L,Cerebelum_4_5_R,0.0,0.0,0.0,0.96
6259,86,111,87,112,0.04145303875587298,0.041798767878502396,0.032936574724470695,891,Temporal_Pole_Mid_L,Vermis_6,0.0,0.0,0.0,0.94
1707,15,103,16,104,-0.04175601066513262,0.04175601066513262,0.03608849685788965,892,Frontal_Inf_Orb_R,Cerebelum_8_R,0.0,0.0,0.0,1.0
3395,34,81,35,82,-0.04174590750279029,0.04174590750279029,0.038915330457907155,893,Cingulum_Post_L,Temporal_Sup_R,0.0,0.0,0.0,1.0
3939,41,86,42,87,-0.041719823736870325,0.041719823736870325,0.036507627256832154,894,Amygdala_R,Temporal_Pole_Mid_L,0.0,0.0,0.0,1.0
589,5,30,6,31,0.03892993625910152,0.041712253548450456,0.019143090371110727,895,Frontal_Sup_Orb_R,Cingulum_Ant_L,0.0,0.0,0.0,0.84
2452,23,84,24,85,-0.041386797407050625,0.041706857297725074,0.02845748640043108,896,Frontal_Sup_Medial_R,Temporal_Mid_L,0.0,0.0,0.0,0.98
5423,65,94,66,95,0.0415812403275353,0.0415812403275353,0.03805783704375252,897,Angular_R,Cerebelum_3_L,0.04,0.16,0.26,1.0
6118,82,92,83,93,-0.04150560524044963,0.04150560524044963,0.030438328723994466,898,Temporal_Pole_Sup_L,Cerebelum_Crus2_L,0.0,0.0,0.0,1.0
3724,38,96,39,97,-0.041497433529294414,0.041497433529294414,0.03981355249429293,899,ParaHippocampal_L,Cerebelum_4_5_L,0.0,0.0,0.0,1.0
2928,28,115,29,116,-0.04142301477387935,0.04142301477387935,0.03886629645821715,900,Insula_L,Vermis_10,0.0,0.0,0.0,1.0
5800,73,107,74,108,0.03324632000811909,0.04141280210653323,0.026802023954139297,901,Putamen_R,Cerebelum_10_R,0.0,0.0,0.0,0.92
204,1,91,2,92,0.04141039691221857,0.04141039691221857,0.04007343674554335,902,Precentral_R,Cerebelum_Crus1_R,0.0,0.0,0.0,1.0
3501,35,107,36,108,0.04013875995166484,0.04139301082221326,0.027433011289012953,903,Cingulum_Post_R,Cerebelum_10_R,0.0,0.0,0.0,0.94
6083,81,90,82,91,-0.04107190828662464,0.04138477495812612,0.03260268903053165,904,Temporal_Sup_R,Cerebelum_Crus1_L,0.0,0.0,0.0,0.94
3300,33,67,34,68,0.04136613703919499,0.04136613703919499,0.03326123484281522,905,Cingulum_Mid_R,Precuneus_R,0.0,0.0,0.0,1.0
3002,29,103,30,104,-0.04019598976760042,0.04134503000913312,0.033677637984465186,906,Insula_R,Cerebelum_8_R,0.0,0.0,0.0,0.98
2962,29,63,30,64,0.022806442039363835,0.041313040511616744,0.030114606650941178,907,Insula_R,SupraMarginal_R,0.0,0.0,0.0,0.8
2985,29,86,30,87,-0.040433714759588485,0.04126433119080188,0.020099950979409534,908,Insula_R,Temporal_Pole_Mid_L,0.0,0.0,0.0,0.92
5751,72,100,73,101,-0.03682457220243182,0.041249384250886735,0.025547062582384497,909,Putamen_L,Cerebelum_7b_L,0.0,0.0,0.0,0.88
2398,23,30,24,31,-0.0404034140105578,0.04111130694264371,0.03380390814742149,910,Frontal_Sup_Medial_R,Cingulum_Ant_L,0.0,0.0,0.0,0.94
6195,84,106,85,107,-0.0034242084627332837,0.04108064490810084,0.028662837669340573,911,Temporal_Mid_L,Cerebelum_10_L,0.0,0.0,0.0,0.82
457,4,8,5,9,0.039559483801054236,0.041071840543085,0.029377123719766342,912,Frontal_Sup_Orb_L,Frontal_Mid_Orb_L,0.0,0.0,0.0,0.96
626,5,67,6,68,-0.04104661916059642,0.04104661916059642,0.0392286181158968,913,Frontal_Sup_Orb_R,Precuneus_R,0.0,0.0,0.0,1.0
5793,73,100,74,101,-0.039552201208936724,0.04103185459160724,0.02700298220286934,914,Putamen_R,Cerebelum_7b_L,0.0,0.0,0.0,0.96
5784,73,91,74,92,-0.03515657401609943,0.04099227278715254,0.022496248244677892,915,Putamen_R,Cerebelum_Crus1_R,0.0,0.0,0.0,0.74
454,4,5,5,6,-0.040187575150357153,0.04098889984072712,0.020149767697000973,916,Frontal_Sup_Orb_L,Frontal_Sup_Orb_R,0.0,0.0,0.0,0.94
3873,40,94,41,95,0.04094522906494029,0.0409481481498948,0.035846264711848916,917,Amygdala_L,Cerebelum_3_L,0.0,0.0,0.0,0.98
5305,63,77,64,78,0.004581702270453839,0.04093613182097632,0.02162432572261961,918,SupraMarginal_R,Thalamus_R,0.0,0.0,0.0,0.68
1328,12,27,13,28,0.03995802795960186,0.040921102046699805,0.022087101083746355,919,Frontal_Inf_Tri_L,Rectus_R,0.0,0.0,0.0,0.94
3657,37,106,38,107,-0.03772944434019231,0.04089205237738915,0.022235412441610897,920,Hippocampus_R,Cerebelum_10_L,0.0,0.0,0.0,0.88
3458,35,64,36,65,-0.03258381919766384,0.04085606023596047,0.025268130035361536,921,Cingulum_Post_R,Angular_L,0.0,0.0,0.0,0.9
1004,9,15,10,16,0.040855239523414674,0.040855239523414674,0.02975917388874265,922,Frontal_Mid_Orb_R,Frontal_Inf_Orb_R,0.0,0.0,0.0,1.0
5160,60,91,61,92,-0.02722452825042224,0.04084065645991715,0.03096351224653259,923,Parietal_Inf_L,Cerebelum_Crus1_R,0.0,0.0,0.0,0.78
2730,26,92,27,93,-0.03905082475889586,0.040810534332693785,0.024746586078759198,924,Rectus_L,Cerebelum_Crus2_L,0.0,0.0,0.0,0.96
918,8,35,9,36,-0.040732809866394604,0.040732809866394604,0.030556704690802208,925,Frontal_Mid_Orb_L,Cingulum_Post_R,0.0,0.0,0.0,1.0
2566,24,107,25,108,0.020727866886506713,0.040717703960640936,0.024415877956299452,926,Frontal_Med_Orb_L,Cerebelum_10_R,0.0,0.0,0.0,0.84
529,4,80,5,81,-0.03832748902673524,0.040675551272311684,0.02372010321572767,927,Frontal_Sup_Orb_L,Temporal_Sup_L,0.0,0.0,0.0,0.88
1507,13,104,14,105,-0.039291777124141246,0.04064906328922552,0.02160921973319708,928,Frontal_Inf_Tri_R,Cerebelum_9_L,0.0,0.0,0.0,0.86
5991,78,103,79,104,0.040629888037852266,0.040629888037852266,0.027449857854306883,929,Heschl_L,Cerebelum_8_R,0.0,0.0,0.0,1.0
1025,9,36,10,37,-0.040606531476520116,0.040606531476520116,0.03761976852083216,930,Frontal_Mid_Orb_R,Hippocampus_L,0.0,0.0,0.0,1.0
1489,13,86,14,87,0.04036741368482356,0.040533313210148,0.02951286095888173,931,Frontal_Inf_Tri_R,Temporal_Pole_Mid_L,0.0,0.0,0.0,0.98
5721,71,113,72,114,-0.040531260237616336,0.040531260237616336,0.03943939788358461,932,Caudate_R,Vermis_8,0.0,0.0,0.0,1.0
5641,70,77,71,78,-0.030291861304710687,0.040510657991041914,0.02406761200309617,933,Caudate_L,Thalamus_R,0.0,0.0,0.0,0.7
3573,36,100,37,101,-0.04050599800086661,0.04050599800086661,0.02704140769393601,934,Hippocampus_L,Cerebelum_7b_L,0.0,0.0,0.0,1.0
3881,40,102,41,103,-0.0404818127930073,0.0404818127930073,0.030708251253099957,935,Amygdala_L,Cerebelum_8_L,0.0,0.0,0.0,1.0
2914,28,101,29,102,-0.03709460108022684,0.04047318430516578,0.018746504460634056,936,Insula_L,Cerebelum_7b_R,0.0,0.0,0.02,0.82
1271,11,73,12,74,0.03213803467423531,0.040441264646071874,0.02554480224009762,937,Frontal_Inf_Oper_R,Putamen_R,0.0,0.0,0.0,0.92
1235,11,37,12,38,-0.039323895962865875,0.040426178020111586,0.02103248617011351,938,Frontal_Inf_Oper_R,Hippocampus_R,0.0,0.0,0.0,0.84
5656,70,92,71,93,-0.03760996082531574,0.04039226157543264,0.03178378252872979,939,Caudate_L,Cerebelum_Crus2_L,0.0,0.0,0.0,0.9
2523,24,64,25,65,-0.015339555298541061,0.0403895905849132,0.03036248870134045,940,Frontal_Med_Orb_L,Angular_L,0.0,0.0,0.0,0.78
5664,70,100,71,101,0.03301400722480461,0.040383264705765344,0.018910955819995728,941,Caudate_L,Cerebelum_7b_L,0.0,0.0,0.0,0.7
4558,50,84,51,85,0.04034008255642232,0.04034008255642232,0.04019283244794351,942,Occipital_Mid_L,Temporal_Mid_L,0.0,0.0,0.0,1.0
3550,36,77,37,78,-0.04022900232851228,0.04032903025257082,0.02508375073216461,943,Hippocampus_L,Thalamus_R,0.0,0.0,0.0,0.98
5864,75,90,76,91,-0.032813735483796604,0.040299594782477674,0.022035731142008838,944,Pallidum_R,Cerebelum_Crus1_L,0.0,0.0,0.0,0.72
5170,60,101,61,102,-0.009754346820608654,0.040236684338481175,0.022520182360243467,945,Parietal_Inf_L,Cerebelum_7b_R,0.0,0.0,0.0,0.54
121,1,8,2,9,0.04020591183452031,0.04020591183452031,0.0312855470628068,946,Precentral_R,Frontal_Mid_Orb_L,0.0,0.0,0.0,1.0
542,4,93,5,94,0.03640257217551255,0.04017052795944684,0.027489979819073078,947,Frontal_Sup_Orb_L,Cerebelum_Crus2_R,0.0,0.0,0.0,0.9
2998,29,99,30,100,-0.03716897198871409,0.04013191649821255,0.028238835423111217,948,Insula_R,Cerebelum_6_R,0.0,0.0,0.0,0.9
976,8,93,9,94,0.04003770964186118,0.04010995179506916,0.021546100349817257,949,Frontal_Mid_Orb_L,Cerebelum_Crus2_R,0.0,0.0,0.0,0.98
6043,80,84,81,85,-0.012365436062668949,0.04009579362257493,0.019781587653955157,950,Temporal_Sup_L,Temporal_Mid_L,0.0,0.0,0.0,0.6
3867,40,88,41,89,-0.04007717924808825,0.04007717924808825,0.03963560361727468,951,Amygdala_L,Temporal_Inf_L,0.0,0.0,0.0,1.0
6555,100,106,101,107,-0.030745348859164225,0.040075603506374596,0.023547179626520986,952,Cerebelum_7b_L,Cerebelum_10_L,0.0,0.0,0.0,0.86
2878,28,65,29,66,0.04006587523578723,0.04006587523578723,0.03748039241596568,953,Insula_L,Angular_R,0.02,0.14,0.26,1.0
4559,50,85,51,86,0.04002786251201949,0.04002786251201949,0.03858793086662885,954,Occipital_Mid_L,Temporal_Mid_R,0.0,0.0,0.0,1.0
2643,25,94,26,95,0.038225104206819134,0.03999390092397397,0.029060388586302964,955,Frontal_Med_Orb_R,Cerebelum_3_L,0.0,0.0,0.0,0.96
5300,63,72,64,73,0.03231680149223067,0.0399602470848384,0.017915070211320265,956,SupraMarginal_R,Putamen_L,0.0,0.0,0.0,0.66
6450,94,106,95,107,-0.0329706006361842,0.03991112292370635,0.013431271637950225,957,Cerebelum_3_L,Cerebelum_10_L,0.0,0.0,0.0,0.76
1008,9,19,10,20,0.039896536862473325,0.039896536862473325,0.02810143761552449,958,Frontal_Mid_Orb_R,Supp_Motor_Area_R,0.0,0.0,0.0,1.0
3139,31,71,32,72,0.030973500882151134,0.03985292899577416,0.027555455422733473,959,Cingulum_Ant_R,Caudate_R,0.0,0.0,0.0,0.88
2095,19,101,20,102,-0.038480474422312956,0.03978339093883925,0.025645184710826358,960,Supp_Motor_Area_R,Cerebelum_7b_R,0.0,0.0,0.0,0.88
6164,83,106,84,107,0.03386212040608139,0.03977545948539787,0.018142194094845653,961,Temporal_Pole_Sup_R,Cerebelum_10_L,0.0,0.0,0.02,0.64
4992,57,91,58,92,0.03973484990645354,0.03973484990645354,0.042480923782632185,962,Postcentral_R,Cerebelum_Crus1_R,0.0,0.0,0.0,1.0
524,4,75,5,76,-0.03687944732375718,0.0397104033930366,0.029594313985934352,963,Frontal_Sup_Orb_L,Pallidum_R,0.0,0.0,0.0,0.92
1699,15,95,16,96,0.03970874292894345,0.03970874292894345,0.037505481810534265,964,Frontal_Inf_Orb_R,Cerebelum_3_R,0.0,0.0,0.0,1.0
538,4,89,5,90,0.039707666048077545,0.039707666048077545,0.03140271950644786,965,Frontal_Sup_Orb_L,Temporal_Inf_R,0.0,0.0,0.0,1.0
5759,72,108,73,109,0.03970324931610998,0.03970324931610998,0.03685867815938898,966,Putamen_L,Vermis_1_2,0.0,0.0,0.0,1.0
6214,85,95,86,96,0.03964042639036192,0.03966285687145957,0.022188142407144708,967,Temporal_Mid_R,Cerebelum_3_R,0.0,0.0,0.0,0.98
2797,27,71,28,72,0.03852946491272995,0.039643157092217766,0.0165900667773771,968,Rectus_R,Caudate_R,0.0,0.0,0.0,0.9
6356,90,102,91,103,0.037582985540921265,0.03962868644004317,0.021114095373779104,969,Cerebelum_Crus1_L,Cerebelum_8_L,0.0,0.0,0.0,0.94
6064,80,105,81,106,0.03465681162612086,0.03961825010092634,0.022309048400324785,970,Temporal_Sup_L,Cerebelum_9_R,0.0,0.0,0.0,0.88
509,4,60,5,61,-0.03359008035404345,0.039590233804046665,0.01730217342826845,971,Frontal_Sup_Orb_L,Parietal_Inf_L,0.0,0.0,0.0,0.82
3318,33,85,34,86,0.03839506564985598,0.03957829152772883,0.02893509370576202,972,Cingulum_Mid_R,Temporal_Mid_R,0.0,0.0,0.0,0.96
4557,50,83,51,84,0.03956895886606783,0.03956895886606783,0.03981943839440914,973,Occipital_Mid_L,Temporal_Pole_Sup_R,0.0,0.0,0.0,1.0
3669,38,41,39,42,-0.03956836346607328,0.03956836346607328,0.041220141802251364,974,ParaHippocampal_L,Amygdala_R,0.0,0.0,0.0,1.0
3546,36,73,37,74,-0.03860074310356001,0.03955524377491725,0.026815568069788485,975,Hippocampus_L,Putamen_R,0.0,0.0,0.0,0.84
6181,84,92,85,93,-0.037320129516842424,0.0395533730119637,0.030277866870695263,976,Temporal_Mid_L,Cerebelum_Crus2_L,0.0,0.0,0.02,0.96
6193,84,104,85,105,0.037230059113793214,0.03954871629390952,0.02261277524552202,977,Temporal_Mid_L,Cerebelum_9_L,0.0,0.0,0.0,0.84
1377,12,76,13,77,-0.019035598352512777,0.039542046299256166,0.022099434007246954,978,Frontal_Inf_Tri_L,Thalamus_L,0.0,0.0,0.02,0.82
3770,39,66,40,67,0.039532095576694695,0.039532095576694695,0.042070911075622525,979,ParaHippocampal_R,Precuneus_L,0.0,0.0,0.0,1.0
1072,9,83,10,84,-0.03952025744917077,0.03952025744917077,0.03256058019336152,980,Frontal_Mid_Orb_R,Temporal_Pole_Sup_R,0.0,0.0,0.0,1.0
2821,27,95,28,96,-0.03768341186374922,0.039513739229265356,0.024967357306167448,981,Rectus_R,Cerebelum_3_R,0.0,0.0,0.0,0.94
1588,14,84,15,85,-0.032470878038113694,0.03948214661885636,0.01802123349250581,982,Frontal_Inf_Orb_L,Temporal_Mid_L,0.0,0.0,0.0,0.62
4159,44,90,45,91,-0.039006123531353805,0.039479819437463246,0.031666532766493165,983,Cuneus_L,Cerebelum_Crus1_L,0.0,0.0,0.0,0.9
2058,19,64,20,65,-0.016022515970855668,0.03947768462681742,0.022010118718420436,984,Supp_Motor_Area_R,Angular_L,0.0,0.0,0.0,0.58
2992,29,93,30,94,0.039451703150699534,0.039451703150699534,0.025062107055440687,985,Insula_R,Cerebelum_Crus2_R,0.0,0.0,0.0,1.0
5555,68,82,69,83,-0.039449286113756865,0.039449286113756865,0.038052802291713345,986,Paracentral_Lobule_L,Temporal_Pole_Sup_L,0.0,0.0,0.0,1.0
3885,40,106,41,107,0.03912367001753946,0.039436175884639636,0.033940188510140135,987,Amygdala_L,Cerebelum_10_L,0.0,0.0,0.0,0.96
5789,73,96,74,97,0.0389383638479218,0.039419873499458774,0.022011679811756765,988,Putamen_R,Cerebelum_4_5_L,0.0,0.0,0.0,0.94
3467,35,73,36,74,0.03934249161700536,0.03940577534782197,0.02992584560023001,989,Cingulum_Post_R,Putamen_R,0.0,0.0,0.0,0.94
4936,56,93,57,94,0.03936874287830617,0.03936874287830617,0.041309984212045486,990,Postcentral_L,Cerebelum_Crus2_R,0.0,0.0,0.0,1.0
2969,29,70,30,71,0.039024505785489605,0.039367464622539455,0.03445350093189717,991,Insula_R,Caudate_L,0.0,0.0,0.0,0.98
666,5,107,6,108,0.03204941825596727,0.039363867344677915,0.017463072996350124,992,Frontal_Sup_Orb_R,Cerebelum_10_R,0.0,0.0,0.0,0.94
5519,67,93,68,94,-0.03936008784070319,0.03936008784070319,0.0311627017264217,993,Precuneus_R,Cerebelum_Crus2_R,0.0,0.0,0.0,1.0
117,1,4,2,5,0.03934668338152987,0.03934668338152987,0.03389093754723778,994,Precentral_R,Frontal_Sup_Orb_L,0.0,0.0,0.0,1.0
5567,68,94,69,95,-0.039337207785606274,0.039337207785606274,0.03712726341568669,995,Paracentral_Lobule_L,Cerebelum_3_L,0.0,0.0,0.0,1.0
946,8,63,9,64,-0.0309355970228162,0.03929909356885558,0.016269793245636887,996,Frontal_Mid_Orb_L,SupraMarginal_R,0.0,0.0,0.0,0.68
3696,38,68,39,69,-0.03926419390532209,0.03926419390532209,0.04053732485039675,997,ParaHippocampal_L,Paracentral_Lobule_L,0.0,0.0,0.0,1.0
5774,73,81,74,82,0.039103440914957745,0.03925476384528754,0.028726685550381513,998,Putamen_R,Temporal_Sup_R,0.0,0.0,0.0,0.98
5983,78,95,79,96,-0.03924132651811888,0.03924132651811888,0.034676691007912645,999,Heschl_L,Cerebelum_3_R,0.0,0.0,0.0,1.0
3565,36,92,37,93,-0.039204911242734945,0.03923198126617636,0.02758179750344393,1000,Hippocampus_L,Cerebelum_Crus2_L,0.0,0.0,0.0,0.98
6347,90,93,91,94,-0.03900485229615894,0.0392192485159367,0.020438809618740488,1001,Cerebelum_Crus1_L,Cerebelum_Crus2_R,0.0,0.0,0.0,0.96
3297,33,64,34,65,0.030016085240566044,0.03921860841447759,0.029944230970556665,1002,Cingulum_Mid_R,Angular_L,0.0,0.0,0.0,0.86
5811,74,77,75,78,0.0360469818578852,0.03920613945002695,0.020728076796402525,1003,Pallidum_L,Thalamus_R,0.0,0.0,0.0,0.96
5543,68,70,69,71,-0.03920325924852181,0.03920325924852181,0.03148124785524142,1004,Paracentral_Lobule_L,Caudate_L,0.0,0.0,0.0,1.0
5138,60,69,61,70,-0.03878243027173279,0.03918735753333065,0.020444190798742864,1005,Parietal_Inf_L,Paracentral_Lobule_R,0.0,0.0,0.0,0.96
3489,35,95,36,96,0.03889500226473594,0.03917227071305474,0.02920382844918423,1006,Cingulum_Post_R,Cerebelum_3_R,0.0,0.0,0.0,0.94
3462,35,68,36,69,-0.039170817966679164,0.039170817966679164,0.04083488200414031,1007,Cingulum_Post_R,Paracentral_Lobule_L,0.0,0.0,0.0,1.0
1395,12,94,13,95,0.030362200644806325,0.039125188468601496,0.02370818713615061,1008,Frontal_Inf_Tri_L,Cerebelum_3_L,0.0,0.0,0.0,0.88
6444,94,100,95,101,0.035495595730221624,0.03904853919083202,0.023063925674663928,1009,Cerebelum_3_L,Cerebelum_7b_L,0.0,0.0,0.0,0.94
2336,22,60,23,61,-0.03834093049448689,0.03904746114109395,0.024034608671438983,1010,Frontal_Sup_Medial_L,Parietal_Inf_L,0.0,0.0,0.0,0.96
5499,67,73,68,74,0.03903936040310585,0.03903936040310585,0.03742409636439546,1011,Precuneus_R,Putamen_R,0.0,0.0,0.0,1.0
1389,12,88,13,89,0.03428108641375092,0.03902967245721515,0.023242031269697053,1012,Frontal_Inf_Tri_L,Temporal_Inf_L,0.0,0.0,0.0,0.88
5494,67,68,68,69,-0.03900531101160915,0.03900531101160915,0.041376412252765414,1013,Precuneus_R,Paracentral_Lobule_L,0.0,0.0,0.0,1.0
3061,30,77,31,78,0.027544945033246216,0.03899199862790958,0.020874392916010145,1014,Cingulum_Ant_L,Thalamus_R,0.0,0.0,0.0,0.7
2810,27,84,28,85,0.03736671467197947,0.038977291677332576,0.02012048522511676,1015,Rectus_R,Temporal_Mid_L,0.0,0.0,0.0,0.96
3047,30,63,31,64,-0.014150740153012743,0.03897391755413744,0.019958851457189782,1016,Cingulum_Ant_L,SupraMarginal_R,0.0,0.0,0.0,0.72
1283,11,85,12,86,0.023648059423435636,0.0389441471005674,0.026753355384075465,1017,Frontal_Inf_Oper_R,Temporal_Mid_R,0.0,0.0,0.02,0.86
6048,80,89,81,90,0.035080453100012864,0.03892854117407349,0.023140548632681973,1018,Temporal_Sup_L,Temporal_Inf_R,0.0,0.0,0.0,0.96
622,5,63,6,64,-0.033461770550301535,0.03892788961110467,0.022437015164888333,1019,Frontal_Sup_Orb_R,SupraMarginal_R,0.0,0.0,0.0,0.72
3132,31,64,32,65,0.026899127318734714,0.03892419457118494,0.02447032818399461,1020,Cingulum_Ant_R,Angular_L,0.02,0.02,0.04,0.84
1564,14,60,15,61,0.017422001747991175,0.03890380529424381,0.022086601154429578,1021,Frontal_Inf_Orb_L,Parietal_Inf_L,0.0,0.0,0.0,0.78
2891,28,78,29,79,0.03887709548702862,0.03887709548702862,0.02968442472105253,1022,Insula_L,Heschl_L,0.0,0.0,0.0,1.0
951,8,68,9,69,0.038843409854966676,0.03887473116617194,0.032577290453282684,1023,Frontal_Mid_Orb_L,Paracentral_Lobule_L,0.0,0.0,0.0,0.98
1586,14,82,15,83,0.03755587205987965,0.038867400090346366,0.022447970883943107,1024,Frontal_Inf_Orb_L,Temporal_Pole_Sup_L,0.0,0.0,0.0,0.96
5877,75,103,76,104,-0.03871686429535975,0.03885269232559366,0.025176937444831373,1025,Pallidum_R,Cerebelum_8_R,0.0,0.0,0.0,0.98
1405,12,104,13,105,-0.03884762047596607,0.03884762047596607,0.02302075903802645,1026,Frontal_Inf_Tri_L,Cerebelum_9_L,0.0,0.0,0.0,1.0
5901,76,88,77,89,0.03720033274039483,0.0387936000136407,0.02150800988592248,1027,Thalamus_L,Temporal_Inf_L,0.0,0.0,0.0,0.88
2708,26,70,27,71,0.038746795908755724,0.03875604021986774,0.021696568916445558,1028,Rectus_L,Caudate_L,0.0,0.0,0.0,0.98
4945,56,102,57,103,-0.03873118433106604,0.03873118433106604,0.041977745415278565,1029,Postcentral_L,Cerebelum_8_L,0.0,0.0,0.0,1.0
2930,29,31,30,32,-0.013488321377823376,0.03872180134960632,0.026263249804329876,1030,Insula_R,Cingulum_Ant_R,0.0,0.0,0.0,0.54
5651,70,87,71,88,0.03418352299977459,0.038683044051205734,0.018007071647875093,1031,Caudate_L,Temporal_Pole_Mid_R,0.0,0.0,0.0,0.88
6139,82,113,83,114,0.03866184672904891,0.03866184672904891,0.038927698263914734,1032,Temporal_Pole_Sup_L,Vermis_8,0.0,0.0,0.0,1.0
5361,64,82,65,83,0.02564071576421421,0.03866039499478512,0.038389157026063055,1033,Angular_L,Temporal_Pole_Sup_L,0.0,0.0,0.0,0.88
6253,86,105,87,106,0.03652827116687235,0.03862547771224998,0.017094803290334713,1034,Temporal_Pole_Mid_L,Cerebelum_9_R,0.0,0.0,0.0,0.84
3780,39,76,40,77,0.038330185275137894,0.038598293217945126,0.01930547727989041,1035,ParaHippocampal_R,Thalamus_L,0.0,0.0,0.0,0.96
4944,56,101,57,102,-0.038581340671120276,0.038581340671120276,0.03127926076570692,1036,Postcentral_L,Cerebelum_7b_R,0.0,0.0,0.0,1.0
5309,63,81,64,82,-0.0025793329684007825,0.03854505914314316,0.026391800432741627,1037,SupraMarginal_R,Temporal_Sup_R,0.0,0.0,0.02,0.64
6022,79,98,80,99,0.03853050838560861,0.03853050838560861,0.030474505450138172,1038,Heschl_R,Cerebelum_6_L,0.0,0.0,0.0,1.0
2762,27,36,28,37,-0.0384492638601709,0.038512224661803984,0.024574419496170598,1039,Rectus_R,Hippocampus_L,0.0,0.0,0.0,0.96
2898,28,85,29,86,0.03731438774664646,0.03850396924525794,0.02493297298600503,1040,Insula_L,Temporal_Mid_R,0.0,0.0,0.0,0.92
5863,75,89,76,90,0.038262150837659915,0.038465099916679776,0.03365712620497452,1041,Pallidum_R,Temporal_Inf_R,0.0,0.0,0.0,0.96
5446,66,68,67,69,-0.03846482939866947,0.03846482939866947,0.03865852729273914,1042,Precuneus_L,Paracentral_Lobule_L,0.0,0.0,0.0,1.0
2679,26,41,27,42,-0.038458709131038875,0.038458709131038875,0.038916946327250054,1043,Rectus_L,Amygdala_R,0.0,0.0,0.0,1.0
6014,79,90,80,91,0.03844401302095589,0.03844401302095589,0.03521576503754646,1044,Heschl_R,Cerebelum_Crus1_L,0.0,0.0,0.0,1.0
2086,19,92,20,93,0.034016856476744996,0.038428352829146445,0.02875759560596681,1045,Supp_Motor_Area_R,Cerebelum_Crus2_L,0.0,0.0,0.0,0.9
3637,37,86,38,87,-0.03821389014138552,0.03842101466834038,0.0212236864800953,1046,Hippocampus_R,Temporal_Pole_Mid_L,0.0,0.0,0.0,0.98
5657,70,93,71,94,-0.03631076853200511,0.03840424023803713,0.021031168476498815,1047,Caudate_L,Cerebelum_Crus2_R,0.0,0.0,0.0,0.86
5611,69,92,70,93,0.03835077149892908,0.03838491471395157,0.036918233702696944,1048,Paracentral_Lobule_R,Cerebelum_Crus2_L,0.0,0.0,0.0,0.98
5728,72,77,73,78,-0.032341933474171636,0.03837993266393672,0.01943984310713793,1049,Putamen_L,Thalamus_R,0.0,0.0,0.0,0.7
2535,24,76,25,77,0.033064015772392444,0.038377450294824096,0.01915674145599336,1050,Frontal_Med_Orb_L,Thalamus_L,0.0,0.0,0.0,0.8
1027,9,38,10,39,-0.03833748696512618,0.038372111881305335,0.03478491832431546,1051,Frontal_Mid_Orb_R,ParaHippocampal_L,0.0,0.0,0.0,0.98
6212,85,93,86,94,-0.03504765045486441,0.03836750526618323,0.02156051034097678,1052,Temporal_Mid_R,Cerebelum_Crus2_R,0.0,0.0,0.0,0.94
4207,45,68,46,69,-0.03835007664467416,0.03835007664467416,0.03998188468589173,1053,Cuneus_R,Paracentral_Lobule_L,0.0,0.0,0.0,1.0
5744,72,93,73,94,-0.031135414162472532,0.03834238675663639,0.017164983048774708,1054,Putamen_L,Cerebelum_Crus2_R,0.0,0.0,0.0,0.88
3184,32,33,33,34,0.03762506165780696,0.038314946110016804,0.032851237218238676,1055,Cingulum_Mid_L,Cingulum_Mid_R,0.0,0.0,0.0,0.98
3955,41,102,42,103,-0.03827978182203569,0.03827978182203569,0.033959994735748275,1056,Amygdala_R,Cerebelum_8_L,0.0,0.0,0.0,1.0
1317,12,16,13,17,-0.03826800748331291,0.03826800748331291,0.03969929691908844,1057,Frontal_Inf_Tri_L,Rolandic_Oper_L,0.0,0.0,0.0,1.0
5854,75,80,76,81,-0.03702267728798581,0.0382396529190464,0.024986920171072083,1058,Pallidum_R,Temporal_Sup_L,0.0,0.0,0.0,0.94
2543,24,84,25,85,-0.025611507963908126,0.03823001660843995,0.02954065211824114,1059,Frontal_Med_Orb_L,Temporal_Mid_L,0.0,0.0,0.0,0.9
5607,69,88,70,89,-0.038093971878086774,0.038093971878086774,0.0343222286768822,1060,Paracentral_Lobule_R,Temporal_Inf_L,0.0,0.0,0.0,1.0
5790,73,97,74,98,0.037987897420420504,0.03807366309776436,0.02947777099614038,1061,Putamen_R,Cerebelum_4_5_R,0.0,0.0,0.0,0.98
4751,53,88,54,89,-0.03806807374547539,0.03806807374547539,0.038460836823024855,1062,Occipital_Inf_R,Temporal_Inf_L,0.0,0.0,0.0,1.0
5352,64,73,65,74,0.018290827342481816,0.038061444066545096,0.028561760971345093,1063,Angular_L,Putamen_R,0.0,0.0,0.0,0.82
1476,13,73,14,74,0.03421384780803228,0.03802655131445855,0.02328256028555924,1064,Frontal_Inf_Tri_R,Putamen_R,0.0,0.0,0.0,0.94
2633,25,84,26,85,-0.03226469915358894,0.03801213473316571,0.0294676171122307,1065,Frontal_Med_Orb_R,Temporal_Mid_L,0.0,0.0,0.0,0.9
3159,31,91,32,92,0.032853703769868466,0.03799738223617665,0.021982894233582184,1066,Cingulum_Ant_R,Cerebelum_Crus1_R,0.0,0.0,0.0,0.82
3480,35,86,36,87,-0.037100513932504915,0.037914613342846334,0.026394577895654206,1067,Cingulum_Post_R,Temporal_Pole_Mid_L,0.0,0.0,0.0,0.98
2765,27,39,28,40,0.03791436148997627,0.03791436148997627,0.037546289797042824,1068,Rectus_R,ParaHippocampal_R,0.0,0.0,0.0,1.0
3933,41,80,42,81,-0.037833754675681286,0.037893338849831516,0.032974681703908104,1069,Amygdala_R,Temporal_Sup_L,0.0,0.0,0.0,0.98
661,5,102,6,103,-0.032879970749316374,0.03784988749001644,0.01760210571722583,1070,Frontal_Sup_Orb_R,Cerebelum_8_L,0.0,0.0,0.0,0.78
5839,74,105,75,106,0.037844994724958475,0.037844994724958475,0.03125296750311139,1071,Pallidum_L,Cerebelum_9_R,0.0,0.0,0.0,1.0
6238,86,90,87,91,0.030264256455437785,0.03783312192698398,0.02001775218171324,1072,Temporal_Pole_Mid_L,Cerebelum_Crus1_L,0.0,0.0,0.0,0.74
5560,68,87,69,88,-0.037814901952834525,0.037814901952834525,0.03367543735392663,1073,Paracentral_Lobule_L,Temporal_Pole_Mid_R,0.0,0.0,0.0,1.0
1515,13,112,14,113,-0.03779736890306477,0.03779736890306477,0.03212371434498176,1074,Frontal_Inf_Tri_R,Vermis_7,0.0,0.0,0.0,1.0
6418,93,95,94,96,0.035854872559534,0.03778215971617991,0.018015476158185495,1075,Cerebelum_Crus2_R,Cerebelum_3_R,0.0,0.0,0.0,0.94
1886,17,85,18,86,0.037775327423520466,0.037775327423520466,0.03531622164044397,1076,Rolandic_Oper_R,Temporal_Mid_R,0.0,0.0,0.0,1.0
5344,64,65,65,66,0.037755388612201735,0.037755388612201735,0.03383354428183655,1077,Angular_L,Angular_R,0.06,0.06,0.1,1.0
3069,30,85,31,86,-0.03623764446368436,0.03775188641723122,0.023447735788427126,1078,Cingulum_Ant_L,Temporal_Mid_R,0.0,0.0,0.02,0.88
5150,60,81,61,82,-0.010254877068775349,0.037743948684082526,0.018940500192907037,1079,Parietal_Inf_L,Temporal_Sup_R,0.0,0.0,0.0,0.58
5148,60,79,61,80,0.03772716638752877,0.03772716638752877,0.0287048563894581,1080,Parietal_Inf_L,Heschl_R,0.0,0.0,0.0,1.0
6379,91,101,92,102,0.027605966742112572,0.03772031701993164,0.027882327852291028,1081,Cerebelum_Crus1_R,Cerebelum_7b_R,0.0,0.0,0.0,0.88
3090,30,106,31,107,-0.03567823203373316,0.03770587935431081,0.023205319894119024,1082,Cingulum_Ant_L,Cerebelum_10_L,0.0,0.0,0.0,0.9
3627,37,76,38,77,0.036308125915040984,0.03770151143841376,0.014824553186324804,1083,Hippocampus_R,Thalamus_L,0.0,0.0,0.0,0.88
6275,87,99,88,100,0.03710720008290145,0.03769153705314661,0.030239722849705265,1084,Temporal_Pole_Mid_R,Cerebelum_6_R,0.0,0.0,0.0,0.96
6574,101,111,102,112,-0.03768348123038643,0.03768348123038643,0.03189424548326933,1085,Cerebelum_7b_R,Vermis_6,0.0,0.0,0.0,1.0
7,0,8,1,9,0.03694332591132596,0.037662273968643974,0.0335940171785675,1086,Precentral_L,Frontal_Mid_Orb_L,0.0,0.0,0.0,0.98
2790,27,64,28,65,0.036914184268228456,0.03765752049892237,0.01683440880497333,1087,Rectus_R,Angular_L,0.0,0.0,0.0,0.94
5327,63,99,64,100,-0.013947032103195233,0.03765589442167404,0.022583941740156578,1088,SupraMarginal_R,Cerebelum_6_R,0.0,0.0,0.02,0.78
6582,102,106,103,107,-0.03646722781695059,0.0376239430972407,0.015208045393522215,1089,Cerebelum_8_L,Cerebelum_10_L,0.0,0.0,0.0,0.9
6052,80,93,81,94,0.02817890985140987,0.03762104162692128,0.025450962109586653,1090,Temporal_Sup_L,Cerebelum_Crus2_R,0.0,0.0,0.02,0.86
6620,105,111,106,112,-0.03756579986110704,0.03756579986110704,0.03239895313301898,1091,Cerebelum_9_R,Vermis_6,0.0,0.0,0.0,1.0
5506,67,80,68,81,0.03755433996927073,0.03755433996927073,0.02623705648448308,1092,Precuneus_R,Temporal_Sup_L,0.0,0.0,0.0,1.0
6406,92,105,93,106,-0.036922657094316774,0.03754083375734343,0.024925750589294672,1093,Cerebelum_Crus2_L,Cerebelum_9_R,0.0,0.0,0.0,0.96
3118,31,50,32,51,0.03753992033728626,0.03753992033728626,0.035438993311366115,1094,Cingulum_Ant_R,Occipital_Mid_L,0.0,0.0,0.0,1.0
2080,19,86,20,87,-0.03579802589295223,0.03753273047083176,0.02099318400052433,1095,Supp_Motor_Area_R,Temporal_Pole_Mid_L,0.0,0.0,0.0,0.84
1671,15,67,16,68,0.037479763035227355,0.037479763035227355,0.039868886728941615,1096,Frontal_Inf_Orb_R,Precuneus_R,0.0,0.0,0.0,1.0
5908,76,95,77,96,-0.034579118244607285,0.03746046804464251,0.02147609447455924,1097,Thalamus_L,Cerebelum_3_R,0.0,0.0,0.0,0.94
5930,77,79,78,80,0.03744342847746968,0.03744342847746968,0.032317736092997776,1098,Thalamus_R,Heschl_R,0.0,0.0,0.0,1.0
5403,65,74,66,75,0.03743577821374184,0.03743577821374184,0.03612740501511326,1099,Angular_R,Pallidum_L,0.02,0.04,0.16,1.0
2533,24,74,25,75,0.03741323516091475,0.03741323516091475,0.029005879984144292,1100,Frontal_Med_Orb_L,Pallidum_L,0.0,0.0,0.0,1.0
2085,19,91,20,92,0.03720711545403322,0.037383239076305495,0.030779708209466697,1101,Supp_Motor_Area_R,Cerebelum_Crus1_R,0.0,0.0,0.0,0.96
5690,71,82,72,83,0.035755584360519926,0.03735353586857195,0.02117877128131808,1102,Caudate_R,Temporal_Pole_Sup_L,0.0,0.0,0.0,0.92
1061,9,72,10,73,0.03559311212874314,0.03734640605795817,0.016623070352333836,1103,Frontal_Mid_Orb_R,Putamen_L,0.0,0.0,0.0,0.92
2526,24,67,25,68,-0.03728707988406564,0.03728707988406564,0.02990044251704776,1104,Frontal_Med_Orb_L,Precuneus_R,0.0,0.0,0.0,1.0
6127,82,101,83,102,0.032598371362105506,0.037257536861972106,0.022562419726491943,1105,Temporal_Pole_Sup_L,Cerebelum_7b_R,0.0,0.0,0.0,0.9
4999,57,98,58,99,-0.03717715778918406,0.03724036349579963,0.024193972265493226,1106,Postcentral_R,Cerebelum_6_L,0.0,0.0,0.0,0.92
5152,60,83,61,84,0.03396465552386003,0.03722211811766099,0.026219195665625937,1107,Parietal_Inf_L,Temporal_Pole_Sup_R,0.0,0.0,0.0,0.84
1314,12,13,13,14,-0.0245884360777687,0.03718721845395607,0.022619544856574192,1108,Frontal_Inf_Tri_L,Frontal_Inf_Tri_R,0.0,0.0,0.0,0.84
2434,23,66,24,67,-0.037185426902720635,0.037185426902720635,0.033728750640204565,1109,Frontal_Sup_Medial_R,Precuneus_L,0.0,0.0,0.0,1.0
5173,60,104,61,105,-0.03307860346249364,0.03717028977499731,0.026947723761640757,1110,Parietal_Inf_L,Cerebelum_9_L,0.0,0.0,0.0,0.94
5655,70,91,71,92,-0.03169369715238896,0.03716484203199838,0.017334134594062817,1111,Caudate_L,Cerebelum_Crus1_R,0.0,0.0,0.0,0.78
1086,9,97,10,98,-0.03716157219694572,0.03716157219694572,0.028933795928341825,1112,Frontal_Mid_Orb_R,Cerebelum_4_5_R,0.0,0.0,0.0,1.0
1267,11,69,12,70,0.0354100652304657,0.037154451692080766,0.03151586526346666,1113,Frontal_Inf_Oper_R,Paracentral_Lobule_R,0.0,0.0,0.0,0.96
3477,35,83,36,84,-0.037127532790738535,0.037127532790738535,0.03371972099899606,1114,Cingulum_Post_R,Temporal_Pole_Sup_R,0.0,0.0,0.0,1.0
1242,11,44,12,45,-0.03707088254219598,0.03711489850967375,0.022156036097122953,1115,Frontal_Inf_Oper_R,Cuneus_L,0.0,0.0,0.0,0.98
5521,67,95,68,96,0.03709091406780724,0.03710825515183652,0.03095235660598075,1116,Precuneus_R,Cerebelum_3_R,0.0,0.0,0.0,0.98
5952,77,101,78,102,0.03079429647391338,0.03707973139240706,0.020693654370447043,1117,Thalamus_R,Cerebelum_7b_R,0.0,0.0,0.0,0.8
3916,41,63,42,64,0.037070413887145055,0.037070413887145055,0.030043941290390855,1118,Amygdala_R,SupraMarginal_R,0.0,0.0,0.0,1.0
5886,75,112,76,113,-0.03703579184053677,0.03703579184053677,0.02431346882467486,1119,Pallidum_R,Vermis_7,0.0,0.0,0.0,1.0
1288,11,90,12,91,0.019639229065776854,0.037030766153036125,0.017918476278150523,1120,Frontal_Inf_Oper_R,Cerebelum_Crus1_L,0.0,0.0,0.0,0.58
5653,70,89,71,90,0.03695362244070635,0.03701837066248058,0.02327263787939663,1121,Caudate_L,Temporal_Inf_R,0.0,0.0,0.0,0.98
6282,87,106,88,107,-0.033833642788953726,0.03697707718024229,0.02110647351249137,1122,Temporal_Pole_Mid_R,Cerebelum_10_L,0.0,0.0,0.0,0.9
1669,15,65,16,66,0.036974361027547316,0.036974361027547316,0.03367421084933412,1123,Frontal_Inf_Orb_R,Angular_R,0.0,0.04,0.12,1.0
1059,9,70,10,71,-0.035403487515960605,0.03696663748163543,0.02103755033247954,1124,Frontal_Mid_Orb_R,Caudate_L,0.0,0.0,0.0,0.94
2644,25,95,26,96,-0.03686139821762944,0.03693753032992097,0.024432206835529748,1125,Frontal_Med_Orb_R,Cerebelum_3_R,0.0,0.0,0.0,0.98
6166,83,108,84,109,-0.03692855580951389,0.03692855580951389,0.03544028301376103,1126,Temporal_Pole_Sup_R,Vermis_1_2,0.0,0.0,0.0,1.0
1690,15,86,16,87,-0.036810012285711194,0.03687740513333381,0.03268389021262668,1127,Frontal_Inf_Orb_R,Temporal_Pole_Mid_L,0.0,0.0,0.0,0.98
3923,41,70,42,71,-0.03684284208963496,0.03684284208963496,0.028040338950918016,1128,Amygdala_R,Caudate_L,0.0,0.0,0.0,1.0
6239,86,91,87,92,-0.030953245577777948,0.03682147159256754,0.02064368536063177,1129,Temporal_Pole_Mid_L,Cerebelum_Crus1_R,0.0,0.0,0.0,0.78
532,4,83,5,84,-0.036006514238499696,0.03679897348690922,0.02929001287124043,1130,Frontal_Sup_Orb_L,Temporal_Pole_Sup_R,0.0,0.0,0.0,0.96
5957,77,106,78,107,-0.03309465597682036,0.03679684315395641,0.021265842520093732,1131,Thalamus_R,Cerebelum_10_L,0.0,0.0,0.0,0.84
2974,29,75,30,76,-0.03631651214615633,0.03678964302205205,0.0228477232976046,1132,Insula_R,Pallidum_R,0.0,0.0,0.0,0.98
3498,35,104,36,105,0.03678859898835667,0.03678859898835667,0.03729624236117651,1133,Cingulum_Post_R,Cerebelum_9_L,0.0,0.0,0.0,1.0
6194,84,105,85,106,0.036694223063725696,0.036787188348495814,0.022133671006167623,1134,Temporal_Mid_L,Cerebelum_9_R,0.0,0.0,0.0,0.98
6389,91,111,92,112,-0.036782478627628165,0.036782478627628165,0.03671085269385885,1135,Cerebelum_Crus1_R,Vermis_6,0.0,0.0,0.0,1.0
2587,25,38,26,39,0.035598340343788046,0.0367805234791156,0.029678544844118915,1136,Frontal_Med_Orb_R,ParaHippocampal_L,0.0,0.0,0.0,0.88
555,4,106,5,107,0.02197045877533131,0.03677437700998256,0.015647410692146063,1137,Frontal_Sup_Orb_L,Cerebelum_10_L,0.0,0.0,0.0,0.56
5979,78,91,79,92,0.03640406752275929,0.03676426503483655,0.029874189897612195,1138,Heschl_L,Cerebelum_Crus1_R,0.0,0.0,0.0,0.98
1316,12,15,13,16,0.031815334049520236,0.03676404903552019,0.017967339749812565,1139,Frontal_Inf_Tri_L,Frontal_Inf_Orb_R,0.0,0.0,0.0,0.86
3227,32,76,33,77,-0.035880480145407144,0.03676125857333809,0.027034649585530795,1140,Cingulum_Mid_L,Thalamus_L,0.0,0.0,0.0,0.9
1029,9,40,10,41,-0.036688921137382174,0.036688921137382174,0.03138015138441772,1141,Frontal_Mid_Orb_R,Amygdala_L,0.0,0.0,0.0,1.0
6475,95,111,96,112,-0.03666710549950439,0.03666710549950439,0.03211963808458629,1142,Cerebelum_3_R,Vermis_6,0.0,0.0,0.0,1.0
6096,81,103,82,104,0.03465787590735501,0.036626859634234704,0.021626010189078677,1143,Temporal_Sup_R,Cerebelum_8_R,0.0,0.0,0.0,0.94
2812,27,86,28,87,-0.03606773046808569,0.03660200997409147,0.021095047561163136,1144,Rectus_R,Temporal_Pole_Mid_L,0.0,0.0,0.0,0.94
4555,50,81,51,82,0.03660053809644001,0.03660053809644001,0.03017346190557753,1145,Occipital_Mid_L,Temporal_Sup_R,0.0,0.0,0.0,1.0
658,5,99,6,100,-0.03646806258255644,0.03658992050119517,0.023146188623024224,1146,Frontal_Sup_Orb_R,Cerebelum_6_R,0.0,0.0,0.0,0.98
1861,17,60,18,61,-0.03583142720381195,0.036581196134667635,0.02115603948285774,1147,Rolandic_Oper_R,Parietal_Inf_L,0.0,0.0,0.0,0.84
2022,19,28,20,29,-0.03483023188467454,0.03656053424821961,0.024062120732491574,1148,Supp_Motor_Area_R,Insula_L,0.0,0.0,0.0,0.86
649,5,90,6,91,0.032953855102295974,0.03655502655588585,0.01682046145113053,1149,Frontal_Sup_Orb_R,Cerebelum_Crus1_L,0.0,0.0,0.0,0.88
3651,37,100,38,101,-0.032402875156415684,0.03652351826377542,0.023812359343598488,1150,Hippocampus_R,Cerebelum_7b_L,0.0,0.0,0.0,0.92
1266,11,68,12,69,0.036164533784524756,0.03648212309381956,0.02510134832791472,1151,Frontal_Inf_Oper_R,Paracentral_Lobule_L,0.0,0.0,0.0,0.9
3564,36,91,37,92,-0.035779313686439676,0.03647897349195432,0.017279095730849323,1152,Hippocampus_L,Cerebelum_Crus1_R,0.0,0.0,0.0,0.9
2955,29,56,30,57,-0.036453677175703,0.036453677175703,0.03536240706013255,1153,Insula_R,Postcentral_L,0.0,0.0,0.0,1.0
6352,90,98,91,99,0.033276979347118096,0.03643513630088588,0.026360710307610183,1154,Cerebelum_Crus1_L,Cerebelum_6_L,0.0,0.0,0.0,0.88
6355,90,101,91,102,0.021760753438137558,0.036420970716973144,0.024960004433077276,1155,Cerebelum_Crus1_L,Cerebelum_7b_R,0.0,0.0,0.0,0.84
3795,39,91,40,92,0.03640308588440603,0.03640308588440603,0.024671210939094416,1156,ParaHippocampal_R,Cerebelum_Crus1_R,0.0,0.0,0.0,1.0
5695,71,87,72,88,-0.03543039640428025,0.03639439641757074,0.014980670534736158,1157,Caudate_R,Temporal_Pole_Mid_R,0.0,0.0,0.0,0.88
5749,72,98,73,99,0.03314723679369984,0.0363826361774584,0.012459204424161353,1158,Putamen_L,Cerebelum_6_L,0.0,0.0,0.0,0.76
3700,38,72,39,73,-0.036381177127621685,0.036381177127621685,0.018377708320751057,1159,ParaHippocampal_L,Putamen_L,0.0,0.0,0.0,1.0
6263,86,115,87,116,0.03624889049791454,0.03637747366062408,0.015219842126872414,1160,Temporal_Pole_Mid_L,Vermis_10,0.0,0.0,0.0,0.96
6349,90,95,91,96,0.03249020312811977,0.03637518872279651,0.0205654804813648,1161,Cerebelum_Crus1_L,Cerebelum_3_R,0.0,0.0,0.0,0.84
4868,55,84,56,85,0.03635579819215161,0.03635579819215161,0.03254311368456675,1162,Fusiform_R,Temporal_Mid_L,0.0,0.0,0.0,1.0
3081,30,97,31,98,-0.03423898824602186,0.036346160694161356,0.029260155303972454,1163,Cingulum_Ant_L,Cerebelum_4_5_R,0.0,0.0,0.0,0.96
6331,89,102,90,103,0.03534673210006429,0.03634106706367966,0.0235464597582057,1164,Temporal_Inf_R,Cerebelum_8_L,0.0,0.0,0.0,0.96
2534,24,75,25,76,-0.03631957514598317,0.03631957514598317,0.02778669815630818,1165,Frontal_Med_Orb_L,Pallidum_R,0.0,0.0,0.0,1.0
6395,92,94,93,95,0.03589463517001565,0.036262583520316444,0.025718327009821643,1166,Cerebelum_Crus2_L,Cerebelum_3_L,0.0,0.0,0.0,0.98
1354,12,53,13,54,-0.0362624423879244,0.0362624423879244,0.03402194269153819,1167,Frontal_Inf_Tri_L,Occipital_Inf_R,0.0,0.0,0.0,1.0
6351,90,97,91,98,-0.034569675573746024,0.036258497013586605,0.0222541395276956,1168,Cerebelum_Crus1_L,Cerebelum_4_5_R,0.0,0.0,0.0,0.92
1387,12,86,13,87,-0.00034204216868714924,0.036231012497560944,0.025828365035842717,1169,Frontal_Inf_Tri_L,Temporal_Pole_Mid_L,0.0,0.0,0.0,0.68
4137,44,68,45,69,-0.03621086949320653,0.03621086949320653,0.0376550388983075,1170,Cuneus_L,Paracentral_Lobule_L,0.0,0.0,0.0,1.0
6445,94,101,95,102,0.027242065001930268,0.036186318087516656,0.024573805605853732,1171,Cerebelum_3_L,Cerebelum_7b_R,0.0,0.0,0.0,0.82
2879,28,66,29,67,0.036172829940096955,0.036172829940096955,0.030742193447823876,1172,Insula_L,Precuneus_L,0.0,0.0,0.0,1.0
3172,31,104,32,105,0.027052756538885548,0.03614415936272622,0.02486756091995176,1173,Cingulum_Ant_R,Cerebelum_9_L,0.0,0.0,0.0,0.94
630,5,71,6,72,0.02946556165510613,0.0361416287756427,0.018746567554558113,1174,Frontal_Sup_Orb_R,Caudate_R,0.0,0.0,0.0,0.9
2709,26,71,27,72,0.03462335092895196,0.03610983670465576,0.01888273108271383,1175,Rectus_L,Caudate_R,0.0,0.0,0.0,0.92
2084,19,90,20,91,0.03325285086624077,0.036097539240772684,0.027651477066188125,1176,Supp_Motor_Area_R,Cerebelum_Crus1_L,0.0,0.0,0.0,0.96
2654,25,105,26,106,0.0328297750645911,0.03607802261446595,0.022942090914865713,1177,Frontal_Med_Orb_R,Cerebelum_9_R,0.0,0.0,0.0,0.88
4215,45,76,46,77,-0.03607260643399346,0.03607260643399346,0.02706982739626865,1178,Cuneus_R,Thalamus_L,0.0,0.0,0.0,1.0
28,0,29,1,30,-0.03604199433715602,0.03604199433715602,0.027477696652941686,1179,Precentral_L,Insula_R,0.0,0.0,0.0,1.0
5354,64,75,65,76,0.030868967121546707,0.03603547522296906,0.010882272854177161,1180,Angular_L,Pallidum_R,0.0,0.0,0.0,0.58
5517,67,91,68,92,-0.03565279448819329,0.0360273012127892,0.015254287338119099,1181,Precuneus_R,Cerebelum_Crus1_R,0.0,0.0,0.0,0.96
5876,75,102,76,103,-0.035480605615458904,0.036018816980083135,0.021498053833331067,1182,Pallidum_R,Cerebelum_8_L,0.0,0.0,0.0,0.96
3644,37,93,38,94,0.03249743843100137,0.03600328986560499,0.018315251630926455,1183,Hippocampus_R,Cerebelum_Crus2_R,0.0,0.0,0.0,0.9
3731,38,103,39,104,-0.0359670157733178,0.03599977070251652,0.028606209577655584,1184,ParaHippocampal_L,Cerebelum_8_R,0.0,0.0,0.0,0.98
1794,16,91,17,92,0.03598964352289763,0.03598964352289763,0.02835827496412501,1185,Rolandic_Oper_L,Cerebelum_Crus1_R,0.0,0.0,0.0,1.0
2307,22,31,23,32,0.03597744238304859,0.03597744238304859,0.02800842280636802,1186,Frontal_Sup_Medial_L,Cingulum_Ant_R,0.0,0.0,0.0,1.0
504,4,55,5,56,0.03596844102278211,0.03596844102278211,0.03840005621234881,1187,Frontal_Sup_Orb_L,Fusiform_R,0.0,0.0,0.0,1.0
3216,32,65,33,66,0.03596746440617993,0.03596746440617993,0.03352304577764221,1188,Cingulum_Mid_L,Angular_R,0.0,0.02,0.1,1.0
1528,14,24,15,25,0.03595262199748565,0.03595262199748565,0.02338754666088757,1189,Frontal_Inf_Orb_L,Frontal_Med_Orb_L,0.0,0.0,0.0,1.0
2637,25,88,26,89,-0.03463678491114505,0.035944282945709755,0.02660096762162826,1190,Frontal_Med_Orb_R,Temporal_Inf_L,0.0,0.0,0.0,0.96
5992,78,104,79,105,0.03593387819478356,0.03593387819478356,0.03362335325517277,1191,Heschl_L,Cerebelum_9_L,0.0,0.0,0.0,1.0
3089,30,105,31,106,0.03011416823952593,0.0359228044012216,0.017010097723798516,1192,Cingulum_Ant_L,Cerebelum_9_R,0.0,0.0,0.0,0.88
6162,83,104,84,105,0.03524833187905451,0.03588565541896655,0.022932334283219988,1193,Temporal_Pole_Sup_R,Cerebelum_9_L,0.0,0.0,0.0,0.9
4864,55,80,56,81,-0.03587595684609365,0.03587595684609365,0.03253525009070139,1194,Fusiform_R,Temporal_Sup_L,0.0,0.0,0.0,1.0
2537,24,78,25,79,-0.03586716612297812,0.03586716612297812,0.026541188022795495,1195,Frontal_Med_Orb_L,Heschl_L,0.0,0.0,0.0,1.0
1437,13,34,14,35,-0.034889746611855094,0.03585872981588387,0.03011078859283161,1196,Frontal_Inf_Tri_R,Cingulum_Post_L,0.0,0.0,0.0,0.84
3138,31,70,32,71,0.03170424201244115,0.03584975358646961,0.026005554543700328,1197,Cingulum_Ant_R,Caudate_L,0.0,0.0,0.0,0.86
6180,84,91,85,92,0.031340251901817905,0.03577073974742719,0.024728507031981997,1198,Temporal_Mid_L,Cerebelum_Crus1_R,0.0,0.0,0.0,0.88
1636,15,32,16,33,0.03575740104967037,0.03575740104967037,0.030337048519128017,1199,Frontal_Inf_Orb_R,Cingulum_Mid_L,0.0,0.0,0.0,1.0
1637,15,33,16,34,0.035737096219236854,0.035737096219236854,0.03191509823746734,1200,Frontal_Inf_Orb_R,Cingulum_Mid_R,0.0,0.0,0.0,1.0
3201,32,50,33,51,0.035735032225526514,0.035735032225526514,0.033171514883249445,1201,Cingulum_Mid_L,Occipital_Mid_L,0.0,0.0,0.0,1.0
3333,33,100,34,101,-0.031588426416594054,0.03570019956446658,0.022155246564678648,1202,Cingulum_Mid_R,Cerebelum_7b_L,0.0,0.0,0.0,0.84
5335,63,107,64,108,-0.015801792271985714,0.03569148992306516,0.023281011717986057,1203,SupraMarginal_R,Cerebelum_10_R,0.0,0.0,0.0,0.84
3174,31,106,32,107,-0.025417276281394664,0.035587001825657064,0.01544979478233902,1204,Cingulum_Ant_R,Cerebelum_10_L,0.0,0.0,0.0,0.68
5370,64,91,65,92,0.010511334401222183,0.03557581109365298,0.03117785442069729,1205,Angular_L,Cerebelum_Crus1_R,0.0,0.0,0.0,0.68
3653,37,102,38,103,-0.03556527434786029,0.035571785459954805,0.02350480349928013,1206,Hippocampus_R,Cerebelum_8_L,0.0,0.0,0.0,0.98
5579,68,106,69,107,-0.03553267276537171,0.03556049715152097,0.02019185002042118,1207,Paracentral_Lobule_L,Cerebelum_10_L,0.0,0.0,0.0,0.98
6160,83,102,84,103,0.03407745117669642,0.03554866842066666,0.01622244370386111,1208,Temporal_Pole_Sup_R,Cerebelum_8_L,0.0,0.0,0.0,0.92
3306,33,73,34,74,0.03490521477575007,0.03553395992976892,0.022174289411918083,1209,Cingulum_Mid_R,Putamen_R,0.0,0.0,0.0,0.98
5372,64,93,65,94,-0.00551459157283944,0.03553214039734302,0.01623737586563498,1210,Angular_L,Cerebelum_Crus2_R,0.0,0.0,0.0,0.58
5698,71,90,72,91,-0.019907361329573915,0.03552266766363853,0.022213072810815065,1211,Caudate_R,Cerebelum_Crus1_L,0.0,0.0,0.0,0.78
5805,73,112,74,113,-0.035519377809346026,0.035519377809346026,0.030954125041219055,1212,Putamen_R,Vermis_7,0.0,0.0,0.0,1.0
6529,98,111,99,112,-0.035516780910989074,0.035516780910989074,0.027806810207708782,1213,Cerebelum_6_L,Vermis_6,0.0,0.0,0.0,1.0
2640,25,91,26,92,0.03346949039879385,0.035499320850509865,0.014827083472748099,1214,Frontal_Med_Orb_R,Cerebelum_Crus1_R,0.0,0.0,0.0,0.86
5311,63,83,64,84,0.03257295582029631,0.03549367777674001,0.02747596883805517,1215,SupraMarginal_R,Temporal_Pole_Sup_R,0.0,0.0,0.0,0.92
3131,31,63,32,64,-0.021409373871646237,0.03547392173770621,0.014022860588886053,1216,Cingulum_Ant_R,SupraMarginal_R,0.0,0.0,0.0,0.62
953,8,70,9,71,0.035036931012160696,0.03541468598708767,0.02041800802628757,1217,Frontal_Mid_Orb_L,Caudate_L,0.0,0.0,0.0,0.94
1049,9,60,10,61,-0.0223137767687995,0.035408543958009416,0.015324497765006023,1218,Frontal_Mid_Orb_R,Parietal_Inf_L,0.0,0.0,0.0,0.66
2344,22,68,23,69,-0.035405248206256505,0.035405248206256505,0.033932623921383416,1219,Frontal_Sup_Medial_L,Paracentral_Lobule_L,0.0,0.0,0.0,1.0
5602,69,83,70,84,0.03533622031414307,0.03533622031414307,0.023225247224697022,1220,Paracentral_Lobule_R,Temporal_Pole_Sup_R,0.0,0.0,0.0,1.0
3328,33,95,34,96,0.03519459064510936,0.035326791621069546,0.024173620496580294,1221,Cingulum_Mid_R,Cerebelum_3_R,0.0,0.0,0.0,0.98
6488,96,105,97,106,-0.03531947904135035,0.03531947904135035,0.02616396405071042,1222,Cerebelum_4_5_L,Cerebelum_9_R,0.0,0.0,0.0,1.0
3659,37,108,38,109,-0.035262767729022426,0.035262767729022426,0.03444953880377988,1223,Hippocampus_R,Vermis_1_2,0.0,0.0,0.0,1.0
1471,13,68,14,69,0.0348963079150714,0.03521561823487701,0.026504260519725542,1224,Frontal_Inf_Tri_R,Paracentral_Lobule_L,0.0,0.0,0.0,0.92
5600,69,81,70,82,0.033626974599366734,0.035198197493928225,0.017866973086678,1225,Paracentral_Lobule_R,Temporal_Sup_R,0.0,0.0,0.0,0.96
1632,15,28,16,29,0.03519691838146961,0.03519691838146961,0.022698737975403983,1226,Frontal_Inf_Orb_R,Insula_L,0.0,0.0,0.0,1.0
6383,91,105,92,106,0.03208375818065776,0.03518589897796339,0.01448886667380786,1227,Cerebelum_Crus1_R,Cerebelum_9_R,0.0,0.0,0.0,0.84
2913,28,100,29,101,-0.03375521093802905,0.03516469224766279,0.013433709538576272,1228,Insula_L,Cerebelum_7b_L,0.0,0.0,0.0,0.9
4903,56,60,57,61,-0.034898574669439,0.03516307199447793,0.02350253798611305,1229,Postcentral_L,Parietal_Inf_L,0.0,0.0,0.0,0.94
6641,107,115,108,116,0.03325337486057501,0.03516220733137299,0.016725809308423135,1230,Cerebelum_10_R,Vermis_10,0.0,0.0,0.0,0.9
5313,63,85,64,86,-0.01588927672499839,0.03514737277825188,0.019919404666522814,1231,SupraMarginal_R,Temporal_Mid_R,0.0,0.0,0.0,0.62
1081,9,92,10,93,0.02712665596185154,0.035131676488650766,0.020579221137965044,1232,Frontal_Mid_Orb_R,Cerebelum_Crus2_L,0.0,0.0,0.0,0.72
4883,55,99,56,100,0.03512094216975717,0.03512094216975717,0.02943890671502012,1233,Fusiform_R,Cerebelum_6_R,0.0,0.0,0.0,1.0
2910,28,97,29,98,-0.03506149233357125,0.03506149233357125,0.019598757991379653,1234,Insula_L,Cerebelum_4_5_R,0.0,0.0,0.0,1.0
6345,90,91,91,92,0.022895990770659132,0.03502943610587265,0.01585409861590119,1235,Cerebelum_Crus1_L,Cerebelum_Crus1_R,0.0,0.0,0.0,0.7
2436,23,68,24,69,-0.035020748561565666,0.035020748561565666,0.03384931495562063,1236,Frontal_Sup_Medial_R,Paracentral_Lobule_L,0.0,0.0,0.0,1.0
6554,100,105,101,106,-0.03365582156275277,0.034983988047935524,0.022663382329760666,1237,Cerebelum_7b_L,Cerebelum_9_R,0.0,0.0,0.0,0.9
5948,77,97,78,98,-0.033295452754443795,0.034977564357931035,0.01775308118327673,1238,Thalamus_R,Cerebelum_4_5_R,0.0,0.0,0.0,0.84
2071,19,77,20,78,0.032308901844956515,0.034961880496136535,0.01844647051118048,1239,Supp_Motor_Area_R,Thalamus_R,0.0,0.0,0.0,0.82
2971,29,72,30,73,0.03288791226071537,0.034955224474931025,0.019873454207111306,1240,Insula_R,Putamen_L,0.0,0.0,0.0,0.94
4682,52,81,53,82,0.03493511196490861,0.03493511196490861,0.024840704767060844,1241,Occipital_Inf_L,Temporal_Sup_R,0.0,0.0,0.0,1.0
92,0,93,1,94,0.03493281092943419,0.03493281092943419,0.03464632201591288,1242,Precentral_L,Cerebelum_Crus2_R,0.0,0.0,0.0,1.0
5644,70,80,71,81,0.03214245285833339,0.03492647008340909,0.023725671321030522,1243,Caudate_L,Temporal_Sup_L,0.0,0.0,0.0,0.88
1102,9,113,10,114,-0.03491638904817801,0.03491638904817801,0.030646625136099566,1244,Frontal_Mid_Orb_R,Vermis_8,0.0,0.0,0.0,1.0
6269,87,93,88,94,0.033572988100571056,0.034912507347081206,0.014798855266115876,1245,Temporal_Pole_Mid_R,Cerebelum_Crus2_R,0.0,0.0,0.0,0.88
5312,63,84,64,85,-0.013927503216153183,0.0349013434783303,0.019921302731378016,1246,SupraMarginal_R,Temporal_Mid_L,0.0,0.0,0.0,0.54
1284,11,86,12,87,-0.0207107447031875,0.03489884987292971,0.02264304104187391,1247,Frontal_Inf_Oper_R,Temporal_Pole_Mid_L,0.0,0.0,0.0,0.68
2078,19,84,20,85,0.03131783956135991,0.03488942839593151,0.025891569645283954,1248,Supp_Motor_Area_R,Temporal_Mid_L,0.0,0.0,0.0,0.92
83,0,84,1,85,0.03475622936677099,0.03488917824457274,0.018925643123361004,1249,Precentral_L,Temporal_Mid_L,0.0,0.0,0.0,0.98
1220,11,22,12,23,-0.03398211085504692,0.034873708786302686,0.02095842123397626,1250,Frontal_Inf_Oper_R,Frontal_Sup_Medial_L,0.0,0.0,0.0,0.94
1303,11,105,12,106,-0.03388088628789136,0.03487095553849383,0.020617769889084647,1251,Frontal_Inf_Oper_R,Cerebelum_9_R,0.0,0.0,0.0,0.88
6019,79,95,80,96,-0.034864576466985556,0.03487043924443235,0.027787589564966318,1252,Heschl_R,Cerebelum_3_R,0.0,0.0,0.0,0.98
3511,36,38,37,39,0.03419843356886515,0.034864045370516315,0.025675382575186312,1253,Hippocampus_L,ParaHippocampal_L,0.0,0.0,0.0,0.88
5796,73,103,74,104,-0.03349763900971728,0.034853124242216045,0.02077995733111525,1254,Putamen_R,Cerebelum_8_R,0.0,0.0,0.0,0.9
2448,23,80,24,81,-0.03468560802459749,0.03484504088503967,0.018181698111023756,1255,Frontal_Sup_Medial_R,Temporal_Sup_L,0.0,0.0,0.0,0.96
5989,78,101,79,102,0.03484355699780568,0.03484355699780568,0.02898380576534537,1256,Heschl_L,Cerebelum_7b_R,0.0,0.0,0.0,1.0
5612,69,93,70,94,0.03479561743795725,0.03484311227020697,0.02104172479105655,1257,Paracentral_Lobule_R,Cerebelum_Crus2_R,0.0,0.0,0.0,0.98
3805,39,101,40,102,-0.032581953714898165,0.03484144203401432,0.012752727300768082,1258,ParaHippocampal_R,Cerebelum_7b_R,0.0,0.0,0.0,0.82
5137,60,68,61,69,-0.03463111347619386,0.03483414447288685,0.02372234288204686,1259,Parietal_Inf_L,Paracentral_Lobule_L,0.0,0.0,0.0,0.98
6254,86,106,87,107,-0.012430153393877447,0.034829055274367256,0.021005548352230716,1260,Temporal_Pole_Mid_L,Cerebelum_10_L,0.0,0.0,0.0,0.66
5865,75,91,76,92,-0.03246307279581313,0.03482247497252435,0.017660801625925156,1261,Pallidum_R,Cerebelum_Crus1_R,0.0,0.0,0.0,0.9
1392,12,91,13,92,0.0044806103142992285,0.03474128709178679,0.020630096571469452,1262,Frontal_Inf_Tri_L,Cerebelum_Crus1_R,0.0,0.0,0.0,0.62
1065,9,76,10,77,-0.025562988828836307,0.034736795600579976,0.013414277951973419,1263,Frontal_Mid_Orb_R,Thalamus_L,0.0,0.0,0.0,0.68
972,8,89,9,90,0.031134875329442396,0.034728425930651924,0.02667283339980004,1264,Frontal_Mid_Orb_L,Temporal_Inf_R,0.0,0.0,0.0,0.9
1310,11,112,12,113,-0.034435495119401874,0.0347196672996385,0.02398852127666095,1265,Frontal_Inf_Oper_R,Vermis_7,0.0,0.0,0.0,0.96
3958,41,105,42,106,-0.034711316537906135,0.034711316537906135,0.028863230769955603,1266,Amygdala_R,Cerebelum_9_R,0.0,0.0,0.0,1.0
2757,27,31,28,32,0.031428438469577366,0.03469884798410387,0.020369729910189045,1267,Rectus_R,Cingulum_Ant_R,0.0,0.0,0.0,0.9
947,8,64,9,65,-0.01583924312416722,0.03469188798566559,0.02600650984669764,1268,Frontal_Mid_Orb_L,Angular_L,0.0,0.0,0.0,0.5
5925,76,112,77,113,-0.034675605964425496,0.034675605964425496,0.02808711621655567,1269,Thalamus_L,Vermis_7,0.0,0.0,0.0,1.0
6029,79,105,80,106,0.03467161086131898,0.03467161086131898,0.03560266962389057,1270,Heschl_R,Cerebelum_9_R,0.0,0.0,0.0,1.0
3474,35,80,36,81,-0.03463978536845758,0.03463978536845758,0.028695718298121918,1271,Cingulum_Post_R,Temporal_Sup_L,0.0,0.0,0.0,1.0
3398,34,84,35,85,-0.033607122678170266,0.03461222398111695,0.025938546772863242,1272,Cingulum_Post_L,Temporal_Mid_L,0.0,0.0,0.0,0.98
6424,93,101,94,102,0.024381404317617695,0.03460891639455465,0.026817663996170103,1273,Cerebelum_Crus2_R,Cerebelum_7b_R,0.0,0.0,0.0,0.88
3804,39,100,40,101,-0.032988276590694074,0.03459350288180398,0.012126921109498326,1274,ParaHippocampal_R,Cerebelum_7b_L,0.0,0.0,0.0,0.82
6179,84,90,85,91,-0.025276277659918286,0.0345872513228377,0.023419716331972616,1275,Temporal_Mid_L,Cerebelum_Crus1_L,0.0,0.0,0.0,0.86
1292,11,94,12,95,0.026432062474801454,0.03455732164092495,0.016101846881313633,1276,Frontal_Inf_Oper_R,Cerebelum_3_L,0.0,0.0,0.0,0.86
5990,78,102,79,103,0.03455130900938159,0.03455130900938159,0.02995027466836741,1277,Heschl_L,Cerebelum_8_L,0.0,0.0,0.0,1.0
1963,18,65,19,66,0.03452535505667235,0.03452535505667235,0.03306656832654635,1278,Supp_Motor_Area_L,Angular_R,0.0,0.0,0.04,1.0
6099,81,106,82,107,-0.02476636498776776,0.034522450848186205,0.0265978607537475,1279,Temporal_Sup_R,Cerebelum_10_L,0.0,0.0,0.0,0.88
674,5,115,6,116,-0.0345036885493201,0.0345036885493201,0.034712219398229514,1280,Frontal_Sup_Orb_R,Vermis_10,0.0,0.0,0.0,1.0
5702,71,94,72,95,0.032280823204527735,0.03446570920838054,0.014207390542341448,1281,Caudate_R,Cerebelum_3_L,0.0,0.0,0.0,0.92
3839,40,60,41,61,-0.03445129122402333,0.03445129122402333,0.023305153362085586,1282,Amygdala_L,Parietal_Inf_L,0.0,0.0,0.0,1.0
6490,96,107,97,108,-0.0333903818176176,0.03443657112483826,0.019868106820312155,1283,Cerebelum_4_5_L,Cerebelum_10_R,0.0,0.0,0.0,0.9
71,0,72,1,73,-0.034393049197337835,0.034393049197337835,0.032390388576371394,1284,Precentral_L,Putamen_L,0.0,0.0,0.0,1.0
1268,11,70,12,71,0.009015627336741579,0.03437598698702089,0.020103485330248985,1285,Frontal_Inf_Oper_R,Caudate_L,0.0,0.0,0.0,0.58
6009,79,85,80,86,0.03437225723230612,0.03437225723230612,0.02968618428114102,1286,Heschl_R,Temporal_Mid_R,0.0,0.0,0.0,1.0
4505,49,96,50,97,-0.034323667259782704,0.034323667259782704,0.03346864017170749,1287,Occipital_Sup_R,Cerebelum_4_5_L,0.0,0.0,0.0,1.0
639,5,80,6,81,0.027739210144980646,0.034320989265533376,0.015255069961802661,1288,Frontal_Sup_Orb_R,Temporal_Sup_L,0.0,0.0,0.0,0.72
3230,32,79,33,80,0.034300456194239264,0.034300456194239264,0.03293393120985042,1289,Cingulum_Mid_L,Heschl_R,0.0,0.0,0.0,1.0
5625,69,106,70,107,-0.03381060027738311,0.034292300962348046,0.016973056176324018,1290,Paracentral_Lobule_R,Cerebelum_10_L,0.0,0.0,0.0,0.96
1983,18,85,19,86,0.03420991106081081,0.0342892951423361,0.020464981497129324,1291,Supp_Motor_Area_L,Temporal_Mid_R,0.0,0.0,0.0,0.98
5933,77,82,78,83,-0.028196799047596987,0.0342842475028767,0.013187193796647964,1292,Thalamus_R,Temporal_Pole_Sup_L,0.0,0.0,0.0,0.68
3699,38,71,39,72,0.0342647788598891,0.03426769177271165,0.02220694421098137,1293,ParaHippocampal_L,Caudate_R,0.0,0.0,0.0,0.98
6538,99,104,100,105,0.031159257598742073,0.03425263072684613,0.023847166822948837,1294,Cerebelum_6_R,Cerebelum_9_L,0.0,0.0,0.0,0.96
914,8,31,9,32,0.03341971511391928,0.03424845020635031,0.01697935730942854,1295,Frontal_Mid_Orb_L,Cingulum_Ant_R,0.0,0.0,0.0,0.9
960,8,77,9,78,0.03276801392497888,0.034248400678970746,0.021505584162764844,1296,Frontal_Mid_Orb_L,Thalamus_R,0.0,0.0,0.0,0.96
6106,81,113,82,114,0.03407219385058959,0.03422975476417043,0.02966035226457783,1297,Temporal_Sup_R,Vermis_8,0.0,0.0,0.0,0.98
2801,27,75,28,76,-0.032451119952307816,0.03420842182689693,0.017337425168132456,1298,Rectus_R,Pallidum_R,0.0,0.0,0.0,0.9
1391,12,90,13,91,-0.01891006085665878,0.03419530042321261,0.023248644414273444,1299,Frontal_Inf_Tri_L,Cerebelum_Crus1_L,0.0,0.0,0.0,0.86
2109,19,115,20,116,-0.0341913418497437,0.0341913418497437,0.0317461555623553,1300,Supp_Motor_Area_R,Vermis_10,0.0,0.0,0.0,1.0
5530,67,104,68,105,0.03418695130947738,0.03418695130947738,0.034814980687902675,1301,Precuneus_R,Cerebelum_9_L,0.0,0.0,0.0,1.0
573,5,14,6,15,0.025926219834119732,0.034132727981688066,0.018116618900353723,1302,Frontal_Sup_Orb_R,Frontal_Inf_Orb_L,0.0,0.0,0.0,0.58
5405,65,76,66,77,0.03411963340811165,0.03411963340811165,0.028923829017828806,1303,Angular_R,Thalamus_L,0.0,0.02,0.1,1.0
5060,58,102,59,103,-0.033944390225400994,0.034081044681245155,0.02707246232975643,1304,Parietal_Sup_L,Cerebelum_8_L,0.06,0.16,0.26,0.96
6294,88,91,89,92,-0.02802789723415584,0.03407829716375024,0.028615425157011282,1305,Temporal_Inf_L,Cerebelum_Crus1_R,0.0,0.0,0.0,0.68
6429,93,106,94,107,-0.027910486198756287,0.034072794500652204,0.022982645495712488,1306,Cerebelum_Crus2_R,Cerebelum_10_L,0.0,0.0,0.0,0.9
2908,28,95,29,96,-0.029686641542325733,0.03402246328869836,0.019581287063550584,1307,Insula_L,Cerebelum_3_R,0.0,0.0,0.0,0.92
1273,11,75,12,76,-0.031201370455593954,0.03401986402856258,0.023196755481287128,1308,Frontal_Inf_Oper_R,Pallidum_R,0.0,0.0,0.0,0.94
3214,32,63,33,64,0.02299283840946288,0.03401711407806379,0.017797874192993682,1309,Cingulum_Mid_L,SupraMarginal_R,0.0,0.0,0.0,0.74
3704,38,76,39,77,0.02362810460124417,0.03400511931904924,0.01781312869580725,1310,ParaHippocampal_L,Thalamus_L,0.0,0.0,0.0,0.68
1100,9,111,10,112,-0.034002889891605895,0.034002889891605895,0.028758616654818235,1311,Frontal_Mid_Orb_R,Vermis_6,0.0,0.0,0.0,1.0
3548,36,75,37,76,-0.032548613724372275,0.03398806742299916,0.02580298299066082,1312,Hippocampus_L,Pallidum_R,0.0,0.0,0.0,0.96
5383,64,104,65,105,0.024569889143869088,0.033986918146960685,0.021310782759820415,1313,Angular_L,Cerebelum_9_L,0.0,0.0,0.0,0.8
6434,93,111,94,112,-0.0339809270187031,0.0339809270187031,0.030258490417876434,1314,Cerebelum_Crus2_R,Vermis_6,0.0,0.0,0.0,1.0
1293,11,95,12,96,0.021003877781839608,0.033968773116253195,0.015329885943915654,1315,Frontal_Inf_Oper_R,Cerebelum_3_R,0.0,0.0,0.0,0.6
5325,63,97,64,98,-0.03396647704420989,0.03396647704420989,0.025065784584854717,1316,SupraMarginal_R,Cerebelum_4_5_R,0.0,0.0,0.0,1.0
2560,24,101,25,102,-0.03219931699583709,0.033958826111734515,0.018646302231116147,1317,Frontal_Med_Orb_L,Cerebelum_7b_R,0.0,0.0,0.0,0.78
1212,11,14,12,15,-0.027242033489325204,0.03392340411101736,0.016628071653135068,1318,Frontal_Inf_Oper_R,Frontal_Inf_Orb_L,0.0,0.0,0.0,0.82
6633,106,115,107,116,0.032978722010049,0.03390086870397539,0.024813078177606276,1319,Cerebelum_10_L,Vermis_10,0.0,0.0,0.0,0.94
5637,70,73,71,74,-0.024455702117391124,0.03386469117531425,0.0067649070925071015,1320,Caudate_L,Putamen_R,0.0,0.0,0.0,0.52
902,8,19,9,20,0.029481666103830836,0.03385689108681803,0.022335173233389183,1321,Frontal_Mid_Orb_L,Supp_Motor_Area_R,0.0,0.0,0.0,0.96
1016,9,27,10,28,0.03298354175663473,0.033843390053703834,0.014941095389493033,1322,Frontal_Mid_Orb_R,Rectus_R,0.0,0.0,0.0,0.88
461,4,12,5,13,0.0315146623958114,0.033840209670434586,0.017663206915281136,1323,Frontal_Sup_Orb_L,Frontal_Inf_Tri_L,0.0,0.0,0.02,0.84
3299,33,66,34,67,0.0338353987862684,0.0338353987862684,0.023606171666098543,1324,Cingulum_Mid_R,Precuneus_L,0.0,0.0,0.0,1.0
4690,52,89,53,90,0.033821017673184,0.033821017673184,0.03096571291614731,1325,Occipital_Inf_L,Temporal_Inf_R,0.0,0.0,0.0,1.0
2939,29,40,30,41,-0.03381899028432845,0.03381899028432845,0.029730496539821433,1326,Insula_R,Amygdala_L,0.0,0.0,0.0,1.0
5649,70,85,71,86,-0.031320827645344836,0.03380440527290856,0.01466614740391024,1327,Caudate_L,Temporal_Mid_R,0.0,0.0,0.0,0.84
6578,101,115,102,116,-0.033658680698240906,0.03376814724124702,0.020728482399759125,1328,Cerebelum_7b_R,Vermis_10,0.0,0.0,0.0,0.98
5425,65,96,66,97,0.03375206489677416,0.03375206489677416,0.03331006031328691,1329,Angular_R,Cerebelum_4_5_L,0.0,0.0,0.0,1.0
6439,94,95,95,96,0.027745702014149106,0.03374565413957433,0.014826537565985362,1330,Cerebelum_3_L,Cerebelum_3_R,0.0,0.0,0.0,0.84
5894,76,81,77,82,-0.025220215125682285,0.0337320567108826,0.021516371387746237,1331,Thalamus_L,Temporal_Sup_R,0.0,0.0,0.0,0.78
3236,32,85,33,86,0.03063232260058424,0.03371648054605764,0.027467406510513725,1332,Cingulum_Mid_L,Temporal_Mid_R,0.0,0.0,0.0,0.9
4511,49,102,50,103,-0.033697000108142874,0.033697000108142874,0.02881487045783292,1333,Occipital_Sup_R,Cerebelum_8_L,0.0,0.0,0.0,1.0
2641,25,92,26,93,-0.03255366532434222,0.03368060285804044,0.02108749024822932,1334,Frontal_Med_Orb_R,Cerebelum_Crus2_L,0.0,0.0,0.0,0.92
6536,99,102,100,103,-0.015224865411270381,0.0336710131400143,0.017469697374915126,1335,Cerebelum_6_R,Cerebelum_8_L,0.0,0.0,0.0,0.78
4,0,5,1,6,-0.03366816023004486,0.03366816023004486,0.024570402659341267,1336,Precentral_L,Frontal_Sup_Orb_R,0.0,0.0,0.0,1.0
5402,65,73,66,74,0.03364889666842091,0.03364889666842091,0.030207276860290316,1337,Angular_R,Putamen_R,0.0,0.0,0.04,1.0
3533,36,60,37,61,0.02482718389137468,0.03362769479344023,0.02425950724908549,1338,Hippocampus_L,Parietal_Inf_L,0.0,0.0,0.0,0.86
6098,81,105,82,106,0.030181719594447022,0.03362595417737965,0.024952278714089865,1339,Temporal_Sup_R,Cerebelum_9_R,0.0,0.0,0.0,0.92
2558,24,99,25,100,0.02751967057641111,0.033625738125641194,0.0235571520406565,1340,Frontal_Med_Orb_L,Cerebelum_6_R,0.0,0.0,0.0,0.88
194,1,81,2,82,0.0331559870706936,0.0336199067313421,0.02228492653015622,1341,Precentral_R,Temporal_Sup_R,0.0,0.0,0.0,0.98
3152,31,84,32,85,-0.02920495863105776,0.03360550729285871,0.022995035771195105,1342,Cingulum_Ant_R,Temporal_Mid_L,0.0,0.0,0.0,0.82
837,7,61,8,62,0.03104604138163657,0.03357335479319781,0.009948999865552153,1343,Frontal_Mid_R,Parietal_Inf_R,0.26,0.3,0.32,0.72
5981,78,93,79,94,0.03330009853587279,0.033544921571971045,0.02288695696026068,1344,Heschl_L,Cerebelum_Crus2_R,0.0,0.0,0.0,0.98
913,8,30,9,31,-0.027208842840105937,0.033524282952533485,0.014375170015928872,1345,Frontal_Mid_Orb_L,Cingulum_Ant_L,0.0,0.0,0.0,0.78
4537,50,63,51,64,0.033503771756510675,0.033503771756510675,0.0238980028415118,1346,Occipital_Mid_L,SupraMarginal_R,0.0,0.0,0.0,1.0
6255,86,107,87,108,0.026079642152049064,0.03349461119318602,0.022583492989559736,1347,Temporal_Pole_Mid_L,Cerebelum_10_R,0.0,0.0,0.0,0.72
3494,35,100,36,101,0.03311583552779958,0.033480686208176375,0.02202663813631251,1348,Cingulum_Post_R,Cerebelum_7b_L,0.0,0.0,0.0,0.94
3771,39,67,40,68,0.03343180807461623,0.0334785639383288,0.0343711100081748,1349,ParaHippocampal_R,Precuneus_R,0.0,0.0,0.0,0.98
1477,13,74,14,75,-0.03120219466311585,0.033454407944690207,0.018821254974452188,1350,Frontal_Inf_Tri_R,Pallidum_L,0.0,0.0,0.0,0.84
6114,82,88,83,89,-0.0305153032028121,0.03345167644265029,0.015825685177436752,1351,Temporal_Pole_Sup_L,Temporal_Inf_L,0.0,0.0,0.0,0.84
6053,80,94,81,95,-0.02954677541358208,0.03345094403834051,0.013403409407221177,1352,Temporal_Sup_L,Cerebelum_3_L,0.0,0.0,0.0,0.7
5851,75,77,76,78,-0.030685515174342207,0.03344099814344201,0.024007018830726118,1353,Pallidum_R,Thalamus_R,0.0,0.0,0.0,0.92
2734,26,96,27,97,-0.032092025228084235,0.033419281607611005,0.016390082574389106,1354,Rectus_L,Cerebelum_4_5_L,0.0,0.0,0.0,0.94
2870,28,57,29,58,-0.03340687954787904,0.03340687954787904,0.03266500346581438,1355,Insula_L,Postcentral_R,0.0,0.0,0.0,1.0
593,5,34,6,35,-0.03187794314534938,0.033403131874289976,0.02697754061957923,1356,Frontal_Sup_Orb_R,Cingulum_Post_L,0.0,0.0,0.0,0.96
6385,91,107,92,108,0.026720866401354532,0.03336369728728547,0.022165266361561367,1357,Cerebelum_Crus1_R,Cerebelum_10_R,0.0,0.0,0.0,0.86
3615,37,64,38,65,0.018430376627135637,0.03335157608051928,0.013506185368702408,1358,Hippocampus_R,Angular_L,0.0,0.0,0.0,0.58
952,8,69,9,70,0.03334281384284249,0.03334281384284249,0.023644340830402157,1359,Frontal_Mid_Orb_L,Paracentral_Lobule_R,0.0,0.0,0.0,1.0
1780,16,77,17,78,0.033306873604364844,0.033306873604364844,0.027733876910054408,1360,Rolandic_Oper_L,Thalamus_R,0.0,0.0,0.0,1.0
3034,30,50,31,51,0.03327847468878108,0.03329111355616146,0.030807771332145295,1361,Cingulum_Ant_L,Occipital_Mid_L,0.0,0.0,0.0,0.98
5409,65,80,66,81,0.03318287347275944,0.03318287347275944,0.03172217980705276,1362,Angular_R,Temporal_Sup_L,0.0,0.0,0.1,1.0
2532,24,73,25,74,0.03310315492442136,0.03316394104340963,0.0197278290944221,1363,Frontal_Med_Orb_L,Putamen_R,0.0,0.0,0.0,0.98
2554,24,95,25,96,-0.03298184454071379,0.03315972162627271,0.024143531942936322,1364,Frontal_Med_Orb_L,Cerebelum_3_R,0.0,0.0,0.0,0.94
523,4,74,5,75,-0.029129545840083003,0.033158002688344256,0.01442675147939268,1365,Frontal_Sup_Orb_L,Pallidum_L,0.0,0.0,0.0,0.82
6265,87,89,88,90,-0.0314875127285817,0.03315548238987165,0.021034962106710832,1366,Temporal_Pole_Mid_R,Temporal_Inf_R,0.0,0.0,0.0,0.96
5424,65,95,66,96,0.03315535026934102,0.03315535026934102,0.03129361198146653,1367,Angular_R,Cerebelum_3_R,0.0,0.0,0.04,1.0
2843,28,30,29,31,0.02792100714215691,0.03313030412398319,0.020877708795355557,1368,Insula_L,Cingulum_Ant_L,0.0,0.0,0.0,0.92
2576,25,27,26,28,-0.033081164909510324,0.03312974903509156,0.023533769158950675,1369,Frontal_Med_Orb_R,Rectus_R,0.0,0.0,0.0,0.98
636,5,77,6,78,-0.029327651388429216,0.033102213015693695,0.018458319352248613,1370,Frontal_Sup_Orb_R,Thalamus_R,0.0,0.0,0.0,0.74
5659,70,95,71,96,-0.030136926793145342,0.03307115775760268,0.01861099981966987,1371,Caudate_L,Cerebelum_3_R,0.0,0.0,0.0,0.9
6086,81,93,82,94,-0.028979056945717972,0.03306098158251784,0.01971638808197481,1372,Temporal_Sup_R,Cerebelum_Crus2_R,0.0,0.0,0.0,0.82
2754,27,28,28,29,0.03233876570286045,0.0330129914588531,0.012099717559310556,1373,Rectus_R,Insula_L,0.0,0.0,0.0,0.92
5457,66,79,67,80,0.03300256712349015,0.03300256712349015,0.030760707518806003,1374,Precuneus_L,Heschl_R,0.0,0.0,0.0,1.0
5445,66,67,67,68,0.032571666620717275,0.032983379645123365,0.03107465951665577,1375,Precuneus_L,Precuneus_R,0.0,0.0,0.0,0.94
1512,13,109,14,110,-0.03297441615455204,0.03297441615455204,0.028734675281797368,1376,Frontal_Inf_Tri_R,Vermis_3,0.0,0.0,0.0,1.0
4961,57,60,58,61,-0.031656463130504534,0.03296653119736625,0.01973244390535367,1377,Postcentral_R,Parietal_Inf_L,0.0,0.0,0.0,0.88
962,8,79,9,80,0.03296367178455239,0.03296367178455239,0.03377430116654541,1378,Frontal_Mid_Orb_L,Heschl_R,0.0,0.0,0.0,1.0
2617,25,68,26,69,-0.032950218378149355,0.032950218378149355,0.027973509698555304,1379,Frontal_Med_Orb_R,Paracentral_Lobule_L,0.0,0.0,0.0,1.0
6296,88,93,89,94,0.026085615765905644,0.03294990190315793,0.022201444859718263,1380,Temporal_Inf_L,Cerebelum_Crus2_R,0.0,0.0,0.0,0.86
184,1,71,2,72,0.03293637661148788,0.03293637661148788,0.027918739676544735,1381,Precentral_R,Caudate_R,0.0,0.0,0.0,1.0
6320,89,91,90,92,0.03244125594081427,0.03293182716023061,0.021971507773400754,1382,Temporal_Inf_R,Cerebelum_Crus1_R,0.0,0.0,0.0,0.96
3789,39,85,40,86,0.03267103867065767,0.032930930903671725,0.02398307184606489,1383,ParaHippocampal_R,Temporal_Mid_R,0.0,0.0,0.0,0.98
5795,73,102,74,103,-0.0294340823996429,0.03291747849333909,0.013542266488095367,1384,Putamen_R,Cerebelum_8_L,0.0,0.0,0.0,0.8
5648,70,84,71,85,-0.03109892449480354,0.03290326589335971,0.014833986369078008,1385,Caudate_L,Temporal_Mid_L,0.0,0.0,0.0,0.88
1255,11,57,12,58,-0.03125840360975539,0.03284911056501233,0.01900701692461771,1386,Frontal_Inf_Oper_R,Postcentral_R,0.0,0.0,0.0,0.84
1440,13,37,14,38,-0.03203061819091469,0.032846257381265793,0.025046650422137513,1387,Frontal_Inf_Tri_R,Hippocampus_R,0.0,0.0,0.0,0.88
1864,17,63,18,64,-0.02857201813453516,0.032843451345691325,0.009031409007735844,1388,Rolandic_Oper_R,SupraMarginal_R,0.0,0.0,0.0,0.62
6614,104,115,105,116,0.03282418663527384,0.0328261427104534,0.02118363989796622,1389,Cerebelum_9_L,Vermis_10,0.0,0.0,0.0,0.98
5909,76,96,77,97,-0.03277707899505071,0.03282346900990134,0.015782188308669988,1390,Thalamus_L,Cerebelum_4_5_L,0.0,0.0,0.0,0.98
6202,84,113,85,114,0.03280863511863421,0.03280863511863421,0.030730461041265176,1391,Temporal_Mid_L,Vermis_8,0.0,0.0,0.0,1.0
5731,72,80,73,81,0.027533581458532592,0.03280273691674469,0.014375878523344422,1392,Putamen_L,Temporal_Sup_L,0.0,0.0,0.0,0.82
4156,44,87,45,88,-0.03280133701349594,0.03280133701349594,0.02700718310260295,1393,Cuneus_L,Temporal_Pole_Mid_R,0.0,0.0,0.0,1.0
2018,19,24,20,25,-0.0326464762117425,0.032795301018658726,0.022781588423393152,1394,Supp_Motor_Area_R,Frontal_Med_Orb_L,0.0,0.0,0.0,0.98
5768,73,75,74,76,-0.023358033781490678,0.03279400142983374,0.021368064817707776,1395,Putamen_R,Pallidum_R,0.0,0.0,0.0,0.82
1704,15,100,16,101,-0.032527902146449926,0.032784395270255715,0.022980835409108512,1396,Frontal_Inf_Orb_R,Cerebelum_7b_L,0.0,0.0,0.0,0.92
1529,14,25,15,26,0.03265472557962592,0.032762537091547334,0.017147673348937742,1397,Frontal_Inf_Orb_L,Frontal_Med_Orb_R,0.0,0.0,0.0,0.94
6542,99,108,100,109,0.03271118613419766,0.03271118613419766,0.037203898284130656,1398,Cerebelum_6_R,Vermis_1_2,0.0,0.0,0.0,1.0
5636,70,72,71,73,-0.026287319769828395,0.032701139338876965,0.010783706627779478,1399,Caudate_L,Putamen_L,0.0,0.0,0.0,0.64
2312,22,36,23,37,-0.03269991122205207,0.03269991122205207,0.021259211287972226,1400,Frontal_Sup_Medial_L,Hippocampus_L,0.0,0.0,0.0,1.0
6124,82,98,83,99,0.030545647264596406,0.03269135323207603,0.020134662405095864,1401,Temporal_Pole_Sup_L,Cerebelum_6_L,0.0,0.0,0.0,0.92
1634,15,30,16,31,0.030834327866569814,0.03268435475782119,0.021255470214305995,1402,Frontal_Inf_Orb_R,Cingulum_Ant_L,0.0,0.0,0.0,0.9
5384,64,105,65,106,-0.016838966374035272,0.032677503936327915,0.021303924832640243,1403,Angular_L,Cerebelum_9_R,0.0,0.0,0.0,0.5
2359,22,83,23,84,-0.03080105564083576,0.032669977081651445,0.02585619225341542,1404,Frontal_Sup_Medial_L,Temporal_Pole_Sup_R,0.0,0.0,0.0,0.9
2873,28,60,29,61,0.011614291509056655,0.032661772712498385,0.0153069070491933,1405,Insula_L,Parietal_Inf_L,0.0,0.0,0.0,0.68
5670,70,106,71,107,-0.028373116146912382,0.0326599761439861,0.014305481846212768,1406,Caudate_L,Cerebelum_10_L,0.0,0.0,0.0,0.88
3621,37,70,38,71,-0.02699950240441243,0.032648023955966866,0.020256168728498763,1407,Hippocampus_R,Caudate_L,0.0,0.0,0.0,0.92
6185,84,96,85,97,0.03117436490871395,0.032632623883883,0.027506738918754853,1408,Temporal_Mid_L,Cerebelum_4_5_L,0.0,0.0,0.0,0.94
2964,29,65,30,66,0.03262968133014501,0.03262968133014501,0.03184431600253433,1409,Insula_R,Angular_R,0.0,0.02,0.08,1.0
2079,19,85,20,86,0.030989555770832317,0.032623303581112324,0.02612436447391384,1410,Supp_Motor_Area_R,Temporal_Mid_R,0.0,0.0,0.0,0.92
1498,13,95,14,96,0.02915815436978819,0.03260159926028745,0.011761453516939253,1411,Frontal_Inf_Tri_R,Cerebelum_3_R,0.0,0.0,0.0,0.7
4784,54,60,55,61,-0.03246956300965426,0.03260043887443683,0.023708733321737452,1412,Fusiform_L,Parietal_Inf_L,0.0,0.0,0.0,0.96
2343,22,67,23,68,-0.03259455644874002,0.03259455644874002,0.02810566427878537,1413,Frontal_Sup_Medial_L,Precuneus_R,0.0,0.0,0.0,1.0
6092,81,99,82,100,-0.008018907259634101,0.03257780290044006,0.017615596905170117,1414,Temporal_Sup_R,Cerebelum_6_R,0.0,0.0,0.0,0.66
2024,19,30,20,31,0.029045875720302178,0.032571169978211995,0.016599030234420636,1415,Supp_Motor_Area_R,Cingulum_Ant_L,0.0,0.0,0.0,0.74
961,8,78,9,79,0.0325467393427373,0.0325467393427373,0.027046233439349837,1416,Frontal_Mid_Orb_L,Heschl_L,0.0,0.0,0.0,1.0
6631,106,113,107,114,-0.03251167207111564,0.03251167207111564,0.026198368454996818,1417,Cerebelum_10_L,Vermis_8,0.0,0.0,0.0,1.0
76,0,77,1,78,0.03158064342916902,0.03249552057880016,0.02694208056370611,1418,Precentral_L,Thalamus_R,0.0,0.0,0.0,0.78
5061,58,103,59,104,-0.03233605896945905,0.03246768530257065,0.02774081511521419,1419,Parietal_Sup_L,Cerebelum_8_R,0.0,0.02,0.08,0.96
1069,9,80,10,81,0.02774830191509145,0.03243984575760413,0.01238931545268087,1420,Frontal_Mid_Orb_R,Temporal_Sup_L,0.0,0.0,0.0,0.84
6210,85,91,86,92,-0.02958319329988459,0.032437816694881286,0.014812297937666285,1421,Temporal_Mid_R,Cerebelum_Crus1_R,0.0,0.0,0.0,0.8
5645,70,81,71,82,-0.03055592798617662,0.03240942676409373,0.01696461777498902,1422,Caudate_L,Temporal_Sup_R,0.0,0.0,0.0,0.84
1430,13,27,14,28,0.03214972510302143,0.03240455980897535,0.024983692791173295,1423,Frontal_Inf_Tri_R,Rectus_R,0.0,0.0,0.0,0.96
5505,67,79,68,80,0.032329832822745465,0.032329832822745465,0.03352183547132955,1424,Precuneus_R,Heschl_R,0.0,0.0,0.0,1.0
631,5,72,6,73,0.026466639047855477,0.032324319113541965,0.018519597878554023,1425,Frontal_Sup_Orb_R,Putamen_L,0.0,0.0,0.0,0.88
2890,28,77,29,78,0.022736692552599188,0.03231666196585942,0.014966502200789041,1426,Insula_L,Thalamus_R,0.0,0.0,0.0,0.78
3382,34,68,35,69,-0.032305648078975964,0.032305648078975964,0.02907051824975386,1427,Cingulum_Post_L,Paracentral_Lobule_L,0.0,0.0,0.0,1.0
291,2,65,3,66,0.03230461280295989,0.03230461280295989,0.026276840188697644,1428,Frontal_Sup_L,Angular_R,0.0,0.02,0.1,1.0
5186,61,63,62,64,-0.031247597498663196,0.03230149901967954,0.018365666317215965,1429,Parietal_Inf_R,SupraMarginal_R,0.14,0.18,0.26,0.8
173,1,60,2,61,0.03005529981392745,0.032298846154204766,0.020968551472637625,1430,Precentral_R,Parietal_Inf_L,0.0,0.0,0.0,0.92
5448,66,70,67,71,-0.03228151886496647,0.03228151886496647,0.020209214973263265,1431,Precuneus_L,Caudate_L,0.0,0.0,0.0,1.0
6551,100,102,101,103,0.01672677575391716,0.032272321092061546,0.02084584607714089,1432,Cerebelum_7b_L,Cerebelum_8_L,0.0,0.0,0.0,0.64
4477,49,68,50,69,-0.03225794498400044,0.03225794498400044,0.031752787144538205,1433,Occipital_Sup_R,Paracentral_Lobule_L,0.0,0.0,0.0,1.0
3485,35,91,36,92,0.031215812471858406,0.032211138415499135,0.015393290457538384,1434,Cingulum_Post_R,Cerebelum_Crus1_R,0.0,0.0,0.0,0.86
3056,30,72,31,73,-0.026775177417632638,0.03218715884162056,0.012973156822226998,1435,Cingulum_Ant_L,Putamen_L,0.0,0.0,0.0,0.66
82,0,83,1,84,0.03217793568883914,0.03217793568883914,0.023269304420855612,1436,Precentral_L,Temporal_Pole_Sup_R,0.0,0.0,0.0,1.0
6504,97,103,98,104,-0.03216086835224826,0.03216086835224826,0.0241025626826277,1437,Cerebelum_4_5_R,Cerebelum_8_R,0.0,0.0,0.0,1.0
5468,66,90,67,91,-0.031799577949572375,0.032135898110719686,0.019157999177690774,1438,Precuneus_L,Cerebelum_Crus1_L,0.0,0.0,0.0,0.98
474,4,25,5,26,0.029727023948330412,0.03213073665621931,0.0126884731914264,1439,Frontal_Sup_Orb_L,Frontal_Med_Orb_R,0.0,0.0,0.0,0.8
3067,30,83,31,84,-0.02602927342049827,0.0321291320845834,0.01686349277426976,1440,Cingulum_Ant_L,Temporal_Pole_Sup_R,0.0,0.0,0.0,0.66
1998,18,100,19,101,-0.029322165913771882,0.03211021552733721,0.02108556328488677,1441,Supp_Motor_Area_L,Cerebelum_7b_L,0.0,0.0,0.0,0.9
3645,37,94,38,95,0.029323877190144943,0.032106603245221806,0.019632029171888256,1442,Hippocampus_R,Cerebelum_3_L,0.0,0.0,0.0,0.9
1376,12,75,13,76,-0.03106604020060879,0.03209739997362882,0.02422421169401922,1443,Frontal_Inf_Tri_L,Pallidum_R,0.0,0.0,0.0,0.92
2850,28,37,29,38,0.03076101434915252,0.032057245085077804,0.028148690479480463,1444,Insula_L,Hippocampus_R,0.0,0.0,0.0,0.98
1096,9,107,10,108,0.026644023693044864,0.03202856367437067,0.017128267363558915,1445,Frontal_Mid_Orb_R,Cerebelum_10_R,0.0,0.0,0.0,0.86
1239,11,41,12,42,0.03199689525205261,0.03199689525205261,0.02297031812504937,1446,Frontal_Inf_Oper_R,Amygdala_R,0.0,0.0,0.0,1.0
1469,13,66,14,67,0.03189382955694255,0.03197963049988692,0.022896185543195568,1447,Frontal_Inf_Tri_R,Precuneus_L,0.0,0.0,0.0,0.98
6082,81,89,82,90,-0.030978767531428798,0.03193091968135093,0.022871145865896406,1448,Temporal_Sup_R,Temporal_Inf_R,0.0,0.0,0.0,0.98
5412,65,83,66,84,0.031917171437947416,0.031917171437947416,0.028653609723897494,1449,Angular_R,Temporal_Pole_Sup_R,0.0,0.04,0.06,1.0
6150,83,92,84,93,-0.027435366671322393,0.03188230302317325,0.018790599087130683,1450,Temporal_Pole_Sup_R,Cerebelum_Crus2_L,0.0,0.0,0.0,0.9
1403,12,102,13,103,-0.02063767630292374,0.03187207167015551,0.027972167323558172,1451,Frontal_Inf_Tri_L,Cerebelum_8_L,0.0,0.0,0.0,0.84
3021,30,37,31,38,0.031151037417305693,0.03187195280513119,0.018058542169344813,1452,Cingulum_Ant_L,Hippocampus_R,0.0,0.0,0.0,0.94
2664,25,115,26,116,0.03185883876155421,0.03185883876155421,0.02359680773687542,1453,Frontal_Med_Orb_R,Vermis_10,0.0,0.0,0.0,1.0
5416,65,87,66,88,0.03185697894789042,0.03185697894789042,0.02807134104526396,1454,Angular_R,Temporal_Pole_Mid_R,0.0,0.0,0.0,1.0
2816,27,90,28,91,-0.027945703912945073,0.031835087683434383,0.02266205835056309,1455,Rectus_R,Cerebelum_Crus1_L,0.0,0.0,0.0,0.94
2493,24,34,25,35,-0.03170261152519994,0.03182049315997592,0.025265549721376054,1456,Frontal_Med_Orb_L,Cingulum_Post_L,0.0,0.0,0.0,0.98
6258,86,110,87,111,0.03180857999235026,0.03180857999235026,0.02965641704289683,1457,Temporal_Pole_Mid_L,Vermis_4_5,0.0,0.0,0.0,1.0
3088,30,104,31,105,0.03069787146225181,0.03179058665471027,0.018076765165507887,1458,Cingulum_Ant_L,Cerebelum_9_L,0.0,0.0,0.0,0.9
2917,28,104,29,105,0.02999585304670971,0.031774037051123895,0.019685272746641818,1459,Insula_L,Cerebelum_9_L,0.0,0.0,0.0,0.96
5622,69,103,70,104,0.031712577285287466,0.031764765205712454,0.024868887482061543,1460,Paracentral_Lobule_R,Cerebelum_8_R,0.0,0.0,0.0,0.98
4826,54,102,55,103,-0.03176302733846152,0.03176302733846152,0.02566399091061186,1461,Fusiform_L,Cerebelum_8_L,0.0,0.0,0.0,1.0
5469,66,91,67,92,-0.03135835192181827,0.03171821469397494,0.025308895905017198,1462,Precuneus_L,Cerebelum_Crus1_R,0.0,0.0,0.0,0.94
906,8,23,9,24,-0.031593326526729894,0.03171298226885618,0.02287173960238166,1463,Frontal_Mid_Orb_L,Frontal_Sup_Medial_R,0.0,0.0,0.0,0.96
980,8,97,9,98,0.03153428374612965,0.03166656003085655,0.01899907787276349,1464,Frontal_Mid_Orb_L,Cerebelum_4_5_R,0.0,0.0,0.0,0.96
1496,13,93,14,94,-0.030802536051276908,0.03165528366065764,0.018343062647550805,1465,Frontal_Inf_Tri_R,Cerebelum_Crus2_R,0.0,0.0,0.0,0.94
1434,13,31,14,32,0.010883462613382609,0.03164852385186731,0.01801617607973421,1466,Frontal_Inf_Tri_R,Cingulum_Ant_R,0.0,0.0,0.0,0.8
1230,11,32,12,33,0.022942413801093794,0.03161720614797702,0.018284742351270963,1467,Frontal_Inf_Oper_R,Cingulum_Mid_L,0.0,0.0,0.0,0.76
187,1,74,2,75,-0.03161100417440535,0.0316147526279365,0.02962432472758641,1468,Precentral_R,Pallidum_L,0.0,0.0,0.0,0.98
4602,51,64,52,65,-0.03149467742509591,0.03160293648305755,0.022359415178901387,1469,Occipital_Mid_R,Angular_L,0.0,0.0,0.0,0.96
5140,60,71,61,72,0.02290043297049376,0.031591818134555014,0.014115288687482904,1470,Parietal_Inf_L,Caudate_R,0.0,0.0,0.0,0.62
3283,33,50,34,51,0.03158460743772562,0.03158460743772562,0.024752500793341677,1471,Cingulum_Mid_R,Occipital_Mid_L,0.0,0.0,0.0,1.0
5617,69,98,70,99,0.0307537413099653,0.03157752730627115,0.0224097940490008,1472,Paracentral_Lobule_R,Cerebelum_6_L,0.0,0.0,0.0,0.94
5018,58,60,59,61,0.028415329896451083,0.03156294683577317,0.009251011620497589,1473,Parietal_Sup_L,Parietal_Inf_L,0.16,0.24,0.28,0.68
1968,18,70,19,71,-0.028737502897199115,0.031562945298166036,0.02331514430239355,1474,Supp_Motor_Area_L,Caudate_L,0.0,0.0,0.0,0.86
30,0,31,1,32,0.029114481577265244,0.03154597266160246,0.021576588036121815,1475,Precentral_L,Cingulum_Ant_R,0.0,0.0,0.0,0.68
5162,60,93,61,94,-0.008397789488875302,0.03146800303032343,0.019007592496477363,1476,Parietal_Inf_L,Cerebelum_Crus2_R,0.0,0.0,0.0,0.66
3164,31,96,32,97,0.026302298861649684,0.03143890756293536,0.012325446995938606,1477,Cingulum_Ant_R,Cerebelum_4_5_L,0.0,0.0,0.0,0.68
2059,19,65,20,66,0.03142976467104205,0.03142976467104205,0.030967858141862887,1478,Supp_Motor_Area_R,Angular_R,0.0,0.0,0.06,1.0
6591,102,115,103,116,-0.03138299119404097,0.03138299119404097,0.023594562067137666,1479,Cerebelum_8_L,Vermis_10,0.0,0.0,0.0,1.0
6268,87,92,88,93,0.018642363861434537,0.03137421802900731,0.011835222340258432,1480,Temporal_Pole_Mid_R,Cerebelum_Crus2_L,0.0,0.0,0.0,0.56
1509,13,106,14,107,-0.026314808112010823,0.031370973287736206,0.025536228258798137,1481,Frontal_Inf_Tri_R,Cerebelum_10_L,0.0,0.0,0.0,0.92
1270,11,72,12,73,0.026292473238142766,0.03136537993525096,0.015288590183328437,1482,Frontal_Inf_Oper_R,Putamen_L,0.0,0.0,0.0,0.74
3764,39,60,40,61,0.027978212220412028,0.031354585289317685,0.02254721796799334,1483,ParaHippocampal_R,Parietal_Inf_L,0.0,0.0,0.0,0.94
1084,9,95,10,96,-0.025882677047293332,0.03135162410738588,0.015207088552484212,1484,Frontal_Mid_Orb_R,Cerebelum_3_R,0.0,0.0,0.0,0.78
2919,28,106,29,107,0.026429284485999713,0.031333537162067,0.013591174039690006,1485,Insula_L,Cerebelum_10_L,0.0,0.0,0.0,0.64
2802,27,76,28,77,-0.02431544060673929,0.03133260840169518,0.01513105194074382,1486,Rectus_R,Thalamus_L,0.0,0.0,0.0,0.7
1332,12,31,13,32,0.015135199296407924,0.031324883763816425,0.016694476160176646,1487,Frontal_Inf_Tri_L,Cingulum_Ant_R,0.0,0.0,0.0,0.54
1415,12,114,13,115,-0.030938109674244735,0.03132399904348549,0.02745378400679957,1488,Frontal_Inf_Tri_L,Vermis_9,0.0,0.0,0.0,0.98
6394,92,93,93,94,-0.02289674201340303,0.03130799134428345,0.025598220026938824,1489,Cerebelum_Crus2_L,Cerebelum_Crus2_R,0.0,0.0,0.0,0.86
3148,31,80,32,81,-0.018494568271783498,0.031302111394522096,0.016136558245294558,1490,Cingulum_Ant_R,Temporal_Sup_L,0.0,0.0,0.0,0.6
521,4,72,5,73,0.023055133919535255,0.03129282969459052,0.014344577245280921,1491,Frontal_Sup_Orb_L,Putamen_L,0.0,0.0,0.0,0.72
2668,26,30,27,31,0.024357426617483465,0.03125229807836731,0.010739225713214576,1492,Rectus_L,Cingulum_Ant_L,0.0,0.0,0.0,0.72
5987,78,99,79,100,0.029193617607186296,0.031215937605618214,0.023074016214788468,1493,Heschl_L,Cerebelum_6_R,0.0,0.0,0.0,0.96
1073,9,84,10,85,-0.013821260191260464,0.031196890590695005,0.02210468975746531,1494,Frontal_Mid_Orb_R,Temporal_Mid_L,0.0,0.0,0.0,0.82
6240,86,92,87,93,-0.006868160035416484,0.03119644557300895,0.021459268457850213,1495,Temporal_Pole_Mid_L,Cerebelum_Crus2_L,0.0,0.0,0.0,0.7
6402,92,101,93,102,0.027280672496484006,0.031188728054696777,0.022258169711408163,1496,Cerebelum_Crus2_L,Cerebelum_7b_R,0.0,0.0,0.0,0.9
6223,85,104,86,105,0.029570827457930958,0.031186359898624755,0.01931536622758303,1497,Temporal_Mid_R,Cerebelum_9_L,0.0,0.0,0.0,0.9
1716,15,112,16,113,-0.031185280268149075,0.031185280268149075,0.026389583733455516,1498,Frontal_Inf_Orb_R,Vermis_7,0.0,0.0,0.0,1.0
3245,32,94,33,95,-0.030190751330625862,0.031162157265043046,0.023495789145032076,1499,Cingulum_Mid_L,Cerebelum_3_L,0.0,0.0,0.0,0.88
4906,56,63,57,64,-0.030140000578823586,0.031123103896077822,0.021543608116141373,1500,Postcentral_L,SupraMarginal_R,0.0,0.0,0.0,0.92
615,5,56,6,57,-0.031114310311368548,0.031114310311368548,0.03057311426059644,1501,Frontal_Sup_Orb_R,Postcentral_L,0.0,0.0,0.0,1.0
5461,66,83,67,84,0.031103719239704185,0.031103719239704185,0.02940241958039827,1502,Precuneus_L,Temporal_Pole_Sup_R,0.0,0.0,0.0,1.0
6506,97,105,98,106,-0.031087980775366154,0.031087980775366154,0.023346478964892822,1503,Cerebelum_4_5_R,Cerebelum_9_R,0.0,0.0,0.0,1.0
4621,51,83,52,84,0.03108386355183749,0.03108386355183749,0.032238114527427565,1504,Occipital_Mid_R,Temporal_Pole_Sup_R,0.0,0.0,0.0,1.0
4129,44,60,45,61,-0.030590592765771616,0.031081582836806117,0.0156497178121814,1505,Cuneus_L,Parietal_Inf_L,0.0,0.0,0.0,0.94
6119,82,93,83,94,-0.025464422899817783,0.031076870346107198,0.015058501287406791,1506,Temporal_Pole_Sup_L,Cerebelum_Crus2_R,0.0,0.0,0.0,0.64
5939,77,88,78,89,-0.02487752966379927,0.031055285829607086,0.011561938316076097,1507,Thalamus_R,Temporal_Inf_L,0.0,0.0,0.02,0.7
5777,73,84,74,85,0.024633635996475542,0.03101906993898331,0.0253635696031144,1508,Putamen_R,Temporal_Mid_L,0.0,0.0,0.0,0.92
403,3,65,4,66,0.030733582065490293,0.03101165065185455,0.025215840893810612,1509,Frontal_Sup_R,Angular_R,0.04,0.06,0.12,0.98
4226,45,87,46,88,-0.030984695311894107,0.030984695311894107,0.022048231487507876,1510,Cuneus_R,Temporal_Pole_Mid_R,0.0,0.0,0.0,1.0
3348,33,115,34,116,-0.030979130402840015,0.030979130402840015,0.03039053780523763,1511,Cingulum_Mid_R,Vermis_10,0.0,0.0,0.0,1.0
3566,36,93,37,94,-0.02884120897736432,0.0309664129466891,0.01312592718946182,1512,Hippocampus_L,Cerebelum_Crus2_R,0.0,0.0,0.0,0.82
6368,90,114,91,115,-0.03092813825858478,0.030934349802283087,0.023860032246368866,1513,Cerebelum_Crus1_L,Vermis_9,0.0,0.0,0.0,0.98
5804,73,111,74,112,-0.03092869872681585,0.03092869872681585,0.02177119219888847,1514,Putamen_R,Vermis_6,0.0,0.0,0.0,1.0
3734,38,106,39,107,0.02923908403765652,0.030899117405812623,0.016207089139185796,1515,ParaHippocampal_L,Cerebelum_10_L,0.0,0.0,0.0,0.8
2442,23,74,24,75,0.030416856162642468,0.030889270617740324,0.021049131810584175,1516,Frontal_Sup_Medial_R,Pallidum_L,0.0,0.0,0.0,0.96
3156,31,88,32,89,-0.02753791919682885,0.030888760661638523,0.023588851100063108,1517,Cingulum_Ant_R,Temporal_Inf_L,0.0,0.0,0.0,0.9
4202,45,63,46,64,0.02946979633366577,0.030881737690162878,0.020804537976665014,1518,Cuneus_R,SupraMarginal_R,0.0,0.0,0.0,0.94
6606,104,107,105,108,0.027404637602266205,0.030868078368996202,0.022736796971221572,1519,Cerebelum_9_L,Cerebelum_10_R,0.0,0.0,0.0,0.94
6115,82,89,83,90,0.030612137851613205,0.030853561339105297,0.017818223698068195,1520,Temporal_Pole_Sup_L,Temporal_Inf_R,0.0,0.0,0.0,0.98
1064,9,75,10,76,0.0264270984915123,0.03084939574352555,0.02394395556042224,1521,Frontal_Mid_Orb_R,Pallidum_R,0.0,0.0,0.0,0.96
6462,95,98,96,99,0.028264246550798167,0.030848774773920853,0.022918885323120256,1522,Cerebelum_3_R,Cerebelum_6_L,0.0,0.0,0.0,0.94
584,5,25,6,26,-0.027256309064682287,0.030844934995884414,0.025724967502162112,1523,Frontal_Sup_Orb_R,Frontal_Med_Orb_R,0.0,0.0,0.0,0.94
1159,10,65,11,66,0.030840133750978885,0.030840133750978885,0.02663092777450679,1524,Frontal_Inf_Oper_L,Angular_R,0.0,0.02,0.14,1.0
1428,13,25,14,26,0.02903425557044378,0.030829596386166478,0.014905549880521759,1525,Frontal_Inf_Tri_R,Frontal_Med_Orb_R,0.0,0.0,0.0,0.88
1066,9,77,10,78,-0.02395687506904014,0.03080195090119491,0.013582199546488993,1526,Frontal_Mid_Orb_R,Thalamus_R,0.0,0.0,0.0,0.8
4554,50,80,51,81,0.030789896510962044,0.030789896510962044,0.029492799054567906,1527,Occipital_Mid_L,Temporal_Sup_L,0.0,0.0,0.0,1.0
369,3,31,4,32,0.03074549935028697,0.03074549935028697,0.02122360395567464,1528,Frontal_Sup_R,Cingulum_Ant_R,0.06,0.14,0.22,1.0
513,4,64,5,65,-0.01652199282358993,0.030710375881949248,0.01988850361884236,1529,Frontal_Sup_Orb_L,Angular_L,0.0,0.0,0.0,0.72
6093,81,100,82,101,0.01222557014452762,0.030698678137998456,0.01661119629569703,1530,Temporal_Sup_R,Cerebelum_7b_L,0.0,0.0,0.0,0.6
2984,29,85,30,86,-0.003343480484046138,0.030687746924916125,0.02413542506010364,1531,Insula_R,Temporal_Mid_R,0.0,0.0,0.0,0.62
2077,19,83,20,84,0.028074658969267675,0.030686442906715336,0.020366241934103288,1532,Supp_Motor_Area_R,Temporal_Pole_Sup_R,0.0,0.0,0.0,0.92
554,4,105,5,106,-0.02487004967880185,0.030667545977778717,0.009303559233290959,1533,Frontal_Sup_Orb_L,Cerebelum_9_R,0.0,0.0,0.0,0.8
5829,74,95,75,96,0.005000359983917571,0.030665830196735258,0.012981082459219221,1534,Pallidum_L,Cerebelum_3_R,0.0,0.0,0.0,0.62
6378,91,100,92,101,0.028248304552841202,0.03064821003543264,0.01521556788382435,1535,Cerebelum_Crus1_R,Cerebelum_7b_L,0.0,0.0,0.0,0.88
4145,44,76,45,77,-0.030396247651526195,0.03064309814026741,0.015601212165644342,1536,Cuneus_L,Thalamus_L,0.0,0.0,0.0,0.92
6430,93,107,94,108,-0.014788525791003211,0.030630683338648605,0.016349027599881515,1537,Cerebelum_Crus2_R,Cerebelum_10_R,0.0,0.0,0.0,0.56
557,4,108,5,109,-0.03053919348736577,0.030618596311759547,0.016445125523385624,1538,Frontal_Sup_Orb_L,Vermis_1_2,0.0,0.0,0.0,0.96
1674,15,70,16,71,0.029940808544123055,0.030618162056617756,0.015056597406898835,1539,Frontal_Inf_Orb_R,Caudate_L,0.0,0.0,0.0,0.9
98,0,99,1,100,-0.028928293289922476,0.030612379834359507,0.020300588521778663,1540,Precentral_L,Cerebelum_6_R,0.0,0.0,0.0,0.84
4750,53,87,54,88,-0.030591373789571673,0.030591373789571673,0.028042540404424422,1541,Occipital_Inf_R,Temporal_Pole_Mid_R,0.0,0.0,0.0,1.0
6277,87,101,88,102,0.007775532438198419,0.03058642191053378,0.01747095519506034,1542,Temporal_Pole_Mid_R,Cerebelum_7b_R,0.0,0.0,0.0,0.52
4924,56,81,57,82,0.030572325564297804,0.030572325564297804,0.01957801221815304,1543,Postcentral_L,Temporal_Sup_R,0.0,0.0,0.0,1.0
2745,26,107,27,108,-0.02874557787611344,0.03057041473057798,0.016832582851994314,1544,Rectus_L,Cerebelum_10_R,0.0,0.0,0.0,0.94
3698,38,70,39,71,0.030429925192856044,0.030568975725219737,0.018298585026976524,1545,ParaHippocampal_L,Caudate_L,0.0,0.0,0.0,0.96
5763,72,112,73,113,-0.030144642592239163,0.030562188890123566,0.02405626983255569,1546,Putamen_L,Vermis_7,0.0,0.0,0.0,0.98
785,7,9,8,10,0.02934291737919323,0.030556829524407334,0.012920188613788817,1547,Frontal_Mid_R,Frontal_Mid_Orb_R,0.12,0.2,0.28,0.86
6391,91,113,92,114,-0.030550295041905384,0.030550295041905384,0.030062297641959217,1548,Cerebelum_Crus1_R,Vermis_8,0.0,0.0,0.0,1.0
5785,73,92,74,93,-0.024709302552774058,0.030528851745421175,0.015169994898832678,1549,Putamen_R,Cerebelum_Crus2_L,0.0,0.0,0.0,0.82
6353,90,99,91,100,0.0070084837095771135,0.030519135296682137,0.019388921058624935,1550,Cerebelum_Crus1_L,Cerebelum_6_R,0.0,0.0,0.0,0.72
2087,19,93,20,94,0.030384450751416867,0.030517386695254767,0.02441162102934901,1551,Supp_Motor_Area_R,Cerebelum_Crus2_R,0.0,0.0,0.0,0.98
3298,33,65,34,66,0.03049946224832037,0.03049946224832037,0.029270814936523358,1552,Cingulum_Mid_R,Angular_R,0.0,0.0,0.02,1.0
1093,9,104,10,105,-0.02760886384817816,0.030479837537040422,0.01745916121172202,1553,Frontal_Mid_Orb_R,Cerebelum_9_L,0.0,0.0,0.0,0.9
6100,81,107,82,108,-0.02107827335474574,0.030450187903758526,0.01385553788591156,1554,Temporal_Sup_R,Cerebelum_10_R,0.0,0.0,0.0,0.82
1079,9,90,10,91,0.01732602292019997,0.030438833276560388,0.013511425370821426,1555,Frontal_Mid_Orb_R,Cerebelum_Crus1_L,0.0,0.0,0.0,0.56
5870,75,96,76,97,0.028286189777188508,0.030405525133553334,0.016771845398742498,1556,Pallidum_R,Cerebelum_4_5_L,0.0,0.0,0.0,0.78
3769,39,65,40,66,0.03039179089860402,0.03039179089860402,0.02590996369172829,1557,ParaHippocampal_R,Angular_R,0.0,0.0,0.0,1.0
616,5,57,6,58,-0.030382473487117728,0.030382473487117728,0.03278483773017307,1558,Frontal_Sup_Orb_R,Postcentral_R,0.0,0.0,0.0,1.0
5694,71,86,72,87,-0.01588583216791213,0.03038124557824904,0.009790089531576052,1559,Caudate_R,Temporal_Pole_Mid_L,0.0,0.0,0.0,0.66
2546,24,87,25,88,0.0260316641523966,0.030358490816415524,0.012669224675639247,1560,Frontal_Med_Orb_L,Temporal_Pole_Mid_R,0.0,0.0,0.0,0.72
1992,18,94,19,95,-0.030298753683962384,0.030356056996667272,0.01789262315274804,1561,Supp_Motor_Area_L,Cerebelum_3_L,0.0,0.0,0.0,0.98
997,8,114,9,115,0.030355588229357293,0.030355588229357293,0.017678003219733576,1562,Frontal_Mid_Orb_L,Vermis_9,0.0,0.0,0.0,1.0
6058,80,99,81,100,0.002882286322889893,0.03033370460697317,0.02258766091991764,1563,Temporal_Sup_L,Cerebelum_6_R,0.0,0.0,0.0,0.72
6336,89,107,90,108,0.02614912503653717,0.030325953973055278,0.020076443732920553,1564,Temporal_Inf_R,Cerebelum_10_R,0.0,0.0,0.0,0.96
3492,35,98,36,99,0.028443892930711347,0.030319733160033308,0.020552075472182935,1565,Cingulum_Post_R,Cerebelum_6_L,0.0,0.0,0.0,0.9
629,5,70,6,71,0.026831801655755837,0.030308575884062723,0.0159334507724013,1566,Frontal_Sup_Orb_R,Caudate_L,0.0,0.0,0.0,0.82
6016,79,92,80,93,0.028575042095959485,0.03030481153358251,0.023906477105983724,1567,Heschl_R,Cerebelum_Crus2_L,0.0,0.0,0.0,0.96
2525,24,66,25,67,-0.0302857852424853,0.0302857852424853,0.02250942010703396,1568,Frontal_Med_Orb_L,Precuneus_L,0.0,0.0,0.0,1.0
2817,27,91,28,92,0.024384155637602163,0.03028516418945187,0.01396572240158382,1569,Rectus_R,Cerebelum_Crus1_R,0.0,0.0,0.0,0.68
896,8,13,9,14,-0.018003806002348206,0.03026891941971418,0.014372628894689786,1570,Frontal_Mid_Orb_L,Frontal_Inf_Tri_R,0.0,0.0,0.0,0.64
6571,101,108,102,109,0.02946295646272796,0.030267673712101865,0.027241097054480648,1571,Cerebelum_7b_R,Vermis_1_2,0.0,0.0,0.0,0.98
3324,33,91,34,92,-0.02852641657017806,0.030251959574888635,0.009114436710172393,1572,Cingulum_Mid_R,Cerebelum_Crus1_R,0.0,0.0,0.0,0.8
6215,85,96,86,97,0.029987854985240522,0.030246329285735576,0.01439303676392184,1573,Temporal_Mid_R,Cerebelum_4_5_L,0.0,0.0,0.0,0.98
1997,18,99,19,100,-0.02988378688753708,0.03023530128777309,0.015306942475263326,1574,Supp_Motor_Area_L,Cerebelum_6_R,0.0,0.0,0.0,0.94
6604,104,105,105,106,0.028223987547310803,0.03023398717697318,0.021510977296462466,1575,Cerebelum_9_L,Cerebelum_9_R,0.0,0.0,0.0,0.96
3592,37,41,38,42,-0.030231427348007194,0.030231427348007194,0.025312819980442117,1576,Hippocampus_R,Amygdala_R,0.0,0.0,0.0,1.0
2983,29,84,30,85,-0.021745547369167003,0.030229070924920748,0.016691012699889304,1577,Insula_R,Temporal_Mid_L,0.0,0.0,0.0,0.52
5810,74,76,75,77,-0.019555462085792834,0.03021803315273927,0.011474032114014113,1578,Pallidum_L,Thalamus_L,0.0,0.0,0.0,0.58
6297,88,94,89,95,-0.027004089796768757,0.030216502613816726,0.017885215271764676,1579,Temporal_Inf_L,Cerebelum_3_L,0.0,0.0,0.0,0.78
2827,27,101,28,102,-0.023525106782171897,0.030216000850197728,0.016714842745655066,1580,Rectus_R,Cerebelum_7b_R,0.0,0.0,0.0,0.82
4975,57,74,58,75,-0.0302126365691903,0.0302126365691903,0.03193568907901813,1581,Postcentral_R,Pallidum_L,0.0,0.0,0.0,1.0
1773,16,70,17,71,0.030163595000053504,0.030163595000053504,0.025342810091604207,1582,Rolandic_Oper_L,Caudate_L,0.0,0.0,0.0,1.0
6326,89,97,90,98,-0.029967248847778162,0.030159918112104687,0.017385226718480393,1583,Temporal_Inf_R,Cerebelum_4_5_R,0.0,0.0,0.0,0.92
1901,17,100,18,101,-0.02974269815954693,0.03015726535278976,0.014728744739443269,1584,Rolandic_Oper_R,Cerebelum_7b_L,0.0,0.0,0.0,0.98
4556,50,82,51,83,0.030155319355249986,0.030155319355249986,0.03220316152821109,1585,Occipital_Mid_L,Temporal_Pole_Sup_L,0.0,0.0,0.0,1.0
2399,23,31,24,32,0.026738135890174628,0.030152434155400677,0.020681391520470868,1586,Frontal_Sup_Medial_R,Cingulum_Ant_R,0.0,0.0,0.0,0.9
5671,70,107,71,108,0.015873644798482148,0.030143617929658296,0.018395830225429878,1587,Caudate_L,Cerebelum_10_R,0.0,0.0,0.0,0.76
3695,38,67,39,68,0.02840944517877768,0.03012992203386442,0.019729179139185628,1588,ParaHippocampal_L,Precuneus_R,0.0,0.0,0.0,0.72
6280,87,104,88,105,0.016602641685310397,0.03011606047866655,0.008231285512030796,1589,Temporal_Pole_Mid_R,Cerebelum_9_L,0.0,0.0,0.0,0.6
467,4,18,5,19,0.024058099707036037,0.030115730958596196,0.0243852468370399,1590,Frontal_Sup_Orb_L,Supp_Motor_Area_L,0.0,0.0,0.0,0.92
1706,15,102,16,103,-0.03001601393898937,0.030115146546413212,0.01987646738774471,1591,Frontal_Inf_Orb_R,Cerebelum_8_L,0.0,0.0,0.0,0.98
1584,14,80,15,81,-0.02741088426800514,0.03011407143732964,0.016639489415470374,1592,Frontal_Inf_Orb_L,Temporal_Sup_L,0.0,0.0,0.0,0.9
6390,91,112,92,113,-0.03010809806236735,0.03010809806236735,0.027839415608238396,1593,Cerebelum_Crus1_R,Vermis_7,0.0,0.0,0.0,1.0
4276,46,68,47,69,-0.030103983233665567,0.030103983233665567,0.030112395628711798,1594,Lingual_L,Paracentral_Lobule_L,0.0,0.0,0.0,1.0
1468,13,65,14,66,0.03010224998825106,0.03010224998825106,0.027307895306750325,1595,Frontal_Inf_Tri_R,Angular_R,0.0,0.0,0.08,1.0
5962,77,111,78,112,-0.030025844545042788,0.03009898351181484,0.01667512358653738,1596,Thalamus_R,Vermis_6,0.0,0.0,0.0,0.98
1501,13,98,14,99,-0.02263381827209162,0.030074641974025883,0.01746178580860694,1597,Frontal_Inf_Tri_R,Cerebelum_6_L,0.0,0.0,0.0,0.84
6634,107,108,108,109,-0.029367347893887272,0.030056226408000156,0.016659569464650838,1598,Cerebelum_10_R,Vermis_1_2,0.0,0.0,0.0,0.92
1980,18,82,19,83,0.027023994516594648,0.03005160976824366,0.018691456579789635,1599,Supp_Motor_Area_L,Temporal_Pole_Sup_L,0.0,0.0,0.0,0.9
2552,24,93,25,94,0.02184248245071939,0.030047794217199345,0.01686013317859785,1600,Frontal_Med_Orb_L,Cerebelum_Crus2_R,0.0,0.0,0.0,0.76
5899,76,86,77,87,0.019802343556577492,0.030031230225514568,0.019261275664490193,1601,Thalamus_L,Temporal_Pole_Mid_L,0.0,0.0,0.0,0.64
2455,23,87,24,88,0.029973168746679227,0.03001742177001387,0.024021762011811297,1602,Frontal_Sup_Medial_R,Temporal_Pole_Mid_R,0.0,0.0,0.0,0.94
2632,25,83,26,84,0.02857260462170522,0.02999805047917922,0.022184636942602573,1603,Frontal_Med_Orb_R,Temporal_Pole_Sup_R,0.0,0.0,0.0,0.96
6461,95,97,96,98,-0.026369494210372414,0.029990872921059494,0.016309492174768545,1604,Cerebelum_3_R,Cerebelum_4_5_R,0.0,0.0,0.0,0.9
2653,25,104,26,105,0.029573496083805998,0.02997509040889146,0.015173165649311968,1605,Frontal_Med_Orb_R,Cerebelum_9_L,0.0,0.0,0.0,0.86
5860,75,86,76,87,-0.022740267246149255,0.02997111293128651,0.01841991909370609,1606,Pallidum_R,Temporal_Pole_Mid_L,0.0,0.0,0.0,0.82
4419,48,76,49,77,-0.029896201102006196,0.02997051156698478,0.019459189598730497,1607,Occipital_Sup_L,Thalamus_L,0.0,0.0,0.0,0.98
6293,88,90,89,91,0.024978136860678804,0.029961943210640198,0.012148225091729232,1608,Temporal_Inf_L,Cerebelum_Crus1_L,0.0,0.0,0.0,0.74
5348,64,69,65,70,0.027311439871335358,0.029955820234678215,0.02032021175775934,1609,Angular_L,Paracentral_Lobule_R,0.0,0.0,0.0,0.88
4981,57,80,58,81,-0.029298737819292948,0.029954639992159426,0.015358777606047555,1610,Postcentral_R,Temporal_Sup_L,0.0,0.0,0.0,0.9
6428,93,105,94,106,0.028415133653878533,0.029945988264000398,0.01289210129461918,1611,Cerebelum_Crus2_R,Cerebelum_9_R,0.0,0.0,0.0,0.94
1928,18,30,19,31,-0.026969588212901154,0.029921350355882153,0.02101491555530561,1612,Supp_Motor_Area_L,Cingulum_Ant_L,0.0,0.0,0.0,0.9
3656,37,105,38,106,-0.028743389723352563,0.02991987120197012,0.015820809596159835,1613,Hippocampus_R,Cerebelum_9_R,0.0,0.0,0.0,0.84
3658,37,107,38,108,0.02647410294402438,0.029911348722778744,0.016608933244282992,1614,Hippocampus_R,Cerebelum_10_R,0.0,0.0,0.0,0.8
462,4,13,5,14,-0.024643212601911064,0.02989223738865908,0.01984070301999593,1615,Frontal_Sup_Orb_L,Frontal_Inf_Tri_R,0.0,0.0,0.0,0.86
5891,76,78,77,79,0.029789690915870738,0.029875493590121666,0.018536054712265493,1616,Thalamus_L,Heschl_L,0.0,0.0,0.0,0.98
4702,52,101,53,102,0.029850947222824664,0.029850947222824664,0.017184025419451358,1617,Occipital_Inf_L,Cerebelum_7b_R,0.0,0.0,0.0,1.0
2990,29,91,30,92,0.02354885231203098,0.029829607414455568,0.02057514097059225,1618,Insula_R,Cerebelum_Crus1_R,0.0,0.0,0.0,0.9
1433,13,30,14,31,-0.018968750489145703,0.029797202008981824,0.017504541464136804,1619,Frontal_Inf_Tri_R,Cingulum_Ant_L,0.0,0.0,0.0,0.64
3266,32,115,33,116,-0.02979231289485578,0.02979231289485578,0.028637604315166702,1620,Cingulum_Mid_L,Vermis_10,0.0,0.0,0.0,1.0
6057,80,98,81,99,0.02110150937579669,0.02978226821610573,0.027092041698485725,1621,Temporal_Sup_L,Cerebelum_6_L,0.0,0.0,0.0,0.86
1602,14,98,15,99,0.028569519990424466,0.029769148762147948,0.01749336999940828,1622,Frontal_Inf_Orb_L,Cerebelum_6_L,0.0,0.0,0.0,0.9
503,4,54,5,55,0.029745347711318072,0.029755601796741592,0.026561738002061706,1623,Frontal_Sup_Orb_L,Fusiform_L,0.0,0.0,0.0,0.98
2101,19,107,20,108,-0.028393628305921736,0.029754737425226923,0.020390063176357276,1624,Supp_Motor_Area_R,Cerebelum_10_R,0.0,0.0,0.0,0.86
5993,78,105,79,106,0.029749426257261794,0.029749426257261794,0.025887972940078715,1625,Heschl_L,Cerebelum_9_R,0.0,0.0,0.0,1.0
4787,54,63,55,64,-0.029634421725129628,0.029736417537148993,0.016925265368164716,1626,Fusiform_L,SupraMarginal_R,0.0,0.0,0.0,0.94
5848,74,114,75,115,0.029731859167067297,0.029731859167067297,0.02225583749017275,1627,Pallidum_L,Vermis_9,0.0,0.0,0.0,1.0
3136,31,68,32,69,-0.029631517634952274,0.029699796701797846,0.02597017783998215,1628,Cingulum_Ant_R,Paracentral_Lobule_L,0.0,0.0,0.0,0.98
2016,19,22,20,23,-0.029690067173662495,0.029690067173662495,0.02516860335086809,1629,Supp_Motor_Area_R,Frontal_Sup_Medial_L,0.0,0.0,0.0,1.0
1516,13,113,14,114,-0.02968965562817361,0.02968965562817361,0.024260099715530583,1630,Frontal_Inf_Tri_R,Vermis_8,0.0,0.0,0.0,1.0
3692,38,64,39,65,0.02034108375471179,0.029673752596693533,0.013950091531717867,1631,ParaHippocampal_L,Angular_L,0.0,0.0,0.0,0.66
3722,38,94,39,95,0.025514061785164324,0.029661445706662536,0.015427796660554782,1632,ParaHippocampal_L,Cerebelum_3_L,0.0,0.0,0.0,0.9
4684,52,83,53,84,0.029648229160760497,0.029648229160760497,0.025650218492096873,1633,Occipital_Inf_L,Temporal_Pole_Sup_R,0.0,0.0,0.0,1.0
5436,65,107,66,108,0.029640440885239764,0.029640440885239764,0.02698529025005291,1634,Angular_R,Cerebelum_10_R,0.0,0.0,0.0,1.0
4971,57,70,58,71,-0.029619511137375595,0.02963460220995762,0.024267212935970704,1635,Postcentral_R,Caudate_L,0.0,0.0,0.0,0.98
4873,55,89,56,90,0.02963075362727618,0.02963075362727618,0.024885477333565068,1636,Fusiform_R,Temporal_Inf_R,0.0,0.0,0.0,1.0
3269,33,36,34,37,-0.029624585397102696,0.029624585397102696,0.025842733966754326,1637,Cingulum_Mid_R,Hippocampus_L,0.0,0.0,0.0,1.0
5838,74,104,75,105,-0.023641723670921516,0.0296107383568491,0.013975478199114353,1638,Pallidum_L,Cerebelum_9_L,0.0,0.0,0.0,0.6
6063,80,104,81,105,0.023826428903940787,0.029607417283664884,0.017929818013595444,1639,Temporal_Sup_L,Cerebelum_9_L,0.0,0.0,0.0,0.82
654,5,95,6,96,-0.025974182144295255,0.02960103528416123,0.019092414842530603,1640,Frontal_Sup_Orb_R,Cerebelum_3_R,0.0,0.0,0.0,0.86
1327,12,26,13,27,0.026764682123371224,0.029598414048091506,0.01992476716022874,1641,Frontal_Inf_Tri_L,Rectus_L,0.0,0.0,0.0,0.88
6335,89,106,90,107,-0.027415970490553998,0.02957079193619158,0.014188458955005383,1642,Temporal_Inf_R,Cerebelum_10_L,0.0,0.0,0.0,0.88
5532,67,106,68,107,-0.029562720784894397,0.029562720784894397,0.022873672416699936,1643,Precuneus_R,Cerebelum_10_L,0.0,0.0,0.0,1.0
159,1,46,2,47,-0.029553632097880908,0.029553632097880908,0.028377210302489186,1644,Precentral_R,Lingual_L,0.0,0.0,0.0,1.0
6050,80,91,81,92,0.0006226297133227354,0.029518289770793838,0.018487250830055448,1645,Temporal_Sup_L,Cerebelum_Crus1_R,0.0,0.0,0.0,0.74
3189,32,38,33,39,0.029167274518405274,0.029514655042457913,0.021473367704255397,1646,Cingulum_Mid_L,ParaHippocampal_L,0.0,0.0,0.0,0.92
2980,29,81,30,82,-0.0002888173418879877,0.029500847687937693,0.01872131127032456,1647,Insula_R,Temporal_Sup_R,0.0,0.0,0.0,0.7
3779,39,75,40,76,0.028398301944310426,0.0294856951400549,0.01604720222041107,1648,ParaHippocampal_R,Pallidum_R,0.0,0.0,0.0,0.86
1999,18,101,19,102,-0.02627988010805618,0.02946769175752784,0.01776505871308118,1649,Supp_Motor_Area_L,Cerebelum_7b_R,0.0,0.0,0.0,0.8
4664,52,63,53,64,0.029194436220525234,0.02944679453260287,0.019948308099658016,1650,Occipital_Inf_L,SupraMarginal_R,0.0,0.0,0.0,0.98
2582,25,33,26,34,0.02841318339171106,0.029441623874735253,0.024710848722444032,1651,Frontal_Med_Orb_R,Cingulum_Mid_R,0.0,0.0,0.0,0.94
5174,60,105,61,106,0.02117656065429473,0.0294144438319333,0.019662721486521935,1652,Parietal_Inf_L,Cerebelum_9_R,0.0,0.0,0.0,0.74
6144,83,86,84,87,0.02736337691831586,0.029412024961183635,0.01888513131667279,1653,Temporal_Pole_Sup_R,Temporal_Pole_Mid_L,0.0,0.0,0.0,0.92
5618,69,99,70,100,0.02884543352524017,0.029409741155753354,0.018348647099701243,1654,Paracentral_Lobule_R,Cerebelum_6_R,0.0,0.0,0.0,0.96
3643,37,92,38,93,-0.018912006558341868,0.029401560367329264,0.021739600060337424,1655,Hippocampus_R,Cerebelum_Crus2_L,0.0,0.0,0.0,0.86
5663,70,99,71,100,-0.011016528560034352,0.029399845927471694,0.011729810990386889,1656,Caudate_L,Cerebelum_6_R,0.0,0.0,0.0,0.54
479,4,30,5,31,-0.019229536934742993,0.029382918837084153,0.018373848296533407,1657,Frontal_Sup_Orb_L,Cingulum_Ant_L,0.0,0.0,0.0,0.78
5408,65,79,66,80,0.029374177710575097,0.029374177710575097,0.028856190577654546,1658,Angular_R,Heschl_R,0.0,0.0,0.0,1.0
3549,36,76,37,77,-0.023418987377460544,0.029365191488822214,0.014067950728169017,1659,Hippocampus_L,Thalamus_L,0.0,0.0,0.0,0.86
4515,49,106,50,107,-0.029357548821113178,0.029357548821113178,0.022053546761401116,1660,Occipital_Sup_R,Cerebelum_10_L,0.0,0.0,0.0,1.0
3866,40,87,41,88,0.02927972557425629,0.02934917813708897,0.016305716121408912,1661,Amygdala_L,Temporal_Pole_Mid_R,0.0,0.0,0.0,0.96
5163,60,94,61,95,0.020358271667095192,0.02932752096248985,0.01380509984947531,1662,Parietal_Inf_L,Cerebelum_3_L,0.0,0.0,0.0,0.76
597,5,38,6,39,0.022478078979930233,0.029310606296830747,0.015291111112597617,1663,Frontal_Sup_Orb_R,ParaHippocampal_L,0.0,0.0,0.0,0.58
5314,63,86,64,87,0.017187428686977483,0.029288922144465098,0.016023493060839656,1664,SupraMarginal_R,Temporal_Pole_Mid_L,0.0,0.0,0.0,0.68
1002,9,13,10,14,0.010849833605658417,0.029277108167021414,0.010910994304006418,1665,Frontal_Mid_Orb_R,Frontal_Inf_Tri_R,0.0,0.0,0.0,0.68
6518,98,100,99,101,-0.013632230265763655,0.029260795866660146,0.013970762818714295,1666,Cerebelum_6_L,Cerebelum_7b_L,0.0,0.0,0.0,0.68
3803,39,99,40,100,0.028909688204795798,0.029250710882474176,0.020698579823575,1667,ParaHippocampal_R,Cerebelum_6_R,0.0,0.0,0.0,0.98
4917,56,74,57,75,-0.029223285486193577,0.029223285486193577,0.027063628689340737,1668,Postcentral_L,Pallidum_L,0.0,0.0,0.0,1.0
4158,44,89,45,90,-0.029220415017332625,0.029220415017332625,0.02343181933722716,1669,Cuneus_L,Temporal_Inf_R,0.0,0.0,0.0,1.0
1906,17,105,18,106,0.029219575743744862,0.029219575743744862,0.028915774490434188,1670,Rolandic_Oper_R,Cerebelum_9_R,0.0,0.0,0.0,1.0
5968,78,80,79,81,0.028837668345037207,0.029216504071450017,0.02041502383839834,1671,Heschl_L,Temporal_Sup_L,0.0,0.0,0.0,0.96
5483,66,105,67,106,0.02920525255777126,0.02920525255777126,0.0216633588384385,1672,Precuneus_L,Cerebelum_9_R,0.0,0.0,0.0,1.0
1309,11,111,12,112,-0.027632747068712833,0.029187874466826812,0.021777505535196095,1673,Frontal_Inf_Oper_R,Vermis_6,0.0,0.0,0.0,0.96
4563,50,89,51,90,0.02918309540540804,0.02918309540540804,0.027253980122813715,1674,Occipital_Mid_L,Temporal_Inf_R,0.0,0.0,0.0,1.0
162,1,49,2,50,-0.029182399413001745,0.029182399413001745,0.02403760665089177,1675,Precentral_R,Occipital_Sup_R,0.0,0.0,0.0,1.0
5984,78,96,79,97,0.029037205028511752,0.02917439199279789,0.020305001213237354,1676,Heschl_L,Cerebelum_4_5_L,0.0,0.0,0.0,0.94
1404,12,103,13,104,0.008937351422289262,0.02917077666797769,0.01922124575022141,1677,Frontal_Inf_Tri_L,Cerebelum_8_R,0.0,0.0,0.0,0.54
3083,30,99,31,100,-0.022285450784037417,0.02916746034158348,0.015477014458420448,1678,Cingulum_Ant_L,Cerebelum_6_R,0.0,0.0,0.0,0.74
3553,36,80,37,81,0.02606736172661501,0.029166051772185956,0.018096574952128068,1679,Hippocampus_L,Temporal_Sup_L,0.0,0.0,0.0,0.9
6411,92,110,93,111,0.02897123528373959,0.029164805145101932,0.01845776255435273,1680,Cerebelum_Crus2_L,Vermis_4_5,0.0,0.0,0.0,0.98
3552,36,79,37,80,0.029124124992856416,0.029124124992856416,0.030110984654608472,1681,Hippocampus_L,Heschl_R,0.0,0.0,0.0,1.0
1470,13,67,14,68,0.027329801152787686,0.029108798968845107,0.018038461076825604,1682,Frontal_Inf_Tri_R,Precuneus_R,0.0,0.0,0.0,0.9
6568,101,105,102,106,-0.02300550955038174,0.02909963517638551,0.012709790283401275,1683,Cerebelum_7b_R,Cerebelum_9_R,0.0,0.0,0.0,0.62
3153,31,85,32,86,0.02331522563752039,0.029090488278693472,0.017365812508458638,1684,Cingulum_Ant_R,Temporal_Mid_R,0.0,0.0,0.0,0.88
4855,55,71,56,72,0.029085769756615757,0.029085769756615757,0.02746807321397999,1685,Fusiform_R,Caudate_R,0.0,0.0,0.0,1.0
5662,70,98,71,99,0.0063124951765465365,0.029072430515135736,0.01651124138192675,1686,Caudate_L,Cerebelum_6_L,0.0,0.0,0.0,0.66
6169,83,111,84,112,0.028785139031682026,0.029072406409928767,0.016862400291917986,1687,Temporal_Pole_Sup_R,Vermis_6,0.0,0.0,0.0,0.9
2467,23,99,24,100,-0.02519700189751501,0.02904526393819866,0.0100248384459918,1688,Frontal_Sup_Medial_R,Cerebelum_6_R,0.0,0.0,0.0,0.68
4489,49,80,50,81,-0.028366661283790298,0.029007686273285222,0.020750634355642048,1689,Occipital_Sup_R,Temporal_Sup_L,0.0,0.0,0.0,0.96
1559,14,55,15,56,0.02899408795365445,0.02899408795365445,0.026871648827473525,1690,Frontal_Inf_Orb_L,Fusiform_R,0.0,0.0,0.0,1.0
5413,65,84,66,85,0.02888279451569613,0.028991940555230907,0.025895282634805068,1691,Angular_R,Temporal_Mid_L,0.0,0.0,0.0,0.98
5347,64,68,65,69,-0.02392062280837077,0.028982883411341306,0.014847914753769082,1692,Angular_L,Paracentral_Lobule_L,0.0,0.0,0.0,0.84
1682,15,78,16,79,0.028965653373302445,0.028965653373302445,0.02619191211608749,1693,Frontal_Inf_Orb_R,Heschl_L,0.0,0.0,0.0,1.0
543,4,94,5,95,0.016082756571610225,0.028959681464514414,0.014095365835247118,1694,Frontal_Sup_Orb_L,Cerebelum_3_L,0.0,0.0,0.0,0.82
2847,28,34,29,35,0.028605608121918435,0.028953721700883485,0.028627450135954788,1695,Insula_L,Cingulum_Post_L,0.0,0.0,0.0,0.98
3224,32,73,33,74,0.026652076972462954,0.02895182356730219,0.018200755089229963,1696,Cingulum_Mid_L,Putamen_R,0.0,0.0,0.0,0.94
6224,85,105,86,106,0.025213802270166043,0.028949474112910344,0.01495637093284069,1697,Temporal_Mid_R,Cerebelum_9_R,0.0,0.0,0.0,0.9
3055,30,71,31,72,0.028107687069983758,0.028949309815237204,0.0275264701458457,1698,Cingulum_Ant_L,Caudate_R,0.0,0.0,0.0,0.92
5399,65,70,66,71,0.028943375469999144,0.028943375469999144,0.027989274032031386,1699,Angular_R,Caudate_L,0.0,0.0,0.02,1.0
4681,52,80,53,81,0.028873601578371506,0.028900634443401185,0.019070702436665036,1700,Occipital_Inf_L,Temporal_Sup_L,0.0,0.0,0.0,0.98
5575,68,102,69,103,-0.02851649139278711,0.028893106471049746,0.023320984442876926,1701,Paracentral_Lobule_L,Cerebelum_8_L,0.0,0.0,0.0,0.98
5684,71,76,72,77,-0.005914729694069567,0.028885070302711355,0.014429205051419303,1702,Caudate_R,Thalamus_L,0.0,0.0,0.0,0.56
6149,83,91,84,92,-0.02359861229093921,0.028882683667394837,0.01042444981831079,1703,Temporal_Pole_Sup_R,Cerebelum_Crus1_R,0.0,0.0,0.0,0.68
2839,27,113,28,114,-0.028882447731161234,0.028882447731161234,0.02452087793432907,1704,Rectus_R,Vermis_8,0.0,0.0,0.0,1.0
3717,38,89,39,90,-0.02857834123692914,0.02886175095476574,0.019578192860107223,1705,ParaHippocampal_L,Temporal_Inf_R,0.0,0.0,0.0,0.98
3074,30,90,31,91,-0.01168385838099551,0.028854502497798404,0.018829323206111193,1706,Cingulum_Ant_L,Cerebelum_Crus1_L,0.0,0.0,0.0,0.56
6112,82,86,83,87,0.02391057974842004,0.02884491999717627,0.021014151425547502,1707,Temporal_Pole_Sup_L,Temporal_Pole_Mid_L,0.0,0.0,0.0,0.88
2733,26,95,27,96,-0.027186367981880545,0.02882334999774332,0.016926643165225956,1708,Rectus_L,Cerebelum_3_R,0.0,0.0,0.0,0.86
967,8,84,9,85,-0.01888600304364145,0.028819867262505895,0.017295624132335118,1709,Frontal_Mid_Orb_L,Temporal_Mid_L,0.0,0.0,0.0,0.72
657,5,98,6,99,0.028199824720123015,0.028817536408656363,0.017737868549044702,1710,Frontal_Sup_Orb_R,Cerebelum_6_L,0.0,0.0,0.0,0.98
87,0,88,1,89,0.028508330584780802,0.02880043876647507,0.01690811875755436,1711,Precentral_L,Temporal_Inf_L,0.0,0.0,0.0,0.94
1400,12,99,13,100,0.0016919657779038018,0.02879414027383844,0.016277715283129792,1712,Frontal_Inf_Tri_L,Cerebelum_6_R,0.0,0.0,0.0,0.62
985,8,102,9,103,0.02727121296717321,0.02878424597266688,0.01664981616471087,1713,Frontal_Mid_Orb_L,Cerebelum_8_L,0.0,0.0,0.0,0.92
526,4,77,5,78,-0.01794509920328452,0.028778751501665895,0.012812114723097876,1714,Frontal_Sup_Orb_L,Thalamus_R,0.0,0.0,0.0,0.74
6522,98,104,99,105,0.0170754045378429,0.028768134190911353,0.018593357712223063,1715,Cerebelum_6_L,Cerebelum_9_L,0.0,0.0,0.0,0.84
650,5,91,6,92,-0.02097324386484202,0.028750155270587347,0.021567593969834997,1716,Frontal_Sup_Orb_R,Cerebelum_Crus1_R,0.0,0.0,0.0,0.84
4886,55,102,56,103,-0.028693256192043246,0.028693256192043246,0.022689024076464455,1717,Fusiform_R,Cerebelum_8_L,0.0,0.0,0.0,1.0
5855,75,81,76,82,0.02252469087281131,0.02868214550317583,0.013965287255818795,1718,Pallidum_R,Temporal_Sup_R,0.0,0.0,0.0,0.6
2054,19,60,20,61,0.002940775065188841,0.028654802865654975,0.016225776034137926,1719,Supp_Motor_Area_R,Parietal_Inf_L,0.0,0.0,0.0,0.5
5875,75,101,76,102,0.02340700162733955,0.028625989448712242,0.01676783082367688,1720,Pallidum_R,Cerebelum_7b_R,0.0,0.0,0.0,0.78
5738,72,87,73,88,0.019002379437424527,0.02860886587103798,0.016239898422249745,1721,Putamen_L,Temporal_Pole_Mid_R,0.0,0.0,0.0,0.84
1410,12,109,13,110,-0.028601641350082776,0.028601641350082776,0.02478486151656925,1722,Frontal_Inf_Tri_L,Vermis_3,0.0,0.0,0.0,1.0
1402,12,101,13,102,-0.005018248983908582,0.028587638420388833,0.014450484165423732,1723,Frontal_Inf_Tri_L,Cerebelum_7b_R,0.0,0.0,0.0,0.56
1888,17,87,18,88,0.028573689507077296,0.028573689507077296,0.02563973697478263,1724,Rolandic_Oper_R,Temporal_Pole_Mid_R,0.0,0.0,0.0,1.0
6111,82,85,83,86,0.01937486925096574,0.02856215498168364,0.02116971713236775,1725,Temporal_Pole_Sup_L,Temporal_Mid_R,0.0,0.0,0.0,0.88
5872,75,98,76,99,-0.026615847942387628,0.028521907613272005,0.015201488286542969,1726,Pallidum_R,Cerebelum_6_L,0.0,0.0,0.0,0.9
6274,87,98,88,99,0.022250444765526112,0.02851976818993172,0.01943705999217898,1727,Temporal_Pole_Mid_R,Cerebelum_6_L,0.0,0.0,0.0,0.86
4219,45,80,46,81,-0.02851839114738306,0.02851839114738306,0.017688737273479103,1728,Cuneus_R,Temporal_Sup_L,0.0,0.0,0.0,1.0
552,4,103,5,104,-0.02738150136365333,0.028515992875898618,0.014916166073764081,1729,Frontal_Sup_Orb_L,Cerebelum_8_R,0.0,0.0,0.0,0.98
4988,57,87,58,88,0.0285118469835486,0.0285118469835486,0.021155280583999445,1730,Postcentral_R,Temporal_Pole_Mid_R,0.0,0.0,0.0,1.0
586,5,27,6,28,-0.02770014349462385,0.028494868240578643,0.017839402529506478,1731,Frontal_Sup_Orb_R,Rectus_R,0.0,0.0,0.0,0.94
1483,13,80,14,81,-0.011230192042694952,0.02849446282799352,0.017973298448540315,1732,Frontal_Inf_Tri_R,Temporal_Sup_L,0.0,0.0,0.0,0.6
2756,27,30,28,31,-0.014760026091189067,0.028475414483670143,0.016886291405027058,1733,Rectus_R,Cingulum_Ant_L,0.0,0.0,0.0,0.74
5455,66,77,67,78,0.028140777208442977,0.02845828702098393,0.022172420966629972,1734,Precuneus_L,Thalamus_R,0.0,0.0,0.0,0.92
3240,32,89,33,90,0.026481990129923985,0.028455315379875917,0.02079279770486358,1735,Cingulum_Mid_L,Temporal_Inf_R,0.0,0.0,0.0,0.96
1231,11,33,12,34,0.01261046002607588,0.028444600901960077,0.012939735786059003,1736,Frontal_Inf_Oper_R,Cingulum_Mid_R,0.0,0.0,0.0,0.64
5310,63,82,64,83,-0.010857373183428713,0.02843758376315938,0.015546402971109652,1737,SupraMarginal_R,Temporal_Pole_Sup_L,0.0,0.0,0.0,0.52
6639,107,113,108,114,-0.028431773447254772,0.028431773447254772,0.022411138712043067,1738,Cerebelum_10_R,Vermis_8,0.0,0.0,0.0,1.0
1062,9,73,10,74,0.023987284349894326,0.028415490421495212,0.012963960094528881,1739,Frontal_Mid_Orb_R,Putamen_R,0.0,0.0,0.0,0.88
1014,9,25,10,26,-0.01723460874936992,0.02841414567606921,0.0181163787977664,1740,Frontal_Mid_Orb_R,Frontal_Med_Orb_R,0.0,0.0,0.0,0.88
3141,31,73,32,74,-0.02265944231845174,0.028409784774970807,0.017176881553551814,1741,Cingulum_Ant_R,Putamen_R,0.0,0.0,0.0,0.66
3941,41,88,42,89,-0.028390150898035524,0.028390150898035524,0.025812467582884968,1742,Amygdala_R,Temporal_Inf_L,0.0,0.0,0.0,1.0
5432,65,103,66,104,0.028386339858040538,0.028386339858040538,0.02636581415275994,1743,Angular_R,Cerebelum_8_R,0.0,0.0,0.0,1.0
90,0,91,1,92,0.026870492597323273,0.028367884085993146,0.017445336041729556,1744,Precentral_L,Cerebelum_Crus1_R,0.0,0.0,0.0,0.96
6592,103,104,104,105,0.023626911154392624,0.02835779258683644,0.025673827192022443,1745,Cerebelum_8_R,Cerebelum_9_L,0.0,0.0,0.0,0.9
3018,30,34,31,35,0.02473657172184853,0.028350575585881693,0.01510763843841422,1746,Cingulum_Ant_L,Cingulum_Post_L,0.0,0.0,0.0,0.78
2352,22,76,23,77,0.027146904877802674,0.028350353859508216,0.01224999316659858,1747,Frontal_Sup_Medial_L,Thalamus_L,0.0,0.0,0.0,0.88
1269,11,71,12,72,0.019579692910898786,0.02834755929240067,0.014449410461547492,1748,Frontal_Inf_Oper_R,Caudate_R,0.0,0.0,0.0,0.68
1574,14,70,15,71,0.027098989125328984,0.028315332617369876,0.017579472692811144,1749,Frontal_Inf_Orb_L,Caudate_L,0.0,0.0,0.0,0.96
2305,22,29,23,30,-0.0281424729996506,0.028284396310901613,0.019685279075642288,1750,Frontal_Sup_Medial_L,Insula_R,0.0,0.0,0.0,0.9
5753,72,102,73,103,0.02417056997768462,0.02826826143889345,0.012893339152002005,1751,Putamen_L,Cerebelum_8_L,0.0,0.0,0.0,0.74
5427,65,98,66,99,0.028255036882749062,0.028255036882749062,0.0271824667283906,1752,Angular_R,Cerebelum_6_L,0.0,0.0,0.02,1.0
625,5,66,6,67,-0.02581599756234,0.028244500182014614,0.019226701460263698,1753,Frontal_Sup_Orb_R,Precuneus_L,0.0,0.0,0.0,0.96
1451,13,48,14,49,0.027103911217250674,0.028238181713181015,0.014464355796805058,1754,Frontal_Inf_Tri_R,Occipital_Sup_L,0.0,0.0,0.0,0.78
1265,11,67,12,68,0.024749592196433166,0.028223140354791332,0.01764822928679808,1755,Frontal_Inf_Oper_R,Precuneus_R,0.0,0.0,0.0,0.92
5574,68,101,69,102,-0.027589354835358473,0.028207401328056388,0.01236165036294669,1756,Paracentral_Lobule_L,Cerebelum_7b_R,0.0,0.0,0.0,0.92
3243,32,92,33,93,0.027459168727801665,0.02819999376432155,0.020081752349846927,1757,Cingulum_Mid_L,Cerebelum_Crus2_L,0.0,0.0,0.0,0.96
5639,70,75,71,76,-0.02086488515075683,0.028197967899612885,0.01821751059882317,1758,Caudate_L,Pallidum_R,0.0,0.0,0.0,0.86
1421,13,18,14,19,0.02320821833648414,0.028193707563380847,0.01519405484957969,1759,Frontal_Inf_Tri_R,Supp_Motor_Area_L,0.0,0.0,0.0,0.84
5452,66,74,67,75,0.02818943946447142,0.02818943946447142,0.02738012730540322,1760,Precuneus_L,Pallidum_L,0.0,0.0,0.0,1.0
1673,15,69,16,70,0.028185665776087512,0.028185665776087512,0.025561422468862803,1761,Frontal_Inf_Orb_R,Paracentral_Lobule_R,0.0,0.0,0.0,1.0
6464,95,100,96,101,0.020286356761472585,0.0281856368686094,0.010834813001685189,1762,Cerebelum_3_R,Cerebelum_7b_L,0.0,0.0,0.0,0.58
3005,29,106,30,107,0.023684983616435624,0.0281794078570298,0.017283105090250286,1763,Insula_R,Cerebelum_10_L,0.0,0.0,0.0,0.68
6372,91,94,92,95,-0.010179324112458935,0.02817421824913883,0.017928240218014577,1764,Cerebelum_Crus1_R,Cerebelum_3_L,0.0,0.0,0.0,0.5
3706,38,78,39,79,0.028105152211884376,0.028158229717365618,0.024268941973284556,1765,ParaHippocampal_L,Heschl_L,0.0,0.0,0.0,0.96
3554,36,81,37,82,0.024147942272321577,0.028141579837061736,0.012559250633173445,1766,Hippocampus_L,Temporal_Sup_R,0.0,0.0,0.0,0.8
2929,29,30,30,31,-0.00041768952787744564,0.028134491539393194,0.01424224118773453,1767,Insula_R,Cingulum_Ant_L,0.0,0.0,0.0,0.6
62,0,63,1,64,-0.0035415766570721595,0.028100308656456838,0.016139283916192897,1768,Precentral_L,SupraMarginal_R,0.0,0.0,0.0,0.76
1397,12,96,13,97,-0.02350653537587526,0.028080821377663944,0.013140416920787771,1769,Frontal_Inf_Tri_L,Cerebelum_4_5_L,0.0,0.0,0.0,0.9
982,8,99,9,100,0.026149902087776646,0.028072557898574595,0.019815470124863815,1770,Frontal_Mid_Orb_L,Cerebelum_6_R,0.0,0.0,0.0,0.94
2676,26,38,27,39,-0.027776518599126256,0.02806719639632337,0.01959784157008123,1771,Rectus_L,ParaHippocampal_L,0.0,0.0,0.0,0.98
1370,12,69,13,70,0.02474149806883442,0.02803362603415118,0.013776739265725067,1772,Frontal_Inf_Tri_L,Paracentral_Lobule_R,0.0,0.0,0.0,0.9
1414,12,113,13,114,-0.028018452220255244,0.028018452220255244,0.025165334566604164,1773,Frontal_Inf_Tri_L,Vermis_8,0.0,0.0,0.0,1.0
5938,77,87,78,88,-0.024176614675140914,0.028014975188598187,0.015281484336190742,1774,Thalamus_R,Temporal_Pole_Mid_R,0.0,0.0,0.0,0.9
1826,17,25,18,26,0.028008109519516405,0.028008109519516405,0.029097429548216695,1775,Rolandic_Oper_R,Frontal_Med_Orb_R,0.0,0.0,0.0,1.0
1237,11,39,12,40,0.025807202125736364,0.02798955150868858,0.01979122486111038,1776,Frontal_Inf_Oper_R,ParaHippocampal_R,0.0,0.0,0.0,0.96
5689,71,81,72,82,0.02430939225432787,0.0279888638413029,0.01464318785977278,1777,Caudate_R,Temporal_Sup_R,0.0,0.0,0.0,0.82
1969,18,71,19,72,-0.02155586076979847,0.02798549246814298,0.009229304079449533,1778,Supp_Motor_Area_L,Caudate_R,0.0,0.0,0.0,0.62
198,1,85,2,86,0.027826847539480372,0.027952965023862263,0.018926878633825195,1779,Precentral_R,Temporal_Mid_R,0.0,0.0,0.0,0.98
6243,86,95,87,96,-0.017983459582210228,0.02794965858020433,0.018465581664170665,1780,Temporal_Pole_Mid_L,Cerebelum_3_R,0.0,0.0,0.0,0.82
3338,33,105,34,106,0.02778233434558603,0.027940036163353183,0.01799189492430172,1781,Cingulum_Mid_R,Cerebelum_9_R,0.0,0.0,0.0,0.98
6070,80,111,81,112,0.026857119606254812,0.027927167924239694,0.02324870580176229,1782,Temporal_Sup_L,Vermis_6,0.0,0.0,0.0,0.82
5742,72,91,73,92,-0.02128491619051838,0.027927007842944534,0.01002344726849116,1783,Putamen_L,Cerebelum_Crus1_R,0.0,0.0,0.0,0.82
4847,55,63,56,64,-0.027923143207680502,0.027923143207680502,0.017947151583977354,1784,Fusiform_R,SupraMarginal_R,0.0,0.0,0.0,1.0
5879,75,105,76,106,-0.022323494222711147,0.02792211410367059,0.01170871059439605,1785,Pallidum_R,Cerebelum_9_R,0.0,0.0,0.0,0.86
2066,19,72,20,73,0.024944630183303607,0.027918281600964826,0.016777507909764552,1786,Supp_Motor_Area_R,Putamen_L,0.0,0.0,0.0,0.88
3166,31,98,32,99,-0.010408824371873968,0.027905825247809574,0.01787591147824004,1787,Cingulum_Ant_R,Cerebelum_6_L,0.0,0.0,0.0,0.52
4890,55,106,56,107,-0.027902173618235465,0.027902173618235465,0.02163469925785306,1788,Fusiform_R,Cerebelum_10_L,0.0,0.0,0.0,1.0
3160,31,92,32,93,-0.015467753761957574,0.02790161661832511,0.016084626059322933,1789,Cingulum_Ant_R,Cerebelum_Crus2_L,0.0,0.0,0.0,0.62
2393,23,25,24,26,-0.0236068130547645,0.027898200135123914,0.01726379560270626,1790,Frontal_Sup_Medial_R,Frontal_Med_Orb_R,0.0,0.0,0.0,0.88
6134,82,108,83,109,-0.0278875464413078,0.0278875464413078,0.02136534280656556,1791,Temporal_Pole_Sup_L,Vermis_1_2,0.0,0.0,0.0,1.0
1302,11,104,12,105,-0.014905549776962344,0.027879702442299578,0.012171806130793291,1792,Frontal_Inf_Oper_R,Cerebelum_9_L,0.0,0.0,0.0,0.68
5890,76,77,77,78,0.0045397425604111,0.02786248866378759,0.013672896936208177,1793,Thalamus_L,Thalamus_R,0.0,0.0,0.0,0.66
6433,93,110,94,111,0.027845787845048587,0.027851180425672462,0.02283240922369987,1794,Cerebelum_Crus2_R,Vermis_4_5,0.0,0.0,0.0,0.98
1356,12,55,13,56,0.027825979157072123,0.027849574071440734,0.01893947559008765,1795,Frontal_Inf_Tri_L,Fusiform_R,0.0,0.0,0.0,0.98
2458,23,90,24,91,-0.025202975166876876,0.027847527982416118,0.017241070726098703,1796,Frontal_Sup_Medial_R,Cerebelum_Crus1_L,0.0,0.0,0.0,0.9
3575,36,102,37,103,-0.027669318850907832,0.027835561425110688,0.021593239957233147,1797,Hippocampus_L,Cerebelum_8_L,0.0,0.0,0.0,0.98
1974,18,76,19,77,-0.021176574697566033,0.027820943684694344,0.019221693649072374,1798,Supp_Motor_Area_L,Thalamus_L,0.0,0.0,0.0,0.82
6412,92,111,93,112,-0.027563007282180915,0.027802522104070127,0.017912660418618647,1799,Cerebelum_Crus2_L,Vermis_6,0.0,0.0,0.0,0.98
1903,17,102,18,103,-0.027787703429072524,0.027787703429072524,0.022219100334712666,1800,Rolandic_Oper_R,Cerebelum_8_L,0.0,0.0,0.0,1.0
3788,39,84,40,85,0.027361647920693906,0.027778386410420644,0.028632050723958285,1801,ParaHippocampal_R,Temporal_Mid_L,0.0,0.0,0.0,0.96
2459,23,91,24,92,-0.024524194054347772,0.02777765690507163,0.017107119491616002,1802,Frontal_Sup_Medial_R,Cerebelum_Crus1_R,0.0,0.0,0.0,0.88
6609,104,110,105,111,0.02777549893599134,0.02777549893599134,0.02494168472592142,1803,Cerebelum_9_L,Vermis_4_5,0.0,0.0,0.0,1.0
5332,63,104,64,105,0.022448921696278556,0.027772249576102363,0.018136451322639482,1804,SupraMarginal_R,Cerebelum_9_L,0.0,0.0,0.0,0.8
1687,15,83,16,84,-0.015468892927942067,0.027768119349254813,0.013598509341651781,1805,Frontal_Inf_Orb_R,Temporal_Pole_Sup_R,0.0,0.0,0.0,0.52
6470,95,106,96,107,-0.015904634903307503,0.0277664038929914,0.014696701619860081,1806,Cerebelum_3_R,Cerebelum_10_L,0.0,0.0,0.0,0.78
5849,74,115,75,116,0.026618085598142504,0.027755642331841277,0.0096716093487309,1807,Pallidum_L,Vermis_10,0.0,0.0,0.0,0.94
800,7,24,8,25,-0.027637321626545322,0.027752871702757725,0.022023821609507603,1808,Frontal_Mid_R,Frontal_Med_Orb_L,0.0,0.0,0.06,0.94
4630,51,92,52,93,-0.02774355989459707,0.02774355989459707,0.02970960898709923,1809,Occipital_Mid_R,Cerebelum_Crus2_L,0.0,0.0,0.0,1.0
5592,69,73,70,74,0.027631774673165577,0.027730271753577628,0.019099450902410775,1810,Paracentral_Lobule_R,Putamen_R,0.0,0.0,0.0,0.98
5726,72,75,73,76,-0.014901439524689595,0.027727621270444865,0.01485417305479666,1811,Putamen_L,Pallidum_R,0.0,0.0,0.0,0.78
5756,72,105,73,106,-0.02720458225430107,0.027721498378844106,0.009393984166081962,1812,Putamen_L,Cerebelum_9_R,0.0,0.0,0.0,0.88
3378,34,64,35,65,0.0187719989710593,0.02772086045346426,0.01150321762829189,1813,Cingulum_Post_L,Angular_L,0.0,0.0,0.0,0.6
3469,35,75,36,76,-0.027289183526670837,0.0277136273571771,0.022000285530066846,1814,Cingulum_Post_R,Pallidum_R,0.0,0.0,0.0,0.94
6469,95,105,96,106,0.026241625537315842,0.027699505610309972,0.013160693899818561,1815,Cerebelum_3_R,Cerebelum_9_R,0.0,0.0,0.0,0.86
2342,22,66,23,67,-0.027670514127129123,0.027670514127129123,0.024989116295102067,1816,Frontal_Sup_Medial_L,Precuneus_L,0.0,0.0,0.0,1.0
6584,102,108,103,109,0.027640845392080587,0.027640845392080587,0.027782402216562016,1817,Cerebelum_8_L,Vermis_1_2,0.0,0.0,0.0,1.0
3135,31,67,32,68,-0.018922423615024365,0.027626049819022995,0.01235615317382906,1818,Cingulum_Ant_R,Precuneus_R,0.0,0.0,0.0,0.54
676,6,8,7,9,0.027321684802891523,0.027622172999878236,0.015489194045433837,1819,Frontal_Mid_L,Frontal_Mid_Orb_L,0.06,0.1,0.26,0.94
2712,26,74,27,75,-0.025195327507598352,0.02761394435482784,0.009583673357029301,1820,Rectus_L,Pallidum_L,0.0,0.0,0.0,0.78
3235,32,84,33,85,-0.012968767517728748,0.027595741601498386,0.012245546908451697,1821,Cingulum_Mid_L,Temporal_Mid_L,0.0,0.0,0.0,0.66
3232,32,81,33,82,-0.018998103473360006,0.02758552131959388,0.01064126593731613,1822,Cingulum_Mid_L,Temporal_Sup_R,0.0,0.0,0.0,0.58
4823,54,99,55,100,0.027584327023108708,0.027584327023108708,0.02315059572805861,1823,Fusiform_L,Cerebelum_6_R,0.0,0.0,0.0,1.0
3729,38,101,39,102,-0.02353153732028581,0.02754682995021957,0.01304046255986573,1824,ParaHippocampal_L,Cerebelum_7b_R,0.0,0.0,0.0,0.76
5683,71,75,72,76,-0.024934917235063737,0.027533163669628515,0.01171120233599593,1825,Caudate_R,Pallidum_R,0.0,0.0,0.0,0.88
641,5,82,6,83,-0.015530751680030099,0.027529697636627392,0.01928617596146124,1826,Frontal_Sup_Orb_R,Temporal_Pole_Sup_L,0.0,0.0,0.0,0.88
5897,76,84,77,85,0.01566315966832599,0.027525171570232404,0.017430475113656495,1827,Thalamus_L,Temporal_Mid_L,0.0,0.0,0.0,0.74
3572,36,99,37,100,0.02633107632369935,0.027523125239271914,0.021291188288497034,1828,Hippocampus_L,Cerebelum_6_R,0.0,0.0,0.0,0.94
2803,27,77,28,78,0.00806768452922274,0.027504074030916772,0.01596360370011675,1829,Rectus_R,Thalamus_R,0.0,0.0,0.0,0.78
6046,80,87,81,88,-0.017647100089582386,0.02750145991055675,0.011411904211168363,1830,Temporal_Sup_L,Temporal_Pole_Mid_R,0.0,0.0,0.0,0.68
3806,39,102,40,103,-0.026518338384542962,0.027478668339882537,0.010395647995686631,1831,ParaHippocampal_R,Cerebelum_8_L,0.0,0.0,0.0,0.82
3718,38,90,39,91,0.025320105450572457,0.027476650619407718,0.015915354523697432,1832,ParaHippocampal_L,Cerebelum_Crus1_L,0.0,0.0,0.0,0.8
1252,11,54,12,55,0.027253944097881067,0.027460540148429458,0.01128016185888496,1833,Frontal_Inf_Oper_R,Fusiform_L,0.0,0.0,0.0,0.98
1067,9,78,10,79,0.027447236803085803,0.027447236803085803,0.021358724131520367,1834,Frontal_Mid_Orb_R,Heschl_L,0.0,0.0,0.0,1.0
3396,34,82,35,83,-0.027357697372068297,0.027445987599342168,0.01500255231384063,1835,Cingulum_Post_L,Temporal_Pole_Sup_L,0.0,0.0,0.0,0.98
6350,90,96,91,97,-0.01964354228624599,0.02742156245922248,0.008618872174316011,1836,Cerebelum_Crus1_L,Cerebelum_4_5_L,0.0,0.0,0.0,0.64
6408,92,107,93,108,0.01835455679526584,0.027406512250847337,0.017983258097884806,1837,Cerebelum_Crus2_L,Cerebelum_10_R,0.0,0.0,0.0,0.82
5619,69,100,70,101,0.026250470360354126,0.027401574002571313,0.013898058699985387,1838,Paracentral_Lobule_R,Cerebelum_7b_L,0.0,0.0,0.0,0.86
3006,29,107,30,108,0.02464528399621445,0.027387772019162725,0.016757432851681447,1839,Insula_R,Cerebelum_10_R,0.0,0.0,0.0,0.84
4524,49,115,50,116,-0.027384582329862166,0.027384582329862166,0.028361498627439176,1840,Occipital_Sup_R,Vermis_10,0.0,0.0,0.0,1.0
6170,83,112,84,113,0.027376776969651,0.027376776969651,0.024319603722412438,1841,Temporal_Pole_Sup_R,Vermis_7,0.0,0.0,0.0,1.0
931,8,48,9,49,0.027376341716815484,0.027376341716815484,0.02860020143527821,1842,Frontal_Mid_Orb_L,Occipital_Sup_L,0.0,0.0,0.0,1.0
3133,31,65,32,66,0.02737395232510752,0.02737395232510752,0.026883133287204552,1843,Cingulum_Ant_R,Angular_R,0.0,0.0,0.02,1.0
1805,16,102,17,103,-0.027367534147051006,0.027367534147051006,0.01790982848516314,1844,Rolandic_Oper_L,Cerebelum_8_L,0.0,0.0,0.0,1.0
1366,12,65,13,66,0.027365726544599837,0.027365726544599837,0.027065131935129813,1845,Frontal_Inf_Tri_L,Angular_R,0.0,0.0,0.0,1.0
3391,34,77,35,78,0.02525165776035414,0.027348918883658646,0.019912593200055954,1846,Cingulum_Post_L,Thalamus_R,0.0,0.0,0.0,0.96
5557,68,84,69,85,-0.024651641264938837,0.027334146832987516,0.01323367430875259,1847,Paracentral_Lobule_L,Temporal_Mid_L,0.0,0.0,0.0,0.84
5458,66,80,67,81,0.027331800600827932,0.027331800600827932,0.015177164687989464,1848,Precuneus_L,Temporal_Sup_L,0.0,0.0,0.0,1.0
1622,15,18,16,19,0.027230745854608086,0.027323646189735828,0.01940669623549746,1849,Frontal_Inf_Orb_R,Supp_Motor_Area_L,0.0,0.0,0.0,0.98
6267,87,91,88,92,0.02424867908449525,0.02732053625275109,0.015476610745580557,1850,Temporal_Pole_Mid_R,Cerebelum_Crus1_R,0.0,0.0,0.0,0.82
1510,13,107,14,108,-0.019684748044257686,0.027320468054166023,0.01449368907882798,1851,Frontal_Inf_Tri_R,Cerebelum_10_R,0.0,0.0,0.0,0.76
1456,13,53,14,54,-0.027304923849095723,0.027304923849095723,0.021574505383723835,1852,Frontal_Inf_Tri_R,Occipital_Inf_R,0.0,0.0,0.0,1.0
2578,25,29,26,30,0.02720190478627435,0.027297493880199863,0.02030612461947176,1853,Frontal_Med_Orb_R,Insula_R,0.0,0.0,0.0,0.98
6321,89,92,90,93,-0.026207956884419126,0.027277759688445865,0.011571970684046097,1854,Temporal_Inf_R,Cerebelum_Crus2_L,0.0,0.0,0.0,0.88
5566,68,93,69,94,0.0262491571535528,0.027277244059552567,0.021342545541356263,1855,Paracentral_Lobule_L,Cerebelum_Crus2_R,0.0,0.0,0.0,0.96
5401,65,72,66,73,0.027276358548454446,0.027276358548454446,0.025469999473267987,1856,Angular_R,Putamen_L,0.0,0.0,0.0,1.0
6152,83,94,84,95,0.026114477114541533,0.02726880829447219,0.019311628388293537,1857,Temporal_Pole_Sup_R,Cerebelum_3_L,0.0,0.0,0.0,0.94
5212,61,89,62,90,0.027194683145031776,0.02726717421217211,0.012929568034663557,1858,Parietal_Inf_R,Temporal_Inf_R,0.0,0.06,0.24,0.98
4817,54,93,55,94,0.027247837098632034,0.02725086003668472,0.01687821540235086,1859,Fusiform_L,Cerebelum_Crus2_R,0.0,0.0,0.0,0.98
5588,68,115,69,116,-0.027248772593167346,0.027248772593167346,0.028398364257558983,1860,Paracentral_Lobule_L,Vermis_10,0.0,0.0,0.0,1.0
2609,25,60,26,61,0.022487829817046456,0.027247223721454845,0.012529482196383262,1861,Frontal_Med_Orb_R,Parietal_Inf_L,0.0,0.0,0.0,0.62
2485,24,26,25,27,0.02675582214510789,0.02723766217231309,0.014944379707652538,1862,Frontal_Med_Orb_L,Rectus_L,0.0,0.0,0.0,0.94
596,5,37,6,38,0.016389673881392654,0.027232161375736266,0.01340623390810396,1863,Frontal_Sup_Orb_R,Hippocampus_R,0.0,0.0,0.0,0.54
1247,11,49,12,50,0.02709228880391801,0.027209278992985086,0.01665220044697004,1864,Frontal_Inf_Oper_R,Occipital_Sup_R,0.0,0.0,0.0,0.96
5407,65,78,66,79,0.027203384274155907,0.027203384274155907,0.0262149976465509,1865,Angular_R,Heschl_L,0.0,0.0,0.0,1.0
1971,18,73,19,74,-0.02291095150016853,0.027198814690534784,0.015551673823902202,1866,Supp_Motor_Area_L,Putamen_R,0.0,0.0,0.0,0.64
88,0,89,1,90,0.026520128303390497,0.027193842453686407,0.016520783962549114,1867,Precentral_L,Temporal_Inf_R,0.0,0.0,0.0,0.98
2445,23,77,24,78,-0.02504948640989998,0.02718946348099281,0.012802138856887024,1868,Frontal_Sup_Medial_R,Thalamus_R,0.0,0.0,0.0,0.9
2013,18,115,19,116,-0.02718209880815932,0.02718209880815932,0.021677632713130994,1869,Supp_Motor_Area_L,Vermis_10,0.0,0.0,0.0,1.0
5878,75,104,76,105,-0.024887063777110377,0.02715057170236691,0.012666610933131286,1870,Pallidum_R,Cerebelum_9_L,0.0,0.0,0.0,0.92
3171,31,103,32,104,-0.025016604384471054,0.02713406350118944,0.013270379704022237,1871,Cingulum_Ant_R,Cerebelum_8_R,0.0,0.0,0.0,0.84
5912,76,99,77,100,-0.009564114128123621,0.02712670199305749,0.018333238990669694,1872,Thalamus_L,Cerebelum_6_R,0.0,0.0,0.0,0.58
956,8,73,9,74,0.00179259075631233,0.027119114035525308,0.015561448384696152,1873,Frontal_Mid_Orb_L,Putamen_R,0.0,0.0,0.0,0.8
1060,9,71,10,72,-0.020841692491366345,0.02710658143532947,0.01484315411808243,1874,Frontal_Mid_Orb_R,Caudate_R,0.0,0.0,0.0,0.7
3099,30,115,31,116,-0.02710540090213706,0.02710540090213706,0.017236553006542792,1875,Cingulum_Ant_L,Vermis_10,0.0,0.0,0.0,1.0
1363,12,62,13,63,-0.026120372948474847,0.02710193352946142,0.013779810453221596,1876,Frontal_Inf_Tri_L,SupraMarginal_L,0.04,0.06,0.24,0.86
4352,47,76,48,77,-0.027004765001718053,0.027091531176361306,0.0181877670259288,1877,Lingual_R,Thalamus_L,0.0,0.0,0.0,0.96
2920,28,107,29,108,0.02021513161533206,0.027088460599336273,0.016763410850891163,1878,Insula_L,Cerebelum_10_R,0.0,0.0,0.0,0.78
2732,26,94,27,95,0.021034358062313144,0.027082435352689723,0.013321403361510376,1879,Rectus_L,Cerebelum_3_L,0.0,0.0,0.0,0.88
4699,52,98,53,99,0.026914119644925138,0.027081831188575354,0.01932317258814568,1880,Occipital_Inf_L,Cerebelum_6_L,0.0,0.0,0.0,0.98
1878,17,77,18,78,0.02651836758228294,0.02707698973188144,0.0155263359349605,1881,Rolandic_Oper_R,Thalamus_R,0.0,0.0,0.0,0.96
3497,35,103,36,104,0.026995684626541495,0.027072988925262394,0.019306080071041787,1882,Cingulum_Post_R,Cerebelum_8_R,0.0,0.0,0.0,0.96
4760,53,97,54,98,-0.027067512213287192,0.027067512213287192,0.02436206522796206,1883,Occipital_Inf_R,Cerebelum_4_5_R,0.0,0.0,0.0,1.0
3694,38,66,39,67,0.025720426539166223,0.027060419901347745,0.013872626901636676,1884,ParaHippocampal_L,Precuneus_L,0.0,0.0,0.0,0.74
5775,73,82,74,83,0.023536283504947027,0.027055922570036067,0.020990130503163073,1885,Putamen_R,Temporal_Pole_Sup_L,0.0,0.0,0.0,0.9
2667,26,29,27,30,-0.026198280166044596,0.02703793908704105,0.015214119431364248,1886,Rectus_L,Insula_R,0.0,0.0,0.0,0.94
2388,22,112,23,113,-0.027037273015032594,0.027037273015032594,0.029352550164711878,1887,Frontal_Sup_Medial_L,Vermis_7,0.0,0.0,0.0,1.0
5766,72,115,73,116,0.026037217652819807,0.02701898429204959,0.020748645624244916,1888,Putamen_L,Vermis_10,0.0,0.0,0.0,0.82
1694,15,90,16,91,0.024288581598478486,0.02698427458458284,0.016472967249878904,1889,Frontal_Inf_Orb_R,Cerebelum_Crus1_L,0.0,0.0,0.0,0.78
2889,28,76,29,77,-0.0115074527472737,0.026981774641903614,0.017814250324455726,1890,Insula_L,Thalamus_L,0.0,0.0,0.0,0.72
6573,101,110,102,111,0.026942933854246252,0.026981755282156357,0.016707362790441844,1891,Cerebelum_7b_R,Vermis_4_5,0.0,0.0,0.0,0.98
5950,77,99,78,100,0.02259513344087211,0.026966600307036907,0.01799026144915495,1892,Thalamus_R,Cerebelum_6_R,0.0,0.0,0.0,0.9
3705,38,77,39,78,0.024786960700025534,0.02693395354104875,0.012333793410390193,1893,ParaHippocampal_L,Thalamus_R,0.0,0.0,0.0,0.8
2375,22,99,23,100,-0.022819870065923228,0.026927356464067943,0.011814469934706532,1894,Frontal_Sup_Medial_L,Cerebelum_6_R,0.0,0.0,0.0,0.64
5832,74,98,75,99,0.023880607209308954,0.026919325976950174,0.017607520707884263,1895,Pallidum_L,Cerebelum_6_L,0.0,0.0,0.0,0.82
1076,9,87,10,88,0.012501210048886777,0.026918244818527857,0.013456346377242164,1896,Frontal_Mid_Orb_R,Temporal_Pole_Mid_R,0.0,0.0,0.0,0.56
1071,9,82,10,83,-0.0034043568178885476,0.02691667194569243,0.014073911616488044,1897,Frontal_Mid_Orb_R,Temporal_Pole_Sup_L,0.0,0.0,0.0,0.8
6417,93,94,94,95,0.0020477327785145267,0.0269053023387482,0.015578774869767427,1898,Cerebelum_Crus2_R,Cerebelum_3_L,0.0,0.0,0.0,0.7
6044,80,85,81,86,-0.0005136078243056928,0.026900439445289383,0.020161972767004606,1899,Temporal_Sup_L,Temporal_Mid_R,0.0,0.0,0.0,0.64
2432,23,64,24,65,0.01512084573438812,0.02689217074758599,0.01385901954138605,1900,Frontal_Sup_Medial_R,Angular_L,0.0,0.0,0.0,0.54
5642,70,78,71,79,0.0268889771597038,0.0268889771597038,0.016906294185651843,1901,Caudate_L,Heschl_L,0.0,0.0,0.0,1.0
2480,23,112,24,113,-0.026881771562983974,0.026881771562983974,0.0264467940549249,1902,Frontal_Sup_Medial_R,Vermis_7,0.0,0.0,0.0,1.0
1058,9,69,10,70,0.026793174221856234,0.02685421533099758,0.020873687909250645,1903,Frontal_Mid_Orb_R,Paracentral_Lobule_R,0.0,0.0,0.0,0.96
3476,35,82,36,83,-0.024467732938049037,0.026837052162250196,0.020594722778416782,1904,Cingulum_Post_R,Temporal_Pole_Sup_L,0.0,0.0,0.0,0.98
6221,85,102,86,103,-0.01964012864722276,0.026812925478890946,0.013727606418239759,1905,Temporal_Mid_R,Cerebelum_8_L,0.0,0.0,0.0,0.66
5791,73,98,74,99,0.012844133224402093,0.026812660783559403,0.01417795242297399,1906,Putamen_R,Cerebelum_6_L,0.0,0.0,0.0,0.88
3336,33,103,34,104,-0.02523778432413052,0.02679900366656583,0.018725864522444194,1907,Cingulum_Mid_R,Cerebelum_8_R,0.0,0.0,0.0,0.96
5596,69,77,70,78,0.020507782565067037,0.026797447490012033,0.017574581090269936,1908,Paracentral_Lobule_R,Thalamus_R,0.0,0.0,0.0,0.7
2701,26,63,27,64,-0.011149567542112321,0.026785724859845966,0.012250282933058708,1909,Rectus_L,SupraMarginal_R,0.0,0.0,0.0,0.68
2615,25,66,26,67,0.026637735574271435,0.02677818965188794,0.02265782772578182,1910,Frontal_Med_Orb_R,Precuneus_L,0.0,0.0,0.0,0.94
609,5,50,6,51,-0.026765304322646358,0.026765304322646358,0.025187336488760887,1911,Frontal_Sup_Orb_R,Occipital_Mid_L,0.0,0.0,0.0,1.0
1101,9,112,10,113,-0.02674984083400719,0.02674984083400719,0.022334128000715655,1912,Frontal_Mid_Orb_R,Vermis_7,0.0,0.0,0.0,1.0
5828,74,94,75,95,0.022548963792507162,0.026744939099451727,0.011738507870895549,1913,Pallidum_L,Cerebelum_3_L,0.0,0.0,0.0,0.72
4510,49,101,50,102,0.02654720712967047,0.026742233299444362,0.01969154478778159,1914,Occipital_Sup_R,Cerebelum_7b_R,0.0,0.0,0.0,0.94
215,1,102,2,103,-0.026731103662943814,0.026731103662943814,0.016781353587606365,1915,Precentral_R,Cerebelum_8_L,0.0,0.0,0.0,1.0
6482,96,99,97,100,-0.020837682925455424,0.026730167086233284,0.012583754664794633,1916,Cerebelum_4_5_L,Cerebelum_6_R,0.0,0.0,0.0,0.66
5765,72,114,73,115,0.026697896929957464,0.026697896929957464,0.022230580062277495,1917,Putamen_L,Vermis_9,0.0,0.0,0.0,1.0
4749,53,86,54,87,-0.02659234895565494,0.026693093365497432,0.024346795586885475,1918,Occipital_Inf_R,Temporal_Pole_Mid_L,0.0,0.0,0.0,0.98
6216,85,97,86,98,0.024884139105032236,0.026689459108593782,0.014954600968932304,1919,Temporal_Mid_R,Cerebelum_4_5_R,0.0,0.0,0.0,0.94
3493,35,99,36,100,-0.02267377159367163,0.02668466279075181,0.010313615233797757,1920,Cingulum_Post_R,Cerebelum_6_R,0.0,0.0,0.0,0.92
6310,88,107,89,108,0.00023942778473551318,0.0266792909456648,0.01530536348278359,1921,Temporal_Inf_L,Cerebelum_10_R,0.0,0.0,0.0,0.56
3871,40,92,41,93,0.025788428268030975,0.02666371742051411,0.015565336897128646,1922,Amygdala_L,Cerebelum_Crus2_L,0.0,0.0,0.0,0.88
1473,13,70,14,71,0.015141713565132919,0.02665573406232761,0.01447544109363994,1923,Frontal_Inf_Tri_R,Caudate_L,0.0,0.0,0.0,0.56
5680,71,72,72,73,0.0012664654518675658,0.026642846011696548,0.016028784522814504,1924,Caudate_R,Putamen_L,0.0,0.0,0.0,0.64
1015,9,26,10,27,-0.024732624353503003,0.026641752089705265,0.016394232777986264,1925,Frontal_Mid_Orb_R,Rectus_L,0.0,0.0,0.0,0.96
1087,9,98,10,99,-0.019338711602158408,0.02660824201506242,0.011149713061132448,1926,Frontal_Mid_Orb_R,Cerebelum_6_L,0.0,0.0,0.0,0.6
2771,27,45,28,46,-0.026595957863979655,0.026595957863979655,0.024919880856723732,1927,Rectus_R,Cuneus_R,0.0,0.0,0.0,1.0
6560,100,111,101,112,-0.026585785019867147,0.026585785019867147,0.020240253360432815,1928,Cerebelum_7b_L,Vermis_6,0.0,0.0,0.0,1.0
4700,52,99,53,100,0.026581383586519104,0.026581383586519104,0.01502373821296781,1929,Occipital_Inf_L,Cerebelum_6_R,0.0,0.0,0.0,1.0
5337,63,109,64,110,-0.02637429767801192,0.026573285543778417,0.014178309291619364,1930,SupraMarginal_R,Vermis_3,0.0,0.0,0.0,0.98
6503,97,102,98,103,-0.023418513298641527,0.026567518835482536,0.019311046414169517,1931,Cerebelum_4_5_R,Cerebelum_8_L,0.0,0.0,0.0,0.92
3768,39,64,40,65,0.017998801298535504,0.026563780270495444,0.01524627391293813,1932,ParaHippocampal_R,Angular_L,0.0,0.0,0.0,0.8
665,5,106,6,107,-0.01971457815105026,0.026561828057278105,0.013592079807930675,1933,Frontal_Sup_Orb_R,Cerebelum_10_L,0.0,0.0,0.0,0.8
3812,39,108,40,109,-0.026561046465378043,0.026561046465378043,0.021060355223382794,1934,ParaHippocampal_R,Vermis_1_2,0.0,0.0,0.0,1.0
2900,28,87,29,88,-0.023711144192257325,0.026550379740334484,0.011163442358137828,1935,Insula_L,Temporal_Pole_Mid_R,0.0,0.0,0.0,0.74
5298,63,70,64,71,-0.013583565232653605,0.026549977482412394,0.020611855603419493,1936,SupraMarginal_R,Caudate_L,0.0,0.0,0.0,0.78
2541,24,82,25,83,-0.02280643165836542,0.026549073780772193,0.013077970180081422,1937,Frontal_Med_Orb_L,Temporal_Pole_Sup_L,0.0,0.0,0.0,0.84
2698,26,60,27,61,0.019257833530707723,0.026543178914709836,0.013387783081218076,1938,Rectus_L,Parietal_Inf_L,0.0,0.0,0.0,0.82
4372,47,96,48,97,-0.02654196747136582,0.02654196747136582,0.026101554874092076,1939,Lingual_R,Cerebelum_4_5_L,0.0,0.0,0.0,1.0
4815,54,91,55,92,0.026517526335562844,0.026517526335562844,0.018302968477438078,1940,Fusiform_L,Cerebelum_Crus1_R,0.0,0.0,0.0,1.0
2306,22,30,23,31,0.023939041816554773,0.026513531568893293,0.015531646818033965,1941,Frontal_Sup_Medial_L,Cingulum_Ant_L,0.0,0.0,0.0,0.74
5941,77,90,78,91,0.007237478564363067,0.026512281372770313,0.014842584277022192,1942,Thalamus_R,Cerebelum_Crus1_L,0.0,0.0,0.0,0.64
1818,16,115,17,116,-0.0265072497629163,0.0265072497629163,0.025619967553600978,1943,Rolandic_Oper_L,Vermis_10,0.0,0.0,0.0,1.0
4304,46,96,47,97,-0.026497738791708515,0.026497738791708515,0.02426481441064585,1944,Lingual_L,Cerebelum_4_5_L,0.0,0.0,0.0,1.0
2317,22,41,23,42,-0.026491267829066016,0.026491267829066016,0.02323182776725341,1945,Frontal_Sup_Medial_L,Amygdala_R,0.0,0.0,0.0,1.0
4361,47,85,48,86,0.02646490042620102,0.02646490042620102,0.020820585206570992,1946,Lingual_R,Temporal_Mid_R,0.0,0.0,0.0,1.0
1689,15,85,16,86,0.001000668980821,0.026457951454682105,0.019628159181587772,1947,Frontal_Inf_Orb_R,Temporal_Mid_R,0.0,0.0,0.0,0.62
955,8,72,9,73,0.02293280747499538,0.02644813304126901,0.01820495859379146,1948,Frontal_Mid_Orb_L,Putamen_L,0.0,0.0,0.0,0.9
3066,30,82,31,83,-0.024248217473520035,0.02644657538959402,0.01738829977159157,1949,Cingulum_Ant_L,Temporal_Pole_Sup_L,0.0,0.0,0.0,0.92
460,4,11,5,12,0.017736134881830255,0.026445172940112453,0.016065195695050993,1950,Frontal_Sup_Orb_L,Frontal_Inf_Oper_R,0.0,0.0,0.0,0.68
5752,72,101,73,102,-0.00023512414479371632,0.026435040192566123,0.01513130763030698,1951,Putamen_L,Cerebelum_7b_R,0.0,0.0,0.0,0.64
1417,13,14,14,15,0.01587636695254115,0.0264316384688532,0.018060294268520974,1952,Frontal_Inf_Tri_R,Frontal_Inf_Orb_L,0.0,0.0,0.0,0.86
3484,35,90,36,91,0.02538372091402847,0.02641503854517044,0.014472960703753781,1953,Cingulum_Post_R,Cerebelum_Crus1_L,0.0,0.0,0.0,0.9
2894,28,81,29,82,-0.013939677245392494,0.026404987302341195,0.014698482652638838,1954,Insula_L,Temporal_Sup_R,0.0,0.0,0.0,0.52
5345,64,66,65,67,0.011515686918771506,0.026392954306907867,0.014555111170230933,1955,Angular_L,Precuneus_L,0.0,0.0,0.0,0.72
3246,32,95,33,96,0.02600602908058308,0.026381073272688762,0.01480411257514682,1956,Cingulum_Mid_L,Cerebelum_3_R,0.0,0.0,0.0,0.94
1890,17,89,18,90,0.026379199423373533,0.026379199423373533,0.01906733197297071,1957,Rolandic_Oper_R,Temporal_Inf_R,0.0,0.0,0.0,1.0
2075,19,81,20,82,-0.012485723054798526,0.026374895062326518,0.009132397750826273,1958,Supp_Motor_Area_R,Temporal_Sup_R,0.0,0.0,0.0,0.52
540,4,91,5,92,0.015632712172667526,0.02637195029127416,0.01254500914487612,1959,Frontal_Sup_Orb_L,Cerebelum_Crus1_R,0.0,0.0,0.0,0.78
5428,65,99,66,100,0.026352191260426018,0.026352191260426018,0.024231831132286344,1960,Angular_R,Cerebelum_6_R,0.0,0.0,0.04,1.0
2779,27,53,28,54,-0.0263520054349926,0.0263520054349926,0.024091806142651093,1961,Rectus_R,Occipital_Inf_R,0.0,0.0,0.0,1.0
4736,53,73,54,74,0.026287038260174388,0.026344227503434285,0.020729275610817995,1962,Occipital_Inf_R,Putamen_R,0.0,0.0,0.0,0.98
2530,24,71,25,72,0.007721835343176709,0.0263063486069312,0.0155084134268412,1963,Frontal_Med_Orb_L,Caudate_R,0.0,0.0,0.0,0.84
6220,85,101,86,102,-0.00533676582519925,0.026282936308278746,0.017162789196327057,1964,Temporal_Mid_R,Cerebelum_7b_R,0.0,0.0,0.0,0.66
3711,38,83,39,84,0.0258987735191188,0.026271160680671212,0.022397392967035332,1965,ParaHippocampal_L,Temporal_Pole_Sup_R,0.0,0.0,0.0,0.94
733,6,65,7,66,0.026266696191448433,0.026266696191448433,0.022441511410476775,1966,Frontal_Mid_L,Angular_R,0.0,0.0,0.04,1.0
5967,78,79,79,80,0.026266585223764852,0.026266585223764852,0.025560193036103726,1967,Heschl_L,Heschl_R,0.0,0.0,0.0,1.0
6061,80,102,81,103,-0.007189078901010122,0.026238831504593597,0.0193675788358554,1968,Temporal_Sup_L,Cerebelum_8_L,0.0,0.0,0.0,0.66
6087,81,94,82,95,-0.006393718451839191,0.02623327419953676,0.013944180193811294,1969,Temporal_Sup_R,Cerebelum_3_L,0.0,0.0,0.0,0.62
3042,30,58,31,59,-0.026091165324586753,0.026231679936299747,0.020654072382822006,1970,Cingulum_Ant_L,Parietal_Sup_L,0.0,0.04,0.1,0.94
2677,26,39,27,40,-0.025453597832801753,0.026224835713811064,0.014675062576669123,1971,Rectus_L,ParaHippocampal_R,0.0,0.0,0.0,0.98
5433,65,104,66,105,0.026216703023460984,0.026216703023460984,0.02438707496653358,1972,Angular_R,Cerebelum_9_L,0.0,0.0,0.0,1.0
3000,29,101,30,102,-0.02494232293835509,0.026212407378831654,0.01419394991015458,1973,Insula_R,Cerebelum_7b_R,0.0,0.0,0.0,0.92
6219,85,100,86,101,-0.002158739655365084,0.026196935217898884,0.01759268855650365,1974,Temporal_Mid_R,Cerebelum_7b_L,0.0,0.0,0.0,0.66
6346,90,92,91,93,0.005593891533884674,0.02617995651910197,0.014433704663511711,1975,Cerebelum_Crus1_L,Cerebelum_Crus2_L,0.0,0.0,0.0,0.6
1122,10,28,11,29,-0.025829814719414906,0.02616058810842032,0.01781747073428867,1976,Frontal_Inf_Oper_L,Insula_L,0.02,0.06,0.16,0.9
5868,75,94,76,95,-0.016379397607484063,0.026142055928348375,0.013866662168893623,1977,Pallidum_R,Cerebelum_3_L,0.0,0.0,0.0,0.8
5821,74,87,75,88,0.021741291144189837,0.026129628312540034,0.01377150888412322,1978,Pallidum_L,Temporal_Pole_Mid_R,0.0,0.0,0.0,0.92
97,0,98,1,99,-0.025012384903421753,0.02612646618147458,0.01574711323927836,1979,Precentral_L,Cerebelum_6_L,0.0,0.0,0.0,0.98
519,4,70,5,71,0.015533702868047308,0.02612219964433296,0.014587206457322227,1980,Frontal_Sup_Orb_L,Caudate_L,0.0,0.0,0.0,0.76
2736,26,98,27,99,-0.022159443793720125,0.026120349643470823,0.010522319749969165,1981,Rectus_L,Cerebelum_6_L,0.0,0.0,0.0,0.72
2635,25,86,26,87,-0.013586641232265917,0.026096878208090025,0.015791888272358612,1982,Frontal_Med_Orb_R,Temporal_Pole_Mid_L,0.0,0.0,0.0,0.8
1323,12,22,13,23,-0.015083333863145617,0.026089216471992995,0.012779017726345897,1983,Frontal_Inf_Tri_L,Frontal_Sup_Medial_L,0.0,0.0,0.0,0.52
4685,52,84,53,85,0.026076517339727566,0.026076517339727566,0.019921330089257477,1984,Occipital_Inf_L,Temporal_Mid_L,0.0,0.0,0.0,1.0
5635,70,71,71,72,0.0185036265397829,0.026076277823627914,0.01162512170127979,1985,Caudate_L,Caudate_R,0.0,0.0,0.0,0.76
4792,54,68,55,69,-0.026051032752432254,0.026051032752432254,0.026244515741643284,1986,Fusiform_L,Paracentral_Lobule_L,0.0,0.0,0.0,1.0
4810,54,86,55,87,0.02603758396413973,0.02603758396413973,0.020577862741447277,1987,Fusiform_L,Temporal_Pole_Mid_L,0.0,0.0,0.0,1.0
4383,47,107,48,108,-0.026037245639690062,0.026037245639690062,0.013761545936744314,1988,Lingual_R,Cerebelum_10_R,0.0,0.0,0.0,1.0
2361,22,85,23,86,-0.019405684810274347,0.026010238640765224,0.015477282497063885,1989,Frontal_Sup_Medial_L,Temporal_Mid_R,0.0,0.0,0.0,0.88
6071,80,112,81,113,0.0255438377849968,0.0260027628535037,0.014331204205186176,1990,Temporal_Sup_L,Vermis_7,0.0,0.0,0.0,0.82
5750,72,99,73,100,-0.00900810143359301,0.026002187979563704,0.016399335786463937,1991,Putamen_L,Cerebelum_6_R,0.0,0.0,0.0,0.62
3173,31,105,32,106,-0.0173085708262744,0.025998807781463226,0.010704769156840514,1992,Cingulum_Ant_R,Cerebelum_9_R,0.0,0.0,0.0,0.52
5473,66,95,67,96,0.0259198510954151,0.025966446302018095,0.022566699307442033,1993,Precuneus_L,Cerebelum_3_R,0.0,0.0,0.0,0.98
1372,12,71,13,72,0.017327385699311054,0.02595570483448592,0.012219425033256626,1994,Frontal_Inf_Tri_L,Caudate_R,0.0,0.0,0.0,0.68
2105,19,111,20,112,0.02549901743119497,0.025952519982629093,0.020096454552028943,1995,Supp_Motor_Area_R,Vermis_6,0.0,0.0,0.0,0.82
1052,9,63,10,64,-0.003177486784528688,0.02594878020457286,0.0140216438837144,1996,Frontal_Mid_Orb_R,SupraMarginal_R,0.0,0.0,0.0,0.66
3652,37,101,38,102,-0.011549590731811358,0.025945484005575708,0.011822765496107304,1997,Hippocampus_R,Cerebelum_7b_R,0.0,0.0,0.0,0.76
3247,32,96,33,97,-0.0259411232711345,0.0259411232711345,0.019042797841735567,1998,Cingulum_Mid_L,Cerebelum_4_5_L,0.0,0.0,0.0,1.0
3636,37,85,38,86,-0.023253598420334035,0.025934535533692224,0.015398065299439621,1999,Hippocampus_R,Temporal_Mid_R,0.0,0.0,0.0,0.96
6141,82,115,83,116,-0.025932638123808235,0.025932638123808235,0.021222766538955804,2000,Temporal_Pole_Sup_L,Vermis_10,0.0,0.0,0.0,1.0
5836,74,102,75,103,-0.021989557922783273,0.025928970805897324,0.012243067635021468,2001,Pallidum_L,Cerebelum_8_L,0.0,0.0,0.0,0.84
910,8,27,9,28,0.024122888834324344,0.025921851943319883,0.015853745067568425,2002,Frontal_Mid_Orb_L,Rectus_R,0.0,0.0,0.0,0.88
2100,19,106,20,107,-0.018774798538587874,0.025921243373206795,0.01220692959702055,2003,Supp_Motor_Area_R,Cerebelum_10_L,0.0,0.0,0.0,0.82
2402,23,34,24,35,-0.025406106843245492,0.025895246046113415,0.012033144407608127,2004,Frontal_Sup_Medial_R,Cingulum_Post_L,0.0,0.0,0.0,0.96
79,0,80,1,81,-0.02303617283619241,0.02589291781581996,0.014823806061143155,2005,Precentral_L,Temporal_Sup_L,0.0,0.0,0.0,0.86
2339,22,63,23,64,-0.0248779981857042,0.02587290623327773,0.016811616547385562,2006,Frontal_Sup_Medial_L,SupraMarginal_R,0.0,0.0,0.0,0.96
3917,41,64,42,65,-0.02402538586984536,0.025868563250374853,0.012248993530813157,2007,Amygdala_R,Angular_L,0.0,0.0,0.0,0.88
2743,26,105,27,106,0.025381674060852524,0.025858809626195075,0.016287903063968125,2008,Rectus_L,Cerebelum_9_R,0.0,0.0,0.0,0.92
5518,67,92,68,93,-0.025311224131740934,0.025848825674360813,0.014886528436258411,2009,Precuneus_R,Cerebelum_Crus2_L,0.0,0.0,0.0,0.92
5451,66,73,67,74,0.025133487916824158,0.0258477353661513,0.02006105015790165,2010,Precuneus_L,Putamen_R,0.0,0.0,0.0,0.96
6626,106,108,107,109,-0.02548866762528189,0.025845440999937037,0.010034403091980355,2011,Cerebelum_10_L,Vermis_1_2,0.0,0.0,0.0,0.96
1700,15,96,16,97,0.025833555512033497,0.025839389456127036,0.0189557249564841,2012,Frontal_Inf_Orb_R,Cerebelum_4_5_L,0.0,0.0,0.0,0.98
4934,56,91,57,92,0.025227906039861577,0.02578782210642021,0.017653721535239773,2013,Postcentral_L,Cerebelum_Crus1_R,0.0,0.0,0.0,0.96
5336,63,108,64,109,-0.0249318976777554,0.025767082453683553,0.01863424040896125,2014,SupraMarginal_R,Vermis_1_2,0.0,0.0,0.0,0.96
4755,53,92,54,93,-0.025476566738459275,0.025752539494503242,0.018409289039475897,2015,Occipital_Inf_R,Cerebelum_Crus2_L,0.0,0.0,0.0,0.9
2713,26,75,27,76,-0.019975591174481295,0.02575193762767404,0.010380754037309141,2016,Rectus_L,Pallidum_R,0.0,0.0,0.0,0.76
6451,94,107,95,108,-0.0005608721435414297,0.02575033781390715,0.013211133045041856,2017,Cerebelum_3_L,Cerebelum_10_R,0.0,0.0,0.0,0.58
6443,94,99,95,100,0.010978900470586533,0.025743206159944746,0.018266308707383456,2018,Cerebelum_3_L,Cerebelum_6_R,0.0,0.0,0.0,0.8
4265,46,57,47,58,-0.02574002935671647,0.02574002935671647,0.02697947602975587,2019,Lingual_L,Postcentral_R,0.0,0.0,0.0,1.0
6525,98,107,99,108,0.023333304593440893,0.025731743204162258,0.01464326153569821,2020,Cerebelum_6_L,Cerebelum_10_R,0.0,0.0,0.0,0.86
4133,44,64,45,65,-0.014184514486551798,0.025718105230908925,0.010800247180190077,2021,Cuneus_L,Angular_L,0.0,0.0,0.0,0.56
978,8,95,9,96,0.021779263104106446,0.025687040959734713,0.01756611509054005,2022,Frontal_Mid_Orb_L,Cerebelum_3_R,0.0,0.0,0.0,0.76
5779,73,86,74,87,-0.018913260303715814,0.025659003738810773,0.011691181819426641,2023,Putamen_R,Temporal_Pole_Mid_L,0.0,0.0,0.0,0.76
3464,35,70,36,71,0.02136109510103402,0.02563030775218096,0.01138290615971341,2024,Cingulum_Post_R,Caudate_L,0.0,0.0,0.0,0.64
158,1,45,2,46,-0.025627589658154603,0.025627589658154603,0.023393291133339864,2025,Precentral_R,Cuneus_R,0.0,0.0,0.0,1.0
176,1,63,2,64,0.013027939295782618,0.02562633975440282,0.014129995967865048,2026,Precentral_R,SupraMarginal_R,0.0,0.0,0.0,0.82
2052,19,58,20,59,-0.025486579510191815,0.025625650636650586,0.02222558791089034,2027,Supp_Motor_Area_R,Parietal_Sup_L,0.0,0.0,0.02,0.96
3399,34,85,35,86,-0.024289623288800476,0.025614491850856954,0.014535464853556213,2028,Cingulum_Post_L,Temporal_Mid_R,0.0,0.0,0.0,0.9
1355,12,54,13,55,-0.02559997818256623,0.02559997818256623,0.013493316438379158,2029,Frontal_Inf_Tri_L,Fusiform_L,0.0,0.0,0.0,1.0
5466,66,88,67,89,0.024753044862490973,0.025590997147082527,0.01367396458861344,2030,Precuneus_L,Temporal_Inf_L,0.0,0.0,0.0,0.94
2778,27,52,28,53,-0.025587116171707308,0.025587116171707308,0.02662970053539023,2031,Rectus_R,Occipital_Inf_L,0.0,0.0,0.0,1.0
3937,41,84,42,85,-0.02557418753488267,0.02557418753488267,0.023282523854233683,2032,Amygdala_R,Temporal_Mid_L,0.0,0.0,0.0,1.0
5147,60,78,61,79,0.022774556757782664,0.025572441799780275,0.016426270861974568,2033,Parietal_Inf_L,Heschl_L,0.0,0.0,0.0,0.92
4478,49,69,50,70,-0.025571079633042896,0.025571079633042896,0.02562950262900769,2034,Occipital_Sup_R,Paracentral_Lobule_R,0.0,0.0,0.0,1.0
4216,45,77,46,78,-0.025401813492860584,0.025559487114075116,0.015735556846054117,2035,Cuneus_R,Thalamus_R,0.0,0.0,0.0,0.98
5640,70,76,71,77,-0.011272473274315747,0.025553772982365434,0.015274676541421582,2036,Caudate_L,Thalamus_L,0.0,0.0,0.0,0.54
4289,46,81,47,82,-0.025029065358681477,0.02555343931339246,0.015526675595489214,2037,Lingual_L,Temporal_Sup_R,0.0,0.0,0.0,0.98
2557,24,98,25,99,0.01937276830988384,0.025550129993949663,0.018342403495458223,2038,Frontal_Med_Orb_L,Cerebelum_6_L,0.0,0.0,0.0,0.84
3986,42,60,43,61,-0.025548777884344856,0.025548777884344856,0.020721467529438542,2039,Calcarine_L,Parietal_Inf_L,0.0,0.0,0.0,1.0
5748,72,97,73,98,0.02375335652101746,0.025504504239240264,0.011793372920051847,2040,Putamen_L,Cerebelum_4_5_R,0.0,0.0,0.0,0.84
5743,72,92,73,93,0.0031114375574299337,0.025497096177137673,0.011062638455683588,2041,Putamen_L,Cerebelum_Crus2_L,0.0,0.0,0.0,0.56
6467,95,103,96,104,0.01844995482662237,0.025494250554157785,0.01241567763006046,2042,Cerebelum_3_R,Cerebelum_8_R,0.0,0.0,0.0,0.84
2786,27,60,28,61,-0.003378780217593979,0.025480691719080188,0.010121596865731707,2043,Rectus_R,Parietal_Inf_L,0.0,0.0,0.0,0.64
6244,86,96,87,97,0.014294849434436582,0.02546766957392509,0.007258583330486006,2044,Temporal_Pole_Mid_L,Cerebelum_4_5_L,0.0,0.0,0.0,0.64
5392,64,113,65,114,-0.02155525556750943,0.02545695693308609,0.010098139449490482,2045,Angular_L,Vermis_8,0.0,0.0,0.0,0.58
3486,35,92,36,93,0.023849611760819747,0.025442303748288438,0.014403478567761707,2046,Cingulum_Post_R,Cerebelum_Crus2_L,0.0,0.0,0.0,0.9
6158,83,100,84,101,0.007735728430011218,0.025433668947722508,0.014069740732480929,2047,Temporal_Pole_Sup_R,Cerebelum_7b_L,0.0,0.0,0.0,0.56
5949,77,98,78,99,0.0032819469395691764,0.02543195367408005,0.015794070619965454,2048,Thalamus_R,Cerebelum_6_L,0.0,0.0,0.0,0.72
660,5,101,6,102,-0.0170438854792565,0.025414908746376304,0.01550331320711398,2049,Frontal_Sup_Orb_R,Cerebelum_7b_R,0.0,0.0,0.0,0.88
4941,56,98,57,99,-0.025210852746110915,0.025406317744340826,0.013051116533100333,2050,Postcentral_L,Cerebelum_6_L,0.0,0.0,0.0,0.92
3942,41,89,42,90,-0.025366659732729956,0.025366659732729956,0.02384675263544897,2051,Amygdala_R,Temporal_Inf_R,0.0,0.0,0.0,1.0
5889,75,115,76,116,-0.023082815760115994,0.025360157970187522,0.016975046273910117,2052,Pallidum_R,Vermis_10,0.0,0.0,0.0,0.94
2777,27,51,28,52,-0.025358318266163415,0.025358318266163415,0.02450073160415986,2053,Rectus_R,Occipital_Mid_R,0.0,0.0,0.0,1.0
1804,16,101,17,102,-0.025144634138017406,0.02533563748105459,0.01614384121734095,2054,Rolandic_Oper_L,Cerebelum_7b_R,0.0,0.0,0.0,0.9
6299,88,96,89,97,-0.025288211511024995,0.02530331293469422,0.0170231460718112,2055,Temporal_Inf_L,Cerebelum_4_5_L,0.0,0.0,0.0,0.98
2092,19,98,20,99,0.013799193498561789,0.025303256447707718,0.01681753705653566,2056,Supp_Motor_Area_R,Cerebelum_6_L,0.0,0.0,0.0,0.76
2728,26,90,27,91,-0.022593202094886477,0.025300998398729176,0.015749715667933154,2057,Rectus_L,Cerebelum_Crus1_L,0.0,0.0,0.0,0.86
5388,64,109,65,110,0.02483539043568528,0.02528560274180904,0.02025383363359236,2058,Angular_L,Vermis_3,0.0,0.0,0.0,0.96
3315,33,82,34,83,-0.020044238000690665,0.02527063939765493,0.013415339683237854,2059,Cingulum_Mid_R,Temporal_Pole_Sup_L,0.0,0.0,0.0,0.9
5666,70,102,71,103,-0.014479981178450382,0.025260131123831898,0.016557264663124495,2060,Caudate_L,Cerebelum_8_L,0.0,0.0,0.0,0.78
3057,30,73,31,74,-0.018783428141929934,0.02525859268894374,0.01143339830144657,2061,Cingulum_Ant_L,Putamen_R,0.0,0.0,0.0,0.68
1920,18,22,19,23,-0.025030005709180125,0.02525068429285751,0.013488261982051464,2062,Supp_Motor_Area_L,Frontal_Sup_Medial_L,0.0,0.0,0.0,0.94
617,5,58,6,59,-0.025089697605322245,0.025224323291439497,0.023328702860817334,2063,Frontal_Sup_Orb_R,Parietal_Sup_L,0.0,0.0,0.0,0.96
525,4,76,5,77,0.016771913075672943,0.02522320228845048,0.00954661012366492,2064,Frontal_Sup_Orb_L,Thalamus_L,0.0,0.0,0.0,0.74
190,1,77,2,78,0.024549736544971786,0.025195959027298667,0.018447184923457635,2065,Precentral_R,Thalamus_R,0.0,0.0,0.0,0.86
6484,96,101,97,102,-0.018129880410686746,0.025192576153356506,0.012448208973328982,2066,Cerebelum_4_5_L,Cerebelum_7b_R,0.0,0.0,0.0,0.62
5835,74,101,75,102,0.005535370139889719,0.025191839183240184,0.01533655439701066,2067,Pallidum_L,Cerebelum_7b_R,0.0,0.0,0.0,0.56
2670,26,32,27,33,0.02511951921836741,0.02517703210073404,0.017413089051395977,2068,Rectus_L,Cingulum_Mid_L,0.0,0.0,0.0,0.96
2896,28,83,29,84,0.02135964501225987,0.02515312502190656,0.017961377186339327,2069,Insula_L,Temporal_Pole_Sup_R,0.0,0.0,0.0,0.86
1234,11,36,12,37,-0.017673010490258875,0.025139043424087296,0.011871070322035467,2070,Frontal_Inf_Oper_R,Hippocampus_L,0.0,0.0,0.0,0.78
6196,84,107,85,108,-0.01865924220118759,0.025131949678608927,0.011862973675054834,2071,Temporal_Mid_L,Cerebelum_10_R,0.0,0.0,0.0,0.68
3252,32,101,33,102,-0.0186626861048035,0.02512651547067056,0.008993628524597803,2072,Cingulum_Mid_L,Cerebelum_7b_R,0.0,0.0,0.0,0.64
6616,105,107,106,108,-0.002937970403673252,0.02512580999349093,0.013704037874267048,2073,Cerebelum_9_R,Cerebelum_10_R,0.0,0.0,0.0,0.7
312,2,86,3,87,-0.024446649302959957,0.025116893950972493,0.014558644174943782,2074,Frontal_Sup_L,Temporal_Pole_Mid_L,0.04,0.08,0.12,0.88
2065,19,71,20,72,0.021845037007076216,0.025101752862825188,0.019764649953156486,2075,Supp_Motor_Area_R,Caudate_R,0.0,0.0,0.0,0.9
5301,63,73,64,74,0.010592205822627954,0.02509538999174847,0.010414471549229108,2076,SupraMarginal_R,Putamen_R,0.0,0.0,0.0,0.6
74,0,75,1,76,-0.025095164874719564,0.025095164874719564,0.018670739838429075,2077,Precentral_L,Pallidum_R,0.0,0.0,0.0,1.0
4284,46,76,47,77,-0.025075067463442582,0.02509262947104053,0.01655569906022456,2078,Lingual_L,Thalamus_L,0.0,0.0,0.0,0.98
6323,89,94,90,95,0.024169155955318825,0.025092628391618636,0.0206297351069705,2079,Temporal_Inf_R,Cerebelum_3_L,0.0,0.0,0.0,0.92
3790,39,86,40,87,-0.02153257687373754,0.025086197798575734,0.015612902097161646,2080,ParaHippocampal_R,Temporal_Pole_Mid_L,0.0,0.0,0.0,0.82
515,4,66,5,67,-0.025074622670582913,0.025074622670582913,0.01829797679512432,2081,Frontal_Sup_Orb_L,Precuneus_L,0.0,0.0,0.0,1.0
1626,15,22,16,23,0.025022622543348444,0.025069835265012413,0.01333204262514099,2082,Frontal_Inf_Orb_R,Frontal_Sup_Medial_L,0.0,0.0,0.0,0.96
3561,36,88,37,89,-0.024258872451100207,0.025060054364440747,0.012540135989821791,2083,Hippocampus_L,Temporal_Inf_L,0.0,0.0,0.0,0.9
5946,77,95,78,96,0.020065871979806745,0.02505952397144696,0.01340557052780196,2084,Thalamus_R,Cerebelum_3_R,0.0,0.0,0.0,0.82
5471,66,93,67,94,-0.02227562308569824,0.025058879889879936,0.01863266785912531,2085,Precuneus_L,Cerebelum_Crus2_R,0.0,0.0,0.0,0.88
2094,19,100,20,101,0.00884395105320718,0.025051314542762788,0.011941693711421467,2086,Supp_Motor_Area_R,Cerebelum_7b_L,0.0,0.0,0.0,0.72
5478,66,100,67,101,0.022638370877170008,0.0250326736170366,0.019532044710905146,2087,Precuneus_L,Cerebelum_7b_L,0.0,0.0,0.0,0.84
6594,103,106,104,107,-0.007649805591475487,0.025025865515525058,0.012051215332871686,2088,Cerebelum_8_R,Cerebelum_10_L,0.0,0.0,0.0,0.72
1196,10,102,11,103,-0.024666633482900942,0.025024200379447664,0.016569378551955366,2089,Frontal_Inf_Oper_L,Cerebelum_8_L,0.0,0.06,0.14,0.9
3408,34,94,35,95,0.024148660064127324,0.02499099470705894,0.011383635127317472,2090,Cingulum_Post_L,Cerebelum_3_L,0.0,0.0,0.0,0.96
4369,47,93,48,94,0.024987951043489574,0.024987951043489574,0.02202159248806087,2091,Lingual_R,Cerebelum_Crus2_R,0.0,0.0,0.0,1.0
5725,72,74,73,75,0.011444886564636783,0.024984793778567993,0.009011571759653798,2092,Putamen_L,Pallidum_L,0.0,0.0,0.0,0.54
963,8,80,9,81,-0.008652342857613859,0.0249810373274559,0.014881412898398831,2093,Frontal_Mid_Orb_L,Temporal_Sup_L,0.0,0.0,0.0,0.52
6305,88,102,89,103,-0.02200921619006924,0.024978174763291446,0.014450907501804885,2094,Temporal_Inf_L,Cerebelum_8_L,0.0,0.0,0.0,0.86
5714,71,106,72,107,-0.014718255967170368,0.024962283696781534,0.013971226216827542,2095,Caudate_R,Cerebelum_10_L,0.0,0.0,0.0,0.78
987,8,104,9,105,0.022492332616957128,0.024950834590960244,0.01239183092541563,2096,Frontal_Mid_Orb_L,Cerebelum_9_L,0.0,0.0,0.0,0.8
975,8,92,9,93,0.008956598203018267,0.02494157529080529,0.010727995784540308,2097,Frontal_Mid_Orb_L,Cerebelum_Crus2_L,0.0,0.0,0.0,0.62
1518,13,115,14,116,-0.019961804789811948,0.024927892239612896,0.01994809702805355,2098,Frontal_Inf_Tri_R,Vermis_10,0.0,0.0,0.0,0.92
3003,29,104,30,105,0.0225461689098314,0.024913602433965988,0.018962764265692347,2099,Insula_R,Cerebelum_9_L,0.0,0.0,0.0,0.92
2885,28,72,29,73,0.019216422335483666,0.02491170559987145,0.01253131858513952,2100,Insula_L,Putamen_L,0.0,0.0,0.0,0.82
2689,26,51,27,52,-0.02490049905940292,0.02490049905940292,0.02478734912675956,2101,Rectus_L,Occipital_Mid_R,0.0,0.0,0.0,1.0
4367,47,91,48,92,0.024888781230780154,0.024888781230780154,0.018587330472557735,2102,Lingual_R,Cerebelum_Crus1_R,0.0,0.0,0.0,1.0
1263,11,65,12,66,0.0248770980576822,0.0248770980576822,0.024194882841800002,2103,Frontal_Inf_Oper_R,Angular_R,0.0,0.0,0.02,1.0
1053,9,64,10,65,0.004646677672222762,0.0248694200478345,0.016333975867549512,2104,Frontal_Mid_Orb_R,Angular_L,0.0,0.0,0.0,0.52
3158,31,90,32,91,-0.008590761280123364,0.024868448594353155,0.016238865337412985,2105,Cingulum_Ant_R,Cerebelum_Crus1_L,0.0,0.0,0.0,0.52
5947,77,96,78,97,0.015603751712448355,0.02485575024157379,0.008075062306539163,2106,Thalamus_R,Cerebelum_4_5_L,0.0,0.0,0.0,0.58
3102,31,34,32,35,-0.005978845464942317,0.024852639244246667,0.011957263543579424,2107,Cingulum_Ant_R,Cingulum_Post_L,0.0,0.0,0.0,0.62
2363,22,87,23,88,-0.022071372733695818,0.02485089851625929,0.01771168776401048,2108,Frontal_Sup_Medial_L,Temporal_Pole_Mid_R,0.0,0.0,0.0,0.84
1594,14,90,15,91,0.020310347166309778,0.024820391249814104,0.012387825093989065,2109,Frontal_Inf_Orb_L,Cerebelum_Crus1_L,0.0,0.0,0.0,0.72
4344,47,68,48,69,-0.024817800633921926,0.024817800633921926,0.02491464683096182,2110,Lingual_R,Paracentral_Lobule_L,0.0,0.0,0.0,1.0
3312,33,79,34,80,0.024815971267142897,0.024815971267142897,0.021383924316177257,2111,Cingulum_Mid_R,Heschl_R,0.0,0.0,0.0,1.0
651,5,92,6,93,0.005399981654336394,0.02479609296555783,0.013055655565256272,2112,Frontal_Sup_Orb_R,Cerebelum_Crus2_L,0.0,0.0,0.0,0.52
1358,12,57,13,58,0.023742868571308962,0.02479116969723035,0.016194537149743702,2113,Frontal_Inf_Tri_L,Postcentral_R,0.0,0.0,0.0,0.96
4730,53,67,54,68,-0.024767824628884494,0.024767824628884494,0.024238124956512636,2114,Occipital_Inf_R,Precuneus_R,0.0,0.0,0.0,1.0
5783,73,90,74,91,0.007649193175765305,0.024756660457375963,0.015056272444977089,2115,Putamen_R,Cerebelum_Crus1_L,0.0,0.0,0.0,0.72
5873,75,99,76,100,0.015228098871718014,0.024750421290033832,0.009795226893298604,2116,Pallidum_R,Cerebelum_6_R,0.0,0.0,0.0,0.6
6131,82,105,83,106,0.02360086805089813,0.024745760098909608,0.014688082320053647,2117,Temporal_Pole_Sup_L,Cerebelum_9_R,0.0,0.0,0.0,0.96
1374,12,73,13,74,-0.00669836430552494,0.02474165575179942,0.011681317721714515,2118,Frontal_Inf_Tri_L,Putamen_R,0.0,0.0,0.0,0.56
3625,37,74,38,75,0.021700156177484168,0.02473366106456928,0.01313827667968277,2119,Hippocampus_R,Pallidum_L,0.0,0.0,0.0,0.78
1786,16,83,17,84,0.024725347758012356,0.024725347758012356,0.018615776903857587,2120,Rolandic_Oper_L,Temporal_Pole_Sup_R,0.0,0.0,0.0,1.0
3020,30,36,31,37,-0.02384976852776793,0.024716365578076813,0.015440328430665572,2121,Cingulum_Ant_L,Hippocampus_L,0.0,0.0,0.0,0.96
5646,70,82,71,83,0.02294023884228188,0.024714250676465283,0.015024077408027295,2122,Caudate_L,Temporal_Pole_Sup_L,0.0,0.0,0.0,0.88
5573,68,100,69,101,0.02078184666732284,0.02468962406269207,0.012616831882902337,2123,Paracentral_Lobule_L,Cerebelum_7b_L,0.0,0.0,0.0,0.66
5324,63,96,64,97,0.00158091615397842,0.024676995069474416,0.014835444548628871,2124,SupraMarginal_R,Cerebelum_4_5_L,0.0,0.0,0.0,0.66
5429,65,100,66,101,0.024301121526297778,0.02467687985192161,0.022648935008247155,2125,Angular_R,Cerebelum_7b_L,0.0,0.0,0.0,0.98
6334,89,105,90,106,0.021184259155566557,0.02466136563768425,0.016446514049519415,2126,Temporal_Inf_R,Cerebelum_9_R,0.0,0.0,0.0,0.88
6567,101,104,102,105,0.017310212177316465,0.02465476375728732,0.015601128570461857,2127,Cerebelum_7b_R,Cerebelum_9_L,0.0,0.0,0.0,0.82
6437,93,114,94,115,-0.024643112385964238,0.024643112385964238,0.015910268924018582,2128,Cerebelum_Crus2_R,Vermis_9,0.0,0.0,0.0,1.0
1711,15,107,16,108,0.023335574106195953,0.02464047715443077,0.013562378575580257,2129,Frontal_Inf_Orb_R,Cerebelum_10_R,0.0,0.0,0.0,0.9
1717,15,113,16,114,-0.02463225541044368,0.02463225541044368,0.02130824108200023,2130,Frontal_Inf_Orb_R,Vermis_8,0.0,0.0,0.0,1.0
2096,19,102,20,103,0.016784312293430848,0.02462009640701539,0.010750666375552817,2131,Supp_Motor_Area_R,Cerebelum_8_L,0.0,0.0,0.0,0.58
3385,34,71,35,72,0.02279878466698276,0.02459353827877139,0.016628877284883527,2132,Cingulum_Post_L,Caudate_R,0.0,0.0,0.0,0.94
1539,14,35,15,36,-0.024157480619973935,0.024588660971507147,0.01804004936199048,2133,Frontal_Inf_Orb_L,Cingulum_Post_R,0.0,0.0,0.0,0.98
4123,44,54,45,55,-0.02458163192744088,0.02458163192744088,0.020734166784029687,2134,Cuneus_L,Fusiform_L,0.0,0.0,0.0,1.0
3787,39,83,40,84,0.021927381088416145,0.024551332454771348,0.019375017175462705,2135,ParaHippocampal_R,Temporal_Pole_Sup_R,0.0,0.0,0.0,0.94
2999,29,100,30,101,-0.015079090100512798,0.02453948672005675,0.01241898682818695,2136,Insula_R,Cerebelum_7b_L,0.0,0.0,0.0,0.72
4644,51,106,52,107,-0.024538814601796948,0.024538814601796948,0.021079597053397826,2137,Occipital_Mid_R,Cerebelum_10_L,0.0,0.0,0.0,1.0
1611,14,107,15,108,0.0037580160827059583,0.02453730271479082,0.015103456722800758,2138,Frontal_Inf_Orb_L,Cerebelum_10_R,0.0,0.0,0.0,0.7
3635,37,84,38,85,0.020017391219843125,0.024535663953095768,0.007388503006607556,2139,Hippocampus_R,Temporal_Mid_L,0.0,0.0,0.0,0.76
2542,24,83,25,84,0.019492912370073775,0.024524360375883313,0.009863994551974774,2140,Frontal_Med_Orb_L,Temporal_Pole_Sup_R,0.0,0.0,0.0,0.72
4852,55,68,56,69,-0.024500608894676472,0.024500608894676472,0.0258481386765232,2141,Fusiform_R,Paracentral_Lobule_L,0.0,0.0,0.0,1.0
5931,77,80,78,81,-0.003890246292333255,0.024490789109269433,0.009076447573822144,2142,Thalamus_R,Temporal_Sup_L,0.0,0.0,0.0,0.5
6436,93,113,94,114,-0.024397561766872865,0.02448730612304477,0.016206917268238544,2143,Cerebelum_Crus2_R,Vermis_8,0.0,0.0,0.0,0.98
178,1,65,2,66,0.024476319325110154,0.024476319325110154,0.02261800808818133,2144,Precentral_R,Angular_R,0.0,0.0,0.0,1.0
5387,64,108,65,109,0.023797065384859848,0.02446771103898043,0.015860159823042216,2145,Angular_L,Vermis_1_2,0.0,0.0,0.0,0.96
3767,39,63,40,64,0.013072295230550902,0.02444864701225278,0.01291272227861366,2146,ParaHippocampal_R,SupraMarginal_R,0.0,0.0,0.0,0.88
3290,33,57,34,58,-0.024441473677025524,0.024441473677025524,0.01731636456919042,2147,Cingulum_Mid_R,Postcentral_R,0.0,0.0,0.0,1.0
1200,10,106,11,107,-0.023720829219834233,0.02439620335405266,0.014331190704830382,2148,Frontal_Inf_Oper_L,Cerebelum_10_L,0.0,0.0,0.1,0.88
3058,30,74,31,75,0.00880949528552774,0.024393414301003866,0.016143449523116853,2149,Cingulum_Ant_L,Pallidum_L,0.0,0.0,0.0,0.74
6235,86,87,87,88,0.013509865095978261,0.02437866068756297,0.018381108103874548,2150,Temporal_Pole_Mid_L,Temporal_Pole_Mid_R,0.0,0.0,0.0,0.68
3162,31,94,32,95,-0.005406218244198497,0.02437674267346184,0.012655024451838578,2151,Cingulum_Ant_R,Cerebelum_3_L,0.0,0.0,0.0,0.6
5151,60,82,61,83,0.009906659656109602,0.02437570493777381,0.01220995581650928,2152,Parietal_Inf_L,Temporal_Pole_Sup_L,0.0,0.0,0.0,0.68
4800,54,76,55,77,-0.02434984856986685,0.024358394499683408,0.01505504039476494,2153,Fusiform_L,Thalamus_L,0.0,0.0,0.0,0.98
4340,47,64,48,65,0.024008325883415126,0.024356532150694613,0.018740531607373344,2154,Lingual_R,Angular_L,0.0,0.0,0.0,0.98
2367,22,91,23,92,0.02298485808124445,0.024350942179012795,0.017181387135731488,2155,Frontal_Sup_Medial_L,Cerebelum_Crus1_R,0.0,0.0,0.0,0.84
5794,73,101,74,102,0.004999655818621797,0.024347429110739314,0.013745637665555456,2156,Putamen_R,Cerebelum_7b_R,0.0,0.0,0.0,0.78
5554,68,81,69,82,-0.01955493986854556,0.02434061426111516,0.013735281279175001,2157,Paracentral_Lobule_L,Temporal_Sup_R,0.0,0.0,0.0,0.9
5034,58,76,59,77,-0.02419718098128147,0.024335992054542815,0.020575371934476828,2158,Parietal_Sup_L,Thalamus_L,0.04,0.04,0.06,0.96
3648,37,97,38,98,-0.023987001578771983,0.02432792181058663,0.021903303057107665,2159,Hippocampus_R,Cerebelum_4_5_R,0.0,0.0,0.0,0.92
6463,95,99,96,100,0.00688603583772845,0.024322215206288824,0.015508162918229438,2160,Cerebelum_3_R,Cerebelum_6_R,0.0,0.0,0.0,0.8
6491,96,108,97,109,0.024304834142699575,0.024304834142699575,0.02473810037453477,2161,Cerebelum_4_5_L,Vermis_1_2,0.0,0.0,0.0,1.0
5654,70,90,71,91,-0.000280244335477225,0.024300642009442427,0.012451646109215678,2162,Caudate_L,Cerebelum_Crus1_L,0.0,0.0,0.0,0.58
5687,71,79,72,80,0.024292117431135768,0.024292117431135768,0.0238006180903527,2163,Caudate_R,Heschl_R,0.0,0.0,0.0,1.0
3140,31,72,32,73,0.016616617309791165,0.024267957136777804,0.01232271441866609,2164,Cingulum_Ant_R,Putamen_L,0.0,0.0,0.0,0.78
1875,17,74,18,75,-0.024264714224953216,0.024264714224953216,0.020322225553487464,2165,Rolandic_Oper_R,Pallidum_L,0.0,0.0,0.0,1.0
6116,82,90,83,91,0.010051005075869417,0.02426419834615782,0.009950916180289864,2166,Temporal_Pole_Sup_L,Cerebelum_Crus1_L,0.0,0.0,0.0,0.72
4486,49,77,50,78,-0.023930671342245274,0.0242637664859916,0.015731568824134554,2167,Occipital_Sup_R,Thalamus_R,0.0,0.0,0.0,0.98
6027,79,103,80,104,0.024149267026905057,0.024258240088913915,0.015441423387714516,2168,Heschl_R,Cerebelum_8_R,0.0,0.0,0.0,0.98
475,4,26,5,27,0.02182370717431807,0.024248156422105004,0.010129313862852318,2169,Frontal_Sup_Orb_L,Rectus_L,0.0,0.0,0.0,0.8
1664,15,60,16,61,-0.008975002424949518,0.024243928825199608,0.014615400471565457,2170,Frontal_Inf_Orb_R,Parietal_Inf_L,0.0,0.0,0.0,0.7
4208,45,69,46,70,-0.024242034198261642,0.024242034198261642,0.02268263410384222,2171,Cuneus_R,Paracentral_Lobule_R,0.0,0.0,0.0,1.0
2528,24,69,25,70,-0.024241253415651892,0.024241253415651892,0.0142584846887739,2172,Frontal_Med_Orb_L,Paracentral_Lobule_R,0.0,0.0,0.0,1.0
2755,27,29,28,30,-0.020910802228921735,0.02423077709971317,0.01545381793333114,2173,Rectus_R,Insula_R,0.0,0.0,0.0,0.92
3078,30,94,31,95,-0.004864356841279276,0.024215448463826582,0.01220424353098562,2174,Cingulum_Ant_L,Cerebelum_3_L,0.0,0.0,0.0,0.6
5028,58,70,59,71,-0.024070150705109254,0.024208867890460232,0.020309771270077166,2175,Parietal_Sup_L,Caudate_L,0.0,0.0,0.04,0.96
5699,71,91,72,92,-0.009646693797011028,0.024206331033674727,0.012033341905644111,2176,Caudate_R,Cerebelum_Crus1_R,0.0,0.0,0.0,0.56
3008,29,109,30,110,-0.02420439087633211,0.02420439087633211,0.02225977095981203,2177,Insula_R,Vermis_3,0.0,0.0,0.0,1.0
445,3,107,4,108,0.024192659260422928,0.024192659260422928,0.017535328432239802,2178,Frontal_Sup_R,Cerebelum_10_R,0.0,0.0,0.02,1.0
1552,14,48,15,49,0.024044436678170408,0.02418616361505258,0.0193226275276529,2179,Frontal_Inf_Orb_L,Occipital_Sup_L,0.0,0.0,0.0,0.92
667,5,108,6,109,-0.024172516487170777,0.024172516487170777,0.01839267261630065,2180,Frontal_Sup_Orb_R,Vermis_1_2,0.0,0.0,0.0,1.0
2311,22,35,23,36,-0.024159182353505247,0.024159182353505247,0.01668357502620545,2181,Frontal_Sup_Medial_L,Cingulum_Post_R,0.0,0.0,0.0,1.0
3442,35,48,36,49,-0.024152191283976197,0.024152191283976197,0.024067355210221124,2182,Cingulum_Post_R,Occipital_Sup_L,0.0,0.0,0.0,1.0
476,4,27,5,28,-0.020809911314100243,0.02414928005398856,0.013407495164060946,2183,Frontal_Sup_Orb_L,Rectus_R,0.0,0.0,0.0,0.84
3631,37,80,38,81,-0.0015996516450451478,0.024139171145077448,0.013340380392647785,2184,Hippocampus_R,Temporal_Sup_L,0.0,0.0,0.0,0.64
6102,81,109,82,110,-0.024138401472126356,0.024138401472126356,0.017965514841860243,2185,Temporal_Sup_R,Vermis_3,0.0,0.0,0.0,1.0
5971,78,83,79,84,0.024137472388180294,0.024137472388180294,0.01843810248650813,2186,Heschl_L,Temporal_Pole_Sup_R,0.0,0.0,0.0,1.0
986,8,103,9,104,0.022344340096410474,0.02413599778249763,0.016416607919414863,2187,Frontal_Mid_Orb_L,Cerebelum_8_R,0.0,0.0,0.0,0.96
3073,30,89,31,90,0.019418966602367416,0.02412614386911286,0.011767603855365157,2188,Cingulum_Ant_L,Temporal_Inf_R,0.0,0.0,0.0,0.78
5856,75,82,76,83,-0.02091503188959972,0.02411604807480614,0.015294857502144907,2189,Pallidum_R,Temporal_Pole_Sup_L,0.0,0.0,0.0,0.84
3452,35,58,36,59,-0.02397417993293711,0.024115717085773553,0.02579387715268896,2190,Cingulum_Post_R,Parietal_Sup_L,0.0,0.0,0.0,0.96
3791,39,87,40,88,0.02287756669395947,0.02411545727534736,0.017843288441523684,2191,ParaHippocampal_R,Temporal_Pole_Mid_R,0.0,0.0,0.0,0.86
5430,65,101,66,102,0.024114602817657347,0.024114602817657347,0.021780846877914494,2192,Angular_R,Cerebelum_7b_R,0.0,0.0,0.0,1.0
3571,36,98,37,99,0.019013629888827002,0.024112639888067333,0.015356876628059141,2193,Hippocampus_L,Cerebelum_6_L,0.0,0.0,0.0,0.9
6088,81,95,82,96,-0.018384706741303814,0.024111992088614607,0.01394922020663204,2194,Temporal_Sup_R,Cerebelum_3_R,0.0,0.0,0.0,0.78
5713,71,105,72,106,-0.020787468215553287,0.02409947960186333,0.009648791957262572,2195,Caudate_R,Cerebelum_9_R,0.0,0.0,0.0,0.7
3302,33,69,34,70,-0.024084455280842333,0.024084455280842333,0.01521702755084312,2196,Cingulum_Mid_R,Paracentral_Lobule_R,0.0,0.0,0.0,1.0
5747,72,96,73,97,0.02033767241621791,0.024083398257777257,0.010793438523293782,2197,Putamen_L,Cerebelum_4_5_L,0.0,0.0,0.0,0.62
6332,89,103,90,104,0.022819282610060308,0.024067235314347953,0.01569274111255483,2198,Temporal_Inf_R,Cerebelum_8_R,0.0,0.0,0.0,0.9
3308,33,75,34,76,-0.022643155752460117,0.02406269287235729,0.017908947052801653,2199,Cingulum_Mid_R,Pallidum_R,0.0,0.0,0.0,0.96
989,8,106,9,107,0.01556213002967047,0.024055014770512126,0.012276862431179127,2200,Frontal_Mid_Orb_L,Cerebelum_10_L,0.0,0.0,0.0,0.68
4564,50,90,51,91,-0.023984487257453817,0.024049181374763293,0.01653634866570828,2201,Occipital_Mid_L,Cerebelum_Crus1_L,0.0,0.0,0.0,0.96
2758,27,32,28,33,0.023914356909689016,0.024043165000330192,0.01952857182379083,2202,Rectus_R,Cingulum_Mid_L,0.0,0.0,0.0,0.92
2702,26,64,27,65,0.014156080980461283,0.024041053834384166,0.014537355176107344,2203,Rectus_L,Angular_L,0.0,0.0,0.0,0.76
1398,12,97,13,98,-0.0007261694631593806,0.024029523933758415,0.010014159797334797,2204,Frontal_Inf_Tri_L,Cerebelum_4_5_R,0.0,0.0,0.0,0.62
143,1,30,2,31,0.021843546428617994,0.024021891079031462,0.009631264319189283,2205,Precentral_R,Cingulum_Ant_L,0.0,0.0,0.0,0.72
2982,29,83,30,84,0.0009089515625170703,0.024013622258379552,0.015323769905761396,2206,Insula_R,Temporal_Pole_Sup_R,0.0,0.0,0.0,0.7
3039,30,55,31,56,0.023865927169378933,0.024013547428712437,0.012775763575370525,2207,Cingulum_Ant_L,Fusiform_R,0.0,0.0,0.0,0.94
6577,101,114,102,115,-0.02362226194698525,0.02400609931699397,0.016570405808833587,2208,Cerebelum_7b_R,Vermis_9,0.0,0.0,0.0,0.96
2953,29,54,30,55,-0.02400124309665592,0.02400124309665592,0.020465151517120667,2209,Insula_R,Fusiform_L,0.0,0.0,0.0,1.0
5021,58,63,59,64,-0.023853773352611976,0.023993957969289895,0.021296592671551002,2210,Parietal_Sup_L,SupraMarginal_R,0.0,0.06,0.08,0.96
3641,37,90,38,91,-0.015951720518431398,0.02398936072675477,0.017185476474808344,2211,Hippocampus_R,Cerebelum_Crus1_L,0.0,0.0,0.0,0.92
5769,73,76,74,77,0.017958883728086315,0.023970580283145127,0.012692460032984248,2212,Putamen_R,Thalamus_L,0.0,0.0,0.0,0.8
3326,33,93,34,94,-0.018620769252339364,0.023957982538285186,0.00928223809131382,2213,Cingulum_Mid_R,Cerebelum_Crus2_R,0.0,0.0,0.0,0.8
3597,37,46,38,47,-0.023947818113189707,0.023947818113189707,0.019366442741378262,2214,Hippocampus_R,Lingual_L,0.0,0.0,0.0,1.0
4262,46,54,47,55,-0.02392547659633464,0.02392547659633464,0.022492717167081715,2215,Lingual_L,Fusiform_L,0.0,0.0,0.0,1.0
1465,13,62,14,63,-0.02299796686428966,0.023923536588782195,0.012700953667923745,2216,Frontal_Inf_Tri_R,SupraMarginal_L,0.0,0.0,0.1,0.86
1591,14,87,15,88,0.023153066034809603,0.023910952947872224,0.014859364192217322,2217,Frontal_Inf_Orb_L,Temporal_Pole_Mid_R,0.0,0.0,0.0,0.94
464,4,15,5,16,-0.021305238428797137,0.023885803911835417,0.013742144524565816,2218,Frontal_Sup_Orb_L,Frontal_Inf_Orb_R,0.0,0.0,0.0,0.9
1312,11,114,12,115,-0.02245532035355215,0.023871130126743717,0.01675733554321337,2219,Frontal_Inf_Oper_R,Vermis_9,0.0,0.0,0.0,0.96
1420,13,17,14,18,-0.02373343941079563,0.023865373516126876,0.017103200776461207,2220,Frontal_Inf_Tri_R,Rolandic_Oper_R,0.0,0.0,0.0,0.96
560,4,111,5,112,-0.023444855837115575,0.023859589230962774,0.01733754294639005,2221,Frontal_Sup_Orb_L,Vermis_6,0.0,0.0,0.0,0.98
5055,58,97,59,98,-0.023721911814042422,0.02385594272626444,0.02239525163597832,2222,Parietal_Sup_L,Cerebelum_4_5_R,0.0,0.0,0.0,0.96
4973,57,72,58,73,-0.02368466865180982,0.02383813185728894,0.01883044231342427,2223,Postcentral_R,Putamen_L,0.0,0.0,0.0,0.96
6163,83,105,84,106,0.016755821554037317,0.023830552370652056,0.01641616780109484,2224,Temporal_Pole_Sup_R,Cerebelum_9_R,0.0,0.0,0.0,0.9
1056,9,67,10,68,-0.022742246639238614,0.023824417670080145,0.00986562353657922,2225,Frontal_Mid_Orb_R,Precuneus_R,0.0,0.0,0.0,0.9
5982,78,94,79,95,0.023692657872069037,0.023821756515794355,0.015761285336747397,2226,Heschl_L,Cerebelum_3_L,0.0,0.0,0.0,0.96
1435,13,32,14,33,-0.017657652246685265,0.023820320681884843,0.012941941930894853,2227,Frontal_Inf_Tri_R,Cingulum_Mid_L,0.0,0.0,0.0,0.68
4115,44,46,45,47,-0.023819753573493068,0.023819753573493068,0.019556732107309398,2228,Cuneus_L,Lingual_L,0.0,0.0,0.0,1.0
1946,18,48,19,49,0.021203254727313308,0.02381482775942973,0.016610270193213195,2229,Supp_Motor_Area_L,Occipital_Sup_L,0.0,0.0,0.0,0.66
1984,18,86,19,87,-0.015272073097575924,0.02381239327523615,0.012161009850597333,2230,Supp_Motor_Area_L,Temporal_Pole_Mid_L,0.0,0.0,0.0,0.66
1937,18,39,19,40,0.02381197954285665,0.02381197954285665,0.019310645274940443,2231,Supp_Motor_Area_L,ParaHippocampal_R,0.0,0.0,0.0,1.0
2433,23,65,24,66,0.02375607512620874,0.02375607512620874,0.02005399722744383,2232,Frontal_Sup_Medial_R,Angular_R,0.0,0.0,0.0,1.0
5882,75,108,76,109,-0.02348702608122539,0.02375226024167371,0.012591303425828359,2233,Pallidum_R,Vermis_1_2,0.0,0.0,0.0,0.94
3038,30,54,31,55,0.023296828826844793,0.023751828930836903,0.013812522081503579,2234,Cingulum_Ant_L,Fusiform_L,0.0,0.0,0.0,0.86
1600,14,96,15,97,0.02102882308106061,0.023734646900566723,0.016328613209058585,2235,Frontal_Inf_Orb_L,Cerebelum_4_5_L,0.0,0.0,0.0,0.98
2904,28,91,29,92,0.006097658258197504,0.02372784769831289,0.013233004276806992,2236,Insula_L,Cerebelum_Crus1_R,0.0,0.0,0.0,0.76
3179,31,111,32,112,-0.0235633703902939,0.02372265722141611,0.015560079656129305,2237,Cingulum_Ant_R,Vermis_6,0.0,0.0,0.0,0.98
346,3,8,4,9,0.023715861058488105,0.023715861058488105,0.02075635061602492,2238,Frontal_Sup_R,Frontal_Mid_Orb_L,0.0,0.0,0.04,1.0
3774,39,70,40,71,-0.017135149181680184,0.023701025206805455,0.012704907708770141,2239,ParaHippocampal_R,Caudate_L,0.0,0.0,0.0,0.58
6487,96,104,97,105,0.02316565960676012,0.023693955984330266,0.012193864268369978,2240,Cerebelum_4_5_L,Cerebelum_9_L,0.0,0.0,0.0,0.92
170,1,57,2,58,-0.02368419212652921,0.02368419212652921,0.020692114422534606,2241,Precentral_R,Postcentral_R,0.0,0.0,0.0,1.0
6382,91,104,92,105,-0.014747230505696146,0.023680385935004055,0.014812138114088897,2242,Cerebelum_Crus1_R,Cerebelum_9_L,0.0,0.0,0.0,0.76
1333,12,32,13,33,-0.021759431771168725,0.0236754332468782,0.017911688381898206,2243,Frontal_Inf_Tri_L,Cingulum_Mid_L,0.0,0.0,0.0,0.9
2815,27,89,28,90,-0.022043735865254453,0.023669108228255572,0.0131727464529127,2244,Rectus_R,Temporal_Inf_R,0.0,0.0,0.0,0.84
2082,19,88,20,89,-0.01940638838191721,0.023648774905226447,0.015413390067075105,2245,Supp_Motor_Area_R,Temporal_Inf_L,0.0,0.0,0.0,0.82
610,5,51,6,52,-0.023641588286700647,0.023641588286700647,0.018303181704521155,2246,Frontal_Sup_Orb_R,Occipital_Mid_R,0.0,0.0,0.0,1.0
1788,16,85,17,86,0.023633509615115532,0.023633509615115532,0.015839208933656333,2247,Rolandic_Oper_L,Temporal_Mid_R,0.0,0.0,0.0,1.0
3325,33,92,34,93,0.00809958635107297,0.023613690582223436,0.016649423438549943,2248,Cingulum_Mid_R,Cerebelum_Crus2_L,0.0,0.0,0.0,0.72
2798,27,72,28,73,-0.01427561309863825,0.023610235263663598,0.01430496046029387,2249,Rectus_R,Putamen_L,0.0,0.0,0.0,0.82
6409,92,108,93,109,0.023609820449485907,0.023609820449485907,0.013828632932921563,2250,Cerebelum_Crus2_L,Vermis_1_2,0.0,0.0,0.0,1.0
531,4,82,5,83,0.009666826432571862,0.02360278871697756,0.011092951969789568,2251,Frontal_Sup_Orb_L,Temporal_Pole_Sup_L,0.0,0.0,0.0,0.54
3154,31,86,32,87,0.004263256167278356,0.02357917866232163,0.013898439428307343,2252,Cingulum_Ant_R,Temporal_Pole_Mid_L,0.0,0.0,0.0,0.54
4359,47,83,48,84,0.023565814281522914,0.023565814281522914,0.022751945480660223,2253,Lingual_R,Temporal_Pole_Sup_R,0.0,0.0,0.0,1.0
64,0,65,1,66,0.023529377708684292,0.023529377708684292,0.021325070345628312,2254,Precentral_L,Angular_R,0.0,0.0,0.0,1.0
5647,70,83,71,84,0.022889172798054847,0.02351762833399182,0.016087295310766747,2255,Caudate_L,Temporal_Pole_Sup_R,0.0,0.0,0.0,0.96
520,4,71,5,72,0.002472541453113605,0.02351571483647775,0.009878062519548151,2256,Frontal_Sup_Orb_L,Caudate_R,0.0,0.0,0.0,0.6
5781,73,88,74,89,-0.01579911130170829,0.023505630952583255,0.008667523702830814,2257,Putamen_R,Temporal_Inf_L,0.0,0.0,0.0,0.54
2495,24,36,25,37,0.011053193859674026,0.02350111946039211,0.011927226095089428,2258,Frontal_Med_Orb_L,Hippocampus_L,0.0,0.0,0.0,0.54
950,8,67,9,68,-0.021638210193947155,0.023498124128468394,0.013213974321379676,2259,Frontal_Mid_Orb_L,Precuneus_R,0.0,0.0,0.0,0.84
5723,71,115,72,116,0.02090935733250481,0.02347591993677424,0.013901342967215392,2260,Caudate_R,Vermis_10,0.0,0.0,0.0,0.82
6229,85,110,86,111,0.023468133057166617,0.023468133057166617,0.016889648888760173,2261,Temporal_Mid_R,Vermis_4_5,0.0,0.0,0.0,1.0
1638,15,34,16,35,0.022587083474994617,0.023460935181255787,0.018997142219292072,2262,Frontal_Inf_Orb_R,Cingulum_Post_L,0.0,0.0,0.0,0.96
6208,85,89,86,90,-0.005482455175034409,0.023454335517482505,0.012582707351817043,2263,Temporal_Mid_R,Temporal_Inf_R,0.0,0.0,0.0,0.58
4426,48,83,49,84,0.023449319180676595,0.023449319180676595,0.01584681106053813,2264,Occipital_Sup_L,Temporal_Pole_Sup_R,0.0,0.0,0.0,1.0
556,4,107,5,108,0.010468437131250428,0.023439230181367177,0.011512922842001169,2265,Frontal_Sup_Orb_L,Cerebelum_10_R,0.0,0.0,0.0,0.58
5498,67,72,68,73,0.022907820814961392,0.023433096250251046,0.01620053104383406,2266,Precuneus_R,Putamen_L,0.0,0.0,0.0,0.98
1091,9,102,10,103,-0.017491797417384488,0.023428337301379817,0.011506572688020762,2267,Frontal_Mid_Orb_R,Cerebelum_8_L,0.0,0.0,0.0,0.8
3134,31,66,32,67,0.02070704610566965,0.0234049184699577,0.013573780034127219,2268,Cingulum_Ant_R,Precuneus_L,0.0,0.0,0.0,0.86
5547,68,74,69,75,-0.02339470678419053,0.02339470678419053,0.016270067074323838,2269,Paracentral_Lobule_L,Pallidum_L,0.0,0.0,0.0,1.0
4805,54,81,55,82,-0.023093002326472347,0.023385338696876323,0.014266263108284188,2270,Fusiform_L,Temporal_Sup_R,0.0,0.0,0.0,0.98
6559,100,110,101,111,0.02312537209390416,0.02336840757362208,0.013505046020010021,2271,Cerebelum_7b_L,Vermis_4_5,0.0,0.0,0.0,0.88
5911,76,98,77,99,-0.0016190224479900042,0.023326047507271425,0.014859885236399462,2272,Thalamus_L,Cerebelum_6_L,0.0,0.0,0.0,0.6
6556,100,107,101,108,-0.019146542318860052,0.023307271035071606,0.008128595503484777,2273,Cerebelum_7b_L,Cerebelum_10_R,0.0,0.0,0.0,0.66
3559,36,86,37,87,-0.019969812121888447,0.0232956773067996,0.012764849929358158,2274,Hippocampus_L,Temporal_Pole_Mid_L,0.0,0.0,0.0,0.9
127,1,14,2,15,0.023291727617883642,0.023291727617883642,0.014299997863579567,2275,Precentral_R,Frontal_Inf_Orb_L,0.0,0.0,0.0,1.0
1835,17,34,18,35,0.023273529078743364,0.023273529078743364,0.023319928529126323,2276,Rolandic_Oper_R,Cingulum_Post_L,0.0,0.0,0.0,1.0
1028,9,39,10,40,0.022782894915012473,0.023267122237203022,0.013245834366448397,2277,Frontal_Mid_Orb_R,ParaHippocampal_R,0.0,0.0,0.0,0.9
5315,63,87,64,88,-0.001854036306520838,0.0232662393346735,0.012210306133589217,2278,SupraMarginal_R,Temporal_Pole_Mid_R,0.0,0.0,0.0,0.54
5396,65,67,66,68,0.023242882274161557,0.023242882274161557,0.021113880595978865,2279,Angular_R,Precuneus_R,0.0,0.0,0.0,1.0
3624,37,73,38,74,-0.014899768826064603,0.02323624978910064,0.010702120463779847,2280,Hippocampus_R,Putamen_R,0.0,0.0,0.0,0.54
1082,9,93,10,94,-0.016345977256898247,0.023235137802966155,0.022043811713961012,2281,Frontal_Mid_Orb_R,Cerebelum_Crus2_R,0.0,0.0,0.0,0.8
561,4,112,5,113,-0.023226857131617158,0.023226857131617158,0.0165384008761789,2282,Frontal_Sup_Orb_L,Vermis_7,0.0,0.0,0.0,1.0
2707,26,69,27,70,-0.022993517781700307,0.023197484921479057,0.023903614838632216,2283,Rectus_L,Paracentral_Lobule_R,0.0,0.0,0.0,0.96
2612,25,63,26,64,0.014563611570519412,0.023187542204763028,0.013428782016057007,2284,Frontal_Med_Orb_R,SupraMarginal_R,0.0,0.0,0.0,0.7
1379,12,78,13,79,-0.021367791639029,0.02318225009798128,0.011986254341860523,2285,Frontal_Inf_Tri_L,Heschl_L,0.0,0.0,0.0,0.74
5675,70,111,71,112,-0.023179034419182964,0.023179034419182964,0.013702216322565922,2286,Caudate_L,Vermis_6,0.0,0.0,0.0,1.0
1070,9,81,10,82,-0.00389733528862469,0.023156895290605398,0.012429602612789657,2287,Frontal_Mid_Orb_R,Temporal_Sup_R,0.0,0.0,0.0,0.72
3488,35,94,36,95,-0.021073842536241533,0.02315573341448958,0.014837226135682034,2288,Cingulum_Post_R,Cerebelum_3_L,0.0,0.0,0.0,0.88
1809,16,106,17,107,0.022943036246233072,0.023142089515321547,0.014074739512262936,2289,Rolandic_Oper_L,Cerebelum_10_L,0.0,0.0,0.0,0.88
5819,74,85,75,86,0.019132407377051484,0.02313857670680884,0.018975936526924267,2290,Pallidum_L,Temporal_Mid_R,0.0,0.0,0.0,0.9
5737,72,86,73,87,0.005095435234727406,0.023129832385179988,0.014206833245845546,2291,Putamen_L,Temporal_Pole_Mid_L,0.0,0.0,0.0,0.72
3940,41,87,42,88,-0.023113563075129837,0.023113563075129837,0.01836886310878665,2292,Amygdala_R,Temporal_Pole_Mid_R,0.0,0.0,0.0,1.0
1256,11,58,12,59,0.01931372744784101,0.023112518733439766,0.008604444852690706,2293,Frontal_Inf_Oper_R,Parietal_Sup_L,0.02,0.04,0.12,0.58
3628,37,77,38,78,-0.0059779707577150565,0.023105926997186235,0.010914880908362116,2294,Hippocampus_R,Thalamus_R,0.0,0.0,0.0,0.62
5762,72,111,73,112,-0.021042460614952307,0.02310315162272759,0.012434954556121333,2295,Putamen_L,Vermis_6,0.0,0.0,0.0,0.92
3314,33,81,34,82,0.016437527249749385,0.0230979761144861,0.010934910163281797,2296,Cingulum_Mid_R,Temporal_Sup_R,0.0,0.0,0.0,0.74
6201,84,112,85,113,0.021744725821239985,0.02305621360658531,0.016868052979945865,2297,Temporal_Mid_L,Vermis_7,0.0,0.0,0.0,0.92
1787,16,84,17,85,0.022322041202265774,0.023054495881675074,0.016270944734187723,2298,Rolandic_Oper_L,Temporal_Mid_L,0.0,0.0,0.0,0.98
5900,76,87,77,88,-0.009304672644172755,0.023047672253305486,0.012530558093439004,2299,Thalamus_L,Temporal_Pole_Mid_R,0.0,0.0,0.0,0.82
1688,15,84,16,85,0.013336241820463248,0.02304236016986881,0.01365879042500289,2300,Frontal_Inf_Orb_R,Temporal_Mid_L,0.0,0.0,0.0,0.76
5241,62,65,63,66,0.02303945846893471,0.02303945846893471,0.02197994351989637,2301,SupraMarginal_L,Angular_R,0.0,0.0,0.0,1.0
5509,67,83,68,84,0.023026785567489695,0.02303291595501731,0.014589785019527624,2302,Precuneus_R,Temporal_Pole_Sup_R,0.0,0.0,0.0,0.98
2782,27,56,28,57,0.02302327230854805,0.02302327230854805,0.018546780773698635,2303,Rectus_R,Postcentral_L,0.0,0.0,0.0,1.0
2453,23,85,24,86,0.010933864324666843,0.02301896992941137,0.010568458584405041,2304,Frontal_Sup_Medial_R,Temporal_Mid_R,0.0,0.0,0.0,0.58
6521,98,103,99,104,-0.0051435462060761715,0.023009715920715483,0.017225462917089276,2305,Cerebelum_6_L,Cerebelum_8_R,0.0,0.0,0.0,0.5
836,7,60,8,61,-0.022340718078654887,0.022998775664431304,0.018427803678587592,2306,Frontal_Mid_R,Parietal_Inf_L,0.04,0.04,0.1,0.92
6630,106,112,107,113,-0.02283874682549712,0.02299272134151813,0.01602636046547306,2307,Cerebelum_10_L,Vermis_7,0.0,0.0,0.0,0.98
5240,62,64,63,65,0.02181998388221443,0.02297968562258825,0.010790979374325629,2308,SupraMarginal_L,Angular_L,0.0,0.06,0.18,0.8
3439,35,45,36,46,-0.022954293649981236,0.022954293649981236,0.021331647455053726,2309,Cingulum_Post_R,Cuneus_R,0.0,0.0,0.0,1.0
6262,86,114,87,115,0.022943528644851403,0.022943528644851403,0.017444613820301526,2310,Temporal_Pole_Mid_L,Vermis_9,0.0,0.0,0.0,1.0
2945,29,46,30,47,-0.022494974728916307,0.022935838427970617,0.013331041339971213,2311,Insula_R,Lingual_L,0.0,0.0,0.0,0.98
3009,29,110,30,111,-0.022917293109471323,0.022932008320681194,0.020641437445914887,2312,Insula_R,Vermis_4_5,0.0,0.0,0.0,0.98
6565,101,102,102,103,-0.011200651761392231,0.022928469216988944,0.013282430775273347,2313,Cerebelum_7b_R,Cerebelum_8_L,0.0,0.0,0.0,0.78
1493,13,90,14,91,-0.006578104973480503,0.022926708917225556,0.009568377518462557,2314,Frontal_Inf_Tri_R,Cerebelum_Crus1_L,0.0,0.0,0.0,0.6
4439,48,96,49,97,-0.022921510209711372,0.022921510209711372,0.02103007525263697,2315,Occipital_Sup_L,Cerebelum_4_5_L,0.0,0.0,0.0,1.0
2666,26,28,27,29,0.019421316326240463,0.022895050686824066,0.008407160717985713,2316,Rectus_L,Insula_L,0.0,0.0,0.0,0.82
5026,58,68,59,69,-0.022744857306159303,0.022881381176971395,0.022396410653418124,2317,Parietal_Sup_L,Paracentral_Lobule_L,0.0,0.0,0.0,0.96
4394,48,51,49,52,0.022874197777115964,0.022874197777115964,0.021411941138895482,2318,Occipital_Sup_L,Occipital_Mid_R,0.0,0.0,0.0,1.0
3250,32,99,33,100,-0.014503293184051363,0.022864124286302415,0.01155017805873467,2319,Cingulum_Mid_L,Cerebelum_6_R,0.0,0.0,0.0,0.54
2823,27,97,28,98,0.020762955668525547,0.02285918731003332,0.009290314779871446,2320,Rectus_R,Cerebelum_4_5_R,0.0,0.0,0.0,0.88
6534,99,100,100,101,0.003921541423273041,0.022854259738329358,0.012707366083014406,2321,Cerebelum_6_R,Cerebelum_7b_L,0.0,0.0,0.0,0.54
5439,65,110,66,111,0.022842712775225427,0.022842712775225427,0.017976433024603587,2322,Angular_R,Vermis_4_5,0.0,0.0,0.0,1.0
6065,80,106,81,107,0.00011319028482269222,0.022832146118821037,0.01675445825862826,2323,Temporal_Sup_L,Cerebelum_10_L,0.0,0.0,0.0,0.66
566,5,7,6,8,0.02059656925907865,0.022827388115040904,0.009301949745011442,2324,Frontal_Sup_Orb_R,Frontal_Mid_R,0.0,0.02,0.12,0.72
6358,90,104,91,105,-0.004535511288278424,0.022825494999096266,0.01570097329673123,2325,Cerebelum_Crus1_L,Cerebelum_9_L,0.0,0.0,0.0,0.56
1866,17,65,18,66,0.02282545328352873,0.02282545328352873,0.020545990316727117,2326,Rolandic_Oper_R,Angular_R,0.0,0.0,0.0,1.0
5669,70,105,71,106,-0.015855682817138606,0.022824561229419022,0.012702789107521296,2327,Caudate_L,Cerebelum_9_R,0.0,0.0,0.0,0.66
3514,36,41,37,42,-0.022783923895833853,0.022809440609761724,0.018048430078330985,2328,Hippocampus_L,Amygdala_R,0.0,0.0,0.0,0.98
5926,76,113,77,114,-0.022802208394170083,0.022802208394170083,0.015074874209506262,2329,Thalamus_L,Vermis_8,0.0,0.0,0.0,1.0
3271,33,38,34,39,0.021198872757206638,0.02279826726231993,0.011988114498552117,2330,Cingulum_Mid_R,ParaHippocampal_L,0.0,0.0,0.0,0.7
6104,81,111,82,112,0.021556819422152415,0.022796778929637475,0.012221681977731562,2331,Temporal_Sup_R,Vermis_6,0.0,0.0,0.0,0.76
5183,60,114,61,115,-0.021513403719188116,0.022786073129614635,0.01508390784206056,2332,Parietal_Inf_L,Vermis_9,0.0,0.0,0.0,0.96
5792,73,99,74,100,-0.00409268071524823,0.022782040145413424,0.009631440426647157,2333,Putamen_R,Cerebelum_6_R,0.0,0.0,0.0,0.56
114,0,115,1,116,-0.022778615738728695,0.022778615738728695,0.022499218591093245,2334,Precentral_L,Vermis_10,0.0,0.0,0.0,1.0
5652,70,88,71,89,0.008435884336129887,0.02276952375432194,0.008935177693238976,2335,Caudate_L,Temporal_Inf_L,0.0,0.0,0.0,0.56
5017,58,59,59,60,-0.02248573209844489,0.022759772641126604,0.019897475785464906,2336,Parietal_Sup_L,Parietal_Sup_R,0.0,0.02,0.02,0.94
1929,18,31,19,32,-0.0010745611096940504,0.02272848664835606,0.01756454253523674,2337,Supp_Motor_Area_L,Cingulum_Ant_R,0.0,0.0,0.0,0.6
6055,80,96,81,97,-0.016321391502279625,0.022709699763787734,0.014698457567928813,2338,Temporal_Sup_L,Cerebelum_4_5_L,0.0,0.0,0.0,0.82
2899,28,86,29,87,0.01833770530343,0.022700734546374005,0.015054460758329205,2339,Insula_L,Temporal_Pole_Mid_L,0.0,0.0,0.0,0.82
548,4,99,5,100,-0.006591806169926761,0.02269352448829026,0.011827800284076331,2340,Frontal_Sup_Orb_L,Cerebelum_6_R,0.0,0.0,0.0,0.5
5296,63,68,64,69,-0.006355334884120786,0.02269332881925815,0.012640525463574826,2341,SupraMarginal_R,Paracentral_Lobule_L,0.0,0.0,0.0,0.76
4058,43,60,44,61,-0.02263548096828088,0.022683830899816355,0.01745607440946933,2342,Calcarine_R,Parietal_Inf_L,0.0,0.0,0.0,0.98
2976,29,77,30,78,0.007293243178840541,0.022672166642250264,0.009888376504643942,2343,Insula_R,Thalamus_R,0.0,0.0,0.0,0.6
578,5,19,6,20,0.01803028570292792,0.022670694651622716,0.01559652996538561,2344,Frontal_Sup_Orb_R,Supp_Motor_Area_R,0.0,0.0,0.0,0.88
1441,13,38,14,39,-0.014487138303884328,0.022655734038836216,0.007548141772664494,2345,Frontal_Inf_Tri_R,ParaHippocampal_L,0.0,0.0,0.0,0.84
1819,17,18,18,19,-0.022645433316293248,0.022645433316293248,0.013944661663295534,2346,Rolandic_Oper_R,Supp_Motor_Area_L,0.0,0.0,0.0,1.0
6122,82,96,83,97,-0.021969214919489347,0.022639392928155457,0.01517035626844676,2347,Temporal_Pole_Sup_L,Cerebelum_4_5_L,0.0,0.0,0.0,0.96
2589,25,40,26,41,0.02237013363207655,0.022638047968805097,0.0167527897551984,2348,Frontal_Med_Orb_R,Amygdala_L,0.0,0.0,0.0,0.88
6539,99,105,100,106,-0.014698039767820333,0.02263682971747974,0.009918624524736004,2349,Cerebelum_6_R,Cerebelum_9_R,0.0,0.0,0.0,0.5
5999,78,111,79,112,0.02259308497862443,0.02262113617233091,0.021147684701586705,2350,Heschl_L,Vermis_6,0.0,0.0,0.0,0.96
1633,15,29,16,30,-0.009136260469056802,0.022616371613788967,0.013239896395958538,2351,Frontal_Inf_Orb_R,Insula_R,0.0,0.0,0.0,0.58
3122,31,54,32,55,0.022247991136870867,0.022608818954558768,0.013676167557362163,2352,Cingulum_Ant_R,Fusiform_L,0.0,0.0,0.0,0.88
6241,86,93,87,94,0.00733406364271072,0.02259963954075688,0.012105154285683654,2353,Temporal_Pole_Mid_L,Cerebelum_Crus2_R,0.0,0.0,0.0,0.5
3190,32,39,33,40,0.020901276682666187,0.022598948207343043,0.017465527778948726,2354,Cingulum_Mid_L,ParaHippocampal_R,0.0,0.0,0.0,0.96
2931,29,32,30,33,0.021652475465382827,0.02259002898062476,0.01627476412484375,2355,Insula_R,Cingulum_Mid_L,0.0,0.0,0.0,0.94
6117,82,91,83,92,0.004737781893009303,0.022589197508100827,0.01744968299314833,2356,Temporal_Pole_Sup_L,Cerebelum_Crus1_R,0.0,0.0,0.0,0.74
1933,18,35,19,36,-0.02084800705350923,0.022581045148987625,0.017780558909591418,2357,Supp_Motor_Area_L,Cingulum_Post_R,0.0,0.0,0.0,0.98
6566,101,103,102,104,-0.01799239502291428,0.022566881469957015,0.009621041476046883,2358,Cerebelum_7b_R,Cerebelum_8_R,0.0,0.0,0.0,0.78
6279,87,103,88,104,-0.017344842618780217,0.022554663848130225,0.009217931232354606,2359,Temporal_Pole_Mid_R,Cerebelum_8_R,0.0,0.0,0.0,0.72
3389,34,75,35,76,0.02247596851216394,0.022548521341177838,0.015171263497118748,2360,Cingulum_Post_L,Pallidum_R,0.0,0.0,0.0,0.94
3688,38,60,39,61,0.01504365859905098,0.022547753456813466,0.011155870897363486,2361,ParaHippocampal_L,Parietal_Inf_L,0.0,0.0,0.0,0.72
648,5,89,6,90,0.01545502683710338,0.022540248550814015,0.012433591805951499,2362,Frontal_Sup_Orb_R,Temporal_Inf_R,0.0,0.0,0.0,0.7
4492,49,83,50,84,0.022538115473452816,0.022538115473452816,0.0189846172957291,2363,Occipital_Sup_R,Temporal_Pole_Sup_R,0.0,0.0,0.0,1.0
522,4,73,5,74,0.007609714699064402,0.022527796990222435,0.012534718159648121,2364,Frontal_Sup_Orb_L,Putamen_R,0.0,0.0,0.0,0.6
757,6,89,7,90,0.02191279341690661,0.02252356025476326,0.012137173362513746,2365,Frontal_Mid_L,Temporal_Inf_R,0.0,0.0,0.06,0.96
3417,34,103,35,104,0.022211120881779234,0.022507148623806497,0.013156067271784255,2366,Cingulum_Post_L,Cerebelum_8_R,0.0,0.0,0.0,0.98
1643,15,39,16,40,0.02250703596259672,0.02250703596259672,0.01870452357100976,2367,Frontal_Inf_Orb_R,ParaHippocampal_R,0.0,0.0,0.0,1.0
2529,24,70,25,71,0.012788497352904523,0.022502188454401807,0.015657996198183456,2368,Frontal_Med_Orb_L,Caudate_L,0.0,0.0,0.0,0.82
6540,99,106,100,107,-0.013512334582013777,0.02249823542093565,0.010247598218094227,2369,Cerebelum_6_R,Cerebelum_10_L,0.0,0.0,0.0,0.76
5895,76,82,77,83,-0.01788136223906764,0.022487396899656852,0.01802573286402935,2370,Thalamus_L,Temporal_Pole_Sup_L,0.0,0.0,0.0,0.76
1575,14,71,15,72,0.008138687796368308,0.022480377779923896,0.01385474842592767,2371,Frontal_Inf_Orb_L,Caudate_R,0.0,0.0,0.0,0.8
2518,24,59,25,60,-0.022253099927813415,0.022473621245695248,0.019292904747802188,2372,Frontal_Med_Orb_L,Parietal_Sup_R,0.0,0.0,0.0,0.92
536,4,87,5,88,0.004070053266464608,0.022468128749603737,0.012698716292168441,2373,Frontal_Sup_Orb_L,Temporal_Pole_Mid_R,0.0,0.0,0.0,0.66
5780,73,87,74,88,0.015154582714815745,0.022459674352197423,0.013217987739368279,2374,Putamen_R,Temporal_Pole_Mid_R,0.0,0.0,0.0,0.8
5064,58,106,59,107,-0.022279429611380647,0.022419763252432508,0.02107779502864388,2375,Parietal_Sup_L,Cerebelum_10_L,0.0,0.0,0.0,0.96
6129,82,103,83,104,-0.013116016846144465,0.022418786355835496,0.008892063390531238,2376,Temporal_Pole_Sup_L,Cerebelum_8_R,0.0,0.0,0.0,0.52
144,1,31,2,32,0.020616614995197558,0.022418213471489243,0.008905596964837018,2377,Precentral_R,Cingulum_Ant_R,0.0,0.0,0.0,0.7
1587,14,83,15,84,-0.0018460667678865878,0.02241402595910313,0.013035346712358155,2378,Frontal_Inf_Orb_L,Temporal_Pole_Sup_R,0.0,0.0,0.0,0.64
970,8,87,9,88,-0.011192287843006516,0.02240818232623025,0.013883508558816324,2379,Frontal_Mid_Orb_L,Temporal_Pole_Mid_R,0.0,0.0,0.0,0.8
1540,14,36,15,37,0.021887657617872276,0.02240173752239495,0.012829040046542242,2380,Frontal_Inf_Orb_L,Hippocampus_L,0.0,0.0,0.0,0.98
3732,38,104,39,105,-0.018584223883742226,0.022362437671022004,0.01633775417415469,2381,ParaHippocampal_L,Cerebelum_9_L,0.0,0.0,0.0,0.88
5510,67,84,68,85,-0.019323530794682072,0.02235250380881451,0.01252442353131032,2382,Precuneus_R,Temporal_Mid_L,0.0,0.0,0.0,0.88
5745,72,94,73,95,-0.016681870736361067,0.022346113088188613,0.01596040968561826,2383,Putamen_L,Cerebelum_3_L,0.0,0.0,0.0,0.82
502,4,53,5,54,0.022265281917511606,0.022286061954485258,0.015289433899075732,2384,Frontal_Sup_Orb_L,Occipital_Inf_R,0.0,0.0,0.0,0.98
6292,88,89,89,90,-0.016726954456794608,0.022283664534798634,0.009759343532653939,2385,Temporal_Inf_L,Temporal_Inf_R,0.0,0.0,0.0,0.64
6420,93,97,94,98,0.021246566506352302,0.022276093727000294,0.01173963169230928,2386,Cerebelum_Crus2_R,Cerebelum_4_5_R,0.0,0.0,0.0,0.84
249,2,23,3,24,-0.021517791762600557,0.022273369789722258,0.014553218806639522,2387,Frontal_Sup_L,Frontal_Sup_Medial_R,0.0,0.02,0.08,0.82
3557,36,84,37,85,0.017709827473560497,0.02227221149349154,0.011696501238695235,2388,Hippocampus_L,Temporal_Mid_L,0.0,0.0,0.0,0.72
2892,28,79,29,80,0.022052158339132794,0.02225657881405461,0.012805911487074398,2389,Insula_L,Heschl_R,0.0,0.0,0.0,0.98
1867,17,66,18,67,0.022252492578656052,0.022252492578656052,0.02389802808240135,2390,Rolandic_Oper_R,Precuneus_L,0.0,0.0,0.0,1.0
4290,46,82,47,83,-0.022239994419322874,0.022239994419322874,0.015212484347042674,2391,Lingual_L,Temporal_Pole_Sup_L,0.0,0.0,0.0,1.0
5251,62,75,63,76,-0.02157071769660349,0.02222362644840906,0.013294898602605493,2392,SupraMarginal_L,Pallidum_R,0.0,0.0,0.02,0.86
2397,23,29,24,30,-0.01470055699557866,0.022218300943149753,0.011747049343460929,2393,Frontal_Sup_Medial_R,Insula_R,0.0,0.0,0.0,0.54
5706,71,98,72,99,0.008767190364519745,0.02221557162236346,0.012094156602454241,2394,Caudate_R,Cerebelum_6_L,0.0,0.0,0.0,0.78
6077,81,84,82,85,0.00704222059792457,0.02221432315321889,0.014155457848656381,2395,Temporal_Sup_R,Temporal_Mid_L,0.0,0.0,0.0,0.6
6438,93,115,94,116,-0.02151197082080672,0.022208936925611704,0.014507357699895085,2396,Cerebelum_Crus2_R,Vermis_10,0.0,0.0,0.0,0.86
5572,68,99,69,100,-0.021187946487023015,0.02220633460409228,0.01389276778092274,2397,Paracentral_Lobule_L,Cerebelum_6_R,0.0,0.0,0.0,0.9
5467,66,89,67,90,0.022045098350124928,0.02220259067092248,0.01432838618972052,2398,Precuneus_L,Temporal_Inf_R,0.0,0.0,0.0,0.96
3244,32,93,33,94,0.014946971633503827,0.022185350352763304,0.014043125010598019,2399,Cingulum_Mid_L,Cerebelum_Crus2_R,0.0,0.0,0.0,0.9
211,1,98,2,99,-0.016821702845578688,0.02218461091703554,0.007794947905223836,2400,Precentral_R,Cerebelum_6_L,0.0,0.0,0.0,0.6
6261,86,113,87,114,0.02059708511036016,0.02218289978157183,0.014751289776572404,2401,Temporal_Pole_Mid_L,Vermis_8,0.0,0.0,0.0,0.98
3241,32,90,33,91,0.014833523078417905,0.02217521472555731,0.013882067162185353,2402,Cingulum_Mid_L,Cerebelum_Crus1_L,0.0,0.0,0.0,0.8
2881,28,68,29,69,-0.020451134183658112,0.022172332095767508,0.015408523352641612,2403,Insula_L,Paracentral_Lobule_L,0.0,0.0,0.0,0.96
2565,24,106,25,107,-0.011978206342752963,0.022157703107484945,0.013112722235014754,2404,Frontal_Med_Orb_L,Cerebelum_10_L,0.0,0.0,0.0,0.7
1589,14,85,15,86,-0.013741534037959904,0.022151803298881872,0.010557778101553159,2405,Frontal_Inf_Orb_L,Temporal_Mid_R,0.0,0.0,0.0,0.58
5023,58,65,59,66,0.02214418204560217,0.02214418204560217,0.01662273931086367,2406,Parietal_Sup_L,Angular_R,0.02,0.04,0.04,1.0
4915,56,72,57,73,-0.02214281457873635,0.02214281457873635,0.015779783752052776,2407,Postcentral_L,Putamen_L,0.0,0.0,0.0,1.0
5754,72,103,73,104,0.02006779185624476,0.022139522316078738,0.01070777597548481,2408,Putamen_L,Cerebelum_8_R,0.0,0.0,0.0,0.82
5734,72,83,73,84,0.0044851784171765306,0.022130830975932967,0.01686740492068366,2409,Putamen_L,Temporal_Pole_Sup_R,0.0,0.0,0.0,0.72
6533,98,115,99,116,-0.020300557542333602,0.022128518598167293,0.01770599189275357,2410,Cerebelum_6_L,Vermis_10,0.0,0.0,0.0,0.9
4808,54,84,55,85,0.02152889128152994,0.022121960669721843,0.010192277860350827,2411,Fusiform_L,Temporal_Mid_L,0.0,0.0,0.0,0.9
485,4,36,5,37,-0.014963461236311107,0.022120826763435467,0.013741383846205893,2412,Frontal_Sup_Orb_L,Hippocampus_L,0.0,0.0,0.0,0.76
3086,30,102,31,103,-0.004528539058514196,0.022119966143370945,0.012633213402417368,2413,Cingulum_Ant_L,Cerebelum_8_L,0.0,0.0,0.0,0.64
3401,34,87,35,88,-0.021637085332057895,0.022102168120013387,0.013893323450481766,2414,Cingulum_Post_L,Temporal_Pole_Mid_R,0.0,0.0,0.0,0.94
1325,12,24,13,25,-0.006707613283083511,0.022102154307570725,0.009991562748459356,2415,Frontal_Inf_Tri_L,Frontal_Med_Orb_L,0.0,0.0,0.0,0.54
1847,17,46,18,47,-0.022097258494768894,0.022097258494768894,0.019991022560415718,2416,Rolandic_Oper_R,Lingual_L,0.0,0.0,0.0,1.0
1221,11,23,12,24,0.0007655236011449275,0.022097210488633164,0.010235253016272282,2417,Frontal_Inf_Oper_R,Frontal_Sup_Medial_R,0.0,0.0,0.0,0.66
4781,54,57,55,58,-0.02209582583038909,0.02209582583038909,0.018396143718583682,2418,Fusiform_L,Postcentral_R,0.0,0.0,0.0,1.0
5056,58,98,59,99,-0.02195476506749706,0.02209364957757441,0.0214041226000099,2419,Parietal_Sup_L,Cerebelum_6_L,0.0,0.0,0.0,0.96
6553,100,104,101,105,-0.006928684102194411,0.022088315204405094,0.010292171040856602,2420,Cerebelum_7b_L,Cerebelum_9_L,0.0,0.0,0.0,0.56
3331,33,98,34,99,0.020074380921813212,0.022086359906900853,0.015811824998081335,2421,Cingulum_Mid_R,Cerebelum_6_L,0.0,0.0,0.0,0.92
897,8,14,9,15,0.011666687579489831,0.02206524085141732,0.012523067624281223,2422,Frontal_Mid_Orb_L,Frontal_Inf_Orb_L,0.0,0.0,0.0,0.84
5135,60,66,61,67,-0.0074016905742461895,0.022062644163088098,0.010667663287851572,2423,Parietal_Inf_L,Precuneus_L,0.0,0.0,0.0,0.64
1295,11,97,12,98,0.013336271172315397,0.022051531610828713,0.01260387380547336,2424,Frontal_Inf_Oper_R,Cerebelum_4_5_R,0.0,0.0,0.0,0.62
6313,88,110,89,111,0.02197803593897265,0.02205083019579354,0.015135299072919235,2425,Temporal_Inf_L,Vermis_4_5,0.0,0.0,0.0,0.96
3623,37,72,38,73,0.014925707095220387,0.02204608983901698,0.009608594982542275,2426,Hippocampus_R,Putamen_L,0.0,0.0,0.0,0.76
6512,97,111,98,112,-0.022034553122029288,0.022034553122029288,0.019103866846267206,2427,Cerebelum_4_5_R,Vermis_6,0.0,0.0,0.0,1.0
3547,36,74,37,75,-0.017589418897574042,0.022032340445853026,0.009635115366377522,2428,Hippocampus_L,Pallidum_L,0.0,0.0,0.0,0.76
3062,30,78,31,79,0.021577369014386897,0.022028506146785004,0.014357421605508687,2429,Cingulum_Ant_L,Heschl_L,0.0,0.0,0.0,0.98
1337,12,36,13,37,0.0021852681569610546,0.022026493729926325,0.011720474896222336,2430,Frontal_Inf_Tri_L,Hippocampus_L,0.0,0.0,0.0,0.68
4167,44,98,45,99,-0.018575477205481982,0.021999255229650655,0.008111199788592621,2431,Cuneus_L,Cerebelum_6_L,0.0,0.0,0.0,0.64
1543,14,39,15,40,0.02199610010240971,0.02199610010240971,0.013448601514189178,2432,Frontal_Inf_Orb_L,ParaHippocampal_R,0.0,0.0,0.0,1.0
4507,49,98,50,99,-0.020901227274105535,0.021991325117591914,0.010402188753834562,2433,Occipital_Sup_R,Cerebelum_6_L,0.0,0.0,0.0,0.88
6524,98,106,99,107,0.01271000340769445,0.021977517357163488,0.01541027314427808,2434,Cerebelum_6_L,Cerebelum_10_L,0.0,0.0,0.0,0.62
6541,99,107,100,108,0.0028677665297592555,0.021968336102809353,0.012868294534546233,2435,Cerebelum_6_R,Cerebelum_10_R,0.0,0.0,0.0,0.62
5001,57,100,58,101,-0.02196390530901376,0.02196390530901376,0.010963966146079262,2436,Postcentral_R,Cerebelum_7b_L,0.0,0.0,0.0,1.0
2503,24,44,25,45,-0.021101878571582945,0.021963636132415323,0.019423040705291737,2437,Frontal_Med_Orb_L,Cuneus_L,0.0,0.0,0.0,0.98
1481,13,78,14,79,0.02190911854431872,0.02194901425836304,0.01686597783105638,2438,Frontal_Inf_Tri_R,Heschl_L,0.0,0.0,0.0,0.98
5411,65,82,66,83,0.021937291140229728,0.021937291140229728,0.020769682302311805,2439,Angular_R,Temporal_Pole_Sup_L,0.0,0.0,0.0,1.0
6155,83,97,84,98,0.02130544525413718,0.02192810753201329,0.012802539586301818,2440,Temporal_Pole_Sup_R,Cerebelum_4_5_R,0.0,0.0,0.0,0.9
3004,29,105,30,106,0.018559270305233296,0.021916669492373333,0.014603674348190385,2441,Insula_R,Cerebelum_9_R,0.0,0.0,0.0,0.88
4960,57,59,58,60,-0.021708460413256206,0.021905008650508154,0.019166273035052587,2442,Postcentral_R,Parietal_Sup_R,0.0,0.0,0.0,0.94
1793,16,90,17,91,0.021755589639013535,0.021900909896329302,0.013937210247376432,2443,Rolandic_Oper_L,Cerebelum_Crus1_L,0.0,0.0,0.0,0.98
6523,98,105,99,106,0.016214265874219713,0.021896316939051932,0.012882933134530358,2444,Cerebelum_6_L,Cerebelum_9_R,0.0,0.0,0.0,0.92
1243,11,45,12,46,-0.01862440766560448,0.021895429875681275,0.01057232013191108,2445,Frontal_Inf_Oper_R,Cuneus_R,0.0,0.0,0.0,0.7
577,5,18,6,19,-0.013197978754060744,0.02189496968404406,0.014300371891727087,2446,Frontal_Sup_Orb_R,Supp_Motor_Area_L,0.0,0.0,0.0,0.76
1686,15,82,16,83,0.02044008908619953,0.021876957571835345,0.015499411814813659,2447,Frontal_Inf_Orb_R,Temporal_Pole_Sup_L,0.0,0.0,0.0,0.86
3355,34,41,35,42,-0.0218726348727499,0.0218726348727499,0.013696924753621064,2448,Cingulum_Post_L,Amygdala_R,0.0,0.0,0.0,1.0
2093,19,99,20,100,-0.0014527241222281842,0.021871328931290557,0.014822849733732157,2449,Supp_Motor_Area_R,Cerebelum_6_R,0.0,0.0,0.0,0.64
3352,34,38,35,39,0.014763493186893531,0.021866864773721902,0.0110691856389225,2450,Cingulum_Post_L,ParaHippocampal_L,0.0,0.0,0.0,0.52
5400,65,71,66,72,0.02183844690603588,0.02183844690603588,0.022402973485707224,2451,Angular_R,Caudate_R,0.0,0.0,0.0,1.0
1352,12,51,13,52,-0.020003247532697443,0.021834740718750686,0.015279886557444122,2452,Frontal_Inf_Tri_L,Occipital_Mid_R,0.0,0.0,0.0,0.96
2624,25,75,26,76,-0.020678483396392132,0.02183230842781412,0.013080558346745071,2453,Frontal_Med_Orb_R,Pallidum_R,0.0,0.0,0.0,0.94
3229,32,78,33,79,0.021826571991987787,0.021826571991987787,0.01834558486440762,2454,Cingulum_Mid_L,Heschl_L,0.0,0.0,0.0,1.0
6489,96,106,97,107,-0.004112903088424176,0.021816261371737616,0.01196560434951376,2455,Cerebelum_4_5_L,Cerebelum_10_L,0.0,0.0,0.0,0.72
5915,76,102,77,103,0.008058773997191702,0.021813249806346198,0.011535164698016773,2456,Thalamus_L,Cerebelum_8_L,0.0,0.0,0.0,0.52
4458,48,115,49,116,-0.02181059707222578,0.02181059707222578,0.022944297768866126,2457,Occipital_Sup_L,Vermis_10,0.0,0.0,0.0,1.0
4442,48,99,49,100,0.02102521824013351,0.021808175695357455,0.010621637167300205,2458,Occipital_Sup_L,Cerebelum_6_R,0.0,0.0,0.0,0.96
2431,23,63,24,64,-0.010734975876486703,0.02180447175257648,0.010406205247900455,2459,Frontal_Sup_Medial_R,SupraMarginal_R,0.0,0.0,0.0,0.6
5527,67,101,68,102,-0.021649072211817597,0.021791955236432802,0.012515251681797422,2460,Precuneus_R,Cerebelum_7b_R,0.0,0.0,0.0,0.96
3126,31,58,32,59,-0.021635293571227225,0.021786212124780963,0.01868713813852863,2461,Cingulum_Ant_R,Parietal_Sup_L,0.0,0.0,0.04,0.94
2629,25,80,26,81,0.010863414643690188,0.021777764505979826,0.011436392817557966,2462,Frontal_Med_Orb_R,Temporal_Sup_L,0.0,0.0,0.0,0.82
2450,23,82,24,83,-0.020470211094031625,0.021771251295866375,0.015524214208328349,2463,Frontal_Sup_Medial_R,Temporal_Pole_Sup_L,0.0,0.0,0.0,0.84
2806,27,80,28,81,0.01571576962488196,0.021763318880058433,0.007816901439387165,2464,Rectus_R,Temporal_Sup_L,0.0,0.0,0.0,0.64
2076,19,82,20,83,0.008744319827943853,0.021763036796349933,0.013519347616856183,2465,Supp_Motor_Area_R,Temporal_Pole_Sup_L,0.0,0.0,0.0,0.68
5016,57,115,58,116,-0.021757486952806153,0.021757486952806153,0.021789199978274523,2466,Postcentral_R,Vermis_10,0.0,0.0,0.0,1.0
5116,59,102,60,103,-0.021540726020949766,0.021747686623324346,0.019213730421355796,2467,Parietal_Sup_R,Cerebelum_8_L,0.0,0.0,0.0,0.94
2829,27,103,28,104,-0.01830980509958373,0.021745966749810906,0.012983033471631739,2468,Rectus_R,Cerebelum_8_R,0.0,0.0,0.0,0.86
582,5,23,6,24,0.011644703400104628,0.02174481809805244,0.01479242193947045,2469,Frontal_Sup_Orb_R,Frontal_Sup_Medial_R,0.0,0.0,0.0,0.54
2395,23,27,24,28,0.021737298198723658,0.021737298198723658,0.015450111588173252,2470,Frontal_Sup_Medial_R,Rectus_R,0.0,0.0,0.0,1.0
4913,56,70,57,71,-0.02169178524946989,0.02173060455614679,0.016702531033080108,2471,Postcentral_L,Caudate_L,0.0,0.0,0.0,0.98
6001,78,113,79,114,0.021730350040963912,0.021730350040963912,0.021055454755613587,2472,Heschl_L,Vermis_8,0.0,0.0,0.0,1.0
5046,58,88,59,89,0.018698443436833075,0.0217298901367076,0.007253804490068836,2473,Parietal_Sup_L,Temporal_Inf_L,0.02,0.02,0.06,0.64
2396,23,28,24,29,0.01959499050266172,0.02172460831481822,0.014260109405604937,2474,Frontal_Sup_Medial_R,Insula_L,0.0,0.0,0.0,0.88
6007,79,83,80,84,0.01921644954764236,0.021716327745485223,0.020151091704322135,2475,Heschl_R,Temporal_Pole_Sup_R,0.0,0.0,0.0,0.94
3723,38,95,39,96,-0.01485835825073433,0.021702190821165254,0.013307626718914525,2476,ParaHippocampal_L,Cerebelum_3_R,0.0,0.0,0.0,0.84
6344,89,115,90,116,-0.021697205271539576,0.021697205271539576,0.01917236645576673,2477,Temporal_Inf_R,Vermis_10,0.0,0.0,0.0,1.0
3082,30,98,31,99,0.0009861817081386606,0.021694164164837812,0.012855512531270687,2478,Cingulum_Ant_L,Cerebelum_6_L,0.0,0.0,0.0,0.6
3332,33,99,34,100,-0.017785317433344855,0.021683274958748774,0.01668505056086702,2479,Cingulum_Mid_R,Cerebelum_6_R,0.0,0.0,0.0,0.7
3728,38,100,39,101,-0.017336327313674557,0.021682177481390195,0.013735986752119983,2480,ParaHippocampal_L,Cerebelum_7b_L,0.0,0.0,0.0,0.86
3794,39,90,40,91,0.01733812451791346,0.021674876623450468,0.010512688196036828,2481,ParaHippocampal_R,Cerebelum_Crus1_L,0.0,0.0,0.0,0.86
3242,32,91,33,92,0.004602371024791343,0.02166068809571156,0.012037415053318085,2482,Cingulum_Mid_L,Cerebelum_Crus1_R,0.0,0.0,0.0,0.74
5866,75,92,76,93,-0.00520927139636249,0.02165600949914459,0.011629240504477379,2483,Pallidum_R,Cerebelum_Crus2_L,0.0,0.0,0.0,0.5
2739,26,101,27,102,0.013235192561743572,0.021655617631510363,0.010943414288214659,2484,Rectus_L,Cerebelum_7b_R,0.0,0.0,0.0,0.66
3509,35,115,36,116,0.02164125188712224,0.02164125188712224,0.017990738335614383,2485,Cingulum_Post_R,Vermis_10,0.0,0.0,0.0,1.0
6354,90,100,91,101,-0.0016117609082440052,0.021619385120771998,0.01516176048840419,2486,Cerebelum_Crus1_L,Cerebelum_7b_L,0.0,0.0,0.0,0.56
5985,78,97,79,98,0.02155274270585363,0.021610787620299717,0.016147552587345328,2487,Heschl_L,Cerebelum_4_5_R,0.0,0.0,0.0,0.98
6466,95,102,96,103,0.009151816346250187,0.021604131472093023,0.011016065993442924,2488,Cerebelum_3_R,Cerebelum_8_L,0.0,0.0,0.0,0.68
4553,50,79,51,80,0.021593642881867523,0.021593642881867523,0.02060749177474695,2489,Occipital_Mid_L,Heschl_R,0.0,0.0,0.0,1.0
4653,51,115,52,116,-0.02159247859842747,0.02159247859842747,0.023351199487091995,2490,Occipital_Mid_R,Vermis_10,0.0,0.0,0.0,1.0
5712,71,104,72,105,0.018656423676374493,0.021585919922473093,0.01385537514184149,2491,Caudate_R,Cerebelum_9_L,0.0,0.0,0.0,0.82
1257,11,59,12,60,0.0175928404858963,0.02158073800990648,0.008885461508734725,2492,Frontal_Inf_Oper_R,Parietal_Sup_R,0.02,0.04,0.06,0.66
3693,38,65,39,66,0.021445656332751768,0.02157211768168892,0.019252878759501817,2493,ParaHippocampal_L,Angular_R,0.0,0.0,0.0,0.94
3291,33,58,34,59,-0.02141378894819181,0.021555039233851315,0.021482088449898944,2494,Cingulum_Mid_R,Parietal_Sup_L,0.0,0.0,0.0,0.96
105,0,106,1,107,-0.020558507201135626,0.02155059485924132,0.013734610197526118,2495,Precentral_L,Cerebelum_10_L,0.0,0.0,0.0,0.94
5504,67,78,68,79,0.021539798707316773,0.021539798707316773,0.019479049046844117,2496,Precuneus_R,Heschl_L,0.0,0.0,0.0,1.0
1375,12,74,13,75,0.006311695479616579,0.021538719651630057,0.010289699692519298,2497,Frontal_Inf_Tri_L,Pallidum_L,0.0,0.0,0.0,0.54
5871,75,97,76,98,0.016695590940426955,0.02153536841459781,0.009684714501596494,2498,Pallidum_R,Cerebelum_4_5_R,0.0,0.0,0.0,0.58
5418,65,89,66,90,0.02153170697604685,0.02153170697604685,0.02033022184061791,2499,Angular_R,Temporal_Inf_R,0.0,0.0,0.0,1.0
3237,32,86,33,87,0.014343951709226952,0.021529185238490248,0.009835312340047999,2500,Cingulum_Mid_L,Temporal_Pole_Mid_L,0.0,0.0,0.0,0.6
1965,18,67,19,68,-0.02096311345769716,0.021528098801865875,0.013128910203076069,2501,Supp_Motor_Area_L,Precuneus_R,0.0,0.0,0.0,0.94
2737,26,99,27,100,-0.006168911597252628,0.02152636400587139,0.012905776780278395,2502,Rectus_L,Cerebelum_6_R,0.0,0.0,0.0,0.56
3560,36,87,37,88,0.020013425194004838,0.021517271803090973,0.00904677154259615,2503,Hippocampus_L,Temporal_Pole_Mid_R,0.0,0.0,0.0,0.86
5548,68,75,69,76,-0.01994727101124566,0.021511724880378287,0.016157360124684307,2504,Paracentral_Lobule_L,Pallidum_R,0.0,0.0,0.0,0.96
2854,28,41,29,42,-0.021463764957161367,0.021502140521785007,0.019069435876413177,2505,Insula_L,Amygdala_R,0.0,0.0,0.0,0.98
633,5,74,6,75,0.012841727918179337,0.02149280991321438,0.011394857451509272,2506,Frontal_Sup_Orb_R,Pallidum_L,0.0,0.0,0.0,0.8
2074,19,80,20,81,0.01203531481578069,0.021489025034303656,0.012567488568054987,2507,Supp_Motor_Area_R,Temporal_Sup_L,0.0,0.0,0.0,0.74
2341,22,65,23,66,0.02148215310339325,0.02148215310339325,0.01730912010653351,2508,Frontal_Sup_Medial_L,Angular_R,0.0,0.0,0.0,1.0
3500,35,106,36,107,0.01354366594873528,0.021475740590491222,0.010164820530815525,2509,Cingulum_Post_R,Cerebelum_10_L,0.0,0.0,0.0,0.62
2428,23,60,24,61,-0.015087854597965437,0.021469269610100327,0.015456891702624816,2510,Frontal_Sup_Medial_R,Parietal_Inf_L,0.0,0.0,0.0,0.86
4424,48,81,49,82,0.01858857159438667,0.021464068902517557,0.006201882203162595,2511,Occipital_Sup_L,Temporal_Sup_R,0.0,0.0,0.0,0.64
6369,90,115,91,116,-0.02060061624908838,0.02146218452829427,0.012488334670098862,2512,Cerebelum_Crus1_L,Vermis_10,0.0,0.0,0.0,0.86
1396,12,95,13,96,-0.00866286498273869,0.02145536694325375,0.017851701779738695,2513,Frontal_Inf_Tri_L,Cerebelum_3_R,0.0,0.0,0.0,0.72
3642,37,91,38,92,0.010209269933123877,0.021450196744075587,0.008803832181454242,2514,Hippocampus_R,Cerebelum_Crus1_R,0.0,0.0,0.0,0.64
6161,83,103,84,104,0.01814081081831775,0.021449429854500067,0.01388688948057588,2515,Temporal_Pole_Sup_R,Cerebelum_8_R,0.0,0.0,0.0,0.88
2833,27,107,28,108,0.007913833503955074,0.021442446715404576,0.010106469625116382,2516,Rectus_R,Cerebelum_10_R,0.0,0.0,0.0,0.54
3703,38,75,39,76,-0.014205236111543207,0.02144162816448287,0.012097491248255978,2517,ParaHippocampal_L,Pallidum_R,0.0,0.0,0.0,0.9
5027,58,69,59,70,-0.02128742467248848,0.02142636946467198,0.020340188067470455,2518,Parietal_Sup_L,Paracentral_Lobule_R,0.0,0.0,0.0,0.96
1872,17,71,18,72,0.021328509945520876,0.021418979081814653,0.017952559452217826,2519,Rolandic_Oper_R,Caudate_R,0.0,0.0,0.0,0.98
5578,68,105,69,106,-0.020899970435374872,0.02141619123176044,0.012441691158169763,2520,Paracentral_Lobule_L,Cerebelum_9_R,0.0,0.0,0.0,0.96
1285,11,87,12,88,0.0071996394324076686,0.021413955881661107,0.01217261041976472,2521,Frontal_Inf_Oper_R,Temporal_Pole_Mid_R,0.0,0.0,0.0,0.62
2793,27,67,28,68,-0.021402787560718763,0.021402787560718763,0.011116951569634801,2522,Rectus_R,Precuneus_R,0.0,0.0,0.0,1.0
6101,81,108,82,109,-0.021357645794447336,0.02138802147990976,0.021416253105064426,2523,Temporal_Sup_R,Vermis_1_2,0.0,0.0,0.0,0.98
5798,73,105,74,106,-0.013185606964723671,0.02137442759554815,0.009974169014885226,2524,Putamen_R,Cerebelum_9_R,0.0,0.0,0.0,0.5
5928,76,115,77,116,0.019293045584094545,0.0213686949159599,0.011677608622198882,2525,Thalamus_L,Vermis_10,0.0,0.0,0.0,0.88
6147,83,89,84,90,0.019328034434089137,0.021344419524540005,0.014731978591808293,2526,Temporal_Pole_Sup_R,Temporal_Inf_R,0.0,0.0,0.0,0.9
4466,49,57,50,58,-0.02133679398504754,0.02133679398504754,0.02158871137110567,2527,Occipital_Sup_R,Postcentral_R,0.0,0.0,0.0,1.0
4672,52,71,53,72,0.02131904260087347,0.02131904260087347,0.010232328776951955,2528,Occipital_Inf_L,Caudate_R,0.0,0.0,0.0,1.0
1080,9,91,10,92,-0.01287898064860432,0.02128082295031356,0.014412680478037773,2529,Frontal_Mid_Orb_R,Cerebelum_Crus1_R,0.0,0.0,0.0,0.7
3784,39,80,40,81,0.018385790959190712,0.02127044649329535,0.014091640167472785,2530,ParaHippocampal_R,Temporal_Sup_L,0.0,0.0,0.0,0.94
620,5,61,6,62,0.02107329254250374,0.021264873152903457,0.012572122866674959,2531,Frontal_Sup_Orb_R,Parietal_Inf_R,0.0,0.0,0.0,0.94
5035,58,77,59,78,-0.021115722834065667,0.021260827863247185,0.018528215526275538,2532,Parietal_Sup_L,Thalamus_R,0.0,0.02,0.06,0.96
1708,15,104,16,105,0.019006075770928266,0.02125880476114013,0.010732696045581004,2533,Frontal_Inf_Orb_R,Cerebelum_9_L,0.0,0.0,0.0,0.84
839,7,63,8,64,-0.02112642755529072,0.021256691035007744,0.01756509513671036,2534,Frontal_Mid_R,SupraMarginal_R,0.02,0.02,0.04,0.94
5638,70,74,71,75,-0.01028874352017952,0.021252639389616076,0.011722363791659432,2535,Caudate_L,Pallidum_L,0.0,0.0,0.0,0.52
4356,47,80,48,81,-0.021096830397064045,0.021227282592617948,0.016767440063858788,2536,Lingual_R,Temporal_Sup_L,0.0,0.0,0.0,0.94
5054,58,96,59,97,-0.021086570807865437,0.02122303935685057,0.019984320194210804,2537,Parietal_Sup_L,Cerebelum_4_5_L,0.0,0.0,0.0,0.96
1966,18,68,19,69,-0.01645299170139253,0.021222924192119307,0.011691097032158825,2538,Supp_Motor_Area_L,Paracentral_Lobule_L,0.0,0.0,0.0,0.92
3495,35,101,36,102,0.0030395474972337595,0.02121782700956587,0.01575454286230681,2539,Cingulum_Post_R,Cerebelum_7b_R,0.0,0.0,0.0,0.56
6159,83,101,84,102,-0.011044883457128512,0.02121377136214191,0.013233975931197411,2540,Temporal_Pole_Sup_R,Cerebelum_7b_R,0.0,0.0,0.0,0.64
5117,59,103,60,104,-0.020999174883482435,0.021207466280247788,0.018146403226956608,2541,Parietal_Sup_R,Cerebelum_8_R,0.0,0.0,0.0,0.94
5842,74,108,75,109,-0.020611513588224155,0.021207373438036498,0.014583622221848568,2542,Pallidum_L,Vermis_1_2,0.0,0.0,0.0,0.96
1523,14,19,15,20,-0.018278134090895473,0.02120667691722765,0.011158489551800651,2543,Frontal_Inf_Orb_L,Supp_Motor_Area_R,0.0,0.0,0.0,0.78
2852,28,39,29,40,0.01890506317975247,0.02120279550952225,0.010055397651812771,2544,Insula_L,ParaHippocampal_R,0.0,0.0,0.0,0.92
3956,41,103,42,104,-0.02093103412954771,0.02118491423040929,0.009316645488469834,2545,Amygdala_R,Cerebelum_8_R,0.0,0.0,0.0,0.96
668,5,109,6,110,-0.021180149624211796,0.021180149624211796,0.015764171599501414,2546,Frontal_Sup_Orb_R,Vermis_3,0.0,0.0,0.0,1.0
5861,75,87,76,88,0.01476235087978034,0.02117865283448837,0.007343804838814321,2547,Pallidum_R,Temporal_Pole_Mid_R,0.0,0.0,0.0,0.64
3249,32,98,33,99,0.0045434178553280195,0.021170619904822763,0.01523428723224854,2548,Cingulum_Mid_L,Cerebelum_6_L,0.0,0.0,0.0,0.72
3317,33,84,34,85,-0.015557323548541438,0.02116608515478282,0.013069806292066027,2549,Cingulum_Mid_R,Temporal_Mid_L,0.0,0.0,0.0,0.8
6105,81,112,82,113,0.020819678812844505,0.021162451423480652,0.01585618129906529,2550,Temporal_Sup_R,Vermis_7,0.0,0.0,0.0,0.92
3415,34,101,35,102,-0.016621142810608572,0.021144507026806498,0.01263482469315742,2551,Cingulum_Post_L,Cerebelum_7b_R,0.0,0.0,0.0,0.76
3760,39,56,40,57,0.021139020573184154,0.021139020573184154,0.018282017014756093,2552,ParaHippocampal_R,Postcentral_L,0.0,0.0,0.0,1.0
547,4,98,5,99,0.009032121686070128,0.02113372182040603,0.010434787169849115,2553,Frontal_Sup_Orb_L,Cerebelum_6_L,0.0,0.0,0.0,0.66
5869,75,95,76,96,-0.008596274769265489,0.021133674004614807,0.016803111460981845,2554,Pallidum_R,Cerebelum_3_R,0.0,0.0,0.0,0.76
5608,69,89,70,90,-0.02019849301286268,0.021125762969981466,0.015126744479724364,2555,Paracentral_Lobule_R,Temporal_Inf_R,0.0,0.0,0.0,0.94
6284,87,108,88,109,-0.02111186758807942,0.02111186758807942,0.016131688771282987,2556,Temporal_Pole_Mid_R,Vermis_1_2,0.0,0.0,0.0,1.0
5065,58,107,59,108,-0.020969651653148416,0.021109097167288326,0.0214872441034054,2557,Parietal_Sup_L,Cerebelum_10_R,0.0,0.0,0.0,0.96
3323,33,90,34,91,-0.011556619382216273,0.021105726361058084,0.01104543319955546,2558,Cingulum_Mid_R,Cerebelum_Crus1_L,0.0,0.0,0.0,0.54
574,5,15,6,16,0.01465290685237821,0.021100532719052597,0.01613097800769605,2559,Frontal_Sup_Orb_R,Frontal_Inf_Orb_R,0.0,0.0,0.0,0.62
1007,9,18,10,19,0.018411265694995602,0.021092661870706145,0.009843378307032113,2560,Frontal_Mid_Orb_R,Supp_Motor_Area_L,0.0,0.0,0.0,0.76
2069,19,75,20,76,-0.004918527261691076,0.021090510559482592,0.014079655038425874,2561,Supp_Motor_Area_R,Pallidum_R,0.0,0.0,0.0,0.74
2023,19,29,20,30,-0.014151979544360706,0.02108624342189191,0.011389789177788365,2562,Supp_Motor_Area_R,Insula_R,0.0,0.0,0.0,0.64
218,1,105,2,106,0.02107880136183165,0.02107880136183165,0.015212520258366094,2563,Precentral_R,Cerebelum_9_R,0.0,0.0,0.0,1.0
4210,45,71,46,72,0.02106332790817793,0.0210775680284583,0.014467108651167584,2564,Cuneus_R,Caudate_R,0.0,0.0,0.0,0.98
3105,31,37,32,38,0.019425049289032114,0.021074693873920643,0.011063832739485926,2565,Cingulum_Ant_R,Hippocampus_R,0.0,0.0,0.0,0.84
1224,11,26,12,27,-0.016591369611032917,0.021067988288021974,0.01087865857063084,2566,Frontal_Inf_Oper_R,Rectus_L,0.0,0.0,0.0,0.8
930,8,47,9,48,0.02105016097249654,0.02105016097249654,0.018951033471263548,2567,Frontal_Mid_Orb_L,Lingual_R,0.0,0.0,0.0,1.0
6340,89,111,90,112,-0.02011031636297043,0.021047625034753548,0.01443634803932771,2568,Temporal_Inf_R,Vermis_6,0.0,0.0,0.0,0.98
35,0,36,1,37,0.020967900900193483,0.021033720650971435,0.014929265264530128,2569,Precentral_L,Hippocampus_L,0.0,0.0,0.0,0.98
2995,29,96,30,97,0.014069654839785707,0.021029583287027767,0.007444191627964114,2570,Insula_R,Cerebelum_4_5_L,0.0,0.0,0.0,0.52
3349,34,35,35,36,0.020139152495576584,0.02102873985266803,0.013467357857723643,2571,Cingulum_Post_L,Cingulum_Post_R,0.0,0.0,0.0,0.92
1522,14,18,15,19,0.01371338056399566,0.021018920194429577,0.014846349862463963,2572,Frontal_Inf_Orb_L,Supp_Motor_Area_L,0.0,0.0,0.0,0.84
1680,15,76,16,77,0.019833303291924467,0.021018512128121006,0.013436823260302334,2573,Frontal_Inf_Orb_R,Thalamus_L,0.0,0.0,0.0,0.88
4793,54,69,55,70,-0.021018084940315193,0.021018084940315193,0.018697543220815887,2574,Fusiform_L,Paracentral_Lobule_R,0.0,0.0,0.0,1.0
6603,103,115,104,116,-0.020677828001714246,0.021005188493131217,0.012809628975172765,2575,Cerebelum_8_R,Vermis_10,0.0,0.0,0.0,0.98
4196,45,57,46,58,-0.021003831097286894,0.021003831097286894,0.01872548956118806,2576,Cuneus_R,Postcentral_R,0.0,0.0,0.0,1.0
1459,13,56,14,57,0.019792186494233137,0.020993324056346085,0.008122307562100202,2577,Frontal_Inf_Tri_R,Postcentral_L,0.0,0.0,0.0,0.86
3930,41,77,42,78,-0.01891298991737042,0.02098112661919769,0.011139661310890078,2578,Amygdala_R,Thalamus_R,0.0,0.0,0.0,0.88
3499,35,105,36,106,0.01961803952753539,0.020971797809793503,0.014157412124965019,2579,Cingulum_Post_R,Cerebelum_9_R,0.0,0.0,0.0,0.92
1112,10,18,11,19,0.018281863264602974,0.0209611096309754,0.013322013629063954,2580,Frontal_Inf_Oper_L,Supp_Motor_Area_L,0.0,0.0,0.04,0.72
3540,36,67,37,68,0.01960526483037612,0.020960965642507996,0.012875019463672144,2581,Hippocampus_L,Precuneus_R,0.0,0.0,0.0,0.72
2861,28,48,29,49,0.0200625820272883,0.02095088607963678,0.010154786636252511,2582,Insula_L,Occipital_Sup_L,0.0,0.0,0.0,0.84
4620,51,82,52,83,0.020906551399659877,0.020942862337670926,0.01700822962898901,2583,Occipital_Mid_R,Temporal_Pole_Sup_L,0.0,0.0,0.0,0.96
3994,42,68,43,69,-0.02092265700419427,0.02092265700419427,0.01965778526246745,2584,Calcarine_L,Paracentral_Lobule_L,0.0,0.0,0.0,1.0
905,8,22,9,23,-0.02013773826423934,0.02092251054680367,0.006955003272263038,2585,Frontal_Mid_Orb_L,Frontal_Sup_Medial_L,0.0,0.0,0.0,0.84
5945,77,94,78,95,-0.008480891562558338,0.02091829219121885,0.009031627455890031,2586,Thalamus_R,Cerebelum_3_L,0.0,0.0,0.0,0.54
3051,30,67,31,68,0.019148654114181252,0.020916591911215553,0.009078252374185379,2587,Cingulum_Ant_L,Precuneus_R,0.0,0.0,0.0,0.78
5732,72,81,73,82,0.01410091085764726,0.020912245643310103,0.015122389666649014,2588,Putamen_L,Temporal_Sup_R,0.0,0.0,0.0,0.82
5477,66,99,67,100,-0.015669441335089143,0.020881828085620953,0.00985325935460104,2589,Precuneus_L,Cerebelum_6_R,0.0,0.0,0.0,0.5
6448,94,104,95,105,0.014806856797913272,0.020880998862995506,0.00811642583892668,2590,Cerebelum_3_L,Cerebelum_9_L,0.0,0.0,0.0,0.78
4743,53,80,54,81,-0.02071870801656701,0.02082363301580578,0.013604888000952622,2591,Occipital_Inf_R,Temporal_Sup_L,0.0,0.0,0.0,0.98
1157,10,63,11,64,-0.020436818243911855,0.020818794020187117,0.011517675410783409,2592,Frontal_Inf_Oper_L,SupraMarginal_R,0.04,0.04,0.12,0.9
4636,51,98,52,99,0.01921263747943926,0.020810346505700475,0.01592840357628613,2593,Occipital_Mid_R,Cerebelum_6_L,0.0,0.0,0.0,0.96
4674,52,73,53,74,0.02080634576428899,0.02080634576428899,0.013629924408517617,2594,Occipital_Inf_L,Putamen_R,0.0,0.0,0.0,1.0
3023,30,39,31,40,-0.0182156977939204,0.020788919087354373,0.006801575308357441,2595,Cingulum_Ant_L,ParaHippocampal_R,0.0,0.0,0.0,0.74
1993,18,95,19,96,-0.015543508019581171,0.02077642139391074,0.01453517057461845,2596,Supp_Motor_Area_L,Cerebelum_3_R,0.0,0.0,0.0,0.86
3270,33,37,34,38,-0.020051818106388043,0.020771996265412533,0.016419259689285766,2597,Cingulum_Mid_R,Hippocampus_R,0.0,0.0,0.0,0.94
5069,58,111,59,112,-0.02063147870142027,0.020763779514296813,0.02048774495048005,2598,Parietal_Sup_L,Vermis_6,0.0,0.0,0.0,0.96
152,1,39,2,40,0.020757763428134422,0.020757763428134422,0.019875474925988304,2599,Precentral_R,ParaHippocampal_R,0.0,0.0,0.0,1.0
915,8,32,9,33,0.005059470919928831,0.020753357383289015,0.013050062016724227,2600,Frontal_Mid_Orb_L,Cingulum_Mid_L,0.0,0.0,0.0,0.76
3796,39,92,40,93,-0.016578004009581017,0.020740434169868278,0.013018391681920212,2601,ParaHippocampal_R,Cerebelum_Crus2_L,0.0,0.0,0.0,0.9
3870,40,91,41,92,0.018511040844702575,0.020735953054754196,0.011466528037898882,2602,Amygdala_L,Cerebelum_Crus1_R,0.0,0.0,0.0,0.86
4309,46,101,47,102,0.020716802713891588,0.020716802713891588,0.010958068295829508,2603,Lingual_L,Cerebelum_7b_R,0.0,0.0,0.0,1.0
4958,56,115,57,116,-0.02071173631759523,0.02071173631759523,0.021057494826562845,2604,Postcentral_L,Vermis_10,0.0,0.0,0.0,1.0
4071,43,73,44,74,0.020705048386808433,0.020705048386808433,0.016407878079707543,2605,Calcarine_R,Putamen_R,0.0,0.0,0.0,1.0
468,4,19,5,20,0.010865543386949528,0.020696294957211533,0.008685749792417954,2606,Frontal_Sup_Orb_L,Supp_Motor_Area_R,0.0,0.0,0.0,0.6
5696,71,88,72,89,0.017796181203859392,0.020687229154142107,0.013454771555895813,2607,Caudate_R,Temporal_Inf_L,0.0,0.0,0.0,0.86
228,1,115,2,116,-0.02068545293773406,0.02068545293773406,0.021222016020765004,2608,Precentral_R,Vermis_10,0.0,0.0,0.0,1.0
6427,93,104,94,105,0.0030543287816398924,0.020685200288360045,0.010690448404367583,2609,Cerebelum_Crus2_R,Cerebelum_9_L,0.0,0.0,0.0,0.62
3272,33,39,34,40,0.02021651662629273,0.020649885894990488,0.014594416818851229,2610,Cingulum_Mid_R,ParaHippocampal_R,0.0,0.0,0.0,0.94
1990,18,92,19,93,-0.0012564923126578776,0.020648391644636912,0.014039905259541621,2611,Supp_Motor_Area_L,Cerebelum_Crus2_L,0.0,0.0,0.0,0.52
2948,29,49,30,50,-0.020287375985528436,0.02064536309868597,0.010705813330081311,2612,Insula_R,Occipital_Sup_R,0.0,0.0,0.0,0.98
4726,53,63,54,64,-0.018506396000159495,0.02063759704534491,0.010558817733768334,2613,Occipital_Inf_R,SupraMarginal_R,0.0,0.0,0.0,0.88
6023,79,99,80,100,0.006622881617615511,0.02063325513006475,0.016161470621975073,2614,Heschl_R,Cerebelum_6_R,0.0,0.0,0.0,0.8
1728,16,25,17,26,0.020632080967469834,0.020632080967469834,0.017487382175273295,2615,Rolandic_Oper_L,Frontal_Med_Orb_R,0.0,0.0,0.0,1.0
4093,43,95,44,96,-0.020626279394356982,0.020626279394356982,0.01844333245201876,2616,Calcarine_R,Cerebelum_3_R,0.0,0.0,0.0,1.0
3335,33,102,34,103,0.016602360671449542,0.0206106078379048,0.00825005152457211,2617,Cingulum_Mid_R,Cerebelum_8_L,0.0,0.0,0.0,0.7
3859,40,80,41,81,-0.020493961917784992,0.020610361892994623,0.01802647388212123,2618,Amygdala_L,Temporal_Sup_L,0.0,0.0,0.0,0.98
2599,25,50,26,51,0.020601725892055986,0.020601725892055986,0.016744094084546003,2619,Frontal_Med_Orb_R,Occipital_Mid_L,0.0,0.0,0.0,1.0
888,7,112,8,113,-0.02048829447713994,0.020594109636977113,0.020416553208113395,2620,Frontal_Mid_R,Vermis_7,0.0,0.0,0.0,0.94
5970,78,82,79,83,-0.0193860839765561,0.020586181213392448,0.008222277000959266,2621,Heschl_L,Temporal_Pole_Sup_L,0.0,0.0,0.0,0.84
6013,79,89,80,90,0.02009479518524762,0.020565519558956767,0.015236316205436789,2622,Heschl_R,Temporal_Inf_R,0.0,0.0,0.0,0.98
6266,87,90,88,91,-0.0018591422441474705,0.020555559417230956,0.010559411912194033,2623,Temporal_Pole_Mid_R,Cerebelum_Crus1_L,0.0,0.0,0.0,0.68
2775,27,49,28,50,-0.020553697825363423,0.020553697825363423,0.017505965327408134,2624,Rectus_R,Occipital_Sup_R,0.0,0.0,0.0,1.0
5692,71,84,72,85,-0.012258408718918154,0.020551694961404857,0.00984564758162348,2625,Caudate_R,Temporal_Mid_L,0.0,0.0,0.0,0.6
5082,59,68,60,69,-0.020341789141230707,0.020549499414859614,0.020458121812093014,2626,Parietal_Sup_R,Paracentral_Lobule_L,0.0,0.0,0.0,0.94
3954,41,101,42,102,0.01838115641104783,0.020545918565706714,0.0081745383552361,2627,Amygdala_R,Cerebelum_7b_R,0.0,0.0,0.0,0.8
1561,14,57,15,58,0.02053724329412652,0.02053724329412652,0.013358264502225188,2628,Frontal_Inf_Orb_L,Postcentral_R,0.0,0.0,0.0,1.0
2413,23,45,24,46,-0.0205370771218212,0.0205370771218212,0.017445177538471662,2629,Frontal_Sup_Medial_R,Cuneus_R,0.0,0.0,0.0,1.0
1531,14,27,15,28,0.020240727549285912,0.020536445659895833,0.009160748461361069,2630,Frontal_Inf_Orb_L,Rectus_R,0.0,0.0,0.0,0.94
1475,13,72,14,73,0.0127567699779099,0.020533060650825417,0.009535574489848663,2631,Frontal_Inf_Tri_R,Putamen_L,0.0,0.0,0.0,0.74
581,5,22,6,23,-0.009072557966761144,0.020532843436738685,0.017830746851431094,2632,Frontal_Sup_Orb_R,Frontal_Sup_Medial_L,0.0,0.0,0.0,0.78
167,1,54,2,55,-0.02053219950417665,0.02053219950417665,0.017993782679055752,2633,Precentral_R,Fusiform_L,0.0,0.0,0.0,1.0
2099,19,105,20,106,0.018202688746266776,0.020527049093549857,0.014466577454020038,2634,Supp_Motor_Area_R,Cerebelum_9_R,0.0,0.0,0.0,0.88
4619,51,81,52,82,0.01841135215000399,0.0205213205480819,0.01032668197223822,2635,Occipital_Mid_R,Temporal_Sup_R,0.0,0.0,0.0,0.7
5404,65,75,66,76,0.02051137350348202,0.02051137350348202,0.016918803145012096,2636,Angular_R,Pallidum_R,0.0,0.0,0.0,1.0
5507,67,81,68,82,-0.014434461805745678,0.020508643224335522,0.012613523008664888,2637,Precuneus_R,Temporal_Sup_R,0.0,0.0,0.0,0.8
4740,53,77,54,78,-0.020401960297339036,0.020508609798771737,0.012179460997700186,2638,Occipital_Inf_R,Thalamus_R,0.0,0.0,0.0,0.94
5935,77,84,78,85,-0.006194642822723525,0.020506397170312836,0.011886026296997584,2639,Thalamus_R,Temporal_Mid_L,0.0,0.0,0.0,0.5
2645,25,96,26,97,-0.01045005013367678,0.020504557403460827,0.006814707469646037,2640,Frontal_Med_Orb_R,Cerebelum_4_5_L,0.0,0.0,0.0,0.56
3580,36,107,37,108,0.00037414802948942456,0.020502139146040054,0.010691487510092423,2641,Hippocampus_L,Cerebelum_10_R,0.0,0.0,0.0,0.62
3284,33,51,34,52,0.020485190259324475,0.020498166585940513,0.012758475624471369,2642,Cingulum_Mid_R,Occipital_Mid_R,0.0,0.0,0.0,0.98
4686,52,85,53,86,0.019743108843847352,0.020493671159912852,0.011192035590630072,2643,Occipital_Inf_L,Temporal_Mid_R,0.0,0.0,0.0,0.96
4942,56,99,57,100,-0.019423565787397245,0.020473533397798987,0.012125664523903871,2644,Postcentral_L,Cerebelum_6_R,0.0,0.0,0.0,0.8
3063,30,79,31,80,0.020459387769996513,0.020459387769996513,0.013050140222779366,2645,Cingulum_Ant_L,Heschl_R,0.0,0.0,0.0,1.0
6066,80,107,81,108,0.0038496118152606847,0.020454648039115845,0.01055980876975732,2646,Temporal_Sup_L,Cerebelum_10_R,0.0,0.0,0.0,0.6
2853,28,40,29,41,-0.02039126541938674,0.020443306794231765,0.016839027910498412,2647,Insula_L,Amygdala_L,0.0,0.0,0.0,0.98
6272,87,96,88,97,-0.0030437483349942595,0.020435819867592513,0.012360723947038594,2648,Temporal_Pole_Mid_R,Cerebelum_4_5_L,0.0,0.0,0.0,0.62
2421,23,53,24,54,-0.020416261371918938,0.020416261371918938,0.018012360129542396,2649,Frontal_Sup_Medial_R,Occipital_Inf_R,0.0,0.0,0.0,1.0
1063,9,74,10,75,0.015420416656129136,0.020411369720320732,0.01169904508273244,2650,Frontal_Mid_Orb_R,Pallidum_L,0.0,0.0,0.0,0.86
2763,27,37,28,38,-0.01851740134825227,0.020401201714867003,0.00983392077123323,2651,Rectus_R,Hippocampus_R,0.0,0.0,0.0,0.78
6038,79,114,80,115,0.020397913356735756,0.020397913356735756,0.0187622531364554,2652,Heschl_R,Vermis_9,0.0,0.0,0.0,1.0
5831,74,97,75,98,0.008920908314553146,0.020396258500702195,0.010581308689234133,2653,Pallidum_L,Cerebelum_4_5_R,0.0,0.0,0.0,0.5
1474,13,71,14,72,-0.01043824063618191,0.020388916832267467,0.011145857713302502,2654,Frontal_Inf_Tri_R,Caudate_R,0.0,0.0,0.0,0.7
5816,74,82,75,83,0.01227354983606408,0.02038025046118204,0.010761082132524732,2655,Pallidum_L,Temporal_Pole_Sup_L,0.0,0.0,0.0,0.8
1158,10,64,11,65,0.016727477725036216,0.0203746225353045,0.010892905193508069,2656,Frontal_Inf_Oper_L,Angular_L,0.0,0.04,0.14,0.66
1604,14,100,15,101,-0.014845541191474819,0.020370147936160828,0.012589295445722067,2657,Frontal_Inf_Orb_L,Cerebelum_7b_L,0.0,0.0,0.0,0.84
2536,24,77,25,78,0.012762814702768846,0.020368288444268298,0.01266142817943898,2658,Frontal_Med_Orb_L,Thalamus_R,0.0,0.0,0.0,0.78
5786,73,93,74,94,0.00772336778361639,0.020368020392780465,0.011045388946625503,2659,Putamen_R,Cerebelum_Crus2_R,0.0,0.0,0.0,0.6
6028,79,104,80,105,0.020306275294070433,0.020366729854981305,0.014823473649182527,2660,Heschl_R,Cerebelum_9_L,0.0,0.0,0.0,0.98
3440,35,46,36,47,-0.020354361874795893,0.020354361874795893,0.020092735203285965,2661,Cingulum_Post_R,Lingual_L,0.0,0.0,0.0,1.0
4795,54,71,55,72,0.019644742948086335,0.02035380244655454,0.016765241422799636,2662,Fusiform_L,Caudate_R,0.0,0.0,0.0,0.98
5417,65,88,66,89,0.020347899235557253,0.020347899235557253,0.019169055829353708,2663,Angular_R,Temporal_Inf_L,0.0,0.0,0.0,1.0
4151,44,82,45,83,-0.02018833160594984,0.02034620861082058,0.009400871150786853,2664,Cuneus_L,Temporal_Pole_Sup_L,0.0,0.0,0.0,0.98
3036,30,52,31,53,0.020096250227804098,0.020342933618074724,0.01590693247330241,2665,Cingulum_Ant_L,Occipital_Inf_L,0.0,0.0,0.0,0.96
2026,19,32,20,33,-0.016631158391725746,0.02033242132515893,0.009999166941411106,2666,Supp_Motor_Area_R,Cingulum_Mid_L,0.0,0.0,0.0,0.8
572,5,13,6,14,0.008200901169971034,0.020331671358193547,0.007875473207361598,2667,Frontal_Sup_Orb_R,Frontal_Inf_Tri_R,0.0,0.0,0.0,0.54
3709,38,81,39,82,-0.012972945359648325,0.02033125580851768,0.012280779012995171,2668,ParaHippocampal_L,Temporal_Sup_R,0.0,0.0,0.0,0.82
4176,44,107,45,108,-0.01920299617420018,0.020325897657999813,0.011376707668939067,2669,Cuneus_L,Cerebelum_10_R,0.0,0.0,0.0,0.92
1050,9,61,10,62,0.020048765509480707,0.02032255647181602,0.010964815754289332,2670,Frontal_Mid_Orb_R,Parietal_Inf_R,0.0,0.0,0.0,0.96
6199,84,110,85,111,0.020312629464544586,0.020312629464544586,0.018379540184194673,2671,Temporal_Mid_L,Vermis_4_5,0.0,0.0,0.0,1.0
2475,23,107,24,108,0.0191559877069127,0.020302854056547037,0.01573203651537224,2672,Frontal_Sup_Medial_R,Cerebelum_10_R,0.0,0.0,0.0,0.9
2382,22,106,23,107,-0.018004911297602306,0.020293369531235533,0.013709815817147628,2673,Frontal_Sup_Medial_L,Cerebelum_10_L,0.0,0.0,0.0,0.88
4228,45,89,46,90,-0.019442301722831665,0.0202925478302738,0.016207763497683558,2674,Cuneus_R,Temporal_Inf_R,0.0,0.0,0.0,0.96
2926,28,113,29,114,0.02025442902426022,0.020292413869050355,0.008844165053782674,2675,Insula_L,Vermis_8,0.0,0.0,0.0,0.96
3513,36,40,37,41,-0.020284426340907415,0.020284426340907415,0.01462557963937464,2676,Hippocampus_L,Amygdala_L,0.0,0.0,0.0,1.0
13,0,14,1,15,0.016780992197083514,0.020282534855304193,0.011513560312129474,2677,Precentral_L,Frontal_Inf_Orb_L,0.0,0.0,0.0,0.96
2996,29,97,30,98,-0.017392106891309843,0.020279622712062205,0.011152198267585442,2678,Insula_R,Cerebelum_4_5_R,0.0,0.0,0.0,0.88
5479,66,101,67,102,-0.017160934730384252,0.02027879470282368,0.0074052157136164296,2679,Precuneus_L,Cerebelum_7b_R,0.0,0.0,0.0,0.66
5134,60,65,61,66,0.01951084606984991,0.020268841898120157,0.01884558131046277,2680,Parietal_Inf_L,Angular_R,0.0,0.0,0.0,0.92
2451,23,83,24,84,-0.017590842769998446,0.020265696588369794,0.007234103918088507,2681,Frontal_Sup_Medial_R,Temporal_Pole_Sup_R,0.0,0.0,0.0,0.7
4428,48,85,49,86,0.01980617813321648,0.020258030670897112,0.013231302788352082,2682,Occipital_Sup_L,Temporal_Mid_R,0.0,0.0,0.0,0.92
5673,70,109,71,110,-0.020134010718324314,0.0202567656589436,0.013980415494348076,2683,Caudate_L,Vermis_3,0.0,0.0,0.0,0.98
3273,33,40,34,41,-0.02025463468625774,0.02025463468625774,0.0125582400992658,2684,Cingulum_Mid_R,Amygdala_L,0.0,0.0,0.0,1.0
3719,38,91,39,92,0.009393866399111722,0.02024898474112838,0.011014073202328233,2685,ParaHippocampal_L,Cerebelum_Crus1_R,0.0,0.0,0.0,0.66
553,4,104,5,105,-0.007776536661909393,0.02024832261236598,0.014302843888271504,2686,Frontal_Sup_Orb_L,Cerebelum_9_L,0.0,0.0,0.0,0.78
5120,59,106,60,107,-0.01996862454830347,0.02024200511700988,0.01768252296652809,2687,Parietal_Sup_R,Cerebelum_10_L,0.0,0.0,0.02,0.92
6068,80,109,81,110,-0.020135694732464883,0.02024117379715086,0.014034755433733108,2688,Temporal_Sup_L,Vermis_3,0.0,0.0,0.0,0.98
1732,16,29,17,30,-0.019509251635856407,0.020237438823365185,0.015323919524593457,2689,Rolandic_Oper_L,Insula_R,0.0,0.0,0.0,0.88
5857,75,83,76,84,-0.01638895980378308,0.020226470542320397,0.010001641731829167,2690,Pallidum_R,Temporal_Pole_Sup_R,0.0,0.0,0.0,0.82
2483,23,115,24,116,0.019984324198149078,0.020219849513369918,0.011879110809374503,2691,Frontal_Sup_Medial_R,Vermis_10,0.0,0.0,0.0,0.94
3209,32,58,33,59,-0.02007749996688843,0.020217559073304452,0.01933140280287431,2692,Cingulum_Mid_L,Parietal_Sup_L,0.0,0.0,0.0,0.96
4606,51,68,52,69,-0.02021748880568072,0.02021748880568072,0.021050132523794333,2693,Occipital_Mid_R,Paracentral_Lobule_L,0.0,0.0,0.0,1.0
2811,27,85,28,86,0.017557363839869757,0.02020771090920016,0.0146529863547768,2694,Rectus_R,Temporal_Mid_R,0.0,0.0,0.0,0.94
2897,28,84,29,85,-0.002073763449015535,0.020201559901198082,0.01617754590031015,2695,Insula_L,Temporal_Mid_L,0.0,0.0,0.0,0.52
6281,87,105,88,106,-0.012000480444257739,0.020194017007942308,0.008567498445574497,2696,Temporal_Pole_Mid_R,Cerebelum_9_R,0.0,0.0,0.0,0.6
2895,28,82,29,83,-0.0016671142169735797,0.020193378070115595,0.006905613101769702,2697,Insula_L,Temporal_Pole_Sup_L,0.0,0.0,0.0,0.58
2631,25,82,26,83,0.009986290746417784,0.020189965233750384,0.010105446637941357,2698,Frontal_Med_Orb_R,Temporal_Pole_Sup_L,0.0,0.0,0.0,0.68
4888,55,104,56,105,-0.019673244528893873,0.020176831808694548,0.012093606443033072,2699,Fusiform_R,Cerebelum_9_L,0.0,0.0,0.0,0.84
5634,69,115,70,116,-0.02016852291716669,0.02016852291716669,0.015177883870452678,2700,Paracentral_Lobule_R,Vermis_10,0.0,0.0,0.0,1.0
4974,57,73,58,74,-0.01978294815385179,0.020165419061284745,0.015660713662448957,2701,Postcentral_R,Putamen_R,0.0,0.0,0.0,0.9
4731,53,68,54,69,-0.020163297475322008,0.020163297475322008,0.01924004820223116,2702,Occipital_Inf_R,Paracentral_Lobule_L,0.0,0.0,0.0,1.0
32,0,33,1,34,-0.019191625107031617,0.02015479657258688,0.015227636381288084,2703,Precentral_L,Cingulum_Mid_R,0.0,0.0,0.0,0.94
5837,74,103,75,104,0.013422732516225468,0.020154571521065447,0.008941781505404922,2704,Pallidum_L,Cerebelum_8_R,0.0,0.0,0.0,0.6
1731,16,28,17,29,-0.02010095449964452,0.02014150562501013,0.015548278579241187,2705,Rolandic_Oper_L,Insula_L,0.0,0.0,0.0,0.98
3418,34,104,35,105,0.01878481512136877,0.020139245129776634,0.011450501976012295,2706,Cingulum_Post_L,Cerebelum_9_L,0.0,0.0,0.0,0.92
36,0,37,1,38,0.02012487070565918,0.02012487070565918,0.012064484577426766,2707,Precentral_L,Hippocampus_R,0.0,0.0,0.0,1.0
3049,30,65,31,66,0.01872080682423261,0.02011883031107061,0.018064383895090422,2708,Cingulum_Ant_L,Angular_R,0.0,0.0,0.0,0.94
4238,45,99,46,100,0.018389274329567135,0.020116125565127256,0.00892581419841738,2709,Cuneus_R,Cerebelum_6_R,0.0,0.0,0.0,0.9
4580,50,106,51,107,-0.019482829404744138,0.02011602960831844,0.015683215193437638,2710,Occipital_Mid_L,Cerebelum_10_L,0.0,0.0,0.0,0.98
2517,24,58,25,59,-0.019968282783698953,0.02011004240623959,0.018174630213722794,2711,Frontal_Med_Orb_L,Parietal_Sup_L,0.0,0.0,0.0,0.96
4991,57,90,58,91,-0.019046066408286707,0.020095061698659773,0.00869270842008764,2712,Postcentral_R,Cerebelum_Crus1_L,0.0,0.0,0.0,0.9
4430,48,87,49,88,-0.020091574316399977,0.020091574316399977,0.01111988950918576,2713,Occipital_Sup_L,Temporal_Pole_Mid_R,0.0,0.0,0.0,1.0
4411,48,68,49,69,-0.020084942291516743,0.020084942291516743,0.020032291047182314,2714,Occipital_Sup_L,Paracentral_Lobule_L,0.0,0.0,0.0,1.0
5590,69,71,70,72,0.019759970855006706,0.020083936767179456,0.010668649922800878,2715,Paracentral_Lobule_R,Caudate_R,0.0,0.0,0.0,0.94
1766,16,63,17,64,0.011016203106777952,0.0200703794209557,0.01417333290648367,2716,Rolandic_Oper_L,SupraMarginal_R,0.0,0.0,0.0,0.78
3430,35,36,36,37,-0.017532735974810254,0.02006472423412876,0.015716705748612104,2717,Cingulum_Post_R,Hippocampus_L,0.0,0.0,0.0,0.94
6405,92,104,93,105,0.007300036476836845,0.020058912020662713,0.012204198928652453,2718,Cerebelum_Crus2_L,Cerebelum_9_L,0.0,0.0,0.0,0.6
5736,72,85,73,86,-0.006237391285120133,0.02004747347787802,0.014345744732970622,2719,Putamen_L,Temporal_Mid_R,0.0,0.0,0.0,0.56
6300,88,97,89,98,0.01427995948295261,0.020045738301431446,0.011813049759779608,2720,Temporal_Inf_L,Cerebelum_4_5_R,0.0,0.0,0.0,0.82
4010,42,84,43,85,-0.020045645994678996,0.020045645994678996,0.01723090157502455,2721,Calcarine_L,Temporal_Mid_L,0.0,0.0,0.0,1.0
1986,18,88,19,89,0.0060070945100405195,0.020037576783001897,0.011088070304704645,2722,Supp_Motor_Area_L,Temporal_Inf_L,0.0,0.0,0.0,0.6
1768,16,65,17,66,0.02003431494808864,0.02003431494808864,0.018510594820981593,2723,Rolandic_Oper_L,Angular_R,0.0,0.0,0.0,1.0
2907,28,94,29,95,0.013643367662841872,0.020032739282062464,0.00790133014400882,2724,Insula_L,Cerebelum_3_L,0.0,0.0,0.0,0.68
2824,27,98,28,99,-0.013544352090515153,0.020031536470495253,0.010291206395792136,2725,Rectus_R,Cerebelum_6_L,0.0,0.0,0.0,0.8
5797,73,104,74,105,0.015094606730471334,0.020025359302546578,0.01581291025586869,2726,Putamen_R,Cerebelum_9_L,0.0,0.0,0.0,0.82
353,3,15,4,16,0.02001959044080775,0.02001959044080775,0.01587091844485737,2727,Frontal_Sup_R,Frontal_Inf_Orb_R,0.0,0.0,0.0,1.0
627,5,68,6,69,-0.01989779197684607,0.02000925888306388,0.015237927518987709,2728,Frontal_Sup_Orb_R,Paracentral_Lobule_L,0.0,0.0,0.0,0.96
3496,35,102,36,103,0.019106025215225874,0.019997169699525672,0.012140892367671352,2729,Cingulum_Post_R,Cerebelum_8_L,0.0,0.0,0.0,0.88
6024,79,100,80,101,0.017104886098905696,0.019994269114772274,0.01127957794005104,2730,Heschl_R,Cerebelum_7b_L,0.0,0.0,0.0,0.9
3420,34,106,35,107,0.015551795570154925,0.01999332412554582,0.014296463215878078,2731,Cingulum_Post_L,Cerebelum_10_L,0.0,0.0,0.0,0.82
2481,23,113,24,114,-0.01996009270123414,0.019989488954913565,0.012196900903274209,2732,Frontal_Sup_Medial_R,Vermis_8,0.0,0.0,0.0,0.98
2300,22,24,23,25,-0.01579596509912773,0.019981772473054753,0.011077110117180149,2733,Frontal_Sup_Medial_L,Frontal_Med_Orb_L,0.0,0.0,0.0,0.86
5701,71,93,72,94,-0.0076718981489804945,0.01997209123798319,0.008896651744377083,2734,Caudate_R,Cerebelum_Crus2_R,0.0,0.0,0.0,0.52
1827,17,26,18,27,0.019970480119242108,0.019970480119242108,0.015337576840271868,2735,Rolandic_Oper_R,Rectus_L,0.0,0.0,0.0,1.0
5426,65,97,66,98,0.01995945475578907,0.01995945475578907,0.019038716509688067,2736,Angular_R,Cerebelum_4_5_R,0.0,0.0,0.0,1.0
908,8,25,9,26,0.00986715476446951,0.019957047589991794,0.0062371832002238465,2737,Frontal_Mid_Orb_L,Frontal_Med_Orb_R,0.0,0.0,0.0,0.5
3721,38,93,39,94,-0.011809964383921597,0.01995665381502186,0.01084804392821704,2738,ParaHippocampal_L,Cerebelum_Crus2_R,0.0,0.0,0.0,0.72
1022,9,33,10,34,0.013286338423093753,0.019955115510882276,0.016546063717597814,2739,Frontal_Mid_Orb_R,Cingulum_Mid_R,0.0,0.0,0.0,0.8
2947,29,48,30,49,0.01848143784562291,0.019949137838437242,0.006830385721130186,2740,Insula_R,Occipital_Sup_L,0.0,0.0,0.0,0.74
6322,89,93,90,94,0.005201474137803213,0.01994018862351633,0.009802043815580773,2741,Temporal_Inf_R,Cerebelum_Crus2_R,0.0,0.0,0.0,0.7
527,4,78,5,79,0.019577729966982125,0.019936887164492097,0.010591705342831131,2742,Frontal_Sup_Orb_L,Heschl_L,0.0,0.0,0.0,0.96
5668,70,104,71,105,0.012207675963221731,0.01993335072155542,0.011792723773862049,2743,Caudate_L,Cerebelum_9_L,0.0,0.0,0.0,0.82
2639,25,90,26,91,-0.00018853409335048408,0.019926905228267563,0.012673709239125062,2744,Frontal_Med_Orb_R,Cerebelum_Crus1_L,0.0,0.0,0.0,0.52
2055,19,61,20,62,0.01914003617550453,0.019925617628360422,0.010941311569127268,2745,Supp_Motor_Area_R,Parietal_Inf_R,0.0,0.0,0.04,0.88
3579,36,106,37,107,0.00689518826086537,0.01991672329560174,0.00811125958857907,2746,Hippocampus_L,Cerebelum_10_L,0.0,0.0,0.0,0.56
1534,14,30,15,31,-0.002809725425330588,0.019904278230250604,0.013729997933187337,2747,Frontal_Inf_Orb_L,Cingulum_Ant_L,0.0,0.0,0.0,0.64
1569,14,65,15,66,0.01989884755683675,0.01989884755683675,0.019992069599003126,2748,Frontal_Inf_Orb_L,Angular_R,0.0,0.0,0.0,1.0
1339,12,38,13,39,-0.013763286361917412,0.01989719882831537,0.009247031497944258,2749,Frontal_Inf_Tri_L,ParaHippocampal_L,0.0,0.0,0.0,0.58
411,3,73,4,74,0.019895058817030117,0.01989651603036327,0.014990732607448671,2750,Frontal_Sup_R,Putamen_R,0.0,0.0,0.0,0.98
3109,31,41,32,42,0.01749126561384206,0.0198919962814107,0.011377672110763942,2751,Cingulum_Ant_R,Amygdala_R,0.0,0.0,0.0,0.72
1776,16,73,17,74,0.019691331247730932,0.019889260137333564,0.010743177366935936,2752,Rolandic_Oper_L,Putamen_R,0.0,0.0,0.0,0.98
4576,50,102,51,103,-0.01987125021154075,0.019887770208191227,0.011849061903844216,2753,Occipital_Mid_L,Cerebelum_8_L,0.0,0.0,0.0,0.98
4869,55,85,56,86,0.019625012677581922,0.019867328545164473,0.01062900662921698,2754,Fusiform_R,Temporal_Mid_R,0.0,0.0,0.0,0.9
6449,94,105,95,106,-0.0042852116202608155,0.019864182999919957,0.007993249216086885,2755,Cerebelum_3_L,Cerebelum_9_R,0.0,0.0,0.0,0.52
351,3,13,4,14,0.01981003701928129,0.01986180241249601,0.013828612229617022,2756,Frontal_Sup_R,Frontal_Inf_Tri_R,0.0,0.0,0.0,0.98
5462,66,84,67,85,0.014231401348482171,0.01984445399202404,0.011648857300634237,2757,Precuneus_L,Temporal_Mid_L,0.0,0.0,0.0,0.8
5916,76,103,77,104,-0.004243667697953227,0.019843371285039987,0.009569965921985155,2758,Thalamus_L,Cerebelum_8_R,0.0,0.0,0.0,0.52
2760,27,34,28,35,-0.019219676146099828,0.019840819250445153,0.006980055057695396,2759,Rectus_R,Cingulum_Post_L,0.0,0.0,0.0,0.88
3432,35,38,36,39,-0.01883283803523359,0.019820790040247466,0.01286626310871579,2760,Cingulum_Post_R,ParaHippocampal_L,0.0,0.0,0.0,0.9
4908,56,65,57,66,0.019820218774427162,0.019820218774427162,0.017888628140024936,2761,Postcentral_L,Angular_R,0.0,0.0,0.0,1.0
2520,24,61,25,62,-0.01866613650185406,0.019806302515474553,0.01139031982839659,2762,Frontal_Med_Orb_L,Parietal_Inf_R,0.0,0.0,0.02,0.8
1837,17,36,18,37,0.019802745573485533,0.019802745573485533,0.019296161360327614,2763,Rolandic_Oper_R,Hippocampus_L,0.0,0.0,0.0,1.0
3289,33,56,34,57,-0.01978123511139647,0.01978123511139647,0.012202376997740341,2764,Cingulum_Mid_R,Postcentral_L,0.0,0.0,0.0,1.0
3017,30,33,31,34,-0.0039738147769090015,0.01976036262118808,0.010865437278245304,2765,Cingulum_Ant_L,Cingulum_Mid_R,0.0,0.0,0.0,0.6
5667,70,103,71,104,-0.009329714169720347,0.01974362298059616,0.010612286734041479,2766,Caudate_L,Cerebelum_8_R,0.0,0.0,0.0,0.82
5524,67,98,68,99,0.017486598208036445,0.019739838153815904,0.015824671354251352,2767,Precuneus_R,Cerebelum_6_L,0.0,0.0,0.0,0.92
6472,95,108,96,109,-0.01809547960497482,0.01973725330135249,0.011139877376529873,2768,Cerebelum_3_R,Vermis_1_2,0.0,0.0,0.0,0.9
5817,74,83,75,84,0.016359574738725374,0.019733503602247147,0.011590414139267265,2769,Pallidum_L,Temporal_Pole_Sup_R,0.0,0.0,0.0,0.84
1406,12,105,13,106,0.010866587906647802,0.019728401937929355,0.014765512703269961,2770,Frontal_Inf_Tri_L,Cerebelum_9_R,0.0,0.0,0.0,0.72
4729,53,66,54,67,-0.019723853809796008,0.019723853809796008,0.02011056210798547,2771,Occipital_Inf_R,Precuneus_L,0.0,0.0,0.0,1.0
4966,57,65,58,66,0.01971345701835365,0.01971345701835365,0.018028101262537972,2772,Postcentral_R,Angular_R,0.0,0.0,0.0,1.0
6596,103,108,104,109,0.019231663538352883,0.01971161930630565,0.01543733343933179,2773,Cerebelum_8_R,Vermis_1_2,0.0,0.0,0.0,0.98
3797,39,93,40,94,0.01621256990498237,0.019707905965669584,0.00885625264919487,2774,ParaHippocampal_R,Cerebelum_Crus2_R,0.0,0.0,0.0,0.8
1350,12,49,13,50,0.016944476006821915,0.019705589651633774,0.008864342809189567,2775,Frontal_Inf_Tri_L,Occipital_Sup_R,0.0,0.0,0.0,0.68
1346,12,45,13,46,0.016512337639606755,0.019682949526566216,0.008897688494056772,2776,Frontal_Inf_Tri_L,Cuneus_R,0.0,0.0,0.0,0.66
2031,19,37,20,38,-0.018041060797879406,0.01968214544766572,0.011614759451364327,2777,Supp_Motor_Area_R,Hippocampus_R,0.0,0.0,0.0,0.94
1573,14,69,15,70,0.019492796675891308,0.019678183164590465,0.011555671080025764,2778,Frontal_Inf_Orb_L,Paracentral_Lobule_R,0.0,0.0,0.0,0.98
2909,28,96,29,97,-0.011594707772859307,0.019674597439693194,0.01330503516155363,2779,Insula_L,Cerebelum_4_5_L,0.0,0.0,0.0,0.88
5691,71,83,72,84,0.014625811383799085,0.019674399411148628,0.009666886179635643,2780,Caudate_R,Temporal_Pole_Sup_R,0.0,0.0,0.0,0.86
5200,61,77,62,78,-0.018482150693654123,0.019669792467691186,0.011529866743835184,2781,Parietal_Inf_R,Thalamus_R,0.0,0.0,0.02,0.78
3320,33,87,34,88,-0.011030708519789423,0.019657204350380927,0.015104167930876882,2782,Cingulum_Mid_R,Temporal_Pole_Mid_R,0.0,0.0,0.0,0.84
4542,50,68,51,69,-0.01965628584222755,0.01965628584222755,0.016646250115439496,2783,Occipital_Mid_L,Paracentral_Lobule_L,0.0,0.0,0.0,1.0
5075,59,61,60,62,0.01638524831185229,0.019644725683388965,0.012054967573634227,2784,Parietal_Sup_R,Parietal_Inf_R,0.0,0.0,0.04,0.7
6137,82,111,83,112,0.01779104138565379,0.019639644645256492,0.0074043844937881145,2785,Temporal_Pole_Sup_L,Vermis_6,0.0,0.0,0.0,0.68
865,7,89,8,90,0.015725937820030705,0.01963055104127962,0.009386042819298425,2786,Frontal_Mid_R,Temporal_Inf_R,0.0,0.02,0.04,0.68
2444,23,76,24,77,-0.013548373030881194,0.019620666932541424,0.011709217210360483,2787,Frontal_Sup_Medial_R,Thalamus_L,0.0,0.0,0.0,0.76
1442,13,39,14,40,0.013883531010225351,0.019616187320027133,0.012334148974685124,2788,Frontal_Inf_Tri_R,ParaHippocampal_R,0.0,0.0,0.0,0.86
3411,34,97,35,98,-0.01940169761939387,0.01960900310774621,0.01825386670931748,2789,Cingulum_Post_L,Cerebelum_4_5_R,0.0,0.0,0.0,0.92
2368,22,92,23,93,-0.014773596347677049,0.019607176547870114,0.014615291451274789,2790,Frontal_Sup_Medial_L,Cerebelum_Crus2_L,0.0,0.0,0.0,0.88
6453,94,109,95,110,0.019541269604051656,0.019603563272420008,0.015036512728023975,2791,Cerebelum_3_L,Vermis_3,0.0,0.0,0.0,0.98
682,6,14,7,15,0.01898630095280107,0.01960144605968338,0.011533541217930368,2792,Frontal_Mid_L,Frontal_Inf_Orb_L,0.0,0.0,0.0,0.94
1457,13,54,14,55,-0.01762326273480139,0.019598423460583346,0.011409258194738883,2793,Frontal_Inf_Tri_R,Fusiform_L,0.0,0.0,0.0,0.96
2993,29,94,30,95,-0.016192023884951064,0.019595362161786322,0.007375713551026326,2794,Insula_R,Cerebelum_3_L,0.0,0.0,0.0,0.8
1641,15,37,16,38,0.01871416179457409,0.019577680263497294,0.010349080808659128,2795,Frontal_Inf_Orb_R,Hippocampus_R,0.0,0.0,0.0,0.92
977,8,94,9,95,-0.0029075071969035748,0.01955013901766086,0.010671366261269032,2796,Frontal_Mid_Orb_L,Cerebelum_3_L,0.0,0.0,0.0,0.56
784,7,8,8,9,0.016436466008811785,0.01953788985059486,0.008077681861173955,2797,Frontal_Mid_R,Frontal_Mid_Orb_L,0.0,0.0,0.14,0.66
3010,29,111,30,112,0.01745124757886094,0.01953526332189128,0.018802276389889024,2798,Insula_R,Vermis_6,0.0,0.0,0.0,0.68
1696,15,92,16,93,0.007176185896295008,0.019534869426336223,0.011971187801726003,2799,Frontal_Inf_Orb_R,Cerebelum_Crus2_L,0.0,0.0,0.0,0.58
995,8,112,9,113,-0.019498879943510156,0.0195340859678201,0.014431383632201865,2800,Frontal_Mid_Orb_L,Vermis_7,0.0,0.0,0.0,0.98
5185,61,62,62,63,-0.018719308506646534,0.019521417438289092,0.013845100448864826,2801,Parietal_Inf_R,SupraMarginal_L,0.0,0.0,0.0,0.84
122,1,9,2,10,0.017791937424975972,0.019515202663676755,0.00914938419875917,2802,Precentral_R,Frontal_Mid_Orb_R,0.0,0.0,0.0,0.9
102,0,103,1,104,0.01937191009077587,0.019509242912373662,0.008409722131539472,2803,Precentral_L,Cerebelum_8_R,0.0,0.0,0.0,0.96
3001,29,102,30,103,0.002827844238435258,0.01949526988123657,0.011201630328433246,2804,Insula_R,Cerebelum_8_L,0.0,0.0,0.0,0.68
477,4,28,5,29,0.011903310468412316,0.019492477275817502,0.010411341107975428,2805,Frontal_Sup_Orb_L,Insula_L,0.0,0.0,0.0,0.7
4134,44,65,45,66,0.019491612709266005,0.019491612709266005,0.019095134337699778,2806,Cuneus_L,Angular_R,0.0,0.0,0.0,1.0
2496,24,37,25,38,-0.00431519357400809,0.019487678019924733,0.012081306469724867,2807,Frontal_Med_Orb_L,Hippocampus_R,0.0,0.0,0.0,0.68
6203,84,114,85,115,0.01859453288959425,0.01948763667828836,0.0072182444424276505,2808,Temporal_Mid_L,Vermis_9,0.0,0.0,0.0,0.88
4423,48,80,49,81,0.01292594514728884,0.019483494430325276,0.008877571556515751,2809,Occipital_Sup_L,Temporal_Sup_L,0.0,0.0,0.0,0.54
1596,14,92,15,93,-0.012794461941854898,0.019479999369650038,0.010245874798920238,2810,Frontal_Inf_Orb_L,Cerebelum_Crus2_L,0.0,0.0,0.0,0.74
6073,80,114,81,115,0.018340221254435084,0.01947018629239813,0.011520733609646741,2811,Temporal_Sup_L,Vermis_9,0.0,0.0,0.0,0.94
3510,36,37,37,38,0.013923846537013215,0.019467621177755093,0.006323474964636531,2812,Hippocampus_L,Hippocampus_R,0.0,0.0,0.0,0.74
70,0,71,1,72,0.019166305464864135,0.019465298987883486,0.01096205254849019,2813,Precentral_L,Caudate_R,0.0,0.0,0.0,0.98
2859,28,46,29,47,-0.018523971043308402,0.019462853889373376,0.013593887803516603,2814,Insula_L,Lingual_L,0.0,0.0,0.0,0.94
5546,68,73,69,74,0.018093633006326618,0.019460886971804005,0.011838293983113212,2815,Paracentral_Lobule_L,Putamen_R,0.0,0.0,0.0,0.84
5391,64,112,65,113,-0.01063180736546835,0.019454154373450376,0.01058230679457521,2816,Angular_L,Vermis_7,0.0,0.0,0.0,0.64
3502,35,108,36,109,-0.019198064347952636,0.01944517248162243,0.013086071720493603,2817,Cingulum_Post_R,Vermis_1_2,0.0,0.0,0.0,0.98
3267,33,34,34,35,0.019301336895922817,0.019443444011311525,0.014587333173860424,2818,Cingulum_Mid_R,Cingulum_Post_L,0.0,0.0,0.0,0.98
6151,83,93,84,94,-0.0038094766502352884,0.019440526948458,0.009912555153158389,2819,Temporal_Pole_Sup_R,Cerebelum_Crus2_R,0.0,0.0,0.0,0.54
6003,78,115,79,116,-0.01943087237348135,0.01943087237348135,0.015537671094319305,2820,Heschl_L,Vermis_10,0.0,0.0,0.0,1.0
4149,44,80,45,81,-0.017351630334059284,0.019427146795446992,0.013105237603979351,2821,Cuneus_L,Temporal_Sup_L,0.0,0.0,0.0,0.94
1012,9,23,10,24,0.01896939682824715,0.019425858581371674,0.012494312344822777,2822,Frontal_Mid_Orb_R,Frontal_Sup_Medial_R,0.0,0.0,0.0,0.9
927,8,44,9,45,0.019148587079176434,0.019423872148878824,0.011464391365401623,2823,Frontal_Mid_Orb_L,Cuneus_L,0.0,0.0,0.0,0.94
4601,51,63,52,64,0.01728825620783922,0.019418782543501947,0.015008337978412428,2824,Occipital_Mid_R,SupraMarginal_R,0.0,0.0,0.0,0.94
3125,31,57,32,58,-0.01874292581157553,0.01941105866508081,0.014691220306104504,2825,Cingulum_Ant_R,Postcentral_R,0.0,0.0,0.0,0.96
1916,17,115,18,116,-0.01940184865261376,0.01940184865261376,0.02018821209007533,2826,Rolandic_Oper_R,Vermis_10,0.0,0.0,0.0,1.0
6413,92,112,93,113,-0.013883919615956945,0.01940145396006445,0.012782919104668288,2827,Cerebelum_Crus2_L,Vermis_7,0.0,0.0,0.0,0.9
3786,39,82,40,83,0.01544456762987728,0.019394798993247496,0.014247586725247837,2828,ParaHippocampal_R,Temporal_Pole_Sup_L,0.0,0.0,0.0,0.9
2650,25,101,26,102,-0.013718146559596108,0.019388473790102456,0.008534443388495114,2829,Frontal_Med_Orb_R,Cerebelum_7b_R,0.0,0.0,0.0,0.68
843,7,67,8,68,-0.019272545265930294,0.019387591523467907,0.014642182459271805,2830,Frontal_Mid_R,Precuneus_R,0.0,0.0,0.0,0.94
3681,38,53,39,54,-0.019386147334311446,0.019386147334311446,0.017507937959430564,2831,ParaHippocampal_L,Occipital_Inf_R,0.0,0.0,0.0,1.0
1368,12,67,13,68,0.014647576597380634,0.019373762864646184,0.0063768730193256695,2832,Frontal_Inf_Tri_L,Precuneus_R,0.0,0.0,0.0,0.62
1478,13,75,14,76,-0.0025617519130270426,0.01937324750605397,0.01030185996662197,2833,Frontal_Inf_Tri_R,Pallidum_R,0.0,0.0,0.0,0.72
4088,43,90,44,91,-0.01886171679409643,0.01937054749933757,0.013077294863174545,2834,Calcarine_R,Cerebelum_Crus1_L,0.0,0.0,0.0,0.82
2040,19,46,20,47,-0.018952441545906827,0.019365298219936378,0.00979039550677074,2835,Supp_Motor_Area_R,Lingual_L,0.0,0.0,0.0,0.96
6333,89,104,90,105,0.016174270596499726,0.019358846835043658,0.013752980642885434,2836,Temporal_Inf_R,Cerebelum_9_L,0.0,0.0,0.0,0.88
6154,83,96,84,97,0.017071462502095684,0.019356481136869007,0.012383264920415457,2837,Temporal_Pole_Sup_R,Cerebelum_4_5_L,0.0,0.0,0.0,0.86
3751,39,47,40,48,0.019350792169927723,0.019350792169927723,0.022225852698479397,2838,ParaHippocampal_R,Lingual_R,0.0,0.0,0.0,1.0
3305,33,72,34,73,0.008277453600294972,0.019347517718181714,0.010437712529340063,2839,Cingulum_Mid_R,Putamen_L,0.0,0.0,0.0,0.68
964,8,81,9,82,-0.008179723136190017,0.019325488573173278,0.011739923417971032,2840,Frontal_Mid_Orb_L,Temporal_Sup_R,0.0,0.0,0.0,0.5
6260,86,112,87,113,0.019263369445228072,0.019301753363276778,0.009427655838382905,2841,Temporal_Pole_Mid_L,Vermis_7,0.0,0.0,0.0,0.98
1816,16,113,17,114,0.019300980327536226,0.019300980327536226,0.017074301634005248,2842,Rolandic_Oper_L,Vermis_8,0.0,0.0,0.0,1.0
2291,21,108,22,109,0.01925634417226798,0.01929843276552165,0.014419805912143018,2843,Olfactory_R,Vermis_1_2,0.0,0.0,0.0,0.98
2001,18,103,19,104,0.0032931434450736933,0.019296112579910884,0.012453939944475155,2844,Supp_Motor_Area_L,Cerebelum_8_R,0.0,0.0,0.0,0.64
3404,34,90,35,91,-0.010730959946281442,0.019290761887906488,0.008762009770573634,2845,Cingulum_Post_L,Cerebelum_Crus1_L,0.0,0.0,0.0,0.58
1419,13,16,14,17,-0.018321886098694243,0.019283169976692268,0.01109266966113832,2846,Frontal_Inf_Tri_R,Rolandic_Oper_L,0.0,0.0,0.0,0.9
6605,104,106,105,107,0.0006001280380597268,0.019281256010263082,0.00896692083655043,2847,Cerebelum_9_L,Cerebelum_10_L,0.0,0.0,0.0,0.54
6599,103,111,104,112,-0.01900310658175444,0.01928037539054127,0.01116758036360108,2848,Cerebelum_8_R,Vermis_6,0.0,0.0,0.0,0.96
2938,29,39,30,40,0.01799415648800865,0.019279190695540023,0.011676672474391865,2849,Insula_R,ParaHippocampal_R,0.0,0.0,0.0,0.92
2886,28,73,29,74,-0.003401386780481487,0.01927627494486307,0.01379041617827528,2850,Insula_L,Putamen_R,0.0,0.0,0.0,0.6
4626,51,88,52,89,-0.019275884799174782,0.019275884799174782,0.014873217251302619,2851,Occipital_Mid_R,Temporal_Inf_L,0.0,0.0,0.0,1.0
1877,17,76,18,77,-0.019275619209580246,0.019275619209580246,0.011627778879805446,2852,Rolandic_Oper_R,Thalamus_L,0.0,0.0,0.0,1.0
6374,91,96,92,97,0.0016079432627138582,0.01926250186452791,0.009797886168107135,2853,Cerebelum_Crus1_R,Cerebelum_4_5_L,0.0,0.0,0.0,0.72
1838,17,37,18,38,0.019261923441856673,0.019261923441856673,0.01605457598176237,2854,Rolandic_Oper_R,Hippocampus_R,0.0,0.0,0.0,1.0
3647,37,96,38,97,-0.016730568461401113,0.019260859578906008,0.011124628515712552,2855,Hippocampus_R,Cerebelum_4_5_L,0.0,0.0,0.0,0.9
2649,25,100,26,101,0.004595479123894331,0.019251134227851043,0.010039781279895396,2856,Frontal_Med_Orb_R,Cerebelum_7b_L,0.0,0.0,0.0,0.54
5806,73,113,74,114,-0.01905375648103544,0.01924875870420179,0.015506942791141638,2857,Putamen_R,Vermis_8,0.0,0.0,0.0,0.98
3808,39,104,40,105,0.01290923774934783,0.019243744470086685,0.012079714495005939,2858,ParaHippocampal_R,Cerebelum_9_L,0.0,0.0,0.0,0.84
5815,74,81,75,82,0.0074902823447461995,0.019242696100182907,0.009674436961527335,2859,Pallidum_L,Temporal_Sup_R,0.0,0.0,0.0,0.62
3555,36,82,37,83,0.014760208779248893,0.01923878348577672,0.0118692037329313,2860,Hippocampus_L,Temporal_Pole_Sup_L,0.0,0.0,0.0,0.82
1123,10,29,11,30,-0.018879573686815483,0.019238557521548266,0.012602330970550343,2861,Frontal_Inf_Oper_L,Insula_R,0.0,0.0,0.02,0.88
1951,18,53,19,54,-0.019236565345601708,0.019236565345601708,0.012863472667654008,2862,Supp_Motor_Area_L,Occipital_Inf_R,0.0,0.0,0.0,1.0
3379,34,65,35,66,0.019226151342087373,0.019226151342087373,0.016925092209981354,2863,Cingulum_Post_L,Angular_R,0.0,0.0,0.0,1.0
3035,30,51,31,52,0.018758047036982174,0.019219887193026267,0.014489795091520426,2864,Cingulum_Ant_L,Occipital_Mid_R,0.0,0.0,0.0,0.86
2406,23,38,24,39,-0.01847085707050786,0.019212947248387315,0.012217841673622474,2865,Frontal_Sup_Medial_R,ParaHippocampal_L,0.0,0.0,0.0,0.9
5620,69,101,70,102,-0.01605626237282727,0.01920915745784261,0.010218765720865731,2866,Paracentral_Lobule_R,Cerebelum_7b_R,0.0,0.0,0.0,0.72
2799,27,73,28,74,0.014578145530837427,0.01920759680110154,0.008358850626408768,2867,Rectus_R,Putamen_R,0.0,0.0,0.0,0.7
3087,30,103,31,104,0.005250619242745207,0.019201906312708985,0.010064189247494035,2868,Cingulum_Ant_L,Cerebelum_8_R,0.0,0.0,0.0,0.54
2673,26,35,27,36,-0.01645363120940665,0.01920065730526183,0.014307510604835554,2869,Rectus_L,Cingulum_Post_R,0.0,0.0,0.0,0.92
5277,62,101,63,102,-0.018332607195434246,0.01919940261179707,0.01063326206040421,2870,SupraMarginal_L,Cerebelum_7b_R,0.0,0.0,0.02,0.84
4916,56,73,57,74,-0.019003131879106544,0.019197797616343007,0.018175963978748072,2871,Postcentral_L,Putamen_R,0.0,0.0,0.0,0.9
3311,33,78,34,79,0.01919194106127021,0.01919194106127021,0.01773091403819052,2872,Cingulum_Mid_R,Heschl_L,0.0,0.0,0.0,1.0
2298,21,115,22,116,-0.01911725837976232,0.019184015410308737,0.01172237024476748,2873,Olfactory_R,Vermis_10,0.0,0.0,0.0,0.98
4789,54,65,55,66,0.019179471949655504,0.019179471949655504,0.016190934841950784,2874,Fusiform_L,Angular_R,0.0,0.0,0.0,1.0
6579,102,103,103,104,-0.011135733926544362,0.01917285583715797,0.01122357791786209,2875,Cerebelum_8_L,Cerebelum_8_R,0.0,0.0,0.0,0.72
4825,54,101,55,102,-0.01900391329479911,0.019172726885997922,0.01800396118032776,2876,Fusiform_L,Cerebelum_7b_R,0.0,0.0,0.0,0.94
4377,47,101,48,102,0.019166967399028546,0.019166967399028546,0.015169210068551946,2877,Lingual_R,Cerebelum_7b_R,0.0,0.0,0.0,1.0
6097,81,104,82,105,0.00414072531410096,0.01916414542430828,0.012614710646997984,2878,Temporal_Sup_R,Cerebelum_9_L,0.0,0.0,0.0,0.54
4006,42,80,43,81,-0.01915727914153563,0.01915727914153563,0.012277631098077542,2879,Calcarine_L,Temporal_Sup_L,0.0,0.0,0.0,1.0
290,2,64,3,65,0.018077903895658585,0.01914542547909597,0.008208956335098893,2880,Frontal_Sup_L,Angular_L,0.02,0.06,0.1,0.8
3589,37,38,38,39,0.017516332088450305,0.01914245411907716,0.012569400906489444,2881,Hippocampus_R,ParaHippocampal_L,0.0,0.0,0.0,0.8
5414,65,85,66,86,0.013874938162758062,0.019139001852270524,0.018746432867250425,2882,Angular_R,Temporal_Mid_R,0.0,0.0,0.0,0.82
979,8,96,9,97,-0.016867861069525245,0.01913829668543835,0.007640284899376076,2883,Frontal_Mid_Orb_L,Cerebelum_4_5_L,0.0,0.0,0.0,0.76
1902,17,101,18,102,-0.018227950238426473,0.019136105529833733,0.008773639585589502,2884,Rolandic_Oper_R,Cerebelum_7b_R,0.0,0.0,0.0,0.84
5808,73,115,74,116,0.010569005203413768,0.019132189431315685,0.0072662122145804205,2885,Putamen_R,Vermis_10,0.0,0.0,0.0,0.62
4943,56,100,57,101,-0.01829983710586121,0.019122306950339302,0.011526424371164985,2886,Postcentral_L,Cerebelum_7b_L,0.0,0.0,0.0,0.94
3537,36,64,37,65,0.0003120992259334406,0.019120759127522365,0.011397647155453012,2887,Hippocampus_L,Angular_L,0.0,0.0,0.0,0.56
1005,9,16,10,17,-0.018869980829287536,0.01911770731197547,0.011244869163352511,2888,Frontal_Mid_Orb_R,Rolandic_Oper_L,0.0,0.0,0.0,0.96
3809,39,105,40,106,0.01757179761106038,0.019117263341017376,0.013151422872148672,2889,ParaHippocampal_R,Cerebelum_9_R,0.0,0.0,0.0,0.94
6419,93,96,94,97,0.015591010866582761,0.019115284722014163,0.011259035567901511,2890,Cerebelum_Crus2_R,Cerebelum_4_5_L,0.0,0.0,0.0,0.9
2411,23,43,24,44,-0.019101688290637246,0.019101688290637246,0.01731530127800833,2891,Frontal_Sup_Medial_R,Calcarine_R,0.0,0.0,0.0,1.0
2575,25,26,26,27,0.015354701412075858,0.01910028087606748,0.005855032745127032,2892,Frontal_Med_Orb_R,Rectus_L,0.0,0.0,0.0,0.78
2825,27,99,28,100,0.01198906491532171,0.01909611500743839,0.011523712702466854,2893,Rectus_R,Cerebelum_6_R,0.0,0.0,0.0,0.64
4560,50,86,51,87,0.01909391888734993,0.01909391888734993,0.016095017750166616,2894,Occipital_Mid_L,Temporal_Pole_Mid_L,0.0,0.0,0.0,1.0
5616,69,97,70,98,0.018804460539087117,0.019092640314220543,0.011265466440989217,2895,Paracentral_Lobule_R,Cerebelum_4_5_R,0.0,0.0,0.0,0.94
5079,59,65,60,66,0.018955072652794343,0.0190895389880725,0.01654009450543751,2896,Parietal_Sup_R,Angular_R,0.0,0.0,0.02,0.98
5007,57,106,58,107,-0.018287256397611976,0.019085328747743692,0.011401352176829166,2897,Postcentral_R,Cerebelum_10_L,0.0,0.0,0.0,0.96
1011,9,22,10,23,0.013663030605559208,0.019080055255060832,0.008587939818702515,2898,Frontal_Mid_Orb_R,Frontal_Sup_Medial_L,0.0,0.0,0.0,0.5
882,7,106,8,107,-0.018941482848827653,0.019079845142958983,0.01775688245832404,2899,Frontal_Mid_R,Cerebelum_10_L,0.0,0.0,0.0,0.94
3170,31,102,32,103,-0.0005755956551122422,0.01903432713876916,0.01160624641770406,2900,Cingulum_Ant_R,Cerebelum_8_L,0.0,0.0,0.0,0.6
6416,92,115,93,116,0.01616004101118668,0.019030682374249406,0.009923875922581586,2901,Cerebelum_Crus2_L,Vermis_10,0.0,0.0,0.0,0.9
1306,11,108,12,109,-0.012823258709607177,0.01901425104882709,0.012360726284790152,2902,Frontal_Inf_Oper_R,Vermis_1_2,0.0,0.0,0.0,0.88
3879,40,100,41,101,0.011164815041160221,0.019004896271270465,0.007525636926624172,2903,Amygdala_L,Cerebelum_7b_L,0.0,0.0,0.0,0.54
5776,73,83,74,84,0.0003257146721668795,0.019004405294929704,0.014088801676469725,2904,Putamen_R,Temporal_Pole_Sup_R,0.0,0.0,0.0,0.64
2484,24,25,25,26,-0.01583866066007769,0.019003793138439667,0.010092520763944388,2905,Frontal_Med_Orb_L,Frontal_Med_Orb_R,0.0,0.0,0.0,0.84
1973,18,75,19,76,0.0014892533121902813,0.018991490625199538,0.013741514895165195,2906,Supp_Motor_Area_L,Pallidum_R,0.0,0.0,0.0,0.64
5032,58,74,59,75,-0.018845542079683628,0.01898514868193302,0.019296159177996812,2907,Parietal_Sup_L,Pallidum_L,0.0,0.0,0.0,0.96
5456,66,78,67,79,0.01896992565282841,0.01896992565282841,0.016835513263298737,2908,Precuneus_L,Heschl_L,0.0,0.0,0.0,1.0
5390,64,111,65,112,-0.00011696790816593524,0.018965346586550743,0.007873135897306911,2909,Angular_L,Vermis_6,0.0,0.0,0.0,0.64
6200,84,111,85,112,0.016643346234746587,0.01896480597789493,0.006513741733552797,2910,Temporal_Mid_L,Vermis_6,0.0,0.0,0.0,0.62
5513,67,87,68,88,-0.01624836656956606,0.018956456296445663,0.011739601665805312,2911,Precuneus_R,Temporal_Pole_Mid_R,0.0,0.0,0.0,0.88
6410,92,109,93,110,0.017995270098786056,0.018951697577203396,0.008170998469530618,2912,Cerebelum_Crus2_L,Vermis_3,0.0,0.0,0.0,0.96
932,8,49,9,50,0.018876901972492574,0.018949894337120684,0.01706200365797128,2913,Frontal_Mid_Orb_L,Occipital_Sup_R,0.0,0.0,0.0,0.98
4153,44,84,45,85,-0.01833730529738868,0.018949525924219134,0.005054464969370359,2914,Cuneus_L,Temporal_Mid_L,0.0,0.0,0.0,0.84
4229,45,90,46,91,-0.017067730822100044,0.01894687263855685,0.011106745534913236,2915,Cuneus_R,Cerebelum_Crus1_L,0.0,0.0,0.0,0.76
2659,25,110,26,111,0.018937954991303067,0.018937954991303067,0.014850237900537739,2916,Frontal_Med_Orb_R,Vermis_4_5,0.0,0.0,0.0,1.0
2504,24,45,25,46,-0.017363461116700084,0.018935881265667857,0.01868992983681897,2917,Frontal_Med_Orb_L,Cuneus_R,0.0,0.0,0.0,0.96
5050,58,92,59,93,-0.018792441981826547,0.018933281219640174,0.018697420205182558,2918,Parietal_Sup_L,Cerebelum_Crus2_L,0.0,0.0,0.0,0.96
5963,77,112,78,113,-0.018880670568450827,0.01893141765151912,0.012019302798927541,2919,Thalamus_R,Vermis_7,0.0,0.0,0.0,0.96
1592,14,88,15,89,-0.011069471695477706,0.018919916515813973,0.010932893670122212,2920,Frontal_Inf_Orb_L,Temporal_Inf_L,0.0,0.0,0.0,0.6
2379,22,103,23,104,0.017793476350693248,0.018908608499141836,0.007822287563920238,2921,Frontal_Sup_Medial_L,Cerebelum_8_R,0.0,0.0,0.0,0.8
6273,87,97,88,98,0.014443909252980976,0.018907622359276625,0.012264104993064894,2922,Temporal_Pole_Mid_R,Cerebelum_4_5_R,0.0,0.0,0.0,0.82
2491,24,32,25,33,-0.018064251031272516,0.01890293258099979,0.008428371211378356,2923,Frontal_Med_Orb_L,Cingulum_Mid_L,0.0,0.0,0.0,0.9
3108,31,40,32,41,-0.01784114114894002,0.018902032943275974,0.012634786642393543,2924,Cingulum_Ant_R,Amygdala_L,0.0,0.0,0.0,0.96
6561,100,112,101,113,-0.01791348459062857,0.018898200114745464,0.01652020105777255,2925,Cerebelum_7b_L,Vermis_7,0.0,0.0,0.0,0.96
3258,32,107,33,108,0.014332599187558734,0.018892744251734886,0.012207206013312766,2926,Cingulum_Mid_L,Cerebelum_10_R,0.0,0.0,0.0,0.86
261,2,35,3,36,-0.01760509857811544,0.018892226018443332,0.01351509237215805,2927,Frontal_Sup_L,Cingulum_Post_R,0.0,0.0,0.02,0.8
1530,14,26,15,27,0.017824017194048344,0.018879915794231997,0.01092541199259366,2928,Frontal_Inf_Orb_L,Rectus_L,0.0,0.0,0.0,0.94
4366,47,90,48,91,-0.01670742859082295,0.018861579039857083,0.008290933095291102,2929,Lingual_R,Cerebelum_Crus1_L,0.0,0.0,0.0,0.72
1994,18,96,19,97,-0.011959077225565433,0.01885940202848606,0.013425969468007516,2930,Supp_Motor_Area_L,Cerebelum_4_5_L,0.0,0.0,0.0,0.88
2468,23,100,24,101,-0.010583366556941032,0.01885387268773385,0.00959682877615958,2931,Frontal_Sup_Medial_R,Cerebelum_7b_L,0.0,0.0,0.0,0.64
1657,15,53,16,54,-0.01884739814999104,0.01884739814999104,0.011488650990235614,2932,Frontal_Inf_Orb_R,Occipital_Inf_R,0.0,0.0,0.0,1.0
3512,36,39,37,40,0.01801869261902746,0.018840491080824244,0.009550417685801053,2933,Hippocampus_L,ParaHippocampal_R,0.0,0.0,0.0,0.94
6316,88,113,89,114,-0.01883966889130801,0.01883966889130801,0.01392524067208507,2934,Temporal_Inf_L,Vermis_8,0.0,0.0,0.0,1.0
806,7,30,8,31,-0.018679158277763074,0.01883966147727602,0.01504178791475266,2935,Frontal_Mid_R,Cingulum_Ant_L,0.0,0.0,0.0,0.94
3222,32,71,33,72,0.013029178946750502,0.018838370487526224,0.015447046856258945,2936,Cingulum_Mid_L,Caudate_R,0.0,0.0,0.0,0.88
4814,54,90,55,91,0.018835016157138836,0.018835016157138836,0.013646200917440492,2937,Fusiform_L,Cerebelum_Crus1_L,0.0,0.0,0.0,1.0
551,4,102,5,103,0.0046455865266297304,0.018830465464842766,0.012154847419212569,2938,Frontal_Sup_Orb_L,Cerebelum_8_L,0.0,0.0,0.0,0.52
6184,84,95,85,96,0.004429958680206947,0.01883030721101997,0.011820121373057896,2939,Temporal_Mid_L,Cerebelum_3_R,0.0,0.0,0.0,0.64
2933,29,34,30,35,0.01680401021265654,0.01882908809371374,0.013723925600876362,2940,Insula_R,Cingulum_Post_L,0.0,0.0,0.0,0.92
834,7,58,8,59,-0.01811548598967154,0.01882876491118092,0.015124466715154286,2941,Frontal_Mid_R,Parietal_Sup_L,0.0,0.0,0.0,0.92
2389,22,113,23,114,-0.01882028523773805,0.01882028523773805,0.011294159005106701,2942,Frontal_Sup_Medial_L,Vermis_8,0.0,0.0,0.0,1.0
3872,40,93,41,94,0.013714596921136777,0.018817648435127145,0.008778989480743307,2943,Amygdala_L,Cerebelum_Crus2_R,0.0,0.0,0.0,0.74
6348,90,94,91,95,-0.008088135501016246,0.018811387700668224,0.011651840799941575,2944,Cerebelum_Crus1_L,Cerebelum_3_L,0.0,0.0,0.0,0.5
3708,38,80,39,81,0.010618371542488549,0.01880841638652228,0.011182324377236185,2945,ParaHippocampal_L,Temporal_Sup_L,0.0,0.0,0.0,0.64
853,7,77,8,78,-0.018660048813969,0.018808115594286044,0.018351617511775636,2946,Frontal_Mid_R,Thalamus_R,0.0,0.0,0.0,0.94
3350,34,36,35,37,-0.017474086690288434,0.018801896240375416,0.01401310039651827,2947,Cingulum_Post_L,Hippocampus_L,0.0,0.0,0.0,0.94
142,1,29,2,30,-0.015695945732402673,0.01879669640240736,0.010275024444539017,2948,Precentral_R,Insula_R,0.0,0.0,0.0,0.88
3633,37,82,38,83,0.01556937416404546,0.01878440639271593,0.011265719276630452,2949,Hippocampus_R,Temporal_Pole_Sup_L,0.0,0.0,0.0,0.88
2697,26,59,27,60,-0.018579662430657153,0.01878422048287504,0.01790206927466751,2950,Rectus_L,Parietal_Sup_R,0.0,0.0,0.0,0.94
5755,72,104,73,105,-0.00011205535434783707,0.018782482402594364,0.011226321981795738,2951,Putamen_L,Cerebelum_9_L,0.0,0.0,0.0,0.58
2936,29,37,30,38,-0.014152654788265679,0.01878042785681523,0.009834579828616614,2952,Insula_R,Hippocampus_R,0.0,0.0,0.0,0.66
4572,50,98,51,99,0.01502283754725622,0.018769513007665602,0.011740469217757978,2953,Occipital_Mid_L,Cerebelum_6_L,0.0,0.0,0.0,0.9
3313,33,80,34,81,-0.009858501780783787,0.01876794201645227,0.01137367736580579,2954,Cingulum_Mid_R,Temporal_Sup_L,0.0,0.0,0.0,0.72
6337,89,108,90,109,-0.01876246583946074,0.01876246583946074,0.018640339499206526,2955,Temporal_Inf_R,Vermis_1_2,0.0,0.0,0.0,1.0
1939,18,41,19,42,-0.018759233412352427,0.018759233412352427,0.012544437243380311,2956,Supp_Motor_Area_L,Amygdala_R,0.0,0.0,0.0,1.0
5495,67,69,68,70,-0.01875443044160401,0.01875443044160401,0.012426146390146928,2957,Precuneus_R,Paracentral_Lobule_R,0.0,0.0,0.0,1.0
2407,23,39,24,40,-0.018529250639567202,0.018749501752656307,0.010179835157551732,2958,Frontal_Sup_Medial_R,ParaHippocampal_R,0.0,0.0,0.0,0.96
216,1,103,2,104,0.01751672152509085,0.01874772717069663,0.011591099630602996,2959,Precentral_R,Cerebelum_8_R,0.0,0.0,0.0,0.94
4734,53,71,54,72,0.018683166932198608,0.018746452941821156,0.009712104402227301,2960,Occipital_Inf_R,Caudate_R,0.0,0.0,0.0,0.96
2353,22,77,23,78,-0.01697200275962495,0.018735519059627958,0.012861630844662447,2961,Frontal_Sup_Medial_L,Thalamus_R,0.0,0.0,0.0,0.92
193,1,80,2,81,0.016519441603802486,0.018729284019855325,0.01188727714980758,2962,Precentral_R,Temporal_Sup_L,0.0,0.0,0.0,0.92
5394,64,115,65,116,0.002428073570471131,0.01872776287455427,0.010690419075289597,2963,Angular_L,Vermis_10,0.0,0.0,0.0,0.5
1840,17,39,18,40,0.018724510374887992,0.018724510374887992,0.01544073512879265,2964,Rolandic_Oper_R,ParaHippocampal_R,0.0,0.0,0.0,1.0
4298,46,90,47,91,-0.016939655032045992,0.01871907998443888,0.009858818126576928,2965,Lingual_L,Cerebelum_Crus1_L,0.0,0.0,0.0,0.84
3622,37,71,38,72,0.007838153145896677,0.01871076552797896,0.010943747666936256,2966,Hippocampus_R,Caudate_R,0.0,0.0,0.0,0.58
2628,25,79,26,80,0.018585590705714417,0.018708269005717707,0.015277137458835358,2967,Frontal_Med_Orb_R,Heschl_R,0.0,0.0,0.0,0.98
6298,88,95,89,96,-0.016428741244555674,0.018706745384726,0.014152368841533904,2968,Temporal_Inf_L,Cerebelum_3_R,0.0,0.0,0.0,0.86
1802,16,99,17,100,0.017949783481204098,0.018706391325180916,0.010358824956199778,2969,Rolandic_Oper_L,Cerebelum_6_R,0.0,0.0,0.0,0.94
3012,29,113,30,114,0.018619870836319875,0.01870385466490804,0.009215432068398213,2970,Insula_R,Vermis_8,0.0,0.0,0.0,0.94
3339,33,106,34,107,-0.00819707621769475,0.0187026669512982,0.007869213899812794,2971,Cingulum_Mid_R,Cerebelum_10_L,0.0,0.0,0.0,0.64
2742,26,104,27,105,-0.01371962582131085,0.018692292121568324,0.0127500171883492,2972,Rectus_L,Cerebelum_9_L,0.0,0.0,0.0,0.88
2089,19,95,20,96,0.011261233784403815,0.018688754780403757,0.010751833013534585,2973,Supp_Motor_Area_R,Cerebelum_3_R,0.0,0.0,0.0,0.52
6006,79,82,80,83,-0.015490924647063309,0.018683381883030332,0.006638601437994017,2974,Heschl_R,Temporal_Pole_Sup_L,0.0,0.0,0.0,0.64
4818,54,94,55,95,0.01868337016678498,0.01868337016678498,0.010696584578960444,2975,Fusiform_L,Cerebelum_3_L,0.0,0.0,0.0,1.0
3720,38,92,39,93,-0.003845842594169668,0.0186728277008703,0.012871489201922545,2976,ParaHippocampal_L,Cerebelum_Crus2_L,0.0,0.0,0.0,0.62
1009,9,20,10,21,-0.01867152627239703,0.01867152627239703,0.020564012477320707,2977,Frontal_Mid_Orb_R,Olfactory_L,0.0,0.0,0.0,1.0
6627,106,109,107,110,-0.018448644617232973,0.01865530261655053,0.014122219336230705,2978,Cerebelum_10_L,Vermis_3,0.0,0.0,0.0,0.98
4539,50,65,51,66,0.018646429463713664,0.018646429463713664,0.016211988167351667,2979,Occipital_Mid_L,Angular_R,0.0,0.0,0.0,1.0
1508,13,105,14,106,0.003633472909475018,0.01864555991936044,0.009907009694829171,2980,Frontal_Inf_Tri_R,Cerebelum_9_R,0.0,0.0,0.0,0.56
4460,49,51,50,52,0.018636883940231854,0.018636883940231854,0.016092548407325994,2981,Occipital_Sup_R,Occipital_Mid_R,0.0,0.0,0.0,1.0
4301,46,93,47,94,0.018561413380059077,0.018636792023776824,0.010368109580842189,2982,Lingual_L,Cerebelum_Crus2_R,0.0,0.0,0.0,0.98
3614,37,63,38,64,-0.0008596225225282529,0.01860663357094143,0.007604076994545666,2983,Hippocampus_R,SupraMarginal_R,0.0,0.0,0.0,0.52
1938,18,40,19,41,-0.0186014346527963,0.0186014346527963,0.013142521442066752,2984,Supp_Motor_Area_L,Amygdala_L,0.0,0.0,0.0,1.0
3574,36,101,37,102,0.0025133433543454366,0.01860026679878722,0.01008415501197936,2985,Hippocampus_L,Cerebelum_7b_R,0.0,0.0,0.0,0.6
2967,29,68,30,69,-0.012969269230548747,0.018591456145672838,0.012922281682576654,2986,Insula_R,Paracentral_Lobule_L,0.0,0.0,0.0,0.9
2807,27,81,28,82,-0.0023423979436598494,0.018584858619726818,0.010538071621548115,2987,Rectus_R,Temporal_Sup_R,0.0,0.0,0.0,0.68
482,4,33,5,34,-0.01414721492645604,0.01857329883593753,0.011223109100710345,2988,Frontal_Sup_Orb_L,Cingulum_Mid_R,0.0,0.0,0.0,0.82
4138,44,69,45,70,-0.01857219501534058,0.01857219501534058,0.01911838855347699,2989,Cuneus_L,Paracentral_Lobule_R,0.0,0.0,0.0,1.0
2438,23,70,24,71,-0.01390923482950732,0.01855834853852904,0.00921807539244636,2990,Frontal_Sup_Medial_R,Caudate_L,0.0,0.0,0.0,0.8
6478,95,114,96,115,-0.018474386842745442,0.018551293399890187,0.0158619743900876,2991,Cerebelum_3_R,Vermis_9,0.0,0.0,0.0,0.98
4277,46,69,47,70,-0.01853399325734586,0.01853399325734586,0.014578312440162097,2992,Lingual_L,Paracentral_Lobule_R,0.0,0.0,0.0,1.0
1777,16,74,17,75,-0.018290953249331117,0.01851264198413157,0.012220497244105658,2993,Rolandic_Oper_L,Pallidum_L,0.0,0.0,0.0,0.98
1610,14,106,15,107,-0.004507352293212682,0.018511463427571005,0.011989875439212996,2994,Frontal_Inf_Orb_L,Cerebelum_10_L,0.0,0.0,0.0,0.68
6231,85,112,86,113,0.017600426886535573,0.018510698595556877,0.011963026377230093,2995,Temporal_Mid_R,Vermis_7,0.0,0.0,0.0,0.82
2590,25,41,26,42,-0.018509175902026498,0.018509175902026498,0.012433472257614164,2996,Frontal_Med_Orb_R,Amygdala_R,0.0,0.0,0.0,1.0
38,0,39,1,40,0.01850673025351627,0.01850673025351627,0.017829181650495025,2997,Precentral_L,ParaHippocampal_R,0.0,0.0,0.0,1.0
3413,34,99,35,100,0.0042735211745915,0.01849629939691975,0.012139381595089493,2998,Cingulum_Post_L,Cerebelum_6_R,0.0,0.0,0.0,0.74
4220,45,81,46,82,-0.011074894758358577,0.01848970214584648,0.012082057808352163,2999,Cuneus_R,Temporal_Sup_R,0.0,0.0,0.0,0.82
3119,31,51,32,52,0.018144400197483437,0.018486448029699606,0.009918902787278196,3000,Cingulum_Ant_R,Occipital_Mid_R,0.0,0.0,0.0,0.9
2090,19,96,20,97,0.014245526976818367,0.01848338731871258,0.006695207854142348,3001,Supp_Motor_Area_R,Cerebelum_4_5_L,0.0,0.0,0.0,0.64
4382,47,106,48,107,-0.018223044579001077,0.018483270785015993,0.00957372782528498,3002,Lingual_R,Cerebelum_10_L,0.0,0.0,0.0,0.96
4794,54,70,55,71,0.01817357508539244,0.018482345585488832,0.01099860398722026,3003,Fusiform_L,Caudate_L,0.0,0.0,0.0,0.96
5859,75,85,76,86,0.014125754630906024,0.018481553043837015,0.010344709310192796,3004,Pallidum_R,Temporal_Mid_R,0.0,0.0,0.0,0.64
862,7,86,8,87,-0.018318942431710096,0.018460543778927113,0.0141306518771594,3005,Frontal_Mid_R,Temporal_Pole_Mid_L,0.0,0.0,0.0,0.94
2849,28,36,29,37,0.01140419850781025,0.01845817599206182,0.011391829294785712,3006,Insula_L,Hippocampus_L,0.0,0.0,0.0,0.8
1870,17,69,18,70,0.018130013857789024,0.018452356635721503,0.018721505285624197,3007,Rolandic_Oper_R,Paracentral_Lobule_R,0.0,0.0,0.0,0.98
4899,55,115,56,116,-0.01844955837848515,0.01844955837848515,0.019493446486249455,3008,Fusiform_R,Vermis_10,0.0,0.0,0.0,1.0
3150,31,82,32,83,0.0007750714029412559,0.018439945622220226,0.011419404150148277,3009,Cingulum_Ant_R,Temporal_Pole_Sup_L,0.0,0.0,0.0,0.52
1683,15,79,16,80,0.018432801292487522,0.018432801292487522,0.01715065040802357,3010,Frontal_Inf_Orb_R,Heschl_R,0.0,0.0,0.0,1.0
3918,41,65,42,66,0.018424231427129022,0.018424231427129022,0.01417958034669577,3011,Amygdala_R,Angular_R,0.0,0.0,0.0,1.0
1425,13,22,14,23,0.014318852404726063,0.018416512318946726,0.01126926829888749,3012,Frontal_Inf_Tri_R,Frontal_Sup_Medial_L,0.0,0.0,0.0,0.88
1240,11,42,12,43,-0.01806939735657429,0.01840678473664899,0.007793512148531743,3013,Frontal_Inf_Oper_R,Calcarine_L,0.0,0.0,0.0,0.96
1964,18,66,19,67,-0.01706853026529311,0.01839335585725181,0.010039546099151555,3014,Supp_Motor_Area_L,Precuneus_L,0.0,0.0,0.0,0.86
2412,23,44,24,45,-0.0182148444373849,0.018388419239406137,0.012492603899275298,3015,Frontal_Sup_Medial_R,Cuneus_L,0.0,0.0,0.0,0.94
2269,21,86,22,87,-0.018379464670926472,0.018379464670926472,0.016667442875474572,3016,Olfactory_R,Temporal_Pole_Mid_L,0.0,0.0,0.0,1.0
6095,81,102,82,103,0.0009077126007110741,0.0183771251195292,0.008173985530318503,3017,Temporal_Sup_R,Cerebelum_8_L,0.0,0.0,0.0,0.54
3307,33,74,34,75,-0.013295945158812631,0.01837515963144052,0.007960003034406943,3018,Cingulum_Mid_R,Pallidum_L,0.0,0.0,0.0,0.64
4901,56,58,57,59,-0.018228969467014952,0.01836531695748255,0.016791947170912695,3019,Postcentral_L,Parietal_Sup_L,0.0,0.0,0.0,0.96
2675,26,37,27,38,0.010228756598151255,0.0183627112151899,0.007780099084631235,3020,Rectus_L,Hippocampus_R,0.0,0.0,0.0,0.58
5972,78,84,79,85,0.01588616470442104,0.01836062817225777,0.014782990213316612,3021,Heschl_L,Temporal_Mid_L,0.0,0.0,0.0,0.94
5708,71,100,72,101,-0.011297847947256863,0.018359065284541603,0.012613749360813834,3022,Caudate_R,Cerebelum_7b_L,0.0,0.0,0.0,0.74
5406,65,77,66,78,0.01812533750872628,0.018357151407506975,0.01800906771692017,3023,Angular_R,Thalamus_R,0.0,0.0,0.0,0.96
1168,10,74,11,75,-0.017980998299601203,0.01834323533394712,0.013288012754426634,3024,Frontal_Inf_Oper_L,Pallidum_L,0.0,0.0,0.0,0.88
5661,70,97,71,98,0.013809814190012147,0.018338618482953387,0.006152046582884754,3025,Caudate_L,Cerebelum_4_5_R,0.0,0.0,0.0,0.6
3386,34,72,35,73,0.017949237526907396,0.018335006900467653,0.010010832779496392,3026,Cingulum_Post_L,Putamen_L,0.0,0.0,0.0,0.9
3431,35,37,36,38,0.009626891455488439,0.01833016605859769,0.008588249731594211,3027,Cingulum_Post_R,Hippocampus_R,0.0,0.0,0.0,0.5
1988,18,90,19,91,0.007407234209192157,0.018308150104019517,0.009915095688082454,3028,Supp_Motor_Area_L,Cerebelum_Crus1_L,0.0,0.0,0.0,0.74
2301,22,25,23,26,-0.009829302638154255,0.018302900159027285,0.011549417190839295,3029,Frontal_Sup_Medial_L,Frontal_Med_Orb_R,0.0,0.0,0.0,0.82
769,6,101,7,102,0.017037893088098766,0.018299493321983627,0.011015061351165981,3030,Frontal_Mid_L,Cerebelum_7b_R,0.0,0.02,0.04,0.8
4254,45,115,46,116,-0.018298609781542484,0.018298609781542484,0.016798272413477006,3031,Cuneus_R,Vermis_10,0.0,0.0,0.0,1.0
4538,50,64,51,65,0.017804512666049165,0.018294848507909273,0.013950265617383158,3032,Occipital_Mid_L,Angular_L,0.0,0.0,0.0,0.96
1040,9,51,10,52,-0.018286066765758006,0.018286066765758006,0.00971273744297177,3033,Frontal_Mid_Orb_R,Occipital_Mid_R,0.0,0.0,0.0,1.0
4199,45,60,46,61,-0.01335860534542812,0.018270980965709338,0.010321654905289463,3034,Cuneus_R,Parietal_Inf_L,0.0,0.0,0.0,0.72
988,8,105,9,106,-0.014143544345619234,0.01826800210538422,0.011214528066289468,3035,Frontal_Mid_Orb_L,Cerebelum_9_R,0.0,0.0,0.0,0.7
2795,27,69,28,70,0.01818684453028981,0.01826749244084277,0.011147964164878552,3036,Rectus_R,Paracentral_Lobule_R,0.0,0.0,0.0,0.96
3754,39,50,40,51,0.018259805060600497,0.018259805060600497,0.01895037797644649,3037,ParaHippocampal_R,Occipital_Mid_L,0.0,0.0,0.0,1.0
5733,72,82,73,83,-0.007129128933077367,0.018255872404709484,0.009696831756093052,3038,Putamen_L,Temporal_Pole_Sup_L,0.0,0.0,0.0,0.58
4661,52,60,53,61,-0.014802325642835863,0.01825446013487068,0.010990353013808421,3039,Occipital_Inf_L,Parietal_Inf_L,0.0,0.0,0.0,0.92
594,5,35,6,36,-0.0009044109418354017,0.018248496894416415,0.010523872063274396,3040,Frontal_Sup_Orb_R,Cingulum_Post_R,0.0,0.0,0.0,0.74
3449,35,55,36,56,-0.018247829090500493,0.018247829090500493,0.016553722557695633,3041,Cingulum_Post_R,Fusiform_R,0.0,0.0,0.0,1.0
4341,47,65,48,66,0.01824767852177965,0.01824767852177965,0.0164687881317306,3042,Lingual_R,Angular_R,0.0,0.0,0.0,1.0
1532,14,28,15,29,-0.014720140385644198,0.018247415762956697,0.00971298325747121,3043,Frontal_Inf_Orb_L,Insula_L,0.0,0.0,0.0,0.88
6392,91,114,92,115,-0.01798642275744405,0.018244471631688977,0.006656955408476204,3044,Cerebelum_Crus1_R,Vermis_9,0.0,0.0,0.0,0.98
2923,28,110,29,111,-0.01819003139161282,0.01824386196211578,0.016672358880665844,3045,Insula_L,Vermis_4_5,0.0,0.0,0.0,0.96
6090,81,97,82,98,-0.0034265740918490795,0.018233853565994117,0.011036463473279395,3046,Temporal_Sup_R,Cerebelum_4_5_R,0.0,0.0,0.0,0.6
598,5,39,6,40,-0.0016954892528782723,0.01821095424765069,0.011862818371735438,3047,Frontal_Sup_Orb_R,ParaHippocampal_R,0.0,0.0,0.0,0.74
6486,96,103,97,104,-0.015122854372931784,0.01820970349496217,0.009929561695865735,3048,Cerebelum_4_5_L,Cerebelum_8_R,0.0,0.0,0.0,0.74
2994,29,95,30,96,-0.01357967338204783,0.018203411459182462,0.010676797971155241,3049,Insula_R,Cerebelum_3_R,0.0,0.0,0.0,0.78
3632,37,81,38,82,-0.011800102800576327,0.018200157482310048,0.0075917662166426585,3050,Hippocampus_R,Temporal_Sup_R,0.0,0.0,0.0,0.72
3202,32,51,33,52,0.018183661123276983,0.018191207670748947,0.012518454896082946,3051,Cingulum_Mid_L,Occipital_Mid_R,0.0,0.0,0.0,0.98
5129,59,115,60,116,-0.0179839921953808,0.018191036452181463,0.018249080714384303,3052,Parietal_Sup_R,Vermis_10,0.0,0.0,0.0,0.94
1551,14,47,15,48,0.018183598977261184,0.018183598977261184,0.017237197108893768,3053,Frontal_Inf_Orb_L,Lingual_R,0.0,0.0,0.0,1.0
1769,16,66,17,67,0.018171240133737065,0.018171240133737065,0.015843446184102862,3054,Rolandic_Oper_L,Precuneus_L,0.0,0.0,0.0,1.0
1730,16,27,17,28,0.0178583629164503,0.018162246271058884,0.01216829584831921,3055,Rolandic_Oper_L,Rectus_R,0.0,0.0,0.0,0.96
1981,18,83,19,84,0.013692602447516826,0.0181554214252012,0.012394514262517689,3056,Supp_Motor_Area_L,Temporal_Pole_Sup_R,0.0,0.0,0.0,0.82
2553,24,94,25,95,-0.01202861285251518,0.01815482689725211,0.007879625926308477,3057,Frontal_Med_Orb_L,Cerebelum_3_L,0.0,0.0,0.0,0.58
4857,55,73,56,74,0.018154764309144797,0.018154764309144797,0.011983388862146347,3058,Fusiform_R,Putamen_R,0.0,0.0,0.0,1.0
3668,38,40,39,41,-0.018151748645082705,0.018151748645082705,0.019511731337182772,3059,ParaHippocampal_L,Amygdala_L,0.0,0.0,0.0,1.0
3471,35,77,36,78,-0.0025491362621258558,0.01815135872466705,0.010767558985628246,3060,Cingulum_Post_R,Thalamus_R,0.0,0.0,0.0,0.58
1554,14,50,15,51,0.018134895390062154,0.018134895390062154,0.01720901299584677,3061,Frontal_Inf_Orb_L,Occipital_Mid_L,0.0,0.0,0.0,1.0
5447,66,69,67,70,-0.01799236810745942,0.018125030028280285,0.014363203354600215,3062,Precuneus_L,Paracentral_Lobule_R,0.0,0.0,0.0,0.98
3191,32,40,33,41,-0.018112195532919304,0.018112195532919304,0.012868778684764604,3063,Cingulum_Mid_L,Amygdala_L,0.0,0.0,0.0,1.0
3045,30,61,31,62,-0.016915569143284067,0.018111050638298962,0.009256984413103797,3064,Cingulum_Ant_L,Parietal_Inf_R,0.0,0.0,0.0,0.78
2636,25,87,26,88,-0.0005600396777706485,0.018099505835812702,0.010723340649047418,3065,Frontal_Med_Orb_R,Temporal_Pole_Mid_R,0.0,0.0,0.0,0.6
875,7,99,8,100,-0.01795272151582919,0.01808897133174983,0.01638029980102168,3066,Frontal_Mid_R,Cerebelum_6_R,0.0,0.0,0.0,0.94
5434,65,105,66,106,0.017709998602438676,0.01808812111098129,0.017357691802769026,3067,Angular_R,Cerebelum_9_R,0.0,0.0,0.0,0.96
2524,24,65,25,66,0.004038193112885719,0.018086985195137982,0.01791381692239953,3068,Frontal_Med_Orb_L,Angular_R,0.0,0.0,0.0,0.64
528,4,79,5,80,0.01669774101121632,0.018070465302557074,0.013314610680800178,3069,Frontal_Sup_Orb_L,Heschl_R,0.0,0.0,0.0,0.92
1194,10,100,11,101,-0.016964169600498416,0.01806736656959924,0.009918651676753813,3070,Frontal_Inf_Oper_L,Cerebelum_7b_L,0.0,0.0,0.04,0.86
6207,85,88,86,89,0.00764243756805104,0.018059347505917703,0.0113784538185935,3071,Temporal_Mid_R,Temporal_Inf_L,0.0,0.0,0.0,0.58
3316,33,83,34,84,-0.012438645464106063,0.018057865481174905,0.008219085452371919,3072,Cingulum_Mid_R,Temporal_Pole_Sup_R,0.0,0.0,0.0,0.6
595,5,36,6,37,0.007300484102603328,0.01805741160465403,0.011058222427169584,3073,Frontal_Sup_Orb_R,Hippocampus_L,0.0,0.0,0.0,0.5
3544,36,71,37,72,0.006359863211840958,0.018046045068395772,0.007870347877626813,3074,Hippocampus_L,Caudate_R,0.0,0.0,0.0,0.68
3406,34,92,35,93,0.005719687011750765,0.018037714135676137,0.011919103820482453,3075,Cingulum_Post_L,Cerebelum_Crus2_L,0.0,0.0,0.0,0.64
6593,103,105,104,106,0.00987229345556915,0.01803154876521957,0.013899320900433786,3076,Cerebelum_8_R,Cerebelum_9_R,0.0,0.0,0.0,0.8
201,1,88,2,89,0.017505736495578357,0.01803102843562759,0.009130636875413283,3077,Precentral_R,Temporal_Inf_L,0.0,0.0,0.0,0.86
1340,12,39,13,40,0.009339091892821146,0.018016344098020335,0.012144397077332166,3078,Frontal_Inf_Tri_L,ParaHippocampal_R,0.0,0.0,0.0,0.84
3785,39,81,40,82,0.014880213528711913,0.01801550704075824,0.011912406529498792,3079,ParaHippocampal_R,Temporal_Sup_R,0.0,0.0,0.0,0.76
2562,24,103,25,104,0.008418275052830887,0.018011465313202833,0.008691545690077193,3080,Frontal_Med_Orb_L,Cerebelum_8_R,0.0,0.0,0.0,0.72
6501,97,100,98,101,-0.0037084544221879,0.018007422332566296,0.012161191092847398,3081,Cerebelum_4_5_R,Cerebelum_7b_L,0.0,0.0,0.0,0.68
3504,35,110,36,111,0.018003851057034895,0.018005470464691517,0.015661364075867427,3082,Cingulum_Post_R,Vermis_4_5,0.0,0.0,0.0,0.98
3733,38,105,39,106,0.0160155214581831,0.01800152550603521,0.010009992154006754,3083,ParaHippocampal_L,Cerebelum_9_R,0.0,0.0,0.0,0.84
6123,82,97,83,98,0.011561691574340642,0.017996789854354028,0.009774888844735995,3084,Temporal_Pole_Sup_L,Cerebelum_4_5_R,0.0,0.0,0.0,0.84
494,4,45,5,46,0.017916632419381635,0.017991038312386312,0.01360364184276774,3085,Frontal_Sup_Orb_L,Cuneus_R,0.0,0.0,0.0,0.92
2321,22,45,23,46,-0.01799042187975022,0.01799042187975022,0.017311507517186114,3086,Frontal_Sup_Medial_L,Cuneus_R,0.0,0.0,0.0,1.0
5883,75,109,76,110,-0.017987191531064695,0.017987191531064695,0.015994435646118098,3087,Pallidum_R,Vermis_3,0.0,0.0,0.0,1.0
10,0,11,1,12,0.009522467396769761,0.01798397428575742,0.010852168629621784,3088,Precentral_L,Frontal_Inf_Oper_R,0.0,0.0,0.0,0.72
1412,12,111,13,112,-0.009344951494743493,0.017981930723551108,0.01338240999797927,3089,Frontal_Inf_Tri_L,Vermis_6,0.0,0.0,0.0,0.76
3092,30,108,31,109,-0.017299069667974794,0.01797356725270035,0.009472977394480966,3090,Cingulum_Ant_L,Vermis_1_2,0.0,0.0,0.0,0.9
604,5,45,6,46,0.017671043765911137,0.017958903798062822,0.009328383094612971,3091,Frontal_Sup_Orb_R,Cuneus_R,0.0,0.0,0.0,0.94
4066,43,68,44,69,-0.017946295112890864,0.017946295112890864,0.016502091479504336,3092,Calcarine_R,Paracentral_Lobule_L,0.0,0.0,0.0,1.0
6575,101,112,102,113,0.016543998096597817,0.017944985156886792,0.007476803538789165,3093,Cerebelum_7b_R,Vermis_7,0.0,0.0,0.0,0.8
1526,14,22,15,23,-0.007665938355183775,0.01792665230221928,0.009939716882839136,3094,Frontal_Inf_Orb_L,Frontal_Sup_Medial_L,0.0,0.0,0.0,0.6
2791,27,65,28,66,0.017873522229372683,0.01792393965807736,0.014590361758966587,3095,Rectus_R,Angular_R,0.0,0.0,0.0,0.96
878,7,102,8,103,-0.017784461124098226,0.017918430801346908,0.01614403235000712,3096,Frontal_Mid_R,Cerebelum_8_L,0.0,0.0,0.0,0.94
470,4,21,5,22,-0.017910403173440136,0.017910403173440136,0.014587689112938236,3097,Frontal_Sup_Orb_L,Olfactory_R,0.0,0.0,0.0,1.0
3176,31,108,32,109,-0.0164462679456689,0.017908624405365853,0.008166073180811428,3098,Cingulum_Ant_R,Vermis_1_2,0.0,0.0,0.0,0.76
396,3,58,4,59,-0.016669711333702573,0.017897331473261637,0.011265430394787633,3099,Frontal_Sup_R,Parietal_Sup_L,0.0,0.0,0.02,0.84
3701,38,73,39,74,0.005134530778122806,0.01789544057486487,0.009323384190826558,3100,ParaHippocampal_L,Putamen_R,0.0,0.0,0.0,0.66
4849,55,65,56,66,0.017880783507795987,0.017880783507795987,0.01596075635980078,3101,Fusiform_R,Angular_R,0.0,0.0,0.0,1.0
5084,59,70,60,71,-0.01757384255780248,0.01787687604511553,0.014944579298242023,3102,Parietal_Sup_R,Caudate_L,0.0,0.0,0.02,0.92
5710,71,102,72,103,-0.014010436860483444,0.017848458447899986,0.010842627547493898,3103,Caudate_R,Cerebelum_8_L,0.0,0.0,0.0,0.76
5073,58,115,59,116,-0.017706759842052465,0.01784578864644297,0.016710297422588498,3104,Parietal_Sup_L,Vermis_10,0.0,0.0,0.0,0.96
1105,10,11,11,12,-0.01644446894523778,0.01784393534490952,0.010268793162173198,3105,Frontal_Inf_Oper_L,Frontal_Inf_Oper_R,0.02,0.02,0.06,0.82
5276,62,100,63,101,-0.016879995307156604,0.017843218589444734,0.01039334202798313,3106,SupraMarginal_L,Cerebelum_7b_L,0.0,0.0,0.02,0.84
4611,51,73,52,74,0.017839781929597197,0.017839781929597197,0.01281055040028016,3107,Occipital_Mid_R,Putamen_R,0.0,0.0,0.0,1.0
29,0,30,1,31,0.010963776543758331,0.017826231304520775,0.010203776267008332,3108,Precentral_L,Cingulum_Ant_L,0.0,0.0,0.0,0.54
1702,15,98,16,99,-0.011848968493669444,0.01782603422828082,0.009380836018109861,3109,Frontal_Inf_Orb_R,Cerebelum_6_L,0.0,0.0,0.0,0.6
3221,32,70,33,71,-0.010648933453797207,0.017825980797957126,0.010791712162002549,3110,Cingulum_Mid_L,Caudate_L,0.0,0.0,0.0,0.6
1183,10,89,11,90,0.015868545212716138,0.017825743816094003,0.012295354389663107,3111,Frontal_Inf_Oper_L,Temporal_Inf_R,0.0,0.0,0.0,0.78
786,7,10,8,11,-0.016892597190850206,0.017824075013499516,0.011541837246284015,3112,Frontal_Mid_R,Frontal_Inf_Oper_L,0.0,0.0,0.06,0.88
3146,31,78,32,79,0.01736261076231463,0.017823950882703908,0.013651703176113878,3113,Cingulum_Ant_R,Heschl_L,0.0,0.0,0.0,0.94
501,4,52,5,53,0.01781952898034767,0.01781952898034767,0.011163932426208365,3114,Frontal_Sup_Orb_L,Occipital_Inf_L,0.0,0.0,0.0,1.0
3991,42,65,43,66,0.017810136435151933,0.017810136435151933,0.014563964307539853,3115,Calcarine_L,Angular_R,0.0,0.0,0.0,1.0
5802,73,109,74,110,0.017744589987799608,0.017800897684794367,0.009727334268173016,3116,Putamen_R,Vermis_3,0.0,0.0,0.0,0.98
2348,22,72,23,73,-0.013870452631168319,0.017794829567737747,0.009321078274765554,3117,Frontal_Sup_Medial_L,Putamen_L,0.0,0.0,0.0,0.78
4930,56,87,57,88,0.017702308966871173,0.017787599048740978,0.009705002940863957,3118,Postcentral_L,Temporal_Pole_Mid_R,0.0,0.0,0.0,0.96
1037,9,48,10,49,0.01754999162096654,0.01778486650380468,0.0072646907043682745,3119,Frontal_Mid_Orb_R,Occipital_Sup_L,0.0,0.0,0.0,0.94
3104,31,36,32,37,-0.0010858509433112828,0.017781074321424017,0.00936269162996765,3120,Cingulum_Ant_R,Hippocampus_L,0.0,0.0,0.0,0.64
4193,45,54,46,55,-0.017780285604658122,0.017780285604658122,0.01372551555187191,3121,Cuneus_R,Fusiform_L,0.0,0.0,0.0,1.0
5822,74,88,75,89,-0.0008404884252578046,0.017777288137334285,0.008364891940335403,3122,Pallidum_L,Temporal_Inf_L,0.0,0.0,0.0,0.58
2070,19,76,20,77,-0.0033871203857826215,0.017769273520535006,0.012236359580864057,3123,Supp_Motor_Area_R,Thalamus_L,0.0,0.0,0.0,0.7
31,0,32,1,33,-0.013246347805731536,0.017760024831262135,0.011776091075762685,3124,Precentral_L,Cingulum_Mid_L,0.0,0.0,0.0,0.94
130,1,17,2,18,0.017750554628446283,0.017750554628446283,0.014511643283019343,3125,Precentral_R,Rolandic_Oper_R,0.0,0.0,0.0,1.0
1156,10,62,11,63,-0.017061766981215663,0.017746636583268582,0.01145290905602856,3126,Frontal_Inf_Oper_L,SupraMarginal_L,0.0,0.0,0.04,0.88
2017,19,23,20,24,0.0015778133795383636,0.01774449344374819,0.009423971967170014,3127,Supp_Motor_Area_R,Frontal_Sup_Medial_R,0.0,0.0,0.0,0.62
3381,34,67,35,68,0.017246678860976458,0.017743656899167043,0.016699592290776014,3128,Cingulum_Post_L,Precuneus_R,0.0,0.0,0.0,0.94
2901,28,88,29,89,0.0020312290630059783,0.017740331994993735,0.009659329401742925,3129,Insula_L,Temporal_Inf_L,0.0,0.0,0.0,0.68
3234,32,83,33,84,-0.004399952099031776,0.017728437113942334,0.010976277204948173,3130,Cingulum_Mid_L,Temporal_Pole_Sup_R,0.0,0.0,0.0,0.62
3558,36,85,37,86,0.010393598600505096,0.017724351355218753,0.009898346113108872,3131,Hippocampus_L,Temporal_Mid_R,0.0,0.0,0.0,0.58
6563,100,114,101,115,-0.016459029197966754,0.017723396033161285,0.010216207170416665,3132,Cerebelum_7b_L,Vermis_9,0.0,0.0,0.0,0.94
5807,73,114,74,115,0.01772294696153651,0.01772294696153651,0.011127788312691308,3133,Putamen_R,Vermis_9,0.0,0.0,0.0,1.0
4116,44,47,45,48,-0.017719740538556482,0.017719740538556482,0.015129072448498494,3134,Cuneus_L,Lingual_R,0.0,0.0,0.0,1.0
740,6,72,7,73,-0.016924982666100433,0.017710772359930273,0.01062083375500522,3135,Frontal_Mid_L,Putamen_L,0.0,0.0,0.0,0.86
2867,28,54,29,55,-0.017357022522528954,0.017699046007833685,0.008741565051867602,3136,Insula_L,Fusiform_L,0.0,0.0,0.0,0.94
2651,25,102,26,103,0.009094405588906299,0.017691530731265115,0.013148859777119451,3137,Frontal_Med_Orb_R,Cerebelum_8_L,0.0,0.0,0.0,0.74
5111,59,97,60,98,-0.017433648091419084,0.017690146659715144,0.016726721813181182,3138,Parietal_Sup_R,Cerebelum_4_5_R,0.0,0.0,0.0,0.92
1601,14,97,15,98,0.011185912195063333,0.0176882530647043,0.011385330500011283,3139,Frontal_Inf_Orb_L,Cerebelum_4_5_R,0.0,0.0,0.0,0.92
3934,41,81,42,82,-0.016312571297885353,0.017684089554831348,0.014535983650530755,3140,Amygdala_R,Temporal_Sup_R,0.0,0.0,0.0,0.92
4959,57,58,58,59,-0.017538767929874514,0.01767906166463923,0.015054996950011137,3141,Postcentral_R,Parietal_Sup_L,0.0,0.0,0.0,0.94
4534,50,60,51,61,-0.015666367994149787,0.017673619444470042,0.008419696666049121,3142,Occipital_Mid_L,Parietal_Inf_L,0.0,0.0,0.0,0.84
4950,56,107,57,108,-0.017634218606854896,0.017671944472848634,0.012619784912448492,3143,Postcentral_L,Cerebelum_10_R,0.0,0.0,0.0,0.98
3856,40,77,41,78,0.015898622395622074,0.017667895732484513,0.010172198271574777,3144,Amygdala_L,Thalamus_R,0.0,0.0,0.0,0.64
4673,52,72,53,73,0.01751807306655552,0.017667686621617044,0.008833542936050407,3145,Occipital_Inf_L,Putamen_L,0.0,0.0,0.0,0.98
4444,48,101,49,102,0.017158228744466146,0.017666368581349363,0.010036509038636163,3146,Occipital_Sup_L,Cerebelum_7b_R,0.0,0.0,0.0,0.9
3463,35,69,36,70,-0.014942986780877712,0.017655412569310698,0.013563832586577776,3147,Cingulum_Post_R,Paracentral_Lobule_R,0.0,0.0,0.0,0.96
2051,19,57,20,58,-0.01741398654437672,0.017654818537124133,0.01034057347318592,3148,Supp_Motor_Area_R,Postcentral_R,0.0,0.0,0.0,0.96
5216,61,93,62,94,-0.01632259111252221,0.01764807587945089,0.008485595656709925,3149,Parietal_Inf_R,Cerebelum_Crus2_R,0.0,0.0,0.0,0.8
2531,24,72,25,73,0.0038064643385444046,0.017646299530807565,0.01085882442606405,3150,Frontal_Med_Orb_L,Putamen_L,0.0,0.0,0.0,0.76
1238,11,40,12,41,0.011249269782998126,0.017639451354299035,0.007079485278855421,3151,Frontal_Inf_Oper_R,Amygdala_L,0.0,0.0,0.0,0.52
4671,52,70,53,71,0.017632993115160436,0.017632993115160436,0.010871312185100655,3152,Occipital_Inf_L,Caudate_L,0.0,0.0,0.0,1.0
5896,76,83,77,84,-0.012523482443857446,0.017630669042063497,0.008669968497666427,3153,Thalamus_L,Temporal_Pole_Sup_R,0.0,0.0,0.0,0.72
3180,31,112,32,113,-0.013897348138327272,0.017627352224729505,0.010242445626604632,3154,Cingulum_Ant_R,Vermis_7,0.0,0.0,0.0,0.88
2556,24,97,25,98,-0.009507784114901302,0.017615567406111653,0.009706297628815934,3155,Frontal_Med_Orb_L,Cerebelum_4_5_R,0.0,0.0,0.0,0.58
347,3,9,4,10,0.01761408180416299,0.01761408180416299,0.013718513864128302,3156,Frontal_Sup_R,Frontal_Mid_Orb_R,0.0,0.0,0.0,1.0
791,7,15,8,16,0.01447030956458386,0.01761225857210386,0.009275218977013219,3157,Frontal_Mid_R,Frontal_Inf_Orb_R,0.0,0.0,0.0,0.7
4923,56,80,57,81,0.005707630276774772,0.017603541021263974,0.009295708047261906,3158,Postcentral_L,Temporal_Sup_L,0.0,0.0,0.0,0.56
2774,27,48,28,49,-0.017595526342436704,0.017595526342436704,0.015035057497228815,3159,Rectus_R,Occipital_Sup_L,0.0,0.0,0.0,1.0
4928,56,85,57,86,0.01753106952804229,0.01759434637596686,0.01033812188586995,3160,Postcentral_L,Temporal_Mid_R,0.0,0.0,0.0,0.98
929,8,46,9,47,0.017429682467775726,0.017588130880002828,0.012945645840886859,3161,Frontal_Mid_Orb_L,Lingual_L,0.0,0.0,0.0,0.98
1733,16,30,17,31,0.016217886135564786,0.01758568627996859,0.006381640176335997,3162,Rolandic_Oper_L,Cingulum_Ant_L,0.0,0.0,0.0,0.74
3541,36,68,37,69,-0.015280224121334429,0.017583052409346274,0.010240283286101336,3163,Hippocampus_L,Paracentral_Lobule_L,0.0,0.0,0.0,0.94
3443,35,49,36,50,-0.017581818818806973,0.017581818818806973,0.015120002765911541,3164,Cingulum_Post_R,Occipital_Sup_R,0.0,0.0,0.0,1.0
182,1,69,2,70,-0.017134461066719685,0.01756845033128304,0.010923622670104733,3165,Precentral_R,Paracentral_Lobule_R,0.0,0.0,0.0,0.96
4235,45,96,46,97,-0.01756475446492138,0.01756475446492138,0.012266542543418666,3166,Cuneus_R,Cerebelum_4_5_L,0.0,0.0,0.0,1.0
2426,23,58,24,59,-0.01740559550661229,0.01756455247078955,0.017751244881112085,3167,Frontal_Sup_Medial_R,Parietal_Sup_L,0.0,0.0,0.0,0.94
3611,37,60,38,61,-0.00955934630229206,0.017564153199208496,0.008269359207882184,3168,Hippocampus_R,Parietal_Inf_L,0.0,0.0,0.0,0.64
6583,102,107,103,108,0.00020217624893318018,0.017556647019125956,0.009009513417974872,3169,Cerebelum_8_L,Cerebelum_10_R,0.0,0.0,0.0,0.54
27,0,28,1,29,-0.011028559530628552,0.017553525620325604,0.010770281824108925,3170,Precentral_L,Insula_L,0.0,0.0,0.0,0.82
3340,33,107,34,108,0.013611429931851595,0.017545808570152376,0.010893386288423935,3171,Cingulum_Mid_R,Cerebelum_10_R,0.0,0.0,0.0,0.8
2380,22,104,23,105,-0.016861169855219446,0.017517165175700688,0.011254744796676656,3172,Frontal_Sup_Medial_L,Cerebelum_9_L,0.0,0.0,0.0,0.94
5898,76,85,77,86,-0.0007392423829614941,0.017511930021796237,0.011418918563381092,3173,Thalamus_L,Temporal_Mid_R,0.0,0.0,0.0,0.58
1577,14,73,15,74,0.00031650991403875574,0.017508527504330046,0.010527591676214552,3174,Frontal_Inf_Orb_L,Putamen_R,0.0,0.0,0.0,0.66
2809,27,83,28,84,0.015137617996961037,0.0174998963791607,0.010354114825777933,3175,Rectus_R,Temporal_Pole_Sup_R,0.0,0.0,0.0,0.9
3847,40,68,41,69,-0.01747744016999777,0.017484246354876793,0.01671566052807166,3176,Amygdala_L,Paracentral_Lobule_L,0.0,0.0,0.0,0.98
3616,37,65,38,66,0.017423006920046925,0.017481390498930837,0.014203200071782263,3177,Hippocampus_R,Angular_R,0.0,0.0,0.0,0.96
1560,14,56,15,57,0.017477033978700554,0.017477033978700554,0.010626579595344956,3178,Frontal_Inf_Orb_L,Postcentral_L,0.0,0.0,0.0,1.0
483,4,34,5,35,-0.012131188861553552,0.017473670238633256,0.011724583209391768,3179,Frontal_Sup_Orb_L,Cingulum_Post_L,0.0,0.0,0.0,0.84
3844,40,65,41,66,0.017396659920384503,0.01747218988706511,0.013174587691451654,3180,Amygdala_L,Angular_R,0.0,0.0,0.0,0.98
2048,19,54,20,55,-0.01724302859252176,0.01746584578269717,0.009044336080801577,3181,Supp_Motor_Area_R,Fusiform_L,0.0,0.0,0.0,0.94
2752,26,114,27,115,0.017285581070440325,0.017465507704642138,0.011045272771883071,3182,Rectus_L,Vermis_9,0.0,0.0,0.0,0.9
1519,14,15,15,16,-0.008159230929135557,0.017457622090718793,0.007140048891251663,3183,Frontal_Inf_Orb_L,Frontal_Inf_Orb_R,0.0,0.0,0.0,0.52
5257,62,81,63,82,0.015771252851380636,0.01744103014064152,0.008245444940424947,3184,SupraMarginal_L,Temporal_Sup_R,0.0,0.0,0.04,0.82
6148,83,90,84,91,-0.0037921980607259803,0.017440989593339555,0.010253323923835655,3185,Temporal_Pole_Sup_R,Cerebelum_Crus1_L,0.0,0.0,0.0,0.54
6286,87,110,88,111,0.017412657565381667,0.017431142625636026,0.010897496216136095,3186,Temporal_Pole_Mid_R,Vermis_4_5,0.0,0.0,0.0,0.98
6318,88,115,89,116,-0.017389764165330127,0.017430951765885046,0.013038255195429924,3187,Temporal_Inf_L,Vermis_10,0.0,0.0,0.0,0.96
4902,56,59,57,60,-0.01720494427960697,0.017421325435089972,0.01595133079322955,3188,Postcentral_L,Parietal_Sup_R,0.0,0.0,0.0,0.94
5550,68,77,69,78,-0.010903944386521367,0.0174169798657284,0.01267512615326399,3189,Paracentral_Lobule_L,Thalamus_R,0.0,0.0,0.0,0.76
920,8,37,9,38,-0.007035006172793611,0.01741136121391637,0.007569409847623974,3190,Frontal_Mid_Orb_L,Hippocampus_R,0.0,0.0,0.0,0.56
1801,16,98,17,99,0.014823629701777094,0.017409903419218265,0.00884031962212415,3191,Rolandic_Oper_L,Cerebelum_6_L,0.0,0.0,0.0,0.9
5476,66,98,67,99,0.00967900519751421,0.017403009272991467,0.011132466713488191,3192,Precuneus_L,Cerebelum_6_L,0.0,0.0,0.0,0.8
6617,105,108,106,109,0.017402442881693722,0.017402442881693722,0.016812452729753583,3193,Cerebelum_9_R,Vermis_1_2,0.0,0.0,0.0,1.0
2347,22,71,23,72,-0.014335413094805927,0.01738771088606447,0.005891864709718343,3194,Frontal_Sup_Medial_L,Caudate_R,0.0,0.0,0.0,0.66
5008,57,107,58,108,-0.017100121221122422,0.017382954650110617,0.0088711479857762,3195,Postcentral_R,Cerebelum_10_R,0.0,0.0,0.0,0.9
1579,14,75,15,76,-0.011916317526267508,0.017372779072950376,0.010967592984681264,3196,Frontal_Inf_Orb_L,Pallidum_R,0.0,0.0,0.0,0.84
4565,50,91,51,92,-0.016219363267237517,0.01737194701357064,0.007610376049054474,3197,Occipital_Mid_L,Cerebelum_Crus1_R,0.0,0.0,0.0,0.84
4347,47,71,48,72,0.017354737722700044,0.01737079413827929,0.010726716143198234,3198,Lingual_R,Caudate_R,0.0,0.0,0.0,0.98
3880,40,101,41,102,-0.007936888106582031,0.017366292491382874,0.007970575456817801,3199,Amygdala_L,Cerebelum_7b_R,0.0,0.0,0.0,0.7
5996,78,108,79,109,-0.017358438015148386,0.017358438015148386,0.014636171709598116,3200,Heschl_L,Vermis_1_2,0.0,0.0,0.0,1.0
2498,24,39,25,40,-0.009705076240652519,0.017355744384795757,0.011272719187045352,3201,Frontal_Med_Orb_L,ParaHippocampal_R,0.0,0.0,0.0,0.8
3538,36,65,37,66,0.01648992018727689,0.017354143040308388,0.015211431373046369,3202,Hippocampus_L,Angular_R,0.0,0.0,0.0,0.94
6398,92,97,93,98,-0.006741038461311638,0.017348200615165933,0.010858362112091928,3203,Cerebelum_Crus2_L,Cerebelum_4_5_R,0.0,0.0,0.0,0.74
3438,35,44,36,45,-0.0173393487600944,0.0173393487600944,0.010641907711037363,3204,Cingulum_Post_R,Cuneus_L,0.0,0.0,0.0,1.0
851,7,75,8,76,-0.017188315073295202,0.017334390902338143,0.01728480856452576,3205,Frontal_Mid_R,Pallidum_R,0.0,0.0,0.0,0.94
4867,55,83,56,84,0.017334362876312143,0.017334362876312143,0.013313495549166544,3206,Fusiform_R,Temporal_Pole_Sup_R,0.0,0.0,0.0,1.0
703,6,35,7,36,-0.016470956677787117,0.017331589020791526,0.010210808228356478,3207,Frontal_Mid_L,Cingulum_Post_R,0.0,0.0,0.0,0.86
4878,55,94,56,95,0.017318177529909978,0.017318177529909978,0.011293944375981493,3208,Fusiform_R,Cerebelum_3_L,0.0,0.0,0.0,1.0
2735,26,97,27,98,-0.005077722513573048,0.017306553897996776,0.009392755423549493,3209,Rectus_L,Cerebelum_4_5_R,0.0,0.0,0.0,0.66
4339,47,63,48,64,0.01727088381156882,0.017304635023103473,0.011192252348137626,3210,Lingual_R,SupraMarginal_R,0.0,0.0,0.0,0.96
6581,102,105,103,106,0.016272414275215683,0.0173039957070582,0.007905944968676656,3211,Cerebelum_8_L,Cerebelum_9_R,0.0,0.0,0.0,0.86
3239,32,88,33,89,-0.008014921728774911,0.01728948896595679,0.00839242090952292,3212,Cingulum_Mid_L,Temporal_Inf_L,0.0,0.0,0.0,0.62
1665,15,61,16,62,0.01670408064892574,0.01728933224275968,0.010472827786588876,3213,Frontal_Inf_Orb_R,Parietal_Inf_R,0.0,0.0,0.0,0.92
5470,66,92,67,93,0.01404927463973838,0.017283897226935123,0.0075983071923212755,3214,Precuneus_L,Cerebelum_Crus2_L,0.0,0.0,0.0,0.74
2585,25,36,26,37,0.006418197556262726,0.017281034826532794,0.006960289271776722,3215,Frontal_Med_Orb_R,Hippocampus_L,0.0,0.0,0.0,0.58
653,5,94,6,95,0.0001347684844696773,0.017272963494248793,0.007689936664249821,3216,Frontal_Sup_Orb_R,Cerebelum_3_L,0.0,0.0,0.0,0.62
2029,19,35,20,36,-0.015445300710382345,0.017267989311476165,0.014086200303742084,3217,Supp_Motor_Area_R,Cingulum_Post_R,0.0,0.0,0.0,0.94
4772,53,109,54,110,-0.017262650049552596,0.017262650049552596,0.018329638815087257,3218,Occipital_Inf_R,Vermis_3,0.0,0.0,0.0,1.0
2021,19,27,20,28,-0.01577469493803777,0.017261392148447942,0.009809942506236447,3219,Supp_Motor_Area_R,Rectus_R,0.0,0.0,0.0,0.94
2350,22,74,23,75,0.017196713302559653,0.01725187852389637,0.011970274078980846,3220,Frontal_Sup_Medial_L,Pallidum_L,0.0,0.0,0.0,0.94
2686,26,48,27,49,-0.017119635736887198,0.017251660985059154,0.015057714585814643,3221,Rectus_L,Occipital_Sup_L,0.0,0.0,0.0,0.96
3712,38,84,39,85,-0.005758045190416273,0.0172492234249407,0.011885964998383885,3222,ParaHippocampal_L,Temporal_Mid_L,0.0,0.0,0.0,0.66
2003,18,105,19,106,-0.01112123340193019,0.017249011044549966,0.0068539152298945135,3223,Supp_Motor_Area_L,Cerebelum_9_R,0.0,0.0,0.0,0.64
4677,52,76,53,77,-0.01559779689348101,0.017247492506851553,0.005153290168743252,3224,Occipital_Inf_L,Thalamus_L,0.0,0.0,0.0,0.74
3310,33,77,34,78,0.010023057682280387,0.017246782902738598,0.007998177550607673,3225,Cingulum_Mid_R,Thalamus_R,0.0,0.0,0.0,0.7
2027,19,33,20,34,0.008752227300418601,0.017245324109419456,0.010269232362761093,3226,Supp_Motor_Area_R,Cingulum_Mid_R,0.0,0.0,0.0,0.62
788,7,12,8,13,-0.01707339647597129,0.017244455865144812,0.01208328039688163,3227,Frontal_Mid_R,Frontal_Inf_Tri_L,0.0,0.0,0.04,0.94
3096,30,112,31,113,-0.011357002879562886,0.01721797002945439,0.010940162909509452,3228,Cingulum_Ant_L,Vermis_7,0.0,0.0,0.0,0.88
5973,78,85,79,86,0.016266573746104695,0.017216470871283612,0.014020515077546283,3229,Heschl_L,Temporal_Mid_R,0.0,0.0,0.0,0.94
1527,14,23,15,24,0.015059515526711585,0.017212987848979913,0.009784747590673593,3230,Frontal_Inf_Orb_L,Frontal_Sup_Medial_R,0.0,0.0,0.0,0.86
672,5,113,6,114,-0.017210497824800414,0.017210497824800414,0.01102800587284214,3231,Frontal_Sup_Orb_R,Vermis_8,0.0,0.0,0.0,1.0
2605,25,56,26,57,0.017174986076382414,0.0171998265414794,0.010352991871335291,3232,Frontal_Med_Orb_R,Postcentral_L,0.0,0.0,0.0,0.96
3470,35,76,36,77,-0.008705084385885423,0.01719556568400966,0.009103262564172702,3233,Cingulum_Post_R,Thalamus_L,0.0,0.0,0.0,0.78
1681,15,77,16,78,-0.0030105263216682484,0.017185627705104834,0.009620289674291693,3234,Frontal_Inf_Orb_R,Thalamus_R,0.0,0.0,0.0,0.64
938,8,55,9,56,0.016761189476631445,0.017181306990116624,0.009817913248970007,3235,Frontal_Mid_Orb_L,Fusiform_R,0.0,0.0,0.0,0.96
939,8,56,9,57,0.016770624429871848,0.017179849025108097,0.00903248615918643,3236,Frontal_Mid_Orb_L,Postcentral_L,0.0,0.0,0.0,0.94
6291,87,115,88,116,0.011142764650510511,0.017179184148802998,0.0061546029307429665,3237,Temporal_Pole_Mid_R,Vermis_10,0.0,0.0,0.0,0.66
3459,35,65,36,66,0.01696154870191008,0.017171764936452817,0.015029802029483091,3238,Cingulum_Post_R,Angular_R,0.0,0.0,0.0,0.94
624,5,65,6,66,0.007422679150638867,0.017160084191952397,0.016341412467162936,3239,Frontal_Sup_Orb_R,Angular_R,0.0,0.0,0.0,0.72
923,8,40,9,41,-0.017040964406334715,0.017158832312584076,0.009953719543137543,3240,Frontal_Mid_Orb_L,Amygdala_L,0.0,0.0,0.0,0.98
14,0,15,1,16,0.017126998951454763,0.017134353426434476,0.011606744434510836,3241,Precentral_L,Frontal_Inf_Orb_R,0.0,0.0,0.0,0.98
2034,19,40,20,41,-0.017133308529929926,0.017133308529929926,0.011089741044439539,3242,Supp_Motor_Area_R,Amygdala_L,0.0,0.0,0.0,1.0
4422,48,79,49,80,0.01703585794604728,0.017132563584278032,0.011153222217447755,3243,Occipital_Sup_L,Heschl_R,0.0,0.0,0.0,0.92
2460,23,92,24,93,-0.006792942618195678,0.01712562037224804,0.012799543888260684,3244,Frontal_Sup_Medial_R,Cerebelum_Crus2_L,0.0,0.0,0.0,0.78
2954,29,55,30,56,-0.017030474893850317,0.017118635899214897,0.009795446723712464,3245,Insula_R,Fusiform_R,0.0,0.0,0.0,0.98
6264,87,88,88,89,-0.011911100387421143,0.017096562128444556,0.009817281146723079,3246,Temporal_Pole_Mid_R,Temporal_Inf_L,0.0,0.0,0.0,0.64
4271,46,63,47,64,-0.010743782087671024,0.017095389256466663,0.00519909885915827,3247,Lingual_L,SupraMarginal_R,0.0,0.0,0.0,0.52
3248,32,97,33,98,-0.016287610532908316,0.01709497655669122,0.00827531625712611,3248,Cingulum_Mid_L,Cerebelum_4_5_R,0.0,0.0,0.0,0.92
4203,45,64,46,65,-0.01275628915856933,0.0170808368661107,0.00998206050700534,3249,Cuneus_R,Angular_L,0.0,0.0,0.0,0.58
1639,15,35,16,36,0.01493273366278601,0.017079936584172055,0.011287749062050562,3250,Frontal_Inf_Orb_R,Cingulum_Post_R,0.0,0.0,0.0,0.64
3330,33,97,34,98,-0.014891554245635173,0.017078615604223895,0.011208337046842525,3251,Cingulum_Mid_R,Cerebelum_4_5_R,0.0,0.0,0.0,0.9
6341,89,112,90,113,0.01688074744982415,0.017073234174772755,0.012199292109936394,3252,Temporal_Inf_R,Vermis_7,0.0,0.0,0.0,0.88
4758,53,95,54,96,-0.01669209530678552,0.01707228954738192,0.01443649451172856,3253,Occipital_Inf_R,Cerebelum_3_R,0.0,0.0,0.0,0.98
3416,34,102,35,103,0.016286654096152937,0.017065294447667884,0.010970356418081615,3254,Cingulum_Post_L,Cerebelum_8_L,0.0,0.0,0.0,0.94
5398,65,69,66,70,0.01691467659341591,0.01706107556705181,0.014970770279532024,3255,Angular_R,Paracentral_Lobule_R,0.0,0.0,0.0,0.96
5342,63,114,64,115,-0.015968897786544346,0.017049749888285705,0.008750557125868736,3256,SupraMarginal_R,Vermis_9,0.0,0.0,0.0,0.9
4310,46,102,47,103,-0.01699522226598431,0.017049214077474385,0.009484887856135197,3257,Lingual_L,Cerebelum_8_L,0.0,0.0,0.0,0.98
2053,19,59,20,60,-0.016808736679732806,0.017047543410916795,0.016263233263141975,3258,Supp_Motor_Area_R,Parietal_Sup_R,0.0,0.0,0.0,0.94
231,2,5,3,6,-0.015749802024582843,0.017039090161959945,0.009579540939449434,3259,Frontal_Sup_L,Frontal_Sup_Orb_R,0.02,0.02,0.04,0.8
1500,13,97,14,98,0.006840101592273228,0.017038383581091415,0.00692681257872619,3260,Frontal_Inf_Tri_R,Cerebelum_4_5_R,0.0,0.0,0.0,0.66
5814,74,80,75,81,0.003927210923465819,0.017032667274519745,0.010639828361882122,3261,Pallidum_L,Temporal_Sup_L,0.0,0.0,0.0,0.54
2719,26,81,27,82,-0.006613512980613132,0.017029524614652927,0.00932577622303448,3262,Rectus_L,Temporal_Sup_R,0.0,0.0,0.0,0.78
5788,73,95,74,96,-0.004703680214349551,0.017028971315951238,0.007820492169039824,3263,Putamen_R,Cerebelum_3_R,0.0,0.0,0.0,0.56
4547,50,73,51,74,0.017012500123194687,0.017012500123194687,0.01261753035039009,3264,Occipital_Mid_L,Putamen_R,0.0,0.0,0.0,1.0
6562,100,113,101,114,-0.014509560034598822,0.017006628433428653,0.012786698667511465,3265,Cerebelum_7b_L,Vermis_8,0.0,0.0,0.0,0.92
1599,14,95,15,96,0.014139907174570865,0.01700186635666938,0.00769991184331102,3266,Frontal_Inf_Orb_L,Cerebelum_3_R,0.0,0.0,0.0,0.84
371,3,33,4,34,0.01698978568098823,0.01698978568098823,0.014154095226787998,3267,Frontal_Sup_R,Cingulum_Mid_R,0.0,0.0,0.0,1.0
2409,23,41,24,42,-0.016986289286941916,0.016986289286941916,0.01381063293738636,3268,Frontal_Sup_Medial_R,Amygdala_R,0.0,0.0,0.0,1.0
3861,40,82,41,83,0.015547553047588642,0.016983064235771977,0.0036481446136439133,3269,Amygdala_L,Temporal_Pole_Sup_L,0.0,0.0,0.0,0.64
6039,79,115,80,116,-0.01697605302744163,0.01697605302744163,0.014930031072781846,3270,Heschl_R,Vermis_10,0.0,0.0,0.0,1.0
4860,55,76,56,77,-0.016395832523573767,0.01697150845826064,0.011795846019586952,3271,Fusiform_R,Thalamus_L,0.0,0.0,0.0,0.9
4541,50,67,51,68,0.016963901861417652,0.016963901861417652,0.011610453460404506,3272,Occipital_Mid_L,Precuneus_R,0.0,0.0,0.0,1.0
1439,13,36,14,37,0.0008604559005270003,0.01695977189384495,0.00876284326557158,3273,Frontal_Inf_Tri_R,Hippocampus_L,0.0,0.0,0.0,0.5
200,1,87,2,88,0.015312819409050661,0.01695609341862286,0.007694470314339086,3274,Precentral_R,Temporal_Pole_Mid_R,0.0,0.0,0.0,0.82
916,8,33,9,34,-0.002477238236923736,0.016955704278030264,0.00749385543572313,3275,Frontal_Mid_Orb_L,Cingulum_Mid_R,0.0,0.0,0.0,0.56
1881,17,80,18,81,-0.011327549514210156,0.01695339381245066,0.0077219029201424086,3276,Rolandic_Oper_R,Temporal_Sup_L,0.0,0.0,0.0,0.6
1427,13,24,14,25,-0.011747100094851904,0.01695232257237501,0.011714458495854308,3277,Frontal_Inf_Tri_R,Frontal_Med_Orb_L,0.0,0.0,0.0,0.78
5711,71,103,72,104,0.010630397621619105,0.016948239086705987,0.011121840185518135,3278,Caudate_R,Cerebelum_8_R,0.0,0.0,0.0,0.66
4494,49,85,50,86,0.0156849796004057,0.01694474738532177,0.008489967000298648,3279,Occipital_Sup_R,Temporal_Mid_R,0.0,0.0,0.0,0.9
4735,53,72,54,73,0.016910883284770948,0.016925290707014803,0.007783450658620213,3280,Occipital_Inf_R,Putamen_L,0.0,0.0,0.0,0.98
4529,50,55,51,56,0.016924239498042233,0.016924239498042233,0.015113090692999665,3281,Occipital_Mid_L,Fusiform_R,0.0,0.0,0.0,1.0
4378,47,102,48,103,-0.016916195775949352,0.016916195775949352,0.01120524353295033,3282,Lingual_R,Cerebelum_8_L,0.0,0.0,0.0,1.0
1326,12,25,13,26,0.0006880481885467538,0.016915051095916084,0.006003948567070419,3283,Frontal_Inf_Tri_L,Frontal_Med_Orb_R,0.0,0.0,0.0,0.52
1957,18,59,19,60,-0.01662209853181135,0.016913560255594595,0.012879797172307396,3284,Supp_Motor_Area_L,Parietal_Sup_R,0.0,0.0,0.0,0.92
91,0,92,1,93,-0.01570217982251202,0.016913144001996908,0.008051757354140692,3285,Precentral_L,Cerebelum_Crus2_L,0.0,0.0,0.0,0.82
4880,55,96,56,97,-0.01691290435066283,0.01691290435066283,0.013535222836862041,3286,Fusiform_R,Cerebelum_4_5_L,0.0,0.0,0.0,1.0
12,0,13,1,14,0.015899454259964068,0.016911402386512953,0.008338737770109305,3287,Precentral_L,Frontal_Inf_Tri_R,0.0,0.0,0.0,0.78
344,3,6,4,7,0.016762780689421,0.01690559852902726,0.011507366146898488,3288,Frontal_Sup_R,Frontal_Mid_L,0.0,0.0,0.0,0.96
2725,26,87,27,88,-0.012024198571585749,0.0169039614817286,0.009577912849159964,3289,Rectus_L,Temporal_Pole_Mid_R,0.0,0.0,0.0,0.64
1244,11,46,12,47,-0.014296407482226716,0.016902851247518797,0.007765948894478866,3290,Frontal_Inf_Oper_R,Lingual_L,0.0,0.0,0.0,0.84
3372,34,58,35,59,-0.01673601073118844,0.016896268765864697,0.016679287069138394,3291,Cingulum_Post_L,Parietal_Sup_L,0.0,0.0,0.0,0.94
3567,36,94,37,95,0.006849817633679358,0.016894327258010183,0.004208395425808378,3292,Hippocampus_L,Cerebelum_3_L,0.0,0.0,0.0,0.6
2081,19,87,20,88,-0.002734173139205019,0.016884611478077766,0.010290850942725848,3293,Supp_Motor_Area_R,Temporal_Pole_Mid_R,0.0,0.0,0.0,0.56
5934,77,83,78,84,0.005907226629198066,0.016884263827943672,0.009111954383023178,3294,Thalamus_R,Temporal_Pole_Sup_R,0.0,0.0,0.0,0.62
3220,32,69,33,70,-0.016132896016242296,0.016883061139160004,0.009087067068917865,3295,Cingulum_Mid_L,Paracentral_Lobule_R,0.0,0.0,0.0,0.92
3040,30,56,31,57,0.012291577724084122,0.01687170264810955,0.0072242319811407435,3296,Cingulum_Ant_L,Postcentral_L,0.0,0.0,0.0,0.52
5705,71,97,72,98,0.006766607034013949,0.016870418988894128,0.0067935451082056265,3297,Caudate_R,Cerebelum_4_5_R,0.0,0.0,0.0,0.52
4634,51,96,52,97,-0.016866143603875994,0.016866143603875994,0.01153877971880069,3298,Occipital_Mid_R,Cerebelum_4_5_L,0.0,0.0,0.0,1.0
3775,39,71,40,72,-0.0036854165187133726,0.01686579802353875,0.009719924676974728,3299,ParaHippocampal_R,Caudate_R,0.0,0.0,0.0,0.68
2927,28,114,29,115,0.01628098339075684,0.016851465328735913,0.008978105244695608,3300,Insula_L,Vermis_9,0.0,0.0,0.0,0.88
3927,41,74,42,75,0.010593124577610372,0.01685095733703059,0.008547222599803922,3301,Amygdala_R,Pallidum_L,0.0,0.0,0.0,0.62
6638,107,112,108,113,-0.01625244972152704,0.016850675375210632,0.011138365380664697,3302,Cerebelum_10_R,Vermis_7,0.0,0.0,0.0,0.9
3468,35,74,36,75,0.012089170829280703,0.01685018199326127,0.00987688088995636,3303,Cingulum_Post_R,Pallidum_L,0.0,0.0,0.0,0.78
861,7,85,8,86,-0.01669444112515181,0.01684681193760246,0.01355998942609997,3304,Frontal_Mid_R,Temporal_Mid_R,0.0,0.0,0.0,0.94
2457,23,89,24,90,-0.011389240862197359,0.01684355550635386,0.006366021008814837,3305,Frontal_Sup_Medial_R,Temporal_Inf_R,0.0,0.0,0.0,0.74
838,7,62,8,63,-0.01650593689267335,0.016835649614030907,0.012514254569734873,3306,Frontal_Mid_R,SupraMarginal_L,0.0,0.0,0.02,0.88
881,7,105,8,106,-0.016675261513738725,0.016835481783828165,0.013737153081814854,3307,Frontal_Mid_R,Cerebelum_9_R,0.0,0.0,0.0,0.94
5042,58,84,59,85,0.011012496124252043,0.016833795377561286,0.010731194844715438,3308,Parietal_Sup_L,Temporal_Mid_L,0.0,0.0,0.02,0.56
3727,38,99,39,100,-0.002889685564156471,0.016818718213054182,0.00840440716856995,3309,ParaHippocampal_L,Cerebelum_6_R,0.0,0.0,0.0,0.52
1630,15,26,16,27,-0.015821636890748,0.01680653741011829,0.005317475506424414,3310,Frontal_Inf_Orb_R,Rectus_L,0.0,0.0,0.0,0.74
2869,28,56,29,57,-0.015788752983813988,0.016805248766992485,0.010002673969254642,3311,Insula_L,Postcentral_L,0.0,0.0,0.0,0.9
6479,95,115,96,116,-0.00997886357788793,0.016796751984613653,0.008666834901272175,3312,Cerebelum_3_R,Vermis_10,0.0,0.0,0.0,0.74
1043,9,54,10,55,-0.01653231174692788,0.016778959606017437,0.00933213890924847,3313,Frontal_Mid_Orb_R,Fusiform_L,0.0,0.0,0.0,0.94
3957,41,104,42,105,-0.01600567920774752,0.0167789259828798,0.009375718500282536,3314,Amygdala_R,Cerebelum_9_L,0.0,0.0,0.0,0.96
6441,94,97,95,98,-0.010904431842553656,0.016777135298360023,0.00808439000885824,3315,Cerebelum_3_L,Cerebelum_4_5_R,0.0,0.0,0.0,0.6
6018,79,94,80,95,-0.011742183710508825,0.016776012935204542,0.0069784420020929,3316,Heschl_R,Cerebelum_3_L,0.0,0.0,0.0,0.56
5867,75,93,76,94,-0.0046212254909202225,0.01677577235436929,0.008810727394880515,3317,Pallidum_R,Cerebelum_Crus2_R,0.0,0.0,0.0,0.64
4268,46,60,47,61,-0.015415750578111887,0.016765165230268733,0.011356601512507409,3318,Lingual_L,Parietal_Inf_L,0.0,0.0,0.0,0.92
4807,54,83,55,84,0.016274598633271388,0.016764910569884016,0.010203284599735102,3319,Fusiform_L,Temporal_Pole_Sup_R,0.0,0.0,0.0,0.98
75,0,76,1,77,0.00929999432226431,0.016764076392161723,0.008582362918854907,3320,Precentral_L,Thalamus_L,0.0,0.0,0.0,0.5
4748,53,85,54,86,-0.016423186917463375,0.016750399654657206,0.009510272997359723,3321,Occipital_Inf_R,Temporal_Mid_R,0.0,0.0,0.0,0.96
6636,107,110,108,111,-0.01629269045102744,0.016745982294958064,0.010824024700629802,3322,Cerebelum_10_R,Vermis_4_5,0.0,0.0,0.0,0.96
2319,22,43,23,44,-0.016736876353981547,0.016736876353981547,0.015397200185329626,3323,Frontal_Sup_Medial_L,Calcarine_R,0.0,0.0,0.0,1.0
5887,75,113,76,114,-0.016695660691625428,0.016735768650154283,0.007608575007304786,3324,Pallidum_R,Vermis_8,0.0,0.0,0.0,0.98
3990,42,64,43,65,-0.014517575441512614,0.016735052631247704,0.008104942832204818,3325,Calcarine_L,Angular_L,0.0,0.0,0.0,0.64
3649,37,98,38,99,0.003270667715393918,0.016732287666771616,0.011257655186898915,3326,Hippocampus_R,Cerebelum_6_L,0.0,0.0,0.0,0.72
1739,16,36,17,37,0.016724854015481863,0.016724854015481863,0.012259036614161358,3327,Rolandic_Oper_L,Hippocampus_L,0.0,0.0,0.0,1.0
6545,99,111,100,112,-0.016420720001547307,0.016723846919398475,0.012299274529493844,3328,Cerebelum_6_R,Vermis_6,0.0,0.0,0.0,0.98
3568,36,95,37,96,-0.007648318724247846,0.016717978344065944,0.008410873908395271,3329,Hippocampus_L,Cerebelum_3_R,0.0,0.0,0.0,0.76
958,8,75,9,76,-0.0017688326227280468,0.016715962093350762,0.008017295828680548,3330,Frontal_Mid_Orb_L,Pallidum_R,0.0,0.0,0.0,0.52
5248,62,72,63,73,-0.01600095477439925,0.01671567190284641,0.010538854645858952,3331,SupraMarginal_L,Putamen_L,0.0,0.0,0.0,0.84
5025,58,67,59,68,-0.01656486280721394,0.016714992336974554,0.018141411143751417,3332,Parietal_Sup_L,Precuneus_R,0.0,0.0,0.0,0.94
3319,33,86,34,87,0.006041110361959723,0.01671108756003967,0.009402557975197219,3333,Cingulum_Mid_R,Temporal_Pole_Mid_L,0.0,0.0,0.0,0.58
5062,58,104,59,105,-0.016564652092407834,0.016708111838767165,0.016222819988705544,3334,Parietal_Sup_L,Cerebelum_9_L,0.0,0.0,0.0,0.96
2164,20,75,21,76,-0.016695442393536607,0.016695442393536607,0.014989875480122726,3335,Olfactory_L,Pallidum_R,0.0,0.0,0.0,1.0
2949,29,50,30,51,0.01668516421223805,0.016692892131987807,0.009970531843541068,3336,Insula_R,Occipital_Mid_L,0.0,0.0,0.0,0.98
1253,11,55,12,56,0.01593647036970637,0.01667533299927885,0.009631181157746797,3337,Frontal_Inf_Oper_R,Fusiform_R,0.0,0.0,0.0,0.9
456,4,7,5,8,-0.01653863401295336,0.016674684855151032,0.01238886205859234,3338,Frontal_Sup_Orb_L,Frontal_Mid_R,0.0,0.0,0.0,0.94
1068,9,79,10,80,0.015450004884331205,0.016673892233005225,0.0076478929099347386,3339,Frontal_Mid_Orb_R,Heschl_R,0.0,0.0,0.0,0.94
424,3,86,4,87,-0.012289849507312236,0.01667144903425752,0.008524158754785285,3340,Frontal_Sup_R,Temporal_Pole_Mid_L,0.0,0.0,0.0,0.64
2366,22,90,23,91,-0.011098599792199022,0.016668459608332277,0.013462344393156416,3341,Frontal_Sup_Medial_L,Cerebelum_Crus1_L,0.0,0.0,0.0,0.86
248,2,22,3,23,-0.01601144389610795,0.016667338725992117,0.012536128323865784,3342,Frontal_Sup_L,Frontal_Sup_Medial_L,0.0,0.0,0.0,0.84
1606,14,102,15,103,0.011304735445687688,0.01666352035198381,0.00807379080162268,3343,Frontal_Inf_Orb_L,Cerebelum_8_L,0.0,0.0,0.0,0.62
2419,23,51,24,52,-0.016651545657594184,0.016651545657594184,0.015048891660736877,3344,Frontal_Sup_Medial_R,Occipital_Mid_R,0.0,0.0,0.0,1.0
6325,89,96,90,97,-0.013008387260083666,0.016636076803577406,0.006147861685200533,3345,Temporal_Inf_R,Cerebelum_4_5_L,0.0,0.0,0.0,0.6
2614,25,65,26,66,0.012316068716841164,0.01663194342688255,0.013984067512516133,3346,Frontal_Med_Orb_R,Angular_R,0.0,0.0,0.0,0.78
5293,63,65,64,66,0.01174091577318057,0.016625940782288306,0.016944345599725893,3347,SupraMarginal_R,Angular_R,0.0,0.0,0.0,0.82
5410,65,81,66,82,0.01466850716670231,0.016624237193708404,0.01670926049759329,3348,Angular_R,Temporal_Sup_R,0.0,0.0,0.0,0.84
2718,26,80,27,81,-0.008097272356502977,0.016621727823433474,0.009207920844966876,3349,Rectus_L,Temporal_Sup_L,0.0,0.0,0.0,0.76
2764,27,38,28,39,-0.009042793482284853,0.016612356824902218,0.00680093779086151,3350,Rectus_R,ParaHippocampal_L,0.0,0.0,0.0,0.56
442,3,104,4,105,0.01661143412879999,0.01661143412879999,0.011600634821362215,3351,Frontal_Sup_R,Cerebelum_9_L,0.0,0.0,0.02,1.0
3629,37,78,38,79,-0.013526160797572524,0.016601332869546605,0.008799679416470862,3352,Hippocampus_R,Heschl_L,0.0,0.0,0.0,0.68
4827,54,103,55,104,-0.0163554600001045,0.016599228638284468,0.009399976588139031,3353,Fusiform_L,Cerebelum_8_R,0.0,0.0,0.0,0.94
5484,66,106,67,107,-0.016514877747036073,0.01659421133036836,0.010538596641976011,3354,Precuneus_L,Cerebelum_10_L,0.0,0.0,0.0,0.98
3807,39,103,40,104,0.007767973134069192,0.016574321907999675,0.009709859821890585,3355,ParaHippocampal_R,Cerebelum_8_R,0.0,0.0,0.0,0.74
471,4,22,5,23,-0.008618202697745176,0.016566550029819563,0.01194263214841084,3356,Frontal_Sup_Orb_L,Frontal_Sup_Medial_L,0.0,0.0,0.0,0.78
5103,59,89,60,90,0.012161829624997657,0.016556371962351556,0.010837050753100659,3357,Parietal_Sup_R,Temporal_Inf_R,0.0,0.0,0.0,0.6
6456,94,112,95,113,0.01606350445001789,0.016529496185979972,0.01010046076370311,3358,Cerebelum_3_L,Vermis_7,0.0,0.0,0.0,0.92
3837,40,58,41,59,-0.016395787357468133,0.016528505842630346,0.015665124511180913,3359,Amygdala_L,Parietal_Sup_L,0.0,0.0,0.0,0.96
4472,49,63,50,64,-0.005057186403602809,0.01652487753070992,0.007581652167760963,3360,Occipital_Sup_R,SupraMarginal_R,0.0,0.0,0.0,0.64
5603,69,84,70,85,0.005368666478901094,0.016523714596637967,0.010500190987771817,3361,Paracentral_Lobule_R,Temporal_Mid_L,0.0,0.0,0.0,0.8
2841,27,115,28,116,-0.014806578263449739,0.016523696882226543,0.004592686012749956,3362,Rectus_R,Vermis_10,0.0,0.0,0.0,0.82
2848,28,35,29,36,0.01560334397466099,0.016519421455486624,0.008806524924873816,3363,Insula_L,Cingulum_Post_R,0.0,0.0,0.0,0.78
4062,43,64,44,65,-0.014848520514630936,0.016501383269153423,0.008670615248352056,3364,Calcarine_R,Angular_L,0.0,0.0,0.0,0.68
5090,59,76,60,77,-0.016198470252589338,0.016497034831807585,0.012870990003701694,3365,Parietal_Sup_R,Thalamus_L,0.0,0.0,0.02,0.92
5966,77,115,78,116,-0.011047162765423144,0.016495239115903667,0.010151601436403224,3366,Thalamus_R,Vermis_10,0.0,0.0,0.0,0.72
1675,15,71,16,72,-0.011412818101015718,0.016495082746205484,0.00967665915666064,3367,Frontal_Inf_Orb_R,Caudate_R,0.0,0.0,0.0,0.6
562,4,113,5,114,0.013367669309145671,0.016487867386251118,0.0065176074867184805,3368,Frontal_Sup_Orb_L,Vermis_8,0.0,0.0,0.0,0.64
6415,92,114,93,115,-0.011764585371682346,0.016487632444363597,0.00682115456860612,3369,Cerebelum_Crus2_L,Vermis_9,0.0,0.0,0.0,0.72
1695,15,91,16,92,-0.005218588686016665,0.01648527451049897,0.010169414820387041,3370,Frontal_Inf_Orb_R,Cerebelum_Crus1_R,0.0,0.0,0.0,0.64
4820,54,96,55,97,-0.016476918444377264,0.016476918444377264,0.013103141939904195,3371,Fusiform_L,Cerebelum_4_5_L,0.0,0.0,0.0,1.0
6037,79,113,80,114,0.016465941489186058,0.016465941489186058,0.014481567170559762,3372,Heschl_R,Vermis_8,0.0,0.0,0.0,1.0
4635,51,97,52,98,-0.016432067077590862,0.01645691807207175,0.015301778277069637,3373,Occipital_Mid_R,Cerebelum_4_5_R,0.0,0.0,0.0,0.98
5125,59,111,60,112,-0.016222185739924063,0.016453123775376718,0.01499146548799368,3374,Parietal_Sup_R,Vermis_6,0.0,0.0,0.0,0.94
203,1,90,2,91,0.01062990731576422,0.01644760369493776,0.011663867992618504,3375,Precentral_R,Cerebelum_Crus1_L,0.0,0.0,0.0,0.78
3726,38,98,39,99,0.011805952541870135,0.016444540277129858,0.007901520989766158,3376,ParaHippocampal_L,Cerebelum_6_L,0.0,0.0,0.0,0.72
6153,83,95,84,96,-0.009132233770099918,0.01644376413213164,0.009709200251691228,3377,Temporal_Pole_Sup_R,Cerebelum_3_R,0.0,0.0,0.0,0.68
6089,81,96,82,97,0.0011674577998415578,0.0164424016271144,0.009094961022273316,3378,Temporal_Sup_R,Cerebelum_4_5_L,0.0,0.0,0.0,0.54
2814,27,88,28,89,0.004855548848563356,0.016441588999523707,0.00823190550729504,3379,Rectus_R,Temporal_Inf_L,0.0,0.0,0.0,0.6
5024,58,66,59,67,-0.016294757010750237,0.016439125199071605,0.017307658839357917,3380,Parietal_Sup_L,Precuneus_L,0.0,0.0,0.0,0.96
2808,27,82,28,83,-0.00469843600911442,0.01642868020601735,0.009352508130866521,3381,Rectus_R,Temporal_Pole_Sup_L,0.0,0.0,0.0,0.54
5514,67,88,68,89,0.011069793237093393,0.016415681494701167,0.007525565728111574,3382,Precuneus_R,Temporal_Inf_L,0.0,0.0,0.0,0.64
4142,44,73,45,74,0.012868050572999388,0.016414326113218677,0.012142290716058022,3383,Cuneus_L,Putamen_R,0.0,0.0,0.0,0.9
2334,22,58,23,59,-0.016252494887297728,0.016410310624097094,0.016408700739224482,3384,Frontal_Sup_Medial_L,Parietal_Sup_L,0.0,0.0,0.0,0.94
3713,38,85,39,86,0.003905440222370668,0.016409406013616484,0.009845451729978024,3385,ParaHippocampal_L,Temporal_Mid_R,0.0,0.0,0.0,0.54
5229,61,106,62,107,-0.015163863927090564,0.016403384870825065,0.011889726319831703,3386,Parietal_Inf_R,Cerebelum_10_L,0.0,0.0,0.0,0.78
6314,88,111,89,112,-0.012198662544170367,0.01640093829377619,0.010163619330294048,3387,Temporal_Inf_L,Vermis_6,0.0,0.0,0.0,0.92
805,7,29,8,30,0.008567509879858767,0.016393088022993302,0.009886082824871592,3388,Frontal_Mid_R,Insula_R,0.02,0.02,0.02,0.54
1214,11,16,12,17,-0.010211411694372296,0.016381237445152654,0.007933312199665886,3389,Frontal_Inf_Oper_R,Rolandic_Oper_L,0.0,0.0,0.0,0.56
4628,51,90,52,91,-0.015898800510619072,0.01636663314645216,0.008405244087980332,3390,Occipital_Mid_R,Cerebelum_Crus1_L,0.0,0.0,0.0,0.9
1324,12,23,13,24,-0.005942007460710799,0.016359967024203635,0.00785968084582088,3391,Frontal_Inf_Tri_L,Frontal_Sup_Medial_R,0.0,0.0,0.0,0.52
869,7,93,8,94,-0.01617428100627959,0.01635874262635877,0.016353416369357818,3392,Frontal_Mid_R,Cerebelum_Crus2_R,0.0,0.0,0.0,0.94
1828,17,27,18,28,0.016283410719003202,0.016357100051604914,0.012123672603605376,3393,Rolandic_Oper_R,Rectus_R,0.0,0.0,0.0,0.94
4140,44,71,45,72,0.016352568037030838,0.016352568037030838,0.011043642785836971,3394,Cuneus_L,Caudate_R,0.0,0.0,0.0,1.0
370,3,32,4,33,0.01634775397806588,0.01634775397806588,0.011734114419507974,3395,Frontal_Sup_R,Cingulum_Mid_L,0.0,0.0,0.0,1.0
3753,39,49,40,50,0.016344864009039384,0.016344864009039384,0.01772239866118902,3396,ParaHippocampal_R,Occipital_Sup_R,0.0,0.0,0.0,1.0
4566,50,92,51,93,-0.016344030531136887,0.016344030531136887,0.008878908190085185,3397,Occipital_Mid_L,Cerebelum_Crus2_L,0.0,0.0,0.0,1.0
1710,15,106,16,107,-0.01190231511783826,0.016338725359344882,0.011873321073388652,3398,Frontal_Inf_Orb_R,Cerebelum_10_L,0.0,0.0,0.0,0.8
2820,27,94,28,95,-0.007784297183927138,0.016331329082797382,0.008560711734870989,3399,Rectus_R,Cerebelum_3_L,0.0,0.0,0.0,0.66
195,1,82,2,83,0.015058021200119096,0.01632924058943759,0.00883554980704103,3400,Precentral_R,Temporal_Pole_Sup_L,0.0,0.0,0.0,0.9
4721,53,58,54,59,-0.016168313609237074,0.01631788632221588,0.015546389896190643,3401,Occipital_Inf_R,Parietal_Sup_L,0.0,0.0,0.0,0.94
5415,65,86,66,87,0.012811912392839155,0.016299271948478376,0.01493750214775871,3402,Angular_R,Temporal_Pole_Mid_L,0.0,0.0,0.0,0.76
558,4,109,5,110,-0.016285331045715855,0.016285331045715855,0.013787584936467322,3403,Frontal_Sup_Orb_L,Vermis_3,0.0,0.0,0.0,1.0
160,1,47,2,48,-0.01628408922924126,0.01628408922924126,0.012757593675707345,3404,Precentral_R,Lingual_R,0.0,0.0,0.0,1.0
488,4,39,5,40,-0.010756422576842289,0.016270045925445665,0.007603201379476933,3405,Frontal_Sup_Orb_L,ParaHippocampal_R,0.0,0.0,0.0,0.74
2997,29,98,30,99,-0.007237420081593499,0.01626891207417714,0.008823664739957483,3406,Insula_R,Cerebelum_6_L,0.0,0.0,0.0,0.6
1581,14,77,15,78,0.0043396439577506225,0.016267284517065758,0.008851175296501293,3407,Frontal_Inf_Orb_L,Thalamus_R,0.0,0.0,0.0,0.72
4938,56,95,57,96,-0.01592348008993182,0.016254967999077444,0.009079010354330641,3408,Postcentral_L,Cerebelum_3_R,0.0,0.0,0.0,0.9
1129,10,35,11,36,-0.015716932250853185,0.016253871967195833,0.01318163772075575,3409,Frontal_Inf_Oper_L,Cingulum_Post_R,0.0,0.0,0.0,0.88
4336,47,60,48,61,-0.015230145355429894,0.016253624377367586,0.005860187274905048,3410,Lingual_R,Parietal_Inf_L,0.0,0.0,0.0,0.86
2922,28,109,29,110,-0.016239985751191698,0.016239985751191698,0.011532931559231532,3411,Insula_L,Vermis_3,0.0,0.0,0.0,1.0
2741,26,103,27,104,0.012377587858041446,0.01623438928227468,0.009013437247835706,3412,Rectus_L,Cerebelum_8_R,0.0,0.0,0.0,0.86
1607,14,103,15,104,0.011267158162749657,0.01623368632525011,0.008002411160576232,3413,Frontal_Inf_Orb_L,Cerebelum_8_R,0.0,0.0,0.0,0.84
2466,23,98,24,99,-0.0033879352430465177,0.0162306631646183,0.012041574836895184,3414,Frontal_Sup_Medial_R,Cerebelum_6_L,0.0,0.0,0.0,0.56
3304,33,71,34,72,0.004774312527529445,0.016229887400622103,0.010939280404480022,3415,Cingulum_Mid_R,Caudate_R,0.0,0.0,0.0,0.78
1985,18,87,19,88,-0.005639300089838021,0.016220935069636514,0.009124691462204853,3416,Supp_Motor_Area_L,Temporal_Pole_Mid_R,0.0,0.0,0.0,0.58
3351,34,37,35,38,0.012544372664885499,0.016220375810675636,0.006756964235155604,3417,Cingulum_Post_L,Hippocampus_R,0.0,0.0,0.0,0.62
362,3,24,4,25,-0.012775066055922572,0.016219555763784366,0.008591501276586424,3418,Frontal_Sup_R,Frontal_Med_Orb_L,0.0,0.0,0.02,0.68
1899,17,98,18,99,-0.009015347227458906,0.016215510966977344,0.006558534859746544,3419,Rolandic_Oper_R,Cerebelum_6_L,0.0,0.0,0.0,0.58
3050,30,66,31,67,0.0019498204490310692,0.016212433591467713,0.01006998664066626,3420,Cingulum_Ant_L,Precuneus_L,0.0,0.0,0.0,0.58
4591,51,53,52,54,-0.01620165977105473,0.01620165977105473,0.014314051678485908,3421,Occipital_Mid_R,Occipital_Inf_R,0.0,0.0,0.0,1.0
898,8,15,9,16,0.003021068125703869,0.0161980086090385,0.0086274846306595,3422,Frontal_Mid_Orb_L,Frontal_Inf_Orb_R,0.0,0.0,0.0,0.58
5533,67,107,68,108,0.00944380515964951,0.016196007180459476,0.007860580500007201,3423,Precuneus_R,Cerebelum_10_R,0.0,0.0,0.0,0.8
5281,62,105,63,106,0.01514626119558179,0.016187833195487212,0.00945487662910795,3424,SupraMarginal_L,Cerebelum_9_R,0.0,0.0,0.0,0.84
4273,46,65,47,66,0.016182266216198272,0.016182266216198272,0.014423438028600211,3425,Lingual_L,Angular_R,0.0,0.0,0.0,1.0
949,8,66,9,67,-0.012594678564004818,0.016173921557456256,0.00734258106345609,3426,Frontal_Mid_Orb_L,Precuneus_L,0.0,0.0,0.0,0.7
948,8,65,9,66,0.01518646709342517,0.01616631405644449,0.01655049008643984,3427,Frontal_Mid_Orb_L,Angular_R,0.0,0.0,0.0,0.92
1887,17,86,18,87,0.01605275638283298,0.016163759022030707,0.01115873365464913,3428,Rolandic_Oper_R,Temporal_Pole_Mid_L,0.0,0.0,0.0,0.92
3394,34,80,35,81,-0.012394411005128845,0.016156132921279404,0.0069854464618122475,3429,Cingulum_Post_L,Temporal_Sup_L,0.0,0.0,0.0,0.7
2921,28,108,29,109,-0.012291998293093733,0.016151967640498237,0.013843932354919049,3430,Insula_L,Vermis_1_2,0.0,0.0,0.0,0.92
406,3,68,4,69,-0.01246704569147674,0.016142409602144515,0.009927010095754245,3431,Frontal_Sup_R,Paracentral_Lobule_L,0.0,0.0,0.0,0.7
5057,58,99,59,100,-0.0159958034309436,0.01613711878366814,0.015669345344651066,3432,Parietal_Sup_L,Cerebelum_6_R,0.0,0.0,0.0,0.96
3783,39,79,40,80,0.016099971245482948,0.016135164740805244,0.013391493174911177,3433,ParaHippocampal_R,Heschl_R,0.0,0.0,0.0,0.98
1781,16,78,17,79,0.016023200652880272,0.01613162921692146,0.01160818820481003,3434,Rolandic_Oper_L,Heschl_L,0.0,0.0,0.0,0.98
873,7,97,8,98,-0.015970151806481717,0.0161281790838307,0.014200920407527969,3435,Frontal_Mid_R,Cerebelum_4_5_R,0.0,0.0,0.0,0.94
3195,32,44,33,45,0.01586065770918118,0.01612474872699512,0.012940512717647703,3436,Cingulum_Mid_L,Cuneus_L,0.0,0.0,0.0,0.96
2019,19,25,20,26,0.01558456437569284,0.016114640968573936,0.006774000541578614,3437,Supp_Motor_Area_R,Frontal_Med_Orb_R,0.0,0.0,0.0,0.86
3715,38,87,39,88,0.006308590573276945,0.016114313753927828,0.009901019425597065,3438,ParaHippocampal_L,Temporal_Pole_Mid_R,0.0,0.0,0.0,0.5
4306,46,98,47,99,-0.014095819232711628,0.01611269448630518,0.006567578405794201,3439,Lingual_L,Cerebelum_6_L,0.0,0.0,0.0,0.76
2371,22,95,23,96,0.012418494726410085,0.016108750304686226,0.008149593754686999,3440,Frontal_Sup_Medial_L,Cerebelum_3_R,0.0,0.0,0.0,0.68
1578,14,74,15,75,0.0062248890729718264,0.016099897753870933,0.0069791525841181035,3441,Frontal_Inf_Orb_L,Pallidum_L,0.0,0.0,0.0,0.68
4499,49,90,50,91,-0.014681240372747782,0.016098359668203634,0.00965266953477345,3442,Occipital_Sup_R,Cerebelum_Crus1_L,0.0,0.0,0.0,0.84
511,4,62,5,63,-0.015157655055232566,0.016095438245414522,0.009283334371397379,3443,Frontal_Sup_Orb_L,SupraMarginal_L,0.0,0.0,0.0,0.86
6056,80,97,81,98,-0.001628975411669804,0.016092359677473234,0.009751333050815058,3444,Temporal_Sup_L,Cerebelum_4_5_R,0.0,0.0,0.0,0.5
5083,59,69,60,70,-0.015868002001806644,0.016089097903210184,0.015448581467980197,3445,Parietal_Sup_R,Paracentral_Lobule_R,0.0,0.0,0.0,0.94
4061,43,63,44,64,0.015377204029121098,0.016086116427728787,0.0084169888613662,3446,Calcarine_R,SupraMarginal_R,0.0,0.0,0.0,0.94
4184,44,115,45,116,-0.01608443961546256,0.01608443961546256,0.015109470235551668,3447,Cuneus_L,Vermis_10,0.0,0.0,0.0,1.0
1024,9,35,10,36,-0.005202830312671883,0.01608325488547301,0.009818186871081831,3448,Frontal_Mid_Orb_R,Cingulum_Post_R,0.0,0.0,0.0,0.76
1677,15,73,16,74,0.00725748111814941,0.01608137285298513,0.008229397810023582,3449,Frontal_Inf_Orb_R,Putamen_R,0.0,0.0,0.0,0.78
5338,63,110,64,111,-0.01607646783179384,0.016078225844523054,0.011723378996085658,3450,SupraMarginal_R,Vermis_4_5,0.0,0.0,0.0,0.98
429,3,91,4,92,0.01604144123060973,0.016073939332334777,0.013768376704305356,3451,Frontal_Sup_R,Cerebelum_Crus1_R,0.0,0.0,0.0,0.98
5586,68,113,69,114,0.016068323818208913,0.016068323818208913,0.015128733892183454,3452,Paracentral_Lobule_L,Vermis_8,0.0,0.0,0.0,1.0
352,3,14,4,15,0.016055218245683896,0.01606587763486709,0.011575781612162956,3453,Frontal_Sup_R,Frontal_Inf_Orb_L,0.0,0.0,0.0,0.98
3253,32,102,33,103,-0.0025836484542769173,0.016057688441126955,0.00876226192370688,3454,Cingulum_Mid_L,Cerebelum_8_L,0.0,0.0,0.0,0.66
1953,18,55,19,56,0.013862693194081793,0.01605589264078434,0.013181914998034458,3455,Supp_Motor_Area_L,Fusiform_R,0.0,0.0,0.0,0.68
3445,35,51,36,52,-0.01580564079716404,0.01605389948971325,0.012224232697383052,3456,Cingulum_Post_R,Occipital_Mid_R,0.0,0.0,0.0,0.98
3226,32,75,33,76,0.00489535204860529,0.01604451634501924,0.007558326570498762,3457,Cingulum_Mid_L,Pallidum_R,0.0,0.0,0.0,0.66
6505,97,104,98,105,0.006725394281411581,0.0160411087933886,0.007515980971867956,3458,Cerebelum_4_5_R,Cerebelum_9_L,0.0,0.0,0.0,0.58
3223,32,72,33,73,-0.006946873737289727,0.01604050685426619,0.008511681157585365,3459,Cingulum_Mid_L,Putamen_L,0.0,0.0,0.0,0.5
1152,10,58,11,59,0.00968570029840538,0.01603929825055184,0.010810284193894678,3460,Frontal_Inf_Oper_L,Parietal_Sup_L,0.0,0.0,0.02,0.56
4213,45,74,46,75,0.015879030711558707,0.016031733231681042,0.009272063480156245,3461,Cuneus_R,Pallidum_L,0.0,0.0,0.0,0.96
1369,12,68,13,69,-0.0037072474127262628,0.016015355319574365,0.010654804730280833,3462,Frontal_Inf_Tri_L,Paracentral_Lobule_L,0.0,0.0,0.0,0.52
4856,55,72,56,73,0.01600406403216066,0.01600406403216066,0.012154945500140433,3463,Fusiform_R,Putamen_L,0.0,0.0,0.0,1.0
4255,46,47,47,48,-0.01598195638851979,0.01598195638851979,0.01445192503963861,3464,Lingual_L,Lingual_R,0.0,0.0,0.0,1.0
5853,75,79,76,80,-0.0137730782127446,0.01594284651709169,0.005890593304782066,3465,Pallidum_R,Heschl_R,0.0,0.0,0.0,0.84
611,5,52,6,53,-0.015641930424973485,0.015925613791325354,0.009729902822217983,3466,Frontal_Sup_Orb_R,Occipital_Inf_L,0.0,0.0,0.0,0.96
2845,28,32,29,33,-0.0007655412235667058,0.01592349456661022,0.011081224451026389,3467,Insula_L,Cingulum_Mid_L,0.0,0.0,0.0,0.58
3707,38,79,39,80,0.015075016720848764,0.015921726225773435,0.011967950331862405,3468,ParaHippocampal_L,Heschl_R,0.0,0.0,0.0,0.86
3563,36,90,37,91,-0.009213795613755077,0.015920103548103384,0.010066459692807346,3469,Hippocampus_L,Cerebelum_Crus1_L,0.0,0.0,0.0,0.72
3405,34,91,35,92,0.013627977562883593,0.015915960195296314,0.007410405011313525,3470,Cingulum_Post_L,Cerebelum_Crus1_R,0.0,0.0,0.0,0.76
2687,26,49,27,50,-0.015580521253286614,0.015914157145686152,0.01390711843820788,3471,Rectus_L,Occipital_Sup_R,0.0,0.0,0.0,0.98
6226,85,107,86,108,-0.005221051378905321,0.0158997688997617,0.009364338332316311,3472,Temporal_Mid_R,Cerebelum_10_R,0.0,0.0,0.0,0.7
1770,16,67,17,68,0.01520078464706269,0.015896675139159554,0.014516672717209685,3473,Rolandic_Oper_L,Precuneus_R,0.0,0.0,0.0,0.98
5704,71,96,72,97,0.002418154781673363,0.015886045003132718,0.005822294180206814,3474,Caudate_R,Cerebelum_4_5_L,0.0,0.0,0.0,0.6
5006,57,105,58,106,0.014289212745883871,0.015880952022305085,0.01296457530695604,3475,Postcentral_R,Cerebelum_9_R,0.0,0.0,0.0,0.94
3414,34,100,35,101,0.011425952073868106,0.015872136188504103,0.009857734101728298,3476,Cingulum_Post_L,Cerebelum_7b_L,0.0,0.0,0.0,0.78
5022,58,64,59,65,0.00864726510490596,0.015858013518990903,0.010941539459446325,3477,Parietal_Sup_L,Angular_L,0.02,0.04,0.04,0.56
4474,49,65,50,66,0.015854437944193833,0.015854437944193833,0.014133084112435041,3478,Occipital_Sup_R,Angular_R,0.0,0.0,0.0,1.0
2749,26,111,27,112,-0.01286402896313414,0.015854405740144895,0.008206801776596334,3479,Rectus_L,Vermis_6,0.0,0.0,0.0,0.84
1879,17,78,18,79,0.015779553521852552,0.01584922464284569,0.013788605297082368,3480,Rolandic_Oper_R,Heschl_L,0.0,0.0,0.0,0.98
2818,27,92,28,93,-0.002355051563777281,0.015847428857070425,0.011061045627251423,3481,Rectus_R,Cerebelum_Crus2_L,0.0,0.0,0.0,0.72
1814,16,111,17,112,0.01564534769264493,0.0158450510470496,0.013312381369804137,3482,Rolandic_Oper_L,Vermis_6,0.0,0.0,0.0,0.9
2042,19,48,20,49,0.014584510302332874,0.01584467380458356,0.005474860847414649,3483,Supp_Motor_Area_R,Occipital_Sup_L,0.0,0.0,0.0,0.76
928,8,45,9,46,0.015746575767635117,0.01583308106229003,0.012818537290235344,3484,Frontal_Mid_Orb_L,Cuneus_R,0.0,0.0,0.0,0.96
3714,38,86,39,87,-0.0012651654537258871,0.015830221620477904,0.007312683073572105,3485,ParaHippocampal_L,Temporal_Pole_Mid_L,0.0,0.0,0.0,0.66
2254,21,71,22,72,0.01580022212018384,0.01582903713046354,0.013610809361171131,3486,Olfactory_R,Caudate_R,0.0,0.0,0.0,0.98
4013,42,87,43,88,-0.015814146376894524,0.015814146376894524,0.012288071791294864,3487,Calcarine_L,Temporal_Pole_Mid_R,0.0,0.0,0.0,1.0
1045,9,56,10,57,-0.015307903730807662,0.015813819033050867,0.006774214731008327,3488,Frontal_Mid_Orb_R,Postcentral_L,0.0,0.0,0.0,0.88
4540,50,66,51,67,0.01581181756029581,0.01581181756029581,0.010979168025557484,3489,Occipital_Mid_L,Precuneus_L,0.0,0.0,0.0,1.0
6227,85,108,86,109,-0.015593253125916355,0.015804947097562628,0.011033189974076991,3490,Temporal_Mid_R,Vermis_1_2,0.0,0.0,0.0,0.98
3860,40,81,41,82,0.010904493510204854,0.01580347397595388,0.008343448464688052,3491,Amygdala_L,Temporal_Sup_R,0.0,0.0,0.0,0.58
2299,22,23,23,24,-0.015516919243081151,0.015782035229109145,0.008346471885636461,3492,Frontal_Sup_Medial_L,Frontal_Sup_Medial_R,0.0,0.0,0.0,0.94
1631,15,27,16,28,0.013883706963284632,0.015777686007740918,0.013099327929618036,3493,Frontal_Inf_Orb_R,Rectus_R,0.0,0.0,0.0,0.9
6387,91,109,92,110,0.014325274677955913,0.01577431488723868,0.007060602492284955,3494,Cerebelum_Crus1_R,Vermis_3,0.0,0.0,0.0,0.92
4683,52,82,53,83,0.015772575550303907,0.015772575550303907,0.011098634229081542,3495,Occipital_Inf_L,Temporal_Pole_Sup_L,0.0,0.0,0.0,1.0
3899,41,46,42,47,-0.015769626073414936,0.015769626073414936,0.013739370268579364,3496,Amygdala_R,Lingual_L,0.0,0.0,0.0,1.0
3865,40,86,41,87,0.010391425026484593,0.01576374558496338,0.007267173782771162,3497,Amygdala_L,Temporal_Pole_Mid_L,0.0,0.0,0.0,0.5
5431,65,102,66,103,0.014408929027392114,0.015762734689229892,0.015356701222293243,3498,Angular_R,Cerebelum_8_L,0.0,0.0,0.0,0.88
4882,55,98,56,99,0.013611952166690129,0.015762159039694426,0.012676033249396305,3499,Fusiform_R,Cerebelum_6_L,0.0,0.0,0.0,0.86
3748,39,44,40,45,0.015665799757123223,0.01575367027067971,0.014357283270487468,3500,ParaHippocampal_R,Cuneus_L,0.0,0.0,0.0,0.98
5422,65,93,66,94,0.005915143302497368,0.015750812018702397,0.015377170405357134,3501,Angular_R,Cerebelum_Crus2_R,0.0,0.0,0.0,0.62
2462,23,94,24,95,-0.009316702128872808,0.015748392469057154,0.008782898483925279,3502,Frontal_Sup_Medial_R,Cerebelum_3_L,0.0,0.0,0.0,0.52
4165,44,96,45,97,-0.01533889362709876,0.015743862756592276,0.009117365384716048,3503,Cuneus_L,Cerebelum_4_5_L,0.0,0.0,0.0,0.96
3263,32,112,33,113,-0.014211637504467476,0.01574269693244627,0.01097086955364145,3504,Cingulum_Mid_L,Vermis_7,0.0,0.0,0.0,0.96
2588,25,39,26,40,0.006980369575117881,0.01573923372130373,0.0067403567368321485,3505,Frontal_Med_Orb_R,ParaHippocampal_R,0.0,0.0,0.0,0.62
3843,40,64,41,65,0.006551713898020339,0.015732760542682103,0.007801771490394462,3506,Amygdala_L,Angular_L,0.0,0.0,0.0,0.52
4379,47,103,48,104,0.01572409146599122,0.015728837381289253,0.011201768352081035,3507,Lingual_R,Cerebelum_8_R,0.0,0.0,0.0,0.96
294,2,68,3,69,-0.014836748905046462,0.015726802302045536,0.013266808204821564,3508,Frontal_Sup_L,Paracentral_Lobule_L,0.0,0.0,0.0,0.84
4403,48,60,49,61,-0.008620802789428133,0.015726666646317805,0.008964242803768702,3509,Occipital_Sup_L,Parietal_Inf_L,0.0,0.0,0.0,0.72
3254,32,103,33,104,-0.013049227831486447,0.015722534764888062,0.007176694847182469,3510,Cingulum_Mid_L,Cerebelum_8_R,0.0,0.0,0.0,0.74
3798,39,94,40,95,-0.004104895320676188,0.01572216778297776,0.009665302060800154,3511,ParaHippocampal_R,Cerebelum_3_L,0.0,0.0,0.0,0.5
6499,97,98,98,99,-0.005781756828393302,0.015704347179631227,0.011173269205918181,3512,Cerebelum_4_5_R,Cerebelum_6_L,0.0,0.0,0.0,0.78
4920,56,77,57,78,0.013006264754937697,0.01570135513781607,0.0073232760280665145,3513,Postcentral_L,Thalamus_R,0.0,0.0,0.0,0.66
5048,58,90,59,91,-0.014500819108934556,0.01569469530321194,0.01608016144757998,3514,Parietal_Sup_L,Cerebelum_Crus1_L,0.0,0.0,0.0,0.9
1380,12,79,13,80,-0.004623484099419389,0.01569395563486326,0.009230960047489897,3515,Frontal_Inf_Tri_L,Heschl_R,0.0,0.0,0.0,0.58
400,3,62,4,63,0.015099309481032847,0.015681072044263347,0.010269548528554901,3516,Frontal_Sup_R,SupraMarginal_L,0.0,0.0,0.02,0.88
4221,45,82,46,83,-0.015621050631122284,0.015661268638240036,0.009076738846994286,3517,Cuneus_R,Temporal_Pole_Sup_L,0.0,0.0,0.0,0.96
348,3,10,4,11,0.015361866546624449,0.015661106967302264,0.010517003260741157,3518,Frontal_Sup_R,Frontal_Inf_Oper_L,0.0,0.0,0.0,0.92
5474,66,96,67,97,-0.015656452116132723,0.015656452116132723,0.009319212699004499,3519,Precuneus_L,Cerebelum_4_5_L,0.0,0.0,0.0,1.0
5643,70,79,71,80,0.009589819386328092,0.015653520180481134,0.011873767501835638,3520,Caudate_L,Heschl_R,0.0,0.0,0.0,0.84
3007,29,108,30,109,-0.014778477750089952,0.015649321989421528,0.011320366549272112,3521,Insula_R,Vermis_1_2,0.0,0.0,0.0,0.98
2564,24,105,25,106,-0.0008903547441528701,0.015644710259673737,0.009388459819392948,3522,Frontal_Med_Orb_L,Cerebelum_9_R,0.0,0.0,0.0,0.52
743,6,75,7,76,-0.014726198388418488,0.01563503847738702,0.010785065394869417,3523,Frontal_Mid_L,Pallidum_R,0.0,0.0,0.0,0.86
1127,10,33,11,34,-0.014994454147401345,0.015633188978704846,0.012151569556586483,3524,Frontal_Inf_Oper_L,Cingulum_Mid_R,0.0,0.0,0.0,0.88
2313,22,37,23,38,-0.014329857899167743,0.015630786439407008,0.01214078935976988,3525,Frontal_Sup_Medial_L,Hippocampus_R,0.0,0.0,0.0,0.92
3183,31,115,32,116,-0.008278229476482464,0.01563050983463367,0.007197093648690509,3526,Cingulum_Ant_R,Vermis_10,0.0,0.0,0.0,0.66
1178,10,84,11,85,0.01166775895318342,0.01563029706787608,0.011775592480997844,3527,Frontal_Inf_Oper_L,Temporal_Mid_L,0.0,0.0,0.0,0.64
1078,9,89,10,90,0.005732010068235233,0.015628228912260247,0.009636646684930198,3528,Frontal_Mid_Orb_R,Temporal_Inf_R,0.0,0.0,0.0,0.68
5088,59,74,60,75,-0.015344628752385528,0.015622114208232911,0.015272656736552828,3529,Parietal_Sup_R,Pallidum_L,0.0,0.0,0.0,0.92
628,5,69,6,70,0.010569290981387145,0.015608541521070099,0.006162938725853332,3530,Frontal_Sup_Orb_R,Paracentral_Lobule_R,0.0,0.0,0.0,0.54
2264,21,81,22,82,-0.015608063230293677,0.015608063230293677,0.014375577334149701,3531,Olfactory_R,Temporal_Sup_R,0.0,0.0,0.0,1.0
366,3,28,4,29,0.0155272504554727,0.01560458738099757,0.012299604519851397,3532,Frontal_Sup_R,Insula_L,0.0,0.0,0.0,0.96
2030,19,36,20,37,-0.014765029772017865,0.015601122307340662,0.008514061521887294,3533,Supp_Motor_Area_R,Hippocampus_L,0.0,0.0,0.0,0.9
4171,44,102,45,103,-0.013403146541904904,0.01559381171854448,0.008352093187287211,3534,Cuneus_L,Cerebelum_8_L,0.0,0.0,0.0,0.88
402,3,64,4,65,0.014980135468179272,0.015589544907182175,0.010118679043745256,3535,Frontal_Sup_R,Angular_L,0.0,0.0,0.02,0.9
2365,22,89,23,90,-0.012901717560363029,0.01558803074293968,0.008150541668550802,3536,Frontal_Sup_Medial_L,Temporal_Inf_R,0.0,0.0,0.0,0.94
874,7,98,8,99,-0.015397261127924713,0.015587500112186207,0.013069029551153251,3537,Frontal_Mid_R,Cerebelum_6_L,0.0,0.0,0.0,0.92
437,3,99,4,100,0.015433441372610854,0.015584799370768615,0.01304763196564352,3538,Frontal_Sup_R,Cerebelum_6_R,0.0,0.0,0.0,0.94
3897,41,44,42,45,-0.015472169524311893,0.015584426864781332,0.013376347632635765,3539,Amygdala_R,Cuneus_L,0.0,0.0,0.0,0.98
4701,52,100,53,101,0.014349958752962218,0.015580597937627047,0.00811108151063858,3540,Occipital_Inf_L,Cerebelum_7b_L,0.0,0.0,0.0,0.9
3945,41,92,42,93,-0.013491076954970885,0.015564098478995253,0.007689485875658956,3541,Amygdala_R,Cerebelum_Crus2_L,0.0,0.0,0.0,0.9
2706,26,68,27,69,-0.015143099445843357,0.015564092694852065,0.009959864792486981,3542,Rectus_L,Paracentral_Lobule_L,0.0,0.0,0.0,0.92
2346,22,70,23,71,0.00799734609181273,0.015559573987564395,0.009508378082175232,3543,Frontal_Sup_Medial_L,Caudate_L,0.0,0.0,0.0,0.6
4761,53,98,54,99,0.013314156585388846,0.015558069315714788,0.01061429047315995,3544,Occipital_Inf_R,Cerebelum_6_L,0.0,0.0,0.0,0.88
1832,17,31,18,32,-0.013551854022189091,0.01555207507172091,0.00531717194984591,3545,Rolandic_Oper_R,Cingulum_Ant_R,0.0,0.0,0.0,0.7
34,0,35,1,36,-0.012598014949437696,0.015550434937930936,0.0117279770614676,3546,Precentral_L,Cingulum_Post_R,0.0,0.0,0.0,0.92
1960,18,62,19,63,-0.014427671052871582,0.015550134580651954,0.009059763875484246,3547,Supp_Motor_Area_L,SupraMarginal_L,0.0,0.0,0.0,0.84
879,7,103,8,104,-0.015378933854874162,0.015550022157175157,0.012521150119806212,3548,Frontal_Mid_R,Cerebelum_8_R,0.0,0.0,0.0,0.92
3854,40,75,41,76,-0.01330371026658654,0.015546000129444106,0.011278489908781001,3549,Amygdala_L,Pallidum_R,0.0,0.0,0.0,0.9
3265,32,114,33,115,0.015545908982280188,0.015545908982280188,0.009924313544158788,3550,Cingulum_Mid_L,Vermis_9,0.0,0.0,0.0,1.0
2957,29,58,30,59,-0.015399848702984666,0.015540282292977763,0.015705568135589577,3551,Insula_R,Parietal_Sup_L,0.0,0.0,0.0,0.94
1623,15,19,16,20,-0.004371635906143517,0.015539157070325296,0.009334584045567513,3552,Frontal_Inf_Orb_R,Supp_Motor_Area_R,0.0,0.0,0.0,0.54
1995,18,97,19,98,-0.0053296752925560175,0.015538966686382787,0.009233882094430419,3553,Supp_Motor_Area_L,Cerebelum_4_5_R,0.0,0.0,0.0,0.7
5033,58,75,59,76,-0.015376751729682914,0.015537775401911171,0.016206103687221966,3554,Parietal_Sup_L,Pallidum_R,0.0,0.0,0.0,0.94
1719,15,115,16,116,-0.009674661300777852,0.015535621204601214,0.009991248648481351,3555,Frontal_Inf_Orb_R,Vermis_10,0.0,0.0,0.0,0.88
4993,57,92,58,93,-0.013529244085361663,0.015534667672055066,0.006143853167285689,3556,Postcentral_R,Cerebelum_Crus2_L,0.0,0.0,0.0,0.76
3384,34,70,35,71,0.003723172885360357,0.015528428462597993,0.006709983651281758,3557,Cingulum_Post_L,Caudate_L,0.0,0.0,0.0,0.68
4127,44,58,45,59,-0.015386362332044257,0.015526102807769926,0.015806688331220595,3558,Cuneus_L,Parietal_Sup_L,0.0,0.0,0.0,0.96
1245,11,47,12,48,-0.01235561837807664,0.015523811926322907,0.006909849866256998,3559,Frontal_Inf_Oper_R,Lingual_R,0.0,0.0,0.0,0.72
3264,32,113,33,114,0.015521812384569258,0.015521812384569258,0.01168907058254803,3560,Cingulum_Mid_L,Vermis_8,0.0,0.0,0.0,1.0
1092,9,103,10,104,-0.0078018050554597125,0.015517225687758202,0.010814719679462938,3561,Frontal_Mid_Orb_R,Cerebelum_8_R,0.0,0.0,0.0,0.74
1453,13,50,14,51,0.010597871538840807,0.015512991561465257,0.0076723700224748965,3562,Frontal_Inf_Tri_R,Occipital_Mid_L,0.0,0.0,0.0,0.52
2683,26,45,27,46,-0.015511826803446831,0.015511826803446831,0.01257447924813382,3563,Rectus_L,Cuneus_R,0.0,0.0,0.0,1.0
3848,40,69,41,70,-0.015506586283835094,0.015506586283835094,0.013746448233439698,3564,Amygdala_L,Paracentral_Lobule_R,0.0,0.0,0.0,1.0
5595,69,76,70,77,0.0017949306542275353,0.015505400675041048,0.008497989773256505,3565,Paracentral_Lobule_R,Thalamus_L,0.0,0.0,0.0,0.58
4763,53,100,54,101,0.012219796347945573,0.015497772264981571,0.006311265018640598,3566,Occipital_Inf_R,Cerebelum_7b_L,0.0,0.0,0.0,0.64
2410,23,42,24,43,-0.015494682163902212,0.015494682163902212,0.01183458853555754,3567,Frontal_Sup_Medial_R,Calcarine_L,0.0,0.0,0.0,1.0
53,0,54,1,55,-0.01543164252874117,0.015492328189851017,0.01193249410522337,3568,Precentral_L,Fusiform_L,0.0,0.0,0.0,0.98
6107,81,114,82,115,0.01439297363663541,0.01548514157829938,0.008473421188784643,3569,Temporal_Sup_R,Vermis_9,0.0,0.0,0.0,0.82
3593,37,42,38,43,-0.015378000626646937,0.015482982401542483,0.008411013471590434,3570,Hippocampus_R,Calcarine_L,0.0,0.0,0.0,0.98
81,0,82,1,83,0.011673317786865057,0.015480688757348699,0.005973803339787675,3571,Precentral_L,Temporal_Pole_Sup_L,0.0,0.0,0.0,0.8
4295,46,87,47,88,-0.015464864071083788,0.015477958437169242,0.008935209941983671,3572,Lingual_L,Temporal_Pole_Mid_R,0.0,0.0,0.0,0.96
5679,70,115,71,116,0.008407598845177017,0.015477863654399954,0.008045446632557483,3573,Caudate_L,Vermis_10,0.0,0.0,0.0,0.6
5421,65,92,66,93,0.00905496664837664,0.015458268743426437,0.014310929919043787,3574,Angular_R,Cerebelum_Crus2_L,0.0,0.0,0.0,0.74
6635,107,109,108,110,-0.013929149778505507,0.015451485880665106,0.006757519982802845,3575,Cerebelum_10_R,Vermis_3,0.0,0.0,0.0,0.82
4360,47,84,48,85,0.014862350378190912,0.015451477025846191,0.011583982862724556,3576,Lingual_R,Temporal_Mid_L,0.0,0.0,0.0,0.96
2414,23,46,24,47,-0.015448151866724871,0.015448151866724871,0.013480017527321444,3577,Frontal_Sup_Medial_R,Lingual_L,0.0,0.0,0.0,1.0
5164,60,95,61,96,-0.01005742577320938,0.015442251095129422,0.009389421397708205,3578,Parietal_Inf_L,Cerebelum_3_R,0.0,0.0,0.0,0.76
5564,68,91,69,92,-0.007409108914004736,0.015441368498259141,0.00790652083029145,3579,Paracentral_Lobule_L,Cerebelum_Crus1_R,0.0,0.0,0.0,0.5
5437,65,108,66,109,0.015345775893206466,0.01543018251605035,0.013118443255560087,3580,Angular_R,Vermis_1_2,0.0,0.0,0.0,0.98
1798,16,95,17,96,-0.015419485693130699,0.015419485693130699,0.009319523706945295,3581,Rolandic_Oper_L,Cerebelum_3_R,0.0,0.0,0.0,1.0
3595,37,44,38,45,-0.01448401687906013,0.015417295942125812,0.010127409544681382,3582,Hippocampus_R,Cuneus_L,0.0,0.0,0.0,0.94
3868,40,89,41,90,-0.013420864416370169,0.01541654750587083,0.009297619217142377,3583,Amygdala_L,Temporal_Inf_R,0.0,0.0,0.0,0.9
3594,37,43,38,44,-0.01541261871369403,0.01541261871369403,0.010088797113158663,3584,Hippocampus_R,Calcarine_R,0.0,0.0,0.0,1.0
4527,50,53,51,54,-0.015411070524777342,0.015411070524777342,0.015180789584830878,3585,Occipital_Mid_L,Occipital_Inf_R,0.0,0.0,0.0,1.0
6002,78,114,79,115,0.015406844458637096,0.015406844458637096,0.012176712611909045,3586,Heschl_L,Vermis_9,0.0,0.0,0.0,1.0
4919,56,76,57,77,-0.011103391508600513,0.015406769242043093,0.009870043503088,3587,Postcentral_L,Thalamus_L,0.0,0.0,0.0,0.88
5534,67,108,68,109,-0.01539433107848702,0.015401701805546565,0.011538351052942085,3588,Precuneus_R,Vermis_1_2,0.0,0.0,0.0,0.98
3650,37,99,38,100,0.00042372261504932947,0.015401691775535459,0.009508985835801814,3589,Hippocampus_R,Cerebelum_6_R,0.0,0.0,0.0,0.72
349,3,11,4,12,0.014790577020614013,0.015395047341596729,0.012724872399286833,3590,Frontal_Sup_R,Frontal_Inf_Oper_R,0.0,0.0,0.0,0.96
3419,34,105,35,106,-0.0027316119944499066,0.01539418372064511,0.00640743749436227,3591,Cingulum_Post_L,Cerebelum_9_R,0.0,0.0,0.0,0.54
5420,65,91,66,92,0.014931063084199921,0.015377650851492704,0.01399475451704392,3592,Angular_R,Cerebelum_Crus1_R,0.0,0.0,0.0,0.94
5551,68,78,69,79,-0.014963345724764538,0.015371139719144299,0.012460570014436116,3593,Paracentral_Lobule_L,Heschl_L,0.0,0.0,0.0,0.96
2822,27,96,28,97,-0.0010503255928122368,0.015366649648730284,0.006520821858747399,3594,Rectus_R,Cerebelum_4_5_L,0.0,0.0,0.0,0.58
6172,83,114,84,115,0.01440252873813474,0.015363245639524568,0.01033851955163417,3595,Temporal_Pole_Sup_R,Vermis_9,0.0,0.0,0.0,0.94
3691,38,63,39,64,-0.0017902566945280534,0.01535451621773807,0.009418120579925759,3596,ParaHippocampal_L,SupraMarginal_R,0.0,0.0,0.0,0.6
3429,34,115,35,116,0.014718269921717897,0.015353902859057801,0.007580668729526181,3597,Cingulum_Post_L,Vermis_10,0.0,0.0,0.0,0.86
2497,24,38,25,39,0.0008422535009952608,0.015348071726887857,0.009028661077286166,3598,Frontal_Med_Orb_L,ParaHippocampal_L,0.0,0.0,0.0,0.62
1460,13,57,14,58,0.012565330067131923,0.015311801355752408,0.010708458054832852,3599,Frontal_Inf_Tri_R,Postcentral_R,0.0,0.0,0.0,0.78
4122,44,53,45,54,-0.01530706922298318,0.01530706922298318,0.013415584087716773,3600,Cuneus_L,Occipital_Inf_R,0.0,0.0,0.0,1.0
1536,14,32,15,33,0.014034022862521877,0.015306907712283838,0.011697823906017587,3601,Frontal_Inf_Orb_L,Cingulum_Mid_L,0.0,0.0,0.0,0.84
2978,29,79,30,80,0.01501550364252889,0.015304457515470094,0.009168964778930021,3602,Insula_R,Heschl_R,0.0,0.0,0.0,0.96
5419,65,90,66,91,0.0034383249917609455,0.015304313978330264,0.01582411868108158,3603,Angular_R,Cerebelum_Crus1_L,0.0,0.0,0.0,0.64
3103,31,35,32,36,0.001898074630256552,0.015302587582417808,0.00798619196681116,3604,Cingulum_Ant_R,Cingulum_Post_R,0.0,0.0,0.0,0.74
3424,34,110,35,111,0.015207234110808479,0.015302126388999722,0.01236158583167185,3605,Cingulum_Post_L,Vermis_4_5,0.0,0.0,0.0,0.98
3666,37,115,38,116,0.014457010148565999,0.01529834295918724,0.0076922748359409075,3606,Hippocampus_R,Vermis_10,0.0,0.0,0.0,0.92
2846,28,33,29,34,-0.0040259081750546495,0.015296235327672285,0.010607327919136914,3607,Insula_L,Cingulum_Mid_R,0.0,0.0,0.0,0.52
941,8,58,9,59,0.00934882979456923,0.015296010456354876,0.009970103357339475,3608,Frontal_Mid_Orb_L,Parietal_Sup_L,0.0,0.0,0.0,0.54
4506,49,97,50,98,-0.015265672583478218,0.015292993379478368,0.010531984243687717,3609,Occipital_Sup_R,Cerebelum_4_5_R,0.0,0.0,0.0,0.98
1803,16,100,17,101,-0.012856667290867384,0.015290015005246333,0.005615835387421386,3610,Rolandic_Oper_L,Cerebelum_7b_L,0.0,0.0,0.0,0.78
5459,66,81,67,82,0.0008881344485815408,0.015284195421043865,0.008428167524859871,3611,Precuneus_L,Temporal_Sup_R,0.0,0.0,0.0,0.56
3855,40,76,41,77,-0.011361463987698765,0.015279701744458432,0.012565115013967468,3612,Amygdala_L,Thalamus_L,0.0,0.0,0.0,0.9
5002,57,101,58,102,-0.013412844795028835,0.015277376434132985,0.009308107846003258,3613,Postcentral_R,Cerebelum_7b_R,0.0,0.0,0.0,0.84
937,8,54,9,55,-0.01324303500213733,0.015266081447014605,0.007811267947360007,3614,Frontal_Mid_Orb_L,Fusiform_L,0.0,0.0,0.0,0.82
4416,48,73,49,74,0.014917631891775427,0.01525951301433214,0.012652977103222985,3615,Occipital_Sup_L,Putamen_R,0.0,0.0,0.0,0.96
168,1,55,2,56,-0.015259263095903516,0.015259263095903516,0.012078378395689347,3616,Precentral_R,Fusiform_R,0.0,0.0,0.0,1.0
4264,46,56,47,57,-0.015258708111215491,0.015258708111215491,0.01237740657384863,3617,Lingual_L,Postcentral_L,0.0,0.0,0.0,1.0
3107,31,39,32,40,-0.012340369315095833,0.015253491751526318,0.00926114083178245,3618,Cingulum_Ant_R,ParaHippocampal_R,0.0,0.0,0.0,0.7
8,0,9,1,10,-0.012543954437491836,0.015252654291117877,0.007699121252914864,3619,Precentral_L,Frontal_Mid_Orb_R,0.0,0.0,0.0,0.82
683,6,15,7,16,0.014718279016945725,0.015249114248250034,0.01030399905531875,3620,Frontal_Mid_L,Frontal_Inf_Orb_R,0.0,0.0,0.0,0.92
3617,37,66,38,67,0.013231571172500643,0.015247936887631715,0.006954326326159856,3621,Hippocampus_R,Precuneus_L,0.0,0.0,0.0,0.74
3725,38,97,39,98,0.010355200326204987,0.015240786539606583,0.004956860828426843,3622,ParaHippocampal_L,Cerebelum_4_5_R,0.0,0.0,0.0,0.54
2369,22,93,23,94,0.008223079094998422,0.015231207935492558,0.009423244091581625,3623,Frontal_Sup_Medial_L,Cerebelum_Crus2_R,0.0,0.0,0.0,0.68
4767,53,104,54,105,-0.014983745088968138,0.015226743157496867,0.013427305958919672,3624,Occipital_Inf_R,Cerebelum_9_L,0.0,0.0,0.0,0.88
5121,59,107,60,108,-0.014909786982518512,0.015226097283929403,0.01457893739274406,3625,Parietal_Sup_R,Cerebelum_10_R,0.0,0.0,0.0,0.92
4978,57,77,58,78,0.010037272343105719,0.015225873558781832,0.009023938299349384,3626,Postcentral_R,Thalamus_R,0.0,0.0,0.0,0.62
3999,42,73,43,74,0.014613231661728322,0.01522580720122922,0.010890216745406633,3627,Calcarine_L,Putamen_R,0.0,0.0,0.0,0.94
1461,13,58,14,59,-0.015042564408395529,0.015213031436620495,0.014396139250032752,3628,Frontal_Inf_Tri_R,Parietal_Sup_L,0.0,0.0,0.02,0.94
4956,56,113,57,114,0.015206056876628902,0.015206056876628902,0.01672364322976043,3629,Postcentral_L,Vermis_8,0.0,0.0,0.0,1.0
3490,35,96,36,97,-0.0019297331253494482,0.015199222698398584,0.009524908551715424,3630,Cingulum_Post_R,Cerebelum_4_5_L,0.0,0.0,0.0,0.78
726,6,58,7,59,0.010618063540929782,0.01519216983994613,0.009307099287082742,3631,Frontal_Mid_L,Parietal_Sup_L,0.0,0.0,0.0,0.64
1209,10,115,11,116,-0.014905969470083246,0.015191264461077984,0.01363348489116626,3632,Frontal_Inf_Oper_L,Vermis_10,0.0,0.0,0.0,0.92
1351,12,50,13,51,0.013593769056510148,0.01517994013081212,0.005704737379127911,3633,Frontal_Inf_Tri_L,Occipital_Mid_L,0.0,0.0,0.0,0.84
1277,11,79,12,80,-0.007913547504141511,0.015173794142294837,0.008016024495220965,3634,Frontal_Inf_Oper_R,Heschl_R,0.0,0.0,0.0,0.52
2487,24,28,25,29,-0.011593999334347778,0.015172894350611916,0.008994588144848763,3635,Frontal_Med_Orb_L,Insula_L,0.0,0.0,0.0,0.78
1177,10,83,11,84,0.011856842713504281,0.01516919252867833,0.01022348766867397,3636,Frontal_Inf_Oper_L,Temporal_Pole_Sup_R,0.0,0.0,0.0,0.68
5254,62,78,63,79,0.014097880755904924,0.015165875322995053,0.008942843360653072,3637,SupraMarginal_L,Heschl_L,0.0,0.0,0.0,0.82
6457,94,113,95,114,0.014967783132739632,0.015159651925344853,0.008920105098755278,3638,Cerebelum_3_L,Vermis_8,0.0,0.0,0.0,0.96
1956,18,58,19,59,-0.014999939323174892,0.015156510199602187,0.014636410961953924,3639,Supp_Motor_Area_L,Parietal_Sup_L,0.0,0.0,0.0,0.94
6307,88,104,89,105,-0.00568740760886961,0.015155867213044977,0.008896413120727274,3640,Temporal_Inf_L,Cerebelum_9_L,0.0,0.0,0.0,0.64
399,3,61,4,62,0.013780346933775514,0.015154178730476597,0.0086490368936788,3641,Frontal_Sup_R,Parietal_Inf_R,0.0,0.0,0.0,0.88
3460,35,66,36,67,0.012763202040120627,0.015153862263737425,0.005125267963302007,3642,Cingulum_Post_R,Precuneus_L,0.0,0.0,0.0,0.54
141,1,28,2,29,0.007940819401771163,0.015153493343595564,0.006483894612250958,3643,Precentral_R,Insula_L,0.0,0.0,0.0,0.66
4272,46,64,47,65,0.014490043553476223,0.015140299804384173,0.009814463097799098,3644,Lingual_L,Angular_L,0.0,0.0,0.0,0.92
2805,27,79,28,80,0.014866541390156697,0.015135588078655537,0.00999271553598044,3645,Rectus_R,Heschl_R,0.0,0.0,0.0,0.92
2345,22,69,23,70,-0.014248862066244481,0.015130343370696256,0.008401620562590393,3646,Frontal_Sup_Medial_L,Paracentral_Lobule_R,0.0,0.0,0.0,0.9
3874,40,95,41,96,0.014192903082745695,0.015128029477725784,0.0054359057927417945,3647,Amygdala_L,Cerebelum_3_R,0.0,0.0,0.0,0.78
3383,34,69,35,70,-0.014374333615083466,0.015127794391012965,0.008262625627264842,3648,Cingulum_Post_L,Paracentral_Lobule_R,0.0,0.0,0.0,0.92
4841,55,57,56,58,-0.015107284642187954,0.015107284642187954,0.012408212399664812,3649,Fusiform_R,Postcentral_R,0.0,0.0,0.0,1.0
1795,16,92,17,93,0.013089114048780288,0.015082719387684124,0.010016981795903344,3650,Rolandic_Oper_L,Cerebelum_Crus2_L,0.0,0.0,0.0,0.9
226,1,113,2,114,0.015080068741728056,0.015080068741728056,0.015338060617568886,3651,Precentral_R,Vermis_8,0.0,0.0,0.0,1.0
1521,14,17,15,18,0.014950591218632727,0.015079712031233497,0.009161793601218618,3652,Frontal_Inf_Orb_L,Rolandic_Oper_R,0.0,0.0,0.0,0.98
3596,37,45,38,46,-0.01455026361388016,0.015077891549589929,0.008602453701473785,3653,Hippocampus_R,Cuneus_R,0.0,0.0,0.0,0.94
4513,49,104,50,105,-0.014538788190694556,0.015077270162598863,0.008756022772527659,3654,Occipital_Sup_R,Cerebelum_9_L,0.0,0.0,0.0,0.9
2064,19,70,20,71,-0.00909762284370477,0.015068844142618425,0.006758418079431421,3655,Supp_Motor_Area_R,Caudate_L,0.0,0.0,0.0,0.62
4512,49,103,50,104,-0.015001962506749124,0.01506702086392817,0.008915323109786412,3656,Occipital_Sup_R,Cerebelum_8_R,0.0,0.0,0.0,0.96
5823,74,89,75,90,0.001285530940138122,0.015061014076358807,0.008534247234308645,3657,Pallidum_L,Temporal_Inf_R,0.0,0.0,0.0,0.68
5803,73,110,74,111,0.014902923924198952,0.015051487161812902,0.008693225656393721,3658,Putamen_R,Vermis_4_5,0.0,0.0,0.0,0.98
2440,23,72,24,73,-0.011075677899066065,0.01504940477111856,0.007019295537889407,3659,Frontal_Sup_Medial_R,Putamen_L,0.0,0.0,0.0,0.66
3952,41,99,42,100,0.014667013435741038,0.01504645460080685,0.006962733492054186,3660,Amygdala_R,Cerebelum_6_R,0.0,0.0,0.0,0.84
2603,25,54,26,55,0.014619993445116879,0.015043009866497557,0.006731067480245236,3661,Frontal_Med_Orb_R,Fusiform_L,0.0,0.0,0.0,0.88
3610,37,59,38,60,-0.014809382778823264,0.015035886874008064,0.014713884589046294,3662,Hippocampus_R,Parietal_Sup_R,0.0,0.0,0.0,0.92
1914,17,113,18,114,0.015033688309451771,0.015033688309451771,0.014250286681890724,3663,Rolandic_Oper_R,Vermis_8,0.0,0.0,0.0,1.0
5502,67,76,68,77,0.011500141224637654,0.015030950988756673,0.007271506052398431,3664,Precuneus_R,Thalamus_L,0.0,0.0,0.0,0.82
5178,60,109,61,110,-0.014725423329533315,0.015030257603126863,0.008455077812847064,3665,Parietal_Inf_L,Vermis_3,0.0,0.0,0.0,0.92
2091,19,97,20,98,0.005198669533709553,0.015021993667228277,0.009070740239277848,3666,Supp_Motor_Area_R,Cerebelum_4_5_R,0.0,0.0,0.0,0.54
3425,34,111,35,112,0.015009219351014251,0.015021333176890774,0.008599225162740583,3667,Cingulum_Post_L,Vermis_6,0.0,0.0,0.0,0.98
3672,38,44,39,45,0.014391822711279393,0.015001882825901534,0.012508078565443871,3668,ParaHippocampal_L,Cuneus_L,0.0,0.0,0.0,0.86
489,4,40,5,41,0.012636066803398207,0.015001582576216721,0.005954832912071862,3669,Frontal_Sup_Orb_L,Amygdala_L,0.0,0.0,0.0,0.64
5720,71,112,72,113,-0.012738762942320053,0.01499217768080405,0.009217589015209224,3670,Caudate_R,Vermis_7,0.0,0.0,0.0,0.92
4141,44,72,45,73,0.008428153364435574,0.014991275907247152,0.010829037265495728,3671,Cuneus_L,Putamen_L,0.0,0.0,0.0,0.82
4754,53,91,54,92,-0.013472216127183316,0.014983390591760475,0.00876496488774713,3672,Occipital_Inf_R,Cerebelum_Crus1_R,0.0,0.0,0.0,0.7
1900,17,99,18,100,0.012187939060290125,0.014979525642724303,0.009196407344569973,3673,Rolandic_Oper_R,Cerebelum_6_R,0.0,0.0,0.0,0.86
1785,16,82,17,83,-0.014035944073442047,0.014972370903493787,0.007388753972434837,3674,Rolandic_Oper_L,Temporal_Pole_Sup_L,0.0,0.0,0.0,0.9
4854,55,70,56,71,0.014842341992184933,0.01497139345398385,0.010801924486011926,3675,Fusiform_R,Caudate_L,0.0,0.0,0.0,0.98
3702,38,74,39,75,-0.0064606208276876236,0.014971067983687254,0.009128853602238274,3676,ParaHippocampal_L,Pallidum_L,0.0,0.0,0.0,0.52
6393,91,115,92,116,-0.009173736170731828,0.014961117861711719,0.00654415805830957,3677,Cerebelum_Crus1_R,Vermis_10,0.0,0.0,0.0,0.7
1046,9,57,10,58,-0.014681395326734216,0.014958410497717489,0.008976333699274704,3678,Frontal_Mid_Orb_R,Postcentral_R,0.0,0.0,0.0,0.9
4614,51,76,52,77,-0.0139192410167921,0.014957738601349762,0.00700921367617878,3679,Occipital_Mid_R,Thalamus_L,0.0,0.0,0.0,0.88
3951,41,98,42,99,0.014199976591407516,0.014955392269662247,0.012166175480260735,3680,Amygdala_R,Cerebelum_6_L,0.0,0.0,0.0,0.78
2761,27,35,28,36,-0.014104354066235036,0.014952889142835091,0.00786012082443319,3681,Rectus_R,Cingulum_Post_R,0.0,0.0,0.0,0.8
5435,65,106,66,107,0.007780237726279739,0.014943164062956935,0.013408488990691698,3682,Angular_R,Cerebelum_10_L,0.0,0.0,0.0,0.7
1186,10,92,11,93,-0.014316377080265676,0.01493350968256802,0.010007267938583916,3683,Frontal_Inf_Oper_L,Cerebelum_Crus2_L,0.0,0.0,0.0,0.88
6363,90,109,91,110,0.01336522843216048,0.014931797170215819,0.008083166379400007,3684,Cerebelum_Crus1_L,Vermis_3,0.0,0.0,0.0,0.9
3447,35,53,36,54,-0.014926175098279768,0.014926175098279768,0.012558627351879827,3685,Cingulum_Post_R,Occipital_Inf_R,0.0,0.0,0.0,1.0
957,8,74,9,75,-0.0016461114639173382,0.014923373466290312,0.006678764088978278,3686,Frontal_Mid_Orb_L,Pallidum_L,0.0,0.0,0.0,0.56
1676,15,72,16,73,-0.006575033693860168,0.014899496047003994,0.008506951326491617,3687,Frontal_Inf_Orb_R,Putamen_L,0.0,0.0,0.0,0.54
2744,26,106,27,107,-0.0013489368827884394,0.014895628211165442,0.009394963765765632,3688,Rectus_L,Cerebelum_10_L,0.0,0.0,0.0,0.6
3752,39,48,40,49,0.014885590390579804,0.014885590390579804,0.013599066493815586,3689,ParaHippocampal_R,Occipital_Sup_L,0.0,0.0,0.0,1.0
5340,63,112,64,113,-0.011904586327396964,0.014885342095304021,0.013420741504710385,3690,SupraMarginal_R,Vermis_7,0.0,0.0,0.0,0.8
3857,40,78,41,79,-0.014875258803095204,0.014875258803095204,0.01589183693730295,3691,Amygdala_L,Heschl_L,0.0,0.0,0.0,1.0
186,1,73,2,74,0.01438986686560229,0.014872589216954437,0.009727833100483675,3692,Precentral_R,Putamen_R,0.0,0.0,0.0,0.92
1712,15,108,16,109,-0.0142899888795772,0.014867924237954957,0.013987331515439405,3693,Frontal_Inf_Orb_R,Vermis_1_2,0.0,0.0,0.0,0.98
4447,48,104,49,105,-0.013684983091789107,0.014863816072526358,0.007650418928471427,3694,Occipital_Sup_L,Cerebelum_9_L,0.0,0.0,0.0,0.74
188,1,75,2,76,0.009713813664095357,0.014862362192327151,0.007386350397011394,3695,Precentral_R,Pallidum_R,0.0,0.0,0.0,0.52
1367,12,66,13,67,-0.004529539963489767,0.014858338805651319,0.007438434136191227,3696,Frontal_Inf_Tri_L,Precuneus_L,0.0,0.0,0.0,0.54
4691,52,90,53,91,0.005457845627313183,0.01485596804250543,0.008773371164721329,3697,Occipital_Inf_L,Cerebelum_Crus1_L,0.0,0.0,0.0,0.82
192,1,79,2,80,0.014592427343583183,0.014853038203129327,0.007863255467112192,3698,Precentral_R,Heschl_R,0.0,0.0,0.0,0.94
5531,67,105,68,106,0.011125640622464976,0.01485078039673688,0.007832158170639984,3699,Precuneus_R,Cerebelum_9_R,0.0,0.0,0.0,0.86
1868,17,67,18,68,0.014614374604820662,0.014849029195482734,0.0098184640842543,3700,Rolandic_Oper_R,Precuneus_R,0.0,0.0,0.0,0.98
3836,40,57,41,58,-0.014845413314568083,0.014845413314568083,0.012717719843105706,3701,Amygdala_L,Postcentral_R,0.0,0.0,0.0,1.0
5515,67,89,68,90,-0.01152762713735128,0.014834277886822608,0.010469121429246369,3702,Precuneus_R,Temporal_Inf_R,0.0,0.0,0.0,0.82
3678,38,50,39,51,0.014820351742876712,0.014831987649645995,0.01080312481968974,3703,ParaHippocampal_L,Occipital_Mid_L,0.0,0.0,0.0,0.96
3278,33,45,34,46,0.013931181120711702,0.014828533838539302,0.007198265200715497,3704,Cingulum_Mid_R,Cuneus_R,0.0,0.0,0.0,0.8
4589,50,115,51,116,-0.014825057388138973,0.014825057388138973,0.016593425123469088,3705,Occipital_Mid_L,Vermis_10,0.0,0.0,0.0,1.0
1545,14,41,15,42,-0.014401303125554803,0.014822945130580073,0.008341615481387468,3706,Frontal_Inf_Orb_L,Amygdala_R,0.0,0.0,0.0,0.94
4571,50,97,51,98,-0.014796093624929237,0.01482211661738445,0.011191221359540315,3707,Occipital_Mid_L,Cerebelum_4_5_R,0.0,0.0,0.0,0.96
5130,60,61,61,62,-0.012260846630573346,0.01481687104752917,0.008286870793567087,3708,Parietal_Inf_L,Parietal_Inf_R,0.0,0.0,0.0,0.72
331,2,105,3,106,0.014276298634583627,0.014808884997097628,0.00974449572436517,3709,Frontal_Sup_L,Cerebelum_9_R,0.0,0.0,0.0,0.9
6168,83,110,84,111,0.014729517253777387,0.014807242734829813,0.009903228592079583,3710,Temporal_Pole_Sup_R,Vermis_4_5,0.0,0.0,0.0,0.98
1176,10,82,11,83,0.012260957852221279,0.014805678175575696,0.010846259471055504,3711,Frontal_Inf_Oper_L,Temporal_Pole_Sup_L,0.0,0.0,0.0,0.7
3604,37,53,38,54,-0.014785598364978437,0.014804335600895897,0.012201528047424984,3712,Hippocampus_R,Occipital_Inf_R,0.0,0.0,0.0,0.98
2216,21,33,22,34,-0.014804296987356374,0.014804296987356374,0.01473575568616152,3713,Olfactory_R,Cingulum_Mid_R,0.0,0.0,0.0,1.0
4822,54,98,55,99,0.011475552452286044,0.014794027499216166,0.00896794071891124,3714,Fusiform_L,Cerebelum_6_L,0.0,0.0,0.0,0.84
747,6,79,7,80,0.014198064496684164,0.014793350071079318,0.011104688032162486,3715,Frontal_Mid_L,Heschl_R,0.0,0.0,0.0,0.9
3097,30,113,31,114,0.01298495947582458,0.014792285032846887,0.005106641770142488,3716,Cingulum_Ant_L,Vermis_8,0.0,0.0,0.0,0.74
889,7,113,8,114,-0.014689983370971736,0.014786768195955376,0.012555448700687033,3717,Frontal_Mid_R,Vermis_8,0.0,0.0,0.0,0.94
5632,69,113,70,114,0.014783889655625599,0.014783889655625599,0.011898296270290525,3718,Paracentral_Lobule_R,Vermis_8,0.0,0.0,0.0,1.0
6435,93,112,94,113,-0.013824576002267396,0.014781941416595216,0.008941345231201915,3719,Cerebelum_Crus2_R,Vermis_7,0.0,0.0,0.0,0.94
4408,48,65,49,66,0.014759105481159288,0.01477982750698047,0.01409870638316145,3720,Occipital_Sup_L,Angular_R,0.0,0.0,0.0,0.98
307,2,81,3,82,-0.013513490142281053,0.014776455047607693,0.009165444864730806,3721,Frontal_Sup_L,Temporal_Sup_R,0.0,0.0,0.02,0.8
517,4,68,5,69,0.00994746757312994,0.014775377465798772,0.009249679745074844,3722,Frontal_Sup_Orb_L,Paracentral_Lobule_L,0.0,0.0,0.0,0.62
4813,54,89,55,90,0.014568576488960054,0.014769336616279969,0.008746711364327552,3723,Fusiform_L,Temporal_Inf_R,0.0,0.0,0.0,0.96
2972,29,73,30,74,0.009269570597806922,0.014767512890125822,0.011719094697942408,3724,Insula_R,Putamen_R,0.0,0.0,0.0,0.76
189,1,76,2,77,0.01115683164635638,0.014760891592919845,0.0074357746470214885,3725,Precentral_R,Thalamus_L,0.0,0.0,0.0,0.66
991,8,108,9,109,-0.013955372116943683,0.014760085399963851,0.008509741009993892,3726,Frontal_Mid_Orb_L,Vermis_1_2,0.0,0.0,0.0,0.88
6204,84,115,85,116,-0.0025725358927530958,0.014751041997311714,0.011504896658093839,3727,Temporal_Mid_L,Vermis_10,0.0,0.0,0.0,0.7
89,0,90,1,91,0.012156603680803645,0.014750168615544297,0.006773172770868567,3728,Precentral_L,Cerebelum_Crus1_L,0.0,0.0,0.0,0.74
3147,31,79,32,80,0.013947955208750862,0.014750072032165242,0.007056258794787927,3729,Cingulum_Ant_R,Heschl_R,0.0,0.0,0.0,0.96
5339,63,111,64,112,-0.012186131296138604,0.014735256586476843,0.01019756166946897,3730,SupraMarginal_R,Vermis_6,0.0,0.0,0.0,0.8
5454,66,76,67,77,0.009082245375844447,0.01473278851774498,0.008792751451866905,3731,Precuneus_L,Thalamus_L,0.0,0.0,0.0,0.7
4618,51,80,52,81,0.010841779109080686,0.014730910488526065,0.006715707624930566,3732,Occipital_Mid_R,Temporal_Sup_L,0.0,0.0,0.0,0.62
1800,16,97,17,98,0.014502168985094363,0.01472803915330663,0.010718931152562387,3733,Rolandic_Oper_L,Cerebelum_4_5_R,0.0,0.0,0.0,0.96
3303,33,70,34,71,-0.012726652471364279,0.014722496044207023,0.008945022059308723,3734,Cingulum_Mid_R,Caudate_L,0.0,0.0,0.0,0.74
3380,34,66,35,67,0.013463878861129016,0.014717084336562769,0.009099264439192928,3735,Cingulum_Post_L,Precuneus_L,0.0,0.0,0.0,0.92
1464,13,61,14,62,-0.013425895338009131,0.014712129987522226,0.010206578077955934,3736,Frontal_Inf_Tri_R,Parietal_Inf_R,0.0,0.0,0.0,0.8
4764,53,101,54,102,0.01236877972727462,0.014708020147045824,0.005476243872932755,3737,Occipital_Inf_R,Cerebelum_7b_R,0.0,0.0,0.0,0.76
5000,57,99,58,100,-0.011454516873914595,0.01470546986188452,0.007587389761783036,3738,Postcentral_R,Cerebelum_6_R,0.0,0.0,0.0,0.62
3182,31,114,32,115,0.014270010307731569,0.014699046264743314,0.007747755000732349,3739,Cingulum_Ant_R,Vermis_9,0.0,0.0,0.0,0.88
4802,54,78,55,79,-0.014684484644616098,0.014689868980446063,0.0112402912354716,3740,Fusiform_L,Heschl_L,0.0,0.0,0.0,0.98
1807,16,104,17,105,0.014067092190848037,0.014674315168036857,0.008117699559705741,3741,Rolandic_Oper_L,Cerebelum_9_L,0.0,0.0,0.0,0.94
234,2,8,3,9,0.01386572566223361,0.01467033336023046,0.008910027621003045,3742,Frontal_Sup_L,Frontal_Mid_Orb_L,0.0,0.0,0.02,0.88
5341,63,113,64,114,0.010517765703875834,0.014668756442570563,0.005928675492089848,3743,SupraMarginal_R,Vermis_8,0.0,0.0,0.0,0.62
4574,50,100,51,101,-0.012128108886122459,0.014667930970332985,0.010330977354299211,3744,Occipital_Mid_L,Cerebelum_7b_L,0.0,0.0,0.0,0.86
1104,9,115,10,116,0.00914369026211276,0.014666721930512822,0.006240672194839421,3745,Frontal_Mid_Orb_R,Vermis_10,0.0,0.0,0.0,0.64
4154,44,85,45,86,0.003581088978862093,0.014664916227425944,0.00712319579870487,3746,Cuneus_L,Temporal_Mid_R,0.0,0.0,0.0,0.64
1684,15,80,16,81,0.0019876114149229756,0.014660345715841374,0.010340561513099951,3747,Frontal_Inf_Orb_R,Temporal_Sup_L,0.0,0.0,0.0,0.68
6431,93,108,94,109,-0.0017817011933221297,0.014657124144851015,0.008305285978573012,3748,Cerebelum_Crus2_R,Vermis_1_2,0.0,0.0,0.0,0.72
3441,35,47,36,48,-0.01465666295202664,0.01465666295202664,0.009931673829216385,3749,Cingulum_Post_R,Lingual_R,0.0,0.0,0.0,1.0
4490,49,81,50,82,-0.010029912116894859,0.014650530045109389,0.008915659274345792,3750,Occipital_Sup_R,Temporal_Sup_R,0.0,0.0,0.0,0.76
5030,58,72,59,73,-0.014505733646639072,0.014647147302312329,0.013449628167329208,3751,Parietal_Sup_L,Putamen_L,0.0,0.0,0.0,0.96
1922,18,24,19,25,0.012367572372494055,0.014636449489304957,0.006718591168425979,3752,Supp_Motor_Area_L,Frontal_Med_Orb_L,0.0,0.0,0.0,0.66
1482,13,79,14,80,-0.011602723820231822,0.014632793062433626,0.004840381838462423,3753,Frontal_Inf_Tri_R,Heschl_R,0.0,0.0,0.0,0.52
3257,32,106,33,107,-0.005067525399063313,0.014631018870635039,0.006848710532480366,3754,Cingulum_Mid_L,Cerebelum_10_L,0.0,0.0,0.0,0.62
1693,15,89,16,90,0.005705680824743037,0.014623920903424492,0.009179915245813505,3755,Frontal_Inf_Orb_R,Temporal_Inf_R,0.0,0.0,0.0,0.74
6587,102,111,103,112,-0.014058480043399567,0.01461925872751892,0.010568442556899668,3756,Cerebelum_8_L,Vermis_6,0.0,0.0,0.0,0.94
1099,9,110,10,111,-0.014533273931547193,0.014618876603099202,0.010136134636828132,3757,Frontal_Mid_Orb_R,Vermis_4_5,0.0,0.0,0.0,0.98
2740,26,102,27,103,0.003657923541235068,0.014593281926177164,0.007655596433257535,3758,Rectus_L,Cerebelum_8_L,0.0,0.0,0.0,0.52
2062,19,68,20,69,0.0006152787441155162,0.014590985344622633,0.008572000254597752,3759,Supp_Motor_Area_R,Paracentral_Lobule_L,0.0,0.0,0.0,0.68
4330,47,54,48,55,-0.014586855462766841,0.014586855462766841,0.012051328101318298,3760,Lingual_R,Fusiform_L,0.0,0.0,0.0,1.0
4063,43,65,44,66,0.014569989668736317,0.014569989668736317,0.012852943022291268,3761,Calcarine_R,Angular_R,0.0,0.0,0.0,1.0
5444,65,115,66,116,0.012713311591095231,0.01455911455207044,0.012332208446544904,3762,Angular_R,Vermis_10,0.0,0.0,0.0,0.92
419,3,81,4,82,-0.008760415542545927,0.014552080825328235,0.009040696463401481,3763,Frontal_Sup_R,Temporal_Sup_R,0.0,0.02,0.04,0.6
6138,82,112,83,113,0.013688159497733972,0.014548105392754479,0.009222042930925746,3764,Temporal_Pole_Sup_L,Vermis_7,0.0,0.0,0.0,0.78
100,0,101,1,102,0.005323492615409153,0.014540699798545251,0.009469379915006154,3765,Precentral_L,Cerebelum_7b_R,0.0,0.0,0.0,0.8
4865,55,81,56,82,-0.011535199167833587,0.01453546307391375,0.01039383352846745,3766,Fusiform_R,Temporal_Sup_R,0.0,0.0,0.0,0.86
4090,43,92,44,93,-0.013769653037885712,0.014528093032462792,0.009991503861444834,3767,Calcarine_R,Cerebelum_Crus2_L,0.0,0.0,0.0,0.8
2223,21,40,22,41,-0.014516602183345155,0.014516602183345155,0.012671520386745915,3768,Olfactory_R,Amygdala_L,0.0,0.0,0.0,1.0
1797,16,94,17,95,0.014288635726477561,0.014504224888947542,0.014055439689960078,3769,Rolandic_Oper_L,Cerebelum_3_L,0.0,0.0,0.0,0.98
4170,44,101,45,102,0.01093223960842406,0.014502183381057939,0.00783025578304606,3770,Cuneus_L,Cerebelum_7b_R,0.0,0.0,0.0,0.78
4704,52,103,53,104,0.01420186310433614,0.014495280978812834,0.006500161931733287,3771,Occipital_Inf_L,Cerebelum_8_R,0.0,0.0,0.0,0.96
2646,25,97,26,98,0.013328606441345885,0.014484392029291247,0.00948605252148595,3772,Frontal_Med_Orb_R,Cerebelum_4_5_R,0.0,0.0,0.0,0.92
3907,41,54,42,55,-0.014479704040639738,0.014479704040639738,0.014122222327068558,3773,Amygdala_R,Fusiform_L,0.0,0.0,0.0,1.0
418,3,80,4,81,0.014315552641903553,0.014466216552496771,0.01059700467914836,3774,Frontal_Sup_R,Temporal_Sup_L,0.0,0.0,0.0,0.94
3409,34,95,35,96,0.0013572940444152384,0.01446312695798032,0.007369471357750596,3775,Cingulum_Post_L,Cerebelum_3_R,0.0,0.0,0.0,0.54
1825,17,24,18,25,0.014373257105087321,0.014457545137131355,0.00984338847815195,3776,Rolandic_Oper_R,Frontal_Med_Orb_L,0.0,0.0,0.0,0.92
2866,28,53,29,54,-0.013355907228260378,0.014437759185585574,0.008717966129388617,3777,Insula_L,Occipital_Inf_R,0.0,0.0,0.0,0.94
301,2,75,3,76,-0.013141267548166686,0.01443056089438036,0.011090360106161958,3778,Frontal_Sup_L,Pallidum_R,0.0,0.0,0.0,0.8
2863,28,50,29,51,0.014289662832944843,0.014429473038648768,0.013044475030348814,3779,Insula_L,Occipital_Mid_L,0.0,0.0,0.0,0.94
3407,34,93,35,94,-0.007142977642522315,0.014428556212635639,0.004971256218010992,3780,Cingulum_Post_L,Cerebelum_Crus2_R,0.0,0.0,0.0,0.64
4425,48,82,49,83,0.013980276450619847,0.014428133850803791,0.011555097670798292,3781,Occipital_Sup_L,Temporal_Pole_Sup_L,0.0,0.0,0.0,0.84
4876,55,92,56,93,-0.013876896989203566,0.014428018546225807,0.007001372233576639,3782,Fusiform_R,Cerebelum_Crus2_L,0.0,0.0,0.0,0.88
1783,16,80,17,81,0.0073928855570414035,0.01442448140631226,0.007142975583824771,3783,Rolandic_Oper_L,Temporal_Sup_L,0.0,0.0,0.0,0.54
2309,22,33,23,34,-0.012264756665207448,0.014417928766203991,0.012300286543522368,3784,Frontal_Sup_Medial_L,Cingulum_Mid_R,0.0,0.0,0.0,0.9
4349,47,73,48,74,0.012424402793410729,0.014413575737512362,0.011597221487917557,3785,Lingual_R,Putamen_R,0.0,0.0,0.0,0.94
17,0,18,1,19,-0.0008584985689219399,0.014408935318290279,0.010199815220858147,3786,Precentral_L,Supp_Motor_Area_L,0.0,0.0,0.0,0.5
5110,59,96,60,97,-0.014079558467966533,0.014407507940504313,0.0138041883199791,3787,Parietal_Sup_R,Cerebelum_4_5_L,0.0,0.0,0.0,0.92
4828,54,104,55,105,-0.014033985186779896,0.014406311029215031,0.007329712942357976,3788,Fusiform_L,Cerebelum_9_L,0.0,0.0,0.0,0.9
2512,24,53,25,54,-0.014182082433846893,0.014405191485322457,0.007903256661159501,3789,Frontal_Med_Orb_L,Occipital_Inf_R,0.0,0.0,0.0,0.96
4197,45,58,46,59,-0.014260307685272342,0.014401457433312208,0.01381827818742865,3790,Cuneus_R,Parietal_Sup_L,0.0,0.0,0.0,0.96
841,7,65,8,66,0.011594990955279508,0.014398651711894837,0.010627712615826665,3791,Frontal_Mid_R,Angular_R,0.0,0.0,0.0,0.88
514,4,65,5,66,0.013094949062812689,0.014394391578743795,0.013314417657702318,3792,Frontal_Sup_Orb_L,Angular_R,0.0,0.0,0.0,0.9
1679,15,75,16,76,-0.012513375023640538,0.014375720229543225,0.007068135279236132,3793,Frontal_Inf_Orb_R,Pallidum_R,0.0,0.0,0.0,0.8
6011,79,87,80,88,-0.013231885701435474,0.014375107436097554,0.004599821137669001,3794,Heschl_R,Temporal_Pole_Mid_R,0.0,0.0,0.0,0.8
3609,37,58,38,59,-0.014224470146998444,0.014371023653176223,0.014697311521111344,3795,Hippocampus_R,Parietal_Sup_L,0.0,0.0,0.0,0.94
4008,42,82,43,83,-0.014290777272011184,0.01436528692486855,0.008020213017161987,3796,Calcarine_L,Temporal_Pole_Sup_L,0.0,0.0,0.0,0.96
2960,29,61,30,62,0.013054826244022908,0.0143614757945672,0.00607086878828173,3797,Insula_R,Parietal_Inf_R,0.0,0.0,0.02,0.8
3177,31,109,32,110,-0.013404181848130808,0.014353990503542998,0.007355259349924979,3798,Cingulum_Ant_R,Vermis_3,0.0,0.0,0.0,0.84
2750,26,112,27,113,-0.014046414458976284,0.014346224372037253,0.007514489804955534,3799,Rectus_L,Vermis_7,0.0,0.0,0.0,0.92
5526,67,100,68,101,-0.008369548235149453,0.014345870119863635,0.008369029391051563,3800,Precuneus_R,Cerebelum_7b_L,0.0,0.0,0.0,0.52
2830,27,104,28,105,-0.0015520932307398125,0.01434493228197512,0.006120553365498355,3801,Rectus_R,Cerebelum_9_L,0.0,0.0,0.0,0.6
1583,14,79,15,80,0.013431758023655559,0.014343880568990417,0.008909245360515336,3802,Frontal_Inf_Orb_L,Heschl_R,0.0,0.0,0.0,0.96
5594,69,75,70,76,-0.007804698982796779,0.014341504867033623,0.009804873207560079,3803,Paracentral_Lobule_R,Pallidum_R,0.0,0.0,0.0,0.76
45,0,46,1,47,-0.0143372937085715,0.0143372937085715,0.011625864470616906,3804,Precentral_L,Lingual_L,0.0,0.0,0.0,1.0
4549,50,75,51,76,0.014108693918047876,0.01433365956751584,0.007774396758772501,3805,Occipital_Mid_L,Pallidum_R,0.0,0.0,0.0,0.9
3929,41,76,42,77,0.011397304179278502,0.014331492772838654,0.0070204451962128074,3806,Amygdala_R,Thalamus_L,0.0,0.0,0.0,0.62
6130,82,104,83,105,0.006396321448939725,0.014328785810675532,0.010048598399031161,3807,Temporal_Pole_Sup_L,Cerebelum_9_L,0.0,0.0,0.0,0.54
4241,45,102,46,103,-0.012075253764547456,0.014327476231841791,0.009453393249311857,3808,Cuneus_R,Cerebelum_8_L,0.0,0.0,0.0,0.92
2267,21,84,22,85,-0.014324856945425315,0.014324856945425315,0.01286438124917504,3809,Olfactory_R,Temporal_Mid_L,0.0,0.0,0.0,1.0
4998,57,97,58,98,0.014319541298396334,0.014320089689323363,0.008741780915100274,3810,Postcentral_R,Cerebelum_4_5_R,0.0,0.0,0.0,0.98
4666,52,65,53,66,0.014318413410429172,0.014318413410429172,0.013073958668403298,3811,Occipital_Inf_L,Angular_R,0.0,0.0,0.0,1.0
3543,36,70,37,71,0.0012945940823499897,0.014310682730558457,0.007591936650295778,3812,Hippocampus_L,Caudate_L,0.0,0.0,0.0,0.54
5225,61,102,62,103,-0.013045138294393967,0.014307191510473575,0.011836817009040723,3813,Parietal_Inf_R,Cerebelum_8_L,0.0,0.0,0.0,0.78
6476,95,112,96,113,-0.012081344459037392,0.014303101613298714,0.007820185122313915,3814,Cerebelum_3_R,Vermis_7,0.0,0.0,0.0,0.84
6020,79,96,80,97,0.013768688670343482,0.014300511377576987,0.0092409828223328,3815,Heschl_R,Cerebelum_4_5_L,0.0,0.0,0.0,0.92
6230,85,111,86,112,0.007169933848425977,0.014298433912255422,0.007049342411261383,3816,Temporal_Mid_R,Vermis_6,0.0,0.0,0.0,0.52
5019,58,61,59,62,0.0089764399414184,0.014293741908755679,0.008601552434280985,3817,Parietal_Sup_L,Parietal_Inf_R,0.0,0.0,0.0,0.62
3745,39,41,40,42,-0.014251679655807894,0.014290227299653497,0.00873481417425233,3818,ParaHippocampal_R,Amygdala_R,0.0,0.0,0.0,0.98
2215,21,32,22,33,-0.014287834850584888,0.014287834850584888,0.013637480123827019,3819,Olfactory_R,Cingulum_Mid_L,0.0,0.0,0.0,1.0
147,1,34,2,35,0.013351520503414618,0.014281226867705426,0.006882196422678674,3820,Precentral_R,Cingulum_Post_L,0.0,0.0,0.0,0.82
433,3,95,4,96,0.014217773137892924,0.014280373893518914,0.011827753374485654,3821,Frontal_Sup_R,Cerebelum_3_R,0.0,0.0,0.0,0.98
6128,82,102,83,103,-0.0021515516582485345,0.014277860727152283,0.007048291486737204,3822,Temporal_Pole_Sup_L,Cerebelum_8_L,0.0,0.0,0.0,0.6
5623,69,104,70,105,0.011012300287181675,0.014276310920087274,0.006479901118523931,3823,Paracentral_Lobule_R,Cerebelum_9_L,0.0,0.0,0.0,0.66
5845,74,111,75,112,-0.012961833704236059,0.014274330150432833,0.007203361222284323,3824,Pallidum_L,Vermis_6,0.0,0.0,0.0,0.92
5556,68,83,69,84,-0.005641018623883004,0.014273888230884354,0.005910197014418018,3825,Paracentral_Lobule_L,Temporal_Pole_Sup_R,0.0,0.0,0.0,0.72
546,4,97,5,98,-0.005956170554299998,0.014272922653319238,0.008116760821075215,3826,Frontal_Sup_Orb_L,Cerebelum_4_5_R,0.0,0.0,0.0,0.8
3776,39,72,40,73,0.007341986904188286,0.014248151495398258,0.009050969189677864,3827,ParaHippocampal_R,Putamen_L,0.0,0.0,0.0,0.8
3203,32,52,33,53,0.01424739624051242,0.01424739624051242,0.008530498563457643,3828,Cingulum_Mid_L,Occipital_Inf_L,0.0,0.0,0.0,1.0
697,6,29,7,30,0.013367744648438144,0.014244282987396793,0.008915314239205552,3829,Frontal_Mid_L,Insula_R,0.0,0.0,0.0,0.86
6306,88,103,89,104,0.001476046410318267,0.014237429532272876,0.006887268185228663,3830,Temporal_Inf_L,Cerebelum_8_R,0.0,0.0,0.0,0.64
2691,26,53,27,54,-0.01423478254109213,0.01423478254109213,0.010571681767119454,3831,Rectus_L,Occipital_Inf_R,0.0,0.0,0.0,1.0
2318,22,42,23,43,-0.014232995788534963,0.014232995788534963,0.008318803827669287,3832,Frontal_Sup_Medial_L,Calcarine_L,0.0,0.0,0.0,1.0
1742,16,39,17,40,0.01423005044978955,0.01423005044978955,0.011965125451541733,3833,Rolandic_Oper_L,ParaHippocampal_R,0.0,0.0,0.0,1.0
6494,96,111,97,112,-0.013281426450104297,0.014226305631596966,0.00915854943592305,3834,Cerebelum_4_5_L,Vermis_6,0.0,0.0,0.0,0.96
4640,51,102,52,103,-0.013948731890588295,0.014223160534250791,0.008096727137700849,3835,Occipital_Mid_R,Cerebelum_8_L,0.0,0.0,0.0,0.96
3120,31,52,32,53,0.01326601849633026,0.014215535474456233,0.008522838223551654,3836,Cingulum_Ant_R,Occipital_Inf_L,0.0,0.0,0.0,0.92
1608,14,104,15,105,-0.007529749770782066,0.014215093732565156,0.008861315960441478,3837,Frontal_Inf_Orb_L,Cerebelum_9_L,0.0,0.0,0.0,0.68
789,7,13,8,14,-0.013733638424868752,0.014200939532859433,0.01195734851262767,3838,Frontal_Mid_R,Frontal_Inf_Tri_R,0.0,0.0,0.0,0.88
4732,53,69,54,70,-0.0141927842783543,0.0141927842783543,0.010990709680069745,3839,Occipital_Inf_R,Paracentral_Lobule_R,0.0,0.0,0.0,1.0
1034,9,45,10,46,0.011450530855994066,0.014191784512692741,0.00671577782465411,3840,Frontal_Mid_Orb_R,Cuneus_R,0.0,0.0,0.0,0.84
2376,22,100,23,101,0.0055432638380532836,0.014187927551279464,0.008129143792783252,3841,Frontal_Sup_Medial_L,Cerebelum_7b_L,0.0,0.0,0.0,0.54
4982,57,81,58,82,0.0013958805433498937,0.014182763473157247,0.008319313046867971,3842,Postcentral_R,Temporal_Sup_R,0.0,0.0,0.0,0.68
4642,51,104,52,105,-0.013939664730433905,0.014180027366113917,0.008994054597642322,3843,Occipital_Mid_R,Cerebelum_9_L,0.0,0.0,0.0,0.88
4427,48,84,49,85,0.013276226685278867,0.014176567677871912,0.00946222569510339,3844,Occipital_Sup_L,Temporal_Mid_L,0.0,0.0,0.0,0.92
2045,19,51,20,52,0.012618567897142895,0.014176547875978652,0.009848442595815304,3845,Supp_Motor_Area_R,Occipital_Mid_R,0.0,0.0,0.0,0.84
3960,41,107,42,108,0.008375701071945933,0.01417542893256798,0.008012608999465865,3846,Amygdala_R,Cerebelum_10_R,0.0,0.0,0.0,0.64
2785,27,59,28,60,-0.013911488702774312,0.014171934220635951,0.013047943386639142,3847,Rectus_R,Parietal_Sup_R,0.0,0.0,0.0,0.92
6447,94,103,95,104,0.00919053182029635,0.01417116557640954,0.008895905240763512,3848,Cerebelum_3_L,Cerebelum_8_R,0.0,0.0,0.0,0.82
1338,12,37,13,38,0.004637838517828747,0.01414917869573814,0.011647591969099431,3849,Frontal_Inf_Tri_L,Hippocampus_R,0.0,0.0,0.0,0.76
5220,61,97,62,98,-0.012766594930206644,0.01414706230913627,0.010209363747495717,3850,Parietal_Inf_R,Cerebelum_4_5_R,0.0,0.0,0.0,0.78
4169,44,100,45,101,0.008390937767293076,0.014143294628346199,0.007796858071511927,3851,Cuneus_L,Cerebelum_7b_L,0.0,0.0,0.0,0.6
3268,33,35,34,36,0.010671904168743751,0.01414075571283252,0.007399671227583766,3852,Cingulum_Mid_R,Cingulum_Post_R,0.0,0.0,0.0,0.66
4550,50,76,51,77,-0.013553044949694035,0.014139219254229727,0.00766197348316373,3853,Occipital_Mid_L,Thalamus_L,0.0,0.0,0.0,0.86
4449,48,106,49,107,-0.013012974113338644,0.014135756626745568,0.00946238698123943,3854,Occipital_Sup_L,Cerebelum_10_L,0.0,0.0,0.0,0.9
3869,40,90,41,91,0.007437710892120372,0.014135363779403982,0.007838190391184706,3855,Amygdala_L,Cerebelum_Crus1_L,0.0,0.0,0.0,0.52
2486,24,27,25,28,-0.009111127935265088,0.014129819554215555,0.0077064673665111876,3856,Frontal_Med_Orb_L,Rectus_R,0.0,0.0,0.0,0.68
2012,18,114,19,115,-0.013320213200057844,0.014127939180464304,0.007986178302246561,3857,Supp_Motor_Area_L,Vermis_9,0.0,0.0,0.0,0.92
1925,18,27,19,28,-0.0038170767843245757,0.0141217848053159,0.007142114760169939,3858,Supp_Motor_Area_L,Rectus_R,0.0,0.0,0.0,0.66
2320,22,44,23,45,-0.014047266914359861,0.014111619808294397,0.009525489622923412,3859,Frontal_Sup_Medial_L,Cuneus_L,0.0,0.0,0.0,0.98
2205,21,22,22,23,-0.014098663693621317,0.014098663693621317,0.010821710190776176,3860,Olfactory_R,Frontal_Sup_Medial_L,0.0,0.0,0.0,1.0
856,7,80,8,81,0.007468838113917828,0.014098544974987373,0.010815713185999281,3861,Frontal_Mid_R,Temporal_Sup_L,0.0,0.0,0.04,0.56
3618,37,67,38,68,0.01199122051490865,0.014090879074263183,0.005865584373860392,3862,Hippocampus_R,Precuneus_R,0.0,0.0,0.0,0.62
4414,48,71,49,72,0.01391825713375754,0.014089517005718288,0.0072944898218386825,3863,Occipital_Sup_L,Caudate_R,0.0,0.0,0.0,0.94
132,1,19,2,20,0.010768628675782908,0.014088462859288092,0.004627752917715881,3864,Precentral_R,Supp_Motor_Area_R,0.0,0.0,0.0,0.62
900,8,17,9,18,0.013048272990337433,0.014086531538957123,0.010225472092396283,3865,Frontal_Mid_Orb_L,Rolandic_Oper_R,0.0,0.0,0.0,0.94
4769,53,106,54,107,-0.012384906462440243,0.014081788393828443,0.009052955063363639,3866,Occipital_Inf_R,Cerebelum_10_L,0.0,0.0,0.0,0.9
6500,97,99,98,100,-0.0003423813090707793,0.014079603251732097,0.008769054976918638,3867,Cerebelum_4_5_R,Cerebelum_6_R,0.0,0.0,0.0,0.64
2381,22,105,23,106,0.011235611432249541,0.014077555085490707,0.006206392802932083,3868,Frontal_Sup_Medial_L,Cerebelum_9_R,0.0,0.0,0.0,0.7
563,4,114,5,115,0.01263288544097305,0.014064853979787451,0.006917409284555887,3869,Frontal_Sup_Orb_L,Vermis_9,0.0,0.0,0.0,0.84
1967,18,69,19,70,-0.008856920485075484,0.014061790554674422,0.006951153465166773,3870,Supp_Motor_Area_L,Paracentral_Lobule_R,0.0,0.0,0.0,0.74
1462,13,59,14,60,-0.013667182061489917,0.01405994751027973,0.011611649950769022,3871,Frontal_Inf_Tri_R,Parietal_Sup_R,0.0,0.0,0.02,0.9
5047,58,89,59,90,0.007885103474368218,0.014052142768632828,0.010310981297887396,3872,Parietal_Sup_L,Temporal_Inf_R,0.0,0.0,0.0,0.56
4693,52,92,53,93,-0.005993206641624112,0.014044430201078454,0.006341246798579746,3873,Occipital_Inf_L,Cerebelum_Crus2_L,0.0,0.0,0.0,0.54
2665,26,27,27,28,0.009159826579953439,0.014021858836246532,0.007643083492262637,3874,Rectus_L,Rectus_R,0.0,0.0,0.0,0.82
5243,62,67,63,68,0.0131111566360007,0.014017628608027381,0.00832547115807109,3875,SupraMarginal_L,Precuneus_R,0.0,0.0,0.0,0.82
4280,46,72,47,73,0.013991709803754606,0.014012472225020977,0.010179179964692054,3876,Lingual_L,Putamen_L,0.0,0.0,0.0,0.98
4374,47,98,48,99,-0.009932791484795178,0.014011571404504809,0.006807820818100533,3877,Lingual_R,Cerebelum_6_L,0.0,0.0,0.0,0.6
2703,26,65,27,66,0.01238192054879342,0.014006861122642055,0.011599823630449764,3878,Rectus_L,Angular_R,0.0,0.0,0.0,0.8
5565,68,92,69,93,0.00727787230783026,0.014001706116020576,0.006771824425113685,3879,Paracentral_Lobule_L,Cerebelum_Crus2_L,0.0,0.0,0.0,0.6
2415,23,47,24,48,-0.01399565862111517,0.01399565862111517,0.009181044768325087,3880,Frontal_Sup_Medial_R,Lingual_R,0.0,0.0,0.0,1.0
2196,20,107,21,108,0.013994354231874583,0.013994354231874583,0.010357663614393761,3881,Olfactory_L,Cerebelum_10_R,0.0,0.0,0.0,1.0
2015,19,21,20,22,-0.013993963382407963,0.013993963382407963,0.015328786137627533,3882,Supp_Motor_Area_R,Olfactory_R,0.0,0.0,0.0,1.0
3529,36,56,37,57,0.01382550388472379,0.013990860574056081,0.010453987419220273,3883,Hippocampus_L,Postcentral_L,0.0,0.0,0.0,0.92
1444,13,41,14,42,0.013643795420654789,0.013989769640961894,0.005923438056510244,3884,Frontal_Inf_Tri_R,Amygdala_R,0.0,0.0,0.0,0.9
212,1,99,2,100,-0.0006924195441999578,0.013987441401717891,0.009104253285444584,3885,Precentral_R,Cerebelum_6_R,0.0,0.0,0.0,0.66
1169,10,75,11,76,-0.013243083687399224,0.013987272932222159,0.010992074020594239,3886,Frontal_Inf_Oper_L,Pallidum_R,0.0,0.0,0.0,0.86
2616,25,67,26,68,0.00745248445196202,0.013985146790487348,0.00744865225305553,3887,Frontal_Med_Orb_R,Precuneus_R,0.0,0.0,0.0,0.56
1348,12,47,13,48,0.013866766551003102,0.01397911616540567,0.010069171468952066,3888,Frontal_Inf_Tri_L,Lingual_R,0.0,0.0,0.0,0.94
333,2,107,3,108,0.01335775168002349,0.013969216185049567,0.007095506905387862,3889,Frontal_Sup_L,Cerebelum_10_R,0.0,0.0,0.0,0.82
2583,25,34,26,35,-0.0076366640062524825,0.013969125408730647,0.01013695061739563,3890,Frontal_Med_Orb_R,Cingulum_Post_L,0.0,0.0,0.0,0.76
2292,21,109,22,110,-0.0139689579785805,0.0139689579785805,0.013300981689817849,3891,Olfactory_R,Vermis_3,0.0,0.0,0.0,1.0
4230,45,91,46,92,0.011885271298468841,0.0139666225569917,0.008008168218729465,3892,Cuneus_R,Cerebelum_Crus1_R,0.0,0.0,0.0,0.82
6485,96,102,97,103,0.010256201584243577,0.013959688990632041,0.01041395743931295,3893,Cerebelum_4_5_L,Cerebelum_8_L,0.0,0.0,0.0,0.68
5959,77,108,78,109,0.01310041265944824,0.013944666822964545,0.006414724576887104,3894,Thalamus_R,Vermis_1_2,0.0,0.0,0.0,0.84
4450,48,107,49,108,-0.013765973190454792,0.013944465210772838,0.007174559479885509,3895,Occipital_Sup_L,Cerebelum_10_R,0.0,0.0,0.0,0.96
4204,45,65,46,66,0.013943552011638206,0.013943552011638206,0.012814841261101856,3896,Cuneus_R,Angular_R,0.0,0.0,0.0,1.0
2098,19,104,20,105,0.007281377956916996,0.013933481591282599,0.010221309936362728,3897,Supp_Motor_Area_R,Cerebelum_9_L,0.0,0.0,0.0,0.78
4859,55,75,56,76,0.013422550256520682,0.013932240448710123,0.007453576336961026,3898,Fusiform_R,Pallidum_R,0.0,0.0,0.0,0.82
2783,27,57,28,58,0.013601750471287095,0.013932093707145128,0.007503891539166608,3899,Rectus_R,Postcentral_R,0.0,0.0,0.0,0.88
2377,22,101,23,102,-0.007865898341779906,0.013930833608329418,0.009214948597455962,3900,Frontal_Sup_Medial_L,Cerebelum_7b_R,0.0,0.0,0.0,0.62
4078,43,80,44,81,-0.013739941696653707,0.01392624124363152,0.0064701771925386314,3901,Calcarine_R,Temporal_Sup_L,0.0,0.0,0.0,0.96
922,8,39,9,40,0.003237918979584803,0.013908456015325994,0.005341690950921386,3902,Frontal_Mid_Orb_L,ParaHippocampal_R,0.0,0.0,0.0,0.56
909,8,26,9,27,0.003797745774844519,0.013895640384797299,0.006173899958921019,3903,Frontal_Mid_Orb_L,Rectus_L,0.0,0.0,0.0,0.56
2840,27,114,28,115,-0.01364143758257573,0.013880894398275395,0.006201665970095884,3904,Rectus_R,Vermis_9,0.0,0.0,0.0,0.9
4150,44,81,45,82,-0.000401190011305647,0.013878656248847447,0.009622069855024097,3905,Cuneus_L,Temporal_Sup_R,0.0,0.0,0.0,0.7
3736,38,108,39,109,-0.01351393913806245,0.013864834777511737,0.01140017917566404,3906,ParaHippocampal_L,Vermis_1_2,0.0,0.0,0.0,0.98
4263,46,55,47,56,-0.013835040771431844,0.013860276511941739,0.013025123211747718,3907,Lingual_L,Fusiform_R,0.0,0.0,0.0,0.98
1033,9,44,10,45,0.010589139172646889,0.013852497531460348,0.00762833159654676,3908,Frontal_Mid_Orb_R,Cuneus_L,0.0,0.0,0.0,0.72
5493,66,115,67,116,-0.013790063872645366,0.013851304471082525,0.008438788434522462,3909,Precuneus_L,Vermis_10,0.0,0.0,0.0,0.98
490,4,41,5,42,-0.001086836623685921,0.013845551214610521,0.00565632792577268,3910,Frontal_Sup_Orb_L,Amygdala_R,0.0,0.0,0.0,0.7
854,7,78,8,79,0.009465579832120258,0.013845006288316006,0.008869307473020362,3911,Frontal_Mid_R,Heschl_L,0.0,0.0,0.0,0.58
2323,22,47,23,48,-0.013844512517949078,0.013844512517949078,0.01006259991857486,3912,Frontal_Sup_Medial_L,Lingual_R,0.0,0.0,0.0,1.0
4303,46,95,47,96,-0.01350874000983645,0.013840311419512035,0.0073203846583571805,3913,Lingual_L,Cerebelum_3_R,0.0,0.0,0.0,0.92
5846,74,112,75,113,0.012266677351555868,0.013836517509626911,0.0036532467463221475,3914,Pallidum_L,Vermis_7,0.0,0.0,0.0,0.74
3710,38,82,39,83,-0.007177309869521769,0.01383625735092604,0.00777984776722968,3915,ParaHippocampal_L,Temporal_Pole_Sup_L,0.0,0.0,0.0,0.62
5438,65,109,66,110,0.013831753433026537,0.013832836835632195,0.012899098603187453,3916,Angular_R,Vermis_3,0.0,0.0,0.0,0.98
2265,21,82,22,83,-0.013822373753947858,0.013822373753947858,0.013179823978955,3917,Olfactory_R,Temporal_Pole_Sup_L,0.0,0.0,0.0,1.0
3019,30,35,31,36,-0.00949551714933957,0.013820562060184121,0.007567642952527711,3918,Cingulum_Ant_L,Cingulum_Post_R,0.0,0.0,0.0,0.78
4192,45,53,46,54,-0.01379394969822591,0.01379394969822591,0.01038198992626485,3919,Cuneus_R,Occipital_Inf_R,0.0,0.0,0.0,1.0
5501,67,75,68,76,-0.012481608756135592,0.013793772958540172,0.0068598879082213925,3920,Precuneus_R,Pallidum_R,0.0,0.0,0.0,0.88
5393,64,114,65,115,-0.007156634423499757,0.013788669554917149,0.007181996363199571,3921,Angular_L,Vermis_9,0.0,0.0,0.0,0.54
4314,46,106,47,107,0.011358482731771497,0.013777462900767779,0.005753914496124033,3922,Lingual_L,Cerebelum_10_L,0.0,0.0,0.0,0.68
4887,55,103,56,104,-0.012333115623723672,0.013768922706192233,0.006235748174037889,3923,Fusiform_R,Cerebelum_8_R,0.0,0.0,0.0,0.9
55,0,56,1,57,-0.012728675049386993,0.013758811928716346,0.008695725077283542,3924,Precentral_L,Postcentral_L,0.0,0.0,0.0,0.94
5621,69,102,70,103,-0.006254226309557452,0.013747508061741655,0.009031181648406087,3925,Paracentral_Lobule_R,Cerebelum_8_L,0.0,0.0,0.0,0.76
3029,30,45,31,46,0.007307612908387687,0.013747146038250556,0.006573874802970168,3926,Cingulum_Ant_L,Cuneus_R,0.0,0.0,0.0,0.52
4299,46,91,47,92,0.0129253423928972,0.013738246032665017,0.009891127533773116,3927,Lingual_L,Cerebelum_Crus1_R,0.0,0.0,0.0,0.94
4441,48,98,49,99,-0.0012549176859549616,0.013737668943606902,0.006138856571025397,3928,Occipital_Sup_L,Cerebelum_6_L,0.0,0.0,0.0,0.58
69,0,70,1,71,-0.013108328869007098,0.01373587051923732,0.010601406165370322,3929,Precentral_L,Caudate_L,0.0,0.0,0.0,0.94
2463,23,95,24,96,0.008134843047832222,0.013730617367802216,0.006471653319238516,3930,Frontal_Sup_Medial_R,Cerebelum_3_R,0.0,0.0,0.0,0.58
2538,24,79,25,80,-0.013174329888551557,0.013713606708781648,0.0079838062196045,3931,Frontal_Med_Orb_L,Heschl_R,0.0,0.0,0.0,0.92
2574,24,115,25,116,0.007061315422267239,0.013712747006997001,0.00705776749226778,3932,Frontal_Med_Orb_L,Vermis_10,0.0,0.0,0.0,0.76
2586,25,37,26,38,0.011290489775344819,0.013698594348648634,0.005941840553089066,3933,Frontal_Med_Orb_R,Hippocampus_R,0.0,0.0,0.0,0.7
145,1,32,2,33,0.011971647375637192,0.013697485817353144,0.005996795251582775,3934,Precentral_R,Cingulum_Mid_L,0.0,0.0,0.0,0.86
1124,10,30,11,31,-0.010394423854906458,0.013690091104396064,0.007886145011538902,3935,Frontal_Inf_Oper_L,Cingulum_Ant_L,0.0,0.0,0.0,0.78
732,6,64,7,65,0.007303056086691313,0.013670822389705356,0.007321977342356435,3936,Frontal_Mid_L,Angular_L,0.0,0.0,0.02,0.64
1557,14,53,15,54,-0.013669051563567318,0.013669051563567318,0.00849286564316428,3937,Frontal_Inf_Orb_L,Occipital_Inf_R,0.0,0.0,0.0,1.0
5188,61,65,62,66,0.0103587744435235,0.013665302311485623,0.01270483891238038,3938,Parietal_Inf_R,Angular_R,0.0,0.0,0.0,0.86
414,3,76,4,77,0.013164509470198602,0.013658206140684385,0.009312552422168805,3939,Frontal_Sup_R,Thalamus_L,0.0,0.0,0.0,0.92
591,5,32,6,33,0.006709686055666656,0.013649423773151774,0.010902718789549567,3940,Frontal_Sup_Orb_R,Cingulum_Mid_L,0.0,0.0,0.0,0.72
1810,16,107,17,108,0.013371516867958995,0.013648895423393521,0.009182225613451025,3941,Rolandic_Oper_L,Cerebelum_10_R,0.0,0.0,0.0,0.94
4678,52,77,53,78,0.010999039322387225,0.013648318917828384,0.005842208958845994,3942,Occipital_Inf_L,Thalamus_R,0.0,0.0,0.0,0.84
4853,55,69,56,70,-0.013118001983490866,0.013640140156344443,0.01124972005692855,3943,Fusiform_R,Paracentral_Lobule_R,0.0,0.0,0.0,0.98
934,8,51,9,52,-0.012802454114290958,0.013638219116846198,0.008822402994498312,3944,Frontal_Mid_Orb_L,Occipital_Mid_R,0.0,0.0,0.0,0.86
5772,73,79,74,80,0.011648183456918848,0.01362587875026019,0.011053492647801939,3945,Putamen_R,Heschl_R,0.0,0.0,0.0,0.88
4473,49,64,50,65,0.007446885298974657,0.01362155611940852,0.00936469376561046,3946,Occipital_Sup_R,Angular_L,0.0,0.0,0.0,0.82
6629,106,111,107,112,-0.008858426372714492,0.013597733642247709,0.00773897932351699,3947,Cerebelum_10_L,Vermis_6,0.0,0.0,0.0,0.84
5397,65,68,66,69,0.012310598383557183,0.013597575793178584,0.011488589237437868,3948,Angular_R,Paracentral_Lobule_L,0.0,0.0,0.0,0.8
4884,55,100,56,101,-0.012407448628279668,0.013595659466251448,0.007045983718046624,3949,Fusiform_R,Cerebelum_7b_L,0.0,0.0,0.0,0.9
3487,35,93,36,94,0.0039060828375899947,0.013590434766002458,0.005556089211291442,3950,Cingulum_Post_R,Cerebelum_Crus2_R,0.0,0.0,0.0,0.58
1201,10,107,11,108,-0.012881422429289786,0.013587673922696313,0.009006066585881538,3951,Frontal_Inf_Oper_L,Cerebelum_10_R,0.0,0.0,0.0,0.88
2097,19,103,20,104,-0.0033624328549213323,0.013583558594912176,0.008664356781857063,3952,Supp_Motor_Area_R,Cerebelum_8_R,0.0,0.0,0.0,0.62
1254,11,56,12,57,-0.00789196211816212,0.013577723932811316,0.007073765099414907,3953,Frontal_Inf_Oper_R,Postcentral_L,0.0,0.0,0.0,0.66
4656,52,55,53,56,0.01356509916399589,0.01356509916399589,0.006826223968561511,3954,Occipital_Inf_L,Fusiform_R,0.0,0.0,0.0,1.0
4862,55,78,56,79,-0.013559476145986486,0.013559476145986486,0.011465143866158396,3955,Fusiform_R,Heschl_L,0.0,0.0,0.0,1.0
5089,59,75,60,76,-0.0132067738642114,0.013558729020174649,0.01159449872238077,3956,Parietal_Sup_R,Pallidum_R,0.0,0.0,0.0,0.92
84,0,85,1,86,0.005240900329098197,0.013554697774580477,0.00881581281555936,3957,Precentral_L,Temporal_Mid_R,0.0,0.0,0.0,0.74
3716,38,88,39,89,0.010016035205971259,0.013549972109102543,0.007737374920559399,3958,ParaHippocampal_L,Temporal_Inf_L,0.0,0.0,0.0,0.7
1701,15,97,16,98,-0.0018079272011282499,0.013548545386161156,0.008263612643952426,3959,Frontal_Inf_Orb_R,Cerebelum_4_5_R,0.0,0.0,0.0,0.76
2864,28,51,29,52,0.013142020769571034,0.013546406256828519,0.00810747766913331,3960,Insula_L,Occipital_Mid_R,0.0,0.0,0.0,0.84
6473,95,109,96,110,-0.013449892815475824,0.013533950356097285,0.007884764467459329,3961,Cerebelum_3_R,Vermis_3,0.0,0.0,0.0,0.98
4223,45,84,46,85,-0.012910885467267718,0.013530594177598346,0.007577954847548471,3962,Cuneus_R,Temporal_Mid_L,0.0,0.0,0.0,0.9
2860,28,47,29,48,-0.012580840800330092,0.013529926647533141,0.007345550319803952,3963,Insula_L,Lingual_R,0.0,0.0,0.0,0.8
2322,22,46,23,47,-0.013522162865457621,0.013522162865457621,0.012478353212881375,3964,Frontal_Sup_Medial_L,Lingual_L,0.0,0.0,0.0,1.0
852,7,76,8,77,-0.013360610182206925,0.013520312382556889,0.012582186706571515,3965,Frontal_Mid_R,Thalamus_L,0.0,0.0,0.0,0.94
5265,62,89,63,90,0.012143037975065557,0.013509158189871777,0.007793845400084851,3966,SupraMarginal_L,Temporal_Inf_R,0.0,0.0,0.0,0.82
2510,24,51,25,52,-0.013291427630165156,0.013501695017321645,0.008250794414408498,3967,Frontal_Med_Orb_L,Occipital_Mid_R,0.0,0.0,0.0,0.98
1839,17,38,18,39,0.013388713038530875,0.013500337231986735,0.009190411915919829,3968,Rolandic_Oper_R,ParaHippocampal_L,0.0,0.0,0.0,0.86
6659,110,115,111,116,-0.013290955539208747,0.013498940108341635,0.011568642354340623,3969,Vermis_4_5,Vermis_10,0.0,0.0,0.0,0.98
1935,18,37,19,38,-0.0067024725051318,0.013485860819884817,0.006474459062071015,3970,Supp_Motor_Area_L,Hippocampus_R,0.0,0.0,0.0,0.64
669,5,110,6,111,-0.01300993186141942,0.013480973629370585,0.007605578214175651,3971,Frontal_Sup_Orb_R,Vermis_4_5,0.0,0.0,0.0,0.94
1057,9,68,10,69,0.011239815614253664,0.01347955849882579,0.005199639898225145,3972,Frontal_Mid_Orb_R,Paracentral_Lobule_L,0.0,0.0,0.0,0.7
5624,69,105,70,106,0.011933247346420093,0.01347593934199256,0.006162629815498274,3973,Paracentral_Lobule_R,Cerebelum_9_R,0.0,0.0,0.0,0.82
3602,37,51,38,52,-0.013474761996245987,0.013474761996245987,0.009448841699094232,3974,Hippocampus_R,Occipital_Mid_R,0.0,0.0,0.0,1.0
4872,55,88,56,89,0.011692535662459258,0.013473810973940898,0.008920925715681477,3975,Fusiform_R,Temporal_Inf_L,0.0,0.0,0.0,0.84
4136,44,67,45,68,0.012257893232665885,0.013465668091680183,0.00720685121450641,3976,Cuneus_L,Precuneus_R,0.0,0.0,0.0,0.96
780,6,112,7,113,-0.012992065123069947,0.013465097083087171,0.011131916505070918,3977,Frontal_Mid_L,Vermis_7,0.0,0.0,0.0,0.88
1893,17,92,18,93,0.009197837081854959,0.013461845398880436,0.008984545381027147,3978,Rolandic_Oper_R,Cerebelum_Crus2_L,0.0,0.0,0.0,0.84
4252,45,113,46,114,0.013461624895542368,0.013461624895542368,0.01322455318364869,3979,Cuneus_R,Vermis_8,0.0,0.0,0.0,1.0
4821,54,97,55,98,-0.013407466486573441,0.013454822313460749,0.009206911844284854,3980,Fusiform_L,Cerebelum_4_5_R,0.0,0.0,0.0,0.96
802,7,26,8,27,-0.013296313667994246,0.013454461424675712,0.01077791325410735,3981,Frontal_Mid_R,Rectus_L,0.0,0.0,0.0,0.92
1513,13,110,14,111,0.011898321647014747,0.013441770720861668,0.004759495111150885,3982,Frontal_Inf_Tri_R,Vermis_4_5,0.0,0.0,0.0,0.86
4638,51,100,52,101,-0.012005770240803413,0.013440764725981482,0.008440707141877463,3983,Occipital_Mid_R,Cerebelum_7b_L,0.0,0.0,0.0,0.86
6480,96,97,97,98,0.005273011858513937,0.013437369794727358,0.006697536434817072,3984,Cerebelum_4_5_L,Cerebelum_4_5_R,0.0,0.0,0.0,0.66
746,6,78,7,79,0.012817967648366582,0.01343157576922411,0.009503298974607357,3985,Frontal_Mid_L,Heschl_L,0.0,0.0,0.0,0.9
3367,34,53,35,54,-0.013413297342738224,0.013426530212110814,0.012272575349863354,3986,Cingulum_Post_L,Occipital_Inf_R,0.0,0.0,0.0,0.98
4593,51,55,52,56,0.013411288683390254,0.013424877271984681,0.010143390063067127,3987,Occipital_Mid_R,Fusiform_R,0.0,0.0,0.0,0.98
1891,17,90,18,91,0.008292992900272552,0.013424521984846671,0.009724446553049704,3988,Rolandic_Oper_R,Cerebelum_Crus1_L,0.0,0.0,0.0,0.82
5222,61,99,62,100,-0.012158376288891595,0.013422482489330857,0.010006295893513565,3989,Parietal_Inf_R,Cerebelum_6_R,0.0,0.0,0.0,0.8
4570,50,96,51,97,-0.013400812753409071,0.01342170017131682,0.008655008167815077,3990,Occipital_Mid_L,Cerebelum_4_5_L,0.0,0.0,0.0,0.98
2968,29,69,30,70,0.012610308156851359,0.01340430692443946,0.008260461784046432,3991,Insula_R,Paracentral_Lobule_R,0.0,0.0,0.0,0.88
2243,21,60,22,61,-0.013371366502028132,0.013371366502028132,0.011407099805926055,3992,Olfactory_R,Parietal_Inf_L,0.0,0.0,0.0,1.0
670,5,111,6,112,-0.012583537983230428,0.01337122919708117,0.009677214584907109,3993,Frontal_Sup_Orb_R,Vermis_6,0.0,0.0,0.0,0.96
2660,25,111,26,112,0.010886733270731424,0.01335576408108817,0.0057677280629684835,3994,Frontal_Med_Orb_R,Vermis_6,0.0,0.0,0.0,0.8
2351,22,75,23,76,-0.009275806116504304,0.013348454647663347,0.01104093953931149,3995,Frontal_Sup_Medial_L,Pallidum_R,0.0,0.0,0.0,0.86
4780,54,56,55,57,-0.013347953043277405,0.013347953043277405,0.011187422126510613,3996,Fusiform_L,Postcentral_L,0.0,0.0,0.0,1.0
603,5,44,6,45,0.010487756042399004,0.013346878413160037,0.005880422039667114,3997,Frontal_Sup_Orb_R,Cuneus_L,0.0,0.0,0.0,0.62
6547,99,113,100,114,0.008546048574637278,0.013329664838488402,0.006032524692526518,3998,Cerebelum_6_R,Vermis_8,0.0,0.0,0.0,0.56
1429,13,26,14,27,-8.702747838608222e-05,0.013325637575299254,0.005124470192761755,3999,Frontal_Inf_Tri_R,Rectus_L,0.0,0.0,0.0,0.64
673,5,114,6,115,-0.01331962542994487,0.01331962542994487,0.008312471443837602,4000,Frontal_Sup_Orb_R,Vermis_9,0.0,0.0,0.0,1.0
5589,69,70,70,71,-0.006642506750840069,0.013317023731472095,0.007266032756973057,4001,Paracentral_Lobule_R,Caudate_L,0.0,0.0,0.0,0.62
887,7,111,8,112,-0.0131608942841116,0.013310443694145418,0.01308404146777491,4002,Frontal_Mid_R,Vermis_6,0.0,0.0,0.0,0.94
5569,68,96,69,97,-0.01171274083678189,0.013308703881021322,0.009739666585112002,4003,Paracentral_Lobule_L,Cerebelum_4_5_L,0.0,0.0,0.0,0.92
3801,39,97,40,98,0.01033725754099112,0.01330786758169491,0.01008407660679249,4004,ParaHippocampal_R,Cerebelum_4_5_R,0.0,0.0,0.0,0.82
3364,34,50,35,51,0.01317417308141824,0.013304516839480853,0.006487860517537545,4005,Cingulum_Post_L,Occipital_Mid_L,0.0,0.0,0.0,0.94
6386,91,108,92,109,0.0005655607763793178,0.013293137722548507,0.007117336704823432,4006,Cerebelum_Crus1_R,Vermis_1_2,0.0,0.0,0.0,0.72
368,3,30,4,31,0.013112324623288867,0.013290807893642178,0.009546130779756166,4007,Frontal_Sup_R,Cingulum_Ant_L,0.0,0.0,0.0,0.94
99,0,100,1,101,-0.0008965685500850407,0.01328667506477786,0.007069888653356514,4008,Precentral_L,Cerebelum_7b_L,0.0,0.0,0.0,0.6
4870,55,86,56,87,0.013149047351676522,0.01328361760064487,0.008257193284638574,4009,Fusiform_R,Temporal_Pole_Mid_L,0.0,0.0,0.0,0.94
1357,12,56,13,57,0.0045716171594393055,0.013281735834615845,0.006780368531055391,4010,Frontal_Inf_Tri_L,Postcentral_L,0.0,0.0,0.0,0.66
2246,21,63,22,64,-0.013269380350889218,0.013269380350889218,0.01094523333299544,4011,Olfactory_R,SupraMarginal_R,0.0,0.0,0.0,1.0
3882,40,103,41,104,-0.012396896554022143,0.013267997512446214,0.009595662197088886,4012,Amygdala_L,Cerebelum_8_R,0.0,0.0,0.0,0.92
5187,61,64,62,65,0.012338471077606267,0.013260307689691324,0.007669365343894374,4013,Parietal_Inf_R,Angular_L,0.0,0.0,0.02,0.88
4317,46,109,47,110,-0.013259241417494945,0.013259241417494945,0.011034782215204344,4014,Lingual_L,Vermis_3,0.0,0.0,0.0,1.0
4976,57,75,58,76,-0.009820169125026274,0.01325260032534751,0.01013276117624004,4015,Postcentral_R,Pallidum_R,0.0,0.0,0.0,0.86
256,2,30,3,31,-0.011648685081424207,0.013231029534139713,0.007162416027513482,4016,Frontal_Sup_L,Cingulum_Ant_L,0.0,0.02,0.02,0.74
3111,31,43,32,44,-0.01298341286414066,0.013230104856426925,0.005487834814618795,4017,Cingulum_Ant_R,Calcarine_R,0.0,0.0,0.0,0.88
3913,41,60,42,61,-0.012213259499291784,0.013230040881163035,0.005108567399195419,4018,Amygdala_R,Parietal_Inf_L,0.0,0.0,0.0,0.76
3473,35,79,36,80,-0.013227824070457701,0.013227824070457701,0.01014667019975721,4019,Cingulum_Post_R,Heschl_R,0.0,0.0,0.0,1.0
1628,15,24,16,25,-0.007349410544257482,0.013223539008522453,0.010482951391033182,4020,Frontal_Inf_Orb_R,Frontal_Med_Orb_L,0.0,0.0,0.0,0.78
5078,59,64,60,65,0.00659377263550689,0.013221695569143382,0.008087029323559728,4021,Parietal_Sup_R,Angular_L,0.0,0.0,0.02,0.6
1362,12,61,13,62,-0.011176566825949625,0.013220238474664333,0.007009193223291281,4022,Frontal_Inf_Tri_L,Parietal_Inf_R,0.0,0.02,0.02,0.7
2663,25,114,26,115,0.012634120791002477,0.013219061980989249,0.006375300937032442,4023,Frontal_Med_Orb_R,Vermis_9,0.0,0.0,0.0,0.92
5261,62,85,63,86,0.01077977002142493,0.013216894650836652,0.008295851664808916,4024,SupraMarginal_L,Temporal_Mid_R,0.0,0.0,0.0,0.74
1021,9,32,10,33,0.0022209667231856637,0.013211508275208006,0.008282130745948295,4025,Frontal_Mid_Orb_R,Cingulum_Mid_L,0.0,0.0,0.0,0.64
599,5,40,6,41,0.011235173078862118,0.013209128773363507,0.004841523593818417,4026,Frontal_Sup_Orb_R,Amygdala_L,0.0,0.0,0.0,0.64
3024,30,40,31,41,-0.004645877542302367,0.013197140099302378,0.011208760373311505,4027,Cingulum_Ant_L,Amygdala_L,0.0,0.0,0.0,0.82
210,1,97,2,98,0.01279755291491661,0.013194869612409607,0.006864741350868624,4028,Precentral_R,Cerebelum_4_5_R,0.0,0.0,0.0,0.92
3112,31,44,32,45,0.009431576648254485,0.013192035866444048,0.0073314098866042645,4029,Cingulum_Ant_R,Cuneus_L,0.0,0.0,0.0,0.76
1921,18,23,19,24,0.004975926022274542,0.01318393460441107,0.004581120525822418,4030,Supp_Motor_Area_L,Frontal_Sup_Medial_R,0.0,0.0,0.0,0.62
731,6,63,7,64,-0.011564307950173755,0.01317320462833781,0.006786090760075443,4031,Frontal_Mid_L,SupraMarginal_R,0.0,0.0,0.0,0.78
2372,22,96,23,97,-0.011446648938301949,0.01316545032293074,0.007987387672653744,4032,Frontal_Sup_Medial_L,Cerebelum_4_5_L,0.0,0.0,0.0,0.92
6664,112,113,113,114,0.013048655920094918,0.013163387383902795,0.00971004879540591,4033,Vermis_7,Vermis_8,0.0,0.0,0.0,0.9
569,5,10,6,11,-0.01279791665509514,0.01316067085256179,0.010326686726327604,4034,Frontal_Sup_Orb_R,Frontal_Inf_Oper_L,0.0,0.0,0.0,0.9
6498,96,115,97,116,0.012148953523605614,0.013159113496309292,0.0050310741445705135,4035,Cerebelum_4_5_L,Vermis_10,0.0,0.0,0.0,0.84
2671,26,33,27,34,-0.008949097952985523,0.013157242618743433,0.008160661485798276,4036,Rectus_L,Cingulum_Mid_R,0.0,0.0,0.0,0.72
2502,24,43,25,44,-0.012785935160500575,0.013156874116812321,0.011699944389524911,4037,Frontal_Med_Orb_L,Calcarine_R,0.0,0.0,0.0,0.98
4148,44,79,45,80,0.013093510625974919,0.01313921612827487,0.008178832778175082,4038,Cuneus_L,Heschl_R,0.0,0.0,0.0,0.94
5091,59,77,60,78,-0.010827733541927103,0.013135729323908473,0.009674399579392808,4039,Parietal_Sup_R,Thalamus_R,0.0,0.0,0.0,0.84
3895,41,42,42,43,-0.013131400036865401,0.013131400036865401,0.01285425595800537,4040,Amygdala_R,Calcarine_L,0.0,0.0,0.0,1.0
5730,72,79,73,80,0.009464568725609744,0.013129213081327222,0.009123395845003013,4041,Putamen_L,Heschl_R,0.0,0.0,0.0,0.8
3853,40,74,41,75,0.010183732360312446,0.013119452531386628,0.0046584128917424375,4042,Amygdala_L,Pallidum_L,0.0,0.0,0.0,0.64
4070,43,72,44,73,0.012977974930953371,0.013115985427924868,0.00926980571779431,4043,Calcarine_R,Putamen_L,0.0,0.0,0.0,0.98
1251,11,53,12,54,0.0075937919685865095,0.013112653613084637,0.008251558365458798,4044,Frontal_Inf_Oper_R,Occipital_Inf_R,0.0,0.0,0.0,0.58
1174,10,80,11,81,-0.01120991707995783,0.01311108422272527,0.009152688508832161,4045,Frontal_Inf_Oper_L,Temporal_Sup_L,0.0,0.0,0.0,0.86
827,7,51,8,52,-0.012962592092430671,0.013106273708989577,0.010436771382266823,4046,Frontal_Mid_R,Occipital_Mid_R,0.0,0.0,0.0,0.94
1448,13,45,14,46,-0.004483015508264175,0.013084003413267794,0.008582216488776632,4047,Frontal_Inf_Tri_R,Cuneus_R,0.0,0.0,0.0,0.7
4325,47,49,48,50,-0.012926023654364897,0.013071506619420557,0.006916067610150881,4048,Lingual_R,Occipital_Sup_R,0.0,0.0,0.0,0.94
3233,32,82,33,83,0.0013190863036292677,0.013070919393906012,0.0069532556233397515,4049,Cingulum_Mid_L,Temporal_Pole_Sup_L,0.0,0.0,0.0,0.7
4172,44,103,45,104,0.011234695031199423,0.013061002670635959,0.006621532823301916,4050,Cuneus_L,Cerebelum_8_R,0.0,0.0,0.0,0.78
4094,43,96,44,97,-0.013059851007569113,0.013059851007569113,0.009486069291089517,4051,Calcarine_R,Cerebelum_4_5_L,0.0,0.0,0.0,1.0
155,1,42,2,43,-0.013059356554887087,0.013059356554887087,0.007230039476457242,4052,Precentral_R,Calcarine_L,0.0,0.0,0.0,1.0
5077,59,63,60,64,-0.011913306997176519,0.013045310249710656,0.009772592357730871,4053,Parietal_Sup_R,SupraMarginal_R,0.0,0.0,0.0,0.86
3186,32,35,33,36,0.01055338879685961,0.013042586839525163,0.005666551809417778,4054,Cingulum_Mid_L,Cingulum_Post_R,0.0,0.0,0.0,0.68
2471,23,103,24,104,0.004420065845720993,0.01304073470168574,0.00711147980681444,4055,Frontal_Sup_Medial_R,Cerebelum_8_R,0.0,0.0,0.0,0.66
728,6,60,7,61,0.011509052206052703,0.013038907573223629,0.007462482940950076,4056,Frontal_Mid_L,Parietal_Inf_L,0.0,0.0,0.0,0.8
1855,17,54,18,55,-0.013037014462777663,0.013037014462777663,0.010316175804458736,4057,Rolandic_Oper_R,Fusiform_L,0.0,0.0,0.0,1.0
225,1,112,2,113,0.01294287406496167,0.013030208529155953,0.012355724331032887,4058,Precentral_R,Vermis_7,0.0,0.0,0.0,0.94
770,6,102,7,103,-0.012170979857316426,0.013028867204612975,0.00827216788246239,4059,Frontal_Mid_L,Cerebelum_8_L,0.0,0.0,0.0,0.8
1919,18,21,19,22,-0.013028071079500811,0.013028071079500811,0.013617005507798801,4060,Supp_Motor_Area_L,Olfactory_R,0.0,0.0,0.0,1.0
677,6,9,7,10,0.012569166876545803,0.01302575828174393,0.008992374149633447,4061,Frontal_Mid_L,Frontal_Mid_Orb_R,0.0,0.0,0.0,0.94
3123,31,55,32,56,0.012421689565229018,0.0130244734176119,0.005955553674306369,4062,Cingulum_Ant_R,Fusiform_R,0.0,0.0,0.0,0.84
5098,59,84,60,85,0.007526261637558461,0.01301084741622267,0.009041961876895849,4063,Parietal_Sup_R,Temporal_Mid_L,0.0,0.0,0.0,0.62
1642,15,38,16,39,0.008277925447857942,0.013009121331666297,0.006171710344881421,4064,Frontal_Inf_Orb_R,ParaHippocampal_L,0.0,0.0,0.0,0.78
3124,31,56,32,57,0.008135693443678533,0.013006547591524895,0.005070118796333154,4065,Cingulum_Ant_R,Postcentral_L,0.0,0.0,0.0,0.52
5599,69,80,70,81,-6.90280528942707e-05,0.012999535761282132,0.0070886728605932085,4066,Paracentral_Lobule_R,Temporal_Sup_L,0.0,0.0,0.0,0.62
6287,87,111,88,112,0.0003922577613172514,0.012997478370184579,0.007549758811289907,4067,Temporal_Pole_Mid_R,Vermis_6,0.0,0.0,0.0,0.78
5676,70,112,71,113,-0.010248097521433902,0.012994274015968072,0.009145291764019629,4068,Caudate_L,Vermis_7,0.0,0.0,0.0,0.92
5544,68,71,69,72,-0.01075190002528267,0.012972608941292055,0.0054191576602117125,4069,Paracentral_Lobule_L,Caudate_R,0.0,0.0,0.0,0.8
4627,51,89,52,90,0.01225546383850006,0.012962339031549464,0.008058604492538837,4070,Occipital_Mid_R,Temporal_Inf_R,0.0,0.0,0.0,0.92
4462,49,53,50,54,-0.01244702569940705,0.012959597489835568,0.008981601869920438,4071,Occipital_Sup_R,Occipital_Inf_R,0.0,0.0,0.0,0.96
774,6,106,7,107,-0.010655380538799523,0.012955314859865386,0.00793712196589252,4072,Frontal_Mid_L,Cerebelum_10_L,0.0,0.0,0.0,0.68
1550,14,46,15,47,0.012846222731581678,0.012952196534619058,0.008523703052657533,4073,Frontal_Inf_Orb_L,Lingual_L,0.0,0.0,0.0,0.94
1175,10,81,11,82,0.008434116673712489,0.012949585236268437,0.00809902166036032,4074,Frontal_Inf_Oper_L,Temporal_Sup_R,0.0,0.0,0.0,0.66
3842,40,63,41,64,-0.006777092663209824,0.012938920526859304,0.007736007178029232,4075,Amygdala_L,SupraMarginal_R,0.0,0.0,0.0,0.74
4445,48,102,49,103,-0.01293108503057968,0.01293510134471441,0.008099817747520388,4076,Occipital_Sup_L,Cerebelum_8_L,0.0,0.0,0.0,0.98
2865,28,52,29,53,0.011638816408569692,0.012926286500307298,0.005142818894411617,4077,Insula_L,Occipital_Inf_L,0.0,0.0,0.0,0.78
2935,29,36,30,37,-0.00010020358237102685,0.01291725272002009,0.006868235231611987,4078,Insula_R,Hippocampus_L,0.0,0.0,0.0,0.56
4022,42,96,43,97,-0.012916716721314584,0.012916716721314584,0.011237455221019769,4079,Calcarine_L,Cerebelum_4_5_L,0.0,0.0,0.0,1.0
5525,67,99,68,100,0.00380506789319087,0.012913901914257942,0.007293544952069049,4080,Precuneus_R,Cerebelum_6_R,0.0,0.0,0.0,0.7
1454,13,51,14,52,-0.009292916052183915,0.0129049282132589,0.00977066965409186,4081,Frontal_Inf_Tri_R,Occipital_Mid_R,0.0,0.0,0.0,0.9
1751,16,48,17,49,0.012086467556309776,0.012904600217198454,0.0073499034275842125,4082,Rolandic_Oper_L,Occipital_Sup_L,0.0,0.0,0.0,0.76
2050,19,56,20,57,-0.006405645498633218,0.012898440659327916,0.009796007346707351,4083,Supp_Motor_Area_R,Postcentral_L,0.0,0.0,0.0,0.82
5577,68,104,69,105,-0.011021676064009375,0.012889368370121968,0.010605122206974885,4084,Paracentral_Lobule_L,Cerebelum_9_L,0.0,0.0,0.0,0.84
1443,13,40,14,41,0.00878559626802347,0.012885117986110039,0.004532789154164225,4085,Frontal_Inf_Tri_R,Amygdala_L,0.0,0.0,0.0,0.56
4281,46,73,47,74,0.011926529407505784,0.012883673249181533,0.009695093214324702,4086,Lingual_L,Putamen_R,0.0,0.0,0.0,0.94
3198,32,47,33,48,0.012093401179643519,0.012882073886316004,0.008336950871989978,4087,Cingulum_Mid_L,Lingual_R,0.0,0.0,0.0,0.92
4279,46,71,47,72,0.011735349204547735,0.01287855862835698,0.0074037161896915935,4088,Lingual_L,Caudate_R,0.0,0.0,0.0,0.88
5070,58,112,59,113,-0.012730564202949466,0.01287435048714895,0.012999270017485087,4089,Parietal_Sup_L,Vermis_7,0.0,0.0,0.0,0.96
795,7,19,8,20,0.0046023492292978216,0.012871319276399678,0.010698053524821376,4090,Frontal_Mid_R,Supp_Motor_Area_R,0.0,0.0,0.0,0.5
2310,22,34,23,35,-0.005435601197255026,0.012856609651554319,0.00760634133213685,4091,Frontal_Sup_Medial_L,Cingulum_Post_L,0.0,0.0,0.0,0.8
1757,16,54,17,55,-0.012435937051328436,0.012841215302063495,0.009835500440104655,4092,Rolandic_Oper_L,Fusiform_L,0.0,0.0,0.0,0.98
3238,32,87,33,88,-0.004903572512363431,0.012835392979611494,0.008426217952849452,4093,Cingulum_Mid_L,Temporal_Pole_Mid_R,0.0,0.0,0.0,0.64
3228,32,77,33,78,-0.00014519292928600374,0.012834947701416672,0.006560121509997926,4094,Cingulum_Mid_L,Thalamus_R,0.0,0.0,0.0,0.54
1629,15,25,16,26,0.0029695004846837314,0.012834152039299893,0.007797000071790259,4095,Frontal_Inf_Orb_R,Frontal_Med_Orb_R,0.0,0.0,0.0,0.54
6619,105,110,106,111,0.012658108188760942,0.012828461799471488,0.008101813264392127,4096,Cerebelum_9_R,Vermis_4_5,0.0,0.0,0.0,0.92
804,7,28,8,29,0.004237619245936695,0.012823839232946563,0.010370594620277174,4097,Frontal_Mid_R,Insula_L,0.0,0.0,0.0,0.52
5512,67,86,68,87,-0.008756635134974097,0.012815260671359303,0.009318937464896607,4098,Precuneus_R,Temporal_Pole_Mid_L,0.0,0.0,0.0,0.86
5131,60,62,61,63,-0.0115775671058672,0.012814316090314132,0.00745627824220444,4099,Parietal_Inf_L,SupraMarginal_L,0.0,0.0,0.0,0.8
3576,36,103,37,104,0.010313799107876416,0.01281251667359117,0.006914214779995886,4100,Hippocampus_L,Cerebelum_8_R,0.0,0.0,0.0,0.78
4762,53,99,54,100,0.010423337382203841,0.012804514593985537,0.008572917445461063,4101,Occipital_Inf_R,Cerebelum_6_R,0.0,0.0,0.0,0.82
5977,78,89,79,90,0.011319660488435065,0.0128040014253819,0.008361393988835918,4102,Heschl_L,Temporal_Inf_R,0.0,0.0,0.0,0.86
5282,62,106,63,107,-0.010697708895154413,0.012793288053158446,0.007755715223606045,4103,SupraMarginal_L,Cerebelum_10_L,0.0,0.0,0.0,0.76
245,2,19,3,20,-0.011640444739644942,0.012790148020246007,0.009436714140570089,4104,Frontal_Sup_L,Supp_Motor_Area_R,0.0,0.0,0.0,0.84
137,1,24,2,25,-0.012365095480375076,0.012789731842998446,0.008672786571291573,4105,Precentral_R,Frontal_Med_Orb_L,0.0,0.0,0.0,0.92
5631,69,112,70,113,0.01269247182586344,0.012766398311092499,0.01252305020755894,4106,Paracentral_Lobule_R,Vermis_7,0.0,0.0,0.0,0.92
213,1,100,2,101,-0.006732102124843094,0.012758738447674962,0.00541373554691689,4107,Precentral_R,Cerebelum_7b_L,0.0,0.0,0.0,0.62
1537,14,33,15,34,-0.001342558280910504,0.012748857911329736,0.006264025758656795,4108,Frontal_Inf_Orb_L,Cingulum_Mid_R,0.0,0.0,0.0,0.78
1558,14,54,15,55,0.012285300470863807,0.01274640143468453,0.0071002098755371095,4109,Frontal_Inf_Orb_L,Fusiform_L,0.0,0.0,0.0,0.92
1179,10,85,11,86,0.009285907154937479,0.012743586941038281,0.009406939424863571,4110,Frontal_Inf_Oper_L,Temporal_Mid_R,0.0,0.0,0.0,0.66
4384,47,108,48,109,-0.01273834101717382,0.01273834101717382,0.01105295753077237,4111,Lingual_R,Vermis_1_2,0.0,0.0,0.0,1.0
3196,32,45,33,46,0.012165624726882979,0.012733670597033597,0.008109356273414805,4112,Cingulum_Mid_L,Cuneus_R,0.0,0.0,0.0,0.88
6120,82,94,83,95,0.004954705254281748,0.01273041627390429,0.00901929487200277,4113,Temporal_Pole_Sup_L,Cerebelum_3_L,0.0,0.0,0.0,0.7
2191,20,102,21,103,-0.012729426869937522,0.012729426869937522,0.010268422356305883,4114,Olfactory_L,Cerebelum_8_L,0.0,0.0,0.0,1.0
3997,42,71,43,72,0.012721963973232395,0.012725969117910584,0.008144744567772687,4115,Calcarine_L,Caudate_R,0.0,0.0,0.0,0.98
2722,26,84,27,85,-0.006099432405379337,0.012725430730822778,0.009054435716864694,4116,Rectus_L,Temporal_Mid_L,0.0,0.0,0.0,0.54
3654,37,103,38,104,0.008903052975400026,0.012719121286096534,0.008603141325606805,4117,Hippocampus_R,Cerebelum_8_R,0.0,0.0,0.0,0.84
1041,9,52,10,53,-0.011965885536865405,0.012718194233778252,0.00733185373161796,4118,Frontal_Mid_Orb_R,Occipital_Inf_L,0.0,0.0,0.0,0.9
2010,18,112,19,113,-0.010910904336176369,0.012717110303485338,0.008881403400486588,4119,Supp_Motor_Area_L,Vermis_7,0.0,0.0,0.0,0.86
3028,30,44,31,45,-0.0008672480619671368,0.012714121389977946,0.007411146401262148,4120,Cingulum_Ant_L,Cuneus_L,0.0,0.0,0.0,0.64
2102,19,108,20,109,-0.012332920936349676,0.012704128507148976,0.007984539079763577,4121,Supp_Motor_Area_R,Vermis_1_2,0.0,0.0,0.0,0.96
5719,71,111,72,112,-0.004739320679992446,0.012702924332356993,0.007701852328757814,4122,Caudate_R,Vermis_6,0.0,0.0,0.0,0.82
4375,47,99,48,100,0.012210117971118073,0.012696316316234768,0.008955290790746697,4123,Lingual_R,Cerebelum_6_R,0.0,0.0,0.0,0.94
2570,24,111,25,112,-0.0009602959161276361,0.012690309031296934,0.0075929952715504175,4124,Frontal_Med_Orb_L,Vermis_6,0.0,0.0,0.0,0.62
3838,40,59,41,60,-0.012320867805848785,0.012667247353128717,0.010868531461480636,4125,Amygdala_L,Parietal_Sup_R,0.0,0.0,0.0,0.9
4722,53,59,54,60,-0.012338192338910996,0.012658522207741486,0.012434363105367732,4126,Occipital_Inf_R,Parietal_Sup_R,0.0,0.0,0.0,0.92
3578,36,105,37,106,-0.005309893309645786,0.012657644981402687,0.005832906015162554,4127,Hippocampus_L,Cerebelum_9_R,0.0,0.0,0.0,0.52
5485,66,107,67,108,0.0038883977727150643,0.012635532257309927,0.004368051667535776,4128,Precuneus_L,Cerebelum_10_R,0.0,0.0,0.0,0.7
1054,9,65,10,66,0.01086175774803548,0.012634618300541916,0.011918425600000254,4129,Frontal_Mid_Orb_R,Angular_R,0.0,0.0,0.0,0.86
3660,37,109,38,110,-0.012393154252342876,0.01263112469497175,0.007122181297240229,4130,Hippocampus_R,Vermis_3,0.0,0.0,0.0,0.98
2726,26,88,27,89,0.0024309574086215898,0.012626918029560959,0.008261328896587749,4131,Rectus_L,Temporal_Inf_L,0.0,0.0,0.0,0.56
2227,21,44,22,45,-0.012622067551248041,0.012622067551248041,0.01226132837510465,4132,Olfactory_R,Cuneus_L,0.0,0.0,0.0,1.0
2723,26,85,27,86,0.006430521280589372,0.012607799051195133,0.007139990103413523,4133,Rectus_L,Temporal_Mid_R,0.0,0.0,0.0,0.68
51,0,52,1,53,0.011709145256322192,0.012606986487551571,0.005819892593476086,4134,Precentral_L,Occipital_Inf_L,0.0,0.0,0.0,0.76
3932,41,79,42,80,-0.012566688201525313,0.012599855148753164,0.010286430451916214,4135,Amygdala_R,Heschl_R,0.0,0.0,0.0,0.98
5182,60,113,61,114,-0.011142205159522873,0.01258208228418525,0.007447943792231969,4136,Parietal_Inf_L,Vermis_8,0.0,0.0,0.0,0.86
3938,41,85,42,86,-0.012065081754250284,0.012579085779595926,0.008042114318263729,4137,Amygdala_R,Temporal_Mid_R,0.0,0.0,0.0,0.96
4940,56,97,57,98,0.011628637563539799,0.01256986465191187,0.005887192679426557,4138,Postcentral_L,Cerebelum_4_5_R,0.0,0.0,0.0,0.86
4543,50,69,51,70,-0.012567336920564998,0.012567336920564998,0.007117994313681618,4139,Occipital_Mid_L,Paracentral_Lobule_R,0.0,0.0,0.0,1.0
5031,58,73,59,74,-0.012423775144664388,0.0125647440726152,0.01279119535422855,4140,Parietal_Sup_L,Putamen_R,0.0,0.0,0.0,0.96
5496,67,70,68,71,0.0015772345029558923,0.0125566099828638,0.0065105950725581644,4141,Precuneus_R,Caudate_L,0.0,0.0,0.0,0.5
1857,17,56,18,57,0.011666591324762532,0.012551441263875753,0.00870835224212079,4142,Rolandic_Oper_R,Postcentral_L,0.0,0.0,0.0,0.92
465,4,16,5,17,-0.011656644382953456,0.012543124535302175,0.007993493563278446,4143,Frontal_Sup_Orb_L,Rolandic_Oper_L,0.0,0.0,0.0,0.94
4173,44,104,45,105,-0.0037088743700310015,0.012537830982486007,0.006194897990707363,4144,Cuneus_L,Cerebelum_9_L,0.0,0.0,0.0,0.58
3946,41,93,42,94,-0.006925838637383187,0.012536351733588282,0.005030552429955351,4145,Amygdala_R,Cerebelum_Crus2_R,0.0,0.0,0.0,0.62
1514,13,111,14,112,-0.0021711260903947626,0.012532665306470181,0.00886910801959047,4146,Frontal_Inf_Tri_R,Vermis_6,0.0,0.0,0.0,0.74
1055,9,66,10,67,0.002252453672385,0.012531190456163233,0.00697661381043083,4147,Frontal_Mid_Orb_R,Precuneus_L,0.0,0.0,0.0,0.58
1097,9,108,10,109,-0.006305071489103435,0.012525151757672255,0.0064698225536386975,4148,Frontal_Mid_Orb_R,Vermis_1_2,0.0,0.0,0.0,0.78
2401,23,33,24,34,0.00038516253362228615,0.012520070820692984,0.006601709859341805,4149,Frontal_Sup_Medial_R,Cingulum_Mid_R,0.0,0.0,0.0,0.56
3619,37,68,38,69,-0.008357798200268003,0.0125187040633734,0.008239707029814795,4150,Hippocampus_R,Paracentral_Lobule_L,0.0,0.0,0.0,0.86
1808,16,105,17,106,0.011082179057845696,0.012516720677709044,0.0069056882074484335,4151,Rolandic_Oper_L,Cerebelum_9_R,0.0,0.0,0.0,0.9
4251,45,112,46,113,0.012491184342122317,0.012512213168304052,0.009369493437073155,4152,Cuneus_R,Vermis_7,0.0,0.0,0.0,0.96
3285,33,52,34,53,0.012176304203133915,0.012507392193328682,0.00601402533212163,4153,Cingulum_Mid_R,Occipital_Inf_L,0.0,0.0,0.0,0.94
5259,62,83,63,84,0.010808377769468313,0.01250414045621548,0.007114582292524234,4154,SupraMarginal_L,Temporal_Pole_Sup_R,0.0,0.0,0.0,0.76
4438,48,95,49,96,0.011588746045309377,0.012498251216733883,0.009157126562986312,4155,Occipital_Sup_L,Cerebelum_3_R,0.0,0.0,0.0,0.86
1924,18,26,19,27,-0.004840411779891477,0.012494929760141278,0.006399060256863846,4156,Supp_Motor_Area_L,Rectus_L,0.0,0.0,0.0,0.54
3741,38,113,39,114,0.012358958079627093,0.012492029759534425,0.010175397394716991,4157,ParaHippocampal_L,Vermis_8,0.0,0.0,0.0,0.98
499,4,50,5,51,0.012361161333165328,0.012490278094468826,0.007602292023550261,4158,Frontal_Sup_Orb_L,Occipital_Mid_L,0.0,0.0,0.0,0.94
2721,26,83,27,84,0.0003549295840419753,0.012487918269099492,0.005381995194831138,4159,Rectus_L,Temporal_Pole_Sup_R,0.0,0.0,0.0,0.58
4224,45,85,46,86,0.007106071657441255,0.012472196300044798,0.007517889826008083,4160,Cuneus_R,Temporal_Mid_R,0.0,0.0,0.0,0.72
318,2,92,3,93,-0.011456477151834461,0.012459311116835623,0.006348787383667596,4161,Frontal_Sup_L,Cerebelum_Crus2_L,0.0,0.0,0.0,0.82
6622,105,113,106,114,-0.011885516213989566,0.012454829664467214,0.006456838445202211,4162,Cerebelum_9_R,Vermis_8,0.0,0.0,0.0,0.88
327,2,101,3,102,0.010418761084071283,0.012452220563317424,0.006890958058870858,4163,Frontal_Sup_L,Cerebelum_7b_R,0.0,0.0,0.02,0.76
4733,53,70,54,71,0.011573119972808575,0.012452142297036504,0.006317371613751939,4164,Occipital_Inf_R,Caudate_L,0.0,0.0,0.0,0.86
4493,49,84,50,85,0.008309484150174951,0.012441354839087268,0.005219175828628012,4165,Occipital_Sup_R,Temporal_Mid_L,0.0,0.0,0.0,0.84
4996,57,95,58,96,0.009454145002174091,0.012440426837076335,0.01004123287987196,4166,Postcentral_R,Cerebelum_3_R,0.0,0.0,0.0,0.78
2142,20,53,21,54,-0.012434478401528457,0.012434478401528457,0.011361494444981971,4167,Olfactory_L,Occipital_Inf_R,0.0,0.0,0.0,1.0
3461,35,67,36,68,-0.0021516532095091512,0.01242766516577388,0.006048038630564131,4168,Cingulum_Post_R,Precuneus_R,0.0,0.0,0.0,0.62
6642,108,109,109,110,-0.012205924575597797,0.012426493987522207,0.006096467199166723,4169,Vermis_1_2,Vermis_3,0.0,0.0,0.0,0.98
4243,45,104,46,105,-0.009152137795959959,0.012426225957856429,0.006788703750664607,4170,Cuneus_R,Cerebelum_9_L,0.0,0.0,0.0,0.6
4812,54,88,55,89,0.00781098663898682,0.01242386074233185,0.005096947602183949,4171,Fusiform_L,Temporal_Inf_L,0.0,0.0,0.0,0.64
4433,48,90,49,91,-0.007917243763624075,0.012422719329398521,0.006068590370890964,4172,Occipital_Sup_L,Cerebelum_Crus1_L,0.0,0.0,0.0,0.62
410,3,72,4,73,0.01228414212707079,0.012421590973312302,0.011615491356820521,4173,Frontal_Sup_R,Putamen_L,0.0,0.0,0.0,0.94
1360,12,59,13,60,-0.011795772305098652,0.012420623772150207,0.009306049127312258,4174,Frontal_Inf_Tri_L,Parietal_Sup_R,0.0,0.0,0.0,0.9
1616,14,112,15,113,-0.011663935271491383,0.012419868027115978,0.007819206478275241,4175,Frontal_Inf_Orb_L,Vermis_7,0.0,0.0,0.0,0.94
3983,42,57,43,58,-0.01241835698166485,0.01241835698166485,0.011555873659778917,4176,Calcarine_L,Postcentral_R,0.0,0.0,0.0,1.0
5201,61,78,62,79,0.011581566850948632,0.012414608460461123,0.00972022809552126,4177,Parietal_Inf_R,Heschl_L,0.0,0.0,0.0,0.84
5226,61,103,62,104,-0.01095541110552812,0.012412348157542785,0.008545604041981882,4178,Parietal_Inf_R,Cerebelum_8_R,0.0,0.0,0.0,0.74
2505,24,46,25,47,-0.009028586825992575,0.012404517378211584,0.008830566032363187,4179,Frontal_Med_Orb_L,Lingual_L,0.0,0.0,0.0,0.92
232,2,6,3,7,0.003953503228841889,0.012403779014120679,0.006013843723237633,4180,Frontal_Sup_L,Frontal_Mid_L,0.0,0.0,0.02,0.6
6546,99,112,100,113,0.011234829940296178,0.01240124889122101,0.005286298649866267,4181,Cerebelum_6_R,Vermis_7,0.0,0.0,0.0,0.82
2002,18,104,19,105,0.0015910093330330864,0.012400496094604778,0.008933283486555463,4182,Supp_Motor_Area_L,Cerebelum_9_L,0.0,0.0,0.0,0.5
1782,16,79,17,80,0.012274245073304445,0.012398674493027045,0.010519725620065042,4183,Rolandic_Oper_L,Heschl_R,0.0,0.0,0.0,0.96
1544,14,40,15,41,0.011814184826356777,0.012397067432912651,0.004167116624488944,4184,Frontal_Inf_Orb_L,Amygdala_L,0.0,0.0,0.0,0.84
1655,15,51,16,52,-0.01228124070475349,0.012396910308385937,0.009013037023107311,4185,Frontal_Inf_Orb_R,Occipital_Mid_R,0.0,0.0,0.0,0.98
6234,85,115,86,116,-0.0034510017239690093,0.012390381756583442,0.008225638011315702,4186,Temporal_Mid_R,Vermis_10,0.0,0.0,0.0,0.72
1542,14,38,15,39,0.005689274829244934,0.012388855087465886,0.008158517130844237,4187,Frontal_Inf_Orb_L,ParaHippocampal_L,0.0,0.0,0.0,0.74
680,6,12,7,13,-0.010769125008332414,0.01238230791802006,0.006787862899715358,4188,Frontal_Mid_L,Frontal_Inf_Tri_L,0.0,0.0,0.0,0.74
4315,46,107,47,108,-0.006710284399953236,0.012361410949453469,0.010018485244191298,4189,Lingual_L,Cerebelum_10_R,0.0,0.0,0.0,0.82
1192,10,98,11,99,-0.010608415425349193,0.012357423150545652,0.008671514761205711,4190,Frontal_Inf_Oper_L,Cerebelum_6_L,0.0,0.0,0.0,0.84
1098,9,109,10,110,-0.011883274082421257,0.012357078343384014,0.003947342137614258,4191,Frontal_Mid_Orb_R,Vermis_3,0.0,0.0,0.0,0.88
4949,56,106,57,107,-0.0065696580365096615,0.012355758045749857,0.007849298990065812,4192,Postcentral_L,Cerebelum_10_L,0.0,0.0,0.0,0.78
891,7,115,8,116,-0.01219913873597245,0.012354112297634619,0.010981875712174871,4193,Frontal_Mid_R,Vermis_10,0.0,0.0,0.0,0.94
3761,39,57,40,58,0.012243476489475935,0.012353397348686908,0.010160831299903764,4194,ParaHippocampal_R,Postcentral_R,0.0,0.0,0.0,0.98
2178,20,89,21,90,-0.01234956104452845,0.01234956104452845,0.012009597605873914,4195,Olfactory_L,Temporal_Inf_R,0.0,0.0,0.0,1.0
244,2,18,3,19,-0.011283482176010738,0.01234919325195003,0.008409919099360775,4196,Frontal_Sup_L,Supp_Motor_Area_L,0.0,0.0,0.0,0.84
4809,54,85,55,86,0.010583085730331888,0.012346841626563066,0.006184000955493303,4197,Fusiform_L,Temporal_Mid_R,0.0,0.0,0.0,0.78
3817,39,113,40,114,0.012170852384520566,0.012346285045698957,0.008372235528901012,4198,ParaHippocampal_R,Vermis_8,0.0,0.0,0.0,0.98
2662,25,113,26,114,0.008654401292806486,0.01234478036935323,0.007702689218322393,4199,Frontal_Med_Orb_R,Vermis_8,0.0,0.0,0.0,0.9
3188,32,37,33,38,0.009315995814398024,0.012329346531816367,0.007762391483832674,4200,Cingulum_Mid_L,Hippocampus_R,0.0,0.0,0.0,0.8
129,1,16,2,17,0.012316157885568968,0.012327581537620685,0.006843154123555208,4201,Precentral_R,Rolandic_Oper_L,0.0,0.0,0.0,0.96
5443,65,114,66,115,0.011459689554193029,0.012326723083119535,0.01215793306227897,4202,Angular_R,Vermis_9,0.0,0.0,0.0,0.92
4240,45,101,46,102,0.009595213559330957,0.012323792499895679,0.00570786488698119,4203,Cuneus_R,Cerebelum_7b_R,0.0,0.0,0.0,0.76
3225,32,74,33,75,-0.004049445602183577,0.012322156998360326,0.005154448305154106,4204,Cingulum_Mid_L,Pallidum_L,0.0,0.0,0.0,0.54
181,1,68,2,69,-0.009981306391281558,0.012316004966741343,0.007894883298372155,4205,Precentral_R,Paracentral_Lobule_L,0.0,0.0,0.0,0.88
2043,19,49,20,50,-0.010096924156825306,0.012314536730447401,0.005819099725501312,4206,Supp_Motor_Area_R,Occipital_Sup_R,0.0,0.0,0.0,0.82
128,1,15,2,16,0.01055291424026112,0.012310512048992153,0.00624758663229393,4207,Precentral_R,Frontal_Inf_Orb_R,0.0,0.0,0.0,0.86
5480,66,102,67,103,-0.008672251520075763,0.012308120260057289,0.005805454664797853,4208,Precuneus_L,Cerebelum_8_L,0.0,0.0,0.0,0.7
2228,21,45,22,46,-0.012304478880709567,0.012304478880709567,0.01251830856145256,4209,Olfactory_R,Cuneus_R,0.0,0.0,0.0,1.0
5043,58,85,59,86,-0.011920445371091416,0.012303887146104706,0.012991970963622188,4210,Parietal_Sup_L,Temporal_Mid_R,0.0,0.0,0.0,0.9
3910,41,57,42,58,-0.012244451989364424,0.01230127781783461,0.01131233291420371,4211,Amygdala_R,Postcentral_R,0.0,0.0,0.0,0.98
4286,46,78,47,79,-0.012235868354402537,0.012299789498133198,0.008626831850652605,4212,Lingual_L,Heschl_L,0.0,0.0,0.0,0.96
756,6,88,7,89,0.010740627815815538,0.01229326879620955,0.007897068303546282,4213,Frontal_Mid_L,Temporal_Inf_L,0.0,0.0,0.0,0.76
4085,43,87,44,88,-0.012240532570363718,0.012287355488277016,0.00787695448153689,4214,Calcarine_R,Temporal_Pole_Mid_R,0.0,0.0,0.0,0.96
4021,42,95,43,96,-0.012277356268785684,0.01227902808873756,0.006375841834499943,4215,Calcarine_L,Cerebelum_3_R,0.0,0.0,0.0,0.98
3025,30,41,31,42,-0.0003896426767438685,0.012278221910103082,0.009398029353383474,4216,Cingulum_Ant_L,Amygdala_R,0.0,0.0,0.0,0.6
4695,52,94,53,95,0.011950658476503284,0.012276968083550784,0.0070603963897053305,4217,Occipital_Inf_L,Cerebelum_3_L,0.0,0.0,0.0,0.94
735,6,67,7,68,-0.01105171476240482,0.012262969661052066,0.0070336799541347705,4218,Frontal_Mid_L,Precuneus_R,0.0,0.0,0.0,0.8
316,2,90,3,91,-0.011000405251336482,0.012257229863632193,0.007819635206441387,4219,Frontal_Sup_L,Cerebelum_Crus1_L,0.0,0.0,0.0,0.8
423,3,85,4,86,-0.004611824218573742,0.012249702333685965,0.008145925293656379,4220,Frontal_Sup_R,Temporal_Mid_R,0.0,0.0,0.0,0.52
4708,52,107,53,108,0.010780736293448279,0.012249003474315599,0.0068428838260512145,4221,Occipital_Inf_L,Cerebelum_10_R,0.0,0.0,0.0,0.86
6557,100,108,101,109,0.010223184845484292,0.012238032318410936,0.004480520238929201,4222,Cerebelum_7b_L,Vermis_1_2,0.0,0.0,0.0,0.76
2236,21,53,22,54,-0.012237912198193748,0.012237912198193748,0.0115880181387878,4223,Olfactory_R,Occipital_Inf_R,0.0,0.0,0.0,1.0
1859,17,58,18,59,-0.012098767385499079,0.012237742610885095,0.011631733747643003,4224,Rolandic_Oper_R,Parietal_Sup_L,0.0,0.0,0.0,0.94
4824,54,100,55,101,-0.010771295033535048,0.012237110876540048,0.006850459781254958,4225,Fusiform_L,Cerebelum_7b_L,0.0,0.0,0.0,0.82
686,6,18,7,19,0.010505998309258498,0.0122241666728768,0.008990322702188566,4226,Frontal_Mid_L,Supp_Motor_Area_L,0.0,0.0,0.0,0.76
729,6,61,7,62,0.011206535350200426,0.012216470670878506,0.006359174470366884,4227,Frontal_Mid_L,Parietal_Inf_R,0.0,0.0,0.0,0.78
1206,10,112,11,113,-0.011708900016846524,0.012214350083302907,0.01151077154793368,4228,Frontal_Inf_Oper_L,Vermis_7,0.0,0.0,0.0,0.88
6632,106,114,107,115,-0.011662228991389802,0.012214277314484892,0.005497614346697261,4229,Cerebelum_10_L,Vermis_9,0.0,0.0,0.0,0.86
3877,40,98,41,99,0.007583443377879183,0.012209154254446386,0.006891043791335272,4230,Amygdala_L,Cerebelum_6_L,0.0,0.0,0.0,0.52
1447,13,44,14,45,-0.008914967292291524,0.012207666632453651,0.007923472596271623,4231,Frontal_Inf_Tri_R,Cuneus_L,0.0,0.0,0.0,0.82
702,6,34,7,35,-0.011335434747349,0.01220756268890584,0.008384170074694584,4232,Frontal_Mid_L,Cingulum_Post_L,0.0,0.0,0.0,0.84
3032,30,48,31,49,0.0019992507721165675,0.01220519843253931,0.005411528643448694,4233,Cingulum_Ant_L,Occipital_Sup_L,0.0,0.0,0.0,0.56
4629,51,91,52,92,-0.011022807992299438,0.012199028511452093,0.00575604325009898,4234,Occipital_Mid_R,Cerebelum_Crus1_R,0.0,0.0,0.0,0.8
3697,38,69,39,70,-0.01083293580078431,0.012196612229982163,0.008688468351523714,4235,ParaHippocampal_L,Paracentral_Lobule_R,0.0,0.0,0.0,0.92
3450,35,56,36,57,-0.009071851430288155,0.012196530412089986,0.009448210154228476,4236,Cingulum_Post_R,Postcentral_L,0.0,0.0,0.0,0.88
1934,18,36,19,37,0.0046909823481476355,0.012196367357558174,0.005561658456402822,4237,Supp_Motor_Area_L,Hippocampus_L,0.0,0.0,0.0,0.64
4198,45,59,46,60,-0.011976912046661722,0.012192660936102152,0.010856798306684273,4238,Cuneus_R,Parietal_Sup_R,0.0,0.0,0.0,0.94
835,7,59,8,60,-0.008042632720425734,0.012186649756876382,0.010083182611401155,4239,Frontal_Mid_R,Parietal_Sup_R,0.0,0.0,0.0,0.78
2218,21,35,22,36,-0.01218076448627094,0.01218170922173269,0.0112313665836086,4240,Olfactory_R,Cingulum_Post_R,0.0,0.0,0.0,0.98
1359,12,58,13,59,0.0059213433002526,0.012179647009187989,0.008267133978891315,4241,Frontal_Inf_Tri_L,Parietal_Sup_L,0.0,0.0,0.0,0.54
3944,41,91,42,92,0.007476855865401132,0.012178208214721797,0.0066014759336291496,4242,Amygdala_R,Cerebelum_Crus1_R,0.0,0.0,0.0,0.7
412,3,74,4,75,0.011610979186891413,0.012176781263314068,0.00970704328568894,4243,Frontal_Sup_R,Pallidum_L,0.0,0.0,0.0,0.94
4768,53,105,54,106,-0.01149625203167119,0.01217095742328792,0.007167007314810387,4244,Occipital_Inf_R,Cerebelum_9_R,0.0,0.0,0.0,0.86
500,4,51,5,52,0.011818772718721693,0.012163298039497299,0.006397733547881009,4245,Frontal_Sup_Orb_L,Occipital_Mid_R,0.0,0.0,0.0,0.84
4232,45,93,46,94,0.010071772682569124,0.012147754118569512,0.006824610645111664,4246,Cuneus_R,Cerebelum_Crus2_R,0.0,0.0,0.0,0.84
1791,16,88,17,89,-0.011390363985076526,0.012146036511356763,0.0070105737264048815,4247,Rolandic_Oper_L,Temporal_Inf_L,0.0,0.0,0.0,0.9
4368,47,92,48,93,-0.00966124058778411,0.012141855979625053,0.0042943777167884474,4248,Lingual_R,Cerebelum_Crus2_L,0.0,0.0,0.0,0.7
890,7,114,8,115,-0.011977382258588383,0.012130936694918402,0.009575092007593655,4249,Frontal_Mid_R,Vermis_9,0.0,0.0,0.0,0.94
2441,23,73,24,74,0.004038102615042427,0.012116720474119005,0.007504732050026075,4250,Frontal_Sup_Medial_R,Putamen_R,0.0,0.0,0.0,0.66
1113,10,19,11,20,0.008454775093878842,0.012110742953195298,0.0075193727173223255,4251,Frontal_Inf_Oper_L,Supp_Motor_Area_R,0.0,0.0,0.0,0.66
3959,41,106,42,107,-0.0019822787341551473,0.01210388029474094,0.006122340421154927,4252,Amygdala_R,Cerebelum_10_L,0.0,0.0,0.0,0.6
2838,27,112,28,113,0.009812730309086555,0.012101424753124283,0.0037280332201544415,4253,Rectus_R,Vermis_7,0.0,0.0,0.0,0.56
6532,98,114,99,115,0.008686593760926443,0.012097882864424137,0.005186189506641639,4254,Cerebelum_6_L,Vermis_9,0.0,0.0,0.0,0.66
671,5,112,6,113,-0.010773265322089024,0.012097668232138328,0.007456253461991103,4255,Frontal_Sup_Orb_R,Vermis_7,0.0,0.0,0.0,0.94
1038,9,49,10,50,0.010999845383381921,0.01209454466450698,0.006576247577844322,4256,Frontal_Mid_Orb_R,Occipital_Sup_R,0.0,0.0,0.0,0.88
427,3,89,4,90,0.01196187657141707,0.012094297682513307,0.010345147700666232,4257,Frontal_Sup_R,Temporal_Inf_R,0.0,0.0,0.0,0.94
6033,79,109,80,110,-0.012093220916283277,0.012093220916283277,0.009930359297827776,4258,Heschl_R,Vermis_3,0.0,0.0,0.0,1.0
3505,35,111,36,112,-0.007324603971547331,0.012091416958203465,0.006603289118705457,4259,Cingulum_Post_R,Vermis_6,0.0,0.0,0.0,0.82
5892,76,79,77,80,0.009636204468866129,0.012083016495465955,0.008706511408469921,4260,Thalamus_L,Heschl_R,0.0,0.0,0.0,0.9
2315,22,39,23,40,-0.011321356428305372,0.012082574835813873,0.007876308400749151,4261,Frontal_Sup_Medial_L,ParaHippocampal_R,0.0,0.0,0.0,0.92
1511,13,108,14,109,-0.00878696668532116,0.012081212914975775,0.007358244584739226,4262,Frontal_Inf_Tri_R,Vermis_1_2,0.0,0.0,0.0,0.9
6602,103,114,104,115,0.010418024051210046,0.012080794668513417,0.005579171441748699,4263,Cerebelum_8_R,Vermis_9,0.0,0.0,0.0,0.78
2961,29,62,30,63,-0.011280399691786043,0.012079615793578427,0.008874475831733874,4264,Insula_R,SupraMarginal_L,0.0,0.0,0.0,0.86
5252,62,76,63,77,-0.010161161780232126,0.01207338442401774,0.006139149775393615,4265,SupraMarginal_L,Thalamus_L,0.0,0.0,0.0,0.76
3792,39,88,40,89,-0.00047325933430113193,0.012067499211362957,0.006152679193510177,4266,ParaHippocampal_R,Temporal_Inf_L,0.0,0.0,0.0,0.58
438,3,100,4,101,0.010579604310823445,0.012060314596726334,0.009848620264145277,4267,Frontal_Sup_R,Cerebelum_7b_L,0.0,0.0,0.0,0.84
2400,23,32,24,33,-0.003001443541330457,0.01205848537404933,0.0038694562692281028,4268,Frontal_Sup_Medial_R,Cingulum_Mid_L,0.0,0.0,0.0,0.54
3388,34,74,35,75,-0.0005829926812437769,0.01205155648375495,0.008063761635637247,4269,Cingulum_Post_L,Pallidum_L,0.0,0.0,0.0,0.66
1341,12,40,13,41,-0.002395844537186277,0.012045896351705561,0.008184219665145927,4270,Frontal_Inf_Tri_L,Amygdala_L,0.0,0.0,0.0,0.7
3043,30,59,31,60,-0.011386736439317613,0.012044225060704685,0.010173855794097304,4271,Cingulum_Ant_L,Parietal_Sup_R,0.0,0.0,0.0,0.84
3926,41,73,42,74,0.006205509603014391,0.012043176850787117,0.007278743656782279,4272,Amygdala_R,Putamen_R,0.0,0.0,0.0,0.66
4479,49,70,50,71,-0.009866284947601589,0.012039734607819869,0.007169084823103199,4273,Occipital_Sup_R,Caudate_L,0.0,0.0,0.0,0.82
2335,22,59,23,60,-0.011649751316941076,0.012033663087718966,0.011695908667534482,4274,Frontal_Sup_Medial_L,Parietal_Sup_R,0.0,0.0,0.0,0.92
345,3,7,4,8,0.009042337164614752,0.012029193575749234,0.00543000448391361,4275,Frontal_Sup_R,Frontal_Mid_R,0.0,0.0,0.02,0.7
3925,41,72,42,73,-0.00015196281313985878,0.012028931284670408,0.005930272794035152,4276,Amygdala_R,Putamen_L,0.0,0.0,0.0,0.5
2591,25,42,26,43,0.01202687534728777,0.012027243187863286,0.0069086540876322124,4277,Frontal_Med_Orb_R,Calcarine_L,0.0,0.0,0.0,0.98
3026,30,42,31,43,0.011342445067239368,0.012017092645202095,0.006604438625509208,4278,Cingulum_Ant_L,Calcarine_L,0.0,0.0,0.0,0.84
207,1,94,2,95,-0.009694877203735993,0.01201458789537026,0.004259047250763527,4279,Precentral_R,Cerebelum_3_L,0.0,0.0,0.0,0.64
6289,87,113,88,114,0.005456255464483564,0.012013802634590958,0.008874655135358634,4280,Temporal_Pole_Mid_R,Vermis_8,0.0,0.0,0.0,0.86
833,7,57,8,58,-0.01186740716580794,0.012013000102934377,0.0101748579339348,4281,Frontal_Mid_R,Postcentral_R,0.0,0.0,0.0,0.94
4175,44,106,45,107,-0.005070512258190298,0.012012097411978187,0.007861750963817702,4282,Cuneus_L,Cerebelum_10_L,0.0,0.0,0.0,0.72
205,1,92,2,93,0.002432776616811325,0.012011799905863643,0.00621401905116745,4283,Precentral_R,Cerebelum_Crus2_L,0.0,0.0,0.0,0.7
6173,83,115,84,116,0.004520223086099207,0.011995800651272695,0.006385925255959815,4284,Temporal_Pole_Sup_R,Vermis_10,0.0,0.0,0.0,0.6
3570,36,97,37,98,-0.007277238906884619,0.011990798785120464,0.0072037163762586265,4285,Hippocampus_L,Cerebelum_4_5_R,0.0,0.0,0.0,0.7
613,5,54,6,55,0.0060291176107623665,0.011989352659150796,0.005638106193007035,4286,Frontal_Sup_Orb_R,Fusiform_L,0.0,0.0,0.0,0.58
2596,25,47,26,48,0.011984318383093702,0.01198816590256957,0.009159682322562972,4287,Frontal_Med_Orb_R,Lingual_R,0.0,0.0,0.0,0.96
3928,41,75,42,76,0.00187808393011042,0.011971313377007449,0.004916992307671401,4288,Amygdala_R,Pallidum_R,0.0,0.0,0.0,0.68
5224,61,101,62,102,-0.010427027403832634,0.011961557027522605,0.007342773080223585,4289,Parietal_Inf_R,Cerebelum_7b_R,0.0,0.0,0.0,0.76
2946,29,47,30,48,-0.011323100689160943,0.01196019568859852,0.006018113581700275,4290,Insula_R,Lingual_R,0.0,0.0,0.0,0.88
3743,38,115,39,116,-0.010037756144308328,0.01195876453743191,0.004814255329210232,4291,ParaHippocampal_L,Vermis_10,0.0,0.0,0.0,0.82
1833,17,32,18,33,0.007571396625648167,0.01195225968748493,0.00758682053603663,4292,Rolandic_Oper_R,Cingulum_Mid_L,0.0,0.0,0.0,0.88
324,2,98,3,99,0.010638493436551549,0.011952125843786384,0.0070081025709415115,4293,Frontal_Sup_L,Cerebelum_6_L,0.0,0.0,0.0,0.76
2304,22,28,23,29,-0.006337021812806674,0.011950120703532588,0.005314416959862234,4294,Frontal_Sup_Medial_L,Insula_L,0.0,0.0,0.0,0.64
4397,48,54,49,55,-0.011949571880625285,0.011949571880625285,0.010059371081298316,4295,Occipital_Sup_L,Fusiform_L,0.0,0.0,0.0,1.0
4381,47,105,48,106,-0.01001249947236741,0.01193967342313574,0.004668289979310403,4296,Lingual_R,Cerebelum_9_R,0.0,0.0,0.0,0.6
4607,51,69,52,70,-0.011934574929220678,0.011934574929220678,0.010944106168776908,4297,Occipital_Mid_R,Paracentral_Lobule_R,0.0,0.0,0.0,1.0
236,2,10,3,11,0.00843545086358234,0.011934378989721536,0.0052961747926542485,4298,Frontal_Sup_L,Frontal_Inf_Oper_L,0.0,0.0,0.0,0.64
5097,59,83,60,84,0.006140229638253606,0.011932534365683816,0.00853084562180308,4299,Parietal_Sup_R,Temporal_Pole_Sup_R,0.0,0.0,0.0,0.54
5242,62,66,63,67,0.01072793573480415,0.0119263816280609,0.009196022624782774,4300,SupraMarginal_L,Precuneus_L,0.0,0.0,0.0,0.82
131,1,18,2,19,-0.005778976697423163,0.011922549180644443,0.008896637476959459,4301,Precentral_R,Supp_Motor_Area_L,0.0,0.0,0.0,0.74
5503,67,77,68,78,-0.0029906263084572473,0.011919853962155438,0.007751906517677805,4302,Precuneus_R,Thalamus_R,0.0,0.0,0.0,0.52
202,1,89,2,90,0.009316571628628407,0.011915113888138913,0.006468989169038894,4303,Precentral_R,Temporal_Inf_R,0.0,0.0,0.0,0.82
3773,39,69,40,70,0.011248858846610622,0.011910466298626332,0.0074070778982957535,4304,ParaHippocampal_R,Paracentral_Lobule_R,0.0,0.0,0.0,0.86
1713,15,109,16,110,-0.011717072372118751,0.011898197945378814,0.008003105584289374,4305,Frontal_Inf_Orb_R,Vermis_3,0.0,0.0,0.0,0.9
4211,45,72,46,73,0.008308473929325206,0.011886139888925675,0.006759439106065619,4306,Cuneus_R,Putamen_L,0.0,0.0,0.0,0.86
698,6,30,7,31,-0.010110852431559183,0.011885796611322122,0.006426367133708443,4307,Frontal_Mid_L,Cingulum_Ant_L,0.0,0.0,0.0,0.74
4741,53,78,54,79,-0.011883467349043714,0.011883467349043714,0.007436623040651269,4308,Occipital_Inf_R,Heschl_L,0.0,0.0,0.0,1.0
1047,9,58,10,59,-0.011212854876095775,0.011876329706535373,0.012221406451635074,4309,Frontal_Mid_Orb_R,Parietal_Sup_L,0.0,0.0,0.0,0.94
6549,99,115,100,116,0.0021610684402572026,0.011872309956979084,0.006622243242630569,4310,Cerebelum_6_R,Vermis_10,0.0,0.0,0.0,0.6
820,7,44,8,45,-0.011524098066138829,0.011870770162487007,0.008516641712996518,4311,Frontal_Mid_R,Cuneus_L,0.0,0.0,0.0,0.9
5049,58,91,59,92,-0.010065076956751524,0.011866446567399649,0.012456756452407777,4312,Parietal_Sup_L,Cerebelum_Crus1_R,0.0,0.0,0.0,0.86
5068,58,110,59,111,-0.011722838374778133,0.011865628943417339,0.011185006325218894,4313,Parietal_Sup_L,Vermis_4_5,0.0,0.0,0.0,0.96
3888,40,109,41,110,0.011549153949695362,0.011865614857027503,0.00821053021515267,4314,Amygdala_L,Vermis_3,0.0,0.0,0.0,0.78
5239,62,63,63,64,-0.0075465361824375455,0.01186494513646918,0.006993481060380174,4315,SupraMarginal_L,SupraMarginal_R,0.0,0.0,0.0,0.7
3053,30,69,31,70,-0.0018856778064239013,0.011861111998015882,0.007086284815772788,4316,Cingulum_Ant_L,Paracentral_Lobule_R,0.0,0.0,0.0,0.74
119,1,6,2,7,0.011130022861807707,0.01185214468370592,0.010639157818836124,4317,Precentral_R,Frontal_Mid_L,0.0,0.0,0.0,0.88
3354,34,40,35,41,0.008761769955952218,0.011845622067410445,0.004539466221533385,4318,Cingulum_Post_L,Amygdala_L,0.0,0.0,0.0,0.54
6388,91,110,92,111,0.009873053245064066,0.01183388341806484,0.0052329021678038,4319,Cerebelum_Crus1_R,Vermis_4_5,0.0,0.0,0.0,0.78
4257,46,49,47,50,-0.011324352427863768,0.011831952932890362,0.004483610128759355,4320,Lingual_L,Occipital_Sup_R,0.0,0.0,0.0,0.82
5760,72,109,73,110,0.007853423108600403,0.011824530274019166,0.003081315806545382,4321,Putamen_L,Vermis_3,0.0,0.0,0.0,0.7
4977,57,76,58,77,-0.0032687460019276567,0.01182404895987311,0.00786713357909496,4322,Postcentral_R,Thalamus_L,0.0,0.0,0.0,0.74
4744,53,81,54,82,-0.006830287251048093,0.011822706388128972,0.008552490179475614,4323,Occipital_Inf_R,Temporal_Sup_R,0.0,0.0,0.0,0.76
5576,68,103,69,104,0.008618631643826731,0.01182232717433692,0.0071689541729003286,4324,Paracentral_Lobule_L,Cerebelum_8_R,0.0,0.0,0.0,0.68
1171,10,77,11,78,-0.010000590428518419,0.01182084339024791,0.008902465770833081,4325,Frontal_Inf_Oper_L,Thalamus_R,0.0,0.0,0.0,0.8
3423,34,109,35,110,0.011488991001879991,0.011813088521422481,0.006908174020402974,4326,Cingulum_Post_L,Vermis_3,0.0,0.0,0.0,0.86
319,2,93,3,94,0.010936387617785199,0.011811572370222343,0.005721714236018962,4327,Frontal_Sup_L,Cerebelum_Crus2_R,0.0,0.0,0.0,0.82
880,7,104,8,105,-0.010943835691865467,0.01180823967415577,0.009733714565053665,4328,Frontal_Mid_R,Cerebelum_9_L,0.0,0.0,0.0,0.92
24,0,25,1,26,0.008447212673879207,0.011804506453854183,0.0051435696276345005,4329,Precentral_L,Frontal_Med_Orb_R,0.0,0.0,0.0,0.6
4101,43,103,44,104,0.011647144332955555,0.011803118311135681,0.005871320963039312,4330,Calcarine_R,Cerebelum_8_R,0.0,0.0,0.0,0.96
4706,52,105,53,106,0.011130772234486237,0.011802914888389044,0.0067761501367642075,4331,Occipital_Inf_L,Cerebelum_9_R,0.0,0.0,0.0,0.92
2851,28,38,29,39,0.004116120718636543,0.011801154118573902,0.006681121346715632,4332,Insula_L,ParaHippocampal_L,0.0,0.0,0.0,0.66
5236,61,113,62,114,-0.010721853794859664,0.011791863400476006,0.010302557150843342,4333,Parietal_Inf_R,Vermis_8,0.0,0.0,0.0,0.8
1741,16,38,17,39,-0.010985406702705989,0.011777400164424839,0.0056540248833702395,4334,Rolandic_Oper_L,ParaHippocampal_L,0.0,0.0,0.0,0.92
4099,43,101,44,102,0.010527961134447683,0.011776737980482644,0.006314803468723267,4335,Calcarine_R,Cerebelum_7b_R,0.0,0.0,0.0,0.94
3966,41,113,42,114,0.011776432464005605,0.011776432464005605,0.007079976410192715,4336,Amygdala_R,Vermis_8,0.0,0.0,0.0,1.0
2184,20,95,21,96,-0.011773612752035702,0.011773612752035702,0.009231349662528716,4337,Olfactory_L,Cerebelum_3_R,0.0,0.0,0.0,1.0
1849,17,48,18,49,0.010479116111296623,0.011773126377738778,0.006638406274991125,4338,Rolandic_Oper_R,Occipital_Sup_L,0.0,0.0,0.0,0.78
3193,32,42,33,43,0.011764724451495597,0.011764724451495597,0.00987714134726542,4339,Cingulum_Mid_L,Calcarine_L,0.0,0.0,0.0,1.0
229,2,3,3,4,0.006844870473982888,0.011759422658664712,0.007305398541981988,4340,Frontal_Sup_L,Frontal_Sup_R,0.0,0.0,0.0,0.66
6455,94,111,95,112,-0.005238499342736889,0.011758579854235203,0.005462647295543692,4341,Cerebelum_3_L,Vermis_6,0.0,0.0,0.0,0.78
3551,36,78,37,79,-0.009659040858796326,0.011757151298618686,0.006242606579228788,4342,Hippocampus_L,Heschl_L,0.0,0.0,0.0,0.8
1952,18,54,19,55,-0.009354698571219774,0.011752257225491917,0.007053414997458783,4343,Supp_Motor_Area_L,Fusiform_L,0.0,0.0,0.0,0.8
5029,58,71,59,72,-0.01046777287680743,0.011750311451909625,0.012521419940819638,4344,Parietal_Sup_L,Caudate_R,0.0,0.0,0.0,0.92
214,1,101,2,102,0.0012834956366877387,0.011749309018949518,0.007968178457708214,4345,Precentral_R,Cerebelum_7b_R,0.0,0.0,0.0,0.68
3491,35,97,36,98,-0.004972472715670333,0.011748687768249921,0.006913561796060943,4346,Cingulum_Post_R,Cerebelum_4_5_R,0.0,0.0,0.0,0.74
6311,88,108,89,109,-0.010419612617203198,0.01174444321771657,0.007384984521883984,4347,Temporal_Inf_L,Vermis_1_2,0.0,0.0,0.0,0.88
3600,37,49,38,50,-0.011579907398687285,0.011744401052815004,0.008000920814606356,4348,Hippocampus_R,Occipital_Sup_R,0.0,0.0,0.0,0.96
4121,44,52,45,53,-0.011736582146657137,0.011736582146657137,0.010799842424315812,4349,Cuneus_L,Occipital_Inf_L,0.0,0.0,0.0,1.0
3274,33,41,34,42,0.009686390555257053,0.011734709899957887,0.005632799238369556,4350,Cingulum_Mid_R,Amygdala_R,0.0,0.0,0.0,0.62
3590,37,39,38,40,-0.00023954405396980409,0.011730372147448598,0.004901747663997537,4351,Hippocampus_R,ParaHippocampal_R,0.0,0.0,0.0,0.54
4939,56,96,57,97,-0.011502334750299444,0.011728541438367488,0.008346798176017526,4352,Postcentral_L,Cerebelum_4_5_L,0.0,0.0,0.0,0.96
829,7,53,8,54,-0.011523774845398451,0.011726511059412295,0.00960672984757874,4353,Frontal_Mid_R,Occipital_Inf_R,0.0,0.0,0.0,0.92
3890,40,111,41,112,0.010787151439429613,0.011725834501029115,0.007284890866825878,4354,Amygdala_L,Vermis_6,0.0,0.0,0.0,0.74
5014,57,113,58,114,0.011725406646666912,0.011725406646666912,0.010702910784963467,4355,Postcentral_R,Vermis_8,0.0,0.0,0.0,1.0
80,0,81,1,82,-0.004052687364640124,0.011722664551831487,0.005678975079603516,4356,Precentral_L,Temporal_Sup_R,0.0,0.0,0.0,0.54
4128,44,59,45,60,-0.011433404111112946,0.01172186337591216,0.010565057178232369,4357,Cuneus_L,Parietal_Sup_R,0.0,0.0,0.0,0.92
4551,50,77,51,78,0.010438157078268484,0.011720016091048568,0.0034277609563778772,4358,Occipital_Mid_L,Thalamus_R,0.0,0.0,0.0,0.66
2061,19,67,20,68,0.0022842120002144507,0.011719526908810587,0.00674030656374917,4359,Supp_Motor_Area_R,Precuneus_R,0.0,0.0,0.0,0.64
4069,43,71,44,72,0.011473950715936427,0.011705334172748272,0.007686170539092829,4360,Calcarine_R,Caudate_R,0.0,0.0,0.0,0.92
3898,41,45,42,46,-0.011080174061312372,0.011704431221963912,0.009076625478318008,4361,Amygdala_R,Cuneus_R,0.0,0.0,0.0,0.96
6643,108,110,109,111,0.011303216129168157,0.01169148644365453,0.010949085772868818,4362,Vermis_1_2,Vermis_4_5,0.0,0.0,0.0,0.98
2773,27,47,28,48,-0.011599247223166567,0.011690863914966541,0.009020884985847966,4363,Rectus_R,Lingual_R,0.0,0.0,0.0,0.92
6375,91,97,92,98,0.0025760601870620237,0.011689770068838852,0.007390675770081239,4364,Cerebelum_Crus1_R,Cerebelum_4_5_R,0.0,0.0,0.0,0.56
4990,57,89,58,90,-0.008460636206460788,0.011685457293359484,0.008060722173362251,4365,Postcentral_R,Temporal_Inf_R,0.0,0.0,0.0,0.82
4892,55,108,56,109,-0.01168447948994876,0.01168447948994876,0.010112751647508068,4366,Fusiform_R,Vermis_1_2,0.0,0.0,0.0,1.0
1869,17,68,18,69,0.010474136126295625,0.011682148690009901,0.006253667157892709,4367,Rolandic_Oper_R,Paracentral_Lobule_L,0.0,0.0,0.0,0.74
4407,48,64,49,65,0.0001857143046562063,0.011660387386968332,0.008156841509356296,4368,Occipital_Sup_L,Angular_L,0.0,0.0,0.0,0.62
518,4,69,5,70,0.006621207583902373,0.01164522517074529,0.007914993913488872,4369,Frontal_Sup_Orb_L,Paracentral_Lobule_R,0.0,0.0,0.0,0.6
2106,19,112,20,113,0.010459499934176412,0.011643122854912948,0.004557857575819573,4370,Supp_Motor_Area_R,Vermis_7,0.0,0.0,0.0,0.72
6324,89,95,90,96,0.007158386524147912,0.011640320886685217,0.005584302746735272,4371,Temporal_Inf_R,Cerebelum_3_R,0.0,0.0,0.0,0.76
1874,17,73,18,74,0.008644326426484201,0.011639075063167002,0.0081428050963065,4372,Rolandic_Oper_R,Putamen_R,0.0,0.0,0.0,0.84
1538,14,34,15,35,-0.004738250908076383,0.01163741687096758,0.008023336506616817,4373,Frontal_Inf_Orb_L,Cingulum_Post_L,0.0,0.0,0.0,0.74
4692,52,91,53,92,0.0006334903256057461,0.011634769931754068,0.007057389261308318,4374,Occipital_Inf_L,Cerebelum_Crus1_R,0.0,0.0,0.0,0.7
238,2,12,3,13,0.008694774349346493,0.011627768543297666,0.007034382127019277,4375,Frontal_Sup_L,Frontal_Inf_Tri_L,0.0,0.0,0.0,0.72
5238,61,115,62,116,-0.010470282290925288,0.011624351661663883,0.0097445252761496,4376,Parietal_Inf_R,Vermis_10,0.0,0.0,0.0,0.8
4146,44,77,45,78,-0.007532132396512248,0.01161678646183785,0.005830356948678075,4377,Cuneus_L,Thalamus_R,0.0,0.0,0.0,0.68
1107,10,13,11,14,-0.010867893989490012,0.011614897057405333,0.008070389960535163,4378,Frontal_Inf_Oper_L,Frontal_Inf_Tri_R,0.0,0.0,0.0,0.84
5235,61,112,62,113,-0.010432484856790738,0.011614740888781776,0.010139874315385732,4379,Parietal_Inf_R,Vermis_7,0.0,0.0,0.0,0.78
944,8,61,9,62,0.009491963748214356,0.011606491167621144,0.005974209889431705,4380,Frontal_Mid_Orb_L,Parietal_Inf_R,0.0,0.0,0.0,0.76
498,4,49,5,50,0.011265303252248568,0.011603712467241125,0.007508075498833794,4381,Frontal_Sup_Orb_L,Occipital_Sup_R,0.0,0.0,0.0,0.9
813,7,37,8,38,-0.011441253441655037,0.01159781691777523,0.009146166867332026,4382,Frontal_Mid_R,Hippocampus_R,0.0,0.0,0.0,0.94
5453,66,75,67,76,0.008704703204274258,0.011592415670908938,0.0039223453279853965,4383,Precuneus_L,Pallidum_R,0.0,0.0,0.0,0.56
4983,57,82,58,83,-0.007579133334881358,0.011589087608709492,0.004499181436689552,4384,Postcentral_R,Temporal_Pole_Sup_L,0.0,0.0,0.0,0.58
3936,41,83,42,84,-0.010268670698944084,0.011586192053176778,0.007246045873036126,4385,Amygdala_R,Temporal_Pole_Sup_R,0.0,0.0,0.0,0.86
4246,45,107,46,108,-0.006347901742926286,0.011576510121884017,0.007388253185396689,4386,Cuneus_R,Cerebelum_10_R,0.0,0.0,0.0,0.76
4932,56,89,57,90,-0.005948177182696134,0.011570282518757318,0.009267834603872609,4387,Postcentral_L,Temporal_Inf_R,0.0,0.0,0.0,0.82
1740,16,37,17,38,0.01089000700518871,0.011569311608417628,0.007970004693117481,4388,Rolandic_Oper_L,Hippocampus_R,0.0,0.0,0.0,0.96
840,7,64,8,65,-0.0067056618175240805,0.011562460223272439,0.009714492759255015,4389,Frontal_Mid_R,Angular_L,0.0,0.0,0.0,0.76
233,2,7,3,8,-0.010520948284391256,0.011547607854881245,0.009041541895102019,4390,Frontal_Sup_L,Frontal_Mid_R,0.0,0.0,0.0,0.84
3434,35,40,36,41,0.006443617691026344,0.011545708712737827,0.006017947678927755,4391,Cingulum_Post_R,Amygdala_L,0.0,0.0,0.0,0.54
1241,11,43,12,44,-0.010189612262598428,0.011544589074069144,0.005072489087702636,4392,Frontal_Inf_Oper_R,Calcarine_R,0.0,0.0,0.0,0.8
4237,45,98,46,99,-0.0010950518930284226,0.011543560829628324,0.005084283385211959,4393,Cuneus_R,Cerebelum_6_L,0.0,0.0,0.0,0.64
4595,51,57,52,58,-0.011542581585296441,0.011542581585296441,0.00771982861970381,4394,Occipital_Mid_R,Postcentral_R,0.0,0.0,0.0,1.0
5440,65,111,66,112,0.008521324667560164,0.01154045661909454,0.00966709934929163,4395,Angular_R,Vermis_6,0.0,0.0,0.0,0.72
5202,61,79,62,80,0.010622847839961414,0.011533118163095995,0.00916746001345582,4396,Parietal_Inf_R,Heschl_R,0.0,0.0,0.0,0.86
3800,39,96,40,97,-0.0013427413139815215,0.011522123799897067,0.0056508174261147796,4397,ParaHippocampal_R,Cerebelum_4_5_L,0.0,0.0,0.0,0.56
2584,25,35,26,36,-0.0011198104955457227,0.011519281027261647,0.006772339197550619,4398,Frontal_Med_Orb_R,Cingulum_Post_R,0.0,0.0,0.0,0.66
2047,19,53,20,54,-0.010222951969217263,0.011514165944635866,0.007347746181401699,4399,Supp_Motor_Area_R,Occipital_Inf_R,0.0,0.0,0.0,0.9
6232,85,113,86,114,0.007053637989177988,0.011512027997360886,0.008677135294524144,4400,Temporal_Mid_R,Vermis_8,0.0,0.0,0.0,0.82
3849,40,70,41,71,-0.010553854151422879,0.01150904464837605,0.008252177667673666,4401,Amygdala_L,Caudate_L,0.0,0.0,0.0,0.96
4082,43,84,44,85,-0.011259405405433959,0.011508685773686628,0.006676952843924689,4402,Calcarine_R,Temporal_Mid_L,0.0,0.0,0.0,0.92
4162,44,93,45,94,0.007299417396478235,0.011508677056212476,0.00943461461019902,4403,Cuneus_L,Cerebelum_Crus2_R,0.0,0.0,0.0,0.8
1653,15,49,16,50,-0.01103711572995807,0.011505021052274174,0.007229556094488594,4404,Frontal_Inf_Orb_R,Occipital_Sup_R,0.0,0.0,0.0,0.96
4773,53,110,54,111,-0.011504328930305936,0.011504328930305936,0.010833948147572848,4405,Occipital_Inf_R,Vermis_4_5,0.0,0.0,0.0,1.0
5500,67,74,68,75,0.008591993040607211,0.011503023617820539,0.009368627882398778,4406,Precuneus_R,Pallidum_L,0.0,0.0,0.0,0.86
3531,36,58,37,59,-0.01115228064738907,0.011497796869278636,0.011102362262300262,4407,Hippocampus_L,Parietal_Sup_L,0.0,0.0,0.0,0.92
4747,53,84,54,85,-0.008398029057813226,0.011497739151608647,0.005169957039901132,4408,Occipital_Inf_R,Temporal_Mid_L,0.0,0.0,0.0,0.8
4603,51,65,52,66,0.0038538623669451114,0.011497136527129595,0.010796650511130337,4409,Occipital_Mid_R,Angular_R,0.0,0.0,0.0,0.58
18,0,19,1,20,-0.0028973451153510936,0.011493106102471486,0.006972514549769304,4410,Precentral_L,Supp_Motor_Area_R,0.0,0.0,0.0,0.66
1898,17,97,18,98,0.01102381840205294,0.011490100960681131,0.007031808931854805,4411,Rolandic_Oper_R,Cerebelum_4_5_R,0.0,0.0,0.0,0.94
5716,71,108,72,109,-0.00034846584700922654,0.011483888122746477,0.006690053172268064,4412,Caudate_R,Vermis_1_2,0.0,0.0,0.0,0.64
4698,52,97,53,98,-0.011295458449621164,0.011483856718099959,0.008244841149288057,4413,Occipital_Inf_L,Cerebelum_4_5_R,0.0,0.0,0.0,0.88
4401,48,58,49,59,-0.011310924609916418,0.011479294442190213,0.010846505387349917,4414,Occipital_Sup_L,Parietal_Sup_L,0.0,0.0,0.0,0.92
72,0,73,1,74,-0.00828967488135908,0.011476864026845966,0.005006628000578519,4415,Precentral_L,Putamen_R,0.0,0.0,0.0,0.58
2770,27,44,28,45,-0.010563614232665289,0.011473139030991729,0.006338079949714358,4416,Rectus_R,Cuneus_L,0.0,0.0,0.0,0.9
4391,47,115,48,116,-0.011388316206856975,0.011468516035179531,0.01044681147294867,4417,Lingual_R,Vermis_10,0.0,0.0,0.0,0.98
497,4,48,5,49,0.010972242726980544,0.011467199557332365,0.006223525872149792,4418,Frontal_Sup_Orb_L,Occipital_Sup_L,0.0,0.0,0.0,0.86
2060,19,66,20,67,-0.005977728321543373,0.011457676000891849,0.004413248300119932,4419,Supp_Motor_Area_R,Precuneus_L,0.0,0.0,0.0,0.56
2028,19,34,20,35,0.006104852376321445,0.011456043472736661,0.006471725819398776,4420,Supp_Motor_Area_R,Cingulum_Post_L,0.0,0.0,0.0,0.68
3585,36,112,37,113,0.011100461950725194,0.011451614970300806,0.006323792374518891,4421,Hippocampus_L,Vermis_7,0.0,0.0,0.0,0.9
3908,41,55,42,56,-0.011423655981959317,0.011450783680507908,0.012470370458257714,4422,Amygdala_R,Fusiform_R,0.0,0.0,0.0,0.98
2247,21,64,22,65,-0.011449997060923527,0.011449997060923527,0.009046058189600761,4423,Olfactory_R,Angular_L,0.0,0.0,0.0,1.0
4334,47,58,48,59,-0.011306270493843583,0.011449523054063581,0.011196902128900059,4424,Lingual_R,Parietal_Sup_L,0.0,0.0,0.0,0.96
4326,47,50,48,51,0.011444089667933732,0.011444089667933732,0.010961579453162729,4425,Lingual_R,Occipital_Mid_L,0.0,0.0,0.0,1.0
3528,36,55,37,56,0.010473816109980294,0.011434459864725093,0.004309079185491572,4426,Hippocampus_L,Fusiform_R,0.0,0.0,0.0,0.86
481,4,32,5,33,-0.005771046250492019,0.01142899457601524,0.006449114298515916,4427,Frontal_Sup_Orb_L,Cingulum_Mid_L,0.0,0.0,0.0,0.64
6362,90,108,91,109,0.0025621727487845384,0.011425919653298216,0.006555279566864877,4428,Cerebelum_Crus1_L,Vermis_1_2,0.0,0.0,0.0,0.74
2748,26,110,27,111,0.01083969966646267,0.01142360212989655,0.005223262915410023,4429,Rectus_L,Vermis_4_5,0.0,0.0,0.0,0.94
2120,20,31,21,32,-0.011420116209549453,0.011422571499347977,0.009484466835053917,4430,Olfactory_L,Cingulum_Ant_R,0.0,0.0,0.0,0.98
4357,47,81,48,82,0.005903042652091439,0.011420907017169517,0.0048371434616976666,4431,Lingual_R,Temporal_Sup_R,0.0,0.0,0.0,0.62
1106,10,12,11,13,-0.009301276058485419,0.011418223083799387,0.008676930451059378,4432,Frontal_Inf_Oper_L,Frontal_Inf_Tri_L,0.0,0.0,0.0,0.74
1822,17,21,18,22,-0.01141326681341619,0.01141326681341619,0.009307108195898988,4433,Rolandic_Oper_R,Olfactory_R,0.0,0.0,0.0,1.0
86,0,87,1,88,0.0010314322320308718,0.01141302654325019,0.005049106453158741,4434,Precentral_L,Temporal_Pole_Mid_R,0.0,0.0,0.0,0.52
95,0,96,1,97,-0.00995228919441317,0.011406129779084085,0.00792715522114511,4435,Precentral_L,Cerebelum_4_5_L,0.0,0.0,0.0,0.92
3451,35,57,36,58,-0.009895825311334873,0.01139831208323116,0.009350958142614434,4436,Cingulum_Post_R,Postcentral_R,0.0,0.0,0.0,0.96
5528,67,102,68,103,-0.008974483714327524,0.011396887017458397,0.0038381019683341924,4437,Precuneus_R,Cerebelum_8_L,0.0,0.0,0.0,0.76
3095,30,111,31,112,-0.0014113853000293655,0.011396024179987092,0.008855566193785927,4438,Cingulum_Ant_L,Vermis_6,0.0,0.0,0.0,0.66
505,4,56,5,57,0.009224868263142078,0.011390469450313913,0.005840308600629113,4439,Frontal_Sup_Orb_L,Postcentral_L,0.0,0.0,0.0,0.64
436,3,98,4,99,0.011167026787628901,0.011386215126487883,0.010073801312413741,4440,Frontal_Sup_R,Cerebelum_6_L,0.0,0.0,0.0,0.92
1259,11,61,12,62,0.008760124357492906,0.011380075586050338,0.0064847476637323416,4441,Frontal_Inf_Oper_R,Parietal_Inf_R,0.0,0.0,0.0,0.78
6285,87,109,88,110,0.009131279011709542,0.01136594901357738,0.006317960714806565,4442,Temporal_Pole_Mid_R,Vermis_3,0.0,0.0,0.0,0.82
2776,27,50,28,51,-0.011362940984958072,0.011362940984958072,0.0076346452288528245,4443,Rectus_R,Occipital_Mid_L,0.0,0.0,0.0,1.0
1954,18,56,19,57,0.001096672054809943,0.011357081043644983,0.008693872699015708,4444,Supp_Motor_Area_L,Postcentral_L,0.0,0.0,0.0,0.64
6621,105,112,106,113,-0.010179609474553004,0.011353894581917344,0.005884865076631953,4445,Cerebelum_9_R,Vermis_7,0.0,0.0,0.0,0.92
164,1,51,2,52,-0.011326673073421376,0.011353237263946077,0.008175263264273838,4446,Precentral_R,Occipital_Mid_R,0.0,0.0,0.0,0.94
4124,44,55,45,56,-0.010530074089608179,0.011352137247680284,0.006961921018234072,4447,Cuneus_L,Fusiform_R,0.0,0.0,0.0,0.96
4135,44,66,45,67,0.007622702389244896,0.01134220234345664,0.006188847104597611,4448,Cuneus_L,Precuneus_L,0.0,0.0,0.0,0.76
4160,44,91,45,92,-0.0018198088057329173,0.011340828600287239,0.007743664173701733,4449,Cuneus_L,Cerebelum_Crus1_R,0.0,0.0,0.0,0.64
5274,62,98,63,99,-0.009714094920371643,0.011338314558309892,0.006808234799284517,4450,SupraMarginal_L,Cerebelum_6_L,0.0,0.0,0.0,0.8
868,7,92,8,93,0.0057589028585948825,0.011334553712344052,0.0067404341687884225,4451,Frontal_Mid_R,Cerebelum_Crus2_L,0.0,0.0,0.0,0.58
3662,37,111,38,112,-0.011098256806713587,0.011333094488730879,0.005946163222331626,4452,Hippocampus_R,Vermis_6,0.0,0.0,0.0,0.94
4353,47,77,48,78,-0.009969116117592325,0.011331865620832928,0.005178330722172076,4453,Lingual_R,Thalamus_R,0.0,0.0,0.0,0.82
1883,17,82,18,83,0.0015560887184877048,0.011330475374879117,0.0062481209013250695,4454,Rolandic_Oper_R,Temporal_Pole_Sup_L,0.0,0.0,0.0,0.74
3889,40,110,41,111,0.011205737623996898,0.01132340742827658,0.00918767725107493,4455,Amygdala_L,Vermis_4_5,0.0,0.0,0.0,0.92
4305,46,97,47,98,-0.01120169871937887,0.01132210418213628,0.007533273836802102,4456,Lingual_L,Cerebelum_4_5_R,0.0,0.0,0.0,0.92
940,8,57,9,58,0.010217758602838052,0.011310394248685064,0.007505162879776812,4457,Frontal_Mid_Orb_L,Postcentral_R,0.0,0.0,0.0,0.9
4074,43,76,44,77,-0.009305129093052701,0.011309971228543802,0.007446601476321846,4458,Calcarine_R,Thalamus_L,0.0,0.0,0.0,0.78
4516,49,107,50,108,-0.007984846290420377,0.01130163546142885,0.007452243323603572,4459,Occipital_Sup_R,Cerebelum_10_R,0.0,0.0,0.0,0.82
5112,59,98,60,99,-0.010213366728688935,0.011294683257860967,0.01003849449988654,4460,Parietal_Sup_R,Cerebelum_6_L,0.0,0.0,0.0,0.86
2230,21,47,22,48,-0.011293749467597205,0.011293749467597205,0.01079617488086139,4461,Olfactory_R,Lingual_R,0.0,0.0,0.0,1.0
6067,80,108,81,109,-0.0005229735207689218,0.011293680692959312,0.006600005232901485,4462,Temporal_Sup_L,Vermis_1_2,0.0,0.0,0.0,0.72
2229,21,46,22,47,-0.011292472907827943,0.011292472907827943,0.010637655770453253,4463,Olfactory_R,Lingual_L,0.0,0.0,0.0,1.0
3410,34,96,35,97,0.0012235758219554906,0.011288189649167432,0.005568461432274208,4464,Cingulum_Post_L,Cerebelum_4_5_L,0.0,0.0,0.0,0.58
3757,39,53,40,54,-0.01106793514661531,0.011281090979758948,0.007018920265487783,4465,ParaHippocampal_R,Occipital_Inf_R,0.0,0.0,0.0,0.92
1572,14,68,15,69,-0.007889450355370581,0.011280485020452691,0.005540401002982928,4466,Frontal_Inf_Orb_L,Paracentral_Lobule_L,0.0,0.0,0.0,0.72
1955,18,57,19,58,-0.0016671843414083859,0.01127676042655639,0.008410419426415426,4467,Supp_Motor_Area_L,Postcentral_R,0.0,0.0,0.0,0.7
3037,30,53,31,54,0.0031106424781501495,0.011276759592332503,0.004761648920998767,4468,Cingulum_Ant_L,Occipital_Inf_R,0.0,0.0,0.0,0.64
794,7,18,8,19,-0.011121672312490272,0.011275518939899224,0.009586053999776169,4469,Frontal_Mid_R,Supp_Motor_Area_L,0.0,0.0,0.0,0.94
2212,21,29,22,30,-0.011263583595073822,0.011263583595073822,0.008960111379225547,4470,Olfactory_R,Insula_R,0.0,0.0,0.0,1.0
180,1,67,2,68,0.01066237387750205,0.011262978843755593,0.007376669298683064,4471,Precentral_R,Precuneus_R,0.0,0.0,0.0,0.9
4782,54,58,55,59,-0.011091987862232382,0.011254753140542188,0.010861495326220747,4472,Fusiform_L,Parietal_Sup_L,0.0,0.0,0.0,0.94
2157,20,68,21,69,-0.01125283258709345,0.01125283258709345,0.010793184115106734,4473,Olfactory_L,Paracentral_Lobule_L,0.0,0.0,0.0,1.0
6607,104,108,105,109,0.009880187741503132,0.011244016632646313,0.007873469609102225,4474,Cerebelum_9_L,Vermis_1_2,0.0,0.0,0.0,0.88
2231,21,48,22,49,-0.011242288292455908,0.011242288292455908,0.01023734217957047,4475,Olfactory_R,Occipital_Sup_L,0.0,0.0,0.0,1.0
4716,52,115,53,116,-0.011050744002158388,0.011240260472009529,0.0096577657593311,4476,Occipital_Inf_L,Vermis_10,0.0,0.0,0.0,0.98
293,2,67,3,68,-0.00956874306056225,0.011236363828756596,0.009950425092026939,4477,Frontal_Sup_L,Precuneus_R,0.0,0.0,0.0,0.8
811,7,35,8,36,-0.011048325628742903,0.011233022905049175,0.011174700010787202,4478,Frontal_Mid_R,Cingulum_Post_R,0.0,0.0,0.0,0.92
1709,15,105,16,106,-5.7166240637780584e-05,0.01123250268484434,0.005586106343021863,4479,Frontal_Inf_Orb_R,Cerebelum_9_R,0.0,0.0,0.0,0.54
6669,114,115,115,116,-0.00863867490828312,0.011226588658245986,0.007514189428393353,4480,Vermis_9,Vermis_10,0.0,0.0,0.0,0.88
4258,46,50,47,51,0.011225078553469063,0.011225078553469063,0.009207528353744731,4481,Lingual_L,Occipital_Mid_L,0.0,0.0,0.0,1.0
398,3,60,4,61,0.009690728278652569,0.011222467651846086,0.007708255666877967,4482,Frontal_Sup_R,Parietal_Inf_L,0.0,0.0,0.0,0.88
5442,65,113,66,114,0.009841026504141807,0.011215125456894173,0.010632564633102895,4483,Angular_R,Vermis_8,0.0,0.0,0.0,0.84
4100,43,102,44,103,-0.01056937434782245,0.011213753573793228,0.005948697709127357,4484,Calcarine_R,Cerebelum_8_L,0.0,0.0,0.0,0.96
1125,10,31,11,32,-0.0072163086328974994,0.01120916482816101,0.006798601350200616,4485,Frontal_Inf_Oper_L,Cingulum_Ant_R,0.0,0.0,0.0,0.78
5563,68,90,69,91,0.005934176841241446,0.011204158171433417,0.005944009916548589,4486,Paracentral_Lobule_L,Cerebelum_Crus1_L,0.0,0.0,0.0,0.54
5203,61,80,62,81,0.009016431604966903,0.011202502933900222,0.006270387885909003,4487,Parietal_Inf_R,Temporal_Sup_L,0.0,0.0,0.0,0.78
5885,75,111,76,112,-0.0013797604426353848,0.01120135063075555,0.007119087265320358,4488,Pallidum_R,Vermis_6,0.0,0.0,0.0,0.68
4757,53,94,54,95,0.008270190287310719,0.011197159629956323,0.006600315344142337,4489,Occipital_Inf_R,Cerebelum_3_L,0.0,0.0,0.0,0.78
3949,41,96,42,97,0.008688124105812833,0.011195453135257528,0.003914485906480192,4490,Amygdala_R,Cerebelum_4_5_L,0.0,0.0,0.0,0.6
5598,69,79,70,80,0.01058737951332442,0.011194207490940848,0.003463321202235024,4491,Paracentral_Lobule_R,Heschl_R,0.0,0.0,0.0,0.78
2594,25,45,26,46,0.010236511717503505,0.011190877498303735,0.00468069590311556,4492,Frontal_Med_Orb_R,Cuneus_R,0.0,0.0,0.0,0.82
4186,45,47,46,48,-0.011164444573693281,0.011188374964879273,0.006581693048360324,4493,Cuneus_R,Lingual_R,0.0,0.0,0.0,0.96
5228,61,105,62,106,-0.009963467662754934,0.011187486230739898,0.008479154885617271,4494,Parietal_Inf_R,Cerebelum_9_R,0.0,0.0,0.0,0.8
1749,16,46,17,47,-0.011186275698005841,0.011186275698005841,0.007469040327809033,4495,Rolandic_Oper_L,Lingual_L,0.0,0.0,0.0,1.0
4520,49,111,50,112,-0.01112316621874262,0.011184652162666963,0.00894006428793723,4496,Occipital_Sup_R,Vermis_6,0.0,0.0,0.0,0.98
4209,45,70,46,71,0.009111464815551541,0.011178790984577034,0.005926271276770499,4497,Cuneus_R,Caudate_L,0.0,0.0,0.0,0.76
2263,21,80,22,81,-0.01117700598523083,0.01117700598523083,0.009489388962100439,4498,Olfactory_R,Temporal_Sup_L,0.0,0.0,0.0,1.0
4166,44,97,45,98,0.009958735622320332,0.011175859031167558,0.005440969111277148,4499,Cuneus_L,Cerebelum_4_5_R,0.0,0.0,0.0,0.82
4218,45,79,46,80,0.0108562814729084,0.011174507528947587,0.004133420131337983,4500,Cuneus_R,Heschl_R,0.0,0.0,0.0,0.82
5450,66,72,67,73,0.003962301546265537,0.011172484756072607,0.006307511654169857,4501,Precuneus_L,Putamen_L,0.0,0.0,0.0,0.72
3931,41,78,42,79,-0.010364512828911578,0.011171794970630896,0.010562880973647222,4502,Amygdala_R,Heschl_L,0.0,0.0,0.0,0.92
367,3,29,4,30,0.00975938068031891,0.011169912574711621,0.008617089944707081,4503,Frontal_Sup_R,Insula_R,0.0,0.0,0.0,0.9
4839,54,115,55,116,-0.011165911208195585,0.011165911208195585,0.010375096192940029,4504,Fusiform_L,Vermis_10,0.0,0.0,0.0,1.0
2199,20,110,21,111,-0.011148537721097307,0.011165647684225703,0.00734586274557158,4505,Olfactory_L,Vermis_4_5,0.0,0.0,0.0,0.98
4370,47,94,48,95,0.01088667568791464,0.011156760540152686,0.006904023561976653,4506,Lingual_R,Cerebelum_3_L,0.0,0.0,0.0,0.94
3620,37,69,38,70,0.007943064052258461,0.011153469817017434,0.0036241092354657115,4507,Hippocampus_R,Paracentral_Lobule_R,0.0,0.0,0.0,0.66
3599,37,48,38,49,-0.011153384119195631,0.011153384119195631,0.006347651643905605,4508,Hippocampus_R,Occipital_Sup_L,0.0,0.0,0.0,1.0
3041,30,57,31,58,-0.006630899156928316,0.011152403585093293,0.008495764571374034,4509,Cingulum_Ant_L,Postcentral_R,0.0,0.0,0.0,0.86
3998,42,72,43,73,0.010589733256638112,0.011149819716804742,0.007971870475671487,4510,Calcarine_L,Putamen_L,0.0,0.0,0.0,0.96
1353,12,52,13,53,0.000494316721715845,0.0111492412638427,0.0043786407459191976,4511,Frontal_Inf_Tri_L,Occipital_Inf_L,0.0,0.0,0.0,0.56
2032,19,38,20,39,0.004705258824756827,0.011148976310685415,0.005724202685431206,4512,Supp_Motor_Area_R,ParaHippocampal_L,0.0,0.0,0.0,0.52
2316,22,40,23,41,-0.010534075547455023,0.0111470705627907,0.007402430782009244,4513,Frontal_Sup_Medial_L,Amygdala_L,0.0,0.0,0.0,0.94
1154,10,60,11,61,-0.009029662315854083,0.011145737411862611,0.00660788826669615,4514,Frontal_Inf_Oper_L,Parietal_Inf_L,0.0,0.0,0.0,0.68
5545,68,72,69,73,0.001995189495915097,0.01114177241994152,0.006814448376246698,4515,Paracentral_Lobule_L,Putamen_L,0.0,0.0,0.0,0.58
1976,18,78,19,79,0.002853660244219656,0.011138924690667207,0.006281662719864281,4516,Supp_Motor_Area_L,Heschl_L,0.0,0.0,0.0,0.52
3397,34,83,35,84,-0.0007917789506631091,0.011136850073651854,0.006415431892889758,4517,Cingulum_Post_L,Temporal_Pole_Sup_R,0.0,0.0,0.0,0.6
85,0,86,1,87,0.001725246381781285,0.011118474540155,0.004304977159520186,4518,Precentral_L,Temporal_Pole_Mid_L,0.0,0.0,0.0,0.54
3667,38,39,39,40,-5.0629332449701095e-05,0.011118262350067645,0.004333090538302901,4519,ParaHippocampal_L,ParaHippocampal_R,0.0,0.0,0.0,0.6
308,2,82,3,83,-0.009792507459565766,0.011115757326383837,0.00562686154124884,4520,Frontal_Sup_L,Temporal_Pole_Sup_L,0.0,0.0,0.0,0.8
877,7,101,8,102,-0.010510709550223157,0.011115688971168065,0.008824992296859919,4521,Frontal_Mid_R,Cerebelum_7b_R,0.0,0.0,0.0,0.88
2186,20,97,21,98,-0.011114759274273554,0.011114759274273554,0.00989144429195181,4522,Olfactory_L,Cerebelum_4_5_R,0.0,0.0,0.0,1.0
4765,53,102,54,103,-0.009265709824669618,0.01111075184070498,0.0046159741889884795,4523,Occipital_Inf_R,Cerebelum_8_L,0.0,0.0,0.0,0.9
1905,17,104,18,105,0.009335297110555373,0.011108673923930532,0.00878512943340971,4524,Rolandic_Oper_R,Cerebelum_9_L,0.0,0.0,0.0,0.92
3953,41,100,42,101,0.004838071421326895,0.011108131100465556,0.0064351132622952915,4525,Amygdala_R,Cerebelum_7b_L,0.0,0.0,0.0,0.5
4665,52,64,53,65,-0.0021505195192946876,0.011105919583775601,0.007398804346125082,4526,Occipital_Inf_L,Angular_L,0.0,0.0,0.0,0.58
1218,11,20,12,21,-0.011103054544879509,0.011103054544879509,0.008437666968801605,4527,Frontal_Inf_Oper_R,Olfactory_L,0.0,0.0,0.0,1.0
4746,53,83,54,84,0.010732935222089313,0.01110079901709477,0.006566096799949493,4528,Occipital_Inf_R,Temporal_Pole_Sup_R,0.0,0.0,0.0,0.92
4545,50,71,51,72,0.010388065203473748,0.011082107814384169,0.005376073642280389,4529,Occipital_Mid_L,Caudate_R,0.0,0.0,0.0,0.88
3584,36,111,37,112,0.008517539011472869,0.011079669229165742,0.003804995202084387,4530,Hippocampus_L,Vermis_6,0.0,0.0,0.0,0.58
4266,46,58,47,59,-0.010934333361733837,0.011076708961069688,0.010937460514792205,4531,Lingual_L,Parietal_Sup_L,0.0,0.0,0.0,0.96
4007,42,81,43,82,-0.009991853169229582,0.011067516326473611,0.006556216160387349,4532,Calcarine_L,Temporal_Sup_R,0.0,0.0,0.0,0.9
4000,42,74,43,75,0.010931928882120252,0.011061263185732993,0.008379583267419298,4533,Calcarine_L,Pallidum_L,0.0,0.0,0.0,0.98
2837,27,111,28,112,0.006455643798237927,0.01106077285338248,0.004394871132434531,4534,Rectus_R,Vermis_6,0.0,0.0,0.0,0.54
1085,9,96,10,97,0.0017831759934561087,0.011058384124543977,0.005831334881822617,4535,Frontal_Mid_Orb_R,Cerebelum_4_5_L,0.0,0.0,0.0,0.6
4987,57,86,58,87,0.006750055847272217,0.011054917940248557,0.005013764138577445,4536,Postcentral_R,Temporal_Pole_Mid_L,0.0,0.0,0.0,0.72
1458,13,55,14,56,-4.5152816190423275e-05,0.011050853454434423,0.006616599507559676,4537,Frontal_Inf_Tri_R,Fusiform_R,0.0,0.0,0.0,0.62
3875,40,96,41,97,-0.005010871076272477,0.011050029178032036,0.006745332269819604,4538,Amygdala_L,Cerebelum_4_5_L,0.0,0.0,0.0,0.82
1147,10,53,11,54,-0.010437234718890399,0.011049962387274846,0.0111281177027042,4539,Frontal_Inf_Oper_L,Occipital_Inf_R,0.0,0.0,0.0,0.88
77,0,78,1,79,-0.008925277155024627,0.011044427473958658,0.006594862090776733,4540,Precentral_L,Heschl_L,0.0,0.0,0.0,0.9
863,7,87,8,88,-0.010857855375526564,0.011034196451324254,0.009453589844087172,4541,Frontal_Mid_R,Temporal_Pole_Mid_R,0.0,0.0,0.0,0.94
5270,62,94,63,95,0.009953064395350859,0.011033543819627378,0.006018758965499263,4542,SupraMarginal_L,Cerebelum_3_L,0.0,0.0,0.0,0.82
6612,104,113,105,114,-0.009991519197824088,0.011032375236082977,0.006249571619914561,4543,Cerebelum_9_L,Vermis_8,0.0,0.0,0.0,0.78
224,1,111,2,112,0.00997031359900322,0.011028844950901107,0.00721116629898059,4544,Precentral_R,Vermis_6,0.0,0.0,0.0,0.72
2834,27,108,28,109,0.010276174118217258,0.011019460993484963,0.004252610089901119,4545,Rectus_R,Vermis_1_2,0.0,0.0,0.0,0.82
2794,27,68,28,69,0.004780327567175114,0.011017259280522338,0.006216126793295411,4546,Rectus_R,Paracentral_Lobule_L,0.0,0.0,0.0,0.6
4385,47,109,48,110,-0.011017027916555127,0.011017027916555127,0.00965619349494154,4547,Lingual_R,Vermis_3,0.0,0.0,0.0,1.0
4617,51,79,52,80,0.010984154377966425,0.011012907263664334,0.006079574699837501,4548,Occipital_Mid_R,Heschl_R,0.0,0.0,0.0,0.9
4072,43,74,44,75,0.011009948547943953,0.011009948547943953,0.00629860679959451,4549,Calcarine_R,Pallidum_L,0.0,0.0,0.0,1.0
68,0,69,1,70,-0.009172196336665005,0.01100594310877487,0.006687024407784549,4550,Precentral_L,Paracentral_Lobule_R,0.0,0.0,0.0,0.9
5441,65,112,66,113,0.007987571050910715,0.011004075559238633,0.008883281659119759,4551,Angular_R,Vermis_7,0.0,0.0,0.0,0.68
311,2,85,3,86,-0.008565100157799927,0.01100340303736519,0.0072397663263406315,4552,Frontal_Sup_L,Temporal_Mid_R,0.0,0.0,0.0,0.68
1423,13,20,14,21,-0.010998445529033937,0.010998445529033937,0.010928774039696356,4553,Frontal_Inf_Tri_R,Olfactory_L,0.0,0.0,0.0,1.0
1042,9,53,10,54,-0.009567663933317141,0.010992866871848054,0.007025668968995239,4554,Frontal_Mid_Orb_R,Occipital_Inf_R,0.0,0.0,0.0,0.88
1190,10,96,11,97,-0.010250979899272261,0.01098241800382576,0.008515985572881494,4555,Frontal_Inf_Oper_L,Cerebelum_4_5_L,0.0,0.0,0.0,0.88
2046,19,52,20,53,0.008969784110484436,0.010980521716391977,0.0045979847475214365,4556,Supp_Motor_Area_R,Occipital_Inf_L,0.0,0.0,0.0,0.8
4313,46,105,47,106,-0.008530158623774292,0.010978105731549368,0.006922744285071692,4557,Lingual_L,Cerebelum_9_R,0.0,0.0,0.0,0.68
2871,28,58,29,59,-0.00971922929498983,0.01097631099795217,0.011010335481013482,4558,Insula_L,Parietal_Sup_L,0.0,0.0,0.0,0.86
5508,67,82,68,83,-0.004062250135839796,0.010972512366891065,0.004698357290143373,4559,Precuneus_R,Temporal_Pole_Sup_L,0.0,0.0,0.0,0.52
2501,24,42,25,43,-0.009294045807236471,0.010965550237072052,0.007382916871647492,4560,Frontal_Med_Orb_L,Calcarine_L,0.0,0.0,0.0,0.92
3435,35,41,36,42,-0.009034999475108507,0.01096403929360485,0.00927565232105191,4561,Cingulum_Post_R,Amygdala_R,0.0,0.0,0.0,0.86
302,2,76,3,77,0.009647934456541905,0.010963969714093491,0.005335541397252333,4562,Frontal_Sup_L,Thalamus_L,0.0,0.0,0.0,0.78
3665,37,114,38,115,-0.008657438622877245,0.010963764486089817,0.003455550349773729,4563,Hippocampus_R,Vermis_9,0.0,0.0,0.0,0.7
5278,62,102,63,103,-0.008495886941144403,0.01095774334166132,0.008818727171825481,4564,SupraMarginal_L,Cerebelum_8_L,0.0,0.0,0.0,0.72
768,6,100,7,101,0.010290349145158589,0.010939881979056107,0.006851568680790145,4565,Frontal_Mid_L,Cerebelum_7b_L,0.0,0.0,0.0,0.88
2607,25,58,26,59,-0.010757375949392,0.01093737297505113,0.010665550244321299,4566,Frontal_Med_Orb_R,Parietal_Sup_L,0.0,0.0,0.0,0.92
1761,16,58,17,59,-0.01077098467927683,0.010917997793114849,0.010363502546460979,4567,Rolandic_Oper_L,Parietal_Sup_L,0.0,0.0,0.0,0.94
1411,12,110,13,111,0.009998538766110645,0.010907283317223553,0.006455355255027127,4568,Frontal_Inf_Tri_L,Vermis_4_5,0.0,0.0,0.0,0.84
67,0,68,1,69,-0.010545035448656863,0.010901905756323337,0.006831472961622197,4569,Precentral_L,Paracentral_Lobule_L,0.0,0.0,0.0,0.92
4051,43,53,44,54,-0.010898633226527479,0.010898633226527479,0.008099806826703953,4570,Calcarine_R,Occipital_Inf_R,0.0,0.0,0.0,1.0
5465,66,87,67,88,-0.002463199800594023,0.010890917124068294,0.007121046290130211,4571,Precuneus_L,Temporal_Pole_Mid_R,0.0,0.0,0.0,0.56
3984,42,58,43,59,-0.010749215784535786,0.010890436911033346,0.010105334720439247,4572,Calcarine_L,Parietal_Sup_L,0.0,0.0,0.0,0.96
4194,45,55,46,56,-0.010141618832388425,0.010881915274813872,0.006439438557165957,4573,Cuneus_R,Fusiform_R,0.0,0.0,0.0,0.94
4079,43,81,44,82,0.002506666203027992,0.010879102568657562,0.007419232993864813,4574,Calcarine_R,Temporal_Sup_R,0.0,0.0,0.0,0.52
5718,71,110,72,111,0.005871178745746785,0.010863755392822088,0.005946266117435665,4575,Caudate_R,Vermis_4_5,0.0,0.0,0.0,0.56
4933,56,90,57,91,-0.006610254157261222,0.01086347482765855,0.004974609875817456,4576,Postcentral_L,Cerebelum_Crus1_L,0.0,0.0,0.0,0.68
4107,43,109,44,110,-0.01085929631268128,0.01085929631268128,0.00990752503431386,4577,Calcarine_R,Vermis_3,0.0,0.0,0.0,1.0
1452,13,49,14,50,0.00180095456015071,0.010859195456533261,0.00633707423860649,4578,Frontal_Inf_Tri_R,Occipital_Sup_R,0.0,0.0,0.0,0.56
5005,57,104,58,105,-0.007586016564883697,0.010857884084382182,0.006480165114423323,4579,Postcentral_R,Cerebelum_9_L,0.0,0.0,0.0,0.8
443,3,105,4,106,0.010551426320337539,0.010853178360302567,0.008148159702601188,4580,Frontal_Sup_R,Cerebelum_9_R,0.0,0.0,0.0,0.94
3793,39,89,40,90,0.008059078362166974,0.010847197500472765,0.006596529216556219,4581,ParaHippocampal_R,Temporal_Inf_R,0.0,0.0,0.0,0.74
2704,26,66,27,67,0.009276464672620232,0.010845072234146158,0.0052904067157135675,4582,Rectus_L,Precuneus_L,0.0,0.0,0.0,0.82
5497,67,71,68,72,0.004945192548318954,0.010844537124486882,0.008502171391850883,4583,Precuneus_R,Caudate_R,0.0,0.0,0.0,0.8
350,3,12,4,13,0.010388875253409115,0.0108301329111259,0.00786447033114637,4584,Frontal_Sup_R,Frontal_Inf_Tri_L,0.0,0.0,0.0,0.94
1942,18,44,19,45,0.0012362213448165597,0.01082432284744767,0.009726025850191715,4585,Supp_Motor_Area_L,Cuneus_L,0.0,0.0,0.0,0.6
3329,33,96,34,97,-0.0009782471196500382,0.010823417737092974,0.007085409323709784,4586,Cingulum_Mid_R,Cerebelum_4_5_L,0.0,0.0,0.0,0.76
3392,34,78,35,79,0.009839433101117697,0.010819356133673798,0.007992772499684624,4587,Cingulum_Post_L,Heschl_L,0.0,0.0,0.0,0.9
2784,27,58,28,59,-0.010605792661233649,0.01081665614307936,0.010357851294584797,4588,Rectus_R,Parietal_Sup_L,0.0,0.0,0.0,0.9
3121,31,53,32,54,-0.003349923271167042,0.010811136710454828,0.004626348575763547,4589,Cingulum_Ant_R,Occipital_Inf_R,0.0,0.0,0.0,0.54
2608,25,59,26,60,-0.010397969759848375,0.010810275635958403,0.008371703534921612,4590,Frontal_Med_Orb_R,Parietal_Sup_R,0.0,0.0,0.0,0.92
2804,27,78,28,79,0.008433424750133438,0.01080628539079596,0.0042755164872324645,4591,Rectus_R,Heschl_L,0.0,0.0,0.0,0.64
4844,55,60,56,61,-0.005574195345331171,0.010805145495762574,0.004649423885972953,4592,Fusiform_R,Parietal_Inf_L,0.0,0.0,0.0,0.66
1197,10,103,11,104,-0.009973229662878568,0.010804588126007509,0.00735120677733106,4593,Frontal_Inf_Oper_L,Cerebelum_8_R,0.0,0.0,0.0,0.86
2008,18,110,19,111,-0.010681168148537059,0.010803918881284963,0.0048955121405326475,4594,Supp_Motor_Area_L,Vermis_4_5,0.0,0.0,0.0,0.92
5460,66,82,67,83,-0.0007267919331865542,0.010801049509792451,0.006300166106224232,4595,Precuneus_L,Temporal_Pole_Sup_L,0.0,0.0,0.0,0.6
822,7,46,8,47,-0.01066165522226772,0.010799554116695819,0.00876621811607918,4596,Frontal_Mid_R,Lingual_L,0.0,0.0,0.0,0.94
4508,49,99,50,100,0.004216786838611753,0.010799424098857056,0.005172701397032438,4597,Occipital_Sup_R,Cerebelum_6_R,0.0,0.0,0.0,0.6
5099,59,85,60,86,-0.009552176027320756,0.010796777853030359,0.009535852537942202,4598,Parietal_Sup_R,Temporal_Mid_R,0.0,0.0,0.0,0.88
5801,73,108,74,109,-0.009048245220961156,0.010794284259271597,0.004879297644980133,4599,Putamen_R,Vermis_1_2,0.0,0.0,0.0,0.88
303,2,77,3,78,0.009874661659522142,0.010792346701250281,0.006980413229152653,4600,Frontal_Sup_L,Thalamus_R,0.0,0.0,0.0,0.8
2753,26,115,27,116,-0.0017680570967361863,0.010790987040301358,0.004917913618237526,4601,Rectus_L,Vermis_10,0.0,0.0,0.0,0.62
5604,69,85,70,86,0.0048023175767738365,0.010789618334836246,0.005633611871986716,4602,Paracentral_Lobule_R,Temporal_Mid_R,0.0,0.0,0.0,0.72
4247,45,108,46,109,-0.010783940356440097,0.010783940356440097,0.00922967425277076,4603,Cuneus_R,Vermis_1_2,0.0,0.0,0.0,1.0
1120,10,26,11,27,0.0073122659175032,0.010773324242718641,0.008501595742086934,4604,Frontal_Inf_Oper_L,Rectus_L,0.0,0.0,0.0,0.68
4720,53,57,54,58,-0.010601869955662228,0.010771372306453468,0.006828171431605945,4605,Occipital_Inf_R,Postcentral_R,0.0,0.0,0.0,0.98
4496,49,87,50,88,-0.009436263860083166,0.010761101349742676,0.00625275602393388,4606,Occipital_Sup_R,Temporal_Pole_Mid_R,0.0,0.0,0.0,0.86
4168,44,99,45,100,0.007403699311256743,0.010756227096804816,0.006973101666523422,4607,Cuneus_L,Cerebelum_6_R,0.0,0.0,0.0,0.82
4573,50,99,51,100,0.0004282152801752735,0.010754845293525076,0.006546806641780165,4608,Occipital_Mid_L,Cerebelum_6_R,0.0,0.0,0.0,0.7
4016,42,90,43,91,-0.00903198706574195,0.010742699781850728,0.003914991933130052,4609,Calcarine_L,Cerebelum_Crus1_L,0.0,0.0,0.0,0.68
1943,18,45,19,46,0.00030627016304968105,0.010729819419411946,0.008352744730717298,4610,Supp_Motor_Area_L,Cuneus_R,0.0,0.0,0.0,0.64
5481,66,103,67,104,0.0026687858615186146,0.010727234705561835,0.004660051861399129,4611,Precuneus_L,Cerebelum_8_R,0.0,0.0,0.0,0.72
6640,107,114,108,115,-0.006926171123158598,0.010725597738676042,0.004676623853383434,4612,Cerebelum_10_R,Vermis_9,0.0,0.0,0.0,0.74
4728,53,65,54,66,0.004747888431388488,0.010724680139499206,0.010246966368225845,4613,Occipital_Inf_R,Angular_R,0.0,0.0,0.0,0.6
4759,53,96,54,97,-0.010467753375756008,0.010713238432628409,0.004383519230048572,4614,Occipital_Inf_R,Cerebelum_4_5_L,0.0,0.0,0.0,0.96
4212,45,73,46,74,0.006721061052480889,0.010703453319795464,0.007020471786474487,4615,Cuneus_R,Putamen_R,0.0,0.0,0.0,0.78
4097,43,99,44,100,0.009624291267968208,0.010699406116326053,0.005979001609516003,4616,Calcarine_R,Cerebelum_6_R,0.0,0.0,0.0,0.88
5571,68,98,69,99,-0.005528836386423434,0.010684999934311674,0.007885559797490938,4617,Paracentral_Lobule_L,Cerebelum_6_L,0.0,0.0,0.0,0.64
4015,42,89,43,90,-0.009642036810539696,0.010682457078525078,0.006671250581573871,4618,Calcarine_L,Temporal_Inf_R,0.0,0.0,0.0,0.8
787,7,11,8,12,-0.005247103714771436,0.010680267446050114,0.008345054150591148,4619,Frontal_Mid_R,Frontal_Inf_Oper_R,0.0,0.0,0.0,0.68
4517,49,108,50,109,-0.01067865245413068,0.01067865245413068,0.01007566535448928,4620,Occipital_Sup_R,Vermis_1_2,0.0,0.0,0.0,1.0
4874,55,90,56,91,0.009634057110695276,0.010676833392498848,0.005669681549279631,4621,Fusiform_R,Cerebelum_Crus1_L,0.0,0.0,0.0,0.86
2925,28,112,29,113,-0.0045948858881555525,0.010675366948414278,0.005998924974830306,4622,Insula_L,Vermis_7,0.0,0.0,0.0,0.72
2470,23,102,24,103,-0.0004609301433286743,0.010670902805061581,0.005262803221738317,4623,Frontal_Sup_Medial_R,Cerebelum_8_L,0.0,0.0,0.0,0.52
1715,15,111,16,112,-0.009282010878692157,0.010670371763654079,0.009202340948183207,4624,Frontal_Inf_Orb_R,Vermis_6,0.0,0.0,0.0,0.92
6342,89,113,90,114,-0.00957656295294787,0.010670075942687533,0.006000432721415157,4625,Temporal_Inf_R,Vermis_8,0.0,0.0,0.0,0.78
3778,39,74,40,75,-0.004692883028257404,0.010659166261976081,0.005742066704060685,4626,ParaHippocampal_R,Pallidum_L,0.0,0.0,0.0,0.6
3850,40,71,41,72,0.003219105244756383,0.010650946440655888,0.005757636386525653,4627,Amygdala_L,Caudate_R,0.0,0.0,0.0,0.5
4922,56,79,57,80,0.010020660474418592,0.010644086697042376,0.005228819911585687,4628,Postcentral_L,Heschl_R,0.0,0.0,0.0,0.86
3192,32,41,33,42,-0.008958717244074843,0.010643695431467632,0.007736760216363414,4629,Cingulum_Mid_L,Amygdala_R,0.0,0.0,0.0,0.86
1322,12,21,13,22,-0.010641129892141363,0.010641129892141363,0.007287317250844443,4630,Frontal_Inf_Tri_L,Olfactory_R,0.0,0.0,0.0,1.0
4108,43,110,44,111,-0.010638646949160111,0.010638646949160111,0.010196679687384228,4631,Calcarine_R,Vermis_4_5,0.0,0.0,0.0,1.0
4126,44,57,45,58,-0.010637869472744865,0.010637869472744865,0.0075713950060022316,4632,Cuneus_L,Postcentral_R,0.0,0.0,0.0,1.0
4109,43,111,44,112,-0.010637184571869381,0.010637184571869381,0.008913727907228598,4633,Calcarine_R,Vermis_6,0.0,0.0,0.0,1.0
3371,34,57,35,58,0.00953437997592222,0.01062977004184205,0.004099783181634561,4634,Cingulum_Post_L,Postcentral_R,0.0,0.0,0.0,0.76
6624,105,115,106,116,0.002795836079474508,0.010628900486273884,0.006355814030629226,4635,Cerebelum_9_R,Vermis_10,0.0,0.0,0.0,0.6
5291,62,115,63,116,-0.009884539960160494,0.010625475023121904,0.009423226060343808,4636,SupraMarginal_L,Vermis_10,0.0,0.0,0.0,0.86
2509,24,50,25,51,0.009030116361988777,0.01061884472334135,0.004249113771646723,4637,Frontal_Med_Orb_L,Occipital_Mid_L,0.0,0.0,0.0,0.68
4443,48,100,49,101,0.007178611634156139,0.01061633863446456,0.00688318376231643,4638,Occipital_Sup_L,Cerebelum_7b_L,0.0,0.0,0.0,0.68
3921,41,68,42,69,-0.010070667909129648,0.010611037863867422,0.008817952371210393,4639,Amygdala_R,Paracentral_Lobule_L,0.0,0.0,0.0,0.96
2041,19,47,20,48,-0.009784680139632528,0.010609679432783485,0.007204542148794143,4640,Supp_Motor_Area_R,Lingual_R,0.0,0.0,0.0,0.9
2751,26,113,27,114,0.00995451899344011,0.01060429485845728,0.006682814454968029,4641,Rectus_L,Vermis_8,0.0,0.0,0.0,0.98
5036,58,78,59,79,-0.01015448372220681,0.010602082676747242,0.01005399501797175,4642,Parietal_Sup_L,Heschl_L,0.0,0.0,0.0,0.86
6509,97,108,98,109,0.010207795579284489,0.010601852447731928,0.004948019073401625,4643,Cerebelum_4_5_R,Vermis_1_2,0.0,0.0,0.0,0.94
2937,29,38,30,39,-0.004629499933163328,0.010598881520758198,0.007572243552515907,4644,Insula_R,ParaHippocampal_L,0.0,0.0,0.0,0.54
3833,40,54,41,55,-0.010594648468825928,0.010594648468825928,0.010129436368758574,4645,Amygdala_L,Fusiform_L,0.0,0.0,0.0,1.0
5976,78,88,79,89,0.0023385593866131456,0.010594317670895845,0.004931287143627011,4646,Heschl_L,Temporal_Inf_L,0.0,0.0,0.0,0.52
2224,21,41,22,42,-0.010543712102600132,0.010592794626987898,0.008546533231129427,4647,Olfactory_R,Amygdala_R,0.0,0.0,0.0,0.98
1570,14,66,15,67,0.008800209004045911,0.010590910764585636,0.00652327389278788,4648,Frontal_Inf_Orb_L,Precuneus_L,0.0,0.0,0.0,0.84
821,7,45,8,46,-0.009895182564240384,0.010587492652118143,0.007114410791036604,4649,Frontal_Mid_R,Cuneus_R,0.0,0.0,0.0,0.9
183,1,70,2,71,-0.003658746706461439,0.010585305713834736,0.005208729707744421,4650,Precentral_R,Caudate_L,0.0,0.0,0.0,0.54
1896,17,95,18,96,-0.009094845295943618,0.0105767694673078,0.005060522839473915,4651,Rolandic_Oper_R,Cerebelum_3_R,0.0,0.0,0.0,0.8
1409,12,108,13,109,-0.001185208840066464,0.010575265340708644,0.006052922130226186,4652,Frontal_Inf_Tri_L,Vermis_1_2,0.0,0.0,0.0,0.68
2767,27,41,28,42,-0.008042660826780415,0.01057478609118718,0.004233847598707409,4653,Rectus_R,Amygdala_R,0.0,0.0,0.0,0.66
4201,45,62,46,63,0.009681011113372827,0.010573227772172282,0.008369277261492399,4654,Cuneus_R,SupraMarginal_L,0.0,0.0,0.0,0.84
4348,47,72,48,73,0.002363762771512308,0.010570186889257718,0.007030477035973806,4655,Lingual_R,Putamen_L,0.0,0.0,0.0,0.76
4157,44,88,45,89,-0.007881465787311326,0.01056953254467605,0.0035343287933083693,4656,Cuneus_L,Temporal_Inf_L,0.0,0.0,0.0,0.82
4830,54,106,55,107,-0.0017146870051583704,0.010567607953040679,0.007305450043402049,4657,Fusiform_L,Cerebelum_10_L,0.0,0.0,0.0,0.7
5283,62,107,63,108,-0.009193393271854372,0.010560589027395635,0.0052283332148995425,4658,SupraMarginal_L,Cerebelum_10_R,0.0,0.0,0.0,0.76
5464,66,86,67,87,0.004351389149616583,0.010543792329100455,0.006674264134933562,4659,Precuneus_L,Temporal_Pole_Mid_L,0.0,0.0,0.0,0.52
5626,69,107,70,108,-0.0020157749667630855,0.010543326633370289,0.007193310364985654,4660,Paracentral_Lobule_R,Cerebelum_10_R,0.0,0.0,0.0,0.54
4412,48,69,49,70,-0.010543321276346775,0.010543321276346775,0.007963596746928762,4661,Occipital_Sup_L,Paracentral_Lobule_R,0.0,0.0,0.0,1.0
5613,69,94,70,95,0.00556122978394253,0.010542864479172648,0.005085634757448465,4662,Paracentral_Lobule_R,Cerebelum_3_L,0.0,0.0,0.0,0.66
4577,50,103,51,104,-0.009232733679900691,0.010541104438031109,0.004554208897737236,4663,Occipital_Mid_L,Cerebelum_8_R,0.0,0.0,0.0,0.86
5113,59,99,60,100,-0.009779603966099266,0.010540027127889358,0.009587976411037797,4664,Parietal_Sup_R,Cerebelum_6_R,0.0,0.0,0.0,0.9
2271,21,88,22,89,-0.010539816493121017,0.010539816493121017,0.00895268118963924,4665,Olfactory_R,Temporal_Inf_L,0.0,0.0,0.0,1.0
4881,55,97,56,98,-0.008426045263463411,0.010535260555663416,0.005672031621882338,4666,Fusiform_R,Cerebelum_4_5_R,0.0,0.0,0.0,0.76
123,1,10,2,11,0.0072829677593872185,0.010533596743483382,0.008234654665134568,4667,Precentral_R,Frontal_Inf_Oper_L,0.0,0.0,0.0,0.7
4509,49,100,50,101,0.004433523167817066,0.010532543374180647,0.0055685576280061905,4668,Occipital_Sup_R,Cerebelum_7b_L,0.0,0.0,0.0,0.5
2112,20,23,21,24,-0.010531059863745118,0.010531059863745118,0.010355145771696512,4669,Olfactory_L,Frontal_Sup_Medial_R,0.0,0.0,0.0,1.0
3288,33,55,34,56,0.0026168729681148497,0.010530012600096535,0.0052187899786428436,4670,Cingulum_Mid_R,Fusiform_R,0.0,0.0,0.0,0.64
3911,41,58,42,59,-0.010243645878051634,0.010527007003576054,0.008690588624314464,4671,Amygdala_R,Parietal_Sup_L,0.0,0.0,0.0,0.9
1775,16,72,17,73,0.0051346595954311755,0.010525672336870455,0.0046843741395080265,4672,Rolandic_Oper_L,Putamen_L,0.0,0.0,0.0,0.68
4323,46,115,47,116,-0.010424626884022231,0.010524287215369653,0.006876340505439929,4673,Lingual_L,Vermis_10,0.0,0.0,0.0,0.96
1895,17,94,18,95,0.007383700080100938,0.010522582246631853,0.006213095315167999,4674,Rolandic_Oper_R,Cerebelum_3_L,0.0,0.0,0.0,0.88
6364,90,110,91,111,0.005218005514844037,0.010516038817778956,0.0052824555421294595,4675,Cerebelum_Crus1_L,Vermis_4_5,0.0,0.0,0.0,0.5
106,0,107,1,108,-0.00867199016969027,0.01050931987366824,0.007127277693021492,4676,Precentral_L,Cerebelum_10_R,0.0,0.0,0.0,0.84
4796,54,72,55,73,-0.009308280429782743,0.01050698148511017,0.0038780106392917227,4677,Fusiform_L,Putamen_L,0.0,0.0,0.0,0.78
4647,51,109,52,110,-0.010504289773928237,0.010504289773928237,0.009367701927240735,4678,Occipital_Mid_R,Vermis_3,0.0,0.0,0.0,1.0
2370,22,94,23,95,-0.0030045301953596825,0.010504155854041465,0.007752776012564168,4679,Frontal_Sup_Medial_L,Cerebelum_3_L,0.0,0.0,0.0,0.56
4046,43,48,44,49,0.01021060962393886,0.010500651576683569,0.006062391559919631,4680,Calcarine_R,Occipital_Sup_L,0.0,0.0,0.0,0.96
118,1,5,2,6,-0.0037423332792602287,0.010498400444308966,0.008230454894730923,4681,Precentral_R,Frontal_Sup_Orb_R,0.0,0.0,0.0,0.76
2513,24,54,25,55,-0.0009692048075225269,0.010493395370601438,0.006145027065065237,4682,Frontal_Med_Orb_L,Fusiform_L,0.0,0.0,0.0,0.72
6623,105,114,106,115,-0.008220106521488883,0.010493335469297711,0.005142265974239033,4683,Cerebelum_9_R,Vermis_9,0.0,0.0,0.0,0.72
3030,30,46,31,47,-0.004907119305787946,0.010493138382534463,0.007563138559736424,4684,Cingulum_Ant_L,Lingual_L,0.0,0.0,0.0,0.74
298,2,72,3,73,-0.009592420040323133,0.0104887615241682,0.00835463488148332,4685,Frontal_Sup_L,Putamen_L,0.0,0.0,0.0,0.84
2251,21,68,22,69,-0.010478447185624134,0.010478447185624134,0.008581336364132455,4686,Olfactory_R,Paracentral_Lobule_L,0.0,0.0,0.0,1.0
2033,19,39,20,40,-0.005252885350659709,0.010477676247503964,0.0052474904228969645,4687,Supp_Motor_Area_R,ParaHippocampal_R,0.0,0.0,0.0,0.52
1932,18,34,19,35,-0.007548432327860432,0.010470429049752327,0.006345625095409709,4688,Supp_Motor_Area_L,Cingulum_Post_L,0.0,0.0,0.0,0.72
1640,15,36,16,37,0.005940808306187626,0.010460947648611295,0.005903961903414531,4689,Frontal_Inf_Orb_R,Hippocampus_L,0.0,0.0,0.0,0.74
2234,21,51,22,52,-0.010459070969523015,0.010459070969523015,0.009940954608034631,4690,Olfactory_R,Occipital_Mid_R,0.0,0.0,0.0,1.0
6646,108,113,109,114,-0.009362069213383699,0.010455886950573175,0.003599360806620924,4691,Vermis_1_2,Vermis_8,0.0,0.0,0.0,0.76
4637,51,99,52,100,0.008384376150416711,0.01045297900630922,0.006937592278537009,4692,Occipital_Mid_R,Cerebelum_6_R,0.0,0.0,0.0,0.88
2862,28,49,29,50,-0.007657736445960391,0.010452341293859059,0.006389567903427764,4693,Insula_L,Occipital_Sup_R,0.0,0.0,0.0,0.74
6601,103,113,104,114,0.009807340336045156,0.010451529192074096,0.00413207893090411,4694,Cerebelum_8_R,Vermis_8,0.0,0.0,0.0,0.82
2690,26,52,27,53,-0.010365562715264742,0.010451431740772921,0.005826529027956346,4695,Rectus_L,Occipital_Inf_L,0.0,0.0,0.0,0.96
5975,78,87,79,88,0.0013952311562187133,0.010450123422750188,0.004598320985550354,4696,Heschl_L,Temporal_Pole_Mid_R,0.0,0.0,0.0,0.54
149,1,36,2,37,0.007142330244074299,0.010448320171974144,0.003611181643241192,4697,Precentral_R,Hippocampus_L,0.0,0.0,0.0,0.74
1203,10,109,11,110,-0.009946055985370387,0.010447148452562277,0.009340450954919793,4698,Frontal_Inf_Oper_L,Vermis_3,0.0,0.0,0.0,0.88
3033,30,49,31,50,-0.0005797040922494438,0.010445278301922762,0.006175264805421056,4699,Cingulum_Ant_L,Occipital_Sup_R,0.0,0.0,0.0,0.54
2038,19,44,20,45,0.0047881033772731365,0.010434510909168148,0.005794404313566575,4700,Supp_Motor_Area_R,Cuneus_L,0.0,0.0,0.0,0.56
4707,52,106,53,107,0.0010237249502051664,0.010429036708939757,0.004533245102451145,4701,Occipital_Inf_L,Cerebelum_10_L,0.0,0.0,0.0,0.66
4239,45,100,46,101,0.0039293252013789335,0.010423061118323527,0.004824262572788658,4702,Cuneus_R,Cerebelum_7b_L,0.0,0.0,0.0,0.62
2766,27,40,28,41,-0.006958161012827955,0.010420262911622923,0.005171028580855301,4703,Rectus_R,Amygdala_L,0.0,0.0,0.0,0.76
5927,76,114,77,115,0.001191579645663413,0.010417004949986661,0.006561306522717636,4704,Thalamus_L,Vermis_9,0.0,0.0,0.0,0.7
23,0,24,1,25,-0.003493309564964456,0.01041547219128527,0.005708647378072019,4705,Precentral_L,Frontal_Med_Orb_L,0.0,0.0,0.0,0.74
4118,44,49,45,50,-0.009332342457949689,0.010413644947724138,0.003978087752938975,4706,Cuneus_L,Occipital_Sup_R,0.0,0.0,0.0,0.82
730,6,62,7,63,-0.007123899782827045,0.01041344362162965,0.006237076280515495,4707,Frontal_Mid_L,SupraMarginal_L,0.0,0.0,0.0,0.72
3577,36,104,37,105,-0.002970634349419155,0.01040345493210572,0.005783861305538153,4708,Hippocampus_L,Cerebelum_9_L,0.0,0.0,0.0,0.72
1721,16,18,17,19,-0.005248599019970063,0.01040212920741953,0.006980487922045565,4709,Rolandic_Oper_L,Supp_Motor_Area_L,0.0,0.0,0.0,0.8
6026,79,102,80,103,0.0010829588461085309,0.010396749441837883,0.0054082771646995435,4710,Heschl_R,Cerebelum_8_L,0.0,0.0,0.0,0.66
4467,49,58,50,59,-0.010091403917513475,0.010392776443465968,0.010209071015009043,4711,Occipital_Sup_R,Parietal_Sup_L,0.0,0.0,0.0,0.92
1945,18,47,19,48,0.0069407967113155,0.0103864537513346,0.007523403782048747,4712,Supp_Motor_Area_L,Lingual_R,0.0,0.0,0.0,0.6
4081,43,83,44,84,0.010385118979212018,0.010385118979212018,0.005833684767704454,4713,Calcarine_R,Temporal_Pole_Sup_R,0.0,0.0,0.0,1.0
1181,10,87,11,88,0.006863711819623554,0.010385041647841145,0.005436616662650759,4714,Frontal_Inf_Oper_L,Temporal_Pole_Mid_R,0.0,0.0,0.0,0.66
2717,26,79,27,80,0.010001818623030371,0.010383213169074852,0.004555768802517777,4715,Rectus_L,Heschl_R,0.0,0.0,0.0,0.88
6256,86,108,87,109,0.0066837856809844245,0.010381570825112912,0.004173299441044543,4716,Temporal_Pole_Mid_L,Vermis_1_2,0.0,0.0,0.0,0.72
2674,26,36,27,37,0.0059023011501457365,0.01037872043811498,0.006100295864466037,4717,Rectus_L,Hippocampus_L,0.0,0.0,0.0,0.8
3542,36,69,37,70,-0.008756520944976224,0.010376884318451875,0.005484481521571934,4718,Hippocampus_L,Paracentral_Lobule_R,0.0,0.0,0.0,0.86
2934,29,35,30,36,0.005662880483234356,0.010374341665483415,0.006212985444727548,4719,Insula_R,Cingulum_Post_R,0.0,0.0,0.0,0.64
2374,22,98,23,99,-4.9258631121387954e-05,0.010372364212418762,0.005944312392817378,4720,Frontal_Sup_Medial_L,Cerebelum_6_L,0.0,0.0,0.0,0.56
2857,28,44,29,45,0.0027069769096158373,0.010367600080163304,0.005423002088240382,4721,Insula_L,Cuneus_L,0.0,0.0,0.0,0.6
1260,11,62,12,63,0.007086320724153661,0.01036381447582909,0.006229490518355514,4722,Frontal_Inf_Oper_R,SupraMarginal_L,0.0,0.0,0.0,0.68
6610,104,111,105,112,-0.005134340024841453,0.010362398149666673,0.006986844496671381,4723,Cerebelum_9_L,Vermis_6,0.0,0.0,0.0,0.76
5234,61,111,62,112,-0.008897802508744269,0.01036216467147862,0.00918986432902549,4724,Parietal_Inf_R,Vermis_6,0.0,0.0,0.0,0.78
1950,18,52,19,53,0.004670031253041587,0.010361394916119718,0.006145732433911812,4725,Supp_Motor_Area_L,Occipital_Inf_L,0.0,0.0,0.0,0.58
2661,25,112,26,113,0.005949752453361558,0.0103586666110363,0.00464345683351698,4726,Frontal_Med_Orb_R,Vermis_7,0.0,0.0,0.0,0.64
417,3,79,4,80,0.010200981390522596,0.010356304164653567,0.008896439118371678,4727,Frontal_Sup_R,Heschl_R,0.0,0.0,0.0,0.96
4914,56,71,57,72,0.009320283400563147,0.010355466116089795,0.0037452580900845557,4728,Postcentral_L,Caudate_R,0.0,0.0,0.0,0.78
1199,10,105,11,106,0.00726213169407489,0.010345648238276328,0.007607740347010427,4729,Frontal_Inf_Oper_L,Cerebelum_9_R,0.0,0.0,0.0,0.66
5038,58,80,59,81,-0.007778575011293389,0.010345450840855953,0.010450001420026401,4730,Parietal_Sup_L,Temporal_Sup_L,0.0,0.0,0.0,0.78
6645,108,112,109,113,0.01034464825296049,0.01034464825296049,0.0055587829290114155,4731,Vermis_1_2,Vermis_7,0.0,0.0,0.0,1.0
819,7,43,8,44,-0.010214928590949366,0.010339300260972501,0.007155292721564755,4732,Frontal_Mid_R,Calcarine_R,0.0,0.0,0.0,0.94
3835,40,56,41,57,-0.010215364425943795,0.01033663979056709,0.00841253218703714,4733,Amygdala_L,Postcentral_L,0.0,0.0,0.0,0.98
2189,20,100,21,101,-0.010332346447612367,0.010332346447612367,0.007449587641886402,4734,Olfactory_L,Cerebelum_7b_L,0.0,0.0,0.0,1.0
5475,66,97,67,98,-0.009068109142948142,0.010332244503094383,0.007598739907724222,4735,Precuneus_L,Cerebelum_4_5_R,0.0,0.0,0.0,0.84
6474,95,110,96,111,0.008822676482325164,0.010330193242895597,0.004025753385350985,4736,Cerebelum_3_R,Vermis_4_5,0.0,0.0,0.0,0.78
4174,44,105,45,106,-0.003892066014623889,0.010325336066731472,0.0049485317728157965,4737,Cuneus_L,Cerebelum_9_R,0.0,0.0,0.0,0.56
876,7,100,8,101,0.00433917772038156,0.010322176751314265,0.006277212834240684,4738,Frontal_Mid_R,Cerebelum_7b_L,0.0,0.0,0.0,0.52
687,6,19,7,20,0.008955779975971545,0.01031803603591784,0.007145317305807154,4739,Frontal_Mid_L,Supp_Motor_Area_R,0.0,0.0,0.0,0.78
2950,29,51,30,52,0.009379579235553564,0.010317849473357425,0.004429938025846951,4740,Insula_R,Occipital_Mid_R,0.0,0.0,0.0,0.78
199,1,86,2,87,-0.0006140966879840065,0.010313793687949806,0.00635239711934513,4741,Precentral_R,Temporal_Pole_Mid_L,0.0,0.0,0.0,0.62
4113,43,115,44,116,-0.010311875425077634,0.010311875425077634,0.008861731235024699,4742,Calcarine_R,Vermis_10,0.0,0.0,0.0,1.0
803,7,27,8,28,-0.010140455876585344,0.010311711415313715,0.00840466478048043,4743,Frontal_Mid_R,Rectus_R,0.0,0.0,0.0,0.94
808,7,32,8,33,-0.005010780473374928,0.010310903574038199,0.00780337303930542,4744,Frontal_Mid_R,Cingulum_Mid_L,0.0,0.0,0.0,0.68
3919,41,66,42,67,-0.009697212526494251,0.010308451224329713,0.005941915446662954,4745,Amygdala_R,Precuneus_L,0.0,0.0,0.0,0.84
5255,62,79,63,80,0.008814501265318252,0.010304330715839017,0.007823115801533657,4746,SupraMarginal_L,Heschl_R,0.0,0.0,0.0,0.78
6657,110,113,111,114,-0.010301413740578174,0.010301413740578174,0.008432260366322606,4747,Vermis_4_5,Vermis_8,0.0,0.0,0.0,1.0
4434,48,91,49,92,-0.003549918096454928,0.010298226320252664,0.0054151181057714515,4748,Occipital_Sup_L,Cerebelum_Crus1_R,0.0,0.0,0.0,0.52
3116,31,48,32,49,0.0023096178106127925,0.01029308768572541,0.004640596585832439,4749,Cingulum_Ant_R,Occipital_Sup_L,0.0,0.0,0.0,0.54
3527,36,54,37,55,0.008153571693886343,0.010290554058317056,0.003459399337601635,4750,Hippocampus_L,Fusiform_L,0.0,0.0,0.0,0.82
1148,10,54,11,55,-0.00961373907432111,0.010289982413527183,0.00878999140666355,4751,Frontal_Inf_Oper_L,Fusiform_L,0.0,0.0,0.0,0.86
3886,40,107,41,108,-0.006067476145710459,0.01028765158021457,0.005612219481342832,4752,Amygdala_L,Cerebelum_10_R,0.0,0.0,0.0,0.7
4333,47,57,48,58,-0.010285496480341851,0.010285496480341851,0.007847960343239188,4753,Lingual_R,Postcentral_R,0.0,0.0,0.0,1.0
397,3,59,4,60,-0.007993016944652051,0.010284377046079034,0.006927979504187126,4754,Frontal_Sup_R,Parietal_Sup_R,0.0,0.0,0.0,0.74
3535,36,62,37,63,0.00878324553596307,0.010283219651997702,0.006060049658417597,4755,Hippocampus_L,SupraMarginal_L,0.0,0.0,0.0,0.8
4080,43,82,44,83,-0.009507014786800577,0.010278607124139692,0.004618262561633675,4756,Calcarine_R,Temporal_Pole_Sup_L,0.0,0.0,0.0,0.86
4694,52,93,53,94,0.0052936717045433245,0.010278455713686917,0.008325568735478853,4757,Occipital_Inf_L,Cerebelum_Crus2_R,0.0,0.0,0.0,0.78
5672,70,108,71,109,-0.0018511530649599104,0.010277467404939344,0.004759263059669212,4758,Caudate_L,Vermis_1_2,0.0,0.0,0.0,0.64
3113,31,45,32,46,-0.0069744063332619795,0.01027552516566006,0.00585818487146329,4759,Cingulum_Ant_R,Cuneus_R,0.0,0.0,0.0,0.7
4139,44,70,45,71,0.002718289355121956,0.010272253873435402,0.007624710477386611,4760,Cuneus_L,Caudate_L,0.0,0.0,0.0,0.72
3613,37,62,38,63,0.008690399339503621,0.010265865844103082,0.006776830572297726,4761,Hippocampus_R,SupraMarginal_L,0.0,0.0,0.0,0.82
3433,35,39,36,40,-0.004687027293559293,0.010265773854471383,0.007237076678705882,4762,Cingulum_Post_R,ParaHippocampal_R,0.0,0.0,0.0,0.78
4245,45,106,46,107,-0.008154650010203527,0.010255249802873739,0.0071046834654411506,4763,Cuneus_R,Cerebelum_10_L,0.0,0.0,0.0,0.84
2331,22,55,23,56,0.010048283002953488,0.010254896903980197,0.004031778403360135,4764,Frontal_Sup_Medial_L,Fusiform_R,0.0,0.0,0.0,0.88
4285,46,77,47,78,-0.007754845295482609,0.010249423239268139,0.0070266394125442205,4765,Lingual_L,Thalamus_R,0.0,0.0,0.0,0.8
407,3,69,4,70,-0.004888940578038832,0.01024182930167728,0.007974984393233207,4766,Frontal_Sup_R,Paracentral_Lobule_R,0.0,0.0,0.0,0.6
4436,48,93,49,94,0.005383656085737361,0.01023956802642835,0.0075296663925123065,4767,Occipital_Sup_L,Cerebelum_Crus2_R,0.0,0.0,0.0,0.72
2507,24,48,25,49,-0.007586648706763999,0.010236754791245856,0.005507921762668602,4768,Frontal_Med_Orb_L,Occipital_Sup_L,0.0,0.0,0.0,0.86
3883,40,104,41,105,-0.003975328156013822,0.010236467718919305,0.005395021147423468,4769,Amygdala_L,Cerebelum_9_L,0.0,0.0,0.0,0.7
434,3,96,4,97,0.00999045499884345,0.010233483128846579,0.007746503957424037,4770,Frontal_Sup_R,Cerebelum_4_5_L,0.0,0.0,0.0,0.94
2429,23,61,24,62,0.009142759986664828,0.010231206522023348,0.0067785975541483495,4771,Frontal_Sup_Medial_R,Parietal_Inf_R,0.0,0.0,0.0,0.86
1871,17,70,18,71,0.008033601072605125,0.010213340036869124,0.006324182459767036,4772,Rolandic_Oper_R,Caudate_L,0.0,0.0,0.0,0.84
5813,74,79,75,80,-0.004875164313309643,0.01021324617584594,0.004849442574181632,4773,Pallidum_L,Heschl_R,0.0,0.0,0.0,0.54
4096,43,98,44,99,0.00504906108247755,0.010212652665259551,0.004794877573381699,4774,Calcarine_R,Cerebelum_6_L,0.0,0.0,0.0,0.84
1208,10,114,11,115,-0.009505939641950284,0.01020395242425486,0.008429724946934648,4775,Frontal_Inf_Oper_L,Vermis_9,0.0,0.0,0.0,0.88
3281,33,48,34,49,0.006713432563380219,0.010192691942260827,0.0033737441289463325,4776,Cingulum_Mid_R,Occipital_Sup_L,0.0,0.0,0.0,0.54
3187,32,36,33,37,-0.005866981386523756,0.010181562883822265,0.004666470569529757,4777,Cingulum_Mid_L,Hippocampus_L,0.0,0.0,0.0,0.6
5063,58,105,59,106,-0.009055878388598736,0.01017275861420462,0.009320482224306202,4778,Parietal_Sup_L,Cerebelum_9_R,0.0,0.0,0.0,0.88
4231,45,92,46,93,0.006739167267033871,0.010170290317656323,0.005732504958268411,4779,Cuneus_R,Cerebelum_Crus2_L,0.0,0.0,0.0,0.78
2049,19,55,20,56,-0.005712722401740767,0.010169043319325728,0.006128205267158565,4780,Supp_Motor_Area_R,Fusiform_R,0.0,0.0,0.0,0.76
2759,27,33,28,34,-1.631718483264645e-05,0.01016539433774401,0.007081314913272408,4781,Rectus_R,Cingulum_Mid_R,0.0,0.0,0.0,0.6
422,3,84,4,85,0.0015877569593286422,0.010162030938541473,0.007119170415534509,4782,Frontal_Sup_R,Temporal_Mid_L,0.0,0.0,0.0,0.64
169,1,56,2,57,-0.009570653235981885,0.01015838938344555,0.006364794573061867,4783,Precentral_R,Postcentral_L,0.0,0.0,0.0,0.9
5207,61,84,62,85,0.009218761926543017,0.0101540395233325,0.005851827448268622,4784,Parietal_Inf_R,Temporal_Mid_L,0.0,0.0,0.0,0.84
2268,21,85,22,86,-0.010152040895719581,0.010152040895719581,0.009634688935535533,4785,Olfactory_R,Temporal_Mid_R,0.0,0.0,0.0,1.0
6589,102,113,103,114,0.006591806653394331,0.010150905696072441,0.004557180268921507,4786,Cerebelum_8_L,Vermis_8,0.0,0.0,0.0,0.52
9,0,10,1,11,0.006082584299191679,0.01014774304503164,0.009446167427366786,4787,Precentral_L,Frontal_Inf_Oper_L,0.0,0.0,0.0,0.68
3532,36,59,37,60,-0.009719846082475243,0.01014636293218227,0.009565018225268755,4788,Hippocampus_L,Parietal_Sup_R,0.0,0.0,0.0,0.92
4028,42,102,43,103,-0.008860939179705546,0.010144696039991175,0.0049804458770198075,4789,Calcarine_L,Cerebelum_8_L,0.0,0.0,0.0,0.82
1517,13,114,14,115,-0.003687386966487337,0.010139845323324704,0.005871174098646067,4790,Frontal_Inf_Tri_R,Vermis_9,0.0,0.0,0.0,0.68
3437,35,43,36,44,-0.01012752275447323,0.01012752275447323,0.006265672359379464,4791,Cingulum_Post_R,Calcarine_R,0.0,0.0,0.0,1.0
5921,76,108,77,109,0.0004086659140513885,0.010126189183040533,0.0054714412985695585,4792,Thalamus_L,Vermis_1_2,0.0,0.0,0.0,0.62
325,2,99,3,100,0.008139491413130797,0.010125460798887022,0.006428581063048047,4793,Frontal_Sup_L,Cerebelum_6_R,0.0,0.0,0.0,0.82
1562,14,58,15,59,0.003900000816420558,0.010124608432391853,0.008151011378579402,4794,Frontal_Inf_Orb_L,Parietal_Sup_L,0.0,0.0,0.0,0.56
134,1,21,2,22,-0.010123685658108027,0.010123685658108027,0.008638774830959506,4795,Precentral_R,Olfactory_R,0.0,0.0,0.0,1.0
3878,40,99,41,100,0.005861073315399428,0.010121647855642915,0.006246175462069514,4796,Amygdala_L,Cerebelum_6_R,0.0,0.0,0.0,0.62
157,1,44,2,45,-0.009124033653773964,0.010119538287617405,0.007532286185000087,4797,Precentral_R,Cuneus_L,0.0,0.0,0.0,0.9
2416,23,48,24,49,-0.009984452944847864,0.01011762107452527,0.006757770266472203,4798,Frontal_Sup_Medial_R,Occipital_Sup_L,0.0,0.0,0.0,0.94
2499,24,40,25,41,-0.007017420248207168,0.010116310014235255,0.007882701208278378,4799,Frontal_Med_Orb_L,Amygdala_L,0.0,0.0,0.0,0.76
326,2,100,3,101,0.008690154356081304,0.010111725090271424,0.004587627369053618,4800,Frontal_Sup_L,Cerebelum_7b_L,0.0,0.0,0.0,0.7
2437,23,69,24,70,-0.00557048698548493,0.010110353669881729,0.006586251559681332,4801,Frontal_Sup_Medial_R,Paracentral_Lobule_R,0.0,0.0,0.0,0.84
4918,56,75,57,76,-0.002553413762334411,0.010109624737153943,0.007310456094233369,4802,Postcentral_L,Pallidum_R,0.0,0.0,0.0,0.74
5606,69,87,70,88,0.004312634379455207,0.010105396879749963,0.00571390270021903,4803,Paracentral_Lobule_R,Temporal_Pole_Mid_R,0.0,0.0,0.0,0.54
3526,36,53,37,54,-0.009591910394744227,0.01010300357620667,0.0045186120657883366,4804,Hippocampus_L,Occipital_Inf_R,0.0,0.0,0.0,0.92
3517,36,44,37,45,0.008607474988021812,0.010101985288952897,0.005371027547655028,4805,Hippocampus_L,Cuneus_L,0.0,0.0,0.0,0.8
3277,33,44,34,45,0.004219794985169586,0.010096214061383961,0.007283129273760512,4806,Cingulum_Mid_R,Cuneus_L,0.0,0.0,0.0,0.56
1582,14,78,15,79,0.009094394426756785,0.010090476950758043,0.006032571538785281,4807,Frontal_Inf_Orb_L,Heschl_L,0.0,0.0,0.0,0.88
5568,68,95,69,96,-0.0008214738897479684,0.010090389769423669,0.007026319052247673,4808,Paracentral_Lobule_L,Cerebelum_3_R,0.0,0.0,0.0,0.7
5041,58,83,59,84,0.0016153245991004919,0.010087521023424507,0.008857275105878247,4809,Parietal_Sup_L,Temporal_Pole_Sup_R,0.0,0.0,0.0,0.56
5072,58,114,59,115,-0.009893709086777744,0.010086743893178839,0.00919873493829207,4810,Parietal_Sup_L,Vermis_9,0.0,0.0,0.0,0.92
3864,40,85,41,86,0.006477576684584091,0.010084846990666032,0.003963484416082628,4811,Amygdala_L,Temporal_Mid_R,0.0,0.0,0.0,0.58
2176,20,87,21,88,-0.01008215214817777,0.01008215214817777,0.007835905305641834,4812,Olfactory_L,Temporal_Pole_Mid_R,0.0,0.0,0.0,1.0
855,7,79,8,80,0.004924104269253213,0.010074023999006667,0.009909877696163603,4813,Frontal_Mid_R,Heschl_R,0.0,0.0,0.0,0.58
6452,94,108,95,109,0.0043435486136523885,0.010073672480318157,0.004211671793841805,4814,Cerebelum_3_L,Vermis_1_2,0.0,0.0,0.0,0.6
342,3,4,4,5,0.009677626458850052,0.010073244064561204,0.008176299303813101,4815,Frontal_Sup_R,Frontal_Sup_Orb_L,0.0,0.0,0.0,0.94
3851,40,72,41,73,-0.002644966290340435,0.010073155844022026,0.0050263402280531,4816,Amygdala_L,Putamen_L,0.0,0.0,0.0,0.7
2063,19,69,20,70,0.004953620790761243,0.01006969682751306,0.006477270772227192,4817,Supp_Motor_Area_R,Paracentral_Lobule_R,0.0,0.0,0.0,0.52
1187,10,93,11,94,0.004481284681894169,0.010068260521791708,0.006495076934942326,4818,Frontal_Inf_Oper_L,Cerebelum_Crus2_R,0.0,0.0,0.0,0.56
3453,35,59,36,60,-0.008808330654074029,0.01006707135493807,0.009819545132193495,4819,Cingulum_Post_R,Parietal_Sup_R,0.0,0.0,0.0,0.84
2678,26,40,27,41,0.006908946550310064,0.010066343889449426,0.005395388500712183,4820,Rectus_L,Amygdala_L,0.0,0.0,0.0,0.7
1163,10,69,11,70,0.007086752085229023,0.010063106847993745,0.007321181197437347,4821,Frontal_Inf_Oper_L,Paracentral_Lobule_R,0.0,0.0,0.0,0.7
219,1,106,2,107,0.0019648697829388077,0.010060840421525424,0.004534997615476207,4822,Precentral_R,Cerebelum_10_L,0.0,0.0,0.0,0.52
289,2,63,3,64,-0.008167413825978749,0.010058758765630157,0.006713300198731804,4823,Frontal_Sup_L,SupraMarginal_R,0.0,0.0,0.0,0.72
6653,109,114,110,115,-0.010037982475539848,0.01005459351117038,0.007703936390839334,4824,Vermis_3,Vermis_9,0.0,0.0,0.0,0.98
4935,56,92,57,93,-0.0036656162293181205,0.010053323260279624,0.004945272583150982,4825,Postcentral_L,Cerebelum_Crus2_L,0.0,0.0,0.0,0.66
4791,54,67,55,68,0.009691306815513532,0.010050829759356285,0.004768397197274968,4826,Fusiform_L,Precuneus_R,0.0,0.0,0.0,0.8
6513,97,112,98,113,0.008983596842341087,0.010038647251033825,0.0044516968523413926,4827,Cerebelum_4_5_R,Vermis_7,0.0,0.0,0.0,0.72
823,7,47,8,48,-0.009892882324324375,0.010035786091657069,0.007668051749524905,4828,Frontal_Mid_R,Lingual_R,0.0,0.0,0.0,0.94
426,3,88,4,89,0.009604351049811229,0.010034436545946927,0.008039294648852377,4829,Frontal_Sup_R,Temporal_Inf_L,0.0,0.0,0.0,0.88
5076,59,62,60,63,-0.0067448012850361335,0.010029608764412622,0.007241667436566921,4830,Parietal_Sup_R,SupraMarginal_L,0.0,0.0,0.0,0.78
6317,88,114,89,115,-0.0013753170509315628,0.010028600728659602,0.00300023629016317,4831,Temporal_Inf_L,Vermis_9,0.0,0.0,0.0,0.7
5020,58,62,59,63,-0.004062249223772189,0.010027490025085597,0.008995660502208569,4832,Parietal_Sup_L,SupraMarginal_L,0.0,0.0,0.0,0.66
754,6,86,7,87,-0.0077700949857194635,0.01002600200956782,0.006161526081178435,4833,Frontal_Mid_L,Temporal_Pole_Mid_L,0.0,0.0,0.0,0.7
5123,59,109,60,110,-0.009736802175420702,0.010025156426021437,0.009138508091904318,4834,Parietal_Sup_R,Vermis_3,0.0,0.0,0.0,0.92
209,1,96,2,97,0.008850398094680566,0.010019946840319996,0.0055873887242231645,4835,Precentral_R,Cerebelum_4_5_L,0.0,0.0,0.0,0.76
5601,69,82,70,83,-0.001774223753500784,0.010017486501150679,0.003994865964475491,4836,Paracentral_Lobule_R,Temporal_Pole_Sup_L,0.0,0.0,0.0,0.6
305,2,79,3,80,0.008996849255052442,0.010016828102694851,0.007788636591395116,4837,Frontal_Sup_L,Heschl_R,0.0,0.0,0.0,0.86
375,3,37,4,38,-0.005328280787075114,0.010016767985939019,0.007290845925965871,4838,Frontal_Sup_R,Hippocampus_R,0.0,0.0,0.0,0.6
5177,60,108,61,109,-0.005056693337073417,0.010015363390321578,0.006648540594053391,4839,Parietal_Inf_L,Vermis_1_2,0.0,0.0,0.0,0.74
2874,28,61,29,62,0.00809903916468909,0.010009465525498761,0.005673421903234058,4840,Insula_L,Parietal_Inf_R,0.0,0.0,0.0,0.78
779,6,111,7,112,-0.009311409695216998,0.010009335373615496,0.008420194357650249,4841,Frontal_Mid_L,Vermis_6,0.0,0.0,0.0,0.88
2258,21,75,22,76,0.009940890977498907,0.010003893304136306,0.006687418642628343,4842,Olfactory_R,Pallidum_R,0.0,0.0,0.0,0.96
692,6,24,7,25,-0.008780446418098258,0.00999740358025889,0.006605563304479815,4843,Frontal_Mid_L,Frontal_Med_Orb_L,0.0,0.0,0.0,0.78
4182,44,113,45,114,0.009996327162220459,0.009996327162220459,0.007228631406678737,4844,Cuneus_L,Vermis_8,0.0,0.0,0.0,1.0
899,8,16,9,17,-0.00036657682470280466,0.00999514836897732,0.005077760398430668,4845,Frontal_Mid_Orb_L,Rolandic_Oper_L,0.0,0.0,0.0,0.62
1182,10,88,11,89,0.006613374067051806,0.009994682255171427,0.006294349482120431,4846,Frontal_Inf_Oper_L,Temporal_Inf_L,0.0,0.0,0.0,0.66
4027,42,101,43,102,0.009977871426636543,0.009977871426636543,0.005949195496637397,4847,Calcarine_L,Cerebelum_7b_R,0.0,0.0,0.0,1.0
809,7,33,8,34,-0.0055559046879913475,0.009977302172958837,0.006531753303650905,4848,Frontal_Mid_R,Cingulum_Mid_R,0.0,0.0,0.0,0.68
1449,13,46,14,47,0.00473472523027427,0.009964817563763231,0.0051122518337422,4849,Frontal_Inf_Tri_R,Lingual_L,0.0,0.0,0.0,0.54
4244,45,105,46,106,-0.005471172481653312,0.00995862974014342,0.0047073562140827925,4850,Cuneus_R,Cerebelum_9_R,0.0,0.0,0.0,0.5
864,7,88,8,89,-0.008597881269019583,0.009954125027250882,0.008407651092324685,4851,Frontal_Mid_R,Temporal_Inf_L,0.0,0.0,0.0,0.86
2417,23,49,24,50,-0.009953341378526903,0.009953341378526903,0.006860731644482882,4852,Frontal_Sup_Medial_R,Occipital_Sup_R,0.0,0.0,0.0,1.0
2514,24,55,25,56,0.0017730299163341064,0.009949147285428952,0.005554285811032832,4853,Frontal_Med_Orb_L,Fusiform_R,0.0,0.0,0.0,0.66
5591,69,72,70,73,0.006176950644786334,0.009946189332766664,0.005810189616927008,4854,Paracentral_Lobule_R,Putamen_L,0.0,0.0,0.0,0.76
4242,45,103,46,104,0.0034527349666234526,0.009945668875471358,0.0038382066137293584,4855,Cuneus_R,Cerebelum_8_R,0.0,0.0,0.0,0.5
1619,14,115,15,116,-0.004180496866849316,0.00994027155608613,0.00550845464651832,4856,Frontal_Inf_Orb_L,Vermis_10,0.0,0.0,0.0,0.76
2035,19,41,20,42,0.004999565675215834,0.009935984752379718,0.004510918706349216,4857,Supp_Motor_Area_R,Amygdala_R,0.0,0.0,0.0,0.52
3755,39,51,40,52,0.00974207288438185,0.009934329005679816,0.009035338741595404,4858,ParaHippocampal_R,Occipital_Mid_R,0.0,0.0,0.0,0.96
4400,48,57,49,58,-0.009929886377150202,0.009929886377150202,0.00845486586972079,4859,Occipital_Sup_L,Postcentral_R,0.0,0.0,0.0,1.0
1571,14,67,15,68,0.004976549227632728,0.009929220744793415,0.004205041454856834,4860,Frontal_Inf_Orb_L,Precuneus_R,0.0,0.0,0.0,0.54
5004,57,103,58,104,-0.008832830304662552,0.009928026903380453,0.005290194871646415,4861,Postcentral_R,Cerebelum_8_R,0.0,0.0,0.0,0.92
2465,23,97,24,98,0.002695985680355679,0.009926851128331854,0.004179217409255468,4862,Frontal_Sup_Medial_R,Cerebelum_4_5_R,0.0,0.0,0.0,0.52
1817,16,114,17,115,0.009923694780771602,0.009923694780771602,0.006475646643041896,4863,Rolandic_Oper_L,Vermis_9,0.0,0.0,0.0,1.0
6021,79,97,80,98,-0.0065525654427244125,0.009922173742644532,0.003527500470227058,4864,Heschl_R,Cerebelum_4_5_R,0.0,0.0,0.0,0.52
413,3,75,4,76,-0.002788179463616122,0.00990363501379924,0.007135340642538996,4865,Frontal_Sup_R,Pallidum_R,0.0,0.0,0.0,0.54
4514,49,105,50,106,-0.007255866530947366,0.009894069798642982,0.004133546157061942,4866,Occipital_Sup_R,Cerebelum_9_R,0.0,0.0,0.0,0.7
6543,99,109,100,110,0.00697387084628682,0.009892403918680832,0.004125629270222071,4867,Cerebelum_6_R,Vermis_3,0.0,0.0,0.0,0.78
1308,11,110,12,111,-0.0017350437108075933,0.009886537107860584,0.005070781016874509,4868,Frontal_Inf_Oper_R,Vermis_4_5,0.0,0.0,0.0,0.66
2314,22,38,23,39,-0.006592254750389405,0.009879563938773601,0.00635886588441986,4869,Frontal_Sup_Medial_L,ParaHippocampal_L,0.0,0.0,0.0,0.78
701,6,33,7,34,-0.008747148544232083,0.00987811168577828,0.006678567948796333,4870,Frontal_Mid_L,Cingulum_Mid_R,0.0,0.0,0.0,0.82
4155,44,86,45,87,-0.007656192427766482,0.009850705609843835,0.006133667598147453,4871,Cuneus_L,Temporal_Pole_Mid_L,0.0,0.0,0.0,0.76
6618,105,109,106,110,-0.008706618118195172,0.0098436924196653,0.004553471585212602,4872,Cerebelum_9_R,Vermis_3,0.0,0.0,0.0,0.88
4986,57,85,58,86,0.0017246372552795757,0.009841025379091307,0.007028643557210921,4873,Postcentral_R,Temporal_Mid_R,0.0,0.0,0.0,0.62
3519,36,46,37,47,-0.009534567420121303,0.009826753896670154,0.005150292038658681,4874,Hippocampus_L,Lingual_L,0.0,0.0,0.0,0.94
3506,35,112,36,113,0.004234752478341805,0.009821731132316476,0.006149840960667396,4875,Cingulum_Post_R,Vermis_7,0.0,0.0,0.0,0.62
260,2,34,3,35,-0.007804942437811027,0.009820965077288149,0.008460091238201215,4876,Frontal_Sup_L,Cingulum_Post_L,0.0,0.0,0.0,0.72
2326,22,50,23,51,0.009029261655759516,0.009807814456546894,0.005946462304686664,4877,Frontal_Sup_Medial_L,Occipital_Mid_L,0.0,0.0,0.0,0.76
4161,44,92,45,93,0.0016576766692970395,0.009805035240731582,0.005558995306343701,4878,Cuneus_L,Cerebelum_Crus2_L,0.0,0.0,0.0,0.66
1039,9,50,10,51,-0.009450515011892233,0.009800282048540805,0.007137841931608324,4879,Frontal_Mid_Orb_R,Occipital_Mid_L,0.0,0.0,0.0,0.96
4293,46,85,47,86,0.004520915434113404,0.009799192835787111,0.006371182895266764,4880,Lingual_L,Temporal_Mid_R,0.0,0.0,0.0,0.74
6628,106,110,107,111,0.006999566759270226,0.009798852736477457,0.0032146189988596363,4881,Cerebelum_10_L,Vermis_4_5,0.0,0.0,0.0,0.56
4465,49,56,50,57,-0.009322562984638561,0.009797966336413718,0.007808350208304392,4882,Occipital_Sup_R,Postcentral_L,0.0,0.0,0.0,0.96
2792,27,66,28,67,0.0005509514808126839,0.009795460268824592,0.005308219885019085,4883,Rectus_R,Precuneus_L,0.0,0.0,0.0,0.58
4463,49,54,50,55,-0.00971954429587604,0.00979470919184589,0.006750202904496179,4884,Occipital_Sup_R,Fusiform_L,0.0,0.0,0.0,0.98
4581,50,107,51,108,-0.00815762074068889,0.009790625837030602,0.005865697427333129,4885,Occipital_Mid_L,Cerebelum_10_R,0.0,0.0,0.0,0.88
3964,41,111,42,112,0.00903113989011617,0.00978764038769137,0.006112121454788495,4886,Amygdala_R,Vermis_6,0.0,0.0,0.0,0.7
4035,42,109,43,110,-0.009762365806853072,0.009762365806853072,0.008075947903712015,4887,Calcarine_L,Vermis_3,0.0,0.0,0.0,1.0
4024,42,98,43,99,-0.0035831187146136726,0.009761499003333224,0.0038073270677172117,4888,Calcarine_L,Cerebelum_6_L,0.0,0.0,0.0,0.54
2256,21,73,22,74,0.009655432602058998,0.009755942271352867,0.007526883016859151,4889,Olfactory_R,Putamen_R,0.0,0.0,0.0,0.9
2391,22,115,23,116,0.007546975417678282,0.009754860291050056,0.00445287665076083,4890,Frontal_Sup_Medial_L,Vermis_10,0.0,0.0,0.0,0.68
1936,18,38,19,39,-0.0031685391017280827,0.009749511166855148,0.004493323457008199,4891,Supp_Motor_Area_L,ParaHippocampal_L,0.0,0.0,0.0,0.58
1908,17,107,18,108,-0.004615617703792044,0.00974829373167901,0.006720901401108953,4892,Rolandic_Oper_R,Cerebelum_10_R,0.0,0.0,0.0,0.56
2226,21,43,22,44,-0.009744642425475928,0.009744642425475928,0.00912867712538125,4893,Olfactory_R,Calcarine_R,0.0,0.0,0.0,1.0
2107,19,113,20,114,0.00893498826284557,0.009730892238073073,0.006604945143317488,4894,Supp_Motor_Area_R,Vermis_8,0.0,0.0,0.0,0.92
1779,16,76,17,77,-0.0016697953152898452,0.009730473305155866,0.006107177814736804,4895,Rolandic_Oper_L,Thalamus_L,0.0,0.0,0.0,0.68
2325,22,49,23,50,-0.009726197451355278,0.009726197451355278,0.007495805713895253,4896,Frontal_Sup_Medial_L,Occipital_Sup_R,0.0,0.0,0.0,1.0
5250,62,74,63,75,-0.008474303868804272,0.009721191922898149,0.007879721367059826,4897,SupraMarginal_L,Pallidum_L,0.0,0.0,0.0,0.82
146,1,33,2,34,0.005906659957431607,0.009720024220494559,0.004256745462965408,4898,Precentral_R,Cingulum_Mid_R,0.0,0.0,0.0,0.58
1615,14,111,15,112,-0.006098266623578973,0.009718951576701695,0.007014867436196117,4899,Frontal_Inf_Orb_L,Vermis_6,0.0,0.0,0.0,0.88
1660,15,56,16,57,0.00908477821150109,0.0097162667830895,0.004594801390484144,4900,Frontal_Inf_Orb_R,Postcentral_L,0.0,0.0,0.0,0.88
2427,23,59,24,60,-0.008991293746633537,0.009714815009901099,0.009638494732774665,4901,Frontal_Sup_Medial_R,Parietal_Sup_R,0.0,0.0,0.0,0.9
832,7,56,8,57,-0.00951915484158148,0.009712603710801095,0.008012796121399855,4902,Frontal_Mid_R,Postcentral_L,0.0,0.0,0.0,0.92
1345,12,44,13,45,-0.00238156549285548,0.009704598522329735,0.005516687076753401,4903,Frontal_Inf_Tri_L,Cuneus_L,0.0,0.0,0.0,0.6
614,5,55,6,56,-0.002314752732789037,0.009701184202508156,0.006879613868603915,4904,Frontal_Sup_Orb_R,Fusiform_R,0.0,0.0,0.0,0.8
5,0,6,1,7,0.008857739374881905,0.009699960238306573,0.006601999103077681,4905,Precentral_L,Frontal_Mid_L,0.0,0.0,0.0,0.84
5105,59,91,60,92,-0.008431410392517609,0.009696154606461813,0.008200381123221686,4906,Parietal_Sup_R,Cerebelum_Crus1_R,0.0,0.0,0.0,0.8
175,1,62,2,63,0.008157675396189537,0.009691138636475152,0.007819349915101217,4907,Precentral_R,SupraMarginal_L,0.0,0.0,0.0,0.78
140,1,27,2,28,-0.008237713422507344,0.00969092138409145,0.005326223389299267,4908,Precentral_R,Rectus_R,0.0,0.0,0.0,0.84
2572,24,113,25,114,-0.0004341430504736524,0.009685686407419219,0.005168006430611773,4909,Frontal_Med_Orb_L,Vermis_8,0.0,0.0,0.0,0.68
5523,67,97,68,98,-0.0042737468503018065,0.009681494543764125,0.005382234635366577,4910,Precuneus_R,Cerebelum_4_5_R,0.0,0.0,0.0,0.74
148,1,35,2,36,-0.0027690522021390123,0.009680330577950666,0.007266592511993162,4911,Precentral_R,Cingulum_Post_R,0.0,0.0,0.0,0.78
2627,25,78,26,79,0.0072023551937432755,0.009676250916169143,0.007507741688874623,4912,Frontal_Med_Orb_R,Heschl_L,0.0,0.0,0.0,0.84
4318,46,110,47,111,-0.009659447904111197,0.009673940385315759,0.008921335126472703,4913,Lingual_L,Vermis_4_5,0.0,0.0,0.0,0.96
506,4,57,5,58,0.007077375404498557,0.009668745536665456,0.004342115035033368,4914,Frontal_Sup_Orb_L,Postcentral_R,0.0,0.0,0.0,0.66
3031,30,47,31,48,-0.003559451583091691,0.0096674559624278,0.0050958939386437484,4915,Cingulum_Ant_L,Lingual_R,0.0,0.0,0.0,0.68
5489,66,111,67,112,-0.00907210573067229,0.00966100141973785,0.00601313519971109,4916,Precuneus_L,Vermis_6,0.0,0.0,0.0,0.92
3989,42,63,43,64,0.0034765626992097954,0.009660783925668848,0.004694201769671072,4917,Calcarine_L,SupraMarginal_R,0.0,0.0,0.0,0.8
3766,39,62,40,63,0.008085244917452546,0.009651423287699848,0.005281853820515767,4918,ParaHippocampal_R,SupraMarginal_L,0.0,0.0,0.0,0.84
5522,67,96,68,97,-0.007263413441436035,0.009646865487160379,0.00561909309291991,4919,Precuneus_R,Cerebelum_4_5_L,0.0,0.0,0.0,0.8
5260,62,84,63,85,0.006652597105787957,0.009641728114022089,0.005903197489915094,4920,SupraMarginal_L,Temporal_Mid_L,0.0,0.0,0.0,0.68
1318,12,17,13,18,0.0006706650653062445,0.00963832804905248,0.005276388767347718,4921,Frontal_Inf_Tri_L,Rolandic_Oper_R,0.0,0.0,0.0,0.66
5232,61,109,62,110,-0.008764570961839566,0.009637314142987234,0.0086685439558385,4922,Parietal_Inf_R,Vermis_3,0.0,0.0,0.0,0.82
5472,66,94,67,95,0.007060537296473483,0.00963404129313864,0.007145824151124639,4923,Precuneus_L,Cerebelum_3_L,0.0,0.0,0.0,0.8
5214,61,91,62,92,-0.007221876840608984,0.009633934238690921,0.005924437513022592,4924,Parietal_Inf_R,Cerebelum_Crus1_R,0.0,0.0,0.0,0.72
285,2,59,3,60,-0.008432427337755186,0.009630339785734035,0.008346562171651285,4925,Frontal_Sup_L,Parietal_Sup_R,0.0,0.0,0.0,0.82
2213,21,30,22,31,-0.009629166054386925,0.009629166054386925,0.009638214578082723,4926,Olfactory_R,Cingulum_Ant_L,0.0,0.0,0.0,1.0
5529,67,103,68,104,0.0039196237384957365,0.009626401583338877,0.005133756952340168,4927,Precuneus_R,Cerebelum_8_R,0.0,0.0,0.0,0.72
4925,56,82,57,83,-0.0028249841210687496,0.009620288282451143,0.004698286504594288,4928,Postcentral_L,Temporal_Pole_Sup_L,0.0,0.0,0.0,0.5
2940,29,41,30,42,-0.00100679480472866,0.009619955883419757,0.006424039584601918,4929,Insula_R,Amygdala_R,0.0,0.0,0.0,0.7
5615,69,96,70,97,-0.005735219455498559,0.009619439399809632,0.005382311129582059,4930,Paracentral_Lobule_R,Cerebelum_4_5_L,0.0,0.0,0.0,0.72
1654,15,50,16,51,0.00907648618931319,0.009614634120405549,0.006399944732834251,4931,Frontal_Inf_Orb_R,Occipital_Mid_L,0.0,0.0,0.0,0.86
5058,58,100,59,101,-0.008830747144426623,0.009610093209692278,0.009198250610803128,4932,Parietal_Sup_L,Cerebelum_7b_L,0.0,0.0,0.0,0.9
4312,46,104,47,105,-0.007954598249009532,0.009607767975035182,0.003972153878120614,4933,Lingual_L,Cerebelum_9_L,0.0,0.0,0.0,0.64
1108,10,14,11,15,0.0034017911396055384,0.00960487651367807,0.005290924499916201,4934,Frontal_Inf_Oper_L,Frontal_Inf_Orb_L,0.0,0.0,0.0,0.56
3204,32,53,33,54,-0.009475530777128632,0.009598979140247666,0.006279333847953114,4935,Cingulum_Mid_L,Occipital_Inf_R,0.0,0.0,0.0,0.96
1342,12,41,13,42,-0.00024202921659587776,0.009597764031476438,0.00715793671062957,4936,Frontal_Inf_Tri_L,Amygdala_R,0.0,0.0,0.0,0.52
857,7,81,8,82,-0.006822632459188266,0.009593596622269555,0.006534560924958412,4937,Frontal_Mid_R,Temporal_Sup_R,0.0,0.0,0.0,0.72
807,7,31,8,32,-0.0003771454959212466,0.009591736102651132,0.008178290971714217,4938,Frontal_Mid_R,Cingulum_Ant_R,0.0,0.0,0.0,0.64
4480,49,71,50,72,0.005858152049971107,0.009586007247037611,0.0045318439839524965,4939,Occipital_Sup_R,Caudate_R,0.0,0.0,0.0,0.74
6516,97,115,98,116,0.005022090073409788,0.009585870816276132,0.004894135832634615,4940,Cerebelum_4_5_R,Vermis_10,0.0,0.0,0.0,0.56
678,6,10,7,11,-0.005423270544544858,0.009585857441875035,0.006792472237429132,4941,Frontal_Mid_L,Frontal_Inf_Oper_L,0.0,0.0,0.0,0.64
44,0,45,1,46,-0.00870620257789227,0.009581055933761764,0.0081933499690101,4942,Precentral_L,Cuneus_R,0.0,0.0,0.0,0.94
4500,49,91,50,92,-6.740243732621856e-05,0.00958027517992767,0.0048785982036878995,4943,Occipital_Sup_R,Cerebelum_Crus1_R,0.0,0.0,0.0,0.56
2240,21,57,22,58,-0.00957889893160813,0.00957889893160813,0.00821864758078135,4944,Olfactory_R,Postcentral_R,0.0,0.0,0.0,1.0
3894,40,115,41,116,-0.008230999008727018,0.009578708461713192,0.005043625039526222,4945,Amygdala_L,Vermis_10,0.0,0.0,0.0,0.88
363,3,25,4,26,-0.004071389890910334,0.009577667409763289,0.006259292441810825,4946,Frontal_Sup_R,Frontal_Med_Orb_R,0.0,0.0,0.0,0.52
734,6,66,7,67,-0.008448548599491573,0.00957024510870967,0.005868239864061707,4947,Frontal_Mid_L,Precuneus_L,0.0,0.0,0.0,0.78
2160,20,71,21,72,0.009504046627811083,0.009569432721036587,0.00610102293211902,4948,Olfactory_L,Caudate_R,0.0,0.0,0.0,0.96
4632,51,94,52,95,0.008704938206681896,0.00956597576695351,0.005006233175366963,4949,Occipital_Mid_R,Cerebelum_3_L,0.0,0.0,0.0,0.86
1792,16,89,17,90,0.007278684210997543,0.009564038480480768,0.006583820129329997,4950,Rolandic_Oper_L,Temporal_Inf_R,0.0,0.0,0.0,0.84
3948,41,95,42,96,0.003302886178480947,0.009562309878782512,0.004707530878120991,4951,Amygdala_R,Cerebelum_3_R,0.0,0.0,0.0,0.56
3943,41,90,42,91,0.003249272446401007,0.009559846516223809,0.004743948664890071,4952,Amygdala_R,Cerebelum_Crus1_L,0.0,0.0,0.0,0.56
4335,47,59,48,60,-0.009288636037908624,0.009559808186094695,0.009375950486433861,4953,Lingual_R,Parietal_Sup_R,0.0,0.0,0.0,0.92
2508,24,49,25,50,0.0003484960280453711,0.009558871143434877,0.00569255169578055,4954,Frontal_Med_Orb_L,Occipital_Sup_R,0.0,0.0,0.0,0.64
1947,18,49,19,50,-0.00014792309597184955,0.009556804598332814,0.00701404529741354,4955,Supp_Motor_Area_L,Occipital_Sup_R,0.0,0.0,0.0,0.68
3588,36,115,37,116,0.0009880632217479832,0.00955616141398551,0.0042792216281429,4956,Hippocampus_L,Vermis_10,0.0,0.0,0.0,0.56
5884,75,110,76,111,-0.005330695694415786,0.009555958664514096,0.004291327830990256,4957,Pallidum_R,Vermis_4_5,0.0,0.0,0.0,0.62
431,3,93,4,94,0.00839094997047049,0.00955553236659413,0.0065730659612847995,4958,Frontal_Sup_R,Cerebelum_Crus2_R,0.0,0.0,0.0,0.84
4866,55,82,56,83,0.003780312779380167,0.00955418870246089,0.006066263713659039,4959,Fusiform_R,Temporal_Pole_Sup_L,0.0,0.0,0.0,0.78
5237,61,114,62,115,-0.008375095387705549,0.009551318615024604,0.008548864512408095,4960,Parietal_Inf_R,Vermis_9,0.0,0.0,0.0,0.78
1566,14,62,15,63,-0.008036821567283156,0.009549834876294162,0.007054867435325541,4961,Frontal_Inf_Orb_L,SupraMarginal_L,0.0,0.0,0.0,0.78
5093,59,79,60,80,0.004145790452052898,0.009545003617836398,0.0071763241368246545,4962,Parietal_Sup_R,Heschl_R,0.0,0.0,0.0,0.58
430,3,92,4,93,0.009009213815308947,0.009544488870841,0.007538969500415328,4963,Frontal_Sup_R,Cerebelum_Crus2_L,0.0,0.0,0.0,0.86
2044,19,50,20,51,0.007612869944280729,0.009542100468217496,0.00627082294017454,4964,Supp_Motor_Area_R,Occipital_Mid_L,0.0,0.0,0.0,0.84
4346,47,70,48,71,6.619958557214593e-06,0.009540632969161265,0.005812187011100282,4965,Lingual_R,Caudate_L,0.0,0.0,0.0,0.66
2285,21,102,22,103,-0.009488023947968754,0.009540245248732161,0.008180086693269159,4966,Olfactory_R,Cerebelum_8_L,0.0,0.0,0.0,0.98
58,0,59,1,60,-0.008924289416112835,0.00953195868391952,0.008172909626124901,4967,Precentral_L,Parietal_Sup_R,0.0,0.0,0.0,0.86
3863,40,84,41,85,-0.0036039345918534786,0.009531826314712883,0.0065601158156219554,4968,Amygdala_L,Temporal_Mid_L,0.0,0.0,0.0,0.8
5066,58,108,59,109,-0.009379487020224784,0.009531368363504895,0.008040440572394416,4969,Parietal_Sup_L,Vermis_1_2,0.0,0.0,0.0,0.94
5221,61,98,62,99,-0.007998992888806093,0.009526831287017496,0.0069323346217089864,4970,Parietal_Inf_R,Cerebelum_6_L,0.0,0.0,0.0,0.76
6339,89,110,90,111,0.009240183504446381,0.00952522501987809,0.006480993913576374,4971,Temporal_Inf_R,Vermis_4_5,0.0,0.0,0.0,0.92
56,0,57,1,58,-0.008145498039600865,0.009524414341287682,0.006392020947206784,4972,Precentral_L,Postcentral_R,0.0,0.0,0.0,0.92
4502,49,93,50,94,0.00814135983164442,0.009509511564086444,0.0057428170759623405,4973,Occipital_Sup_R,Cerebelum_Crus2_R,0.0,0.0,0.0,0.8
5844,74,110,75,111,0.00748030458402647,0.0095047809857683,0.0045852662011186115,4974,Pallidum_L,Vermis_4_5,0.0,0.0,0.0,0.82
1889,17,88,18,89,0.005661331982360176,0.00950425537113583,0.006027271393162333,4975,Rolandic_Oper_R,Temporal_Inf_L,0.0,0.0,0.0,0.8
33,0,34,1,35,-0.006431938356340775,0.00950414184995512,0.0061594488540897795,4976,Precentral_L,Cingulum_Post_L,0.0,0.0,0.0,0.9
48,0,49,1,50,-0.007162980869279226,0.009496172711642995,0.0064148442149230675,4977,Precentral_L,Occipital_Sup_R,0.0,0.0,0.0,0.88
3980,42,54,43,55,-0.009488493771971175,0.009491384344954805,0.006385832706307968,4978,Calcarine_L,Fusiform_L,0.0,0.0,0.0,0.98
1912,17,111,18,112,0.008824645978761154,0.009490236473504554,0.008208386233917288,4979,Rolandic_Oper_R,Vermis_6,0.0,0.0,0.0,0.74
2618,25,69,26,70,-0.006335449425375955,0.009487010954025373,0.006347750556761695,4980,Frontal_Med_Orb_R,Paracentral_Lobule_R,0.0,0.0,0.0,0.84
2716,26,78,27,79,-0.002719984371660723,0.009482250887874183,0.0059652672784348704,4981,Rectus_L,Heschl_L,0.0,0.0,0.0,0.64
3137,31,69,32,70,-0.001739191031262739,0.009477787128435777,0.007501651115947133,4982,Cingulum_Ant_R,Paracentral_Lobule_R,0.0,0.0,0.0,0.6
793,7,17,8,18,-0.008218719048159349,0.009477750557267345,0.005450637230735328,4983,Frontal_Mid_R,Rolandic_Oper_R,0.0,0.0,0.0,0.78
191,1,78,2,79,0.007495047607200434,0.009474511063145877,0.004138020351869075,4984,Precentral_R,Heschl_L,0.0,0.0,0.0,0.72
395,3,57,4,58,-0.004527369398701029,0.009472721578261558,0.007848527407450664,4985,Frontal_Sup_R,Postcentral_R,0.0,0.0,0.0,0.58
942,8,59,9,60,-0.00627740879127786,0.00946688001337488,0.007904478849384531,4986,Frontal_Mid_Orb_L,Parietal_Sup_R,0.0,0.0,0.0,0.7
5764,72,113,73,114,-0.0032611966699296886,0.009466061487294382,0.004991311319448842,4987,Putamen_L,Vermis_8,0.0,0.0,0.0,0.68
156,1,43,2,44,-0.009096808460131903,0.009462090902654414,0.004798794850495832,4988,Precentral_R,Calcarine_R,0.0,0.0,0.0,0.94
4179,44,110,45,111,-0.009398834224435507,0.009453720179978135,0.007472031213845539,4989,Cuneus_L,Vermis_4_5,0.0,0.0,0.0,0.94
5081,59,67,60,68,-0.00877843893866731,0.009452121820233134,0.008570131474491705,4990,Parietal_Sup_R,Precuneus_R,0.0,0.0,0.0,0.82
4568,50,94,51,95,0.007590886440522078,0.009451886151617553,0.004822558137692669,4991,Occipital_Mid_L,Cerebelum_3_L,0.0,0.0,0.0,0.8
4703,52,102,53,103,0.004030332457229508,0.009450569798178808,0.004603000618330945,4992,Occipital_Inf_L,Cerebelum_8_L,0.0,0.0,0.0,0.7
4185,45,46,46,47,-0.008661792523121714,0.009447188968982436,0.003907599153004647,4993,Cuneus_R,Lingual_L,0.0,0.0,0.0,0.82
2464,23,96,24,97,0.0002803125851130571,0.00944678552872193,0.004715543539966227,4994,Frontal_Sup_Medial_R,Cerebelum_4_5_L,0.0,0.0,0.0,0.56
4891,55,107,56,108,-0.004699149799815016,0.009443111464267167,0.006565408412002847,4995,Fusiform_R,Cerebelum_10_R,0.0,0.0,0.0,0.74
5067,58,109,59,110,-0.009145362959136226,0.009436750187486864,0.008502039311813753,4996,Parietal_Sup_L,Vermis_3,0.0,0.0,0.0,0.92
3353,34,39,35,40,0.0022185287939833925,0.009435711434437792,0.00508087014790118,4997,Cingulum_Post_L,ParaHippocampal_R,0.0,0.0,0.0,0.58
2672,26,34,27,35,0.003889423381930958,0.00943018310967627,0.0041911541603179905,4998,Rectus_L,Cingulum_Post_L,0.0,0.0,0.0,0.52
208,1,95,2,96,-0.003752798170930503,0.009416106791908354,0.004958847404727783,4999,Precentral_R,Cerebelum_3_R,0.0,0.0,0.0,0.62
3935,41,82,42,83,0.007800276177492387,0.009414769613577862,0.0028797914459984895,5000,Amygdala_R,Temporal_Pole_Sup_L,0.0,0.0,0.0,0.7
2378,22,102,23,103,-0.0028953781654797893,0.009412816961951733,0.005616935322771092,5001,Frontal_Sup_Medial_L,Cerebelum_8_L,0.0,0.0,0.0,0.76
5124,59,110,60,111,-0.009152914434528031,0.009412258867807338,0.008977337938723892,5002,Parietal_Sup_R,Vermis_4_5,0.0,0.0,0.0,0.92
1897,17,96,18,97,0.008342647875357215,0.009411123729603323,0.00514199040336079,5003,Rolandic_Oper_R,Cerebelum_4_5_L,0.0,0.0,0.0,0.74
2746,26,108,27,109,0.004623238923059574,0.009405900622877602,0.004808011401274366,5004,Rectus_L,Vermis_1_2,0.0,0.0,0.0,0.76
5045,58,87,59,88,-0.008609050678631516,0.009405370613614019,0.009245696272176716,5005,Parietal_Sup_L,Temporal_Pole_Mid_R,0.0,0.0,0.0,0.88
448,3,110,4,111,0.00934748481185063,0.00939547471535985,0.006759877903870064,5006,Frontal_Sup_R,Vermis_4_5,0.0,0.0,0.0,0.98
6497,96,114,97,115,-0.007536487474922692,0.009389610989382081,0.0030459178723579532,5007,Cerebelum_4_5_L,Vermis_9,0.0,0.0,0.0,0.78
47,0,48,1,49,0.0008478569715091655,0.009384055036410365,0.005213715318986465,5008,Precentral_L,Occipital_Sup_L,0.0,0.0,0.0,0.7
1219,11,21,12,22,-0.009368723702329657,0.009368723702329657,0.005872740574972966,5009,Frontal_Inf_Oper_R,Olfactory_R,0.0,0.0,0.0,1.0
313,2,87,3,88,-0.004646357657291936,0.009367824652834745,0.005529268079926049,5010,Frontal_Sup_L,Temporal_Pole_Mid_R,0.0,0.0,0.0,0.58
4579,50,105,51,106,0.007542319542401222,0.009365663573490062,0.006434462835054085,5011,Occipital_Mid_L,Cerebelum_9_R,0.0,0.0,0.0,0.86
3194,32,43,33,44,0.009294413210609852,0.009365330231907483,0.004336233501991752,5012,Cingulum_Mid_L,Calcarine_R,0.0,0.0,0.0,0.96
5074,59,60,60,61,-0.004410391909547403,0.009362297825980035,0.007872142359010587,5013,Parietal_Sup_R,Parietal_Inf_L,0.0,0.0,0.0,0.64
6558,100,109,101,110,0.003018699595409704,0.009360858149035535,0.003797373850558317,5014,Cerebelum_7b_L,Vermis_3,0.0,0.0,0.0,0.56
5059,58,101,59,102,-0.004664125996203937,0.00935765279491599,0.009599072509839924,5015,Parietal_Sup_L,Cerebelum_7b_R,0.0,0.0,0.0,0.68
4413,48,70,49,71,-0.004187252780823072,0.009354969217747542,0.004313436447424775,5016,Occipital_Sup_L,Caudate_L,0.0,0.0,0.0,0.6
6012,79,88,80,89,0.004903256154963279,0.00935175706766818,0.007074240259196403,5017,Heschl_R,Temporal_Inf_L,0.0,0.0,0.0,0.82
2387,22,111,23,112,-0.007925809775257925,0.009349770400088758,0.00648743109822757,5018,Frontal_Sup_Medial_L,Vermis_6,0.0,0.0,0.0,0.92
5267,62,91,63,92,-0.007498935854257192,0.009348323800516534,0.005878726359785835,5019,SupraMarginal_L,Cerebelum_Crus1_R,0.0,0.0,0.0,0.74
4688,52,87,53,88,-0.00875593238425228,0.009347735525262767,0.0034493170866002404,5020,Occipital_Inf_L,Temporal_Pole_Mid_R,0.0,0.0,0.0,0.78
3763,39,59,40,60,0.0042498865013890445,0.00934604237084381,0.007314174433034655,5021,ParaHippocampal_R,Parietal_Sup_R,0.0,0.0,0.0,0.56
4225,45,86,46,87,-0.007539060387923287,0.009339439581398707,0.0063992645729398345,5022,Cuneus_R,Temporal_Pole_Mid_L,0.0,0.0,0.0,0.9
6233,85,114,86,115,0.0035315642832101386,0.009334892638553503,0.004685322097260402,5023,Temporal_Mid_R,Vermis_9,0.0,0.0,0.0,0.6
2009,18,111,19,112,-0.00737084156962921,0.009329971848982843,0.0076969389538999265,5024,Supp_Motor_Area_L,Vermis_6,0.0,0.0,0.0,0.78
2261,21,78,22,79,-0.009328959227879937,0.009328959227879937,0.006941512881521101,5025,Olfactory_R,Heschl_L,0.0,0.0,0.0,1.0
4756,53,93,54,94,-0.004737720184823797,0.009321273632577138,0.005955185422342838,5026,Occipital_Inf_R,Cerebelum_Crus2_R,0.0,0.0,0.0,0.5
3518,36,45,37,46,0.008311041544037591,0.009319021553039182,0.004574007810616064,5027,Hippocampus_L,Cuneus_R,0.0,0.0,0.0,0.74
3995,42,69,43,70,-0.009309583349187037,0.009309583349187037,0.006874106873194908,5028,Calcarine_L,Paracentral_Lobule_R,0.0,0.0,0.0,1.0
3114,31,46,32,47,0.004894372562705893,0.009309092977681802,0.0055774830080445,5029,Cingulum_Ant_R,Lingual_L,0.0,0.0,0.0,0.58
4842,55,58,56,59,-0.00911854264207001,0.009305039496801741,0.009206411707521664,5030,Fusiform_R,Parietal_Sup_L,0.0,0.0,0.0,0.92
4420,48,77,49,78,0.002333844125872306,0.009304307527764167,0.005748310070654761,5031,Occipital_Sup_L,Thalamus_R,0.0,0.0,0.0,0.52
4519,49,110,50,111,-0.009298988603353342,0.009298988603353342,0.008032409843874273,5032,Occipital_Sup_R,Vermis_4_5,0.0,0.0,0.0,1.0
332,2,106,3,107,-0.007091708012653094,0.009298470859900787,0.007058654810039288,5033,Frontal_Sup_L,Cerebelum_10_L,0.0,0.0,0.0,0.76
4531,50,57,51,58,-0.009146304816937638,0.009295288534681184,0.0023733084447943526,5034,Occipital_Mid_L,Postcentral_R,0.0,0.0,0.0,0.9
2408,23,40,24,41,0.004092511899172609,0.009293332576699318,0.004667895588303848,5035,Frontal_Sup_Medial_R,Amygdala_L,0.0,0.0,0.0,0.56
4753,53,90,54,91,-0.003073902413357407,0.009287472372775395,0.004871519466396611,5036,Occipital_Inf_R,Cerebelum_Crus1_L,0.0,0.0,0.0,0.54
4778,53,115,54,116,-0.008718499456979735,0.009285324146757538,0.0075060545285189845,5037,Occipital_Inf_R,Vermis_10,0.0,0.0,0.0,0.96
2179,20,90,21,91,-0.009175688766577272,0.00928073323459687,0.006802313162913555,5038,Olfactory_L,Cerebelum_Crus1_L,0.0,0.0,0.0,0.98
1858,17,57,18,58,0.007540813500844107,0.009267416348067293,0.004465039241188105,5039,Rolandic_Oper_R,Postcentral_R,0.0,0.0,0.0,0.76
284,2,58,3,59,0.0021205615762623395,0.009265470669355031,0.007708460969514052,5040,Frontal_Sup_L,Parietal_Sup_L,0.0,0.0,0.0,0.5
376,3,38,4,39,0.008061971418351068,0.009265150533348724,0.006302437478742805,5041,Frontal_Sup_R,ParaHippocampal_L,0.0,0.0,0.0,0.84
3327,33,94,34,95,0.004434409068336338,0.00926470821214351,0.005325501712063106,5042,Cingulum_Mid_R,Cerebelum_3_L,0.0,0.0,0.0,0.72
5223,61,100,62,101,0.007549054988504869,0.00926361650296484,0.005097993396959195,5043,Parietal_Inf_R,Cerebelum_7b_L,0.0,0.0,0.0,0.78
5488,66,110,67,111,0.009186472620094574,0.009254480032993144,0.006702397083275349,5044,Precuneus_L,Vermis_4_5,0.0,0.0,0.0,0.94
3876,40,97,41,98,0.00639443174149999,0.009253347519406156,0.005118654704224868,5045,Amygdala_L,Cerebelum_4_5_R,0.0,0.0,0.0,0.66
317,2,91,3,92,0.005654123389712817,0.009247201542529237,0.004760071888948108,5046,Frontal_Sup_L,Cerebelum_Crus1_R,0.0,0.0,0.0,0.72
2217,21,34,22,35,-0.009245392186036061,0.009245392186036061,0.007829162555434446,5047,Olfactory_R,Cingulum_Post_L,0.0,0.0,0.0,1.0
179,1,66,2,67,0.008273910991069429,0.00924126316815058,0.004338805129050219,5048,Precentral_R,Precuneus_L,0.0,0.0,0.0,0.9
4300,46,92,47,93,-0.005667648371715096,0.009240526636924245,0.0057194424454905975,5049,Lingual_L,Cerebelum_Crus2_L,0.0,0.0,0.0,0.66
5249,62,73,63,74,-0.00836692213339833,0.009238825040375273,0.005803071712829052,5050,SupraMarginal_L,Putamen_R,0.0,0.0,0.0,0.84
600,5,41,6,42,0.0010485507840743186,0.009234430987946397,0.004104775696990082,5051,Frontal_Sup_Orb_R,Amygdala_R,0.0,0.0,0.0,0.66
6655,110,111,111,112,-0.008669719913502448,0.009222337955232146,0.007406900970651036,5052,Vermis_4_5,Vermis_6,0.0,0.0,0.0,0.96
1180,10,86,11,87,0.005157217680955559,0.009221032786714734,0.005079856116823335,5053,Frontal_Inf_Oper_L,Temporal_Pole_Mid_L,0.0,0.0,0.0,0.6
6312,88,109,89,110,-0.006052778220755993,0.009219947930692498,0.005457673878324222,5054,Temporal_Inf_L,Vermis_3,0.0,0.0,0.0,0.82
401,3,63,4,64,-0.001476319452851062,0.00921985979625901,0.006137419690665986,5055,Frontal_Sup_R,SupraMarginal_R,0.0,0.0,0.0,0.5
3924,41,71,42,72,-0.0022948293421790346,0.009219142228832628,0.005109617817250455,5056,Amygdala_R,Caudate_R,0.0,0.0,0.0,0.62
415,3,77,4,78,0.007593903073295748,0.009213064670119014,0.006549450063345617,5057,Frontal_Sup_R,Thalamus_R,0.0,0.0,0.0,0.84
4461,49,52,50,53,-0.006684807490026827,0.009212826922388218,0.00560889260009499,5058,Occipital_Sup_R,Occipital_Inf_L,0.0,0.0,0.0,0.96
6613,104,114,105,115,-0.00040636320947463374,0.009209559617932999,0.004546269269207332,5059,Cerebelum_9_L,Vermis_9,0.0,0.0,0.0,0.7
6654,109,115,110,116,0.005295468205310588,0.009197013563472857,0.0031513590015623924,5060,Vermis_3,Vermis_10,0.0,0.0,0.0,0.62
6531,98,113,99,114,0.006831928183889542,0.009195512059358172,0.0037644165903247444,5061,Cerebelum_6_L,Vermis_8,0.0,0.0,0.0,0.68
998,8,115,9,116,-0.0010479370210484834,0.009193232351356549,0.005858613906949894,5062,Frontal_Mid_Orb_L,Vermis_10,0.0,0.0,0.0,0.62
1155,10,61,11,62,-0.006002984646577306,0.00918952104280956,0.005940433497670509,5063,Frontal_Inf_Oper_L,Parietal_Inf_R,0.0,0.0,0.0,0.76
3117,31,49,32,50,-0.007388371625442065,0.009184277870977165,0.004313253708647249,5064,Cingulum_Ant_R,Occipital_Sup_R,0.0,0.0,0.0,0.68
4946,56,103,57,104,0.001806948541903515,0.00918353292836132,0.0038705531359846434,5065,Postcentral_L,Cerebelum_8_R,0.0,0.0,0.0,0.54
2568,24,109,25,110,-0.006336385371274281,0.00917885525048812,0.006071959745224379,5066,Frontal_Med_Orb_L,Vermis_3,0.0,0.0,0.0,0.86
885,7,109,8,110,-0.009021007532539857,0.009177548439011435,0.0075831194984307786,5067,Frontal_Mid_R,Vermis_3,0.0,0.0,0.0,0.94
2129,20,40,21,41,-0.009172632337850704,0.009172632337850704,0.00758362279614104,5068,Olfactory_L,Amygdala_L,0.0,0.0,0.0,1.0
93,0,94,1,95,-0.005840382624441766,0.00917234647602539,0.003344651542360846,5069,Precentral_L,Cerebelum_3_L,0.0,0.0,0.0,0.7
4437,48,94,49,95,0.0070183843276394094,0.009168977182625266,0.004934041787068745,5070,Occipital_Sup_L,Cerebelum_3_L,0.0,0.0,0.0,0.76
428,3,90,4,91,-0.002523758960209151,0.009164724520924044,0.006572066380093157,5071,Frontal_Sup_R,Cerebelum_Crus1_L,0.0,0.0,0.0,0.5
4625,51,87,52,88,-0.007715518786599331,0.009164699798599586,0.0048510127913753195,5072,Occipital_Mid_R,Temporal_Pole_Mid_R,0.0,0.0,0.0,0.78
1790,16,87,17,88,0.0034709211540271956,0.009163572198098274,0.005331266065352924,5073,Rolandic_Oper_L,Temporal_Pole_Mid_R,0.0,0.0,0.0,0.64
3739,38,111,39,112,0.00039704126893945984,0.009160907395783494,0.00547235695214475,5074,ParaHippocampal_L,Vermis_6,0.0,0.0,0.0,0.64
421,3,83,4,84,0.008706082270192926,0.0091573955868176,0.00712107538729912,5075,Frontal_Sup_R,Temporal_Pole_Sup_R,0.0,0.0,0.0,0.92
1907,17,106,18,107,-0.004057401935280353,0.009154179988840112,0.004358532167495002,5076,Rolandic_Oper_R,Cerebelum_10_L,0.0,0.0,0.0,0.66
814,7,38,8,39,-0.00876340521948065,0.00915336009416528,0.00756224884213933,5077,Frontal_Mid_R,ParaHippocampal_L,0.0,0.0,0.0,0.92
4613,51,75,52,76,0.007983232832819924,0.009152863136765516,0.004472727270862892,5078,Occipital_Mid_R,Pallidum_R,0.0,0.0,0.0,0.76
2204,20,115,21,116,0.009059627214121615,0.009143506391487819,0.004472124850944557,5079,Olfactory_L,Vermis_10,0.0,0.0,0.0,0.94
2394,23,26,24,27,-0.005245511487658974,0.009141063461419983,0.004370761239313527,5080,Frontal_Sup_Medial_R,Rectus_L,0.0,0.0,0.0,0.72
5974,78,86,79,87,0.003978306110979125,0.009138193659463474,0.0049290642160211345,5081,Heschl_L,Temporal_Pole_Mid_L,0.0,0.0,0.0,0.52
745,6,77,7,78,-0.006952768428307101,0.009135250966013643,0.0060459763207998535,5082,Frontal_Mid_L,Thalamus_R,0.0,0.0,0.0,0.68
4025,42,99,43,100,0.007991891741913403,0.009130722970079618,0.0056594661053884126,5083,Calcarine_L,Cerebelum_6_R,0.0,0.0,0.0,0.9
4469,49,60,50,61,-0.0008045260728668707,0.009130307524795623,0.005289590635170555,5084,Occipital_Sup_R,Parietal_Inf_L,0.0,0.0,0.0,0.58
3912,41,59,42,60,-0.008565313781808432,0.009129452210761892,0.007124358739762174,5085,Amygdala_R,Parietal_Sup_R,0.0,0.0,0.0,0.88
4267,46,59,47,60,-0.008771589084547792,0.009125321010026975,0.007854642276015332,5086,Lingual_L,Parietal_Sup_R,0.0,0.0,0.0,0.9
5037,58,79,59,80,0.0010995789202559495,0.009123611334123552,0.007554178820956006,5087,Parietal_Sup_L,Heschl_R,0.0,0.0,0.0,0.5
6458,94,114,95,115,-0.006319845593947231,0.009121915291879555,0.003221052781796195,5088,Cerebelum_3_L,Vermis_9,0.0,0.0,0.0,0.68
5107,59,93,60,94,-0.008281842880302561,0.009118379697821586,0.008500292531486448,5089,Parietal_Sup_R,Cerebelum_Crus2_R,0.0,0.0,0.0,0.84
3181,31,113,32,114,-0.0029638053477971348,0.009118013857290608,0.00470691647070989,5090,Cingulum_Ant_R,Vermis_8,0.0,0.0,0.0,0.58
5633,69,114,70,115,0.008350883116516557,0.009117600610697307,0.0034002752484400336,5091,Paracentral_Lobule_R,Vermis_9,0.0,0.0,0.0,0.82
5717,71,109,72,110,-0.0005212348525736129,0.009112257874537929,0.004220417089803966,5092,Caudate_R,Vermis_3,0.0,0.0,0.0,0.58
310,2,84,3,85,-0.004267917850592013,0.009105407307436628,0.004623475084888288,5093,Frontal_Sup_L,Temporal_Mid_L,0.0,0.0,0.02,0.64
6315,88,112,89,113,-0.0021689391119258227,0.009104842821400031,0.005035713143202886,5094,Temporal_Inf_L,Vermis_7,0.0,0.0,0.0,0.76
5080,59,66,60,67,-0.008488511711172719,0.009099303420275744,0.00836469329146485,5095,Parietal_Sup_R,Precuneus_L,0.0,0.0,0.0,0.9
4947,56,104,57,105,0.0031255105630015128,0.009099226125021993,0.006008899363987408,5096,Postcentral_L,Cerebelum_9_L,0.0,0.0,0.0,0.5
4770,53,107,54,108,0.004597498542041025,0.009093242141015406,0.00609533216333535,5097,Occipital_Inf_R,Cerebelum_10_R,0.0,0.0,0.0,0.74
2952,29,53,30,54,-0.007230052232119648,0.009090677183634896,0.006046593391324794,5098,Insula_R,Occipital_Inf_R,0.0,0.0,0.0,0.86
5190,61,67,62,68,-0.0067484444652183995,0.009089987413605926,0.006027539911746231,5099,Parietal_Inf_R,Precuneus_R,0.0,0.0,0.0,0.68
1876,17,75,18,76,0.0031975120486874868,0.009088250288374533,0.005048687768250378,5100,Rolandic_Oper_R,Pallidum_R,0.0,0.0,0.0,0.58
3282,33,49,34,50,0.00571121331371729,0.00908660570190723,0.003543144021921808,5101,Cingulum_Mid_R,Occipital_Sup_R,0.0,0.0,0.0,0.58
4003,42,77,43,78,0.007661839912509975,0.009084624368953981,0.0055004807995392875,5102,Calcarine_L,Thalamus_R,0.0,0.0,0.0,0.8
3259,32,108,33,109,-0.008325265790483318,0.009084315946048105,0.004483511708911726,5103,Cingulum_Mid_L,Vermis_1_2,0.0,0.0,0.0,0.76
1644,15,40,16,41,-0.007610870633509309,0.00908281591225777,0.005484437744632559,5104,Frontal_Inf_Orb_R,Amygdala_L,0.0,0.0,0.0,0.88
43,0,44,1,45,-0.0034862748963863195,0.009077654210022216,0.0069261462978711125,5105,Precentral_L,Cuneus_L,0.0,0.0,0.0,0.84
3127,31,59,32,60,-0.0070014318122329855,0.009065329651481489,0.008766403508492556,5106,Cingulum_Ant_R,Parietal_Sup_R,0.0,0.0,0.0,0.82
5960,77,109,78,110,0.004537818706731301,0.009056505586721253,0.0029446729682334367,5107,Thalamus_R,Vermis_3,0.0,0.0,0.0,0.56
1831,17,30,18,31,-0.0005162670410545846,0.009054300063552971,0.004561258371012457,5108,Rolandic_Oper_R,Cingulum_Ant_L,0.0,0.0,0.0,0.5
4929,56,86,57,87,0.0069551717490326645,0.00905229977000166,0.004345841429046263,5109,Postcentral_L,Temporal_Pole_Mid_L,0.0,0.0,0.0,0.72
3772,39,68,40,69,-0.00634998636853664,0.009045470405131283,0.00528482967582319,5110,ParaHippocampal_R,Paracentral_Lobule_L,0.0,0.0,0.0,0.82
508,4,59,5,60,-0.00843907019156403,0.009034387170152196,0.008982887389748666,5111,Frontal_Sup_Orb_L,Parietal_Sup_R,0.0,0.0,0.0,0.88
41,0,42,1,43,-0.009030874901819747,0.009030874901819747,0.0054478941087492735,5112,Precentral_L,Calcarine_L,0.0,0.0,0.0,1.0
0,0,1,1,2,-0.0026420166455963347,0.0090289715005125,0.0044854171094179385,5113,Precentral_L,Precentral_R,0.0,0.0,0.0,0.66
992,8,109,9,110,-0.007713188472703948,0.009025738163817604,0.004212298723228386,5114,Frontal_Mid_Orb_L,Vermis_3,0.0,0.0,0.0,0.84
3846,40,67,41,68,0.007130410675301202,0.009023213081483546,0.0045051578933800115,5115,Amygdala_L,Precuneus_R,0.0,0.0,0.0,0.58
2039,19,45,20,46,0.004151906875031953,0.009014599413376874,0.0059128308879323925,5116,Supp_Motor_Area_R,Cuneus_R,0.0,0.0,0.0,0.52
1424,13,21,14,22,-0.009011386303982696,0.009011386303982696,0.00652541594343079,5117,Frontal_Inf_Tri_R,Olfactory_R,0.0,0.0,0.0,1.0
4498,49,89,50,90,0.007036812433107775,0.009011342837916592,0.004445356553718017,5118,Occipital_Sup_R,Temporal_Inf_R,0.0,0.0,0.0,0.8
2446,23,78,24,79,-0.005487897944626009,0.009010254885900642,0.005328130291970887,5119,Frontal_Sup_Medial_R,Heschl_L,0.0,0.0,0.0,0.62
1549,14,45,15,46,0.005949216475189205,0.008996042521111627,0.004138005595980278,5120,Frontal_Inf_Orb_L,Cuneus_R,0.0,0.0,0.0,0.54
2209,21,26,22,27,0.008583987903399998,0.008995543702149786,0.00720310334191661,5121,Olfactory_R,Rectus_L,0.0,0.0,0.0,0.8
1662,15,58,16,59,-0.008684640312288317,0.008994607410815652,0.008764715274955499,5122,Frontal_Inf_Orb_R,Parietal_Sup_L,0.0,0.0,0.0,0.88
230,2,4,3,5,0.006694790853216287,0.008992301378907892,0.005642153262999864,5123,Frontal_Sup_L,Frontal_Sup_Orb_L,0.0,0.0,0.0,0.8
6572,101,109,102,110,-0.002486902885537641,0.008987096164790214,0.00576379348788131,5124,Cerebelum_7b_R,Vermis_3,0.0,0.0,0.0,0.58
4623,51,85,52,86,0.003370227039934839,0.008980186445967597,0.0033773227316671447,5125,Occipital_Mid_R,Temporal_Mid_R,0.0,0.0,0.0,0.54
5630,69,111,70,112,0.007758515028688192,0.008973983975364528,0.00340079778338012,5126,Paracentral_Lobule_R,Vermis_6,0.0,0.0,0.0,0.66
220,1,107,2,108,-0.002668390895703354,0.008967921596160146,0.0053267494142193485,5127,Precentral_R,Cerebelum_10_R,0.0,0.0,0.0,0.58
1450,13,47,14,48,0.006473921099494311,0.008965849407277108,0.004222746789859682,5128,Frontal_Inf_Tri_R,Lingual_R,0.0,0.0,0.0,0.7
4282,46,74,47,75,0.008653018851896134,0.008965203655058925,0.005461490813508003,5129,Lingual_L,Pallidum_L,0.0,0.0,0.0,0.94
394,3,56,4,57,-0.0040520389318864465,0.008958026023830808,0.007702318496675126,5130,Frontal_Sup_R,Postcentral_L,0.0,0.0,0.0,0.58
1880,17,79,18,80,0.008641010912867059,0.008952143212423309,0.006130576462805555,5131,Rolandic_Oper_R,Heschl_R,0.0,0.0,0.0,0.94
5486,66,108,67,109,-0.008226729175531303,0.008948181160620345,0.003663871209737893,5132,Precuneus_L,Vermis_1_2,0.0,0.0,0.0,0.8
493,4,44,5,45,0.0063587939093393935,0.008947395258207593,0.0040609412122138595,5133,Frontal_Sup_Orb_L,Cuneus_L,0.0,0.0,0.0,0.7
4362,47,86,48,87,0.008405577795610424,0.008939872131103779,0.007379104614704391,5134,Lingual_R,Temporal_Pole_Mid_L,0.0,0.0,0.0,0.78
751,6,83,7,84,0.006950814155240193,0.008938540666769905,0.005692262368558135,5135,Frontal_Mid_L,Temporal_Pole_Sup_R,0.0,0.0,0.0,0.7
2924,28,111,29,112,-9.131067288305185e-05,0.008934949057114061,0.006408925106034265,5136,Insula_L,Vermis_6,0.0,0.0,0.0,0.62
5230,61,107,62,108,0.008083430063190762,0.008930732369571686,0.005182727700965841,5137,Parietal_Inf_R,Cerebelum_10_R,0.0,0.0,0.0,0.86
4771,53,108,54,109,-0.00884440347181072,0.008930201065763133,0.006859721711159698,5138,Occipital_Inf_R,Vermis_1_2,0.0,0.0,0.0,0.9
1126,10,32,11,33,-0.008070780149094603,0.008927672149627804,0.006804832158023303,5139,Frontal_Inf_Oper_L,Cingulum_Mid_L,0.0,0.0,0.0,0.84
3094,30,110,31,111,-0.006733705738705703,0.008926778517546346,0.005994596691220445,5140,Cingulum_Ant_L,Vermis_4_5,0.0,0.0,0.0,0.8
2420,23,52,24,53,-0.008731696907630438,0.008919820190514264,0.0035654935838620085,5141,Frontal_Sup_Medial_R,Occipital_Inf_L,0.0,0.0,0.0,0.94
850,7,74,8,75,-0.005393272472614157,0.008919624234815652,0.006666261124520037,5142,Frontal_Mid_R,Pallidum_L,0.0,0.0,0.0,0.74
994,8,111,9,112,-0.003470476089373323,0.008917123853475213,0.0057337818173864505,5143,Frontal_Mid_Orb_L,Vermis_6,0.0,0.0,0.0,0.76
4931,56,88,57,89,0.0030645825243171836,0.008916802929778346,0.005656252817111699,5144,Postcentral_L,Temporal_Inf_L,0.0,0.0,0.0,0.56
4738,53,75,54,76,0.004812260938318451,0.008911528791539055,0.004589117335319906,5145,Occipital_Inf_R,Pallidum_R,0.0,0.0,0.0,0.54
377,3,39,4,40,0.008294338718464673,0.008910942202703559,0.0070351605350257775,5146,Frontal_Sup_R,ParaHippocampal_R,0.0,0.0,0.0,0.92
3675,38,47,39,48,0.00872644840199098,0.008910733121898554,0.008176872131400385,5147,ParaHippocampal_L,Lingual_R,0.0,0.0,0.0,0.9
439,3,101,4,102,0.004296185450641735,0.008903520992046794,0.005604623476420362,5148,Frontal_Sup_R,Cerebelum_7b_R,0.0,0.0,0.0,0.72
1737,16,34,17,35,0.00852527426980393,0.008893689330956304,0.00426139802973848,5149,Rolandic_Oper_L,Cingulum_Post_L,0.0,0.0,0.0,0.86
5179,60,110,61,111,-0.004376699177954602,0.008890181468463097,0.005891734687271884,5150,Parietal_Inf_L,Vermis_4_5,0.0,0.0,0.0,0.76
5051,58,93,59,94,-0.006024994317056633,0.008889486010409632,0.007336931199967691,5151,Parietal_Sup_L,Cerebelum_Crus2_R,0.0,0.0,0.0,0.78
2270,21,87,22,88,-0.008886100722701924,0.008886100722701924,0.005699206996505959,5152,Olfactory_R,Temporal_Pole_Mid_R,0.0,0.0,0.0,1.0
356,3,18,4,19,-0.0014638552729045098,0.008870361163707999,0.005983770014199276,5153,Frontal_Sup_R,Supp_Motor_Area_L,0.0,0.0,0.0,0.52
39,0,40,1,41,-0.007931264288907482,0.008869273752418371,0.006087760011481093,5154,Precentral_L,Amygdala_L,0.0,0.0,0.0,0.98
6010,79,86,80,87,-0.004676036189428732,0.008868723411516106,0.0063951463995070255,5155,Heschl_R,Temporal_Pole_Mid_L,0.0,0.0,0.0,0.68
3852,40,73,41,74,0.002205143985835318,0.008868559997982929,0.005600131387832628,5156,Amygdala_L,Putamen_R,0.0,0.0,0.0,0.5
4752,53,89,54,90,-0.0049857529450793555,0.008867247068241579,0.004301567189652904,5157,Occipital_Inf_R,Temporal_Inf_R,0.0,0.0,0.0,0.74
299,2,73,3,74,0.007340242309104644,0.008863992395759537,0.005155841130953326,5158,Frontal_Sup_L,Putamen_R,0.0,0.0,0.0,0.8
1044,9,55,10,56,0.003632185460758608,0.008862328018978663,0.004093000782344373,5159,Frontal_Mid_Orb_R,Fusiform_R,0.0,0.0,0.0,0.54
405,3,67,4,68,-0.0032287160965649713,0.008854624372425526,0.0068681407203963225,5160,Frontal_Sup_R,Precuneus_R,0.0,0.0,0.0,0.56
2941,29,42,30,43,-0.008398027298516004,0.008854535254486609,0.004058009480070654,5161,Insula_R,Calcarine_L,0.0,0.0,0.0,0.88
374,3,36,4,37,-0.002676340837484191,0.008853547998422237,0.006883825052624096,5162,Frontal_Sup_R,Hippocampus_L,0.0,0.0,0.0,0.56
1161,10,67,11,68,0.006371375856874266,0.008846337575519704,0.005962991713395399,5163,Frontal_Inf_Oper_L,Precuneus_R,0.0,0.0,0.0,0.72
2302,22,26,23,27,0.003561722686429052,0.00884216901763684,0.005707832940727804,5164,Frontal_Sup_Medial_L,Rectus_L,0.0,0.0,0.0,0.72
759,6,91,7,92,0.007309382640500279,0.008838295928748019,0.005794996348823606,5165,Frontal_Mid_L,Cerebelum_Crus1_R,0.0,0.0,0.0,0.76
409,3,71,4,72,0.007475008371897598,0.008832940204754738,0.006987746216386112,5166,Frontal_Sup_R,Caudate_R,0.0,0.0,0.0,0.88
4811,54,87,55,88,0.006965519644951651,0.008830573044141997,0.004906941589255347,5167,Fusiform_L,Temporal_Pole_Mid_R,0.0,0.0,0.0,0.82
1743,16,40,17,41,-0.00864263587042867,0.008826885623756933,0.005872216927888648,5168,Rolandic_Oper_L,Amygdala_L,0.0,0.0,0.0,0.98
5206,61,83,62,84,0.0049163422564452355,0.00882077742506886,0.005979617620665128,5169,Parietal_Inf_R,Temporal_Pole_Sup_R,0.0,0.0,0.0,0.74
6530,98,112,99,113,-0.006078298898808076,0.008818375690839311,0.004946839950914361,5170,Cerebelum_6_L,Vermis_7,0.0,0.0,0.0,0.8
455,4,6,5,7,0.007127460352112207,0.008818319130636337,0.006187261368342795,5171,Frontal_Sup_Orb_L,Frontal_Mid_L,0.0,0.0,0.0,0.7
5678,70,114,71,115,-0.0034294726994028445,0.008818093463319103,0.0032615025857271733,5172,Caudate_L,Vermis_9,0.0,0.0,0.0,0.64
286,2,60,3,61,0.006137606500868734,0.008814530998255214,0.005707349008886772,5173,Frontal_Sup_L,Parietal_Inf_L,0.0,0.0,0.0,0.7
750,6,82,7,83,0.006081184162778975,0.008809228958844471,0.0057822217470608825,5174,Frontal_Mid_L,Temporal_Pole_Sup_L,0.0,0.0,0.0,0.74
4358,47,82,48,83,-0.004385250690114325,0.008807792092591991,0.0028367469255906495,5175,Lingual_R,Temporal_Pole_Sup_L,0.0,0.0,0.0,0.58
2007,18,109,19,110,-0.0084673505368834,0.008804389500823214,0.007056671486693943,5176,Supp_Motor_Area_L,Vermis_3,0.0,0.0,0.0,0.96
2198,20,109,21,110,-0.008803501911191444,0.008803501911191444,0.006899080356050146,5177,Olfactory_L,Vermis_3,0.0,0.0,0.0,1.0
801,7,25,8,26,-0.007690677255986739,0.008802065966530463,0.007001580920832923,5178,Frontal_Mid_R,Frontal_Med_Orb_R,0.0,0.0,0.0,0.84
1765,16,62,17,63,0.007034534415376007,0.008801593672579888,0.006205580692702403,5179,Rolandic_Oper_L,SupraMarginal_L,0.0,0.0,0.0,0.76
6588,102,112,103,113,0.0004892747640444187,0.008798575780525276,0.006086242841016215,5180,Cerebelum_8_L,Vermis_7,0.0,0.0,0.0,0.58
3904,41,51,42,52,-0.008797001194606939,0.008797001194606939,0.008217712969915938,5181,Amygdala_R,Occipital_Mid_R,0.0,0.0,0.0,1.0
239,2,13,3,14,0.0064134417264850975,0.00879514594121123,0.0059387905190167786,5182,Frontal_Sup_L,Frontal_Inf_Tri_R,0.0,0.0,0.0,0.74
441,3,103,4,104,0.0076288572861352025,0.008793593093595174,0.00689417663395357,5183,Frontal_Sup_R,Cerebelum_8_R,0.0,0.0,0.0,0.84
4402,48,59,49,60,-0.008441903758254427,0.008793555840615246,0.0073264345165595,5184,Occipital_Sup_L,Parietal_Sup_R,0.0,0.0,0.0,0.9
404,3,66,4,67,0.00817672587157266,0.00878988079039959,0.006884535036266964,5185,Frontal_Sup_R,Precuneus_L,0.0,0.0,0.0,0.86
1944,18,46,19,47,-0.0006680019441460712,0.008787674699848112,0.006562766581298956,5186,Supp_Motor_Area_L,Lingual_L,0.0,0.0,0.0,0.68
262,2,36,3,37,-0.007455315456913609,0.008786506735472347,0.006046343205611305,5187,Frontal_Sup_L,Hippocampus_L,0.0,0.0,0.0,0.76
925,8,42,9,43,0.008784885001441846,0.008784885001441846,0.005985218183463812,5188,Frontal_Mid_Orb_L,Calcarine_L,0.0,0.0,0.0,1.0
4068,43,70,44,71,-0.006938131842426771,0.008781561071953072,0.004033312318393494,5189,Calcarine_R,Caudate_L,0.0,0.0,0.0,0.64
2477,23,109,24,110,-0.008114863632611493,0.008776768793860986,0.0043114863162564505,5190,Frontal_Sup_Medial_R,Vermis_3,0.0,0.0,0.0,0.84
798,7,22,8,23,-0.008397546397295334,0.008775952119647025,0.007282069285822589,5191,Frontal_Mid_R,Frontal_Sup_Medial_L,0.0,0.0,0.0,0.9
4415,48,72,49,73,0.008130828107806243,0.008774185558654177,0.005517869378621065,5192,Occipital_Sup_L,Putamen_L,0.0,0.0,0.0,0.92
57,0,58,1,59,0.0015318925219644705,0.008765566042614114,0.007133928979661787,5193,Precentral_L,Parietal_Sup_L,0.0,0.0,0.0,0.52
936,8,53,9,54,-0.005458902114767643,0.008764437246160824,0.005263026518390028,5194,Frontal_Mid_Orb_L,Occipital_Inf_R,0.0,0.0,0.0,0.76
3115,31,47,32,48,-0.0008788303953005426,0.008763649831233218,0.0043735030856620755,5195,Cingulum_Ant_R,Lingual_R,0.0,0.0,0.0,0.56
764,6,96,7,97,-0.0073818761041820205,0.008762439250794934,0.006303334188914687,5196,Frontal_Mid_L,Cerebelum_4_5_L,0.0,0.0,0.0,0.78
4503,49,94,50,95,0.005299003181937552,0.008751471926765788,0.0050164708678082925,5197,Occipital_Sup_R,Cerebelum_3_L,0.0,0.0,0.0,0.74
5520,67,94,68,95,0.006677097375149234,0.008749611182427097,0.0050485013566074185,5198,Precuneus_R,Cerebelum_3_L,0.0,0.0,0.0,0.74
4190,45,51,46,52,0.008542421441245441,0.008744468345622558,0.004979674289386844,5199,Cuneus_R,Occipital_Mid_R,0.0,0.0,0.0,0.92
606,5,47,6,48,-0.008320662233886675,0.008742654965719026,0.004660012155702923,5200,Frontal_Sup_Orb_R,Lingual_R,0.0,0.0,0.0,0.92
4501,49,92,50,93,-0.006453242222358852,0.008740553298272256,0.004098086032175605,5201,Occipital_Sup_R,Cerebelum_Crus2_L,0.0,0.0,0.0,0.7
4307,46,99,47,100,0.00676702617499084,0.008738090993108355,0.006062695852021981,5202,Lingual_L,Cerebelum_6_R,0.0,0.0,0.0,0.8
3922,41,69,42,70,-0.007432500053781356,0.00873403472331563,0.00659829867049243,5203,Amygdala_R,Paracentral_Lobule_R,0.0,0.0,0.0,0.9
4718,53,55,54,56,0.008603920679188044,0.008731495204847554,0.004028625628370884,5204,Occipital_Inf_R,Fusiform_R,0.0,0.0,0.0,0.92
6660,111,112,112,113,0.007906538590113997,0.008723503881783811,0.0037444764471631477,5205,Vermis_6,Vermis_7,0.0,0.0,0.0,0.7
5197,61,74,62,75,-0.006886328141207217,0.008710906150637472,0.006926911761576313,5206,Parietal_Inf_R,Pallidum_L,0.0,0.0,0.0,0.68
4177,44,108,45,109,-0.008675098037552648,0.008710628610152801,0.006960552741121689,5207,Cuneus_L,Vermis_1_2,0.0,0.0,0.0,0.96
3759,39,55,40,56,0.007989323071794181,0.008707962384792954,0.007214625029066108,5208,ParaHippocampal_R,Fusiform_R,0.0,0.0,0.0,0.92
2225,21,42,22,43,-0.008704549517018483,0.008704549517018483,0.007745654402569319,5209,Olfactory_R,Calcarine_L,0.0,0.0,0.0,1.0
94,0,95,1,96,-0.005586330249053202,0.00870202953062151,0.005678817573689841,5210,Precentral_L,Cerebelum_3_R,0.0,0.0,0.0,0.84
2329,22,53,23,54,-0.00825648032188707,0.008699625959212823,0.005059746816467629,5211,Frontal_Sup_Medial_L,Occipital_Inf_R,0.0,0.0,0.0,0.94
4380,47,104,48,105,-0.004684350721889987,0.00869700592225881,0.004403805454620373,5212,Lingual_R,Cerebelum_9_L,0.0,0.0,0.0,0.52
3178,31,110,32,111,0.0009211149186351826,0.008695886651091026,0.0043541526984349505,5213,Cingulum_Ant_R,Vermis_4_5,0.0,0.0,0.0,0.6
2221,21,38,22,39,-0.008682052186032211,0.008695776375075234,0.0053263349456530214,5214,Olfactory_R,ParaHippocampal_L,0.0,0.0,0.0,0.98
4675,52,74,53,75,0.007606284044223989,0.00869542018619992,0.003977425343143299,5215,Occipital_Inf_L,Pallidum_L,0.0,0.0,0.0,0.82
5449,66,71,67,72,-0.0010438871005965516,0.008693060458708065,0.0049255504116050815,5216,Precuneus_L,Caudate_R,0.0,0.0,0.0,0.58
4725,53,62,54,63,-0.007526466442619649,0.008692085919384274,0.008404713450216855,5217,Occipital_Inf_R,SupraMarginal_L,0.0,0.0,0.0,0.82
2705,26,67,27,68,-0.0010560955512727108,0.008690750934596102,0.004585319178711424,5218,Rectus_L,Precuneus_R,0.0,0.0,0.0,0.74
4345,47,69,48,70,-0.008689632638485555,0.008689632638485555,0.005388297953279251,5219,Lingual_R,Paracentral_Lobule_R,0.0,0.0,0.0,1.0
3207,32,56,33,57,-0.000901999547830141,0.008687067681084733,0.004284783385114918,5220,Cingulum_Mid_L,Postcentral_L,0.0,0.0,0.0,0.74
2868,28,55,29,56,0.003994063938698397,0.008686900476850298,0.004148841308254375,5221,Insula_L,Fusiform_R,0.0,0.0,0.0,0.5
4114,44,45,45,46,0.005667627306151961,0.00868087261638855,0.006846302624484906,5222,Cuneus_L,Cuneus_R,0.0,0.0,0.0,0.86
3947,41,94,42,95,0.0041120694530682395,0.008664691386424183,0.002701863216453338,5223,Amygdala_R,Cerebelum_3_L,0.0,0.0,0.0,0.52
4481,49,72,50,73,-0.004566055828318892,0.008657178727076833,0.0037843996007208575,5224,Occipital_Sup_R,Putamen_L,0.0,0.0,0.0,0.54
4453,48,110,49,111,-0.00852242390208169,0.008652803972727692,0.00753109479048816,5225,Occipital_Sup_L,Vermis_4_5,0.0,0.0,0.0,0.96
251,2,25,3,26,-0.0033323497443461824,0.008652604551338861,0.006100970480901134,5226,Frontal_Sup_L,Frontal_Med_Orb_R,0.0,0.0,0.0,0.6
3448,35,54,36,55,-0.006041898878842442,0.00864350370188722,0.006286600905463471,5227,Cingulum_Post_R,Fusiform_L,0.0,0.0,0.0,0.88
4393,48,50,49,51,0.007318749296325203,0.008636408754015093,0.005061718611240393,5228,Occipital_Sup_L,Occipital_Mid_L,0.0,0.0,0.0,0.92
1131,10,37,11,38,0.005152586601992241,0.008629315760875196,0.007174545368901598,5229,Frontal_Inf_Oper_L,Hippocampus_R,0.0,0.0,0.0,0.66
364,3,26,4,27,-0.0032079697167884664,0.008627950978143983,0.005868234309996231,5230,Frontal_Sup_R,Rectus_L,0.0,0.0,0.0,0.5
4488,49,79,50,80,0.007315219946556739,0.008624576604207193,0.0028507090409958568,5231,Occipital_Sup_R,Heschl_R,0.0,0.0,0.0,0.68
4249,45,110,46,111,-0.008607170732591912,0.008623885840300832,0.006846646891941156,5232,Cuneus_R,Vermis_4_5,0.0,0.0,0.0,0.98
6666,112,115,113,116,0.007080059700827645,0.008620501077605326,0.0036390187260438105,5233,Vermis_7,Vermis_10,0.0,0.0,0.0,0.7
5722,71,114,72,115,-0.001743707688044351,0.008617679830496088,0.0038424081310708554,5234,Caudate_R,Vermis_9,0.0,0.0,0.0,0.54
691,6,23,7,24,-0.007242617530581474,0.008614669649234382,0.005518488085885202,5235,Frontal_Mid_L,Frontal_Sup_Medial_R,0.0,0.0,0.0,0.76
4491,49,82,50,83,0.0034598084242636632,0.008612773618975807,0.004840081903358331,5236,Occipital_Sup_R,Temporal_Pole_Sup_L,0.0,0.0,0.0,0.54
6136,82,110,83,111,0.006670312290833631,0.00861059936947645,0.00483696947704546,5237,Temporal_Pole_Sup_L,Vermis_4_5,0.0,0.0,0.0,0.88
2373,22,97,23,98,0.00047452362427038443,0.00861049490268756,0.0030013563919219968,5238,Frontal_Sup_Medial_L,Cerebelum_4_5_R,0.0,0.0,0.0,0.54
4056,43,58,44,59,-0.008464300522389221,0.008610319463697792,0.007609783084524542,5239,Calcarine_R,Parietal_Sup_L,0.0,0.0,0.0,0.96
4861,55,77,56,78,0.0023548876763456236,0.008608895284899361,0.004897947928641931,5240,Fusiform_R,Thalamus_R,0.0,0.0,0.0,0.5
4037,42,111,43,112,-0.00860744613063439,0.00860744613063439,0.005416295214852275,5241,Calcarine_L,Vermis_6,0.0,0.0,0.0,1.0
859,7,83,8,84,-0.0049619950758379135,0.008601215115491867,0.007334794801947233,5242,Frontal_Mid_R,Temporal_Pole_Sup_R,0.0,0.0,0.0,0.62
3011,29,112,30,113,-0.004160316971752729,0.008598142283555904,0.005566628528872955,5243,Insula_R,Vermis_7,0.0,0.0,0.0,0.76
510,4,61,5,62,-0.006918657961724124,0.008594166104881175,0.005013117854815413,5244,Frontal_Sup_Orb_L,Parietal_Inf_R,0.0,0.0,0.0,0.7
675,6,7,7,8,0.0033963966910483946,0.008591838046740897,0.00445330621759399,5245,Frontal_Mid_L,Frontal_Mid_R,0.0,0.0,0.0,0.52
679,6,11,7,12,0.006395766205607279,0.008590361510431153,0.004890924438557372,5246,Frontal_Mid_L,Frontal_Inf_Oper_R,0.0,0.0,0.0,0.74
3279,33,46,34,47,-0.007188339693910484,0.008588574929817844,0.00586420451258991,5247,Cingulum_Mid_R,Lingual_L,0.0,0.0,0.0,0.88
1648,15,44,16,45,-6.795618211126088e-06,0.008578454156513742,0.004378258127965652,5248,Frontal_Inf_Orb_R,Cuneus_L,0.0,0.0,0.0,0.52
6611,104,112,105,113,0.0019866075507049487,0.00857743261962318,0.004585093577223701,5249,Cerebelum_9_L,Vermis_7,0.0,0.0,0.0,0.56
265,2,39,3,40,0.00733136888874385,0.008576905451847866,0.005949757929559725,5250,Frontal_Sup_L,ParaHippocampal_R,0.0,0.0,0.0,0.8
5104,59,90,60,91,-0.004326541513101902,0.008570968242062374,0.007639041827267686,5251,Parietal_Sup_R,Cerebelum_Crus1_L,0.0,0.0,0.0,0.78
935,8,52,9,53,0.0029910975391845805,0.00856993690170537,0.005485323604099295,5252,Frontal_Mid_Orb_L,Occipital_Inf_L,0.0,0.0,0.0,0.7
612,5,53,6,54,-0.0029197233434834872,0.00856623554082115,0.005341857848087276,5253,Frontal_Sup_Orb_R,Occipital_Inf_R,0.0,0.0,0.0,0.72
830,7,54,8,55,-0.00831851699480989,0.008565290367156671,0.007065538437133521,5254,Frontal_Mid_R,Fusiform_L,0.0,0.0,0.0,0.9
739,6,71,7,72,0.006890246116545056,0.008556772041814037,0.005229136477112951,5255,Frontal_Mid_L,Caudate_R,0.0,0.0,0.0,0.7
848,7,72,8,73,-0.008035463908797636,0.008555340038864639,0.006688282168970978,5256,Frontal_Mid_R,Putamen_L,0.0,0.0,0.0,0.9
4797,54,73,55,74,-0.001167680001166558,0.008555285380192875,0.004678260910512704,5257,Fusiform_L,Putamen_R,0.0,0.0,0.0,0.74
1111,10,17,11,18,-0.007964718689452484,0.00855480363649397,0.006149281149355245,5258,Frontal_Inf_Oper_L,Rolandic_Oper_R,0.0,0.0,0.0,0.88
3828,40,49,41,50,-0.008330303833333252,0.008554457311298735,0.006728753094540079,5259,Amygdala_L,Occipital_Sup_R,0.0,0.0,0.0,0.96
5674,70,110,71,111,-0.0008815082677584203,0.008550921688401377,0.0049341752610270575,5260,Caudate_L,Vermis_4_5,0.0,0.0,0.0,0.72
3046,30,62,31,63,-0.0013883657776826127,0.00854991722200692,0.0048177976845568595,5261,Cingulum_Ant_L,SupraMarginal_L,0.0,0.0,0.0,0.6
3287,33,54,34,55,-0.004122525860237868,0.008548410144949387,0.00571416085469848,5262,Cingulum_Mid_R,Fusiform_L,0.0,0.0,0.0,0.76
1455,13,52,14,53,-0.0020761966137718014,0.008546937075338676,0.004938890917648401,5263,Frontal_Inf_Tri_R,Occipital_Inf_L,0.0,0.0,0.0,0.62
259,2,33,3,34,-0.0066769784248640485,0.00853727996447411,0.005645094914269043,5264,Frontal_Sup_L,Cingulum_Mid_R,0.0,0.0,0.0,0.78
2006,18,108,19,109,0.006023327312904798,0.00853586192092069,0.005018314102227684,5265,Supp_Motor_Area_L,Vermis_1_2,0.0,0.0,0.0,0.6
1910,17,109,18,110,-0.008517651561531616,0.008532441557421631,0.003977910851088136,5266,Rolandic_Oper_R,Vermis_3,0.0,0.0,0.0,0.96
867,7,91,8,92,-0.00827337266607506,0.008527157918068313,0.006982559761397432,5267,Frontal_Mid_R,Cerebelum_Crus1_R,0.0,0.0,0.0,0.9
1754,16,51,17,52,0.008133476145259092,0.008525946759330699,0.004353138831257093,5268,Rolandic_Oper_L,Occipital_Mid_R,0.0,0.0,0.0,0.78
3591,37,40,38,41,0.004287858929159715,0.008521967772933866,0.0031646213963703635,5269,Hippocampus_R,Amygdala_L,0.0,0.0,0.0,0.62
1103,9,114,10,115,-0.0004296968314211611,0.008520755255765506,0.003583852972137566,5270,Frontal_Mid_Orb_R,Vermis_9,0.0,0.0,0.0,0.54
993,8,110,9,111,0.00813321893256381,0.008517876683231755,0.005561755840313407,5271,Frontal_Mid_Orb_L,Vermis_4_5,0.0,0.0,0.0,0.9
575,5,16,6,17,-0.00606554060066944,0.008514424667355592,0.005212516603264326,5272,Frontal_Sup_Orb_R,Rolandic_Oper_L,0.0,0.0,0.0,0.68
5852,75,78,76,79,-0.005589505267075684,0.008513303361721687,0.0045326709322256065,5273,Pallidum_R,Heschl_L,0.0,0.0,0.0,0.76
2073,19,79,20,80,0.0018990651355963067,0.008509028629984528,0.005689105929984485,5274,Supp_Motor_Area_R,Heschl_R,0.0,0.0,0.0,0.6
1738,16,35,17,36,0.00448431196974234,0.008507054347175325,0.004632781611974267,5275,Rolandic_Oper_L,Cingulum_Post_R,0.0,0.0,0.0,0.56
297,2,71,3,72,0.006790479378067114,0.00850383979587055,0.006376519590401421,5276,Frontal_Sup_L,Caudate_R,0.0,0.0,0.0,0.78
4098,43,100,44,101,-0.006547702080717929,0.008502328550166378,0.0039713075160383365,5277,Calcarine_R,Cerebelum_7b_L,0.0,0.0,0.0,0.86
4948,56,105,57,106,0.003703144610555737,0.008491867915162578,0.004757649507674683,5278,Postcentral_L,Cerebelum_9_R,0.0,0.0,0.0,0.72
2072,19,78,20,79,0.002187443190856378,0.00848890659800301,0.004693305793417764,5279,Supp_Motor_Area_R,Heschl_L,0.0,0.0,0.0,0.56
5128,59,114,60,115,-0.008203336543981858,0.008488547506179604,0.007844752648528974,5280,Parietal_Sup_R,Vermis_9,0.0,0.0,0.0,0.9
727,6,59,7,60,-0.0028568205937501835,0.008480659395148594,0.0067751533077654745,5281,Frontal_Mid_L,Parietal_Sup_R,0.0,0.0,0.0,0.66
174,1,61,2,62,0.007214599124971427,0.008478800460221736,0.006758296151820695,5282,Precentral_R,Parietal_Inf_R,0.0,0.0,0.0,0.82
2516,24,57,25,58,-0.004032951805835133,0.008470617335408685,0.004988622672005839,5283,Frontal_Med_Orb_L,Postcentral_R,0.0,0.0,0.0,0.8
432,3,94,4,95,0.007497172676937225,0.00846673920738652,0.007174195178407099,5284,Frontal_Sup_R,Cerebelum_3_L,0.0,0.0,0.0,0.82
1941,18,43,19,44,0.0025944892675513315,0.008464824520625247,0.005123159204542124,5285,Supp_Motor_Area_L,Calcarine_R,0.0,0.0,0.0,0.58
3393,34,79,35,80,0.00844691015166384,0.008461090294571117,0.005377654083565704,5286,Cingulum_Post_L,Heschl_R,0.0,0.0,0.0,0.96
3740,38,112,39,113,0.006563004882322146,0.00846033628991007,0.007533269440294112,5287,ParaHippocampal_L,Vermis_7,0.0,0.0,0.0,0.76
1166,10,72,11,73,-0.006922295109474763,0.008455419669983873,0.006262626084519295,5288,Frontal_Inf_Oper_L,Putamen_L,0.0,0.0,0.0,0.82
4143,44,74,45,75,0.0048425389093411444,0.0084541375450733,0.004377656996106857,5289,Cuneus_L,Pallidum_L,0.0,0.0,0.0,0.78
4561,50,87,51,88,0.00695260465898587,0.008444846440916288,0.004323617904498386,5290,Occipital_Mid_L,Temporal_Pole_Mid_R,0.0,0.0,0.0,0.78
52,0,53,1,54,-0.004084805885996102,0.008444654574644724,0.005917109660232518,5291,Precentral_L,Occipital_Inf_R,0.0,0.0,0.0,0.78
495,4,46,5,47,0.007249196521541514,0.00844385125455309,0.003779074086500118,5292,Frontal_Sup_Orb_L,Lingual_L,0.0,0.0,0.0,0.84
250,2,24,3,25,-0.004157082163903194,0.008435742577319471,0.004992781795432855,5293,Frontal_Sup_L,Frontal_Med_Orb_L,0.0,0.0,0.0,0.62
2611,25,62,26,63,0.006598493348240788,0.008434059863188473,0.005440420492862369,5294,Frontal_Med_Orb_R,SupraMarginal_L,0.0,0.0,0.0,0.76
3972,42,46,43,47,-0.008409606246013288,0.008431510559267186,0.007165713780629513,5295,Calcarine_L,Lingual_L,0.0,0.0,0.0,0.98
783,6,115,7,116,-0.0076387149826928746,0.008425186336607507,0.006979545200343351,5296,Frontal_Mid_L,Vermis_10,0.0,0.0,0.0,0.86
1649,15,45,16,46,0.001036154535608325,0.008423519502804672,0.004202701873395064,5297,Frontal_Inf_Orb_R,Cuneus_R,0.0,0.0,0.0,0.56
4831,54,107,55,108,-0.004581983572479199,0.008421594518284526,0.004305573737689712,5298,Fusiform_L,Cerebelum_10_R,0.0,0.0,0.0,0.76
6103,81,110,82,111,-0.0012721871970474432,0.00842065002635048,0.0038010739733946477,5299,Temporal_Sup_R,Vermis_4_5,0.0,0.0,0.0,0.56
4689,52,88,53,89,0.006745222986222211,0.008419807850491868,0.004631435654469025,5300,Occipital_Inf_L,Temporal_Inf_L,0.0,0.0,0.0,0.88
893,8,10,9,11,-0.0030456812470736217,0.008416164541732713,0.005917551938265906,5301,Frontal_Mid_Orb_L,Frontal_Inf_Oper_L,0.0,0.0,0.0,0.52
4405,48,62,49,63,0.007308394106846101,0.008414820864730253,0.005232761892903196,5302,Occipital_Sup_L,SupraMarginal_L,0.0,0.0,0.0,0.82
842,7,66,8,67,-0.007782764904482683,0.008412679303134704,0.006813443557379253,5303,Frontal_Mid_R,Precuneus_L,0.0,0.0,0.0,0.9
172,1,59,2,60,-0.007772050151560877,0.008409048859337959,0.007628528143278024,5304,Precentral_R,Parietal_Sup_R,0.0,0.0,0.0,0.82
4645,51,107,52,108,-0.0070769758193170796,0.008399006329466815,0.0047444950019792115,5305,Occipital_Mid_R,Cerebelum_10_R,0.0,0.0,0.0,0.78
5275,62,99,63,100,-0.0035939973227751467,0.00839858570793072,0.005768193077521416,5306,SupraMarginal_L,Cerebelum_6_R,0.0,0.0,0.0,0.64
6668,113,115,114,116,-0.006201105390001702,0.008398340827992769,0.004186991556234135,5307,Vermis_8,Vermis_10,0.0,0.0,0.0,0.9
5039,58,81,59,82,-0.0036847975594745197,0.008395279032222633,0.0074819208867237495,5308,Parietal_Sup_L,Temporal_Sup_R,0.0,0.0,0.0,0.7
1759,16,56,17,57,0.0067897513577022985,0.008392374640083671,0.003428005452917638,5309,Rolandic_Oper_L,Postcentral_L,0.0,0.0,0.0,0.8
4624,51,86,52,87,0.007303076063644995,0.00838754325753704,0.0038711137377428146,5310,Occipital_Mid_R,Temporal_Pole_Mid_L,0.0,0.0,0.0,0.7
4311,46,103,47,104,0.006852663360385075,0.00838714928198524,0.005464964980905156,5311,Lingual_L,Cerebelum_8_R,0.0,0.0,0.0,0.78
721,6,53,7,54,-0.007557721093790357,0.00838683693751177,0.005987909786035435,5312,Frontal_Mid_L,Occipital_Inf_R,0.0,0.0,0.0,0.82
440,3,102,4,103,-0.002345898772522674,0.008386190876417227,0.00542324430350646,5313,Frontal_Sup_R,Cerebelum_8_L,0.0,0.0,0.0,0.52
1806,16,103,17,104,0.0017585301953418656,0.008381576874862144,0.0033369839704529827,5314,Rolandic_Oper_L,Cerebelum_8_R,0.0,0.0,0.0,0.66
4431,48,88,49,89,0.007130148949441369,0.008378622864631898,0.003940867547565552,5315,Occipital_Sup_L,Temporal_Inf_L,0.0,0.0,0.0,0.72
2680,26,42,27,43,-0.008246880672130164,0.008377537830242265,0.0052817100415952275,5316,Rectus_L,Calcarine_L,0.0,0.0,0.0,0.96
1820,17,19,18,20,-0.0018372157382583979,0.008376762642787566,0.0034110190719387748,5317,Rolandic_Oper_R,Supp_Motor_Area_R,0.0,0.0,0.0,0.54
425,3,87,4,88,0.005359665046934367,0.008375113684091752,0.005317792825387814,5318,Frontal_Sup_R,Temporal_Pole_Mid_R,0.0,0.0,0.0,0.66
4798,54,74,55,75,-0.0014008154820089936,0.008370839311768739,0.004475615980664394,5319,Fusiform_L,Pallidum_L,0.0,0.0,0.0,0.6
3782,39,78,40,79,-0.003495459860198805,0.008366170329351184,0.004347539487076531,5320,ParaHippocampal_R,Heschl_L,0.0,0.0,0.0,0.62
4364,47,88,48,89,0.007674101714012913,0.008362332415330688,0.004249837332201573,5321,Lingual_R,Temporal_Inf_L,0.0,0.0,0.0,0.86
4446,48,103,49,104,0.00025091180215810164,0.008357768433040648,0.004458849124238654,5322,Occipital_Sup_L,Cerebelum_8_R,0.0,0.0,0.0,0.52
4392,48,49,49,50,-0.006600676046932415,0.008355403023257749,0.0038468922984850173,5323,Occipital_Sup_L,Occipital_Sup_R,0.0,0.0,0.0,0.58
1645,15,41,16,42,-0.007685983725220514,0.008351835601819551,0.0057812366817124,5324,Frontal_Inf_Orb_R,Amygdala_R,0.0,0.0,0.0,0.88
235,2,9,3,10,-0.006096688738792904,0.008350578962469683,0.00603516932595545,5325,Frontal_Sup_L,Frontal_Mid_Orb_R,0.0,0.0,0.0,0.68
4308,46,100,47,101,-0.005264101612985525,0.008347122812625337,0.004239273589563464,5326,Lingual_L,Cerebelum_7b_L,0.0,0.0,0.0,0.72
6069,80,110,81,111,-0.0048323784056340255,0.008345936907221541,0.004908850036800543,5327,Temporal_Sup_L,Vermis_4_5,0.0,0.0,0.0,0.58
3208,32,57,33,58,-0.007977401340133892,0.00834519815661223,0.004144614474033125,5328,Cingulum_Mid_L,Postcentral_R,0.0,0.0,0.0,0.92
3260,32,109,33,110,0.007550046521063717,0.008344412895190282,0.0034857176679688614,5329,Cingulum_Mid_L,Vermis_3,0.0,0.0,0.0,0.74
5198,61,75,62,76,-0.0050746401288936024,0.008344140184344906,0.00649274162134401,5330,Parietal_Inf_R,Pallidum_R,0.0,0.0,0.0,0.74
4195,45,56,46,57,-0.006989860046812096,0.008340540915815015,0.0067772163923622755,5331,Cuneus_R,Postcentral_L,0.0,0.0,0.0,0.88
4954,56,111,57,112,0.005979776175443869,0.008338709282686756,0.004079937935079398,5332,Postcentral_L,Vermis_6,0.0,0.0,0.0,0.6
5106,59,92,60,93,-0.006857117550652073,0.008338408672109176,0.0077700253413107954,5333,Parietal_Sup_R,Cerebelum_Crus2_L,0.0,0.0,0.0,0.78
4011,42,85,43,86,-0.005818076400340025,0.008337017006991805,0.003358315280111156,5334,Calcarine_L,Temporal_Mid_R,0.0,0.0,0.0,0.66
5114,59,100,60,101,0.0021424503490520054,0.008336324192436483,0.005238657901277768,5335,Parietal_Sup_R,Cerebelum_7b_L,0.0,0.0,0.0,0.56
6544,99,110,100,111,0.005714159717527396,0.008331604630164562,0.0033104853112805137,5336,Cerebelum_6_R,Vermis_4_5,0.0,0.0,0.0,0.6
314,2,88,3,89,0.006566346983523455,0.008323720081323129,0.00536814351455979,5337,Frontal_Sup_L,Temporal_Inf_L,0.0,0.0,0.0,0.78
4365,47,89,48,90,0.0044674281162163775,0.008320981891155502,0.0042276800722047475,5338,Lingual_R,Temporal_Inf_R,0.0,0.0,0.0,0.82
2858,28,45,29,46,0.003206300121516511,0.008318468978307757,0.004392635716088751,5339,Insula_L,Cuneus_R,0.0,0.0,0.0,0.54
1189,10,95,11,96,-0.0069745744806233015,0.00831103776467221,0.006686091274420264,5340,Frontal_Inf_Oper_L,Cerebelum_3_R,0.0,0.0,0.0,0.84
391,3,53,4,54,-0.004276708201874447,0.008307256875357353,0.00673087559413205,5341,Frontal_Sup_R,Occipital_Inf_R,0.0,0.0,0.0,0.64
3985,42,59,43,60,-0.007824683205168591,0.008297551809520805,0.007658230494586434,5342,Calcarine_L,Parietal_Sup_R,0.0,0.0,0.0,0.9
884,7,108,8,109,-0.008132573415819478,0.008296823191958206,0.005667795180656625,5343,Frontal_Mid_R,Vermis_1_2,0.0,0.0,0.0,0.94
3834,40,55,41,56,-0.0082854113875404,0.0082854113875404,0.006307234544450519,5344,Amygdala_L,Fusiform_R,0.0,0.0,0.0,1.0
5280,62,104,63,105,0.0066935214360863415,0.00828540637906323,0.0044958150262146045,5345,SupraMarginal_L,Cerebelum_9_L,0.0,0.0,0.0,0.78
3909,41,56,42,57,-0.00737210034659062,0.008284734267812843,0.006776923017796055,5346,Amygdala_R,Postcentral_L,0.0,0.0,0.0,0.92
818,7,42,8,43,-0.008112276220448111,0.008284409194183268,0.00631561669864786,5347,Frontal_Mid_R,Calcarine_L,0.0,0.0,0.0,0.92
4955,56,112,57,113,0.007912967082523427,0.008284339132238906,0.00541002021020837,5348,Postcentral_L,Vermis_7,0.0,0.0,0.0,0.78
3292,33,59,34,60,-0.0005534313691131607,0.008284113655292894,0.005954536691841894,5349,Cingulum_Mid_R,Parietal_Sup_R,0.0,0.0,0.0,0.62
2332,22,56,23,57,-0.007560189589594745,0.008283682027881748,0.005980630263486565,5350,Frontal_Sup_Medial_L,Postcentral_L,0.0,0.0,0.0,0.92
844,7,68,8,69,-0.007716127345305025,0.008283607887693837,0.0064930838144995305,5351,Frontal_Mid_R,Paracentral_Lobule_L,0.0,0.0,0.0,0.9
6548,99,114,100,115,-0.005003287099261962,0.008280552540042679,0.005341115977250888,5352,Cerebelum_6_R,Vermis_9,0.0,0.0,0.0,0.74
825,7,49,8,50,-0.007850650081886821,0.008279098291112808,0.00648741444175338,5353,Frontal_Mid_R,Occipital_Sup_R,0.0,0.0,0.0,0.88
1659,15,55,16,56,-0.007866700275679489,0.008275130024908086,0.004532512053574392,5354,Frontal_Inf_Orb_R,Fusiform_R,0.0,0.0,0.0,0.86
4435,48,92,49,93,-0.0006781105247321885,0.00827315976506053,0.004158913522707202,5355,Occipital_Sup_L,Cerebelum_Crus2_L,0.0,0.0,0.0,0.64
5199,61,76,62,77,-0.006449380059577948,0.008264476489848231,0.005766854084206506,5356,Parietal_Inf_R,Thalamus_L,0.0,0.0,0.0,0.72
1032,9,43,10,44,-0.004156033804361643,0.008263720698323828,0.003145979768607451,5357,Frontal_Mid_Orb_R,Calcarine_R,0.0,0.0,0.0,0.52
5584,68,111,69,112,0.005255167317163204,0.008262517456702624,0.0037535890461874483,5358,Paracentral_Lobule_L,Vermis_6,0.0,0.0,0.0,0.54
5094,59,80,60,81,-0.001533181670545321,0.008249953616080129,0.007137642610904884,5359,Parietal_Sup_R,Temporal_Sup_L,0.0,0.0,0.0,0.62
2479,23,111,24,112,-0.0056492710327928665,0.008248997816568833,0.005443451276675549,5360,Frontal_Sup_Medial_R,Vermis_6,0.0,0.0,0.0,0.84
4989,57,88,58,89,-0.004412865675224278,0.008246457020343542,0.0059305922615079535,5361,Postcentral_R,Temporal_Inf_L,0.0,0.0,0.0,0.64
5053,58,95,59,96,-0.0037597860676328227,0.008245822555186709,0.008217028346137047,5362,Parietal_Sup_L,Cerebelum_3_R,0.0,0.0,0.0,0.76
3373,34,59,35,60,-0.0065786200949244965,0.008245673166781486,0.007580941991794414,5363,Cingulum_Post_L,Parietal_Sup_R,0.0,0.0,0.0,0.78
2835,27,109,28,110,-0.004740083886136611,0.008245127335558376,0.005804611072919531,5364,Rectus_R,Vermis_3,0.0,0.0,0.0,0.76
6667,113,114,114,115,-0.007508065071140149,0.008244573036915516,0.005608526677252661,5365,Vermis_8,Vermis_9,0.0,0.0,0.0,0.94
4178,44,109,45,110,-0.008220403581938951,0.00824287438208222,0.005796974929446157,5366,Cuneus_L,Vermis_3,0.0,0.0,0.0,0.96
996,8,113,9,114,-0.0017108196058216948,0.00824136937661633,0.0028756494797863978,5367,Frontal_Mid_Orb_L,Vermis_8,0.0,0.0,0.0,0.7
65,0,66,1,67,0.002203131089243438,0.008240585666606548,0.003556119721017487,5368,Precentral_L,Precuneus_L,0.0,0.0,0.0,0.58
4819,54,95,55,96,0.005022169359693356,0.008238175283248687,0.003239576361145317,5369,Fusiform_L,Cerebelum_3_R,0.0,0.0,0.0,0.58
444,3,106,4,107,0.00018262444866969435,0.008226129126073668,0.006104618467879876,5370,Frontal_Sup_R,Cerebelum_10_L,0.0,0.0,0.0,0.56
858,7,82,8,83,-0.006078950148474419,0.008224240470366372,0.006698184554972598,5371,Frontal_Mid_R,Temporal_Pole_Sup_L,0.0,0.0,0.0,0.74
4227,45,88,46,89,-0.004552091050461868,0.00822257622917128,0.005727704586288046,5372,Cuneus_R,Temporal_Inf_L,0.0,0.0,0.0,0.8
5256,62,80,63,81,0.005286180162091648,0.008220634617037464,0.005231532959878471,5373,SupraMarginal_L,Temporal_Sup_L,0.0,0.0,0.0,0.64
6477,95,113,96,114,-0.00026392214230890114,0.008219663496386692,0.005237402749551393,5374,Cerebelum_3_R,Vermis_8,0.0,0.0,0.0,0.64
2238,21,55,22,56,-0.008217756996467799,0.008217756996467799,0.005791517999438785,5375,Olfactory_R,Fusiform_R,0.0,0.0,0.0,1.0
4319,46,111,47,112,-0.008206059162495245,0.008217620994247873,0.006616819619675044,5376,Lingual_L,Vermis_6,0.0,0.0,0.0,0.98
150,1,37,2,38,0.006738552228855578,0.008212613046923225,0.0033053988636381846,5377,Precentral_R,Hippocampus_R,0.0,0.0,0.0,0.76
1153,10,59,11,60,-0.00499939144911975,0.008208704047678723,0.006524684273788304,5378,Frontal_Inf_Oper_L,Parietal_Sup_R,0.0,0.0,0.0,0.74
4680,52,79,53,80,0.008165693304706175,0.008207120794695223,0.004766851808511793,5379,Occipital_Inf_L,Heschl_R,0.0,0.0,0.0,0.98
1735,16,32,17,33,0.00464314230948238,0.00820662917843974,0.004124296246567617,5380,Rolandic_Oper_L,Cingulum_Mid_L,0.0,0.0,0.0,0.74
5245,62,69,63,70,0.0067611021164685715,0.008205466558478763,0.005318764370845951,5381,SupraMarginal_L,Paracentral_Lobule_R,0.0,0.0,0.0,0.78
217,1,104,2,105,0.0010776658059645458,0.008204821768222377,0.004674567441000876,5382,Precentral_R,Cerebelum_9_L,0.0,0.0,0.0,0.62
1520,14,16,15,17,-0.00480930818294245,0.00819546279171948,0.005257301990862525,5383,Frontal_Inf_Orb_L,Rolandic_Oper_L,0.0,0.0,0.0,0.82
4105,43,107,44,108,-0.00026740960909281956,0.008190457975596638,0.00250862201109222,5384,Calcarine_R,Cerebelum_10_R,0.0,0.0,0.0,0.58
2262,21,79,22,80,-0.008179184222789378,0.008179184222789378,0.006873423012881144,5385,Olfactory_R,Heschl_R,0.0,0.0,0.0,1.0
3901,41,48,42,49,-0.008129103917194376,0.008175213360780623,0.0046869841837860965,5386,Amygdala_R,Occipital_Sup_L,0.0,0.0,0.0,0.96
139,1,26,2,27,-0.007123811308446224,0.008174015499328032,0.004723213461508569,5387,Precentral_R,Rectus_L,0.0,0.0,0.0,0.88
1845,17,44,18,45,0.007298979618606586,0.008169425762249482,0.0030653258097016007,5388,Rolandic_Oper_R,Cuneus_L,0.0,0.0,0.0,0.74
1778,16,75,17,76,-0.0031341834225836022,0.008168878959183836,0.006063813905189294,5389,Rolandic_Oper_L,Pallidum_R,0.0,0.0,0.0,0.76
3862,40,83,41,84,0.0014136735280708508,0.008168260332476786,0.0047170294211800416,5390,Amygdala_L,Temporal_Pole_Sup_R,0.0,0.0,0.0,0.5
3762,39,58,40,59,0.0005889156576623034,0.00816750176226625,0.008058414538871007,5391,ParaHippocampal_R,Parietal_Sup_L,0.0,0.0,0.0,0.52
1343,12,42,13,43,-0.00695338471962098,0.008161670133260945,0.0033607012771524943,5392,Frontal_Inf_Tri_L,Calcarine_L,0.0,0.0,0.0,0.8
408,3,70,4,71,0.005392788396717776,0.008161337990980004,0.006043343838247936,5393,Frontal_Sup_R,Caudate_L,0.0,0.0,0.0,0.72
2958,29,59,30,60,-0.005373709613087204,0.00816122877168111,0.008120306739479069,5394,Insula_R,Parietal_Sup_R,0.0,0.0,0.0,0.78
4448,48,105,49,106,-0.005469452751808493,0.008160076050973278,0.004165754385266521,5395,Occipital_Sup_L,Cerebelum_9_R,0.0,0.0,0.0,0.56
4417,48,74,49,75,0.005701694911164714,0.008160012530522004,0.0047808555613976095,5396,Occipital_Sup_L,Pallidum_L,0.0,0.0,0.0,0.72
4032,42,106,43,107,0.005328510589162179,0.008157800610687544,0.004059040715464341,5397,Calcarine_L,Cerebelum_10_L,0.0,0.0,0.0,0.7
6432,93,109,94,110,0.00266284843294255,0.008148727743322051,0.005001936857568405,5398,Cerebelum_Crus2_R,Vermis_3,0.0,0.0,0.0,0.64
5012,57,111,58,112,0.006499661153947881,0.008146353871184057,0.0036997875297892675,5399,Postcentral_R,Vermis_6,0.0,0.0,0.0,0.64
5095,59,81,60,82,-0.0006770312966582015,0.008144360997253065,0.006700217200747606,5400,Parietal_Sup_R,Temporal_Sup_R,0.0,0.0,0.0,0.58
870,7,94,8,95,0.000629834693425351,0.008135546379753847,0.006467024241901616,5401,Frontal_Mid_R,Cerebelum_3_L,0.0,0.0,0.0,0.5
638,5,79,6,80,0.004249610383300792,0.008125152114732626,0.003964608167816078,5402,Frontal_Sup_Orb_R,Heschl_R,0.0,0.0,0.0,0.62
2781,27,55,28,56,-0.007066928983211924,0.0081247551919429,0.0035439718861158763,5403,Rectus_R,Fusiform_R,0.0,0.0,0.0,0.8
4783,54,59,55,60,-0.007767079664998714,0.008121455126119335,0.007772977980548443,5404,Fusiform_L,Parietal_Sup_R,0.0,0.0,0.0,0.9
5279,62,103,63,104,-0.003340752825528494,0.008118221113779623,0.006533917837755683,5405,SupraMarginal_L,Cerebelum_8_R,0.0,0.0,0.0,0.66
26,0,27,1,28,-0.003247425080126037,0.008118132936722531,0.005663670466756647,5406,Precentral_L,Rectus_R,0.0,0.0,0.0,0.76
810,7,34,8,35,-0.006963314805174092,0.00811647266943234,0.006162789519101309,5407,Frontal_Mid_R,Cingulum_Post_L,0.0,0.0,0.0,0.82
4017,42,91,43,92,0.006249626424364793,0.00811349140387767,0.004618688195506716,5408,Calcarine_L,Cerebelum_Crus1_R,0.0,0.0,0.0,0.86
5210,61,87,62,88,0.006840690021760097,0.008104008067444239,0.0051064325746705535,5409,Parietal_Inf_R,Temporal_Pole_Mid_R,0.0,0.0,0.0,0.82
4036,42,110,43,111,-0.00808241976138228,0.008097591398293752,0.0069968354610943796,5410,Calcarine_L,Vermis_4_5,0.0,0.0,0.0,0.94
847,7,71,8,72,0.00047014570846556935,0.008096998591510671,0.007087495410533571,5411,Frontal_Mid_R,Caudate_R,0.0,0.0,0.0,0.58
812,7,36,8,37,-0.007438550751075814,0.00809564318225457,0.006712422510963906,5412,Frontal_Mid_R,Hippocampus_L,0.0,0.0,0.0,0.86
2349,22,73,23,74,0.005174888006560023,0.008094095407068918,0.005148279684379437,5413,Frontal_Sup_Medial_L,Putamen_R,0.0,0.0,0.0,0.76
4995,57,94,58,95,0.0003909965240835696,0.008093889921415676,0.004378988437384573,5414,Postcentral_R,Cerebelum_3_L,0.0,0.0,0.0,0.7
3914,41,61,42,62,0.007614881114927212,0.008088780953937294,0.006751966761758776,5415,Amygdala_R,Parietal_Inf_R,0.0,0.0,0.0,0.88
4779,54,55,55,56,-0.007887281795093076,0.008088210021550347,0.005284035270008753,5416,Fusiform_L,Fusiform_R,0.0,0.0,0.0,0.92
3961,41,108,42,109,-0.005036701258182612,0.008087766708723697,0.003827505961454955,5417,Amygdala_R,Vermis_1_2,0.0,0.0,0.0,0.86
491,4,42,5,43,0.007913459141284803,0.008087420926478064,0.003961529593105532,5418,Frontal_Sup_Orb_L,Calcarine_L,0.0,0.0,0.0,0.94
1744,16,41,17,42,-0.0068078729932188374,0.00808005740540332,0.007111218087745614,5419,Rolandic_Oper_L,Amygdala_R,0.0,0.0,0.0,0.86
138,1,25,2,26,0.0026476707755437624,0.00807986109707756,0.004900097385102664,5420,Precentral_R,Frontal_Med_Orb_R,0.0,0.0,0.0,0.58
4669,52,68,53,69,-0.007234657909717502,0.008076531870845503,0.006072998557527422,5421,Occipital_Inf_L,Paracentral_Lobule_L,0.0,0.0,0.0,0.88
4482,49,73,50,74,0.0034034292740013432,0.008068197871965022,0.006170343714094121,5422,Occipital_Sup_R,Putamen_R,0.0,0.0,0.0,0.78
2211,21,28,22,29,-0.008059827561587572,0.008059827561587572,0.005844918404168796,5423,Olfactory_R,Insula_L,0.0,0.0,0.0,1.0
2014,19,20,20,21,-0.007787040427766736,0.008059481595996544,0.006721263860383056,5424,Supp_Motor_Area_R,Olfactory_L,0.0,0.0,0.0,0.98
4259,46,51,47,52,0.007961754303004333,0.008057583924663185,0.004160594835697657,5425,Lingual_L,Occipital_Mid_R,0.0,0.0,0.0,0.9
2203,20,114,21,115,-0.007977202666351354,0.008054904150162152,0.004962389063450505,5426,Olfactory_L,Vermis_9,0.0,0.0,0.0,0.96
4029,42,103,43,104,0.007667905960088806,0.00805203172264738,0.0047021725900585724,5427,Calcarine_L,Cerebelum_8_R,0.0,0.0,0.0,0.94
3765,39,61,40,62,0.007015193273876618,0.008041448052642295,0.006703306450902908,5428,ParaHippocampal_R,Parietal_Inf_R,0.0,0.0,0.0,0.82
3744,39,40,40,41,-0.007213982321147629,0.008028090710980613,0.003719128676591024,5429,ParaHippocampal_R,Amygdala_L,0.0,0.0,0.0,0.84
2772,27,46,28,47,-0.00768673812946385,0.008026677774486657,0.005756628899809123,5430,Rectus_R,Lingual_L,0.0,0.0,0.0,0.9
4889,55,105,56,106,0.0011898225166315194,0.008022675811779272,0.005263722540620096,5431,Fusiform_R,Cerebelum_9_R,0.0,0.0,0.0,0.68
3093,30,109,31,110,0.0005046776672064183,0.00802128126561444,0.004815254339795437,5432,Cingulum_Ant_L,Vermis_3,0.0,0.0,0.0,0.6
1948,18,50,19,51,0.0026918362207997214,0.008019369739373453,0.004743711718861354,5433,Supp_Motor_Area_L,Occipital_Mid_L,0.0,0.0,0.0,0.56
3210,32,59,33,60,-0.006962464462801942,0.008019293483721794,0.007497219232483077,5434,Cingulum_Mid_L,Parietal_Sup_R,0.0,0.0,0.0,0.82
866,7,90,8,91,-0.0037304651142664362,0.008018975019050696,0.0067530302102251786,5435,Frontal_Mid_R,Cerebelum_Crus1_L,0.0,0.0,0.0,0.72
4468,49,59,50,60,-0.007016556466013417,0.00801774871990927,0.006877653109081207,5436,Occipital_Sup_R,Parietal_Sup_R,0.0,0.0,0.0,0.8
4885,55,101,56,102,-0.003670862182333855,0.00801606246581504,0.0034820410106022512,5437,Fusiform_R,Cerebelum_7b_R,0.0,0.0,0.0,0.56
6662,111,114,112,115,-0.007999003652889719,0.008015665978138003,0.005488748267613941,5438,Vermis_6,Vermis_9,0.0,0.0,0.0,0.98
3742,38,114,39,115,0.0050837341516134175,0.008009262852650873,0.0027228829345458936,5439,ParaHippocampal_L,Vermis_9,0.0,0.0,0.0,0.66
3539,36,66,37,67,0.0044243268383168345,0.0080065827875092,0.004182609411188263,5440,Hippocampus_L,Precuneus_L,0.0,0.0,0.0,0.52
3968,41,115,42,116,0.002936311790372512,0.008005620718909964,0.00439450238612177,5441,Amygdala_R,Vermis_10,0.0,0.0,0.0,0.52
2232,21,49,22,50,-0.00800561304097374,0.00800561304097374,0.005264703545112756,5442,Olfactory_R,Occipital_Sup_R,0.0,0.0,0.0,1.0
185,1,72,2,73,0.0025031645979289737,0.008000239241541812,0.005296102765815996,5443,Precentral_R,Putamen_L,0.0,0.0,0.0,0.74
3749,39,45,40,46,0.006858299393417029,0.007999834061817757,0.004952593791884502,5444,ParaHippocampal_R,Cuneus_R,0.0,0.0,0.0,0.86
3663,37,112,38,113,-0.006246041084495275,0.007997806425544601,0.004989653296235704,5445,Hippocampus_R,Vermis_7,0.0,0.0,0.0,0.76
1614,14,110,15,111,0.007952895605833326,0.00799355873291345,0.005210541654013037,5446,Frontal_Inf_Orb_L,Vermis_4_5,0.0,0.0,0.0,0.96
288,2,62,3,63,0.0016829685722156277,0.007986660176768107,0.005361347230751588,5447,Frontal_Sup_L,SupraMarginal_L,0.0,0.0,0.0,0.52
6257,86,109,87,110,-0.00527761800029259,0.007981970507460804,0.004114347172135597,5448,Temporal_Pole_Mid_L,Vermis_3,0.0,0.0,0.0,0.84
4214,45,75,46,76,-0.0027991487393953123,0.007971666325939777,0.004316840790436888,5449,Cuneus_R,Pallidum_R,0.0,0.0,0.0,0.62
2154,20,65,21,66,0.007144104611961589,0.007971355152717142,0.006189510799167014,5450,Olfactory_L,Angular_R,0.0,0.0,0.0,0.7
343,3,5,4,6,0.0026593292918831164,0.007969432613480348,0.0059071267267962945,5451,Frontal_Sup_R,Frontal_Sup_Orb_R,0.0,0.0,0.0,0.66
3607,37,56,38,57,0.007154367613108276,0.007964064953649685,0.0038687655841176108,5452,Hippocampus_R,Postcentral_L,0.0,0.0,0.0,0.84
171,1,58,2,59,-0.006151740545209901,0.007959092900232424,0.006581667127999904,5453,Precentral_R,Parietal_Sup_L,0.0,0.0,0.0,0.72
4091,43,93,44,94,6.903679243695427e-05,0.007955335044899047,0.004289654881391723,5454,Calcarine_R,Cerebelum_Crus2_R,0.0,0.0,0.0,0.66
696,6,28,7,29,0.006360578072593031,0.00795515878879947,0.005660081728449302,5455,Frontal_Mid_L,Insula_L,0.0,0.0,0.0,0.74
1347,12,46,13,47,0.004526953195545747,0.007954832856783906,0.004355605716554923,5456,Frontal_Inf_Tri_L,Lingual_L,0.0,0.0,0.0,0.6
2173,20,84,21,85,-0.00794744521876585,0.00794744521876585,0.007200322949293004,5457,Olfactory_L,Temporal_Mid_L,0.0,0.0,0.0,1.0
1851,17,50,18,51,0.007864192831682626,0.0079466426152954,0.004313749384578298,5458,Rolandic_Oper_R,Occipital_Mid_L,0.0,0.0,0.0,0.96
6590,102,114,103,115,-0.004987685610000913,0.007944937297267732,0.0034045979885805066,5459,Cerebelum_8_L,Vermis_9,0.0,0.0,0.0,0.78
824,7,48,8,49,-0.00690329721041072,0.007942030730225086,0.005815290055337793,5460,Frontal_Mid_R,Occipital_Sup_L,0.0,0.0,0.0,0.8
4585,50,111,51,112,-0.007653301748633714,0.007940101703478092,0.005849895571811086,5461,Occipital_Mid_L,Vermis_6,0.0,0.0,0.0,0.96
6511,97,110,98,111,0.0062207540662455145,0.007938370501241595,0.0026384586927765434,5462,Cerebelum_4_5_R,Vermis_4_5,0.0,0.0,0.0,0.62
267,2,41,3,42,-0.007104310869839935,0.007933718904370751,0.00684897284299613,5463,Frontal_Sup_L,Amygdala_R,0.0,0.0,0.0,0.84
2506,24,47,25,48,-0.0037105627241934575,0.007932139539265925,0.005606813391394084,5464,Frontal_Med_Orb_L,Lingual_R,0.0,0.0,0.0,0.84
2569,24,110,25,111,0.005648153768890132,0.0079164667249812,0.005265261105429385,5465,Frontal_Med_Orb_L,Vermis_4_5,0.0,0.0,0.0,0.76
2237,21,54,22,55,-0.007914849700643357,0.007914849700643357,0.006235120946244671,5466,Olfactory_R,Fusiform_L,0.0,0.0,0.0,1.0
5208,61,85,62,86,0.0009666550033643459,0.007911171194139683,0.005289505162931725,5467,Parietal_Inf_R,Temporal_Mid_R,0.0,0.0,0.0,0.5
5888,75,114,76,115,-0.0010778529138703071,0.007905814578762913,0.0040640781592448764,5468,Pallidum_R,Vermis_9,0.0,0.0,0.0,0.64
4052,43,54,44,55,-0.007875515506461041,0.007901856055831453,0.005593465011705661,5469,Calcarine_R,Fusiform_L,0.0,0.0,0.0,0.96
4639,51,101,52,102,-0.0038379269346272434,0.007897397872503334,0.004508292780225756,5470,Occipital_Mid_R,Cerebelum_7b_R,0.0,0.0,0.0,0.68
792,7,16,8,17,-0.005332903092252998,0.00789658114250834,0.005266836998015209,5471,Frontal_Mid_R,Rolandic_Oper_L,0.0,0.0,0.0,0.66
3975,42,49,43,50,-0.007091222432568822,0.007892872340344503,0.004459928545400508,5472,Calcarine_L,Occipital_Sup_R,0.0,0.0,0.0,0.86
1036,9,47,10,48,0.001382091493237085,0.0078928361428439,0.004827584325455976,5473,Frontal_Mid_Orb_R,Lingual_R,0.0,0.0,0.0,0.56
1612,14,108,15,109,-0.004257295690200256,0.007890526173155492,0.004866359871109416,5474,Frontal_Inf_Orb_L,Vermis_1_2,0.0,0.0,0.0,0.78
2219,21,36,22,37,-0.007830394254479477,0.00787377332332372,0.004277973254092729,5475,Olfactory_R,Hippocampus_L,0.0,0.0,0.0,0.98
3013,29,114,30,115,-0.001790722705645244,0.007871992604698041,0.004935700749499148,5476,Insula_R,Vermis_9,0.0,0.0,0.0,0.52
5542,68,69,69,70,0.0025985827718472006,0.00786919550767212,0.005104203827945203,5477,Paracentral_Lobule_L,Paracentral_Lobule_R,0.0,0.0,0.0,0.56
5013,57,112,58,113,0.007475503893500546,0.00786649588601049,0.0036630438566372216,5478,Postcentral_R,Vermis_7,0.0,0.0,0.0,0.84
1035,9,46,10,47,0.0033991399996698445,0.007865275450960284,0.00316610261601058,5479,Frontal_Mid_Orb_R,Lingual_L,0.0,0.0,0.0,0.54
4278,46,70,47,71,-0.0003210689724286761,0.007864889746393506,0.004204338796388259,5480,Lingual_L,Caudate_L,0.0,0.0,0.0,0.52
3598,37,47,38,48,-0.006183283013149315,0.007862090858146167,0.004281089252985566,5481,Hippocampus_R,Lingual_R,0.0,0.0,0.0,0.8
4117,44,48,45,49,-0.005498390402084238,0.007861747427593649,0.0051600457265057395,5482,Cuneus_L,Occipital_Sup_L,0.0,0.0,0.0,0.88
4997,57,96,58,97,-0.004207610863998573,0.007860389562888119,0.00433136141304344,5483,Postcentral_R,Cerebelum_4_5_L,0.0,0.0,0.0,0.72
2239,21,56,22,57,-0.007852291745273155,0.007852291745273155,0.006110906447405899,5484,Olfactory_R,Postcentral_L,0.0,0.0,0.0,1.0
4191,45,52,46,53,-0.005456578314405011,0.007846905412816328,0.005580792872068332,5485,Cuneus_R,Occipital_Inf_L,0.0,0.0,0.0,0.92
361,3,23,4,24,0.0008683459232901674,0.007841264554525745,0.005985947135126709,5486,Frontal_Sup_R,Frontal_Sup_Medial_R,0.0,0.0,0.0,0.56
6597,103,109,104,110,-0.007306809848074355,0.007840747094040373,0.0038017475785372574,5487,Cerebelum_8_R,Vermis_3,0.0,0.0,0.0,0.84
4399,48,56,49,57,0.004643735662056901,0.007835318933246118,0.003076348952734395,5488,Occipital_Sup_L,Postcentral_L,0.0,0.0,0.0,0.56
2573,24,114,25,115,-0.00426647253685336,0.007834236295999171,0.004126788458966642,5489,Frontal_Med_Orb_L,Vermis_9,0.0,0.0,0.0,0.58
2324,22,48,23,49,-0.006636947263724713,0.007832577060207645,0.004636518670409885,5490,Frontal_Sup_Medial_L,Occipital_Sup_L,0.0,0.0,0.0,0.94
104,0,105,1,106,-0.0012310118270822772,0.007831064260945398,0.00425932943700026,5491,Precentral_L,Cerebelum_9_R,0.0,0.0,0.0,0.54
1949,18,51,19,52,-0.00018021564561338996,0.00782501356156995,0.005032217657696304,5492,Supp_Motor_Area_L,Occipital_Mid_R,0.0,0.0,0.0,0.62
2248,21,65,22,66,0.006415959381437504,0.007823668044321207,0.005987294503073144,5493,Olfactory_R,Angular_R,0.0,0.0,0.0,0.64
2170,20,81,21,82,-0.007822270062223302,0.007822270062223302,0.007056733656984969,5494,Olfactory_L,Temporal_Sup_R,0.0,0.0,0.0,1.0
6167,83,109,84,110,-0.006994340559681225,0.007821576716336933,0.0036800448621515623,5495,Temporal_Pole_Sup_R,Vermis_3,0.0,0.0,0.0,0.82
21,0,22,1,23,-8.710702974519125e-05,0.007820495563930756,0.004057624697682042,5496,Precentral_L,Frontal_Sup_Medial_L,0.0,0.0,0.0,0.58
3347,33,114,34,115,0.007509472132422188,0.007814522091493496,0.0040038094764560765,5497,Cingulum_Mid_R,Vermis_9,0.0,0.0,0.0,0.92
96,0,97,1,98,-0.005520545811782063,0.00780190359047146,0.003451810410294944,5498,Precentral_L,Cerebelum_4_5_R,0.0,0.0,0.0,0.72
3205,32,54,33,55,-0.0005373040193763002,0.007800380909720147,0.004072671540713127,5499,Cingulum_Mid_L,Fusiform_L,0.0,0.0,0.0,0.56
4871,55,87,56,88,0.0009465991690458991,0.007797890452941733,0.0038809094627201886,5500,Fusiform_R,Temporal_Pole_Mid_R,0.0,0.0,0.0,0.7
2882,28,69,29,70,0.0026211513747778337,0.007793317234445857,0.004237108731384699,5501,Insula_L,Paracentral_Lobule_R,0.0,0.0,0.0,0.56
15,0,16,1,17,-0.006413299929571867,0.007791538868903896,0.0045436037182916755,5502,Precentral_L,Rolandic_Oper_L,0.0,0.0,0.0,0.88
1185,10,91,11,92,-6.902492926662983e-05,0.007791213765732625,0.004841642041696623,5503,Frontal_Inf_Oper_L,Cerebelum_Crus1_R,0.0,0.0,0.0,0.56
681,6,13,7,14,-0.0015372667099828568,0.0077910860489329384,0.00683614568607044,5504,Frontal_Mid_L,Frontal_Inf_Tri_R,0.0,0.0,0.0,0.58
5071,58,113,59,114,-0.006668568367147629,0.0077874646266526855,0.007058908679399643,5505,Parietal_Sup_L,Vermis_8,0.0,0.0,0.0,0.82
761,6,93,7,94,0.006332489176123528,0.007786283120311695,0.005206867679761579,5506,Frontal_Mid_L,Cerebelum_Crus2_R,0.0,0.0,0.0,0.78
2872,28,59,29,60,-0.004159821861923397,0.007783584238062215,0.0068729676760503275,5507,Insula_L,Parietal_Sup_R,0.0,0.0,0.0,0.74
6135,82,109,83,110,-0.0061156378488602435,0.007772787760092318,0.005481760433653934,5508,Temporal_Pole_Sup_L,Vermis_3,0.0,0.0,0.0,0.94
3884,40,105,41,106,-0.007053264247139591,0.007770647695717075,0.004026186816024518,5509,Amygdala_L,Cerebelum_9_R,0.0,0.0,0.0,0.8
5922,76,109,77,110,0.001173941915424955,0.007769822861678785,0.003710626746456119,5510,Thalamus_L,Vermis_3,0.0,0.0,0.0,0.5
1170,10,76,11,77,0.0007702009594775525,0.007759035765600732,0.004566603572814999,5511,Frontal_Inf_Oper_L,Thalamus_L,0.0,0.0,0.0,0.56
2836,27,110,28,111,-0.005746603183326692,0.007756871119045086,0.0039872259981011205,5512,Rectus_R,Vermis_4_5,0.0,0.0,0.0,0.74
3199,32,48,33,49,0.006375973976708944,0.007751660983596764,0.004110441855481248,5513,Cingulum_Mid_L,Occipital_Sup_L,0.0,0.0,0.0,0.76
507,4,58,5,59,-0.003335430447308097,0.007751218915795217,0.007171386525654702,5514,Frontal_Sup_Orb_L,Parietal_Sup_L,0.0,0.0,0.0,0.66
749,6,81,7,82,0.0032131960341997396,0.0077491866711912934,0.004303240267618058,5515,Frontal_Mid_L,Temporal_Sup_R,0.0,0.0,0.0,0.68
5263,62,87,63,88,0.005104683457867481,0.007748478771802109,0.005396615330339558,5516,SupraMarginal_L,Temporal_Pole_Mid_R,0.0,0.0,0.0,0.66
5085,59,71,60,72,-0.003942966844632772,0.007746766326285771,0.006339092511992689,5517,Parietal_Sup_R,Caudate_R,0.0,0.0,0.0,0.72
576,5,17,6,18,0.0022233264508415814,0.007743850630566849,0.005485503706240997,5518,Frontal_Sup_Orb_R,Rolandic_Oper_R,0.0,0.0,0.0,0.56
3206,32,55,33,56,0.004522001052824265,0.0077403399197752305,0.0038452620700176075,5519,Cingulum_Mid_L,Fusiform_R,0.0,0.0,0.0,0.62
4222,45,83,46,84,0.0033873304664448316,0.007739089786346568,0.004344760993973709,5520,Cuneus_R,Temporal_Pole_Sup_R,0.0,0.0,0.0,0.62
5118,59,104,60,105,-0.004564465554219032,0.007727898713162365,0.0074380485820228935,5521,Parietal_Sup_R,Cerebelum_9_L,0.0,0.0,0.0,0.66
4879,55,95,56,96,0.0037483092689686243,0.007724993500309565,0.005184318345154039,5522,Fusiform_R,Cerebelum_3_R,0.0,0.0,0.0,0.56
1142,10,48,11,49,0.005219172188282696,0.00772246611297547,0.0034050837737553937,5523,Frontal_Inf_Oper_L,Occipital_Sup_L,0.0,0.0,0.0,0.64
6648,108,115,109,116,-0.005086003550698408,0.0077168615783110295,0.003763235621651085,5524,Vermis_1_2,Vermis_10,0.0,0.0,0.0,0.66
790,7,14,8,15,0.0022408066841615067,0.007715228884913144,0.005258465509616358,5525,Frontal_Mid_R,Frontal_Inf_Orb_L,0.0,0.0,0.0,0.56
6454,94,110,95,111,0.005970462252219508,0.007714232664747717,0.0035372647697477144,5526,Cerebelum_3_L,Vermis_4_5,0.0,0.0,0.0,0.74
222,1,109,2,110,-0.007674826985894511,0.007708202847952547,0.004044926204128526,5527,Precentral_R,Vermis_3,0.0,0.0,0.0,0.96
4575,50,101,51,102,0.0030431281635501404,0.007706650395696136,0.0040766719300862845,5528,Occipital_Mid_L,Cerebelum_7b_R,0.0,0.0,0.0,0.68
744,6,76,7,77,-0.005113650368328957,0.007706343028738418,0.004913525817083736,5529,Frontal_Mid_L,Thalamus_L,0.0,0.0,0.0,0.68
4777,53,114,54,115,-0.007262999408642648,0.007705910522665379,0.005945941645931024,5530,Occipital_Inf_R,Vermis_9,0.0,0.0,0.0,0.92
3130,31,62,32,63,0.0034899046590113362,0.007704625438079362,0.004371309672691604,5531,Cingulum_Ant_R,SupraMarginal_L,0.0,0.0,0.0,0.68
5965,77,114,78,115,-0.00040802737135067974,0.007701261196493471,0.00344027296181128,5532,Thalamus_R,Vermis_9,0.0,0.0,0.0,0.54
4103,43,105,44,106,-0.003351269554875231,0.007693568915886878,0.0029772426986060664,5533,Calcarine_R,Cerebelum_9_R,0.0,0.0,0.0,0.5
4790,54,66,55,67,0.007146038917099823,0.007692286011776653,0.003646084822453101,5534,Fusiform_L,Precuneus_L,0.0,0.0,0.0,0.84
1834,17,33,18,34,-0.0044124506796630715,0.007690106771967168,0.0030005447552667757,5535,Rolandic_Oper_R,Cingulum_Mid_R,0.0,0.0,0.0,0.52
5593,69,74,70,75,-0.0012386849292927709,0.007689019199247371,0.004751721750729373,5536,Paracentral_Lobule_R,Pallidum_L,0.0,0.0,0.0,0.6
831,7,55,8,56,-0.007285831970062456,0.007687173228915951,0.006023361136720725,5537,Frontal_Mid_R,Fusiform_R,0.0,0.0,0.0,0.88
607,5,48,6,49,0.00018182739356587105,0.007681338686498603,0.005067600338012403,5538,Frontal_Sup_Orb_R,Occipital_Sup_L,0.0,0.0,0.0,0.62
3982,42,56,43,57,-0.007677984311005751,0.007677984311005751,0.005983739121730133,5539,Calcarine_L,Postcentral_L,0.0,0.0,0.0,1.0
3893,40,114,41,115,0.007624641380893504,0.007677023656882058,0.004149911465233226,5540,Amygdala_L,Vermis_9,0.0,0.0,0.0,0.92
4164,44,95,45,96,-0.004334675723366389,0.007670505060929038,0.0044490211963374654,5541,Cuneus_L,Cerebelum_3_R,0.0,0.0,0.0,0.68
3996,42,70,43,71,-0.001261941991405709,0.007659322969840427,0.004253803982081089,5542,Calcarine_L,Caudate_L,0.0,0.0,0.0,0.66
54,0,55,1,56,-0.0011524295639224209,0.0076585402675309125,0.004532072673512433,5543,Precentral_L,Fusiform_R,0.0,0.0,0.0,0.74
287,2,61,3,62,-0.0013601262109370874,0.0076579956021216615,0.005326778910723903,5544,Frontal_Sup_L,Parietal_Inf_R,0.0,0.0,0.0,0.5
6492,96,109,97,110,-0.006166527874856917,0.007656952447376153,0.00446425711769253,5545,Cerebelum_4_5_L,Vermis_3,0.0,0.0,0.0,0.72
4387,47,111,48,112,-0.007571353597065888,0.007654999391581386,0.006307262619863021,5546,Lingual_R,Vermis_6,0.0,0.0,0.0,0.98
4962,57,61,58,62,-0.005903258724657765,0.0076537096269070504,0.005245709318208789,5547,Postcentral_R,Parietal_Inf_R,0.0,0.0,0.0,0.72
924,8,41,9,42,-5.6348147999842345e-05,0.007652800775750335,0.003958500965082119,5548,Frontal_Mid_Orb_L,Amygdala_R,0.0,0.0,0.0,0.52
3286,33,53,34,54,-0.0061224753106631806,0.007651912257817882,0.005405497449343249,5549,Cingulum_Mid_R,Occipital_Inf_R,0.0,0.0,0.0,0.88
4483,49,74,50,75,0.0017595164165152965,0.007650592910991531,0.005011941666472342,5550,Occipital_Sup_R,Pallidum_L,0.0,0.0,0.0,0.58
1666,15,62,16,63,-0.006086845371571066,0.007648628919065501,0.005970091072544493,5551,Frontal_Inf_Orb_R,SupraMarginal_L,0.0,0.0,0.0,0.8
3815,39,111,40,112,-0.00393076562530178,0.007647495600082262,0.004631061786900185,5552,ParaHippocampal_R,Vermis_6,0.0,0.0,0.0,0.84
2424,23,56,24,57,-0.00697386033128149,0.007641964080753244,0.004795279223467427,5553,Frontal_Sup_Medial_R,Postcentral_L,0.0,0.0,0.0,0.88
2606,25,57,26,58,0.004285235386803365,0.007639277249539896,0.0035244411757823254,5554,Frontal_Med_Orb_R,Postcentral_R,0.0,0.0,0.0,0.66
6140,82,114,83,115,0.003620371067403621,0.007637971358522547,0.004283092197037395,5555,Temporal_Pole_Sup_L,Vermis_9,0.0,0.0,0.0,0.64
4283,46,75,47,76,-0.006140331310230224,0.007636184245272359,0.0034100859072139084,5556,Lingual_L,Pallidum_R,0.0,0.0,0.0,0.76
1006,9,17,10,18,0.00018450248291970172,0.007633166338124391,0.004323921278190384,5557,Frontal_Mid_Orb_R,Rolandic_Oper_R,0.0,0.0,0.0,0.62
883,7,107,8,108,0.001724388937740897,0.007631420043660796,0.005771559072950207,5558,Frontal_Mid_R,Cerebelum_10_R,0.0,0.0,0.0,0.5
2601,25,52,26,53,0.007230572791537535,0.007631320359542333,0.0040829390420237185,5559,Frontal_Med_Orb_R,Occipital_Inf_L,0.0,0.0,0.0,0.86
2175,20,86,21,87,-0.007214548915996876,0.007629775693221439,0.005243676937398539,5560,Olfactory_L,Temporal_Pole_Mid_L,0.0,0.0,0.0,0.96
2272,21,89,22,90,-0.007623193937512731,0.007623193937512731,0.005706330645039231,5561,Olfactory_R,Temporal_Inf_R,0.0,0.0,0.0,1.0
1172,10,78,11,79,0.003247398975747108,0.007621172832402614,0.004962148746707933,5562,Frontal_Inf_Oper_L,Heschl_L,0.0,0.0,0.0,0.6
4291,46,83,47,84,0.004680116909158836,0.007618048697400916,0.0052205512137599676,5563,Lingual_L,Temporal_Pole_Sup_R,0.0,0.0,0.0,0.8
846,7,70,8,71,-0.005646974410093877,0.007613117394284946,0.006978078332790761,5564,Frontal_Mid_R,Caudate_L,0.0,0.0,0.0,0.8
2610,25,61,26,62,-0.004898354171317137,0.007610174911552994,0.0055135039110004065,5565,Frontal_Med_Orb_R,Parietal_Inf_R,0.0,0.0,0.0,0.64
699,6,31,7,32,0.005465532359037046,0.007606858392832823,0.005680205691895099,5566,Frontal_Mid_L,Cingulum_Ant_R,0.0,0.0,0.0,0.74
5552,68,79,69,80,-0.0025560914363923614,0.007605467309357647,0.005749047217440693,5567,Paracentral_Lobule_L,Heschl_R,0.0,0.0,0.0,0.78
3858,40,79,41,80,-0.007081746432256107,0.007603702722747997,0.004149428833965459,5568,Amygdala_L,Heschl_R,0.0,0.0,0.0,0.92
3687,38,59,39,60,-0.006480389861048067,0.007603479008069533,0.0068827994270864255,5569,ParaHippocampal_L,Parietal_Sup_R,0.0,0.0,0.0,0.84
3436,35,42,36,43,-0.0070858232243483235,0.007597268312924482,0.004549645057879944,5570,Cingulum_Post_R,Calcarine_L,0.0,0.0,0.0,0.92
5246,62,70,63,71,-0.005098313038000226,0.007594935507446391,0.004828893685549368,5571,SupraMarginal_L,Caudate_L,0.0,0.0,0.0,0.72
2944,29,45,30,46,-0.0035228678090270943,0.007589381528010836,0.005053188088326643,5572,Insula_R,Cuneus_R,0.0,0.0,0.0,0.8
2056,19,62,20,63,0.004557792776351327,0.007585928853771791,0.004748993615843657,5573,Supp_Motor_Area_R,SupraMarginal_L,0.0,0.0,0.0,0.62
2595,25,46,26,47,0.006769196734022916,0.007585039080410776,0.002306704812656479,5574,Frontal_Med_Orb_R,Lingual_L,0.0,0.0,0.0,0.78
5570,68,97,69,98,0.0011027126136886882,0.007584034582228083,0.0029719967341947902,5575,Paracentral_Lobule_L,Cerebelum_4_5_R,0.0,0.0,0.0,0.62
4376,47,100,48,101,0.0038855408803353027,0.007581506410226727,0.005048861352898917,5576,Lingual_R,Cerebelum_7b_L,0.0,0.0,0.0,0.66
3900,41,47,42,48,-0.007338050971151613,0.0075778144266497715,0.004370633657320971,5577,Amygdala_R,Lingual_R,0.0,0.0,0.0,0.96
103,0,104,1,105,0.0012808264636399302,0.007575412921343736,0.004446164336089254,5578,Precentral_L,Cerebelum_9_L,0.0,0.0,0.0,0.58
5086,59,72,60,73,-0.003977406116292193,0.007573928262748119,0.0072646042955242796,5579,Parietal_Sup_R,Putamen_L,0.0,0.0,0.0,0.72
1722,16,19,17,20,0.003867685230960596,0.007573352204897133,0.0031562864479543424,5580,Rolandic_Oper_L,Supp_Motor_Area_R,0.0,0.0,0.0,0.52
2699,26,61,27,62,-0.005404211946896964,0.007573022587279452,0.005585415122567586,5581,Rectus_L,Parietal_Inf_R,0.0,0.0,0.0,0.7
849,7,73,8,74,-0.0050703024361048775,0.007562303635181161,0.005708065149669762,5582,Frontal_Mid_R,Putamen_R,0.0,0.0,0.0,0.72
3896,41,43,42,44,-0.007332033710958701,0.007559344801069772,0.005764008473168945,5583,Amygdala_R,Calcarine_R,0.0,0.0,0.0,0.96
3630,37,79,38,80,-0.0009164377651737647,0.007556367327544485,0.004673889325274712,5584,Hippocampus_R,Heschl_R,0.0,0.0,0.0,0.58
5812,74,78,75,79,0.002852583959026692,0.007553699842032286,0.004011433353544106,5585,Pallidum_L,Heschl_L,0.0,0.0,0.0,0.56
4338,47,62,48,63,0.006249361649505232,0.007551507612736754,0.005238549104082087,5586,Lingual_R,SupraMarginal_L,0.0,0.0,0.0,0.82
3684,38,56,39,57,0.00610822324893509,0.007549949252965275,0.004033119355644236,5587,ParaHippocampal_L,Postcentral_L,0.0,0.0,0.0,0.64
2571,24,112,25,113,0.0012331332385222308,0.007549822844906589,0.004446701235741637,5588,Frontal_Med_Orb_L,Vermis_7,0.0,0.0,0.0,0.6
1563,14,59,15,60,-0.005893297787910319,0.0075465497650153,0.007322356961738007,5589,Frontal_Inf_Orb_L,Parietal_Sup_R,0.0,0.0,0.0,0.84
5109,59,95,60,96,0.00022615954138128583,0.00753895799084489,0.006063109878111944,5590,Parietal_Sup_R,Cerebelum_3_R,0.0,0.0,0.0,0.58
5213,61,90,62,91,0.0012037677658887104,0.007538374727317105,0.004477301553307724,5591,Parietal_Inf_R,Cerebelum_Crus1_L,0.0,0.0,0.0,0.54
1205,10,111,11,112,-0.005576287574139568,0.0075359295205434836,0.0069873568277424615,5592,Frontal_Inf_Oper_L,Vermis_6,0.0,0.0,0.0,0.78
3970,42,44,43,45,-0.006191106357209601,0.007530415689162529,0.003051952244195115,5593,Calcarine_L,Cuneus_L,0.0,0.0,0.0,0.64
3818,39,114,40,115,0.001848256891124157,0.007528522106138453,0.004995991601280983,5594,ParaHippocampal_R,Vermis_9,0.0,0.0,0.0,0.72
1846,17,45,18,46,-0.00688753833434783,0.007528313501557784,0.004295271385284236,5595,Rolandic_Oper_R,Cuneus_R,0.0,0.0,0.0,0.9
360,3,22,4,23,0.0026473462287144437,0.007526652935290442,0.0054056433183665535,5596,Frontal_Sup_R,Frontal_Sup_Medial_L,0.0,0.0,0.0,0.62
4189,45,50,46,51,0.0071456324293676056,0.007526465150987932,0.005477157082680301,5597,Cuneus_R,Occipital_Mid_L,0.0,0.0,0.0,0.9
3606,37,55,38,56,-0.005947667427234547,0.0075239692382934745,0.002886882939738101,5598,Hippocampus_R,Fusiform_R,0.0,0.0,0.0,0.84
2943,29,44,30,45,0.0019322700886820836,0.007516874259185955,0.004278161402128789,5599,Insula_R,Cuneus_L,0.0,0.0,0.0,0.58
281,2,55,3,56,0.0065768954352400455,0.007516671530110925,0.004847147786450776,5600,Frontal_Sup_L,Fusiform_R,0.0,0.0,0.0,0.84
3262,32,111,33,112,-0.0046255141361638205,0.0075143103742436376,0.0043651981761105955,5601,Cingulum_Mid_L,Vermis_6,0.0,0.0,0.0,0.84
2567,24,108,25,109,-0.001821087148182447,0.007513311540882635,0.0029853710595130886,5602,Frontal_Med_Orb_L,Vermis_1_2,0.0,0.0,0.0,0.5
694,6,26,7,27,0.00556885606648319,0.007512234550708639,0.006167186704170262,5603,Frontal_Mid_L,Rectus_L,0.0,0.0,0.0,0.74
329,2,103,3,104,0.005755261072879892,0.007511753182164389,0.006870618390344151,5604,Frontal_Sup_L,Cerebelum_8_R,0.0,0.0,0.0,0.74
6290,87,114,88,115,-0.0035438971035419314,0.007511157266042529,0.003870918313011412,5605,Temporal_Pole_Mid_R,Vermis_9,0.0,0.0,0.0,0.58
496,4,47,5,48,0.0038417274054345853,0.007509189385103313,0.004904610377487165,5606,Frontal_Sup_Orb_L,Lingual_R,0.0,0.0,0.0,0.78
4562,50,88,51,89,0.0056205984334827645,0.007508595957820139,0.0038076761225474673,5607,Occipital_Mid_L,Temporal_Inf_L,0.0,0.0,0.0,0.82
4631,51,93,52,94,-0.004671247084124461,0.007508047355724556,0.004098707617544666,5608,Occipital_Mid_R,Cerebelum_Crus2_R,0.0,0.0,0.0,0.7
4622,51,84,52,85,0.001409035959394051,0.007499738524719057,0.004653429007835181,5609,Occipital_Mid_R,Temporal_Mid_L,0.0,0.0,0.0,0.5
5209,61,86,62,87,-0.0033612823409878145,0.007496571260511949,0.004209857541869097,5610,Parietal_Inf_R,Temporal_Pole_Mid_L,0.0,0.0,0.0,0.56
1647,15,43,16,44,-0.006238733659842269,0.007495144676412444,0.002592478224965028,5611,Frontal_Inf_Orb_R,Calcarine_R,0.0,0.0,0.0,0.72
1160,10,66,11,67,0.004456456446588488,0.007491711397333223,0.005864808443726633,5612,Frontal_Inf_Oper_L,Precuneus_L,0.0,0.0,0.0,0.7
2308,22,32,23,33,0.0008219890117164226,0.007490791253610371,0.003948816795582778,5613,Frontal_Sup_Medial_L,Cingulum_Mid_L,0.0,0.0,0.0,0.6
559,4,110,5,111,-0.0062569813353566565,0.007482702802302013,0.0034063764684385857,5614,Frontal_Sup_Orb_L,Vermis_4_5,0.0,0.0,0.0,0.86
4152,44,83,45,84,0.0036207352347326057,0.007480145679167034,0.0034447926204611143,5615,Cuneus_L,Temporal_Pole_Sup_R,0.0,0.0,0.0,0.64
66,0,67,1,68,0.004191718294713633,0.007478065699444922,0.0035263306523716934,5616,Precentral_L,Precuneus_R,0.0,0.0,0.0,0.52
3530,36,57,37,58,0.0012264790441518666,0.0074771669199389145,0.0031006542168806064,5617,Hippocampus_L,Postcentral_R,0.0,0.0,0.0,0.6
4504,49,95,50,96,0.00462336597089614,0.007474838427679376,0.0030432552881850365,5618,Occipital_Sup_R,Cerebelum_3_R,0.0,0.0,0.0,0.52
1753,16,50,17,51,0.007304671764981588,0.007472623015681849,0.004120593192077775,5619,Rolandic_Oper_L,Occipital_Mid_L,0.0,0.0,0.0,0.96
2593,25,44,26,45,0.006900792447484249,0.007466579535070136,0.004588638086301808,5620,Frontal_Med_Orb_R,Cuneus_L,0.0,0.0,0.0,0.88
4104,43,106,44,107,-0.0033638199193954197,0.007466510407040545,0.004256502850125328,5621,Calcarine_R,Cerebelum_10_L,0.0,0.0,0.0,0.66
4371,47,95,48,96,-0.005438804916925427,0.007465829289093376,0.0032894693924893663,5622,Lingual_R,Cerebelum_3_R,0.0,0.0,0.0,0.74
781,6,113,7,114,-0.006787354956501924,0.0074617252121805585,0.004878551443023592,5623,Frontal_Mid_L,Vermis_8,0.0,0.0,0.0,0.86
373,3,35,4,36,0.0009126055271600256,0.007456312666646594,0.006153607047304145,5624,Frontal_Sup_R,Cingulum_Post_R,0.0,0.0,0.0,0.52
2303,22,27,23,28,0.003993252174992935,0.007452626413658747,0.003084929043382068,5625,Frontal_Sup_Medial_L,Rectus_R,0.0,0.0,0.0,0.62
3664,37,113,38,114,0.004356996385506796,0.007451808922450121,0.0056994915396894,5626,Hippocampus_R,Vermis_8,0.0,0.0,0.0,0.82
2250,21,67,22,68,-0.0074482351281486316,0.0074482351281486316,0.006507221213690214,5627,Olfactory_R,Precuneus_R,0.0,0.0,0.0,1.0
1652,15,48,16,49,0.005338534387481792,0.00744674802426403,0.0032885523543127277,5628,Frontal_Inf_Orb_R,Occipital_Sup_L,0.0,0.0,0.0,0.64
1734,16,31,17,32,0.00037546645407371805,0.007446608895481622,0.004801628177993291,5629,Rolandic_Oper_L,Cingulum_Ant_R,0.0,0.0,0.0,0.6
4615,51,77,52,78,0.0025020901026503507,0.0074416069926671255,0.004537144796942651,5630,Occipital_Mid_R,Thalamus_R,0.0,0.0,0.0,0.56
161,1,48,2,49,-0.002317535768318021,0.007440694071627967,0.004808633665509308,5631,Precentral_R,Occipital_Sup_L,0.0,0.0,0.0,0.76
4590,51,52,52,53,-0.004686151047672926,0.007439527303864371,0.004295291586999392,5632,Occipital_Mid_R,Occipital_Inf_L,0.0,0.0,0.0,0.88
2592,25,43,26,44,0.007403205128414611,0.007437958762920199,0.0031071517546047006,5633,Frontal_Med_Orb_R,Calcarine_R,0.0,0.0,0.0,0.92
4253,45,114,46,115,0.007097404598641116,0.007437655035386943,0.0036702037785081715,5634,Cuneus_R,Vermis_9,0.0,0.0,0.0,0.88
4893,55,109,56,110,-0.007322171269965965,0.007436262083219612,0.004476461895351308,5635,Fusiform_R,Vermis_3,0.0,0.0,0.0,0.98
2600,25,51,26,52,-0.005688053848704251,0.007435334643711119,0.004820490396256191,5636,Frontal_Med_Orb_R,Occipital_Mid_R,0.0,0.0,0.0,0.82
3444,35,50,36,51,-0.004758336046459696,0.007434457422341404,0.005597676877460989,5637,Cingulum_Post_R,Occipital_Mid_L,0.0,0.0,0.0,0.84
3343,33,110,34,111,-0.00739757600786783,0.0074331323441561015,0.006282438665436586,5638,Cingulum_Mid_R,Vermis_4_5,0.0,0.0,0.0,0.98
3673,38,45,39,46,0.0051061428311496284,0.007431983938629656,0.0028946471913133963,5639,ParaHippocampal_L,Cuneus_R,0.0,0.0,0.0,0.66
1555,14,51,15,52,-0.0059183077343954995,0.00742701395309694,0.00560911371458298,5640,Frontal_Inf_Orb_L,Occipital_Mid_R,0.0,0.0,0.0,0.88
4843,55,59,56,60,-0.006869158241717304,0.007425150640858385,0.00665081557639484,5641,Fusiform_R,Parietal_Sup_R,0.0,0.0,0.0,0.88
2280,21,97,22,98,-0.007234692376807851,0.007421961494709057,0.004169254875320992,5642,Olfactory_R,Cerebelum_4_5_R,0.0,0.0,0.0,0.94
1860,17,59,18,60,-0.006780379888379956,0.0074204290606309075,0.0064266044577308955,5643,Rolandic_Oper_R,Parietal_Sup_R,0.0,0.0,0.0,0.84
1207,10,113,11,114,-0.006594537879837483,0.007416617411104815,0.0064341237432827495,5644,Frontal_Inf_Oper_L,Vermis_8,0.0,0.0,0.0,0.84
5581,68,108,69,109,-0.004117954197392448,0.007415292807170781,0.0045424876634388885,5645,Paracentral_Lobule_L,Vermis_1_2,0.0,0.0,0.0,0.9
1658,15,54,16,55,-0.004680691979638196,0.007415215938969619,0.003997060774419502,5646,Frontal_Inf_Orb_R,Fusiform_L,0.0,0.0,0.0,0.66
2875,28,62,29,63,-0.005927921648621025,0.007413450101750475,0.006277186828392509,5647,Insula_L,SupraMarginal_L,0.0,0.0,0.0,0.76
4031,42,105,43,106,-0.004864535207113051,0.007400597005970352,0.003257591095665292,5648,Calcarine_L,Cerebelum_9_R,0.0,0.0,0.0,0.6
1915,17,114,18,115,0.007296754818513837,0.007396035439730082,0.004189373060346712,5649,Rolandic_Oper_R,Vermis_9,0.0,0.0,0.0,0.96
605,5,46,6,47,0.003761266389024428,0.007384104970947079,0.0036970092199355964,5650,Frontal_Sup_Orb_R,Lingual_L,0.0,0.0,0.0,0.52
1620,15,16,16,17,-0.003491967451349516,0.007381728457463247,0.003147142498945178,5651,Frontal_Inf_Orb_R,Rolandic_Oper_L,0.0,0.0,0.0,0.52
6343,89,114,90,115,-0.004547456382234411,0.007378097456388439,0.003553844448507092,5652,Temporal_Inf_R,Vermis_9,0.0,0.0,0.0,0.56
4292,46,84,47,85,-0.002133482021570613,0.00737752325854662,0.0047850260012500135,5653,Lingual_L,Temporal_Mid_L,0.0,0.0,0.0,0.5
1747,16,44,17,45,0.0059104143390493556,0.007377325080981838,0.0034566969743492102,5654,Rolandic_Oper_L,Cuneus_L,0.0,0.0,0.0,0.64
2951,29,52,30,53,0.0032908636885307352,0.00737448788220985,0.0034055843941913164,5655,Insula_R,Occipital_Inf_L,0.0,0.0,0.0,0.6
1815,16,112,17,113,0.007079261053642031,0.007370586265118656,0.0043723780738096985,5656,Rolandic_Oper_L,Vermis_7,0.0,0.0,0.0,0.78
2104,19,110,20,111,-0.005657529495608466,0.007364835578905377,0.00434219982799393,5657,Supp_Motor_Area_R,Vermis_4_5,0.0,0.0,0.0,0.78
20,0,21,1,22,-0.007181167108899119,0.007364114787398779,0.006042649412225998,5658,Precentral_L,Olfactory_R,0.0,0.0,0.0,0.98
748,6,80,7,81,0.003097250781274438,0.007361290732012936,0.004843953342309469,5659,Frontal_Mid_L,Temporal_Sup_L,0.0,0.0,0.0,0.6
3747,39,43,40,44,0.006963934129196201,0.007361263319201081,0.006227556380956244,5660,ParaHippocampal_R,Calcarine_R,0.0,0.0,0.0,0.94
240,2,14,3,15,0.0015476526886637027,0.007360001765691032,0.0049981980468550985,5661,Frontal_Sup_L,Frontal_Inf_Orb_L,0.0,0.0,0.0,0.6
4019,42,93,43,94,0.0024251518075413692,0.007357810004826595,0.0048861510022017935,5662,Calcarine_L,Cerebelum_Crus2_R,0.0,0.0,0.0,0.74
1661,15,57,16,58,0.003731320121782082,0.007356275955281463,0.004072379113557732,5663,Frontal_Inf_Orb_R,Postcentral_R,0.0,0.0,0.0,0.76
2192,20,103,21,104,-0.007337639299843122,0.007354938772496053,0.005273853973736519,5664,Olfactory_L,Cerebelum_8_R,0.0,0.0,0.0,0.98
120,1,7,2,8,-0.00047596696239823026,0.007352315651301678,0.0066925234858882625,5665,Precentral_R,Frontal_Mid_R,0.0,0.0,0.0,0.52
5761,72,110,73,111,0.002162095572998281,0.0073518502451961195,0.003557766301715474,5666,Putamen_L,Vermis_4_5,0.0,0.0,0.0,0.66
5218,61,95,62,96,0.0057216410519713426,0.00733470351913547,0.004311779678931409,5667,Parietal_Inf_R,Cerebelum_3_R,0.0,0.0,0.0,0.74
257,2,31,3,32,0.0003169047200737903,0.0073269668937750755,0.004578397327068025,5668,Frontal_Sup_L,Cingulum_Ant_R,0.0,0.0,0.0,0.56
4643,51,105,52,106,-0.004875233838925895,0.007323437802953712,0.003752168575307584,5669,Occipital_Mid_R,Cerebelum_9_R,0.0,0.0,0.0,0.74
3280,33,47,34,48,-0.0014575115217210796,0.007316853762638583,0.004795581240401336,5670,Cingulum_Mid_R,Lingual_R,0.0,0.0,0.0,0.66
1030,9,41,10,42,-0.004292888518244055,0.007315895334769446,0.004028776161894382,5671,Frontal_Mid_Orb_R,Amygdala_R,0.0,0.0,0.0,0.82
4518,49,109,50,110,-0.00731584006665334,0.00731584006665334,0.005276106403077457,5672,Occipital_Sup_R,Vermis_3,0.0,0.0,0.0,1.0
1729,16,26,17,27,0.005346682687828746,0.007313884887185318,0.003161884527456607,5673,Rolandic_Oper_L,Rectus_L,0.0,0.0,0.0,0.82
2511,24,52,25,53,-0.00611419062089085,0.007303893439708906,0.003955750788389703,5674,Frontal_Med_Orb_L,Occipital_Inf_L,0.0,0.0,0.0,0.9
3902,41,49,42,50,-0.006835526875407913,0.0072966189553998195,0.003784700939367216,5675,Amygdala_R,Occipital_Sup_R,0.0,0.0,0.0,0.94
1724,16,21,17,22,-0.0072963336829537494,0.0072963336829537494,0.004896878066503713,5676,Rolandic_Oper_L,Olfactory_R,0.0,0.0,0.0,1.0
4705,52,104,53,105,-0.0030798783072214144,0.007288394729077033,0.0036329869822749857,5677,Occipital_Inf_L,Cerebelum_9_L,0.0,0.0,0.0,0.52
4432,48,89,49,90,0.0059946396526397916,0.0072877601417365686,0.004177132671075511,5678,Occipital_Sup_L,Temporal_Inf_R,0.0,0.0,0.0,0.78
860,7,84,8,85,-0.0046715395789924605,0.007286332742685003,0.00547380514482643,5679,Frontal_Mid_R,Temporal_Mid_L,0.0,0.0,0.0,0.74
1624,15,20,16,21,-0.007276419828667796,0.0072838692657761364,0.007828470542454186,5680,Frontal_Inf_Orb_R,Olfactory_L,0.0,0.0,0.0,0.98
1130,10,36,11,37,0.0028572115856756075,0.007280450913646627,0.0052924925543905675,5681,Frontal_Inf_Oper_L,Hippocampus_L,0.0,0.0,0.0,0.58
3892,40,113,41,114,0.006890950850958339,0.007278074731283335,0.0055893272771302075,5682,Amygdala_L,Vermis_8,0.0,0.0,0.0,0.84
2696,26,58,27,59,-0.005234836102527059,0.007275248446352608,0.006776718730715538,5683,Rectus_L,Parietal_Sup_L,0.0,0.0,0.0,0.8
2942,29,43,30,44,-0.004377342381235652,0.0072722458136527425,0.0033274167278638405,5684,Insula_R,Calcarine_R,0.0,0.0,0.0,0.78
2141,20,52,21,53,-0.007266344038587193,0.007269457792564601,0.004255517711472741,5685,Olfactory_L,Occipital_Inf_L,0.0,0.0,0.0,0.96
165,1,52,2,53,0.0059832960227271794,0.007268752197695666,0.0036182996620645023,5686,Precentral_R,Occipital_Inf_L,0.0,0.0,0.0,0.7
2011,18,113,19,114,-0.0039710771059014325,0.0072686192144039595,0.004520739936119646,5687,Supp_Motor_Area_L,Vermis_8,0.0,0.0,0.0,0.66
872,7,96,8,97,-0.005944751005640486,0.007260297602457526,0.006573764262059977,5688,Frontal_Mid_R,Cerebelum_4_5_L,0.0,0.0,0.0,0.78
5193,61,70,62,71,-0.005080904384407011,0.0072599410843994586,0.005422358522248894,5689,Parietal_Inf_R,Caudate_L,0.0,0.0,0.0,0.7
4829,54,105,55,106,-0.002662227432116872,0.007259227378442824,0.004000054572299458,5690,Fusiform_L,Cerebelum_9_R,0.0,0.0,0.0,0.52
1726,16,23,17,24,-0.004731757906644173,0.007259182987235602,0.002847725679923521,5691,Rolandic_Oper_L,Frontal_Sup_Medial_R,0.0,0.0,0.0,0.7
5253,62,77,63,78,-0.00401948439677342,0.007258843191378592,0.005258240730633538,5692,SupraMarginal_L,Thalamus_R,0.0,0.0,0.0,0.7
3110,31,42,32,43,0.0029059900162954635,0.007254619730409422,0.004413153126235312,5693,Cingulum_Ant_R,Calcarine_L,0.0,0.0,0.0,0.62
4350,47,74,48,75,0.0034009364865536314,0.0072518177852124,0.0039520896001472945,5694,Lingual_R,Pallidum_L,0.0,0.0,0.0,0.82
4083,43,85,44,86,0.0030993239442026594,0.007248442558603887,0.0039932661950488595,5695,Calcarine_R,Temporal_Mid_R,0.0,0.0,0.0,0.66
3950,41,97,42,98,-0.005517444200464208,0.007248045334720271,0.0032686390743100987,5696,Amygdala_R,Cerebelum_4_5_R,0.0,0.0,0.0,0.76
6034,79,110,80,111,-0.006452486298716091,0.007244822609054553,0.0038954595893504434,5697,Heschl_R,Vermis_4_5,0.0,0.0,0.0,0.74
5040,58,82,59,83,-0.004113396952953102,0.0072422022204742835,0.006796965589674553,5698,Parietal_Sup_L,Temporal_Pole_Sup_L,0.0,0.0,0.0,0.68
3344,33,111,34,112,0.0009713906466331003,0.007237865550057502,0.004160537219096368,5699,Cingulum_Mid_R,Vermis_6,0.0,0.0,0.0,0.6
1188,10,94,11,95,0.0029010080920939436,0.007235551638550791,0.004082368383058301,5700,Frontal_Inf_Oper_L,Cerebelum_3_L,0.0,0.0,0.0,0.56
4968,57,67,58,68,-0.005618914348023499,0.007233011060483534,0.00383092017391656,5701,Postcentral_R,Precuneus_R,0.0,0.0,0.0,0.86
1762,16,59,17,60,-0.0063538275662283275,0.007230256461145061,0.006562333934020739,5702,Rolandic_Oper_L,Parietal_Sup_R,0.0,0.0,0.0,0.82
2338,22,62,23,63,-0.005647433283065242,0.0072221982875821465,0.005525746814131564,5703,Frontal_Sup_Medial_L,SupraMarginal_L,0.0,0.0,0.0,0.74
4386,47,110,48,111,-0.007179551325235733,0.007211727617768521,0.005986331240976448,5704,Lingual_R,Vermis_4_5,0.0,0.0,0.0,0.96
4456,48,113,49,114,0.006927353689526854,0.007209981618430623,0.004642260522781338,5705,Occipital_Sup_L,Vermis_8,0.0,0.0,0.0,0.9
6600,103,112,104,113,0.0030767890492021466,0.007209667734866557,0.003973242924049449,5706,Cerebelum_8_R,Vermis_7,0.0,0.0,0.0,0.54
4582,50,108,51,109,-0.007090794885639295,0.007208586051350417,0.004733169128689601,5707,Occipital_Mid_L,Vermis_1_2,0.0,0.0,0.0,0.96
6515,97,114,98,115,-0.0030709389650642716,0.007204829260274418,0.0035459983843590323,5708,Cerebelum_4_5_R,Vermis_9,0.0,0.0,0.0,0.68
3758,39,54,40,55,0.006910676987617482,0.007202663628299981,0.004831450163197956,5709,ParaHippocampal_R,Fusiform_L,0.0,0.0,0.0,0.92
4696,52,95,53,96,0.004403075313404488,0.0072011452318029735,0.0027910386305248164,5710,Occipital_Inf_L,Cerebelum_3_R,0.0,0.0,0.0,0.6
1525,14,21,15,22,-0.007189333640201192,0.007189333640201192,0.004241109574008122,5711,Frontal_Inf_Orb_L,Olfactory_R,0.0,0.0,0.0,1.0
3816,39,112,40,113,0.0009415935404976284,0.007182853923238155,0.0031430379419329583,5712,ParaHippocampal_R,Vermis_7,0.0,0.0,0.0,0.62
5539,67,113,68,114,0.007131054856022591,0.007181924652779413,0.004983497299851414,5713,Precuneus_R,Vermis_8,0.0,0.0,0.0,0.98
3612,37,61,38,62,-0.005069042613477599,0.007180292503824919,0.0051845791352415,5714,Hippocampus_R,Parietal_Inf_R,0.0,0.0,0.0,0.72
237,2,11,3,12,-0.0006099603057812599,0.007179689970899811,0.005063784580869475,5715,Frontal_Sup_L,Frontal_Inf_Oper_R,0.0,0.0,0.0,0.56
693,6,25,7,26,0.005765072412855172,0.007171569027197055,0.006615208481421756,5716,Frontal_Mid_L,Frontal_Med_Orb_R,0.0,0.0,0.0,0.78
5126,59,112,60,113,-0.006661994076853925,0.007162790608183612,0.007014202184560107,5717,Parietal_Sup_R,Vermis_7,0.0,0.0,0.0,0.88
4697,52,96,53,97,0.004808909897242891,0.007146128613277565,0.0038215778486402714,5718,Occipital_Inf_L,Cerebelum_4_5_L,0.0,0.0,0.0,0.76
926,8,43,9,44,0.006572368551718696,0.007144283947558542,0.00534460127715556,5719,Frontal_Mid_Orb_L,Calcarine_R,0.0,0.0,0.0,0.94
5115,59,101,60,102,-0.0036756100467303415,0.007143340213867193,0.0062439915731494515,5720,Parietal_Sup_R,Cerebelum_7b_R,0.0,0.0,0.0,0.72
4801,54,77,55,78,0.0018316635838642528,0.007142358700854472,0.003662729241155606,5721,Fusiform_L,Thalamus_R,0.0,0.0,0.0,0.62
1446,13,43,14,44,-0.00636605016046748,0.007133594441024678,0.004268510665078686,5722,Frontal_Inf_Tri_R,Calcarine_R,0.0,0.0,0.0,0.78
4327,47,51,48,52,0.006989654409113171,0.007132111683669987,0.004896233536825719,5723,Lingual_R,Occipital_Mid_R,0.0,0.0,0.0,0.92
5087,59,73,60,74,-0.0020992862699379215,0.0071314770132966596,0.006114590600187075,5724,Parietal_Sup_R,Putamen_R,0.0,0.0,0.0,0.62
1617,14,113,15,114,-0.005670445692065508,0.007129463980174448,0.002800375073139198,5725,Frontal_Inf_Orb_L,Vermis_8,0.0,0.0,0.0,0.6
1133,10,39,11,40,0.002952666891314571,0.00712881137648855,0.0067782507751815175,5726,Frontal_Inf_Oper_L,ParaHippocampal_R,0.0,0.0,0.0,0.62
4816,54,92,55,93,-0.003001994726898086,0.0071169964522699225,0.004275917391932803,5727,Fusiform_L,Cerebelum_Crus2_L,0.0,0.0,0.0,0.68
6197,84,108,85,109,-0.0033630650655180005,0.007101643096961049,0.0037124713188749015,5728,Temporal_Mid_L,Vermis_1_2,0.0,0.0,0.0,0.68
3679,38,51,39,52,-0.006220772787318211,0.0071015606317262146,0.0037766475288312056,5729,ParaHippocampal_L,Occipital_Mid_R,0.0,0.0,0.0,0.9
6338,89,109,90,110,-0.0037874041401128617,0.00709691024634454,0.0034424421721099153,5730,Temporal_Inf_R,Vermis_3,0.0,0.0,0.0,0.7
3601,37,50,38,51,-0.006179565048641418,0.007094433331862795,0.002879961438256409,5731,Hippocampus_R,Occipital_Mid_L,0.0,0.0,0.0,0.8
1110,10,16,11,17,-0.0059641965721420245,0.007091431296702802,0.005347867429680714,5732,Frontal_Inf_Oper_L,Rolandic_Oper_L,0.0,0.0,0.0,0.86
450,3,112,4,113,-0.002258916813942387,0.007090666767245982,0.00660237788028666,5733,Frontal_Sup_R,Vermis_7,0.0,0.0,0.0,0.58
5096,59,82,60,83,-0.0005340834013819123,0.0070899193393113395,0.006853065928995516,5734,Parietal_Sup_R,Temporal_Pole_Sup_L,0.0,0.0,0.0,0.58
4089,43,91,44,92,1.7099665731086523e-05,0.0070896231137102484,0.004720198788601879,5735,Calcarine_R,Cerebelum_Crus1_R,0.0,0.0,0.0,0.68
252,2,26,3,27,0.005905578258028427,0.007087079797533512,0.005372022235434014,5736,Frontal_Sup_L,Rectus_L,0.0,0.0,0.0,0.86
5847,74,113,75,114,-0.004918976895066012,0.007074305799332551,0.0035524323426377336,5737,Pallidum_L,Vermis_8,0.0,0.0,0.0,0.72
5258,62,82,63,83,0.0023844298313213806,0.007073271075411886,0.0048959999230909846,5738,SupraMarginal_L,Temporal_Pole_Sup_L,0.0,0.0,0.0,0.58
2108,19,114,20,115,-0.0009125032689374243,0.0070708156646395355,0.00469953422559334,5739,Supp_Motor_Area_R,Vermis_9,0.0,0.0,0.0,0.52
420,3,82,4,83,0.0011920409303384785,0.007065573016169323,0.0045436060856339725,5740,Frontal_Sup_R,Temporal_Pole_Sup_L,0.0,0.0,0.0,0.58
322,2,96,3,97,-0.005573452688080341,0.007059671980801997,0.0049752299562796426,5741,Frontal_Sup_L,Cerebelum_4_5_L,0.0,0.0,0.0,0.78
5101,59,87,60,88,-0.004845463399910894,0.007057981178306063,0.0062382567614498695,5742,Parietal_Sup_R,Temporal_Pole_Mid_R,0.0,0.0,0.0,0.76
608,5,49,6,50,-0.001998857248212002,0.007057292348602227,0.004228286405573994,5743,Frontal_Sup_Orb_R,Occipital_Sup_R,0.0,0.0,0.0,0.64
5108,59,94,60,95,-0.0003506448721517569,0.007056565725657149,0.005542169747031878,5744,Parietal_Sup_R,Cerebelum_3_L,0.0,0.0,0.0,0.6
5628,69,109,70,110,0.006410679576105343,0.007055698376317555,0.003844753335328946,5745,Paracentral_Lobule_R,Vermis_3,0.0,0.0,0.0,0.74
4567,50,93,51,94,-0.0019395234537868179,0.007053026184761723,0.0039807337572454705,5746,Occipital_Mid_L,Cerebelum_Crus2_R,0.0,0.0,0.0,0.62
1128,10,34,11,35,-0.005510207156077053,0.007048982250689359,0.005667683716092425,5747,Frontal_Inf_Oper_L,Cingulum_Post_L,0.0,0.0,0.0,0.76
4018,42,92,43,93,-0.003496765338585071,0.007045346169807454,0.003968738645124087,5748,Calcarine_L,Cerebelum_Crus2_L,0.0,0.0,0.0,0.52
3426,34,112,35,113,0.0007107264324235888,0.007043935051157574,0.002878686585055401,5749,Cingulum_Post_L,Vermis_7,0.0,0.0,0.0,0.54
5052,58,94,59,95,-0.004483155935770567,0.0070430880297378574,0.005797625828003741,5750,Parietal_Sup_L,Cerebelum_3_L,0.0,0.0,0.0,0.68
3976,42,50,43,51,0.00673342755110548,0.0070426965309600366,0.0056410893020767084,5751,Calcarine_L,Occipital_Mid_L,0.0,0.0,0.0,0.94
4912,56,69,57,70,-0.0023158787902245255,0.007039614629477059,0.004062121669404558,5752,Postcentral_L,Paracentral_Lobule_R,0.0,0.0,0.0,0.72
4676,52,75,53,76,0.004939933150375191,0.007035888871989311,0.002442509487103474,5753,Occipital_Inf_L,Pallidum_R,0.0,0.0,0.0,0.52
1663,15,59,16,60,-0.004124946849831294,0.007035413222549216,0.006041089736516163,5754,Frontal_Inf_Orb_R,Parietal_Sup_R,0.0,0.0,0.0,0.72
61,0,62,1,63,0.005354591477824931,0.007031452242135211,0.0053267097675570455,5755,Precentral_L,SupraMarginal_L,0.0,0.0,0.0,0.74
1772,16,69,17,70,0.005871395277941476,0.007030771351401304,0.0032016182321779312,5756,Rolandic_Oper_L,Paracentral_Lobule_R,0.0,0.0,0.0,0.82
1799,16,96,17,97,0.001532286654696896,0.0070267742234426086,0.004682665190422986,5757,Rolandic_Oper_L,Cerebelum_4_5_L,0.0,0.0,0.0,0.62
4548,50,74,51,75,0.005978551469683256,0.007026167026714231,0.003366082701868333,5758,Occipital_Mid_L,Pallidum_L,0.0,0.0,0.0,0.82
1977,18,79,19,80,-0.0005149784104381321,0.007024082864876105,0.004513860123605112,5759,Supp_Motor_Area_L,Heschl_R,0.0,0.0,0.0,0.5
1165,10,71,11,72,0.0022845034616439785,0.007022238987752811,0.0041791088499204924,5760,Frontal_Inf_Oper_L,Caudate_R,0.0,0.0,0.0,0.5
5119,59,105,60,106,-0.004749333399386922,0.00701805216213593,0.0056376504757318525,5761,Parietal_Sup_R,Cerebelum_9_R,0.0,0.0,0.0,0.72
6514,97,113,98,114,0.0061848504647850355,0.007017341114677427,0.003370439582079274,5762,Cerebelum_4_5_R,Vermis_8,0.0,0.0,0.0,0.78
4163,44,94,45,95,-0.0029716501490159018,0.007014631549545087,0.004765226339445917,5763,Cuneus_L,Cerebelum_3_L,0.0,0.0,0.0,0.52
4497,49,88,50,89,-0.006041641680603521,0.0070126390632326814,0.004211953786582019,5764,Occipital_Sup_R,Temporal_Inf_L,0.0,0.0,0.0,0.86
4033,42,107,43,108,0.0025573406450793866,0.007010816694912975,0.003096932841159844,5765,Calcarine_L,Cerebelum_10_R,0.0,0.0,0.0,0.64
16,0,17,1,18,-0.005488158755727612,0.006998662546820711,0.0041009018836047,5766,Precentral_L,Rolandic_Oper_R,0.0,0.0,0.0,0.84
258,2,32,3,33,0.0021560098972775023,0.006998620351450946,0.004748654638888397,5767,Frontal_Sup_L,Cingulum_Mid_L,0.0,0.0,0.0,0.62
5582,68,109,69,110,0.005446058804323999,0.006996118859519296,0.0030510574874734334,5768,Paracentral_Lobule_L,Vermis_3,0.0,0.0,0.0,0.6
3820,40,41,41,42,-0.0064029358901400825,0.006995282426051931,0.004250436086645421,5769,Amygdala_L,Amygdala_R,0.0,0.0,0.0,0.92
5541,67,115,68,116,-0.005231878498777805,0.006993733246046143,0.005328014531035574,5770,Precuneus_R,Vermis_10,0.0,0.0,0.0,0.82
2118,20,29,21,30,-0.0068521373347081,0.006992354799140447,0.005234591099153205,5771,Olfactory_L,Insula_R,0.0,0.0,0.0,0.96
1672,15,68,16,69,-0.00013941051233557487,0.006990456393972631,0.002985616745579275,5772,Frontal_Inf_Orb_R,Paracentral_Lobule_L,0.0,0.0,0.0,0.58
3686,38,58,39,59,-0.005398733495372574,0.006986290847993225,0.005606881035802556,5773,ParaHippocampal_L,Parietal_Sup_L,0.0,0.0,0.0,0.8
618,5,59,6,60,-0.0039947956538939995,0.006985588822024966,0.005700883787184297,5774,Frontal_Sup_Orb_R,Parietal_Sup_R,0.0,0.0,0.0,0.7
1873,17,72,18,73,0.0013430619720371073,0.006984317969975309,0.005370825928138226,5775,Rolandic_Oper_R,Putamen_L,0.0,0.0,0.0,0.56
5536,67,110,68,111,0.006714146301476844,0.006979172989083679,0.004968149226581708,5776,Precuneus_R,Vermis_4_5,0.0,0.0,0.0,0.92
378,3,40,4,41,0.006270044749744299,0.006978356909373358,0.0045725358781874195,5777,Frontal_Sup_R,Amygdala_L,0.0,0.0,0.0,0.84
2037,19,43,20,44,-0.0005609102189774209,0.0069778389557375795,0.004734458007881883,5778,Supp_Motor_Area_R,Calcarine_R,0.0,0.0,0.0,0.62
4106,43,108,44,109,-0.0069670222372427,0.006967829288685405,0.0047013216930568685,5779,Calcarine_R,Vermis_1_2,0.0,0.0,0.0,0.98
1850,17,49,18,50,-0.004166477635000692,0.006954701065049806,0.004413136956398429,5780,Rolandic_Oper_R,Occipital_Sup_R,0.0,0.0,0.0,0.72
4351,47,75,48,76,-0.0010727772276761102,0.006944704527774557,0.004073691909311028,5781,Lingual_R,Pallidum_R,0.0,0.0,0.0,0.54
1556,14,52,15,53,0.004850875250095434,0.0069442454168276505,0.0017384443593353983,5782,Frontal_Inf_Orb_L,Occipital_Inf_L,0.0,0.0,0.0,0.72
828,7,52,8,53,-0.005164555114577181,0.006942640896446844,0.004985482380620235,5783,Frontal_Mid_R,Occipital_Inf_L,0.0,0.0,0.0,0.74
1651,15,47,16,48,-0.004938577193123794,0.006940321325944327,0.0021962739662938977,5784,Frontal_Inf_Orb_R,Lingual_R,0.0,0.0,0.0,0.62
3294,33,61,34,62,0.00037378645569636603,0.0069378131432781395,0.005081689872307279,5785,Cingulum_Mid_R,Parietal_Inf_R,0.0,0.0,0.0,0.6
565,5,6,6,7,-0.005018641028420325,0.006936750883514701,0.0046996444513732515,5786,Frontal_Sup_Orb_R,Frontal_Mid_L,0.0,0.0,0.0,0.74
5102,59,88,60,89,-0.0002403600362286637,0.006933288565708934,0.0056733804150995845,5787,Parietal_Sup_R,Temporal_Inf_L,0.0,0.0,0.0,0.56
1193,10,99,11,100,-0.0029556460805298603,0.006923710358687902,0.004698434427382818,5788,Frontal_Inf_Oper_L,Cerebelum_6_R,0.0,0.0,0.0,0.66
1048,9,59,10,60,-0.004672954352813577,0.006922153058845772,0.006811509390150615,5789,Frontal_Mid_Orb_R,Parietal_Sup_R,0.0,0.0,0.0,0.78
459,4,10,5,11,-0.00041213413932337443,0.006918816221790104,0.005093055661081588,5790,Frontal_Sup_Orb_L,Frontal_Inf_Oper_L,0.0,0.0,0.0,0.56
5044,58,86,59,87,-0.00377601389663801,0.006915686623090916,0.006907390106011964,5791,Parietal_Sup_L,Temporal_Pole_Mid_L,0.0,0.0,0.0,0.7
752,6,84,7,85,0.001232003154966987,0.0069058107397902795,0.005033856502278783,5792,Frontal_Mid_L,Temporal_Mid_L,0.0,0.0,0.0,0.52
1195,10,101,11,102,-3.392448081449072e-05,0.006902098893437196,0.004937223296006842,5793,Frontal_Inf_Oper_L,Cerebelum_7b_R,0.0,0.0,0.0,0.52
4236,45,97,46,98,-0.0019152443794896868,0.006897574489641637,0.0037482985564430624,5794,Cuneus_R,Cerebelum_4_5_R,0.0,0.0,0.0,0.62
3356,34,42,35,43,0.0064770319883130775,0.006895638912998422,0.003095891791679625,5795,Cingulum_Post_L,Calcarine_L,0.0,0.0,0.0,0.84
4806,54,82,55,83,-0.002860505598602889,0.006892438269876372,0.0024530267069932414,5796,Fusiform_L,Temporal_Pole_Sup_L,0.0,0.0,0.0,0.5
3819,39,115,40,116,-0.004384722642713068,0.006889887323132068,0.003621712551550539,5797,ParaHippocampal_R,Vermis_10,0.0,0.0,0.0,0.72
1118,10,24,11,25,-0.004825071475035963,0.006889231460149672,0.005993144320024218,5798,Frontal_Inf_Oper_L,Frontal_Med_Orb_L,0.0,0.0,0.0,0.7
4911,56,68,57,69,-0.00482897060044476,0.006888598686400726,0.004717684920360062,5799,Postcentral_L,Paracentral_Lobule_L,0.0,0.0,0.0,0.9
2162,20,73,21,74,0.006808491506512276,0.006885153864301559,0.004370765548856709,5800,Olfactory_L,Putamen_R,0.0,0.0,0.0,0.94
5964,77,113,78,114,0.003989742025748679,0.006885119433538301,0.0038083367066549505,5801,Thalamus_R,Vermis_8,0.0,0.0,0.0,0.58
758,6,90,7,91,0.00021591490760950832,0.0068822807486820835,0.004294992959988709,5802,Frontal_Mid_L,Cerebelum_Crus1_L,0.0,0.0,0.0,0.6
2185,20,96,21,97,-0.006878370708662049,0.006878370708662049,0.004593128294525987,5803,Olfactory_L,Cerebelum_4_5_L,0.0,0.0,0.0,1.0
2207,21,24,22,25,-0.006528464392599487,0.006861595934955174,0.004282075736557391,5804,Olfactory_R,Frontal_Med_Orb_L,0.0,0.0,0.0,0.94
3583,36,110,37,111,0.006010028773472335,0.00684603707602504,0.003204366759911097,5805,Hippocampus_L,Vermis_4_5,0.0,0.0,0.0,0.78
1841,17,40,18,41,-0.005553945292655905,0.006834337828422559,0.00456936119120753,5806,Rolandic_Oper_R,Amygdala_L,0.0,0.0,0.0,0.9
5538,67,112,68,113,-0.005295601019187675,0.006829635313497252,0.004612974139430639,5807,Precuneus_R,Vermis_7,0.0,0.0,0.0,0.84
416,3,78,4,79,0.006115529510436939,0.006829583853132348,0.00465775409620835,5808,Frontal_Sup_R,Heschl_L,0.0,0.0,0.0,0.86
2327,22,51,23,52,-0.006801444865425495,0.006827866326803191,0.005183635879285827,5809,Frontal_Sup_Medial_L,Occipital_Mid_R,0.0,0.0,0.0,0.98
107,0,108,1,109,-0.004969237789839727,0.006823652024529383,0.003844607755629229,5810,Precentral_L,Vermis_1_2,0.0,0.0,0.0,0.88
3376,34,62,35,63,0.005247643244065387,0.006823201376229577,0.004800503605944977,5811,Cingulum_Post_L,SupraMarginal_L,0.0,0.0,0.0,0.76
112,0,113,1,114,0.00669162425521059,0.006819514094088992,0.0037916500694372343,5812,Precentral_L,Vermis_8,0.0,0.0,0.0,0.88
6528,98,110,99,111,-0.004445604608284611,0.006817817663952043,0.005022676316509019,5813,Cerebelum_6_L,Vermis_4_5,0.0,0.0,0.0,0.72
449,3,111,4,112,0.001510222720073403,0.006816907007803396,0.005952130213985094,5814,Frontal_Sup_R,Vermis_6,0.0,0.0,0.0,0.52
4546,50,72,51,73,0.004097371176703657,0.006810193580754495,0.00347343544477856,5815,Occipital_Mid_L,Putamen_L,0.0,0.0,0.0,0.78
4972,57,71,58,72,-0.0019473163963974415,0.006803970948570204,0.0034243681899287356,5816,Postcentral_R,Caudate_R,0.0,0.0,0.0,0.64
4969,57,68,58,69,0.0007528885279021166,0.006798598068886661,0.004047023050755907,5817,Postcentral_R,Paracentral_Lobule_L,0.0,0.0,0.0,0.5
4396,48,53,49,54,0.00023302166415410108,0.006796873178011039,0.0039290281511284025,5818,Occipital_Sup_L,Occipital_Inf_R,0.0,0.0,0.0,0.7
3891,40,112,41,113,0.00480241516644198,0.006796720770757158,0.0031059988798216305,5819,Amygdala_L,Vermis_7,0.0,0.0,0.0,0.58
4030,42,104,43,105,-0.0016325129170281483,0.006796123489968581,0.004421918920707151,5820,Calcarine_L,Cerebelum_9_L,0.0,0.0,0.0,0.62
4057,43,59,44,60,-0.005955810843818155,0.006780735877892589,0.005194305716029794,5821,Calcarine_R,Parietal_Sup_R,0.0,0.0,0.0,0.8
49,0,50,1,51,0.005606178996583436,0.006774922236890612,0.0029377800813590958,5822,Precentral_L,Occipital_Mid_L,0.0,0.0,0.0,0.74
279,2,53,3,54,-0.005629921758346777,0.006771264388398088,0.006235057069112153,5823,Frontal_Sup_L,Occipital_Inf_R,0.0,0.0,0.0,0.78
2598,25,49,26,50,0.0045671423678155295,0.006764380548453498,0.002510524123298126,5824,Frontal_Med_Orb_R,Occipital_Sup_R,0.0,0.0,0.0,0.62
707,6,39,7,40,0.00530050929037041,0.006763086573562603,0.0061512783344203695,5825,Frontal_Mid_L,ParaHippocampal_R,0.0,0.0,0.0,0.74
4904,56,61,57,62,-0.005313910126376879,0.006763017988520594,0.005597674921479973,5826,Postcentral_L,Parietal_Inf_R,0.0,0.0,0.0,0.8
372,3,34,4,35,0.0042174662601459885,0.006757903811425409,0.004891146428748902,5827,Frontal_Sup_R,Cingulum_Post_L,0.0,0.0,0.0,0.78
42,0,43,1,44,-0.003393732139955891,0.006757130504560402,0.004304155794829251,5828,Precentral_L,Calcarine_R,0.0,0.0,0.0,0.84
154,1,41,2,42,0.004388917598568595,0.006756272831507506,0.002700733997199124,5829,Precentral_R,Amygdala_R,0.0,0.0,0.0,0.66
3830,40,51,41,52,-0.006468906985968639,0.006755871751743112,0.004198358571209502,5830,Amygdala_L,Occipital_Mid_R,0.0,0.0,0.0,0.96
25,0,26,1,27,0.0045415215757761244,0.006755772256433121,0.003985422079251259,5831,Precentral_L,Rectus_L,0.0,0.0,0.0,0.7
3422,34,108,35,109,-0.003774776987530924,0.006750971977159324,0.0023355354251422284,5832,Cingulum_Post_L,Vermis_1_2,0.0,0.0,0.0,0.5
4234,45,95,46,96,-0.005037595006998344,0.006743486582522107,0.0043222629225754365,5833,Cuneus_R,Cerebelum_3_R,0.0,0.0,0.0,0.82
5997,78,109,79,110,-0.005259225809629236,0.006739591176493765,0.0034337399023078156,5834,Heschl_L,Vermis_3,0.0,0.0,0.0,0.74
2241,21,58,22,59,-0.006590786705882455,0.006734596024119355,0.005147368039232729,5835,Olfactory_R,Parietal_Sup_L,0.0,0.0,0.0,0.94
4429,48,86,49,87,0.00020269801410201772,0.006733183671126757,0.004026708227567129,5836,Occipital_Sup_L,Temporal_Pole_Mid_L,0.0,0.0,0.0,0.58
6198,84,109,85,110,-0.0014684505475197592,0.006725395916878647,0.003222905434629885,5837,Temporal_Mid_L,Vermis_3,0.0,0.0,0.0,0.58
1164,10,70,11,71,-0.003162675940193489,0.006724843759901591,0.005182217326677457,5838,Frontal_Inf_Oper_L,Caudate_L,0.0,0.0,0.0,0.7
292,2,66,3,67,-0.004082815974516791,0.006717225900275442,0.003827860183754547,5839,Frontal_Sup_L,Precuneus_L,0.0,0.0,0.0,0.68
4440,48,97,49,98,-0.00326569217832269,0.006714982553052359,0.0041988889407305295,5840,Occipital_Sup_L,Cerebelum_4_5_R,0.0,0.0,0.0,0.7
4233,45,94,46,95,-0.001715397690093108,0.006714305465511078,0.003838626086301018,5841,Cuneus_R,Cerebelum_3_L,0.0,0.0,0.0,0.52
5585,68,112,69,113,0.005359688695513436,0.006711792435720641,0.002778626626395027,5842,Paracentral_Lobule_L,Vermis_7,0.0,0.0,0.0,0.68
4484,49,75,50,76,0.00014073266396067333,0.006710216379528174,0.005049980180637549,5843,Occipital_Sup_R,Pallidum_R,0.0,0.0,0.0,0.54
3365,34,51,35,52,-0.004730816516422401,0.006709275305873075,0.0052046436845807325,5844,Cingulum_Post_L,Occipital_Mid_R,0.0,0.0,0.0,0.86
4087,43,89,44,90,-0.004992740761365257,0.006705123494040457,0.003123251807916886,5845,Calcarine_R,Temporal_Inf_R,0.0,0.0,0.0,0.6
3200,32,49,33,50,0.0009060801134543987,0.0067040619535548695,0.004008770462709541,5846,Cingulum_Mid_L,Occipital_Sup_R,0.0,0.0,0.0,0.5
871,7,95,8,96,0.0007946397584911702,0.00669591289362794,0.00561811769060337,5847,Frontal_Mid_R,Cerebelum_3_R,0.0,0.0,0.0,0.58
4125,44,56,45,57,0.0015359686217031952,0.006694240887875088,0.004490060958388138,5848,Cuneus_L,Postcentral_L,0.0,0.0,0.0,0.64
1621,15,17,16,18,0.003986381714133173,0.006691273200258973,0.005279391972154716,5849,Frontal_Inf_Orb_R,Rolandic_Oper_R,0.0,0.0,0.0,0.78
2695,26,57,27,58,0.004098706800194123,0.0066892108363890345,0.004718914558934452,5850,Rectus_L,Postcentral_R,0.0,0.0,0.0,0.74
796,7,20,8,21,-0.006540213757675654,0.006689050142693196,0.004031119996877643,5851,Frontal_Mid_R,Olfactory_L,0.0,0.0,0.0,0.94
392,3,54,4,55,0.00618800055789288,0.006688416609534969,0.0035896317658474647,5852,Frontal_Sup_R,Fusiform_L,0.0,0.0,0.0,0.84
773,6,105,7,106,0.0025430011844184736,0.006683963708580142,0.0051709317330189825,5853,Frontal_Mid_L,Cerebelum_9_R,0.0,0.0,0.0,0.62
4075,43,77,44,78,-0.0023026083605613185,0.006683313264601009,0.003983474184070678,5854,Calcarine_R,Thalamus_R,0.0,0.0,0.0,0.66
1162,10,68,11,69,0.0027335259914002402,0.006683249258572211,0.00356184050002313,5855,Frontal_Inf_Oper_L,Paracentral_Lobule_L,0.0,0.0,0.0,0.6
4544,50,70,51,71,0.0025137478413054908,0.006680641972699839,0.003569736149557956,5856,Occipital_Mid_L,Caudate_L,0.0,0.0,0.0,0.64
753,6,85,7,86,0.0029275901478790674,0.006678555719845386,0.004791761699675077,5857,Frontal_Mid_L,Temporal_Mid_R,0.0,0.0,0.0,0.62
5092,59,78,60,79,-0.004379847767270068,0.0066595730661631325,0.005707970566835648,5858,Parietal_Sup_R,Heschl_L,0.0,0.0,0.0,0.7
1854,17,53,18,54,-0.0057762450799136965,0.006648522152662341,0.0038616625944722254,5859,Rolandic_Oper_R,Occipital_Inf_R,0.0,0.0,0.0,0.82
5490,66,112,67,113,-0.0038318135652270413,0.006647290993036904,0.004471657886709397,5860,Precuneus_L,Vermis_7,0.0,0.0,0.0,0.8
1139,10,45,11,46,0.0024309658576312536,0.006646338403236569,0.003288842708207766,5861,Frontal_Inf_Oper_L,Cuneus_R,0.0,0.0,0.0,0.54
3746,39,42,40,43,0.006323813737769406,0.006642718449222245,0.004211561770337763,5862,ParaHippocampal_R,Calcarine_L,0.0,0.0,0.0,0.94
6493,96,110,97,111,-0.0007073610909773447,0.006640100892155727,0.003646889544091575,5863,Cerebelum_4_5_L,Vermis_4_5,0.0,0.0,0.0,0.68
5122,59,108,60,109,-0.006296149774466556,0.0066390809696402495,0.005666862432960055,5864,Parietal_Sup_R,Vermis_1_2,0.0,0.0,0.0,0.86
1789,16,86,17,87,0.001144161624351502,0.0066371844204573816,0.0039096843003181515,5865,Rolandic_Oper_L,Temporal_Pole_Mid_L,0.0,0.0,0.0,0.5
685,6,17,7,18,0.004040398865131469,0.006635423443570518,0.005748715139012815,5866,Frontal_Mid_L,Rolandic_Oper_R,0.0,0.0,0.0,0.7
263,2,37,3,38,-0.0007894999070069454,0.006633672265518495,0.004812315616472095,5867,Frontal_Sup_L,Hippocampus_R,0.0,0.0,0.0,0.56
1727,16,24,17,25,0.0010882628189228622,0.0066257657302657025,0.0042484107676940795,5868,Rolandic_Oper_L,Frontal_Med_Orb_L,0.0,0.0,0.0,0.72
5204,61,81,62,82,-0.004660872954007536,0.006625499907425428,0.004226089079641204,5869,Parietal_Inf_R,Temporal_Sup_R,0.0,0.0,0.0,0.68
4937,56,94,57,95,-0.004647787320848129,0.006623411979789159,0.0030823566396065856,5870,Postcentral_L,Cerebelum_3_L,0.0,0.0,0.0,0.62
4776,53,113,54,114,-0.006396446953509316,0.006615783120753289,0.005196896900148053,5871,Occipital_Inf_R,Vermis_8,0.0,0.0,0.0,0.9
2036,19,42,20,43,-0.005807956179641773,0.006612886914561941,0.0038203892140322064,5872,Supp_Motor_Area_R,Calcarine_L,0.0,0.0,0.0,0.88
136,1,23,2,24,-0.0014763881702801718,0.0066027864807229955,0.004667023528673729,5873,Precentral_R,Frontal_Sup_Medial_R,0.0,0.0,0.0,0.78
3472,35,78,36,79,-0.00479865174047234,0.006602371255216367,0.0049754585921247,5874,Cingulum_Post_R,Heschl_L,0.0,0.0,0.0,0.82
4900,56,57,57,58,-0.0028072096695722815,0.006601529656465075,0.002418181588300197,5875,Postcentral_L,Postcentral_R,0.0,0.0,0.0,0.54
1650,15,46,16,47,0.0003567516642127081,0.0066008318170720885,0.002839658603455539,5876,Frontal_Inf_Orb_R,Lingual_L,0.0,0.0,0.0,0.58
2330,22,54,23,55,0.0017189598814020771,0.006599390461937134,0.0038461936799727555,5877,Frontal_Sup_Medial_L,Fusiform_L,0.0,0.0,0.0,0.6
1911,17,110,18,111,-0.006306680024274513,0.006591459171023038,0.00262830448087825,5878,Rolandic_Oper_R,Vermis_4_5,0.0,0.0,0.0,0.88
4840,55,56,56,57,-0.0030777049824035224,0.00659037609100034,0.0038843227715478763,5879,Fusiform_R,Postcentral_L,0.0,0.0,0.0,0.8
1116,10,22,11,23,-0.004578081986865263,0.006588846243010441,0.005051751215037001,5880,Frontal_Inf_Oper_L,Frontal_Sup_Medial_L,0.0,0.0,0.0,0.76
1445,13,42,14,43,-0.00495817036382396,0.0065872274455617595,0.0035977480710726673,5881,Frontal_Inf_Tri_R,Calcarine_L,0.0,0.0,0.0,0.76
5269,62,93,63,94,0.002159457307124776,0.006581440358695633,0.004734240816497314,5882,SupraMarginal_L,Cerebelum_Crus2_R,0.0,0.0,0.0,0.58
2,0,3,1,4,0.00015772448752370498,0.006580883221595607,0.005654326734913777,5883,Precentral_L,Frontal_Sup_R,0.0,0.0,0.0,0.54
4608,51,70,52,71,-0.0021731023462746375,0.0065797785300462245,0.003993599966536417,5884,Occipital_Mid_R,Caudate_L,0.0,0.0,0.0,0.58
6647,108,114,109,115,0.0029578788489206544,0.00657715445424769,0.00302577059886341,5885,Vermis_1_2,Vermis_9,0.0,0.0,0.0,0.82
933,8,50,9,51,0.005183998320261125,0.006577147644548014,0.0039021095680417113,5886,Frontal_Mid_Orb_L,Occipital_Mid_L,0.0,0.0,0.0,0.82
6000,78,112,79,113,-0.004677910872391576,0.006568670465350979,0.003006592104503424,5887,Heschl_L,Vermis_7,0.0,0.0,0.0,0.74
4005,42,79,43,80,0.006559267832960172,0.006563755368177695,0.004844678561135346,5888,Calcarine_L,Heschl_R,0.0,0.0,0.0,0.98
492,4,43,5,44,0.0064558600449497495,0.006560245673364296,0.0034653801549690867,5889,Frontal_Sup_Orb_L,Calcarine_R,0.0,0.0,0.0,0.94
5010,57,109,58,110,-0.006362218479320987,0.006551807385406696,0.0039597790291828385,5890,Postcentral_R,Vermis_3,0.0,0.0,0.0,0.94
3992,42,66,43,67,0.004011231205686616,0.0065517282453078085,0.0030487512326389573,5891,Calcarine_L,Precuneus_L,0.0,0.0,0.0,0.76
4014,42,88,43,89,-0.00540184279436037,0.0065496107409422554,0.0025205945745349462,5892,Calcarine_L,Temporal_Inf_L,0.0,0.0,0.0,0.72
4658,52,57,53,58,-0.005970938784606701,0.006549489975033311,0.004426963459075766,5893,Occipital_Inf_L,Postcentral_R,0.0,0.0,0.0,0.88
4363,47,87,48,88,-0.002294897007173455,0.00654590109306294,0.004245774214474779,5894,Lingual_R,Temporal_Pole_Mid_R,0.0,0.0,0.0,0.62
3370,34,56,35,57,0.001112089917375397,0.006543725909496293,0.0026918149969389136,5895,Cingulum_Post_L,Postcentral_L,0.0,0.0,0.0,0.58
815,7,39,8,40,-0.0006531815237573424,0.006543435079233832,0.005563040060564718,5896,Frontal_Mid_R,ParaHippocampal_R,0.0,0.0,0.0,0.56
4646,51,108,52,109,-0.006541769140347745,0.006541769140347745,0.005287543481236244,5897,Occipital_Mid_R,Vermis_1_2,0.0,0.0,0.0,1.0
4532,50,58,51,59,-0.00122860769879201,0.006540055148448202,0.006660635444851015,5898,Occipital_Mid_L,Parietal_Sup_L,0.0,0.0,0.0,0.52
2684,26,46,27,47,-0.005579812880783289,0.006536536360470516,0.003917247794971783,5899,Rectus_L,Lingual_L,0.0,0.0,0.0,0.92
3358,34,44,35,45,-0.003911189247947924,0.006535658466724204,0.002967728677193004,5900,Cingulum_Post_L,Cuneus_L,0.0,0.0,0.0,0.6
4002,42,76,43,77,-0.0024583719706087414,0.0065350685874701305,0.003171807436360575,5901,Calcarine_L,Thalamus_L,0.0,0.0,0.0,0.6
40,0,41,1,42,-0.004539799690425039,0.006531362216357609,0.005292641427301384,5902,Precentral_L,Amygdala_R,0.0,0.0,0.0,0.84
4060,43,62,44,63,0.005154877109434535,0.0065239255373456696,0.004168901653346151,5903,Calcarine_R,SupraMarginal_L,0.0,0.0,0.0,0.8
295,2,69,3,70,-0.0048037980522058375,0.006520657677669176,0.005278628920053404,5904,Frontal_Sup_L,Paracentral_Lobule_R,0.0,0.0,0.0,0.7
4187,45,48,46,49,0.0023480830671478254,0.006518207469296021,0.003065570080310957,5905,Cuneus_R,Occipital_Sup_L,0.0,0.0,0.0,0.66
4055,43,57,44,58,-0.0060229950880084804,0.006516594911074714,0.0039855578900442465,5906,Calcarine_R,Postcentral_R,0.0,0.0,0.0,0.94
2355,22,79,23,80,0.005423365587364721,0.006512067191936109,0.00380843355372273,5907,Frontal_Sup_Medial_L,Heschl_R,0.0,0.0,0.0,0.86
765,6,97,7,98,-0.0033309770739888373,0.006510585054266255,0.005137523940849842,5908,Frontal_Mid_L,Cerebelum_4_5_R,0.0,0.0,0.0,0.64
4528,50,54,51,55,0.006308190926410565,0.006508586029805694,0.003419808220049735,5909,Occipital_Mid_L,Fusiform_L,0.0,0.0,0.0,0.82
2447,23,79,24,80,0.0011500379507256144,0.006507166532543408,0.0031409820123944757,5910,Frontal_Sup_Medial_R,Heschl_R,0.0,0.0,0.0,0.58
5289,62,113,63,114,0.005596749288586174,0.006505068462224043,0.00373455718473213,5911,SupraMarginal_L,Vermis_8,0.0,0.0,0.0,0.82
5923,76,110,77,111,0.0016139324683841364,0.006503995859268638,0.003305268442631482,5912,Thalamus_L,Vermis_4_5,0.0,0.0,0.0,0.58
799,7,23,8,24,-0.003924477766596545,0.00650004712682602,0.005501121277753692,5913,Frontal_Mid_R,Frontal_Sup_Medial_R,0.0,0.0,0.0,0.7
4851,55,67,56,68,-0.0012268253906437103,0.006499949829678481,0.002924093429879617,5914,Fusiform_R,Precuneus_R,0.0,0.0,0.0,0.62
1548,14,44,15,45,0.0011180235554452834,0.006499394246877243,0.004166061020767877,5915,Frontal_Inf_Orb_L,Cuneus_L,0.0,0.0,0.0,0.52
2174,20,85,21,86,-0.006483732829364073,0.0064936980282575265,0.00470774346737908,5916,Olfactory_L,Temporal_Mid_R,0.0,0.0,0.0,0.98
6496,96,113,97,114,-0.0018164747559810271,0.006492651112414196,0.002488328135787617,5917,Cerebelum_4_5_L,Vermis_8,0.0,0.0,0.0,0.54
2266,21,83,22,84,-0.006472769490585232,0.006492337338365416,0.003915008677853814,5918,Olfactory_R,Temporal_Pole_Sup_R,0.0,0.0,0.0,0.98
3813,39,109,40,110,-0.004841401077087384,0.006491504602022048,0.004548711594136218,5919,ParaHippocampal_R,Vermis_3,0.0,0.0,0.0,0.84
3993,42,67,43,68,0.005711208985273062,0.006489545674838861,0.0029598025186426393,5920,Calcarine_L,Precuneus_R,0.0,0.0,0.0,0.86
357,3,19,4,20,0.002777815227203197,0.006488122100108757,0.004485780557328795,5921,Frontal_Sup_R,Supp_Motor_Area_R,0.0,0.0,0.0,0.68
6585,102,109,103,110,-0.003836179253759428,0.0064877149724279735,0.003405876912376211,5922,Cerebelum_8_L,Vermis_3,0.0,0.0,0.0,0.7
4294,46,86,47,87,0.004091804803391013,0.006486208135713956,0.0033198936160066233,5923,Lingual_L,Temporal_Pole_Mid_L,0.0,0.0,0.0,0.64
4687,52,86,53,87,-0.004429094090295451,0.006482954938752048,0.0031862191938743564,5924,Occipital_Inf_L,Temporal_Pole_Mid_L,0.0,0.0,0.0,0.72
5231,61,108,62,109,-0.005191921907631296,0.006482288824439896,0.005121412619191074,5925,Parietal_Inf_R,Vermis_1_2,0.0,0.0,0.0,0.8
4737,53,74,54,75,0.0003444552716614051,0.006478606017709895,0.004654129060619721,5926,Occipital_Inf_R,Pallidum_L,0.0,0.0,0.0,0.52
742,6,74,7,75,-0.004384334132707552,0.006476848937731185,0.004145597542812228,5927,Frontal_Mid_L,Pallidum_L,0.0,0.0,0.0,0.68
4719,53,56,54,57,-0.0036453415160802027,0.00647173056660645,0.005251764073937107,5928,Occipital_Inf_R,Postcentral_L,0.0,0.0,0.0,0.82
1031,9,42,10,43,-0.001078874918853449,0.006470778304359924,0.0035859639805123334,5929,Frontal_Mid_Orb_R,Calcarine_L,0.0,0.0,0.0,0.62
1843,17,42,18,43,-0.006326305006663544,0.006456048324416699,0.0036910914044479964,5930,Rolandic_Oper_R,Calcarine_L,0.0,0.0,0.0,0.98
2682,26,44,27,45,-0.004226175945042479,0.0064549895013223625,0.0033711057077720537,5931,Rectus_L,Cuneus_L,0.0,0.0,0.0,0.76
6,0,7,1,8,-0.00484902840490887,0.006445625194513286,0.004519714323465009,5932,Precentral_L,Frontal_Mid_R,0.0,0.0,0.0,0.78
4130,44,61,45,62,-0.0035779825270823716,0.006443776336068006,0.0049819144140039445,5933,Cuneus_L,Parietal_Inf_R,0.0,0.0,0.0,0.62
243,2,17,3,18,0.005108390827686469,0.006442052201335533,0.005442273058515364,5934,Frontal_Sup_L,Rolandic_Oper_R,0.0,0.0,0.0,0.82
2249,21,66,22,67,-0.0064347622425061255,0.0064347622425061255,0.004634290660722998,5935,Olfactory_R,Precuneus_L,0.0,0.0,0.0,1.0
2252,21,69,22,70,-0.006431387977082346,0.006431387977082346,0.0044211622433393,5936,Olfactory_R,Paracentral_Lobule_R,0.0,0.0,0.0,1.0
4050,43,52,44,53,-0.00423637207290096,0.006429786317319636,0.003006809181214677,5937,Calcarine_R,Occipital_Inf_L,0.0,0.0,0.0,0.86
153,1,40,2,41,-0.0037149574998945312,0.006417225026188566,0.0035069186979207042,5938,Precentral_R,Amygdala_L,0.0,0.0,0.0,0.84
771,6,103,7,104,0.0012101572123585582,0.006416235264515739,0.004277224181969989,5939,Frontal_Mid_L,Cerebelum_8_R,0.0,0.0,0.0,0.54
5100,59,86,60,87,-0.003793602750851483,0.006414755057063442,0.00626055340761256,5940,Parietal_Sup_R,Temporal_Pole_Mid_L,0.0,0.0,0.0,0.72
46,0,47,1,48,-0.001413582648923997,0.006409041695545812,0.004159368351768419,5941,Precentral_L,Lingual_R,0.0,0.0,0.0,0.72
1191,10,97,11,98,-0.0022618660805013703,0.006402255414876909,0.004691109280624566,5942,Frontal_Inf_Oper_L,Cerebelum_4_5_R,0.0,0.0,0.0,0.64
3905,41,52,42,53,-0.00506766673706047,0.006400872149771313,0.005241953256883292,5943,Amygdala_R,Occipital_Inf_L,0.0,0.0,0.0,0.92
3962,41,109,42,110,0.0007344474055300521,0.006400840442000236,0.0032146768850055294,5944,Amygdala_R,Vermis_3,0.0,0.0,0.0,0.7
767,6,99,7,100,-0.002318188095636993,0.006396608868785885,0.004240412500643029,5945,Frontal_Mid_L,Cerebelum_6_R,0.0,0.0,0.0,0.64
3212,32,61,33,62,-0.0007041948308981926,0.006394673688304585,0.0037296667594553697,5946,Cingulum_Mid_L,Parietal_Inf_R,0.0,0.0,0.0,0.58
826,7,50,8,51,-0.005765034833251153,0.006392934788668896,0.004201179677687999,5947,Frontal_Mid_R,Occipital_Mid_L,0.0,0.0,0.0,0.82
4596,51,58,52,59,-0.005333234428257526,0.0063911390051453396,0.005383513020806692,5948,Occipital_Mid_R,Parietal_Sup_L,0.0,0.0,0.0,0.76
2515,24,56,25,57,-0.00032431367927819913,0.006386620507006291,0.00468344952544629,5949,Frontal_Med_Orb_L,Postcentral_L,0.0,0.0,0.0,0.62
5627,69,108,70,109,0.003932690435304652,0.006383423196320847,0.002890684056708459,5950,Paracentral_Lobule_R,Vermis_1_2,0.0,0.0,0.0,0.52
4086,43,88,44,89,-0.0053352195049891395,0.006381768422271492,0.0028342761629379185,5951,Calcarine_R,Temporal_Inf_L,0.0,0.0,0.0,0.74
2255,21,72,22,73,0.005870479931372594,0.0063795210284637175,0.0030194067252911367,5952,Olfactory_R,Putamen_L,0.0,0.0,0.0,0.7
1167,10,73,11,74,0.00016572551030004254,0.006374233660378668,0.004832110099843004,5953,Frontal_Inf_Oper_L,Putamen_R,0.0,0.0,0.0,0.54
1138,10,44,11,45,0.00121708953379399,0.006374098012084146,0.0033198960102233657,5954,Frontal_Inf_Oper_L,Cuneus_L,0.0,0.0,0.0,0.62
2482,23,114,24,115,-0.003289583668644385,0.006372271889592118,0.0033749048450202844,5955,Frontal_Sup_Medial_R,Vermis_9,0.0,0.0,0.0,0.58
4034,42,108,43,109,-0.006369957070923693,0.006372201183586985,0.004782917104083005,5956,Calcarine_L,Vermis_1_2,0.0,0.0,0.0,0.98
6288,87,112,88,113,-0.0033148622669604577,0.006371913670279804,0.00551539821555003,5957,Temporal_Pole_Mid_R,Vermis_7,0.0,0.0,0.0,0.76
4896,55,112,56,113,0.004912437161726428,0.0063710302580766666,0.002718538412581291,5958,Fusiform_R,Vermis_7,0.0,0.0,0.0,0.62
1755,16,52,17,53,0.005459287228685352,0.006364364608748116,0.0025626212251101173,5959,Rolandic_Oper_L,Occipital_Inf_L,0.0,0.0,0.0,0.76
4188,45,49,46,50,-0.0027524374940261637,0.006360955676312272,0.003478007266841728,5960,Cuneus_R,Occipital_Sup_R,0.0,0.0,0.0,0.54
3581,36,108,37,109,0.002999176630287158,0.0063604309339089825,0.002557229903395201,5961,Hippocampus_L,Vermis_1_2,0.0,0.0,0.0,0.56
2242,21,59,22,60,-0.0060442983978622675,0.006357860893617669,0.004528395347906148,5962,Olfactory_R,Parietal_Sup_R,0.0,0.0,0.0,0.92
4144,44,75,45,76,0.0004067486429044425,0.006356343679102339,0.004020173359758668,5963,Cuneus_L,Pallidum_R,0.0,0.0,0.0,0.52
341,2,115,3,116,-0.004778540249052781,0.006355879962366082,0.005832018214837685,5964,Frontal_Sup_L,Vermis_10,0.0,0.0,0.0,0.78
3829,40,50,41,51,-0.006011567304323145,0.006350127753772223,0.0031705436345136717,5965,Amygdala_L,Occipital_Mid_L,0.0,0.0,0.0,0.9
4967,57,66,58,67,0.0027285597472189783,0.006344550763588605,0.0027909055003686335,5966,Postcentral_R,Precuneus_L,0.0,0.0,0.0,0.68
3587,36,114,37,115,-0.0006039150462207039,0.006342895413251655,0.0030322616142214845,5967,Hippocampus_L,Vermis_9,0.0,0.0,0.0,0.56
4181,44,112,45,113,0.005880401287534542,0.006341159774156485,0.002989536829081593,5968,Cuneus_L,Vermis_7,0.0,0.0,0.0,0.82
1760,16,57,17,58,-0.0057975490478998715,0.00634090975519553,0.0027153160434235457,5969,Rolandic_Oper_L,Postcentral_R,0.0,0.0,0.0,0.84
4067,43,69,44,70,-0.006054168943423271,0.006340592274367696,0.004123247697921115,5970,Calcarine_R,Paracentral_Lobule_R,0.0,0.0,0.0,0.96
845,7,69,8,70,-0.0019174089211989995,0.006339312086141024,0.003977909500341227,5971,Frontal_Mid_R,Paracentral_Lobule_R,0.0,0.0,0.0,0.68
2296,21,113,22,114,-0.002078591717657276,0.006333747588363062,0.0037856618500449225,5972,Olfactory_R,Vermis_8,0.0,0.0,0.0,0.84
435,3,97,4,98,0.003998777154343186,0.006332434277796253,0.004344739609965322,5973,Frontal_Sup_R,Cerebelum_4_5_R,0.0,0.0,0.0,0.76
4418,48,75,49,76,-0.0010281135670961758,0.006332011209373853,0.0040311837246881765,5974,Occipital_Sup_L,Pallidum_R,0.0,0.0,0.0,0.68
1344,12,43,13,44,-0.003421933283661364,0.006324418217749029,0.00373207174440089,5975,Frontal_Inf_Tri_L,Calcarine_R,0.0,0.0,0.0,0.66
466,4,17,5,18,-0.0009426894599723519,0.006322406886631302,0.0034431217070516333,5976,Frontal_Sup_Orb_L,Rolandic_Oper_R,0.0,0.0,0.0,0.62
5843,74,109,75,110,-0.002203805289526995,0.006318513664285488,0.003535690583856025,5977,Pallidum_L,Vermis_3,0.0,0.0,0.0,0.66
3508,35,114,36,115,-0.0016240985457885682,0.006314427578286223,0.002721111621113893,5978,Cingulum_Post_R,Vermis_9,0.0,0.0,0.0,0.62
2163,20,74,21,75,-0.005519480357604304,0.00631242871175561,0.0050608953574057935,5979,Olfactory_L,Pallidum_L,0.0,0.0,0.0,0.94
3375,34,61,35,62,-0.003110161795489385,0.006312092177222541,0.003740751370952258,5980,Cingulum_Post_L,Parietal_Inf_R,0.0,0.0,0.0,0.64
4342,47,66,48,67,0.0029056342300953896,0.006310042033354274,0.003626379667604999,5981,Lingual_R,Precuneus_L,0.0,0.0,0.0,0.76
945,8,62,9,63,-0.0028850975517651727,0.006308342727670483,0.005013963926641802,5982,Frontal_Mid_Orb_L,SupraMarginal_L,0.0,0.0,0.0,0.62
2657,25,108,26,109,-0.0029410053534485157,0.0063068030109665356,0.0031425403933366064,5983,Frontal_Med_Orb_R,Vermis_1_2,0.0,0.0,0.0,0.52
2780,27,54,28,55,-0.003295530087423104,0.006303163297661266,0.0040167695032492364,5984,Rectus_R,Fusiform_L,0.0,0.0,0.0,0.76
5215,61,92,62,93,-0.0022846737471915574,0.006301875384750564,0.0046246070848036235,5985,Parietal_Inf_R,Cerebelum_Crus2_L,0.0,0.0,0.0,0.56
760,6,92,7,93,-0.001771569186005495,0.006300879374961695,0.004721917478449142,5986,Frontal_Mid_L,Cerebelum_Crus2_L,0.0,0.0,0.0,0.54
4799,54,75,55,76,-0.0025359508937156713,0.00629297197478864,0.004777078779518985,5987,Fusiform_L,Pallidum_R,0.0,0.0,0.0,0.76
4766,53,103,54,104,-0.0013183761893029184,0.006288926393290709,0.003161336663704772,5988,Occipital_Inf_R,Cerebelum_8_R,0.0,0.0,0.0,0.72
2422,23,54,24,55,0.0017780470454697539,0.0062857781701997715,0.003499975035333158,5989,Frontal_Sup_Medial_R,Fusiform_L,0.0,0.0,0.0,0.58
6228,85,109,86,110,-0.002477507729106497,0.006283188903401893,0.0034507294346780796,5990,Temporal_Mid_R,Vermis_3,0.0,0.0,0.0,0.7
1913,17,112,18,113,0.005954704890515321,0.006281330306642632,0.005056351421050331,5991,Rolandic_Oper_R,Vermis_7,0.0,0.0,0.0,0.82
3525,36,52,37,53,0.003097511985107433,0.006277295848366614,0.002479564752184392,5992,Hippocampus_L,Occipital_Inf_L,0.0,0.0,0.0,0.7
4395,48,52,49,53,0.002473862232781986,0.006276830565609611,0.0030215330282592568,5993,Occipital_Sup_L,Occipital_Inf_L,0.0,0.0,0.0,0.58
5205,61,82,62,83,0.0011924031310981457,0.006275554585664475,0.0041338523815314665,5994,Parietal_Inf_R,Temporal_Pole_Sup_L,0.0,0.0,0.0,0.6
3920,41,67,42,68,0.0034265303583572663,0.006275542332444935,0.003107926924370949,5995,Amygdala_R,Precuneus_R,0.0,0.0,0.0,0.56
4043,43,45,44,46,0.005278332488451251,0.006274061587624251,0.003811257939667214,5996,Calcarine_R,Cuneus_R,0.0,0.0,0.0,0.86
3608,37,57,38,58,0.001766721458980214,0.006272001784597453,0.0031349576708229413,5997,Hippocampus_R,Postcentral_R,0.0,0.0,0.0,0.62
383,3,45,4,46,0.0007329582382666577,0.006266442438644393,0.004316686738023604,5998,Frontal_Sup_R,Cuneus_R,0.0,0.0,0.0,0.54
3582,36,109,37,110,0.003794594701680748,0.0062445611997559184,0.0020860163146811054,5999,Hippocampus_L,Vermis_3,0.0,0.0,0.0,0.6
330,2,104,3,105,0.00016309789750513734,0.006244448694427891,0.004277254466704257,6000,Frontal_Sup_L,Cerebelum_9_L,0.0,0.0,0.0,0.52
1904,17,103,18,104,-0.0007055032266440347,0.00624033974746189,0.0024881113094748614,6001,Rolandic_Oper_R,Cerebelum_8_R,0.0,0.0,0.0,0.5
4597,51,59,52,60,-0.0024510308101262754,0.006238652159178083,0.005200296919286388,6002,Occipital_Mid_R,Parietal_Sup_R,0.0,0.0,0.0,0.58
2294,21,111,22,112,0.004648172053354098,0.0062370143296127745,0.0034522346407915823,6003,Olfactory_R,Vermis_6,0.0,0.0,0.0,0.56
723,6,55,7,56,0.00517219773031017,0.006233713900882693,0.005502578633839568,6004,Frontal_Mid_L,Fusiform_R,0.0,0.0,0.0,0.8
1173,10,79,11,80,-0.0013581304362697316,0.006232557791812903,0.004955078933891615,6005,Frontal_Inf_Oper_L,Heschl_R,0.0,0.0,0.0,0.56
3683,38,55,39,56,-0.005637058269347152,0.006231627678988288,0.004494383848915813,6006,ParaHippocampal_L,Fusiform_R,0.0,0.0,0.0,0.88
3523,36,50,37,51,0.004993342796313122,0.006228251178999793,0.0028548591559671363,6007,Hippocampus_L,Occipital_Mid_L,0.0,0.0,0.0,0.82
4302,46,94,47,95,0.003754414420706978,0.006227063156418196,0.004070581012577922,6008,Lingual_L,Cerebelum_3_L,0.0,0.0,0.0,0.78
388,3,50,4,51,0.005846984094620637,0.0062262448944594385,0.004034194579680796,6009,Frontal_Sup_R,Occipital_Mid_L,0.0,0.0,0.0,0.9
3832,40,53,41,54,-0.005968209442337981,0.006221868418481637,0.004596011343190782,6010,Amygdala_L,Occipital_Inf_R,0.0,0.0,0.0,0.92
3098,30,114,31,115,0.0001955969950495087,0.006216912973583868,0.003485321548047287,6011,Cingulum_Ant_L,Vermis_9,0.0,0.0,0.0,0.52
1109,10,15,11,16,-0.0009533617151667573,0.006214929365321001,0.004537961526212242,6012,Frontal_Inf_Oper_L,Frontal_Inf_Orb_R,0.0,0.0,0.0,0.56
706,6,38,7,39,-0.0036611132046889027,0.006213953594295104,0.0036432982213315,6013,Frontal_Mid_L,ParaHippocampal_L,0.0,0.0,0.0,0.66
116,1,3,2,4,0.0007040405275810889,0.006211532186919177,0.004687303755997274,6014,Precentral_R,Frontal_Sup_R,0.0,0.0,0.0,0.52
4745,53,82,54,83,0.001142588498145852,0.006209914743526567,0.0033589151481698155,6015,Occipital_Inf_R,Temporal_Pole_Sup_L,0.0,0.0,0.0,0.5
5288,62,112,63,113,-0.00412824056837416,0.006208089992152816,0.005877303191086857,6016,SupraMarginal_L,Vermis_7,0.0,0.0,0.0,0.72
4131,44,62,45,63,0.0047741930626983425,0.0062075009838418495,0.003934199085203859,6017,Cuneus_L,SupraMarginal_L,0.0,0.0,0.0,0.82
306,2,80,3,81,-0.002263057752684025,0.006207041150838009,0.00393330766182593,6018,Frontal_Sup_L,Temporal_Sup_L,0.0,0.0,0.0,0.6
337,2,111,3,112,-0.003564239077227935,0.006202716122013479,0.0061698145673124314,6019,Frontal_Sup_L,Vermis_6,0.0,0.0,0.0,0.74
5127,59,113,60,114,-0.004912904743466578,0.006201356281154201,0.0053373578306161375,6020,Parietal_Sup_R,Vermis_8,0.0,0.0,0.0,0.8
2190,20,101,21,102,-0.005203260856164208,0.00619864653342016,0.003446835118912939,6021,Olfactory_L,Cerebelum_7b_R,0.0,0.0,0.0,0.88
3680,38,52,39,53,-0.0035017637095997273,0.006198479012154708,0.0031260655789151133,6022,ParaHippocampal_L,Occipital_Inf_L,0.0,0.0,0.0,0.82
2158,20,69,21,70,-0.0056074430423713635,0.006194915895759842,0.005189990512355065,6023,Olfactory_L,Paracentral_Lobule_R,0.0,0.0,0.0,0.96
382,3,44,4,45,0.0017951499819175533,0.0061912125886384025,0.00410217728520936,6024,Frontal_Sup_R,Cuneus_L,0.0,0.0,0.0,0.66
4536,50,62,51,63,0.00460756651116384,0.006190479065252548,0.004491631977404731,6025,Occipital_Mid_L,SupraMarginal_L,0.0,0.0,0.0,0.76
5537,67,111,68,112,-0.002035748601821866,0.006185033791740489,0.0038103690809898664,6026,Precuneus_R,Vermis_6,0.0,0.0,0.0,0.72
2279,21,96,22,97,-0.00564475320066695,0.0061843727612389925,0.004158938747220653,6027,Olfactory_R,Cerebelum_4_5_L,0.0,0.0,0.0,0.94
5961,77,110,78,111,0.0004622231570669469,0.006179323090477262,0.003440666846364899,6028,Thalamus_R,Vermis_4_5,0.0,0.0,0.0,0.52
4724,53,61,54,62,-0.004789279903516333,0.006178601201123414,0.005383169331023451,6029,Occipital_Inf_R,Parietal_Inf_R,0.0,0.0,0.0,0.78
270,2,44,3,45,-0.004669186248094468,0.006174644314358193,0.004730805588411919,6030,Frontal_Sup_L,Cuneus_L,0.0,0.0,0.0,0.72
4487,49,78,50,79,-0.005319962809798074,0.006159680932533116,0.0038882580348736963,6031,Occipital_Sup_R,Heschl_L,0.0,0.0,0.0,0.88
4526,50,52,51,53,-0.0016033273581663493,0.006159194691233261,0.0022895185931345813,6032,Occipital_Mid_L,Occipital_Inf_L,0.0,0.0,0.0,0.84
6586,102,110,103,111,0.00019915865805685432,0.006158489939237676,0.0037436304206859596,6033,Cerebelum_8_L,Vermis_4_5,0.0,0.0,0.0,0.6
4858,55,74,56,75,0.001452344046587379,0.006158175780055055,0.003122480401669601,6034,Fusiform_R,Pallidum_L,0.0,0.0,0.0,0.54
4578,50,104,51,105,-0.0006415093219066616,0.0061576359065888785,0.004171097782245838,6035,Occipital_Mid_L,Cerebelum_9_L,0.0,0.0,0.0,0.58
1198,10,104,11,105,-0.004083245458881784,0.006152450296720382,0.00470196317426874,6036,Frontal_Inf_Oper_L,Cerebelum_9_L,0.0,0.0,0.0,0.72
766,6,98,7,99,-0.0006459496714203179,0.006147834059549468,0.004240325500004437,6037,Frontal_Mid_L,Cerebelum_6_L,0.0,0.0,0.0,0.5
2288,21,105,22,106,-0.005983658720532693,0.006147427022975865,0.004070325096247865,6038,Olfactory_R,Cerebelum_9_R,0.0,0.0,0.0,0.98
4077,43,79,44,80,0.0060369692100448215,0.0061410348059905565,0.003939876652164307,6039,Calcarine_R,Heschl_R,0.0,0.0,0.0,0.94
2692,26,54,27,55,0.003422317407052443,0.0061408405225695005,0.0031565036188497334,6040,Rectus_L,Fusiform_L,0.0,0.0,0.0,0.52
6510,97,109,98,110,0.0016232547975244022,0.0061368615360998325,0.0032491335444162278,6041,Cerebelum_4_5_R,Vermis_3,0.0,0.0,0.0,0.5
1824,17,23,18,24,-0.003744120435842925,0.006136747806463712,0.0026123539853579554,6042,Rolandic_Oper_R,Frontal_Sup_Medial_R,0.0,0.0,0.0,0.58
1132,10,38,11,39,0.00047355682837805856,0.006136216098555226,0.0045627694748579355,6043,Frontal_Inf_Oper_L,ParaHippocampal_L,0.0,0.0,0.0,0.54
2597,25,48,26,49,0.0036506929730923472,0.006134039306955973,0.002944476210097093,6044,Frontal_Med_Orb_R,Occipital_Sup_L,0.0,0.0,0.0,0.7
2111,20,22,21,23,-0.006061280339393806,0.006133532280156991,0.004164411358334698,6045,Olfactory_L,Frontal_Sup_Medial_L,0.0,0.0,0.0,0.98
2425,23,57,24,58,-0.004188650126368351,0.006128034680828214,0.0044826762438345755,6046,Frontal_Sup_Medial_R,Postcentral_R,0.0,0.0,0.0,0.82
2478,23,110,24,111,0.005904523751627343,0.006127305725314992,0.0025204165060837263,6047,Frontal_Sup_Medial_R,Vermis_4_5,0.0,0.0,0.0,0.88
3677,38,49,39,50,0.0027339172503344097,0.006125215152625887,0.004031657257279674,6048,ParaHippocampal_L,Occipital_Sup_R,0.0,0.0,0.0,0.54
338,2,112,3,113,-0.004889095305010941,0.006124950280662669,0.005013249184966797,6049,Frontal_Sup_L,Vermis_7,0.0,0.0,0.0,0.82
690,6,22,7,23,-0.003486144656625736,0.006119318745509045,0.004021925501690216,6050,Frontal_Mid_L,Frontal_Sup_Medial_L,0.0,0.0,0.0,0.58
5272,62,96,63,97,-0.0019420711454104112,0.006111588737872677,0.003880276233074549,6051,SupraMarginal_L,Cerebelum_4_5_L,0.0,0.0,0.0,0.68
3750,39,46,40,47,0.004672404628874596,0.006108488383692695,0.004114852566071113,6052,ParaHippocampal_R,Lingual_L,0.0,0.0,0.0,0.92
255,2,29,3,30,-0.0031278689699531866,0.006102787657609094,0.004090230322882503,6053,Frontal_Sup_L,Insula_R,0.0,0.0,0.0,0.68
37,0,38,1,39,-0.002874703897805741,0.006099154606410291,0.0044132292891878285,6054,Precentral_L,ParaHippocampal_L,0.0,0.0,0.0,0.72
1725,16,22,17,23,-0.0031943468779719393,0.00609646768272887,0.0030607362676507944,6055,Rolandic_Oper_L,Frontal_Sup_Medial_L,0.0,0.0,0.0,0.84
4569,50,95,51,96,0.003623541701143025,0.006094368768831559,0.0024480493820401216,6056,Occipital_Mid_L,Cerebelum_3_R,0.0,0.0,0.0,0.64
3685,38,57,39,58,-0.004767539698772026,0.006086774186562219,0.004336160385617661,6057,ParaHippocampal_L,Postcentral_R,0.0,0.0,0.0,0.8
3455,35,61,36,62,-0.0020328653911632004,0.0060837798284812524,0.005074476560661907,6058,Cingulum_Post_R,Parietal_Inf_R,0.0,0.0,0.0,0.62
2202,20,113,21,114,-0.006068246332068134,0.006078762064436318,0.0037897700915416345,6059,Olfactory_L,Vermis_8,0.0,0.0,0.0,0.98
389,3,51,4,52,-0.0012139659203772677,0.006068849057675198,0.004738730320624408,6060,Frontal_Sup_R,Occipital_Mid_R,0.0,0.0,0.0,0.6
1184,10,90,11,91,-0.0002626605842910622,0.006060336043130644,0.0037746904059033615,6061,Frontal_Inf_Oper_L,Cerebelum_Crus1_L,0.0,0.0,0.0,0.6
4410,48,67,49,68,-0.0026416231731166257,0.006049585067709006,0.002997988728730195,6062,Occipital_Sup_L,Precuneus_R,0.0,0.0,0.0,0.52
4454,48,111,49,112,-0.0047072446524774915,0.006036956832899177,0.004304564104043071,6063,Occipital_Sup_L,Vermis_6,0.0,0.0,0.0,0.9
384,3,46,4,47,0.0002431816371262415,0.006033543655216874,0.004660558448398898,6064,Frontal_Sup_R,Lingual_L,0.0,0.0,0.0,0.5
2747,26,109,27,110,0.0009151623250472406,0.006030949743612335,0.0035686806411547966,6065,Rectus_L,Vermis_3,0.0,0.0,0.0,0.56
4980,57,79,58,80,0.0033836183493624623,0.006030595012700141,0.0037918431361423184,6066,Postcentral_R,Heschl_R,0.0,0.0,0.0,0.68
4324,47,48,48,49,0.004297566753097473,0.006026873333107308,0.0031164860612702336,6067,Lingual_R,Occipital_Sup_L,0.0,0.0,0.0,0.7
4970,57,69,58,70,-0.00220322356028419,0.006024174848668814,0.003107995868869863,6068,Postcentral_R,Paracentral_Lobule_R,0.0,0.0,0.0,0.64
309,2,83,3,84,0.00017957545565556654,0.00602355090567473,0.0041286777146383605,6069,Frontal_Sup_L,Temporal_Pole_Sup_R,0.0,0.0,0.0,0.52
110,0,111,1,112,-0.002399939174161212,0.006017280049191104,0.003744354776630569,6070,Precentral_L,Vermis_6,0.0,0.0,0.0,0.72
4205,45,66,46,67,0.0002695846164181074,0.00601676444076124,0.0026106742371063566,6071,Cuneus_R,Precuneus_L,0.0,0.0,0.0,0.52
4533,50,59,51,60,-0.0016461053602091088,0.006010863274791533,0.005027487630796743,6072,Occipital_Mid_L,Parietal_Sup_R,0.0,0.0,0.0,0.54
4495,49,86,50,87,-0.001416958833555456,0.006008751241719021,0.004371106843031554,6073,Occipital_Sup_R,Temporal_Pole_Mid_L,0.0,0.0,0.0,0.6
6527,98,109,99,110,-0.0029786654729154764,0.006006516439644103,0.003524661467903218,6074,Cerebelum_6_L,Vermis_3,0.0,0.0,0.0,0.66
3845,40,66,41,67,0.0033453385800363976,0.00600311146823166,0.0031054206998539025,6075,Amygdala_L,Precuneus_L,0.0,0.0,0.0,0.56
2855,28,42,29,43,-0.0034158191372535367,0.005996160684867385,0.003025751231018431,6076,Insula_L,Calcarine_L,0.0,0.0,0.0,0.58
2214,21,31,22,32,-0.005933263901880298,0.0059944899677270925,0.0030700815992455418,6077,Olfactory_R,Cingulum_Ant_R,0.0,0.0,0.0,0.96
264,2,38,3,39,0.0027832805015468444,0.005993993787249585,0.005144698724000243,6078,Frontal_Sup_L,ParaHippocampal_L,0.0,0.0,0.0,0.64
2233,21,50,22,51,-0.0059921156167891,0.005993213509611262,0.003971731150449633,6079,Olfactory_R,Occipital_Mid_L,0.0,0.0,0.0,0.98
4610,51,72,52,73,0.0044476052551570885,0.005991657608945438,0.0031012784854560307,6080,Occipital_Mid_R,Putamen_L,0.0,0.0,0.0,0.78
4274,46,66,47,67,0.0023041721574445333,0.005987440587926784,0.0020404692821357137,6081,Lingual_L,Precuneus_L,0.0,0.0,0.0,0.74
3456,35,62,36,63,-0.0003514691870392674,0.00598694864283076,0.003894006237035558,6082,Cingulum_Post_R,SupraMarginal_L,0.0,0.0,0.0,0.6
1752,16,49,17,50,-0.0006425712804915105,0.005985349337543408,0.0027674931366645714,6083,Rolandic_Oper_L,Occipital_Sup_R,0.0,0.0,0.0,0.66
452,3,114,4,115,0.0044692543320702886,0.005985165381068815,0.0039005033259630487,6084,Frontal_Sup_R,Vermis_9,0.0,0.0,0.0,0.8
1143,10,49,11,50,0.0006767731947124031,0.005984757656913415,0.0031534874686801172,6085,Frontal_Inf_Oper_L,Occipital_Sup_R,0.0,0.0,0.0,0.58
271,2,45,3,46,-0.004039221125286628,0.005979988806094469,0.005774468891001004,6086,Frontal_Sup_L,Cuneus_R,0.0,0.0,0.0,0.74
4248,45,109,46,110,-0.005956998829192683,0.005975939501147251,0.0039290455687787775,6087,Cuneus_R,Vermis_3,0.0,0.0,0.0,0.98
4095,43,97,44,98,-0.004221081218440553,0.005975894731940707,0.004576809466119904,6088,Calcarine_R,Cerebelum_4_5_R,0.0,0.0,0.0,0.84
700,6,32,7,33,-0.0009232033980351545,0.005974106880903721,0.0042777461080140845,6089,Frontal_Mid_L,Cingulum_Mid_L,0.0,0.0,0.0,0.5
1134,10,40,11,41,-0.004714820704868918,0.005972337801208367,0.004325467261600437,6090,Frontal_Inf_Oper_L,Amygdala_L,0.0,0.0,0.0,0.82
4026,42,100,43,101,0.002394214271067635,0.005971933924731823,0.003923889409074609,6091,Calcarine_L,Cerebelum_7b_L,0.0,0.0,0.0,0.72
4612,51,74,52,75,-0.0013784311364180343,0.005970106835985327,0.0032506394786823542,6092,Occipital_Mid_R,Pallidum_L,0.0,0.0,0.0,0.5
2354,22,78,23,79,-0.0030200280809050566,0.005967704558691541,0.0038280087783263694,6093,Frontal_Sup_Medial_L,Heschl_L,0.0,0.0,0.0,0.52
709,6,41,7,42,-0.004872383071221874,0.0059665089570039125,0.003958483245354733,6094,Frontal_Mid_L,Amygdala_R,0.0,0.0,0.0,0.78
2856,28,43,29,44,0.0008303919479076272,0.005964618428119538,0.003416636180404226,6095,Insula_L,Calcarine_R,0.0,0.0,0.0,0.54
755,6,87,7,88,-0.00017484671270959667,0.00596362678613089,0.0054297216950993385,6096,Frontal_Mid_L,Temporal_Pole_Mid_R,0.0,0.0,0.0,0.52
3887,40,108,41,109,0.001335515399279363,0.005959250172670743,0.0036414836660955225,6097,Amygdala_L,Vermis_1_2,0.0,0.0,0.0,0.68
4260,46,52,47,53,0.0034793728624781407,0.005958755807102828,0.0022430097904098606,6098,Lingual_L,Occipital_Inf_L,0.0,0.0,0.0,0.5
241,2,15,3,16,-0.001787349949699949,0.005957490251579552,0.003937969753497811,6099,Frontal_Sup_L,Frontal_Inf_Orb_R,0.0,0.0,0.0,0.6
320,2,94,3,95,-0.0020192473865759913,0.005956305559783199,0.0047049621293745805,6100,Frontal_Sup_L,Cerebelum_3_L,0.0,0.0,0.0,0.6
4605,51,67,52,68,-0.002847543330838401,0.005955183078216547,0.0034506761542386004,6101,Occipital_Mid_R,Precuneus_R,0.0,0.0,0.0,0.64
2693,26,55,27,56,0.0016321809999074335,0.005954935375411879,0.0029128642199555323,6102,Rectus_L,Fusiform_R,0.0,0.0,0.0,0.6
4409,48,66,49,67,-0.0004821855625862789,0.005949703342660981,0.0020282501835112406,6103,Occipital_Sup_L,Precuneus_L,0.0,0.0,0.0,0.52
5287,62,111,63,112,-0.002783980820693641,0.005945620682639818,0.0054284616118859385,6104,SupraMarginal_L,Vermis_6,0.0,0.0,0.0,0.7
725,6,57,7,58,0.0028266051578621776,0.005943935230297454,0.00499277419671691,6105,Frontal_Mid_L,Postcentral_R,0.0,0.0,0.0,0.7
4641,51,103,52,104,-0.0005438357339832904,0.005937127745781886,0.0031450289003802376,6106,Occipital_Mid_R,Cerebelum_8_R,0.0,0.0,0.0,0.54
737,6,69,7,70,0.0026380256798535424,0.005935525196941667,0.00415620945548122,6107,Frontal_Mid_L,Paracentral_Lobule_R,0.0,0.0,0.0,0.72
4709,52,108,53,109,-0.005806699651002453,0.005929913997859114,0.0030259448493371952,6108,Occipital_Inf_L,Vermis_1_2,0.0,0.0,0.0,0.9
336,2,110,3,111,0.005106736902255274,0.005923990476055147,0.004470813899732655,6109,Frontal_Sup_L,Vermis_4_5,0.0,0.0,0.0,0.78
4421,48,78,49,79,0.0027105125394707437,0.005921387425176266,0.0032698110120855254,6110,Occipital_Sup_L,Heschl_L,0.0,0.0,0.0,0.52
3814,39,110,40,111,-0.0015855582757839995,0.005919556530936848,0.0026963809133266044,6111,ParaHippocampal_R,Vermis_4_5,0.0,0.0,0.0,0.6
393,3,55,4,56,0.004413417405232535,0.005918994325430988,0.0038050178721116663,6112,Frontal_Sup_R,Fusiform_R,0.0,0.0,0.0,0.78
5271,62,95,63,96,0.0002179941761269035,0.0059143284679639176,0.004057386572167927,6113,SupraMarginal_L,Cerebelum_3_R,0.0,0.0,0.0,0.5
2290,21,107,22,108,-0.0052596238868602855,0.00591052952094375,0.0038677100979050893,6114,Olfactory_R,Cerebelum_10_R,0.0,0.0,0.0,0.86
379,3,41,4,42,0.00027570733955753127,0.005908601279343018,0.004851687825993912,6115,Frontal_Sup_R,Amygdala_R,0.0,0.0,0.0,0.52
4921,56,78,57,79,0.00015344208111725606,0.005901384782405171,0.003026622260329656,6116,Postcentral_L,Heschl_L,0.0,0.0,0.0,0.62
3027,30,43,31,44,7.00505196064502e-08,0.005893508879499071,0.0037315579236711716,6117,Cingulum_Ant_L,Calcarine_R,0.0,0.0,0.0,0.6
4206,45,67,46,68,0.004270799919863569,0.005892711643892858,0.0034864019190276475,6118,Cuneus_R,Precuneus_R,0.0,0.0,0.0,0.72
1756,16,53,17,54,-0.0039266143954016005,0.0058807298117756115,0.004301183171163273,6119,Rolandic_Oper_L,Occipital_Inf_R,0.0,0.0,0.0,0.82
4609,51,71,52,72,0.0011318677266598696,0.005879852816961172,0.003297771564207879,6120,Occipital_Mid_R,Caudate_R,0.0,0.0,0.0,0.6
5217,61,94,62,95,0.003441609479636146,0.005879063327384015,0.004580069761090597,6121,Parietal_Inf_R,Cerebelum_3_L,0.0,0.0,0.0,0.7
1714,15,110,16,111,0.0052034679296109184,0.005878426713253168,0.003738406208039049,6122,Frontal_Inf_Orb_R,Vermis_4_5,0.0,0.0,0.0,0.82
135,1,22,2,23,-0.002567982077353035,0.0058750850476856995,0.003160478980471173,6123,Precentral_R,Frontal_Sup_Medial_L,0.0,0.0,0.0,0.72
4909,56,66,57,67,0.0021417056354019505,0.005872283041963887,0.0025542517439235734,6124,Postcentral_L,Precuneus_L,0.0,0.0,0.0,0.52
772,6,104,7,105,0.00039592546308458466,0.005869963669993195,0.0038890122206171073,6125,Frontal_Mid_L,Cerebelum_9_L,0.0,0.0,0.0,0.54
4102,43,104,44,105,-0.003161675539851989,0.0058638780289173905,0.002920144158882222,6126,Calcarine_R,Cerebelum_9_L,0.0,0.0,0.0,0.52
1121,10,27,11,28,-0.0036114906662604645,0.005863256319076299,0.0041015801496352014,6127,Frontal_Inf_Oper_L,Rectus_R,0.0,0.0,0.0,0.7
4322,46,114,47,115,0.004798003193458165,0.005860289397736854,0.0027007896751482805,6128,Lingual_L,Vermis_9,0.0,0.0,0.0,0.74
4047,43,49,44,50,-0.004263708447916033,0.005856287180151386,0.002712497638156658,6129,Calcarine_R,Occipital_Sup_R,0.0,0.0,0.0,0.64
3428,34,114,35,115,-0.001404454019646127,0.005854548872112787,0.004139195335130547,6130,Cingulum_Post_L,Vermis_9,0.0,0.0,0.0,0.6
741,6,73,7,74,-0.0015559624433276029,0.005853061264503001,0.0031215311521317363,6131,Frontal_Mid_L,Putamen_R,0.0,0.0,0.0,0.5
3197,32,46,33,47,0.0022224420228245875,0.005852742431880719,0.003453882484791881,6132,Cingulum_Mid_L,Lingual_L,0.0,0.0,0.0,0.62
2658,25,109,26,110,-0.0024366821704964597,0.005850973812839719,0.00379442554484881,6133,Frontal_Med_Orb_R,Vermis_3,0.0,0.0,0.0,0.72
1150,10,56,11,57,-0.003366153545472597,0.0058494535648742005,0.0033879040495952166,6134,Frontal_Inf_Oper_L,Postcentral_L,0.0,0.0,0.0,0.66
816,7,40,8,41,-0.005097378809323836,0.005847741925601021,0.005084437182551988,6135,Frontal_Mid_R,Amygdala_L,0.0,0.0,0.0,0.88
4667,52,66,53,67,0.005148976664190106,0.0058471910355708204,0.0026989037585856664,6136,Occipital_Inf_L,Precuneus_L,0.0,0.0,0.0,0.86
3737,38,109,39,110,0.0013475473469806696,0.0058439620235335365,0.0036347033941403597,6137,ParaHippocampal_L,Vermis_3,0.0,0.0,0.0,0.54
2235,21,52,22,53,-0.005664201023483344,0.005842100438396202,0.003774749468752031,6138,Olfactory_R,Occipital_Inf_L,0.0,0.0,0.0,0.96
4649,51,111,52,112,-0.005213135915789661,0.005836345018649962,0.005217721427833047,6139,Occipital_Mid_R,Vermis_6,0.0,0.0,0.0,0.94
5273,62,97,63,98,-0.0008457007147744562,0.005830659661085702,0.004478121989469966,6140,SupraMarginal_L,Cerebelum_4_5_R,0.0,0.0,0.0,0.58
2177,20,88,21,89,-0.005706534825300404,0.005821339054538397,0.004575916457068788,6141,Olfactory_L,Temporal_Inf_L,0.0,0.0,0.0,0.98
1145,10,51,11,52,-0.004116274885944477,0.005820417248665476,0.005358658378556726,6142,Frontal_Inf_Oper_L,Occipital_Mid_R,0.0,0.0,0.0,0.82
2681,26,43,27,44,-0.005343563416551725,0.005816436324514648,0.003907598335381081,6143,Rectus_L,Calcarine_R,0.0,0.0,0.0,0.9
2144,20,55,21,56,-0.005776044171900236,0.005811471340253892,0.003928646569307351,6144,Olfactory_L,Fusiform_R,0.0,0.0,0.0,0.96
113,0,114,1,115,-0.0018342183422472718,0.005807995766869367,0.0033354736842882526,6145,Precentral_L,Vermis_9,0.0,0.0,0.0,0.68
3129,31,61,32,62,0.001953721294614767,0.005805256466990527,0.0044970722131373285,6146,Cingulum_Ant_R,Parietal_Inf_R,0.0,0.0,0.0,0.62
3345,33,112,34,113,-0.0012125412915333015,0.0057993523285236,0.0053097633066113755,6147,Cingulum_Mid_R,Vermis_7,0.0,0.0,0.0,0.66
4905,56,62,57,63,0.0035130767528830866,0.005798822745918692,0.004657516758533968,6148,Postcentral_L,SupraMarginal_L,0.0,0.0,0.0,0.68
719,6,51,7,52,-0.004376999120308925,0.005790777718333683,0.004451464020757515,6149,Frontal_Mid_L,Occipital_Mid_R,0.0,0.0,0.0,0.76
111,0,112,1,113,0.0015245179826151275,0.005789679253782055,0.0028277927665800806,6150,Precentral_L,Vermis_7,0.0,0.0,0.0,0.58
5194,61,71,62,72,0.0022145973169254715,0.00578309554188125,0.004475218057933826,6151,Parietal_Inf_R,Caudate_R,0.0,0.0,0.0,0.7
3346,33,113,34,114,0.003420449460231751,0.0057830066149016255,0.002400824969821774,6152,Cingulum_Mid_R,Vermis_8,0.0,0.0,0.0,0.52
3427,34,113,35,114,0.0022076440854053177,0.005782027568166167,0.003508391435231338,6153,Cingulum_Post_L,Vermis_8,0.0,0.0,0.0,0.76
2604,25,55,26,56,-2.732761282238239e-05,0.005776470037055908,0.002777332303047408,6154,Frontal_Med_Orb_R,Fusiform_R,0.0,0.0,0.0,0.64
3738,38,110,39,111,0.0038558391024894993,0.005771461823461289,0.002488379521106906,6155,ParaHippocampal_L,Vermis_4_5,0.0,0.0,0.0,0.66
4660,52,59,53,60,-0.003486016473196647,0.005762824794322009,0.0040193975170475325,6156,Occipital_Inf_L,Parietal_Sup_R,0.0,0.0,0.0,0.72
736,6,68,7,69,-0.003092184399773073,0.005761598990091127,0.00355741170194584,6157,Frontal_Mid_L,Paracentral_Lobule_L,0.0,0.0,0.0,0.62
166,1,53,2,54,-0.00080480812167389,0.005760907031947394,0.004015567666318229,6158,Precentral_R,Occipital_Inf_R,0.0,0.0,0.0,0.66
3516,36,43,37,44,-0.00474649605075381,0.005759730150672662,0.0024297035936637615,6159,Hippocampus_L,Calcarine_R,0.0,0.0,0.0,0.8
2787,27,61,28,62,-0.0029128732452749577,0.005754085387238504,0.004602082823396923,6160,Rectus_R,Parietal_Inf_R,0.0,0.0,0.0,0.68
4979,57,78,58,79,-0.0038307682062625804,0.0057470053569764245,0.0035020189623661564,6161,Postcentral_R,Heschl_L,0.0,0.0,0.0,0.78
3362,34,48,35,49,-0.004717012984611541,0.005739406856414626,0.0033508690003576456,6162,Cingulum_Post_L,Occipital_Sup_L,0.0,0.0,0.0,0.76
1764,16,61,17,62,-0.0012120668629274235,0.005730055669606783,0.0034590196047487795,6163,Rolandic_Oper_L,Parietal_Inf_R,0.0,0.0,0.0,0.56
4957,56,114,57,115,0.003265278761904193,0.0057243261402395015,0.0031554503076696126,6164,Postcentral_L,Vermis_9,0.0,0.0,0.0,0.64
4717,53,54,54,55,-0.004118933164525782,0.005718111561805696,0.0033421095190267988,6165,Occipital_Inf_R,Fusiform_L,0.0,0.0,0.0,0.82
390,3,52,4,53,0.005147354901511156,0.005716905452158191,0.004430254358374396,6166,Frontal_Sup_R,Occipital_Inf_L,0.0,0.0,0.0,0.82
5266,62,90,63,91,0.0025749598666122897,0.005712687316312769,0.004358548944832605,6167,SupraMarginal_L,Cerebelum_Crus1_L,0.0,0.0,0.0,0.66
738,6,70,7,71,-0.00041260619833336323,0.005712473490084785,0.0046897787727559585,6168,Frontal_Mid_L,Caudate_L,0.0,0.0,0.0,0.52
4663,52,62,53,63,0.004207321109416074,0.005710963816696232,0.003818224013835105,6169,Occipital_Inf_L,SupraMarginal_L,0.0,0.0,0.0,0.76
1940,18,42,19,43,-0.0013210995403439355,0.0057107662486489885,0.004716404947767542,6170,Supp_Motor_Area_L,Calcarine_L,0.0,0.0,0.0,0.62
109,0,110,1,111,0.0051281826856156,0.005709307214873232,0.002949168125258997,6171,Precentral_L,Vermis_4_5,0.0,0.0,0.0,0.78
365,3,27,4,28,0.0029766561112170853,0.0057088660827777134,0.004323504787597215,6172,Frontal_Sup_R,Rectus_R,0.0,0.0,0.0,0.74
4275,46,67,47,68,-0.00334671993446945,0.005706660078153233,0.00224656865139724,6173,Lingual_L,Precuneus_R,0.0,0.0,0.0,0.68
2181,20,92,21,93,-0.0048174889386957895,0.005702175077323638,0.003289391037474457,6174,Olfactory_L,Cerebelum_Crus2_L,0.0,0.0,0.0,0.9
1736,16,33,17,34,-0.0028125446178994397,0.005699802821321531,0.0030610894915306074,6175,Rolandic_Oper_L,Cingulum_Mid_R,0.0,0.0,0.0,0.66
2197,20,108,21,109,-0.0038834277264870056,0.00569826960328302,0.0028651817412205616,6176,Olfactory_L,Vermis_1_2,0.0,0.0,0.0,0.76
3676,38,48,39,49,0.0012748195495634646,0.005686057771213352,0.003502251649381144,6177,ParaHippocampal_L,Occipital_Sup_L,0.0,0.0,0.0,0.58
1656,15,52,16,53,-0.0006427335445084903,0.005685231298135595,0.0030039642844122217,6178,Frontal_Inf_Orb_R,Occipital_Inf_L,0.0,0.0,0.0,0.66
715,6,47,7,48,0.004412662752354793,0.005680390226848171,0.005410269938000102,6179,Frontal_Mid_L,Lingual_R,0.0,0.0,0.0,0.76
1051,9,62,10,63,-0.0006612118121795002,0.00567765127922269,0.0041816512615654635,6180,Frontal_Mid_Orb_R,SupraMarginal_L,0.0,0.0,0.0,0.52
1812,16,109,17,110,-0.004661803006850597,0.0056746159159437705,0.004020712970323662,6181,Rolandic_Oper_L,Vermis_3,0.0,0.0,0.0,0.84
2289,21,106,22,107,0.0022462966205483727,0.005672592226596745,0.0024867366241173583,6182,Olfactory_R,Cerebelum_10_L,0.0,0.0,0.0,0.56
50,0,51,1,52,-0.002316366738895537,0.005670097589187653,0.003957846939917376,6183,Precentral_L,Occipital_Mid_R,0.0,0.0,0.0,0.76
3363,34,49,35,50,-0.0015811717130372002,0.005669311313656424,0.0035919806842291957,6184,Cingulum_Post_L,Occipital_Sup_R,0.0,0.0,0.0,0.64
2430,23,62,24,63,0.002912893081012544,0.005666188243945355,0.003695465142068209,6185,Frontal_Sup_Medial_R,SupraMarginal_L,0.0,0.0,0.0,0.66
151,1,38,2,39,-0.001739123629284907,0.0056619663864769555,0.003954541694784146,6186,Precentral_R,ParaHippocampal_L,0.0,0.0,0.0,0.76
5262,62,86,63,87,0.0006180269752440832,0.005658233150770311,0.0041535313493161466,6187,SupraMarginal_L,Temporal_Pole_Mid_L,0.0,0.0,0.0,0.52
2210,21,27,22,28,0.002292892729310354,0.005655398284155008,0.0020275105021145432,6188,Olfactory_R,Rectus_R,0.0,0.0,0.0,0.54
1151,10,57,11,58,-0.0011479285894715318,0.005654081565514393,0.004228533302537451,6189,Frontal_Inf_Oper_L,Postcentral_R,0.0,0.0,0.0,0.5
328,2,102,3,103,-0.0018601545173149358,0.0056433027052134425,0.004044188151094581,6190,Frontal_Sup_L,Cerebelum_8_L,0.0,0.0,0.0,0.6
4633,51,95,52,96,0.004099226303467494,0.005643143081795009,0.00298957070601397,6191,Occipital_Mid_R,Cerebelum_3_R,0.0,0.0,0.0,0.62
4713,52,112,53,113,0.002849981316172615,0.005637476809238512,0.002189253182173556,6192,Occipital_Inf_L,Vermis_7,0.0,0.0,0.0,0.56
1117,10,23,11,24,0.001527814305453917,0.005634096612437718,0.004087506059956837,6193,Frontal_Inf_Oper_L,Frontal_Sup_Medial_R,0.0,0.0,0.0,0.56
2521,24,62,25,63,-0.0034784025980586,0.005631439651470314,0.003929018538348017,6194,Frontal_Med_Orb_L,SupraMarginal_L,0.0,0.0,0.0,0.76
4332,47,56,48,57,0.0021025671994130673,0.005621723704296548,0.0026802826273821913,6195,Lingual_R,Postcentral_L,0.0,0.0,0.0,0.56
4041,42,115,43,116,-0.005517015994331235,0.005618291635581768,0.0036656681678568217,6196,Calcarine_L,Vermis_10,0.0,0.0,0.0,0.98
2171,20,82,21,83,-0.005559208214609446,0.005610935335500089,0.004225423422677831,6197,Olfactory_L,Temporal_Pole_Sup_L,0.0,0.0,0.0,0.98
387,3,49,4,50,0.0009733918920216897,0.005607443758045401,0.004002655249489043,6198,Frontal_Sup_R,Occipital_Sup_R,0.0,0.0,0.0,0.5
5196,61,73,62,74,-0.0037571068404448843,0.005605976514571593,0.00470788532162737,6199,Parietal_Inf_R,Putamen_R,0.0,0.0,0.0,0.64
4850,55,66,56,67,0.0006060489194479412,0.005604197124985532,0.0026452218828887254,6200,Fusiform_R,Precuneus_L,0.0,0.0,0.0,0.64
6644,108,111,109,112,0.005090662554646814,0.005600470630645064,0.0031737973469665457,6201,Vermis_1_2,Vermis_6,0.0,0.0,0.0,0.84
1748,16,45,17,46,0.0010393186424660977,0.005596050281598715,0.002858034721340109,6202,Rolandic_Oper_L,Cuneus_R,0.0,0.0,0.0,0.58
453,3,115,4,116,0.0037443215541486147,0.005593550983669061,0.0034448632407173864,6203,Frontal_Sup_R,Vermis_10,0.0,0.0,0.0,0.74
4180,44,111,45,112,-0.00027117413935280035,0.00558823370068678,0.003132466857976703,6204,Cuneus_L,Vermis_6,0.0,0.0,0.0,0.74
5211,61,88,62,89,0.0010959322461404533,0.005587535856354644,0.003486921338548268,6205,Parietal_Inf_R,Temporal_Inf_L,0.0,0.0,0.0,0.6
4786,54,62,55,63,-0.00363362926498616,0.005585605098384794,0.004428163300286848,6206,Fusiform_L,SupraMarginal_L,0.0,0.0,0.0,0.7
3359,34,45,35,46,-0.0047231911741691165,0.005583173619241787,0.0036673579662160325,6207,Cingulum_Post_L,Cuneus_R,0.0,0.0,0.0,0.82
3690,38,62,39,63,0.00031736795365423245,0.005581988758928067,0.0036343639473136622,6208,ParaHippocampal_L,SupraMarginal_L,0.0,0.0,0.0,0.52
3967,41,114,42,115,0.0036593931615923293,0.005574969490373578,0.004638320674400381,6209,Amygdala_R,Vermis_9,0.0,0.0,0.0,0.76
3360,34,46,35,47,0.0010851203450826278,0.005572754317161861,0.0028952567044830202,6210,Cingulum_Post_L,Lingual_L,0.0,0.0,0.0,0.54
6663,111,115,112,116,0.004995527602089046,0.005565874420589749,0.0028293770913530303,6211,Vermis_6,Vermis_10,0.0,0.0,0.0,0.8
4261,46,53,47,54,7.158703896555145e-05,0.005565750598660144,0.0035014860111390596,6212,Lingual_L,Occipital_Inf_R,0.0,0.0,0.0,0.68
335,2,109,3,110,-0.004239783384971939,0.00556293568866479,0.004303854958517867,6213,Frontal_Sup_L,Vermis_3,0.0,0.0,0.0,0.8
5285,62,109,63,110,-0.0043825642745182105,0.005560053270349551,0.00483138668051122,6214,SupraMarginal_L,Vermis_3,0.0,0.0,0.0,0.86
6608,104,109,105,110,0.0033692357985244305,0.005558326494523626,0.0029604594817071086,6215,Cerebelum_9_L,Vermis_3,0.0,0.0,0.0,0.62
5192,61,69,62,70,0.003974623792679055,0.005558318917860441,0.0037678551406613013,6216,Parietal_Inf_R,Paracentral_Lobule_R,0.0,0.0,0.0,0.78
280,2,54,3,55,0.003439368056265592,0.005551910523862264,0.003429773507876761,6217,Frontal_Sup_L,Fusiform_L,0.0,0.0,0.0,0.66
385,3,47,4,48,0.002928129199810464,0.005548838861531549,0.003950881835801825,6218,Frontal_Sup_R,Lingual_R,0.0,0.0,0.0,0.64
247,2,21,3,22,-0.005177311010372073,0.005545003586801153,0.004531975411988824,6219,Frontal_Sup_L,Olfactory_R,0.0,0.0,0.0,0.9
1553,14,49,15,50,-0.0005840963619010387,0.005540996553990133,0.003395119533638691,6220,Frontal_Inf_Orb_L,Occipital_Sup_R,0.0,0.0,0.0,0.64
5268,62,92,63,93,-0.001090541263436636,0.005540104339684072,0.004038805026144858,6221,SupraMarginal_L,Cerebelum_Crus2_L,0.0,0.0,0.0,0.58
4863,55,79,56,80,0.004528986011040319,0.005534916853612373,0.0019514607810188329,6222,Fusiform_R,Heschl_R,0.0,0.0,0.0,0.66
4200,45,61,46,62,-0.0010272109287209864,0.005531385540961831,0.0034899112368979813,6223,Cuneus_R,Parietal_Inf_R,0.0,0.0,0.0,0.54
4296,46,88,47,89,-0.0010404873761163285,0.005529002221018415,0.002913383382018674,6224,Lingual_L,Temporal_Inf_L,0.0,0.0,0.0,0.52
1141,10,47,11,48,0.0008810386228678224,0.005525875399865099,0.0030867273087057685,6225,Frontal_Inf_Oper_L,Lingual_R,0.0,0.0,0.0,0.5
4042,43,44,44,45,-0.0004982422612834597,0.005519174179951014,0.004206796255597818,6226,Calcarine_R,Cuneus_L,0.0,0.0,0.0,0.58
355,3,17,4,18,0.0023859249843896256,0.005517235477236092,0.003423043551533358,6227,Frontal_Sup_R,Rolandic_Oper_R,0.0,0.0,0.0,0.7
4652,51,114,52,115,-0.005341492061480248,0.0054942996949129,0.003601874916326041,6228,Occipital_Mid_R,Vermis_9,0.0,0.0,0.0,0.9
2278,21,95,22,96,-0.0036704715302698014,0.0054902430186873075,0.0036338161513234705,6229,Olfactory_R,Cerebelum_3_R,0.0,0.0,0.0,0.9
1140,10,46,11,47,-0.001222941481883903,0.005487902584815396,0.003752512344546849,6230,Frontal_Inf_Oper_L,Lingual_L,0.0,0.0,0.0,0.66
4297,46,89,47,90,-0.0003696541274361359,0.005485870710975111,0.0024361170827389175,6231,Lingual_L,Temporal_Inf_R,0.0,0.0,0.0,0.56
2476,23,108,24,109,-0.001943324305261141,0.005478804619845642,0.002163068005462885,6232,Frontal_Sup_Medial_R,Vermis_1_2,0.0,0.0,0.0,0.66
4119,44,50,45,51,0.003956824041529875,0.005477637454284272,0.004024855159084543,6233,Cuneus_L,Occipital_Mid_L,0.0,0.0,0.0,0.68
321,2,95,3,96,0.00040183706465981835,0.005468358389629994,0.004815465526315863,6234,Frontal_Sup_L,Cerebelum_3_R,0.0,0.0,0.0,0.54
2602,25,53,26,54,-0.0017910720365403485,0.005466596294201642,0.0031709327425797824,6235,Frontal_Med_Orb_R,Occipital_Inf_R,0.0,0.0,0.0,0.56
4343,47,67,48,68,0.0014526376870730429,0.0054474811346062035,0.0030132814019443975,6236,Lingual_R,Precuneus_R,0.0,0.0,0.0,0.7
3507,35,113,36,114,-0.00273509306016455,0.005444547724243505,0.003232173633792332,6237,Cingulum_Post_R,Vermis_8,0.0,0.0,0.0,0.62
78,0,79,1,80,0.0007336926263514682,0.005443377479411845,0.0027237574262760893,6238,Precentral_L,Heschl_R,0.0,0.0,0.0,0.52
5195,61,72,62,73,-0.0032554447895704773,0.0054423866370526455,0.0046342137335049355,6239,Parietal_Inf_R,Putamen_L,0.0,0.0,0.0,0.6
3534,36,61,37,62,-0.0017839174266317788,0.005440541091028286,0.004083078837043318,6240,Hippocampus_L,Parietal_Inf_R,0.0,0.0,0.0,0.6
1618,14,114,15,115,-0.0006153795524633735,0.005434313808810627,0.0027441186692376473,6241,Frontal_Inf_Orb_L,Vermis_9,0.0,0.0,0.0,0.56
4583,50,109,51,110,-0.005263335890157667,0.005420627508358268,0.0037767703435245895,6242,Occipital_Mid_L,Vermis_3,0.0,0.0,0.0,0.98
2274,21,91,22,92,-0.005031069799958881,0.005419677141947869,0.004065936575079695,6243,Olfactory_R,Cerebelum_Crus1_R,0.0,0.0,0.0,0.94
708,6,40,7,41,-0.003344947930804306,0.005418911523201614,0.003960803270053442,6244,Frontal_Mid_L,Amygdala_L,0.0,0.0,0.0,0.74
4895,55,111,56,112,0.0013491644361411793,0.0054153251151458056,0.0026615284585002233,6245,Fusiform_R,Vermis_6,0.0,0.0,0.0,0.62
1862,17,61,18,62,-0.002503410592229572,0.005413153940474914,0.003004363875724775,6246,Rolandic_Oper_R,Parietal_Inf_R,0.0,0.0,0.0,0.56
4183,44,114,45,115,0.0037825130251337036,0.005409794189248814,0.0030930269815206673,6247,Cuneus_L,Vermis_9,0.0,0.0,0.0,0.8
2788,27,62,28,63,-0.0013196695212666174,0.005397320846359776,0.003951905433052858,6248,Rectus_R,SupraMarginal_L,0.0,0.0,0.0,0.6
4120,44,51,45,52,0.004082073402862619,0.005395208905658437,0.0028965824355475936,6249,Cuneus_L,Occipital_Mid_R,0.0,0.0,0.0,0.66
4659,52,58,53,59,-0.0024396034757670623,0.00538750095512191,0.003968797562841057,6250,Occipital_Inf_L,Parietal_Sup_L,0.0,0.0,0.0,0.64
2147,20,58,21,59,-0.005198876862656731,0.005383925246887449,0.004018275268491413,6251,Olfactory_L,Parietal_Sup_L,0.0,0.0,0.0,0.94
300,2,74,3,75,0.0007457699083948086,0.005381151463231104,0.004469204638688343,6252,Frontal_Sup_L,Pallidum_L,0.0,0.0,0.0,0.54
3503,35,109,36,110,-0.002501914765780725,0.005373873157624692,0.003255901527820105,6253,Cingulum_Post_R,Vermis_3,0.0,0.0,0.0,0.68
4373,47,97,48,98,-0.00173029808793874,0.005366349813455911,0.0035766740251870796,6254,Lingual_R,Cerebelum_4_5_R,0.0,0.0,0.0,0.6
2423,23,55,24,56,0.0013921990906631148,0.005361679179203688,0.0020591608292493254,6255,Frontal_Sup_Medial_R,Fusiform_R,0.0,0.0,0.0,0.52
999,9,10,10,11,-0.0029292003297703554,0.005351153290957319,0.003985625110571365,6256,Frontal_Mid_Orb_R,Frontal_Inf_Oper_L,0.0,0.0,0.0,0.68
3275,33,42,34,43,0.003944011074324945,0.0053497447680454,0.0017181178849186496,6257,Cingulum_Mid_R,Calcarine_L,0.0,0.0,0.0,0.68
2337,22,61,23,62,0.0008544439674705553,0.005339401406034026,0.003437284927519482,6258,Frontal_Sup_Medial_L,Parietal_Inf_R,0.0,0.0,0.0,0.56
1136,10,42,11,43,-0.0027021192837912876,0.00533656251574722,0.0038780449031215157,6259,Frontal_Inf_Oper_L,Calcarine_L,0.0,0.0,0.0,0.74
621,5,62,6,63,-0.002334962164746903,0.0053354224772637305,0.004155463479460192,6260,Frontal_Sup_Orb_R,SupraMarginal_L,0.0,0.0,0.0,0.64
3977,42,51,43,52,0.004513316205679909,0.005324399300678423,0.0030295555956219946,6261,Calcarine_L,Occipital_Mid_R,0.0,0.0,0.0,0.74
762,6,94,7,95,0.0009344852547479839,0.0053108867919904,0.004506859023502705,6262,Frontal_Mid_L,Cerebelum_3_L,0.0,0.0,0.0,0.56
1811,16,108,17,109,-0.001296362985247504,0.005304607487935951,0.002900343153761772,6263,Rolandic_Oper_L,Vermis_1_2,0.0,0.0,0.0,0.7
4287,46,79,47,80,-0.004271651392324295,0.005303423212694831,0.002945818506570817,6264,Lingual_L,Heschl_R,0.0,0.0,0.0,0.86
695,6,27,7,28,0.0016457983483218269,0.005301759198493653,0.003968380211183176,6265,Frontal_Mid_L,Rectus_R,0.0,0.0,0.0,0.56
22,0,23,1,24,-0.00034361128839987073,0.005300363296324212,0.0032366874121493062,6266,Precentral_L,Frontal_Sup_Medial_R,0.0,0.0,0.0,0.66
1119,10,25,11,26,0.0003804884935659864,0.005295238313622444,0.0038919156800466667,6267,Frontal_Inf_Oper_L,Frontal_Med_Orb_R,0.0,0.0,0.0,0.58
4803,54,79,55,80,-0.00014439794936895204,0.00528851312250753,0.002191140093451613,6268,Fusiform_L,Heschl_R,0.0,0.0,0.0,0.52
3841,40,62,41,63,-0.0039054045032336747,0.005287654750319317,0.0037399078292889997,6269,Amygdala_L,SupraMarginal_L,0.0,0.0,0.0,0.8
6598,103,110,104,111,0.002071680608554531,0.005286547957395534,0.002420441634758584,6270,Cerebelum_8_R,Vermis_4_5,0.0,0.0,0.0,0.52
276,2,50,3,51,0.004118382638428339,0.005283730818598921,0.004526328268981918,6271,Frontal_Sup_L,Occipital_Mid_L,0.0,0.0,0.0,0.78
1959,18,61,19,62,0.0005553601709531765,0.005283180910313065,0.004575227818616214,6272,Supp_Motor_Area_L,Parietal_Inf_R,0.0,0.0,0.0,0.58
817,7,41,8,42,-0.002620840803644267,0.005281622269347808,0.004253009387327417,6273,Frontal_Mid_R,Amygdala_R,0.0,0.0,0.0,0.68
4009,42,83,43,84,0.003207253733595435,0.005275748030793576,0.0032833053653646776,6274,Calcarine_L,Temporal_Pole_Sup_R,0.0,0.0,0.0,0.76
2143,20,54,21,55,-0.005256468846246131,0.00527036263055643,0.003579242772251687,6275,Olfactory_L,Fusiform_L,0.0,0.0,0.0,0.98
1718,15,114,16,115,0.0018979384279020708,0.005265101445954057,0.0026250081629882347,6276,Frontal_Inf_Orb_R,Vermis_9,0.0,0.0,0.0,0.66
5189,61,66,62,67,0.00284152293752816,0.005261446548996991,0.0035912938311192357,6277,Parietal_Inf_R,Precuneus_L,0.0,0.0,0.0,0.68
5597,69,78,70,79,-0.0008894656169499355,0.005255070033009196,0.0032268578531018154,6278,Paracentral_Lobule_R,Heschl_L,0.0,0.0,0.0,0.7
4963,57,62,58,63,-0.0005819217363740277,0.0052537899802013975,0.003935952032006005,6279,Postcentral_R,SupraMarginal_L,0.0,0.0,0.0,0.5
4459,49,50,50,51,0.0019930909486138835,0.005251731503218647,0.0031151007827891816,6280,Occipital_Sup_R,Occipital_Mid_L,0.0,0.0,0.0,0.66
3369,34,55,35,56,-0.0036937935679050484,0.0052514452021205325,0.002980214975069175,6281,Cingulum_Post_L,Fusiform_R,0.0,0.0,0.0,0.76
2385,22,109,23,110,-0.0045300270956031095,0.005251054727255895,0.0032836384777581978,6282,Frontal_Sup_Medial_L,Vermis_3,0.0,0.0,0.0,0.86
1918,18,20,19,21,-0.005175810477431663,0.005248612635726817,0.0033335228145443653,6283,Supp_Motor_Area_L,Olfactory_L,0.0,0.0,0.0,0.96
1137,10,43,11,44,-0.0008827364453934455,0.00524812734819645,0.0039229242558903605,6284,Frontal_Inf_Oper_L,Calcarine_R,0.0,0.0,0.0,0.64
315,2,89,3,90,0.0015696681245471757,0.005247437344022443,0.0039607194598285855,6285,Frontal_Sup_L,Temporal_Inf_R,0.0,0.0,0.0,0.6
2769,27,43,28,44,-0.004755143095073675,0.005243855593203919,0.002772909076593287,6286,Rectus_R,Calcarine_R,0.0,0.0,0.0,0.84
4476,49,67,50,68,-0.0010906424874758604,0.0052424133704581845,0.0026890159140391485,6287,Occipital_Sup_R,Precuneus_R,0.0,0.0,0.0,0.54
1010,9,21,10,22,-0.003099663610836167,0.005232616862151886,0.00324748688873131,6288,Frontal_Mid_Orb_R,Olfactory_R,0.0,0.0,0.0,0.72
4910,56,67,57,68,0.0009166639156219497,0.005228621306905651,0.00303991696588254,6289,Postcentral_L,Precuneus_R,0.0,0.0,0.0,0.56
5227,61,104,62,105,-0.0018843537024687599,0.005225278208502805,0.003741206735445959,6290,Parietal_Inf_R,Cerebelum_9_L,0.0,0.0,0.0,0.56
714,6,46,7,47,0.002577857271880707,0.005225260999249014,0.0044802685602787235,6291,Frontal_Mid_L,Lingual_L,0.0,0.0,0.0,0.7
2103,19,109,20,110,-0.004294877101571255,0.005215470165770648,0.004134561937505344,6292,Supp_Motor_Area_R,Vermis_3,0.0,0.0,0.0,0.86
4329,47,53,48,54,-0.0033977790066078255,0.005212850717328899,0.0035939920984047365,6293,Lingual_R,Occipital_Inf_R,0.0,0.0,0.0,0.84
3605,37,54,38,55,-0.002501795694033851,0.005210055038518934,0.0025098556072591953,6294,Hippocampus_R,Fusiform_L,0.0,0.0,0.0,0.74
254,2,28,3,29,-0.0009862432539436913,0.005200485139264093,0.0036307182105351377,6295,Frontal_Sup_L,Insula_L,0.0,0.0,0.0,0.54
1771,16,68,17,69,1.5876838706172064e-05,0.005200056840422119,0.0030891905871022318,6296,Rolandic_Oper_L,Paracentral_Lobule_L,0.0,0.0,0.0,0.68
296,2,70,3,71,-0.0019168212663016534,0.0051889699843344905,0.0034405661744898865,6297,Frontal_Sup_L,Caudate_L,0.0,0.0,0.0,0.58
4398,48,55,49,56,0.0030552002483981142,0.005188458528239944,0.0018096318929123542,6298,Occipital_Sup_L,Fusiform_R,0.0,0.0,0.0,0.6
3979,42,53,43,54,-0.0046688467530096615,0.005179678720988976,0.0033480235303530092,6299,Calcarine_L,Occipital_Inf_R,0.0,0.0,0.0,0.94
1758,16,55,17,56,-0.0011240057775817075,0.005174989320367459,0.002279215449090764,6300,Rolandic_Oper_L,Fusiform_R,0.0,0.0,0.0,0.68
2685,26,47,27,48,0.003766817899538311,0.005171608581473588,0.0025822679491801733,6301,Rectus_L,Lingual_R,0.0,0.0,0.0,0.66
2384,22,108,23,109,-0.0025389478665083535,0.005167790323997295,0.0020755403058072643,6302,Frontal_Sup_Medial_L,Vermis_1_2,0.0,0.0,0.0,0.56
1613,14,109,15,110,-0.0012160420120197592,0.00516593382534086,0.0035538617271280272,6303,Frontal_Inf_Orb_L,Vermis_3,0.0,0.0,0.0,0.6
2688,26,50,27,51,-0.0032175006492873456,0.005164125972788932,0.003700388792799823,6304,Rectus_L,Occipital_Mid_L,0.0,0.0,0.0,0.7
4328,47,52,48,53,0.003133530228427463,0.0051615788382965745,0.0022315454415438715,6305,Lingual_R,Occipital_Inf_L,0.0,0.0,0.0,0.54
2140,20,51,21,52,-0.005116503691905691,0.005160696906622983,0.003346061953325896,6306,Olfactory_L,Occipital_Mid_R,0.0,0.0,0.0,0.98
3342,33,109,34,110,-0.0030341519873579477,0.005160374178456944,0.0033139360635036585,6307,Cingulum_Mid_R,Vermis_3,0.0,0.0,0.0,0.62
2195,20,106,21,107,0.002377554453799258,0.005157512526934761,0.002661318292063621,6308,Olfactory_L,Cerebelum_10_L,0.0,0.0,0.0,0.54
1546,14,42,15,43,0.0028426276146129833,0.0051571592370407635,0.0030795995543964035,6309,Frontal_Inf_Orb_L,Calcarine_L,0.0,0.0,0.0,0.78
354,3,16,4,17,0.003543511678180008,0.005137310444401294,0.0034985292563549817,6310,Frontal_Sup_R,Rolandic_Oper_L,0.0,0.0,0.0,0.82
886,7,110,8,111,-0.00426948964923738,0.005133600201882738,0.0041550741872272805,6311,Frontal_Mid_R,Vermis_4_5,0.0,0.0,0.0,0.82
1909,17,108,18,109,4.879282035612304e-05,0.00513033452984777,0.002248510358463748,6312,Rolandic_Oper_R,Vermis_1_2,0.0,0.0,0.0,0.58
2418,23,50,24,51,-0.0003725935079178386,0.0051269268176102915,0.0034408641727514573,6313,Frontal_Sup_Medial_R,Occipital_Mid_L,0.0,0.0,0.0,0.64
386,3,48,4,49,0.0010415839735947896,0.005125064400533349,0.0036843617785754204,6314,Frontal_Sup_R,Occipital_Sup_L,0.0,0.0,0.0,0.56
4651,51,113,52,114,0.004454295143465289,0.0051242255907295205,0.003061126021236972,6315,Occipital_Mid_R,Vermis_8,0.0,0.0,0.0,0.84
3213,32,62,33,63,0.0023421065089164667,0.005120824578192557,0.003113810925111673,6316,Cingulum_Mid_L,SupraMarginal_L,0.0,0.0,0.0,0.56
5219,61,96,62,97,0.0033723836106117357,0.005113987735718478,0.003261890264034963,6317,Parietal_Inf_R,Cerebelum_4_5_L,0.0,0.0,0.0,0.74
1836,17,35,18,36,-0.002775374956882239,0.005113346142243684,0.0037829233842274854,6318,Rolandic_Oper_R,Cingulum_Post_R,0.0,0.0,0.0,0.74
6495,96,112,97,113,-0.0019022545062781313,0.005109581927549441,0.0031854871891611666,6319,Cerebelum_4_5_L,Vermis_7,0.0,0.0,0.0,0.6
3368,34,54,35,55,-0.0023467414076788445,0.005108906607750871,0.0031878256371911983,6320,Cingulum_Post_L,Fusiform_L,0.0,0.0,0.0,0.76
2110,20,21,21,22,-0.0047927654532849175,0.005105157182296495,0.003000168696930799,6321,Olfactory_L,Olfactory_R,0.0,0.0,0.0,0.92
380,3,42,4,43,0.0026735693475607946,0.005102533280186294,0.0034566111273255785,6322,Frontal_Sup_R,Calcarine_L,0.0,0.0,0.0,0.58
1746,16,43,17,44,0.003854992724663079,0.005101593317020484,0.002172274667365647,6323,Rolandic_Oper_L,Calcarine_R,0.0,0.0,0.0,0.6
272,2,46,3,47,-0.0032266145194053413,0.005101528048076752,0.004224911466824694,6324,Frontal_Sup_L,Lingual_L,0.0,0.0,0.0,0.72
704,6,36,7,37,0.0009984856205958062,0.005093815383301458,0.0034671760627777385,6325,Frontal_Mid_L,Hippocampus_L,0.0,0.0,0.0,0.56
6661,111,113,112,114,0.0019586504779752676,0.005089146912320799,0.002929619956824244,6326,Vermis_6,Vermis_8,0.0,0.0,0.0,0.58
283,2,57,3,58,0.0035073610645255863,0.0050878823580490454,0.00394036745505101,6327,Frontal_Sup_L,Postcentral_R,0.0,0.0,0.0,0.78
5491,66,113,67,114,0.002486981109751119,0.005087400982840348,0.0031918211489133626,6328,Precuneus_L,Vermis_8,0.0,0.0,0.0,0.76
269,2,43,3,44,-0.003631050144463814,0.0050821430901481154,0.004292215244042129,6329,Frontal_Sup_L,Calcarine_R,0.0,0.0,0.0,0.74
2128,20,39,21,40,-0.0048947316942278656,0.005078886446982066,0.0027692357698634196,6330,Olfactory_L,ParaHippocampal_R,0.0,0.0,0.0,0.9
2700,26,62,27,63,0.0006154521448078551,0.00507817452881406,0.003630888112113355,6331,Rectus_L,SupraMarginal_L,0.0,0.0,0.0,0.56
5247,62,71,63,72,0.001127715588596047,0.00507610900263458,0.003471915865292537,6332,SupraMarginal_L,Caudate_R,0.0,0.0,0.0,0.54
3974,42,48,43,49,0.003650541775184906,0.005072501639341,0.0022993679632774483,6333,Calcarine_L,Occipital_Sup_L,0.0,0.0,0.0,0.72
777,6,109,7,110,-0.003046803398868482,0.005071654237770391,0.004053841066205009,6334,Frontal_Mid_L,Vermis_3,0.0,0.0,0.0,0.7
3276,33,43,34,44,0.0036807565323031194,0.005067407263276872,0.0020394048804326997,6335,Cingulum_Mid_R,Calcarine_R,0.0,0.0,0.0,0.68
3840,40,61,41,62,-0.0033407092162395916,0.0050661370190382225,0.003146968923709504,6336,Amygdala_L,Parietal_Inf_R,0.0,0.0,0.0,0.74
6036,79,112,80,113,-0.003132002711015416,0.0050625417193213736,0.0022237910941518965,6337,Heschl_R,Vermis_7,0.0,0.0,0.0,0.7
2245,21,62,22,63,-0.004367030390335778,0.0050592498904416285,0.004386873771208203,6338,Olfactory_R,SupraMarginal_L,0.0,0.0,0.0,0.86
775,6,107,7,108,0.0006256905620999093,0.005058397685296364,0.0038588651954779936,6339,Frontal_Mid_L,Cerebelum_10_R,0.0,0.0,0.0,0.5
4112,43,114,44,115,-0.004209795899208479,0.005054729409315942,0.004251030826310599,6340,Calcarine_R,Vermis_9,0.0,0.0,0.0,0.82
2153,20,64,21,65,-0.004803910617935341,0.0050507623049923355,0.0032488800893188635,6341,Olfactory_L,Angular_L,0.0,0.0,0.0,0.96
580,5,21,6,22,0.0022853600955528115,0.005049269362076192,0.0023205746123030235,6342,Frontal_Sup_Orb_R,Olfactory_R,0.0,0.0,0.0,0.6
5587,68,114,69,115,-0.00236834308167385,0.005042393162835026,0.003911324422684391,6343,Paracentral_Lobule_L,Vermis_9,0.0,0.0,0.0,0.72
2206,21,23,22,24,-0.004906214781738962,0.005037395955287832,0.0029457870756324127,6344,Olfactory_R,Frontal_Sup_Medial_R,0.0,0.0,0.0,0.94
1146,10,52,11,53,-0.002645337003775393,0.005026810884683458,0.004346925128282438,6345,Frontal_Inf_Oper_L,Occipital_Inf_L,0.0,0.0,0.0,0.78
1856,17,55,18,56,-0.0018662548788321953,0.005023164967322133,0.0022646420682056086,6346,Rolandic_Oper_R,Fusiform_R,0.0,0.0,0.0,0.76
227,1,114,2,115,0.0002920244021086364,0.0050222233015413285,0.0029221030289223703,6347,Precentral_R,Vermis_9,0.0,0.0,0.0,0.56
4654,52,53,53,54,-0.001038982718384178,0.005018867281933873,0.0018634035547932775,6348,Occipital_Inf_L,Occipital_Inf_R,0.0,0.0,0.0,0.52
763,6,95,7,96,-2.631191903698594e-05,0.005013200272580076,0.004140930939974454,6349,Frontal_Mid_L,Cerebelum_3_R,0.0,0.0,0.0,0.52
4835,54,111,55,112,-0.00109202098617579,0.0050131744428564854,0.0035760581118841617,6350,Fusiform_L,Vermis_6,0.0,0.0,0.0,0.74
2257,21,74,22,75,-0.001077429642498893,0.005007984285791984,0.002885302266921989,6351,Olfactory_R,Pallidum_L,0.0,0.0,0.0,0.76
2115,20,26,21,27,-0.003984551543839684,0.004997538227219679,0.0024854064130794854,6352,Olfactory_L,Rectus_L,0.0,0.0,0.0,0.72
4073,43,75,44,76,-0.0035111384655287185,0.0049972951011923415,0.0024325619105449417,6353,Calcarine_R,Pallidum_R,0.0,0.0,0.0,0.74
2208,21,25,22,26,-0.004201156369225425,0.004993669517284784,0.00261771934970176,6354,Olfactory_R,Frontal_Med_Orb_R,0.0,0.0,0.0,0.84
4217,45,78,46,79,-0.0038028422744065676,0.004986378167635603,0.003548591197097207,6355,Cuneus_R,Heschl_L,0.0,0.0,0.0,0.82
1863,17,62,18,63,-0.0013274596660599908,0.004977123105433051,0.0032302199672127026,6356,Rolandic_Oper_R,SupraMarginal_L,0.0,0.0,0.0,0.52
684,6,16,7,17,0.0011470623823188087,0.0049769685564206734,0.004094109649425977,6357,Frontal_Mid_L,Rolandic_Oper_L,0.0,0.0,0.0,0.64
2135,20,46,21,47,-0.004795144034998559,0.004973568315651541,0.0038912409913722367,6358,Olfactory_L,Lingual_L,0.0,0.0,0.0,0.96
4054,43,56,44,57,-0.0017201834479787402,0.004971700879866813,0.003412505701745911,6359,Calcarine_R,Postcentral_L,0.0,0.0,0.0,0.74
3520,36,47,37,48,-0.00015911730153109245,0.0049619128716328845,0.002228982444240739,6360,Hippocampus_L,Lingual_R,0.0,0.0,0.0,0.58
716,6,48,7,49,0.0029923089421934,0.004956606787579219,0.0041900398411497414,6361,Frontal_Mid_L,Occipital_Sup_L,0.0,0.0,0.0,0.7
2328,22,52,23,53,-0.0007643381657432173,0.004946579967511905,0.003239684530578238,6362,Frontal_Sup_Medial_L,Occipital_Inf_L,0.0,0.0,0.0,0.6
5264,62,88,63,89,-0.0003149094428003481,0.004937486277814136,0.003266189620816177,6363,SupraMarginal_L,Temporal_Inf_L,0.0,0.0,0.0,0.54
1646,15,42,16,43,-0.0003824951112365806,0.004936489413687121,0.0028925977814708665,6364,Frontal_Inf_Orb_R,Calcarine_L,0.0,0.0,0.0,0.56
2169,20,80,21,81,-0.00490797399768353,0.004935923910715028,0.0029927643432940236,6365,Olfactory_L,Temporal_Sup_L,0.0,0.0,0.0,0.92
4250,45,111,46,112,-0.0015444172614838866,0.004933710924214898,0.003481640970996575,6366,Cuneus_R,Vermis_6,0.0,0.0,0.0,0.76
1144,10,50,11,51,-0.0020795076135596566,0.004929833502020103,0.004174431129060479,6367,Frontal_Inf_Oper_L,Occipital_Mid_L,0.0,0.0,0.0,0.74
4023,42,97,43,98,-0.003305134062681811,0.0049293907985598785,0.0029564353799160885,6368,Calcarine_L,Cerebelum_4_5_R,0.0,0.0,0.0,0.86
3295,33,62,34,63,0.00031694598053265367,0.00492669168447142,0.003740240392548489,6369,Cingulum_Mid_R,SupraMarginal_L,0.0,0.0,0.0,0.56
782,6,114,7,115,-0.003519543976001494,0.004918776642249511,0.0037151722431872473,6370,Frontal_Mid_L,Vermis_9,0.0,0.0,0.0,0.76
720,6,52,7,53,0.0016663807079948096,0.004912364749236502,0.0038923739086159205,6371,Frontal_Mid_L,Occipital_Inf_L,0.0,0.0,0.0,0.72
4775,53,112,54,113,-0.00093840272579796,0.0049121525291991736,0.0030062598033071303,6372,Occipital_Inf_R,Vermis_7,0.0,0.0,0.0,0.7
4668,52,67,53,68,0.003878453946501667,0.004910409665309093,0.00248916061913352,6373,Occipital_Inf_L,Precuneus_R,0.0,0.0,0.0,0.76
5583,68,110,69,111,-0.004468241606756998,0.004904871691512652,0.0033240172242788284,6374,Paracentral_Lobule_L,Vermis_4_5,0.0,0.0,0.0,0.9
339,2,113,3,114,-0.0038942482813561106,0.004903158524198348,0.0034165148968608276,6375,Frontal_Sup_L,Vermis_8,0.0,0.0,0.0,0.78
3522,36,49,37,50,-0.0022534199753646202,0.004902655936922707,0.0033805309184152714,6376,Hippocampus_L,Occipital_Sup_R,0.0,0.0,0.0,0.78
797,7,21,8,22,-0.004700478719495775,0.0049023774813135605,0.0031761363280110467,6377,Frontal_Mid_R,Olfactory_R,0.0,0.0,0.0,0.92
451,3,113,4,114,-0.0007159269215562308,0.004902105314753255,0.004167766030301293,6378,Frontal_Sup_R,Vermis_8,0.0,0.0,0.0,0.58
3689,38,61,39,62,0.0002461806859414753,0.004897648898782982,0.0036399883718320936,6379,ParaHippocampal_L,Parietal_Inf_R,0.0,0.0,0.0,0.58
4838,54,114,55,115,0.004205206352224448,0.004896048364724815,0.0017539493786509308,6380,Fusiform_L,Vermis_9,0.0,0.0,0.0,0.72
4354,47,78,48,79,-0.004087087474315425,0.004890616415462035,0.002914912186783084,6381,Lingual_R,Heschl_L,0.0,0.0,0.0,0.74
4475,49,66,50,67,-0.002062717374586551,0.004879041308304564,0.002247932731394918,6382,Occipital_Sup_R,Precuneus_L,0.0,0.0,0.0,0.72
1823,17,22,18,23,0.002904372802389512,0.004868058179713879,0.002930994707530047,6383,Rolandic_Oper_R,Frontal_Sup_Medial_L,0.0,0.0,0.0,0.68
1852,17,51,18,52,0.0038786613627955803,0.004863020109511976,0.0023356210400700787,6384,Rolandic_Oper_R,Occipital_Mid_R,0.0,0.0,0.0,0.76
602,5,43,6,44,-0.000683442845680514,0.004852513114114832,0.0033230113940643396,6385,Frontal_Sup_Orb_R,Calcarine_R,0.0,0.0,0.0,0.56
1115,10,21,11,22,-0.00452244155475067,0.004845077958096918,0.0035098604959259505,6386,Frontal_Inf_Oper_L,Olfactory_R,0.0,0.0,0.0,0.88
4059,43,61,44,62,-0.0031339672295522224,0.004844832524331259,0.003037234831257933,6387,Calcarine_R,Parietal_Inf_R,0.0,0.0,0.0,0.6
4471,49,62,50,63,0.0015928526231388288,0.0048437657951665505,0.0032892606040581373,6388,Occipital_Sup_R,SupraMarginal_L,0.0,0.0,0.0,0.58
601,5,42,6,43,0.0011160748399598485,0.004836535410833764,0.0027885191315508697,6389,Frontal_Sup_Orb_R,Calcarine_L,0.0,0.0,0.0,0.58
2295,21,112,22,113,-0.0006125167685444243,0.004835373088984904,0.002690031789041045,6390,Olfactory_R,Vermis_7,0.0,0.0,0.0,0.7
4655,52,54,53,55,0.002308451181845956,0.004830290631154906,0.0020678738617127285,6391,Occipital_Inf_L,Fusiform_L,0.0,0.0,0.0,0.56
1720,16,17,17,18,0.00237161055864835,0.004815119095208484,0.002434490570608011,6392,Rolandic_Oper_L,Rolandic_Oper_R,0.0,0.0,0.0,0.82
4064,43,66,44,67,0.0003061139798984896,0.004809912437385436,0.0022648053880177034,6393,Calcarine_R,Precuneus_L,0.0,0.0,0.0,0.58
4833,54,109,55,110,-0.004767219949481868,0.0048037660237679955,0.002770958814015117,6394,Fusiform_L,Vermis_3,0.0,0.0,0.0,0.96
1547,14,43,15,44,0.002531125392547771,0.004791824599760618,0.002671556137405522,6395,Frontal_Inf_Orb_L,Calcarine_R,0.0,0.0,0.0,0.66
1750,16,47,17,48,0.002977337371844582,0.004789914781920966,0.002286897789572157,6396,Rolandic_Oper_L,Lingual_R,0.0,0.0,0.0,0.58
2284,21,101,22,102,0.0038025274830190674,0.004789842762111905,0.001969740887104909,6397,Olfactory_R,Cerebelum_7b_R,0.0,0.0,0.0,0.68
3341,33,108,34,109,-0.0025173269372944732,0.004785364020447003,0.002037872944472805,6398,Cingulum_Mid_R,Vermis_1_2,0.0,0.0,0.0,0.58
724,6,56,7,57,0.0019398205632999482,0.004784174400919801,0.0040665599032804495,6399,Frontal_Mid_L,Postcentral_L,0.0,0.0,0.0,0.64
1565,14,61,15,62,0.0017099266612370418,0.00478412137714067,0.0030805739011654535,6400,Frontal_Inf_Orb_L,Parietal_Inf_R,0.0,0.0,0.0,0.6
2260,21,77,22,78,-0.003991357593149019,0.004782999632273741,0.003238107727633115,6401,Olfactory_R,Thalamus_R,0.0,0.0,0.0,0.86
4316,46,108,47,109,-0.004215645412303286,0.00477108522706733,0.0030795487592058263,6402,Lingual_L,Vermis_1_2,0.0,0.0,0.0,0.9
4020,42,94,43,95,0.0035448056105070198,0.004760932588081723,0.0028922037692740753,6403,Calcarine_L,Cerebelum_3_L,0.0,0.0,0.0,0.78
108,0,109,1,110,-0.0039603018979233184,0.004758226645012676,0.0030179564000276235,6404,Precentral_L,Vermis_3,0.0,0.0,0.0,0.88
2166,20,77,21,78,-0.004698123150497819,0.00475637981734671,0.0032906697597677465,6405,Olfactory_L,Thalamus_R,0.0,0.0,0.0,0.92
2333,22,57,23,58,-0.0020528516408934838,0.004750927348464698,0.003103971587828684,6406,Frontal_Sup_Medial_L,Postcentral_R,0.0,0.0,0.0,0.74
4657,52,56,53,57,0.0026325072622693387,0.0047395718239182875,0.001923074668378091,6407,Occipital_Inf_L,Postcentral_L,0.0,0.0,0.0,0.56
4269,46,61,47,62,-0.0024817607130522613,0.0047380659096811295,0.0028891548732587796,6408,Lingual_L,Parietal_Inf_R,0.0,0.0,0.0,0.58
3824,40,45,41,46,-0.0015084381963192466,0.004737863044874148,0.003254471910398373,6409,Amygdala_L,Cuneus_R,0.0,0.0,0.0,0.78
3515,36,42,37,43,-0.0010850245570590696,0.004730648526660643,0.002232626928426542,6410,Hippocampus_L,Calcarine_L,0.0,0.0,0.0,0.56
447,3,109,4,110,0.0024124609747388924,0.004712064853052696,0.0036588728232874734,6411,Frontal_Sup_R,Vermis_3,0.0,0.0,0.0,0.62
705,6,37,7,38,0.002092312933885587,0.004711372987170256,0.0030038329131756333,6412,Frontal_Mid_L,Hippocampus_R,0.0,0.0,0.0,0.64
2152,20,63,21,64,-0.003800568433030424,0.004707369064445001,0.0025700036903621108,6413,Olfactory_L,SupraMarginal_R,0.0,0.0,0.0,0.86
4712,52,111,53,112,-0.00270608527340512,0.004705717849089494,0.002371741793407902,6414,Occipital_Inf_L,Vermis_6,0.0,0.0,0.0,0.88
2286,21,103,22,104,-0.003397991977960226,0.0047003281228183945,0.0035404497834580118,6415,Olfactory_R,Cerebelum_8_R,0.0,0.0,0.0,0.88
2148,20,59,21,60,-0.00435142778557144,0.004699930634721008,0.0033067523185052183,6416,Olfactory_L,Parietal_Sup_R,0.0,0.0,0.0,0.92
4897,55,113,56,114,0.003624688870687962,0.004688400765646861,0.0025151750624867863,6417,Fusiform_R,Vermis_8,0.0,0.0,0.0,0.78
163,1,50,2,51,-0.0018771394765081115,0.0046879037626368705,0.0026423060694619567,6418,Precentral_R,Occipital_Mid_L,0.0,0.0,0.0,0.5
3446,35,52,36,53,0.001690393863345214,0.004686991833138445,0.0025936809810897556,6419,Cingulum_Post_R,Occipital_Inf_L,0.0,0.0,0.0,0.52
2130,20,41,21,42,-0.003286578161873041,0.004686749117435293,0.0029937474626722652,6420,Olfactory_L,Amygdala_R,0.0,0.0,0.0,0.78
2253,21,70,22,71,0.0035124877714527076,0.0046779602703099195,0.002068435188147572,6421,Olfactory_R,Caudate_L,0.0,0.0,0.0,0.66
2386,22,110,23,111,0.0035136332155007604,0.004675427503220811,0.002607501271482981,6422,Frontal_Sup_Medial_L,Vermis_4_5,0.0,0.0,0.0,0.72
2768,27,42,28,43,-0.004034890991986389,0.004675150105170736,0.003144063601350769,6423,Rectus_R,Calcarine_L,0.0,0.0,0.0,0.82
60,0,61,1,62,0.0010980226765130875,0.004673285634262046,0.003542519174835923,6424,Precentral_L,Parietal_Inf_R,0.0,0.0,0.0,0.62
1321,12,20,13,21,-0.004259188771537031,0.004669093796631202,0.0029670298864012453,6425,Frontal_Inf_Tri_L,Olfactory_L,0.0,0.0,0.0,0.86
381,3,43,4,44,0.0005857779189961185,0.00466582066544735,0.0035198853771908163,6426,Frontal_Sup_R,Calcarine_R,0.0,0.0,0.0,0.54
718,6,50,7,51,0.002042864876877549,0.0046641302599439525,0.004029771252383818,6427,Frontal_Mid_L,Occipital_Mid_L,0.0,0.0,0.0,0.72
3586,36,113,37,114,-0.0017754043180533098,0.004654297590661586,0.002456596876022975,6428,Hippocampus_L,Vermis_8,0.0,0.0,0.0,0.56
3674,38,46,39,47,0.003052786794606516,0.004649177195563726,0.0018153964951320555,6429,ParaHippocampal_L,Lingual_L,0.0,0.0,0.0,0.54
4592,51,54,52,55,-0.0019237564999068349,0.0046415364294322544,0.0024539113221541424,6430,Occipital_Mid_R,Fusiform_L,0.0,0.0,0.0,0.66
5998,78,110,79,111,-0.0027176176917807033,0.004636476364676315,0.0016897835816057315,6431,Heschl_L,Vermis_4_5,0.0,0.0,0.0,0.56
4599,51,61,52,62,-0.0021046761906348952,0.004635795040770305,0.0036207871665888485,6432,Occipital_Mid_R,Parietal_Inf_R,0.0,0.0,0.0,0.58
5540,67,114,68,115,4.3172135899835215e-05,0.004633813007832114,0.003287947095883461,6433,Precuneus_R,Vermis_9,0.0,0.0,0.0,0.6
4662,52,61,53,62,0.0022063533703317387,0.004632614911482885,0.0035432347726163053,6434,Occipital_Inf_L,Parietal_Inf_R,0.0,0.0,0.0,0.64
2694,26,56,27,57,0.001541452409273223,0.004607301752434671,0.0032508150972700685,6435,Rectus_L,Postcentral_L,0.0,0.0,0.0,0.68
4464,49,55,50,56,0.0020882934258849486,0.004603149480752707,0.0018310451378303826,6436,Occipital_Sup_R,Fusiform_R,0.0,0.0,0.0,0.6
323,2,97,3,98,0.001449481396981466,0.004603066212122955,0.003548809876806958,6437,Frontal_Sup_L,Cerebelum_4_5_R,0.0,0.0,0.0,0.56
275,2,49,3,50,-0.0023231228762813473,0.004599234790019686,0.003938270909428163,6438,Frontal_Sup_L,Occipital_Sup_R,0.0,0.0,0.0,0.68
3981,42,55,43,56,-0.00322271284736247,0.004595507803435685,0.0019588953859803917,6439,Calcarine_L,Fusiform_R,0.0,0.0,0.0,0.8
5492,66,114,67,115,-0.0021767942098254093,0.004586681773869762,0.0029064457571984733,6440,Precuneus_L,Vermis_9,0.0,0.0,0.0,0.62
2149,20,60,21,61,-0.0033394928162521955,0.00458514958997228,0.002773280045675977,6441,Olfactory_L,Parietal_Inf_L,0.0,0.0,0.0,0.88
3971,42,45,43,46,0.0006248198152651413,0.004582032612403923,0.0017824776146514471,6442,Calcarine_L,Cuneus_R,0.0,0.0,0.0,0.64
2125,20,36,21,37,-0.004321598182202754,0.004576746705174524,0.002314289003941112,6443,Olfactory_L,Hippocampus_L,0.0,0.0,0.0,0.86
4710,52,109,53,110,-0.004274350845193677,0.004575323137682102,0.002783264403463296,6444,Occipital_Inf_L,Vermis_3,0.0,0.0,0.0,0.92
4451,48,108,49,109,-0.0028229836212886896,0.004574290427324055,0.0028573317048570983,6445,Occipital_Sup_L,Vermis_1_2,0.0,0.0,0.0,0.9
133,1,20,2,21,-0.004166819439453909,0.0045691190403091865,0.003180438813239267,6446,Precentral_R,Olfactory_L,0.0,0.0,0.0,0.92
6665,112,114,113,115,-0.001476298769249908,0.004569007174111054,0.0016705770460155502,6447,Vermis_7,Vermis_9,0.0,0.0,0.0,0.66
4604,51,66,52,67,-0.0020645934815373044,0.004567317991141326,0.003102846805014739,6448,Occipital_Mid_R,Precuneus_L,0.0,0.0,0.0,0.74
4048,43,50,44,51,0.002990272671510204,0.004564253733162089,0.0020669848833027534,6449,Calcarine_R,Occipital_Mid_L,0.0,0.0,0.0,0.74
3661,37,110,38,111,-0.000316392023246022,0.004561906356094997,0.0023135047290820153,6450,Hippocampus_R,Vermis_4_5,0.0,0.0,0.0,0.58
253,2,27,3,28,-0.0010811368430393542,0.004553473440937058,0.0035217615040976577,6451,Frontal_Sup_L,Rectus_R,0.0,0.0,0.0,0.56
4404,48,61,49,62,0.00147861236005696,0.004550671389937709,0.0030743701037772406,6452,Occipital_Sup_L,Parietal_Inf_R,0.0,0.0,0.0,0.66
4522,49,113,50,114,0.0032157282589997806,0.00455053200339936,0.003169020533698704,6453,Occipital_Sup_R,Vermis_8,0.0,0.0,0.0,0.78
2156,20,67,21,68,0.0038693813321430365,0.004550230570127589,0.0021342517185641285,6454,Olfactory_L,Precuneus_R,0.0,0.0,0.0,0.68
2244,21,61,22,62,-0.0035689553328494814,0.00454924532115698,0.0037763195783822416,6455,Olfactory_R,Parietal_Inf_R,0.0,0.0,0.0,0.8
1853,17,52,18,53,0.003265201156242568,0.004548761909240174,0.0025115377974604617,6456,Rolandic_Oper_R,Occipital_Inf_L,0.0,0.0,0.0,0.74
689,6,21,7,22,-0.004056803991020292,0.004542393633501904,0.003922697699499776,6457,Frontal_Mid_L,Olfactory_R,0.0,0.0,0.0,0.88
4594,51,56,52,57,0.0017822887875180548,0.0045400149124824075,0.002422315138468638,6458,Occipital_Mid_R,Postcentral_L,0.0,0.0,0.0,0.62
3973,42,47,43,48,-0.003674573674380851,0.004538685270480265,0.002095288944587131,6459,Calcarine_L,Lingual_R,0.0,0.0,0.0,0.7
3524,36,51,37,52,-0.0021452381689213633,0.004527380303352279,0.003088710066581948,6460,Hippocampus_L,Occipital_Mid_R,0.0,0.0,0.0,0.74
579,5,20,6,21,0.0010336797860398088,0.0045184107493614,0.0023488732149484215,6461,Frontal_Sup_Orb_R,Olfactory_L,0.0,0.0,0.0,0.66
4552,50,78,51,79,0.003914240294434946,0.004517120112541393,0.0030049981816225877,6462,Occipital_Mid_L,Heschl_L,0.0,0.0,0.0,0.82
3603,37,52,38,53,-0.0006639716264498892,0.004503227856116052,0.0018677381301714275,6463,Hippocampus_R,Occipital_Inf_L,0.0,0.0,0.0,0.6
4670,52,69,53,70,-0.0032418059815671535,0.004497572687734051,0.0027784822870075476,6464,Occipital_Inf_L,Paracentral_Lobule_R,0.0,0.0,0.0,0.78
3827,40,48,41,49,-0.0030994844410860423,0.004495491992957344,0.0032053334547158417,6465,Amygdala_L,Occipital_Sup_L,0.0,0.0,0.0,0.84
1,0,2,1,3,-0.0021198648587042444,0.004491126861766664,0.0032325831083428328,6466,Precentral_L,Frontal_Sup_L,0.0,0.0,0.0,0.68
221,1,108,2,109,-0.00017659883948066815,0.0044624196296621415,0.002796971283211421,6467,Precentral_R,Vermis_1_2,0.0,0.0,0.0,0.74
4846,55,62,56,63,-0.0019107446062420427,0.004460134403923705,0.0032500680249655176,6468,Fusiform_R,SupraMarginal_L,0.0,0.0,0.0,0.62
2281,21,98,22,99,0.003006233684439395,0.004457354390776058,0.002035067364275284,6469,Olfactory_R,Cerebelum_6_L,0.0,0.0,0.0,0.5
1204,10,110,11,111,-0.0023756907883985532,0.004446523869165055,0.002711043317286447,6470,Frontal_Inf_Oper_L,Vermis_4_5,0.0,0.0,0.0,0.64
5244,62,68,63,69,0.00012383850333242988,0.004437064551646234,0.0033459092392764357,6471,SupraMarginal_L,Paracentral_Lobule_L,0.0,0.0,0.0,0.58
4470,49,61,50,62,0.0025593904698195703,0.004435400593225186,0.0026575885594353928,6472,Occipital_Sup_R,Parietal_Inf_R,0.0,0.0,0.0,0.7
2136,20,47,21,48,-0.004404657406829146,0.004434553065489956,0.0029291190700648792,6473,Olfactory_L,Lingual_R,0.0,0.0,0.0,0.94
446,3,108,4,109,0.0030167175272374763,0.004425912914909378,0.0026992214393662456,6474,Frontal_Sup_R,Vermis_1_2,0.0,0.0,0.0,0.68
4049,43,51,44,52,0.003001937405192665,0.004413484540255551,0.0014502713141595687,6475,Calcarine_R,Occipital_Mid_R,0.0,0.0,0.0,0.76
5015,57,114,58,115,-0.00011571080415506307,0.0044114957679857875,0.001963375873205295,6476,Postcentral_R,Vermis_9,0.0,0.0,0.0,0.54
3987,42,61,43,62,-0.0025611355605820317,0.004404420443997944,0.0030655599304489937,6477,Calcarine_L,Parietal_Inf_R,0.0,0.0,0.0,0.66
4845,55,61,56,62,0.0026957253015550625,0.004402647712827694,0.0036235337959914585,6478,Fusiform_R,Parietal_Inf_R,0.0,0.0,0.0,0.78
722,6,54,7,55,-0.00151054145848094,0.004396368267124448,0.0030912922373969834,6479,Frontal_Mid_L,Fusiform_L,0.0,0.0,0.0,0.56
4525,50,51,51,52,0.0013030615079269328,0.004393670388181182,0.0018633656834710177,6480,Occipital_Mid_L,Occipital_Mid_R,0.0,0.0,0.0,0.58
1149,10,55,11,56,-0.0010337554112279752,0.004393385451330148,0.0028823476530678814,6481,Frontal_Inf_Oper_L,Fusiform_R,0.0,0.0,0.0,0.62
2119,20,30,21,31,-0.0040896824137703,0.00437750946425725,0.002272915496292736,6482,Olfactory_L,Cingulum_Ant_L,0.0,0.0,0.0,0.86
2277,21,94,22,95,0.001069805463990321,0.004374604565348654,0.002700553417805623,6483,Olfactory_R,Cerebelum_3_L,0.0,0.0,0.0,0.66
1135,10,41,11,42,-0.0012850126202139536,0.004360705423620182,0.003005643700476759,6484,Frontal_Inf_Oper_L,Amygdala_R,0.0,0.0,0.0,0.58
5191,61,68,62,69,-0.0009993859569109747,0.004356369813001453,0.004122845631817831,6485,Parietal_Inf_R,Paracentral_Lobule_L,0.0,0.0,0.0,0.58
266,2,40,3,41,-0.001891167701881472,0.0043538604817351355,0.0029737268489159977,6486,Frontal_Sup_L,Amygdala_L,0.0,0.0,0.0,0.62
2127,20,38,21,39,-0.0036502941399158763,0.004342097625389038,0.002563144743351018,6487,Olfactory_L,ParaHippocampal_L,0.0,0.0,0.0,0.88
5487,66,109,67,110,0.002170773547413302,0.004337485003211333,0.002131410018189435,6488,Precuneus_L,Vermis_3,0.0,0.0,0.0,0.6
268,2,42,3,43,-0.0019580354310185315,0.004332787458577545,0.0031858126369250284,6489,Frontal_Sup_L,Calcarine_L,0.0,0.0,0.0,0.72
3906,41,53,42,54,-0.0019137774850697406,0.004312931899911129,0.0026882565418418942,6490,Amygdala_R,Occipital_Inf_R,0.0,0.0,0.0,0.86
4898,55,114,56,115,0.0023601951979021958,0.004312463142649042,0.0024803554472859484,6491,Fusiform_R,Vermis_9,0.0,0.0,0.0,0.7
4588,50,114,51,115,-0.001462784447538026,0.0043059149905482486,0.002617598564337197,6492,Occipital_Mid_L,Vermis_9,0.0,0.0,0.0,0.76
4952,56,109,57,110,-0.0014510248196654132,0.004300763286678724,0.0027141131260905293,6493,Postcentral_L,Vermis_3,0.0,0.0,0.0,0.74
2276,21,93,22,94,-0.0021465363127204156,0.004300152257516916,0.003137594457664492,6494,Olfactory_R,Cerebelum_Crus2_R,0.0,0.0,0.0,0.8
2390,22,114,23,115,0.0016805758357273117,0.004299233412355156,0.0018653524704672153,6495,Frontal_Sup_Medial_L,Vermis_9,0.0,0.0,0.0,0.5
340,2,114,3,115,0.0022351099998605666,0.004296376052483949,0.0025489105659415815,6496,Frontal_Sup_L,Vermis_9,0.0,0.0,0.0,0.66
3988,42,62,43,63,0.001689961431983735,0.004293269136641588,0.0028793884438694274,6497,Calcarine_L,SupraMarginal_L,0.0,0.0,0.0,0.64
3366,34,52,35,53,-0.0038245864982268045,0.00429310932637208,0.0018587887783726286,6498,Cingulum_Post_L,Occipital_Inf_L,0.0,0.0,0.0,0.76
4012,42,86,43,87,-0.0010086535638750404,0.004292446495751998,0.0032528422234165445,6499,Calcarine_L,Temporal_Pole_Mid_L,0.0,0.0,0.0,0.7
717,6,49,7,50,0.0008033832315930112,0.004291949816323403,0.0022401429072864245,6500,Frontal_Mid_L,Occipital_Sup_R,0.0,0.0,0.0,0.54
4679,52,78,53,79,0.0024574205335044326,0.004289306121187823,0.0021503734604330794,6501,Occipital_Inf_L,Heschl_L,0.0,0.0,0.0,0.72
5233,61,110,62,111,-0.0026047463502876823,0.004288012389140835,0.0035292349949638084,6502,Parietal_Inf_R,Vermis_4_5,0.0,0.0,0.0,0.74
2188,20,99,21,100,-0.003069045914533569,0.004287907252663021,0.0037531417609228566,6503,Olfactory_L,Cerebelum_6_R,0.0,0.0,0.0,0.82
4457,48,114,49,115,0.0032754305303719167,0.004280610317486274,0.0021514084429717726,6504,Occipital_Sup_L,Vermis_9,0.0,0.0,0.0,0.68
3361,34,47,35,48,0.0016758633965820138,0.004278470815887805,0.002234152042045424,6505,Cingulum_Post_L,Lingual_R,0.0,0.0,0.0,0.64
2122,20,33,21,34,-0.003833527806555487,0.004274364818331696,0.002617712148248248,6506,Olfactory_L,Cingulum_Mid_R,0.0,0.0,0.0,0.88
5284,62,108,63,109,-0.0022213130325114657,0.004273916569779483,0.0036916114118546077,6507,SupraMarginal_L,Vermis_1_2,0.0,0.0,0.0,0.7
277,2,51,3,52,-0.002854176673637303,0.00426798504125128,0.003987639678876057,6508,Frontal_Sup_L,Occipital_Mid_R,0.0,0.0,0.0,0.74
4270,46,62,47,63,0.0016035659331144509,0.004251471040521187,0.0030940058581640562,6509,Lingual_L,SupraMarginal_L,0.0,0.0,0.0,0.62
6032,79,108,80,109,-0.002230625513374716,0.004242574119261276,0.0019436687467348154,6510,Heschl_R,Vermis_1_2,0.0,0.0,0.0,0.68
1202,10,108,11,109,-0.0008797776314613937,0.0042390807989173334,0.0031304830774560124,6511,Frontal_Inf_Oper_L,Vermis_1_2,0.0,0.0,0.0,0.66
4092,43,94,44,95,0.0002673010599270195,0.004235757605445212,0.0019807210504739032,6512,Calcarine_R,Cerebelum_3_L,0.0,0.0,0.0,0.52
3682,38,54,39,55,-0.002583435584056389,0.004230089762837955,0.003225581289923197,6513,ParaHippocampal_L,Fusiform_L,0.0,0.0,0.0,0.78
4648,51,110,52,111,-0.0038363933486296967,0.004216122457785427,0.0026724000821227115,6514,Occipital_Mid_R,Vermis_4_5,0.0,0.0,0.0,0.92
4331,47,55,48,56,-0.003790185470332947,0.004214458706225187,0.002035600916119794,6515,Lingual_R,Fusiform_R,0.0,0.0,0.0,0.86
1813,16,110,17,111,-0.0034285172980157703,0.004208828229204108,0.0019808435684000904,6516,Rolandic_Oper_L,Vermis_4_5,0.0,0.0,0.0,0.7
4110,43,112,44,113,-0.003449533955792146,0.004187934772488035,0.0025076141411851617,6517,Calcarine_R,Vermis_7,0.0,0.0,0.0,0.8
4523,49,114,50,115,0.0010689898339373925,0.0041752748377766906,0.0021286026647236696,6518,Occipital_Sup_R,Vermis_9,0.0,0.0,0.0,0.54
3823,40,44,41,45,0.00020405337749675195,0.004161151105137013,0.002603563233483942,6519,Amygdala_L,Cuneus_L,0.0,0.0,0.0,0.58
2150,20,61,21,62,-0.003105092161538149,0.004158171612056108,0.002928234575303181,6520,Olfactory_L,Parietal_Inf_R,0.0,0.0,0.0,0.8
2283,21,100,22,101,0.0010879073796292256,0.004148463112024208,0.0017612584681813196,6521,Olfactory_R,Cerebelum_7b_L,0.0,0.0,0.0,0.64
469,4,20,5,21,-0.0005426094931738458,0.0041477795108374816,0.0020194757250620483,6522,Frontal_Sup_Orb_L,Olfactory_L,0.0,0.0,0.0,0.56
2137,20,48,21,49,-0.003229332410604409,0.004147396218292167,0.0028379494621076423,6523,Olfactory_L,Occipital_Sup_L,0.0,0.0,0.0,0.8
2200,20,111,21,112,0.0005783666839895365,0.004134418349866447,0.0018055986118239518,6524,Olfactory_L,Vermis_6,0.0,0.0,0.0,0.56
3965,41,112,42,113,0.0002674595731701194,0.004128922065183011,0.0024485146693856838,6525,Amygdala_R,Vermis_7,0.0,0.0,0.0,0.68
3831,40,52,41,53,-0.0023149840386337073,0.004121612259873666,0.0027678603639687844,6526,Amygdala_L,Occipital_Inf_L,0.0,0.0,0.0,0.82
713,6,45,7,46,0.0003667043723768283,0.004116894903480418,0.002117228565118249,6527,Frontal_Mid_L,Cuneus_R,0.0,0.0,0.0,0.56
4084,43,86,44,87,0.0013541804194267613,0.004108005928327398,0.0024758172844043438,6528,Calcarine_R,Temporal_Pole_Mid_L,0.0,0.0,0.0,0.5
115,1,2,2,3,0.0023051406463392428,0.004106296243559722,0.003265802196518947,6529,Precentral_R,Frontal_Sup_L,0.0,0.0,0.0,0.72
3756,39,52,40,53,-0.00022415753993387262,0.004093002329448791,0.0022869899521133514,6530,ParaHippocampal_R,Occipital_Inf_L,0.0,0.0,0.0,0.64
5535,67,109,68,110,-0.0029782332743138107,0.00408190554984694,0.0024497769471778395,6531,Precuneus_R,Vermis_3,0.0,0.0,0.0,0.78
5290,62,114,63,115,-0.0006750782430309209,0.004080443248852074,0.003307549854379422,6532,SupraMarginal_L,Vermis_9,0.0,0.0,0.0,0.6
4951,56,108,57,109,-0.001083887377985889,0.004070099738763985,0.002123156306345532,6533,Postcentral_L,Vermis_1_2,0.0,0.0,0.0,0.78
2273,21,90,22,91,-0.0008168042566445416,0.004059166335796519,0.0024869964315227576,6534,Olfactory_R,Cerebelum_Crus1_L,0.0,0.0,0.0,0.7
223,1,110,2,111,0.0017918450142589116,0.004054741153327949,0.0027574732973289886,6535,Precentral_R,Vermis_4_5,0.0,0.0,0.0,0.64
2165,20,76,21,77,-0.0030897937942321106,0.004047876932236916,0.0019165385312505485,6536,Olfactory_L,Thalamus_L,0.0,0.0,0.0,0.84
2168,20,79,21,80,-0.0034325839246623076,0.004039382321966036,0.001616037011597737,6537,Olfactory_L,Heschl_R,0.0,0.0,0.0,0.8
3521,36,48,37,49,4.766195840161561e-05,0.004037523988888094,0.0020613038125005135,6538,Hippocampus_L,Occipital_Sup_L,0.0,0.0,0.0,0.52
2116,20,27,21,28,-0.0019130818096850023,0.004027702673278747,0.00165491811916139,6539,Olfactory_L,Rectus_R,0.0,0.0,0.0,0.74
4650,51,112,52,113,0.0030191362098146587,0.004016305264398525,0.0018523255674687713,6540,Occipital_Mid_R,Vermis_7,0.0,0.0,0.0,0.6
4256,46,48,47,49,0.0019485326374995924,0.004010329746340656,0.0025104541045417993,6541,Lingual_L,Occipital_Sup_L,0.0,0.0,0.0,0.68
4785,54,61,55,62,0.0009538422388508397,0.0039931025153678475,0.0031787238202477773,6542,Fusiform_L,Parietal_Inf_R,0.0,0.0,0.0,0.64
2220,21,37,22,38,-0.0004006386811976658,0.00397482351300821,0.0024559713536762423,6543,Olfactory_R,Hippocampus_R,0.0,0.0,0.0,0.72
2126,20,37,21,38,0.0033032168859073716,0.0039636635486747125,0.0016840056441329901,6544,Olfactory_L,Hippocampus_R,0.0,0.0,0.0,0.74
4390,47,114,48,115,-0.0023029720174131607,0.003951978617832024,0.0022075961329349855,6545,Lingual_R,Vermis_9,0.0,0.0,0.0,0.72
3903,41,50,42,51,-0.0031950476947666243,0.003949820893156247,0.0025802188309960337,6546,Amygdala_R,Occipital_Mid_L,0.0,0.0,0.0,0.86
4321,46,113,47,114,0.0028101698309355976,0.003943963268504437,0.0025544640752936097,6547,Lingual_L,Vermis_8,0.0,0.0,0.0,0.8
274,2,48,3,49,-0.002076981313490286,0.003939784363503418,0.003221614652497944,6548,Frontal_Sup_L,Occipital_Sup_L,0.0,0.0,0.0,0.68
710,6,42,7,43,0.0024808347824798334,0.003935124525094972,0.003826776008305977,6549,Frontal_Mid_L,Calcarine_L,0.0,0.0,0.0,0.74
4337,47,61,48,62,-0.0010626533792965742,0.0039335666296280184,0.0027270498452075793,6550,Lingual_R,Parietal_Inf_R,0.0,0.0,0.0,0.5
4147,44,78,45,79,0.0012121135232608551,0.0039010609092670363,0.0023003955582028227,6551,Cuneus_L,Heschl_L,0.0,0.0,0.0,0.54
1844,17,43,18,44,-0.0014378072135815764,0.003898762866275002,0.0018604507377707551,6552,Rolandic_Oper_R,Calcarine_R,0.0,0.0,0.0,0.62
4836,54,112,55,113,-0.0018774538099639295,0.003894608915126562,0.002301413306437454,6553,Fusiform_L,Vermis_7,0.0,0.0,0.0,0.76
776,6,108,7,109,0.0022751522749299012,0.00388397242975422,0.0032118161374433494,6554,Frontal_Mid_L,Vermis_1_2,0.0,0.0,0.0,0.76
4715,52,114,53,115,-0.0021870345875057502,0.0038812683509027173,0.002081536848964853,6555,Occipital_Inf_L,Vermis_9,0.0,0.0,0.0,0.66
4388,47,112,48,113,-0.002737897183570408,0.003878540215738602,0.0029119174554905827,6556,Lingual_R,Vermis_7,0.0,0.0,0.0,0.78
273,2,47,3,48,0.0007499119680833804,0.003876853593272689,0.002406629740448753,6557,Frontal_Sup_L,Lingual_R,0.0,0.0,0.0,0.52
1842,17,41,18,42,-0.0006582542484519082,0.003864044405302102,0.0026369930999477157,6558,Rolandic_Oper_R,Amygdala_R,0.0,0.0,0.0,0.7
359,3,21,4,22,-0.0010295640444575888,0.0038632154245263326,0.0030101502190500356,6559,Frontal_Sup_R,Olfactory_R,0.0,0.0,0.0,0.66
2172,20,83,21,84,-0.0035425123055288932,0.0038472718106437524,0.0025095549588037406,6560,Olfactory_L,Temporal_Pole_Sup_R,0.0,0.0,0.0,0.82
5286,62,110,63,111,-0.002691545515375487,0.0038461060251956786,0.0030987741839509455,6561,SupraMarginal_L,Vermis_4_5,0.0,0.0,0.0,0.72
4001,42,75,43,76,-0.0014259576066745173,0.0038270314089790896,0.001957181507358582,6562,Calcarine_L,Pallidum_R,0.0,0.0,0.0,0.56
2134,20,45,21,46,-0.0024158509873955193,0.0038218508992066253,0.00292362279172715,6563,Olfactory_L,Cuneus_R,0.0,0.0,0.0,0.82
4053,43,55,44,56,0.0006460672757978424,0.0038164061496279438,0.001541815984644587,6564,Calcarine_R,Fusiform_R,0.0,0.0,0.0,0.58
2180,20,91,21,92,0.00040480014658470225,0.00381507616659998,0.0020167664661319275,6565,Olfactory_L,Cerebelum_Crus1_R,0.0,0.0,0.0,0.62
2275,21,92,22,93,-0.0016004306270155893,0.003803108994428769,0.00260325293271289,6566,Olfactory_R,Cerebelum_Crus2_L,0.0,0.0,0.0,0.8
2297,21,114,22,115,-0.0021890857104133053,0.0037980644412718718,0.002411812284540669,6567,Olfactory_R,Vermis_9,0.0,0.0,0.0,0.8
3963,41,110,42,111,-0.00170016941034541,0.0037885187946573133,0.0024082591583298707,6568,Amygdala_R,Vermis_4_5,0.0,0.0,0.0,0.74
3978,42,52,43,53,-0.001232212441565052,0.003783963581260705,0.001986314486150573,6569,Calcarine_L,Occipital_Inf_L,0.0,0.0,0.0,0.76
304,2,78,3,79,0.0003645431793886996,0.003775845031976497,0.0028854811204128894,6570,Frontal_Sup_L,Heschl_L,0.0,0.0,0.0,0.56
4774,53,111,54,112,1.847517572787788e-05,0.0037724708335590586,0.00196461573094322,6571,Occipital_Inf_R,Vermis_6,0.0,0.0,0.0,0.66
5009,57,108,58,109,-0.0014804444484452473,0.0037669396708296886,0.001967393475724085,6572,Postcentral_R,Vermis_1_2,0.0,0.0,0.0,0.74
2282,21,99,22,100,-0.001418453157903968,0.003759687900801636,0.0027414813131139614,6573,Olfactory_R,Cerebelum_6_R,0.0,0.0,0.0,0.82
3915,41,62,42,63,0.0006692753002619227,0.0037538714932053453,0.003114029043356747,6574,Amygdala_R,SupraMarginal_L,0.0,0.0,0.0,0.5
4038,42,112,43,113,-0.003207587789831719,0.0037371201662588054,0.0019879311180003812,6575,Calcarine_L,Vermis_7,0.0,0.0,0.0,0.78
4521,49,112,50,113,0.001973769452276584,0.003725617669280689,0.0022322946712619177,6576,Occipital_Sup_R,Vermis_7,0.0,0.0,0.0,0.56
2123,20,34,21,35,-0.0012097404042300376,0.003725616968634114,0.002448086539528301,6577,Olfactory_L,Cingulum_Post_L,0.0,0.0,0.0,0.7
2121,20,32,21,33,0.0033803417250403713,0.003695857340325079,0.0016623353646960206,6578,Olfactory_L,Cingulum_Mid_L,0.0,0.0,0.0,0.82
282,2,56,3,57,-0.00034591267777608984,0.0036953746260631483,0.0029533029262987917,6579,Frontal_Sup_L,Postcentral_L,0.0,0.0,0.0,0.54
2287,21,104,22,105,0.0016140826962754268,0.003691884064348063,0.001654010465805043,6580,Olfactory_R,Cerebelum_9_L,0.0,0.0,0.0,0.54
3357,34,43,35,44,0.0025889775469216704,0.0036917650437149484,0.002031870555369723,6581,Cingulum_Post_L,Calcarine_R,0.0,0.0,0.0,0.66
4535,50,61,51,62,0.0009685912714055445,0.003688786594827744,0.002822015889250855,6582,Occipital_Mid_L,Parietal_Inf_R,0.0,0.0,0.0,0.64
4742,53,79,54,80,-0.0026935995382737833,0.003686421337169004,0.002451659206628637,6583,Occipital_Inf_R,Heschl_R,0.0,0.0,0.0,0.8
712,6,44,7,45,-0.0007776975063722263,0.003685200705052477,0.0025106729619406845,6584,Frontal_Mid_L,Cuneus_L,0.0,0.0,0.0,0.58
1848,17,47,18,48,-0.002507543650152636,0.0036850815366170396,0.0014555282372692524,6585,Rolandic_Oper_R,Lingual_R,0.0,0.0,0.0,0.72
3826,40,47,41,48,0.0017767829822681583,0.0036727671688850127,0.0021801110562480863,6586,Amygdala_L,Lingual_R,0.0,0.0,0.0,0.52
4530,50,56,51,57,-2.284418389538718e-05,0.0036671724040141422,0.0018114937629643362,6587,Occipital_Mid_L,Postcentral_L,0.0,0.0,0.0,0.56
3822,40,43,41,44,0.0017363888292651374,0.0036641032860386556,0.0027023360194058073,6588,Amygdala_L,Calcarine_R,0.0,0.0,0.0,0.52
2155,20,66,21,67,0.0021570510542054935,0.0036506223518810604,0.0019612064916494734,6589,Olfactory_L,Precuneus_L,0.0,0.0,0.0,0.56
4600,51,62,52,63,-0.0007174059232981784,0.003649547905090173,0.002774292031505205,6590,Occipital_Mid_R,SupraMarginal_L,0.0,0.0,0.0,0.6
3261,32,110,33,111,-0.0018873672806169499,0.003636716216016689,0.0023648465214427855,6591,Cingulum_Mid_L,Vermis_4_5,0.0,0.0,0.0,0.68
903,8,20,9,21,0.001974808936337546,0.0036265457538599815,0.001622983438822512,6592,Frontal_Mid_Orb_L,Olfactory_L,0.0,0.0,0.0,0.58
6035,79,111,80,112,-5.84357787959176e-05,0.003624933265929456,0.0025456584318552912,6593,Heschl_R,Vermis_6,0.0,0.0,0.0,0.52
3671,38,43,39,44,-0.0027913718478014943,0.003619551848394617,0.002212753369273001,6594,ParaHippocampal_L,Calcarine_R,0.0,0.0,0.0,0.8
778,6,110,7,111,0.0005351634439249624,0.003609440380564395,0.0030924120453191426,6595,Frontal_Mid_L,Vermis_4_5,0.0,0.0,0.0,0.54
2201,20,112,21,113,-0.002017209464084824,0.0036023234103277043,0.001167090519430248,6596,Olfactory_L,Vermis_7,0.0,0.0,0.0,0.64
2187,20,98,21,99,-0.0024856339792732095,0.0036017334347413204,0.0019926616306757397,6597,Olfactory_L,Cerebelum_6_L,0.0,0.0,0.0,0.84
1625,15,21,16,22,-0.0021125798231634084,0.0036004334555752885,0.0020734877999771693,6598,Frontal_Inf_Orb_R,Olfactory_R,0.0,0.0,0.0,0.76
3969,42,43,43,44,0.002064823525457334,0.0035950865279270076,0.0019697231780119537,6599,Calcarine_L,Calcarine_R,0.0,0.0,0.0,0.74
4452,48,109,49,110,-0.0025099292208121122,0.003575490848451825,0.002717201070601957,6600,Occipital_Sup_L,Vermis_3,0.0,0.0,0.0,0.8
4584,50,110,51,111,-0.002516513363731133,0.003574751306133748,0.0024954104238343894,6601,Occipital_Mid_L,Vermis_4_5,0.0,0.0,0.0,0.84
2293,21,110,22,111,0.0014861999683010618,0.0035745841450253663,0.002024273474568875,6602,Olfactory_R,Vermis_4_5,0.0,0.0,0.0,0.56
2193,20,104,21,105,-0.0018788639223796858,0.0035681651581212556,0.002025674713425865,6603,Olfactory_L,Cerebelum_9_L,0.0,0.0,0.0,0.72
278,2,52,3,53,0.0013466005156312344,0.0035676252889206735,0.0023911558968339602,6604,Frontal_Sup_L,Occipital_Inf_L,0.0,0.0,0.0,0.6
6652,109,113,110,114,-0.0010697085989473812,0.0035579455744550554,0.0016159153295563435,6605,Vermis_3,Vermis_8,0.0,0.0,0.0,0.5
904,8,21,9,22,-0.0008134914332752457,0.0035550108249428223,0.0017080030003811548,6606,Frontal_Mid_Orb_L,Olfactory_R,0.0,0.0,0.0,0.56
711,6,43,7,44,0.0011688029576182287,0.0035408751033200424,0.0026495851338483216,6607,Frontal_Mid_L,Calcarine_R,0.0,0.0,0.0,0.64
4455,48,112,49,113,0.002441814962420416,0.0035325690245957895,0.0018824164109353962,6608,Occipital_Sup_L,Vermis_7,0.0,0.0,0.0,0.64
2159,20,70,21,71,0.002765962814397257,0.003519713142420838,0.002336106144912376,6609,Olfactory_L,Caudate_L,0.0,0.0,0.0,0.76
2182,20,93,21,94,-0.0012710943313530246,0.0035026445052228627,0.0024314315199681458,6610,Olfactory_L,Cerebelum_Crus2_R,0.0,0.0,0.0,0.68
4044,43,46,44,47,-0.0012450371652668309,0.0035014701995772957,0.0020532600403436736,6611,Calcarine_R,Lingual_L,0.0,0.0,0.0,0.58
6651,109,112,110,113,-0.0021622259400371564,0.0034725472414431006,0.0014907048029819845,6612,Vermis_3,Vermis_7,0.0,0.0,0.0,0.64
4076,43,78,44,79,0.0017918129258090454,0.0034662819931584165,0.0019961614286104195,6613,Calcarine_R,Heschl_L,0.0,0.0,0.0,0.7
2259,21,76,22,77,-0.0012343484329235535,0.003455581822650875,0.002188969048670603,6614,Olfactory_R,Thalamus_L,0.0,0.0,0.0,0.72
6658,110,114,111,115,-0.0016084293792126704,0.0034411453374873406,0.0015391910540891304,6615,Vermis_4_5,Vermis_9,0.0,0.0,0.0,0.78
5011,57,110,58,111,0.0003835904325207954,0.0034342668624727083,0.0018906043068168841,6616,Postcentral_R,Vermis_4_5,0.0,0.0,0.0,0.56
4389,47,113,48,114,2.7603695240601248e-05,0.0034238705936226015,0.0016361775980821406,6617,Lingual_R,Vermis_8,0.0,0.0,0.0,0.68
6656,110,112,111,113,-0.001653060478904846,0.003412557439549387,0.002113725210379491,6618,Vermis_4_5,Vermis_7,0.0,0.0,0.0,0.8
1114,10,20,11,21,-0.002493324204276106,0.003411564312830253,0.002256602758061007,6619,Frontal_Inf_Oper_L,Olfactory_L,0.0,0.0,0.0,0.8
4045,43,47,44,48,-0.0025079365620029066,0.0034012334581647852,0.0018574780230398422,6620,Calcarine_R,Lingual_R,0.0,0.0,0.0,0.7
4111,43,113,44,114,-0.00196966637171643,0.003401036954327461,0.0017521204285241415,6621,Calcarine_R,Vermis_8,0.0,0.0,0.0,0.62
242,2,16,3,17,0.000802360109400128,0.0033933490150662472,0.0025616180041331017,6622,Frontal_Sup_L,Rolandic_Oper_L,0.0,0.0,0.0,0.62
1524,14,20,15,21,-0.002595196558911102,0.0033903825783533964,0.002710920657010654,6623,Frontal_Inf_Orb_L,Olfactory_L,0.0,0.0,0.0,0.88
334,2,108,3,109,0.001039887929917356,0.0033731778662137698,0.0028461417224826934,6624,Frontal_Sup_L,Vermis_1_2,0.0,0.0,0.0,0.66
4039,42,113,43,114,-0.001595632291804849,0.0033618743881658054,0.0013181535181198737,6625,Calcarine_L,Vermis_8,0.0,0.0,0.0,0.56
4065,43,67,44,68,-8.924288052653683e-05,0.0033612949733951613,0.002361861057061024,6626,Calcarine_R,Precuneus_R,0.0,0.0,0.0,0.62
6649,109,110,110,111,-0.0019726434983626927,0.003356254564642741,0.0022947565445248902,6627,Vermis_3,Vermis_4_5,0.0,0.0,0.0,0.8
3670,38,42,39,43,-0.0004049895878318317,0.0033497920974006282,0.0024624339528655755,6628,ParaHippocampal_L,Calcarine_L,0.0,0.0,0.0,0.66
4894,55,110,56,111,0.0021642850034833557,0.0033488050191780817,0.0020168638817713324,6629,Fusiform_R,Vermis_4_5,0.0,0.0,0.0,0.7
4953,56,110,57,111,0.0009841085644313327,0.003332215324779824,0.001595046371155989,6630,Postcentral_L,Vermis_4_5,0.0,0.0,0.0,0.52
2132,20,43,21,44,-0.002849664996952731,0.0033217819413863614,0.0019261894668930759,6631,Olfactory_L,Calcarine_R,0.0,0.0,0.0,0.82
2124,20,35,21,36,0.0011542644583560436,0.0033081644603335948,0.002280620529376922,6632,Olfactory_L,Cingulum_Post_R,0.0,0.0,0.0,0.52
358,3,20,4,21,0.00043028220538827896,0.0033056000302069894,0.0022186711393986395,6633,Frontal_Sup_R,Olfactory_L,0.0,0.0,0.0,0.54
2194,20,105,21,106,0.0004753973202619818,0.003305400650932463,0.0021447196065471578,6634,Olfactory_L,Cerebelum_9_R,0.0,0.0,0.0,0.54
5629,69,110,70,111,-0.0005220310663692856,0.0033032502231440924,0.0014199040466779723,6635,Paracentral_Lobule_R,Vermis_4_5,0.0,0.0,0.0,0.66
246,2,20,3,21,-0.002410458632692826,0.003299655251484824,0.002479014894745517,6636,Frontal_Sup_L,Olfactory_L,0.0,0.0,0.0,0.82
4832,54,108,55,109,-0.0029388471459140665,0.003286762146598736,0.002015467316859829,6637,Fusiform_L,Vermis_1_2,0.0,0.0,0.0,0.86
2167,20,78,21,79,0.002007044624735925,0.0032655755854433983,0.0016515459036393965,6638,Olfactory_L,Heschl_L,0.0,0.0,0.0,0.62
4587,50,113,51,114,-0.0015316221633262573,0.003261412705401692,0.0017465970090773386,6639,Occipital_Mid_L,Vermis_8,0.0,0.0,0.0,0.58
3825,40,46,41,47,-0.0015653896973092723,0.003256628108108542,0.0028116940307705033,6640,Amygdala_L,Lingual_L,0.0,0.0,0.0,0.8
2183,20,94,21,95,0.0008086945503151962,0.003243673244960447,0.0016808304654106166,6641,Olfactory_L,Cerebelum_3_L,0.0,0.0,0.0,0.52
4714,52,113,53,114,-0.0013403398207767578,0.0032281064768954083,0.0017016473791722467,6642,Occipital_Inf_L,Vermis_8,0.0,0.0,0.0,0.56
4616,51,78,52,79,-0.0009281266730817602,0.0032174299680206536,0.002184244348020778,6643,Occipital_Mid_R,Heschl_L,0.0,0.0,0.0,0.64
2146,20,57,21,58,-0.0017232327961937373,0.0031945609988155315,0.0022050993335403623,6644,Olfactory_L,Postcentral_R,0.0,0.0,0.0,0.78
2222,21,39,22,40,-0.001316835372368174,0.0031615969493832374,0.0019466335545243185,6645,Olfactory_R,ParaHippocampal_R,0.0,0.0,0.0,0.72
2133,20,44,21,45,-0.0019050831435869207,0.003141568230206371,0.0019483751133019768,6646,Olfactory_L,Cuneus_L,0.0,0.0,0.0,0.76
4837,54,113,55,114,0.0023471098192915456,0.003124046644872839,0.002240452112081436,6647,Fusiform_L,Vermis_8,0.0,0.0,0.0,0.76
2138,20,49,21,50,-0.0014475819091658488,0.00310401086994077,0.0022753187892413035,6648,Olfactory_L,Occipital_Sup_R,0.0,0.0,0.0,0.74
2131,20,42,21,43,0.0021417179843378153,0.003067130278670482,0.0017506140839584343,6649,Olfactory_L,Calcarine_L,0.0,0.0,0.0,0.7
4586,50,112,51,113,0.0001912587469567696,0.0030326631819703816,0.002229789976618727,6650,Occipital_Mid_L,Vermis_7,0.0,0.0,0.0,0.68
4355,47,79,48,80,0.00011692259436979941,0.0030147791990461216,0.0016167514908729914,6651,Lingual_R,Heschl_R,0.0,0.0,0.0,0.52
2139,20,50,21,51,0.0008630636718048282,0.0029962104379632933,0.0019078426450557307,6652,Olfactory_L,Occipital_Mid_L,0.0,0.0,0.0,0.52
2113,20,24,21,25,-0.0018707836369088898,0.002956701073520386,0.0015785125840745923,6653,Olfactory_L,Frontal_Med_Orb_L,0.0,0.0,0.0,0.72
4040,42,114,43,115,-3.2839108934813544e-05,0.002948625200089198,0.0018881710222698016,6654,Calcarine_L,Vermis_9,0.0,0.0,0.0,0.58
6650,109,111,110,112,-0.0012976572029695676,0.002945960168764573,0.0016521180022886313,6655,Vermis_3,Vermis_6,0.0,0.0,0.0,0.7
1723,16,20,17,21,0.0018601489448217081,0.002906965051923935,0.0015596488281204293,6656,Rolandic_Oper_L,Olfactory_L,0.0,0.0,0.0,0.66
3821,40,42,41,43,-0.0013264496603229523,0.002880804820710211,0.0022230066507691873,6657,Amygdala_L,Calcarine_L,0.0,0.0,0.0,0.78
1745,16,42,17,43,-0.0005126400755455098,0.002824936489093206,0.001882507574556764,6658,Rolandic_Oper_L,Calcarine_L,0.0,0.0,0.0,0.66
4320,46,112,47,113,0.0007989419377068868,0.002729106180251394,0.0018356345492589877,6659,Lingual_L,Vermis_7,0.0,0.0,0.0,0.5
4834,54,110,55,111,-0.0005743070356628981,0.00272398910263686,0.001527438653002095,6660,Fusiform_L,Vermis_4_5,0.0,0.0,0.0,0.56
4711,52,110,53,111,0.0001839462942349237,0.0027228935118830174,0.0012145404238552771,6661,Occipital_Inf_L,Vermis_4_5,0.0,0.0,0.0,0.58
19,0,20,1,21,-0.0008217628338857686,0.00267198800789911,0.001845411074070161,6662,Precentral_L,Olfactory_L,0.0,0.0,0.0,0.72
2145,20,56,21,57,-0.00039478782181075,0.0026568602918446748,0.0015549299592545161,6663,Olfactory_L,Postcentral_L,0.0,0.0,0.0,0.64
4004,42,78,43,79,-0.0008854422031067507,0.002622558792128057,0.0014612722779530846,6664,Calcarine_L,Heschl_L,0.0,0.0,0.0,0.52
2161,20,72,21,73,0.00010872580881288887,0.0026214634863406905,0.001628048389316403,6665,Olfactory_L,Putamen_L,0.0,0.0,0.0,0.54
1821,17,20,18,21,0.0006866091535111703,0.002546596960829732,0.0011212713175973625,6666,Rolandic_Oper_R,Olfactory_L,0.0,0.0,0.0,0.58
2151,20,62,21,63,-0.0009744801035674078,0.0024623766339297876,0.001614938273368624,6667,Olfactory_L,SupraMarginal_L,0.0,0.0,0.0,0.7
2114,20,25,21,26,-0.0014119810263008672,0.0023717535342834906,0.0009241760868200358,6668,Olfactory_L,Frontal_Med_Orb_R,0.0,0.0,0.0,0.64
688,6,20,7,21,-0.0010358625106384719,0.0022097609939972698,0.001575988188772793,6669,Frontal_Mid_L,Olfactory_L,0.0,0.0,0.0,0.64
2117,20,28,21,29,0.0010531750136132864,0.0022056935156799062,0.0011413879949608526,6670,Olfactory_L,Insula_L,0.0,0.0,0.0,0.62
