0,124.61487954855,3875.78187802434,171.369525790215,1.87637794017792,0,5608.17484411597,138.640871047974,3.65163826942444,0,2581.75984409451,3.21393865346909,1578.30289402604,0,1.03609383106232,0,191.973418056965,1.65797591209412,1518.16201254725,648.108637303114,0,0,19.7127682864666,1.15735626220703,0,0,0,0,860.817066669464,0,1.83236116170883,4.74478530883789,19.5645312070847,238.768758714199,0,10.8824844360352,410.640413582325,0,156.765178322792,1.56760764122009,1.57009184360504,0,2.0165633559227,0,0,0,7.96426558494568,0,2.40559482574463,0,37.4338780045509,0,7.0073407292366,0,0,0,8198.45370736718,0.523766160011292,552.342832028866,0,1223.25800105929,1.19337928295135,131.044398963451,0,456.210013657808,0,247.882403284311,12.91084420681,1566.56485003233,88.2303773760796,3049.68901583552,84.5607287883759,2342.81532385945,7.85591059923172,990.741376817226,2.63234907388687,3638.54652240872,61.7020700573921,3.98263466358185,0,72.949624478817,0,0,0,632.101108044386,0,0,0,264.004740417004,0,0,0,0,0,208.504195183516,5.77157139778137,40.1532599925995,0,1.0636168718338,0,0,0,0,0,4.12948286533356,2.37582302093506,4.94411545991898,1.9098242521286,4.00247925519943,7.61483412981033,0,0,0,0,0,4.2862968146801
124.61487954855,0,23.9977226555347,2759.79421085119,0,1.73851197957993,34.0723141133785,6674.81125414371,0,4.73286437988281,4.36855280399323,3533.54965814948,0,834.354825049639,0,5.15785533189774,1.83507496118546,571.601132333279,339.346432685852,1706.58532059193,0,0,9.89299666881561,42.6576212346554,0,0,0,0,6.63936251401901,137.139447450638,2.15063685178757,11.8806937932968,30.1052990555763,107.847246706486,0,0,0,128.94442653656,7.48726797103882,56.1201624274254,0,0,0,0,0,0,0,3.93028396368027,0,0,0,2.40090882778168,0,0,0,0,9.53625696897507,11292.7222278118,0.608499646186829,448.939079165459,0,1804.64817422628,0,514.695335447788,0,237.251258075237,11.5638318657875,98.0003627538681,234.852580904961,1198.45617583394,87.6831195950508,2525.58199933171,16.3313691616058,2401.82744964957,9.97364509105682,749.6499312222,274.145504772663,4822.75903490186,0,0.719824194908142,0,9.64473950862885,0,0,0,27.8402456045151,0,0,0,30.7187305688858,0,0,0,0,0,325.351775586605,8.41370868682861,9.05274105072021,0,2.22287052869797,0,0,0,0,1.60381102561951,10.7908644676208,0,3.01433181762695,9.76445546746254,10.4810931682587,0,0,0,1.60183846950531,0,11.6994358897209
3875.78187802434,23.9977226555347,0,469.612645119429,1081.03429234028,73.4029178917408,10623.0342564881,326.452586859465,417.268257081509,122.570646136999,546.907476395369,38.3162398934364,1037.5330093801,34.3839211165905,188.592710018158,30.0683623850346,68.2772580981255,5.54090976715088,2150.9197896421,373.705207616091,2.05908167362213,7.99806576967239,3530.01785889268,1151.55060961843,381.851550221443,70.780137360096,12.3876938521862,19.6775571107864,873.577061384916,5.06269842386246,168.901582658291,402.934556156397,68.4424389600754,165.384774267673,9.89716973900795,0,72.96618527174,0,15.407488822937,0,0,0.701349377632141,2.37067204713821,0,0,0,7.42189490795135,0,0,0,1.23884904384613,0,0,0,0,0,223.874305069447,0,336.41736882925,0,93.9371351599693,0,31.0807225108147,0,39.3066065013409,0,354.862758994102,2.76468235254288,304.734055668116,6.74757885932922,2476.54730528593,516.162302136421,1971.35164886713,81.2772512435913,492.100689470768,17.6763697266579,2037.0295226872,49.4081436693668,1.77872210741043,0,10.4312488734722,0,0,0,20.3108020424843,0,0,0,8.30878710746765,0,0,0,0,0,51.4238822460175,1.5818327665329,7.7822842001915,0,0,0,0,0,0,0,0,0,0,0,4.09539741277695,4.16191345453262,0,0,0,0,0,0
171.369525790215,2759.79421085119,469.612645119429,0,94.4857363402843,1488.22464984655,339.589784502983,11631.8546010852,126.362784087658,1045.61501580477,14.2600488066673,644.394691318274,41.8740391135216,736.407729238272,43.8804385662079,232.281701683998,1.81185072660446,142.940603613853,818.750113368034,3603.44516026974,0,7.35402646660805,980.566571861506,3498.46502706409,84.2175388932228,143.60036060214,5.65214964747429,41.4393971562386,41.6026183962822,98.3396331071854,198.435712963343,323.646263301373,91.5253010690212,157.177825450897,0,1.53507286310196,0.607684016227722,16.8206609487534,4.77934193611145,4.5012503862381,0,3.02625626325607,0,0,0,0,0,4.12736189365387,0,1.87731873989105,0,0,0,0,0,0,9.20963621139526,220.270496994257,0,48.3556906282902,0,66.8306582570076,0,44.9400242567062,0,17.0289955735207,0,109.609328776598,55.1429769396782,284.832015275955,466.536160260439,2460.19223672152,228.543560564518,1811.18178683519,14.8213757872581,489.042318969965,105.227460503578,2386.7585619092,0,0,0,3.73672038316727,0,0,0,3.91278743743896,0,0,0,0,0,0,0,0,0,41.5576254725456,0,0,0,0,0,0,0,0,0,0,0,0,8.59286534786224,3.31185704469681,0,0,0,0,0,0
1.87637794017792,0,1081.03429234028,94.4857363402843,0,108.451881855726,588.431715041399,9.57657080888748,2353.01641601324,110.201823949814,1.33522522449493,0,14.3193948566914,0,1729.00349199772,56.0019846856594,0,0,2.49477827548981,0,269.180665105581,45.329665094614,288.057684749365,347.028949081898,692.406794548035,386.356876552105,995.226652801037,131.474377036095,555.522661715746,3.37666344642639,125.355667740107,221.78799918294,22.115496635437,0.762910485267639,1.05245077610016,0,15.9154002070427,0,2.74250757694244,0,46.7769886851311,3.14569222927094,0.953550577163696,0,0,0,6.96711939573288,0,0,0,0,0,0,0,0.67625492811203,0,0,0,0,0,0,0,0,0,0,0,0,0,0,0,1140.58588474989,146.594919621944,1083.72659477592,15.6290088891983,15.192186832428,0,17.5240951180458,0,0,0,4.515037804842,0,63.5547445118427,0,3.2405127286911,0,17.9662766158581,0,7.53664335608482,0,0,0,0,0,0,0,0,0,0,0,0,0,0,0,0,0,0,0,0,0,0,0,0,0,0,0
0,1.73851197957993,73.4029178917408,1488.22464984655,108.451881855726,0,25.114633500576,364.426743924618,89.092373073101,2173.41016635299,0,5.70518639683723,0.794287502765656,15.3148955702782,29.6140225529671,1669.70887419581,0,0.42073255777359,0,1.9330820441246,8.76927056908607,319.097016453743,119.021314740181,213.900022983551,123.977735757828,608.055241107941,37.8498038053513,1702.91270428896,4.95523434877396,276.380829542875,88.832267999649,154.571667075157,0.463999062776566,6.32259351015091,0,0.557798624038696,0,22.4236176609993,0,0,0.930001437664032,465.416525036097,0,0.518954455852509,0,0,0,0,0,0,0,0,0,0,0,3.32434618473053,0,0,0,0,0,0,0,0,0,0,0,0,0,0,215.709977418184,1138.71615493298,34.5583926439285,1090.25116318464,0,18.6013810634613,0,44.7335631847382,0,0,0,0.628274857997894,0,72.3048208653927,0,12.8570029437542,0,11.9690432846546,0,10.4937749803066,0,0,0,0,0,0,0,0,0,0,0,0,0,0,0,0,0,0,0,0,0,0,0,0,0,0
5608.17484411597,34.0723141133785,10623.0342564881,339.589784502983,588.431715041399,25.114633500576,0,235.086463302374,1164.13458135724,39.7369665801525,1153.33185812831,41.8856880068779,5517.40478223562,30.6700973510742,312.97953081131,4.89409875869751,56.2050258517265,7.3175203204155,547.323421120644,339.983634740114,0,1.30708372592926,550.585094422102,598.0182762146,42.3625430464745,28.1270013451576,1.98430323600769,8.96582221984863,685.375318825245,6.30539864301682,36.9967675805092,152.6195782125,6.57963639497757,80.9177301824093,0,0,37.8656567931175,0,12.2589412331581,0,1.06735813617706,0,0,0,0,0,12.2612783610821,0,0,0,30.7723423242569,0,3.20722484588623,0,1.18284916877747,0,361.117219150066,0,228.579125523567,0,379.651081949472,0,58.0998757481575,0,340.590661287308,0,72.4936116039753,0,19.0446659624577,1.36042869091034,3701.90348082781,366.562138736248,1715.12695431709,55.6641010046005,433.422481149435,16.7912448644638,2244.70484542847,53.0046112239361,1.98206406831741,0,31.2201515436172,0,0,0,133.225662946701,0,0,0,31.8621544241905,0,0,0,0,0,44.1698552072048,0,1.93501889705658,0,0,0,0,0,0,0,0,0,1.64220833778381,0,4.73172503709793,0,0,0,0,0,0,1.88536787033081
138.640871047974,6674.81125414371,326.452586859465,11631.8546010852,9.57657080888748,364.426743924618,235.086463302374,0,32.6916071772575,891.240509748459,19.1688153147697,3409.77350649238,46.5612516403198,6214.48706930876,9.51009750366211,239.429814189672,2.47691124677658,279.007837951183,882.536881685257,744.814534753561,0,0,556.330433517694,349.836922943592,12.0211718678474,4.16752588748932,0,2.02975726127625,26.8234602808952,206.07646253705,59.249764084816,63.5756821632385,70.0822847187519,46.2128399014473,0,0,0,9.66646701097488,2.07659482955933,6.24356174468994,0,1.68913125991821,0,0,0,3.35613191127777,0,1.63910514116287,0,9.21898865699768,0,3.00935482978821,0,0,0,0,19.7064482867718,913.644789516926,0,196.072516441345,0,522.341740190983,0,135.834526032209,0,182.574770659208,1.31869065761566,66.0036852061749,31.164001762867,36.4273705482483,331.829332202673,3362.82654580474,126.706380546093,1920.62352213264,16.5965274572372,710.283948898315,117.947325974703,3417.44476497173,0,0.906995892524719,0,2.91246378421783,0,0,0,12.5002669095993,0,0,0,3.4305225610733,0,0,0,0,1.54056620597839,63.6484594345093,0,0.904597222805023,0,0,0,0,0,0,0,0,0,0,18.0501940846443,8.39850574731827,0,0,0,0,1.34871113300323,2.07486307621002
3.65163826942444,0,417.268257081509,126.362784087658,2353.01641601324,89.092373073101,1164.13458135724,32.6916071772575,0,96.8478330373764,3.24275147914886,0,196.438149571419,6.55972301959991,3110.86719819903,34.4012870788574,0,0,2.1631338596344,0,48.4518514275551,14.4005551636219,111.618644297123,262.595725983381,105.364462792873,152.201559513807,82.6118815541267,44.4590646326542,319.722715348005,0,61.3199925124645,142.29406195879,9.68463402986526,1.62727868556976,0,0,2.76816982030869,0,0,0,3.90436327457428,0,0,0,0,0,0.721405267715454,0,0,0,0,0,0,0,0,0,0,0,0,0,0,0,0,0,0,0,0,0,0,0,1012.45736557245,160.588039368391,982.347886651754,29.8728157877922,24.9741512238979,1.12991440296173,57.7468871772289,0,0,0,1.93756115436554,0,14.8402499854565,0,2.54537826776505,0,4.99140846729279,0,1.05456078052521,0,0,0,0,0,0,0,1.22069668769836,0,0,0,0,0,0,0,0,0,0,0,0,0,0,0,0,0,0,0
0,4.73286437988281,122.570646136999,1045.61501580477,110.201823949814,2173.41016635299,39.7369665801525,891.240509748459,96.8478330373764,0,0,29.2379726171494,1.80868279933929,469.07991412282,38.4412692785263,2492.56274852157,0,2.76659035682678,0,2.3786529302597,1.17444878816605,38.3440867960453,150.225948125124,226.518896102905,96.4825426638126,205.484483033419,17.9184348583221,333.725928395987,8.76869577169418,98.2004620432854,87.8751525878906,126.846828430891,0,2.59827560186386,0,0,0,9.31738612055779,0,0,0,69.9037409424782,0,0,0,0,0,0,0,0,0,0,0,0,0,1.71061909198761,0,0,0,0,0,0,0,0,0,0,0,0,0,0,170.023674815893,1784.85616901517,48.9203469753265,1238.36507767439,0,60.4207479953766,2.60788935422897,165.043813079596,0,0,0,0,0,5.50853842496872,0,1.93404668569565,0,5.25010144710541,0,1.15955424308777,0,0,0,0,0,1.80224299430847,0,0,0,0,0,0,0,0,0,0,0,0,0.589991450309753,0,0,0,0,0,0,0
2581.75984409451,4.36855280399323,546.907476395369,14.2600488066673,1.33522522449493,0,1153.33185812831,19.1688153147697,3.24275147914886,0,0,3.21497386693954,3001.5873427093,0,35.7085707187653,0,707.309290349483,0.689209461212158,694.410808503628,90.8942256271839,0,0,168.272961705923,41.0237503647804,0,0,0,0,1429.16434875131,0,9.73099106550217,14.1722327470779,4.98689815402031,41.5821095705032,8.98904347419739,1.44951218366623,21.4714892506599,0,8.67950183153152,0,0,0,6.99164754152298,0,0,0,1.87729263305664,0,0,0,6.04201686382294,0,2.04461121559143,0,0,0,418.299069553614,0,53.6000978946686,0,636.952952355146,0,524.721696853638,0,58.6679390668869,0,37.5997939705849,0,48.9558081030846,0,520.922363638878,27.5850205421448,457.599755138159,4.53522199392319,93.2696892023087,0,407.775060117245,3.18703067302704,13.4453011155128,0,421.038331508636,0,0,0,820.121179819107,0,0,0,219.479912638664,0,0,0,0,0,8.13899555802345,0,0,0,0,0,0,0,0,0,0.693107068538666,0,0,0,1.83775758743286,0,0,0,0,0,0,2.97056877613068
3.21393865346909,3533.54965814948,38.3162398934364,644.394691318274,0,5.70518639683723,41.8856880068779,3409.77350649238,0,29.2379726171494,3.21497386693954,0,5.61827349662781,3009.35262870789,0,57.3604595959187,0,627.170679658651,67.8031198382378,440.643148332834,0,0,133.146003872156,328.340252518654,0,0,0,0,0.860888600349426,736.405581951141,18.506495475769,27.6285956501961,13.7611567378044,38.991353303194,0,0.44759464263916,0,1.09683048725128,0,0,0,0,0,0,0,0,0,0,0,0,0,0.994860589504242,0,0,0,0,0,257.411395430565,0,61.689891576767,0,1059.09016114473,0,426.340196877718,0,142.122925460339,0,6.59358265995979,0.67981082201004,7.36455005407333,55.3283593654633,816.216083198786,11.4995179176331,679.886453211308,1.53793382644653,70.4676364660263,5.61984181404114,372.060676842928,0,2.31782829761505,0,15.7987744808197,0,0,0,46.6605982780457,0,0,0,30.2401321530342,0,0,0,0,0,1.17715418338776,2.17124700546265,0,0,0,0,0,0,0,0,0.66492223739624,0,0,0.544458985328674,1.59048157930374,0,0,0,0,0,0
1578.30289402604,0,1037.5330093801,41.8740391135216,14.3193948566914,0.794287502765656,5517.40478223562,46.5612516403198,196.438149571419,1.80868279933929,3001.5873427093,5.61827349662781,0,6.57728040218353,1806.66391450167,0,54.0368311405182,0,335.913832932711,33.3656285405159,0,0,432.942976474762,112.749016135931,11.0387845635414,1.10173237323761,0.571016252040863,0.761354088783264,1914.4888856709,0,28.6490606069565,41.8070101737976,7.24459928274155,21.3497279286385,2.29285961389542,0,5.73227655887604,0,3.49458563327789,0,0,0,0,0,0,0,1.91258630156517,0,0,0,2.81261646747589,0,0,0,0,0,78.3807761669159,0,6.54874217510223,0,219.881943404675,0,168.445990622044,0,23.1757316589355,0,6.03456836938858,0,10.5475680828094,0,1515.85552689433,71.130066215992,1225.56469190121,2.59369570016861,126.431465834379,0,523.955310463905,1.86197185516357,5.08309531211853,0,163.494166135788,0,0,0,320.827339589596,0,0,0,62.7890464663506,0,0,0,0,0,4.04357582330704,0,0,0,0,0,0,0,0,0,0,0,0,0,0,0,0,0,0,0,0,0
0,834.354825049639,34.3839211165905,736.407729238272,0,15.3148955702782,30.6700973510742,6214.48706930876,6.55972301959991,469.07991412282,0,3009.35262870789,6.57728040218353,0,1.90039563179016,1740.90441691875,0,152.887947440147,8.59413093328476,115.594500392675,0,0,131.277932673693,267.713583469391,0,1.3092166185379,0,0,6.340560734272,832.932916104794,11.2304199934006,24.1963520050049,7.84698247909546,13.1934696733952,0,0,0,2.13165980577469,0,2.28479796648026,0,0,0,0,0,0,0,0,0,0,0,0,0,0,0,0,0,79.6840208470821,0,20.1147758364677,0,326.097718060017,0,143.938594222069,0,45.9196074604988,0,0.785728931427002,0,0.51158595085144,60.4052302539349,1170.94152709842,25.4990857839584,1635.9069096446,0,142.325371056795,1.54866355657578,478.506423979998,0,0.66217565536499,0,4.65891927480698,0,0,0,6.55498552322388,0,0,0,3.21601217985153,0,0,0,0,0,5.8339010477066,0,0,0,0,0,0,0,0,0,0,0,0,2.9615820646286,0,0,0,0,0,0,2.36166882514954
1.03609383106232,0,188.592710018158,43.8804385662079,1729.00349199772,29.6140225529671,312.97953081131,9.51009750366211,3110.86719819903,38.4412692785263,35.7085707187653,0,1806.66391450167,1.90039563179016,0,15.0823928713799,6.22304600477219,0,10.0993566513062,0,83.9021092355251,15.6152530908585,146.154946535826,147.837540030479,145.512888818979,108.233466356993,212.920404493809,23.8547369837761,2336.27674996853,4.48617076873779,117.960361003876,83.3972210884094,15.963875234127,2.57538568973541,0,0,8.17333835363388,0,0,0,8.92910569906235,0,0,0,0,0,2.96894386410713,0,0,0,0,0,0,0,0,0,1.32909941673279,0,0,0,0,0,1.91068351268768,0,0,0,0,0,0,0,1252.51574388146,79.0056681036949,2018.33143904805,13.8314626812935,72.7408537268639,0,223.074616014957,1.42905700206757,0,0,5.29265630245209,0,80.7511484026909,0,1.56558877229691,0,8.74083811044693,0,1.76329356431961,0,0,0,0,0,1.7254273891449,0,0,0,0,0,0,0,0,0,0,0,0,0,0,0.75130307674408,0,0,0,0,0,0
0,5.15785533189774,30.0683623850346,232.281701683998,56.0019846856594,1669.70887419581,4.89409875869751,239.429814189672,34.4012870788574,2492.56274852157,0,57.3604595959187,0,1740.90441691875,15.0823928713799,0,0,19.7622422575951,0,3.70795440673828,0.724126696586609,49.3359095454216,59.838047504425,153.937340348959,69.8736074268818,187.627128124237,12.7317398786545,298.840319156647,3.10248929262161,1660.38631996512,47.6579010486603,141.559921622276,1.41538083553314,7.35290557146072,0,0,0,22.3687428832054,0,1.30616676807404,0,153.207822561264,0,0.88222861289978,0,0,0,0.81310898065567,0,0,0,0,0,0,0,5.16067850589752,0,2.66728442907333,0,0,0,1.02322709560394,0,0.618852257728577,0,0,0,0,0,0,94.1344645023346,1216.66334918141,7.49829006195068,3617.30051618814,0,87.2657485902309,2.8407689332962,180.497292906046,0,0,0,0.527098834514618,0,31.75178784132,0,5.16697609424591,0,10.2918140292168,0,4.77616912126541,0,0,0,0,0,2.6665161550045,0,0,0,0,0,0,0,0,0,0,0,0,1.05469125509262,0.715899288654327,0,0,0,0,0,0
191.973418056965,1.83507496118546,68.2772580981255,1.81185072660446,0,0,56.2050258517265,2.47691124677658,0,0,707.309290349483,0,54.0368311405182,0,6.22304600477219,0,0,0,163.431769967079,7.85776108503342,0.948486268520355,0,8.57700824737549,0,0,0,0,0,3864.98127648234,0,0,0,0.904744446277618,13.8320410847664,3.87860548496246,3.00174158811569,20.2090741991997,4.30921500921249,9.15107959508896,0,0,0,1.10257518291473,0,0,1.01031625270844,1.43691396713257,1.1870299577713,3.69492733478546,0,7.37675589323044,0,0.725928246974945,0,0,0,1366.86315107346,3.5241112112999,75.2205323278904,1.71947693824768,578.040424615145,0.544879376888275,1222.3350353539,2.9564995765686,37.0748821496964,0,74.3818698525429,10.7461255788803,53.8882635831833,3.76265871524811,96.1369367539883,3.15225946903229,484.952873289585,2.57844591140747,73.5319013595581,1.11380195617676,235.488831102848,2.58814936876297,434.726376593113,0,1855.46100175381,0,27.3559699654579,0,207.268454343081,0,0,0,31.1071906685829,0,0,0,0,0,12.5639805793762,0,4.69655215740204,0,0,0,0,0,1.68024134635925,0,1.511683344841,0,1.55903053283691,0,0,0,0,0,0,0,0,0
1.65797591209412,571.601132333279,5.54090976715088,142.940603613853,0,0.42073255777359,7.3175203204155,279.007837951183,0,2.76659035682678,0.689209461212158,627.170679658651,0,152.887947440147,0,19.7622422575951,0,0,31.0648723244667,208.594727486372,0,0,9.00288811326027,49.998974531889,0,0,0,0,0,1673.80482029915,3.95775842666626,5.56605839729309,1.77880710363388,12.4337922334671,0,0.71448940038681,0,2.42128500342369,0,5.78696697950363,0,0,0,0.474598675966263,0,0,0,1.29919826984406,0,0,0,1.0268979370594,0,0,0,0,2.46867847442627,1387.99087560177,0.482621908187866,27.1995670497417,0,344.728640198708,0,1692.57842880487,0,35.1773919463158,4.08169060945511,9.17852833867073,2.3767466545105,22.0853737294674,5.79826754331589,174.121887207031,1.93695116043091,1412.79580616951,0,63.447611540556,12.1276943087578,197.197506219149,0,370.714136779308,0,914.823251187801,0,1.51957961916924,0,74.4196176528931,0,0,0,42.1267218589783,0,0,0,0,0,10.0121451020241,0,0,0,0,0,0,0,0,0,0,0,0,0,0.900282144546509,0,0,0,0,0,0
1518.16201254725,339.346432685852,2150.9197896421,818.750113368034,2.49477827548981,0,547.323421120644,882.536881685257,2.1631338596344,0,694.410808503628,67.8031198382378,335.913832932711,8.59413093328476,10.0993566513062,0,163.431769967079,31.0648723244667,0,4500.48324897885,0,0.751267611980438,1201.51098486781,430.099375426769,3.14094519615173,0,0,1.5988028049469,561.763914823532,11.1474589109421,430.729626089334,300.249006956816,2683.53416678309,1825.48182171583,131.484421789646,4.611582249403,137.246004462242,1.19410872459412,32.0918917655945,1.58319985866547,0,0,60.8770432174206,0,5.71850565075874,0,30.3842587172985,0,0.73994904756546,0,2.04039001464844,0,0,0,0,0,154.105959862471,5.7205862402916,359.194853931665,1.45291590690613,96.8923336267471,0,30.7999735176563,0,23.7251476347446,0,2235.271125108,33.0445035994053,2693.62200641632,130.276916801929,1920.14636912942,572.599000513554,1330.69110530615,145.214168161154,565.832655489445,60.3312133252621,3207.7806776464,386.334473490715,3.2495422065258,0,10.3915133476257,0,0,0,20.7438840270042,0,0,0,0,0,0,0,0,0,95.1161771118641,0,6.581682741642,0,0,0,0,0,0,0,0,0,0,0,2.32045489549637,5.41900545358658,0,0,0,0,0,0
648.108637303114,1706.58532059193,373.705207616091,3603.44516026974,0,1.9330820441246,339.983634740114,744.814534753561,0,2.3786529302597,90.8942256271839,440.643148332834,33.3656285405159,115.594500392675,0,3.70795440673828,7.85776108503342,208.594727486372,4500.48324897885,0,0,0,645.239424139261,1086.10943025351,0,0.93295955657959,0,0,75.775694668293,96.4404740333557,163.202056497335,402.636268675327,419.50801423192,5019.77064794302,0.909069299697876,6.81983989477158,8.96603804826736,20.7053779959679,5.34854865074158,2.74244004487991,0,0,0,1.99657595157623,0,2.43103924393654,0,0,0,2.55972301959991,0,8.50294351577759,0,0,0,0,51.8145194351673,191.838965654373,0,104.591723680496,0,82.8441174328327,0.683947145938873,46.3038257658482,0,15.87999522686,19.2262085676193,488.84415268898,661.211603552103,4147.15188196301,657.327526211739,1373.59077742696,213.329220712185,704.876650601625,87.3759653568268,316.861979603767,663.0885630548,2746.1294066608,0,0,0,3.08848965167999,0,0,0,5.00257286429405,0,0,0,0,0,0,0,0,2.92704755067825,59.7478255629539,0,0,0,0,0,0,0,0,0,0.611057281494141,0,0,23.1582750678062,2.35895437002182,0,0,0,0,0,0.527730405330658
0,0,2.05908167362213,0,269.180665105581,8.76927056908607,0,0,48.4518514275551,1.17444878816605,0,0,0,0,83.9021092355251,0.724126696586609,0.948486268520355,0,0,0,0,38.1357291042805,58.0182681083679,17.7931733727455,297.342680037022,27.188235104084,801.745664507151,22.7804519534111,103.56038159132,0,699.243042349815,27.2966290712357,45.3032227754593,0,10.4262735247612,0,81.364999294281,22.8773523569107,19.6539725065231,0,107.310228824615,23.5314789414406,3.12945175170898,0,0,0,14.199823319912,1.37004339694977,2.13474977016449,0,0.911995768547058,0,0,0,2.31798368692398,0,0,0,0.658254444599152,0,1.1814877986908,0,0,0,0,0,0.716084837913513,0,0,0,373.474930018187,82.6578442454338,210.865118145943,6.50989979505539,5.66715651750565,15.5099614858627,10.7301577329636,6.56368160247803,0,0,1.8298607468605,0,11.672103703022,0,0,0,8.40709564089775,1.95982766151428,3.50546389818192,0.75703626871109,0,0,0,0,0.722104430198669,0,0,0,0,0,0,0,0,0,0,0.465600550174713,0,0,0,0,0,0,0,0,0,0
0,0,7.99806576967239,7.35402646660805,45.329665094614,319.097016453743,1.30708372592926,0,14.4005551636219,38.3440867960453,0,0,0,0,15.6152530908585,49.3359095454216,0,0,0.751267611980438,0,38.1357291042805,0,47.3862595260143,41.9370132386684,118.426282137632,363.900423794985,128.928403675556,1201.3092263639,4.58655476570129,63.7351906895638,183.775205910206,586.649254918098,10.9439340829849,16.7461121976376,0.604568898677826,0.854983806610107,2.63313150405884,30.0695772171021,1.29656636714935,3.15530967712402,1.01514732837677,350.747723758221,0,0,0,0,0,1.82275390625,0,0,0,0,0,0,0,0.732634425163269,0,0,0,0,0,0,0,0,0,0,0,1.7892798781395,0,0,119.673577606678,409.777086138725,6.53190010786057,185.091530948877,0,2.47140395641327,1.70880854129791,5.86180746555328,0,0,0,0,0,12.6038167476654,0,1.34994554519653,0,3.26968544721603,0,0,0,0,0,0,0,0,0,0,0,0,0,0,0,0,0.641308128833771,0,0,0,0,0,0,0,0,0,0,0
19.7127682864666,9.89299666881561,3530.01785889268,980.566571861506,288.057684749365,119.021314740181,550.585094422102,556.330433517694,111.618644297123,150.225948125124,168.272961705923,133.146003872156,432.942976474762,131.277932673693,146.154946535826,59.838047504425,8.57700824737549,9.00288811326027,1201.51098486781,645.239424139261,58.0182681083679,47.3862595260143,0,3389.66629716754,1251.0227920711,355.845480531454,215.179132759571,68.9623233377934,333.31907004118,15.8842199742794,3068.13485047221,1420.85760298371,958.188292205334,480.121863156557,239.462060600519,0.454790562391281,10.9792606830597,0,1.96656262874603,0,1.50980499386787,2.85901612043381,72.1874035596848,0,4.64696151018143,0,14.7557567358017,0,0,0,0,0,0,0,0,0,3.53310313820839,0,1.06135821342468,0,1.35430729389191,0,0,0,0,0,430.754046291113,2.13808870315552,14.9779886901379,0,2265.63563761115,1086.09097659588,1063.7919228673,223.226550161839,185.591821491718,32.0830001533031,804.698060363531,115.903062999249,0,0,0.848982095718384,0,3.36200803518295,0,1.16317880153656,0,0.64810311794281,0,0,0,0,0,0,0,4.37845069169998,0,0,0,0,0,0,0,0,0,0,0,0,0,0,0,0,0,0,0,0,0
1.15735626220703,42.6576212346554,1151.55060961843,3498.46502706409,347.028949081898,213.900022983551,598.0182762146,349.836922943592,262.595725983381,226.518896102905,41.0237503647804,328.340252518654,112.749016135931,267.713583469391,147.837540030479,153.937340348959,0,49.998974531889,430.099375426769,1086.10943025351,17.7931733727455,41.9370132386684,3389.66629716754,0,397.115962594748,1469.22521227598,67.735538482666,232.993493139744,110.502390056849,58.4035823941231,855.232525497675,2807.0474922955,178.563616126776,1803.69597697258,0,45.7456920444965,0,3.96656441688538,0,0,0,6.3473100066185,0,5.45124751329422,0,0,0,6.43123635649681,0,0,0,0,0,0,0,0,0,15.3099577128887,0,4.89906191825867,0,0.476379007101059,0,3.03669962286949,0,1.93548786640167,0,185.973173469305,0,26.8044133782387,1109.69312357903,2477.6023081243,508.157494723797,850.999899536371,22.898019194603,228.97291007638,28.2287078499794,892.685595154762,0,0,0,0,1.29154551029205,2.79488825798035,0,1.48364806175232,0,0.439619511365891,0,0,0,0,0,0,0,4.6543650329113,0,0,0,0,0,0,0,0,0,0,0,0,0,0,0,0,0,0,0,0
0,0,381.851550221443,84.2175388932228,692.406794548035,123.977735757828,42.3625430464745,12.0211718678474,105.364462792873,96.4825426638126,0,0,11.0387845635414,0,145.512888818979,69.8736074268818,0,0,3.14094519615173,0,297.342680037022,118.426282137632,1251.0227920711,397.115962594748,0,576.000011950731,1475.94619575143,142.526604652405,76.9513475000858,3.9826782643795,503.362617611885,400.800184458494,45.8510951399803,2.65198028087616,3.32566946744919,0,4.32156711816788,0,0,0,8.39394044876099,0.566407680511475,0,0,0,0,0,0,0,0,0,0,0,0,0,0,0,0,0,0,0,0,0,0,0,0,0,0,0,0,561.035202264786,149.145360440016,174.07197278738,24.002962321043,4.98580491542816,0.889706075191498,10.6298559904099,0,0,0,0.869383096694946,0,5.12809431552887,0,0,0,3.28322744369507,0,0,0,0,0,0,0,0,0,0,0,0,0,0,0,0,0,0,0,0,0,0,0,0,0,0,0,0,0
0,0,70.780137360096,143.60036060214,386.356876552105,608.055241107941,28.1270013451576,4.16752588748932,152.201559513807,205.484483033419,0,0,1.10173237323761,1.3092166185379,108.233466356993,187.627128124237,0,0,0,0.93295955657959,27.188235104084,363.900423794985,355.845480531454,1469.22521227598,576.000011950731,0,257.452068418264,2003.43223935366,20.2895981669426,25.495582908392,432.214506566525,717.656896233559,22.8421714901924,3.03192931413651,1.45036506652832,0,0,4.2811918258667,0,0.813147723674774,0.690243065357208,46.5842836201191,0,0,0,0,0,0.584287762641907,0,0,0,0,0,0,0,0,0,0,0,0,0,0,0,0,0,0,0,0,0,0,593.143180638552,642.999353706837,43.9979233443737,226.899659514427,0,3.24268251657486,0,6.89600265026093,0,0,0,0,0,3.51195418834686,0,0,0,3.47434574365616,0,0,0,0,0,0,0,0,0,0,0,0,0,0,0,0,0,0,0,0,0,0,0,0,0,0,0,0
0,0,12.3876938521862,5.65214964747429,995.226652801037,37.8498038053513,1.98430323600769,0,82.6118815541267,17.9184348583221,0,0,0.571016252040863,0,212.920404493809,12.7317398786545,0,0,0,0,801.745664507151,128.928403675556,215.179132759571,67.735538482666,1475.94619575143,257.452068418264,0,213.146653950214,162.349469900131,1.19243854284286,286.14609631896,126.077495753765,22.0592391192913,0,2.94123229384422,0,55.1711935997009,67.4023580551147,25.6135988235474,6.82074022293091,37.3784464597702,9.20772182941437,0,0,0,0,2.45344609022141,0.939313888549805,0,0,0,0,0,0,0,0,0,0,0,0,0,0,0,0,0,0,0,0,0,0,545.564030379057,102.537988871336,163.494953900576,12.9910189211369,1.98541104793549,4.95771944522858,5.27884316444397,6.46627688407898,0,0,3.39115017652512,0,27.1363390386105,0,2.10148268938065,0.815804839134216,7.46686238050461,0,1.63206392526627,0,0,0,0,0,0,1.22736173868179,0,0,0,0,0,0,0,0,0,0,0,0,0,0,0,0,0,0,0,0
0,0,19.6775571107864,41.4393971562386,131.474377036095,1702.91270428896,8.96582221984863,2.02975726127625,44.4590646326542,333.725928395987,0,0,0.761354088783264,0,23.8547369837761,298.840319156647,0,0,1.5988028049469,0,22.7804519534111,1201.3092263639,68.9623233377934,232.993493139744,142.526604652405,2003.43223935366,213.146653950214,0,7.27523797750473,45.1770112812519,79.4484968185425,253.09004253149,1.08407226204872,8.95495054125786,0,0.650449633598328,9.3412858247757,76.5630943775177,7.36931473016739,0.974474370479584,4.57682406902313,384.852184265852,0,0.562124788761139,0,0,0.93246728181839,0.85774427652359,0,0,0,0,0,0,0,1.83424496650696,0,0,0,0,0,0,0,0,0,0,0,0,0,0,261.242162227631,496.194898575544,17.7242147326469,485.158254176378,0,2.27191054821014,0,8.81180566549301,0,0,0,0,1.74538296461105,33.3662013709545,0,3.94779431819916,0,5.90361502766609,0,2.0190042257309,0,0,0,0,0,1.11885595321655,0,0,0,0,0,0,0,0,0,0,0,0,0,0,0,0,0,0,0,0
860.817066669464,6.63936251401901,873.577061384916,41.6026183962822,555.522661715746,4.95523434877396,685.375318825245,26.8234602808952,319.722715348005,8.76869577169418,1429.16434875131,0.860888600349426,1914.4888856709,6.340560734272,2336.27674996853,3.10248929262161,3864.98127648234,0,561.763914823532,75.775694668293,103.56038159132,4.58655476570129,333.31907004118,110.502390056849,76.9513475000858,20.2895981669426,162.349469900131,7.27523797750473,0,0,112.024069041014,57.5407772064209,28.0075328350067,55.614915728569,18.4103844761848,28.6533370018005,181.546219706535,11.6779228448868,39.1930250525475,0.638032376766205,153.262146413326,0,208.392075031996,0.741080522537231,58.4659704864025,0,328.085650086403,0.963690221309662,152.843064904213,0,227.748879998922,0,48.205949395895,0,49.9680726826191,0,1185.28720477223,13.2373839616776,443.01623365283,1.36016643047333,355.98321646452,1.74793642759323,709.780090391636,2.14441275596619,176.573234587908,0,310.712572932243,41.7211363315582,221.889137148857,15.4511417150497,698.98847925663,66.1689085364342,2092.06649908423,10.982715845108,108.992865622044,0,547.822794646025,17.2287500500679,282.093435704708,1.19570922851562,1142.12141788006,1.36237347126007,1318.33359849453,0,327.738539338112,0,230.15612912178,0,144.292262405157,0,4.62280106544495,0,0.975650489330292,0,23.5478761792183,0,1.15964591503143,0.844679951667786,7.18866163492203,0,0,0,1.17196440696716,0,0.844216048717499,0,2.64672237634659,0,0,0,0,0,0,0.734264433383942,0,0
0,137.139447450638,5.06269842386246,98.3396331071854,3.37666344642639,276.380829542875,6.30539864301682,206.07646253705,0,98.2004620432854,0,736.405581951141,0,832.932916104794,4.48617076873779,1660.38631996512,0,1673.80482029915,11.1474589109421,96.4404740333557,0,63.7351906895638,15.8842199742794,58.4035823941231,3.9826782643795,25.495582908392,1.19243854284286,45.1770112812519,0,0,6.40543532371521,24.5552783608437,2.22356992959976,5.33169275522232,0.495945006608963,0.766654849052429,1.42180728912354,64.944692492485,0,5.30724865198135,0,399.815215170383,4.63503959774971,21.5148248672485,0,28.4065399765968,0.772547125816345,51.1125885546207,0,50.9097228348255,0,80.168748408556,0,4.96324706077576,0,13.1770237088203,0,432.019817233086,0.772225618362427,58.1500336229801,0,177.254673033953,0,396.256274342537,0.81647402048111,136.053352594376,4.36920684576035,29.6430040001869,1.83438086509705,14.8918355703354,12.0536046624184,170.909716129303,0,4591.1700284481,0,26.4651575088501,10.1387324035168,117.449086427689,0,392.388596504927,0,424.7185754776,0,440.299120247364,0,163.587907761335,0,31.2385120689869,0,78.549891024828,0,7.90775918960571,0,0.515482664108276,0,9.07740169763565,0,0,0,11.9008687734604,0,0.696108996868134,0,0,0,0,0,3.15095567703247,0,0,0,0,0,0,0,1.59200477600098
1.83236116170883,2.15063685178757,168.901582658291,198.435712963343,125.355667740107,88.832267999649,36.9967675805092,59.249764084816,61.3199925124645,87.8751525878906,9.73099106550217,18.506495475769,28.6490606069565,11.2304199934006,117.960361003876,47.6579010486603,0,3.95775842666626,430.729626089334,163.202056497335,699.243042349815,183.775205910206,3068.13485047221,855.232525497675,503.362617611885,432.214506566525,286.14609631896,79.4484968185425,112.024069041014,6.40543532371521,0,675.8586396873,1450.746702075,245.535450398922,336.183727920055,3.43319582939148,5.55483931303024,0,0,0,13.1085276007652,3.52523717284203,77.7513149380684,0,28.209661513567,0,13.6723178327084,0,0,0,0,0,0,0,0,0,1.87738829851151,0.820553302764893,0,0,0,2.26589184999466,0,0,1.15044224262238,0,730.499825596809,3.90842795372009,17.0209745764732,4.18075317144394,854.091977059841,292.030545860529,196.422650635242,62.4389002621174,14.7275125682354,9.72663170099258,83.8237528204918,44.1887198090553,0,0,0,0,7.33394771814346,0,0,0,3.3701243698597,0,0.577931880950928,0,0,0,0,0,0.847701907157898,0,0,0,0,0,0,0,0,0,0,0,0,0,0,0,0,0,0,0,0,0
4.74478530883789,11.8806937932968,402.934556156397,323.646263301373,221.78799918294,154.571667075157,152.6195782125,63.5756821632385,142.29406195879,126.846828430891,14.1722327470779,27.6285956501961,41.8070101737976,24.1963520050049,83.3972210884094,141.559921622276,0,5.56605839729309,300.249006956816,402.636268675327,27.2966290712357,586.649254918098,1420.85760298371,2807.0474922955,400.800184458494,717.656896233559,126.077495753765,253.09004253149,57.5407772064209,24.5552783608437,675.8586396873,0,124.039188563824,2224.58747169375,5.56472671031952,133.26284635067,2.21081852912903,3.08972656726837,0,1.35585072636604,0,28.0995489954948,0,25.5435574054718,0,11.7911527454853,0,56.694821625948,0,0,0,0,0,0,0,0,0,1.95729404687881,0,1.79937368631363,0,5.9462978541851,0,5.19778963923454,0,3.59868210554123,4.05723443627357,569.718436121941,0,3.95038652420044,563.065021753311,752.386969745159,230.11743927002,195.98482298851,21.6599228382111,22.7029159069061,85.9728432297707,117.25830245018,0,0,0,3.0521485209465,0,2.86756455898285,5.8824200630188,0,0,0,0,0.586572349071503,0,0,0,0,3.65986400842667,2.82739508152008,0,0,0,0,0,0,0,0,0,0,0,0,0.987276375293732,0.576530635356903,0,0,0,0,0,0.61815345287323
19.5645312070847,30.1052990555763,68.4424389600754,91.5253010690212,22.115496635437,0.463999062776566,6.57963639497757,70.0822847187519,9.68463402986526,0,4.98689815402031,13.7611567378044,7.24459928274155,7.84698247909546,15.963875234127,1.41538083553314,0.904744446277618,1.77880710363388,2683.53416678309,419.50801423192,45.3032227754593,10.9439340829849,958.188292205334,178.563616126776,45.8510951399803,22.8421714901924,22.0592391192913,1.08407226204872,28.0075328350067,2.22356992959976,1450.746702075,124.039188563824,0,462.140836060047,1467.67461329699,19.0341086387634,4.22864663600922,5.80047869682312,23.9811027646065,0,5.46331548690796,0,192.154809981585,0,100.408375322819,3.67722535133362,44.893545717001,1.1114776134491,0.977602303028107,0.860967874526978,3.86467438936234,0,0,0,0.449680089950562,0,5.34163224697113,43.6932890415192,29.0534430146217,43.3000577688217,5.37000873684883,4.06357419490814,1.02362921833992,9.3596448302269,1.24905639886856,4.1166455745697,6569.28921708465,110.116950333118,1888.21805900335,100.535716176033,192.40709489584,80.408774882555,90.2099609375,16.6005769073963,24.678788125515,2.74162316322327,121.771674215794,35.5852144062519,0,0,6.17198997735977,3.55211633443832,0.849214971065521,0,2.42516875267029,1.1424947977066,0,0,0.953794240951538,1.30976545810699,0,0,0,0,0.991797149181366,0.750816822052002,0,1.14636468887329,0,0,0,0,0,0,0,0,0,0,0.790330171585083,0,0,0,0,0,0,0
238.768758714199,107.847246706486,165.384774267673,157.177825450897,0.762910485267639,6.32259351015091,80.9177301824093,46.2128399014473,1.62727868556976,2.59827560186386,41.5821095705032,38.991353303194,21.3497279286385,13.1934696733952,2.57538568973541,7.35290557146072,13.8320410847664,12.4337922334671,1825.48182171583,5019.77064794302,0,16.7461121976376,480.121863156557,1803.69597697258,2.65198028087616,3.03192931413651,0,8.95495054125786,55.614915728569,5.33169275522232,245.535450398922,2224.58747169375,462.140836060047,0,94.094468832016,937.543088585138,27.9115535020828,17.1210100650787,9.74536073207855,17.4021182060242,0,0,5.61121934652328,69.1476855278015,3.52218741178513,111.37367016077,1.9340432882309,123.09084379673,2.04668486118317,42.1533363163471,1.17147731781006,28.0800885558128,0,0,0.589495956897736,0,95.4267522096634,242.534341901541,51.8112801909447,272.011466354132,21.7973569631577,15.1712355911732,5.85187518596649,31.7539134323597,1.84845560789108,14.0603772997856,888.385841816664,6440.20571437478,1298.11925986409,2388.85259649158,350.87377846241,312.973147988319,138.790105760098,73.7359546720982,62.5459371805191,24.0022092163563,574.74702256918,352.808841466904,0,2.80042394995689,3.91776752471924,12.123243868351,0,0.487311959266663,6.35845708847046,3.23867857456207,0,0,2.30269038677216,2.26817965507507,0,0,0,0,6.55762314796448,8.04713898897171,1.42654144763947,0,0,1.84676623344421,0,0,0,0,0,0.516603827476501,4.58831477165222,0,1.46366542577744,0,0,0,0,0,0,0
0,0,9.89716973900795,0,1.05245077610016,0,0,0,0,0,8.98904347419739,0,2.29285961389542,0,0,0,3.87860548496246,0,131.484421789646,0.909069299697876,10.4262735247612,0.604568898677826,239.462060600519,0,3.32566946744919,1.45036506652832,2.94123229384422,0,18.4103844761848,0.495945006608963,336.183727920055,5.56472671031952,1467.67461329699,94.094468832016,0,261.941655039787,114.614211380482,69.6130140721798,30.5799241364002,21.1411639451981,10.8477566242218,0.903915524482727,449.6490906775,312.53229495883,255.527851253748,328.545558691025,130.353711843491,121.180451452732,137.073329687119,252.855946362019,20.2737812399864,73.7613924145699,1.2389360666275,4.75189477205276,3.39311128854752,14.2084840238094,7.42858064174652,26.4463714361191,108.198313951492,59.9695915579796,33.9401001036167,22.2352141737938,25.0474436879158,18.0774419605732,10.8230273425579,39.7904663085938,3228.64099082351,559.586345851421,8.52867463231087,10.5314231514931,36.3346191048622,6.82624533772469,55.0155671834946,23.611663043499,1.75217127799988,7.25476738810539,114.37155687809,52.7786586880684,6.58318883180618,0.537127017974854,55.6624353826046,16.6318396031857,5.18867665529251,1.69745016098022,36.6028342843056,14.5948397517204,1.29800260066986,0,23.9941903650761,26.5709186196327,0,1.18215239048004,0,0,5.30227482318878,0.634176909923553,0,0,0,0,0,0,0,0,3.01695042848587,0,0,0,0,0,0,0,0,0,0,0
10.8824844360352,0,0,1.53507286310196,0,0.557798624038696,0,0,0,0,1.44951218366623,0.44759464263916,0,0,0,0,3.00174158811569,0.71448940038681,4.611582249403,6.81983989477158,0,0.854983806610107,0.454790562391281,45.7456920444965,0,0,0,0.650449633598328,28.6533370018005,0.766654849052429,3.43319582939148,133.26284635067,19.0341086387634,937.543088585138,261.941655039787,0,129.562422692776,93.8493640720844,33.1875888109207,73.4574744701385,12.6478437185287,3.45884132385254,199.288777649403,384.487700015306,178.876717627048,317.140272349119,70.7856174111366,224.111441373825,146.921337991953,145.89372035861,36.9836155772209,54.3846624195576,1.54071420431137,0,3.47880083322525,33.647560685873,2.96304422616959,2.73615968227386,147.632783859968,38.8265736103058,49.9761614203453,18.4305262565613,26.3241077065468,12.5375157296658,13.432136118412,33.230305314064,690.946722120047,2355.75404727459,0.84875750541687,0,23.6499161720276,2.21383419632912,46.6610690951347,22.9368697404861,4.59583979845047,4.80875250697136,120.983654737473,48.2374377846718,4.0819011926651,1.69308966398239,48.2711724638939,34.0371938347816,7.80865263938904,1.48207610845566,36.2506750822067,25.4467259645462,2.1743757724762,0,14.7294562458992,26.3497008085251,0,0.823522806167603,0,0,1.43827819824219,4.05478256940842,0,1.1471791267395,0,0,0,0,0,0,0,0,0,0,0,0,0,0,0,0,0,0
410.640413582325,0,72.96618527174,0.607684016227722,15.9154002070427,0,37.8656567931175,0,2.76816982030869,0,21.4714892506599,0,5.73227655887604,0,8.17333835363388,0,20.2090741991997,0,137.246004462242,8.96603804826736,81.364999294281,2.63313150405884,10.9792606830597,0,4.32156711816788,0,55.1711935997009,9.3412858247757,181.546219706535,1.42180728912354,5.55483931303024,2.21081852912903,4.22864663600922,27.9115535020828,114.614211380482,129.562422692776,0,236.984856426716,1568.31991952658,18.9131960570812,559.311423033476,14.8193653821945,739.902575612068,183.303680628538,377.128942012787,178.521513879299,1304.70365515351,62.5184004306793,472.089933842421,139.833189308643,445.739291876554,46.2494295537472,71.2141807973385,3.80512017011642,957.72247877717,3.50390619039536,322.319816321135,24.9594249427319,491.725178390741,24.4601615965366,208.894360512495,20.1581961512566,55.6376945972443,14.1316768527031,173.655983775854,27.2292019128799,802.625795066357,444.294419765472,321.755734443665,7.45470076799393,397.450357764959,43.2656418681145,702.461123406887,21.450175344944,1685.83898815513,102.840513914824,3870.46992012858,84.8707384765148,5.2194721698761,0.574565231800079,108.102035045624,15.4308192133904,424.14149749279,0,166.671291619539,2.45338666439056,1856.95203360915,1.58065438270569,1322.27389618754,5.92694568634033,50.3114404976368,115.422046214342,43.6998575031757,99.4829941987991,223.439579874277,55.8145229518414,154.254386097193,40.9162366986275,46.2578487992287,47.5787917375565,32.5402774512768,22.7907803058624,55.273129940033,128.775443822145,97.1909147799015,79.5633344054222,55.0077633857727,18.2932280898094,24.2228774726391,37.8985517024994,9.90271282196045,4.1526620388031,5.07672768831253,5.60895290970802,1.06852471828461,22.7930481135845
0,128.94442653656,0,16.8206609487534,0,22.4236176609993,0,9.66646701097488,0,9.31738612055779,0,1.09683048725128,0,2.13165980577469,0,22.3687428832054,4.30921500921249,2.42128500342369,1.19410872459412,20.7053779959679,22.8773523569107,30.0695772171021,0,3.96656441688538,0,4.2811918258667,67.4023580551147,76.5630943775177,11.6779228448868,64.944692492485,0,3.08972656726837,5.80047869682312,17.1210100650787,69.6130140721798,93.8493640720844,236.984856426716,0,50.7614326775074,1786.64758786559,9.19255000352859,806.963878780603,128.807717144489,363.810651987791,47.7829355895519,336.671863585711,102.22626131773,1376.58412772417,19.3747155368328,484.47559261322,13.4225555062294,461.396121054888,0,57.8930054008961,0,1755.10486873984,4.47415208816528,110.045102804899,116.909150898457,156.365482777357,52.4348231256008,116.533897101879,14.4817976653576,39.5470871031284,33.41916847229,371.819488793612,687.333081811666,483.386006444693,3.39620512723923,43.048874437809,45.0338415503502,121.658155620098,27.588496863842,503.473760783672,31.3018801808357,620.469762831926,178.64959359169,4185.07761442661,0.681461930274963,5.13898313045502,25.8759252727032,47.8736359477043,0,352.908947646618,0,368.169566273689,2.93089526891708,1068.10580676794,2.18668580055237,1543.6517996788,13.5222281217575,91.1968621611595,9.30322700738907,34.2120554149151,23.7091081738472,276.158583939075,33.8491551578045,39.3549776077271,7.45239925384521,79.6719802320004,15.3278869688511,7.31477439403534,19.0065469145775,39.6715804338455,23.815013051033,50.6549603044987,15.9518752098083,12.8556972742081,15.2948047816753,24.0637828111649,11.7124245762825,0.827161192893982,0,0,1.76402178406715,3.39201062917709
156.765178322792,7.48726797103882,15.407488822937,4.77934193611145,2.74250757694244,0,12.2589412331581,2.07659482955933,0,0,8.67950183153152,0,3.49458563327789,0,0,0,9.15107959508896,0,32.0918917655945,5.34854865074158,19.6539725065231,1.29656636714935,1.96656262874603,0,0,0,25.6135988235474,7.36931473016739,39.1930250525475,0,0,0,23.9811027646065,9.74536073207855,30.5799241364002,33.1875888109207,1568.31991952658,50.7614326775074,0,29.6612568199635,417.153724551201,0,808.879044622183,9.56634032726288,322.962978988886,4.00220561027527,1099.31247770786,3.10173463821411,183.505524009466,0,107.427555561066,1.13018202781677,12.1710052490234,0,1351.18369612098,0,156.723829984665,1.25134289264679,219.573337763548,1.27160954475403,66.4355693161488,0,32.7357242107391,0.930522799491882,53.4916259646416,0,480.67389151454,33.4014359116554,121.038227200508,1.86888217926025,88.687282294035,10.1255048513412,250.357018530369,10.417450606823,186.502980142832,67.9068945944309,453.248296499252,57.616135507822,3.67609775066376,0,27.6284958422184,0,247.546617686749,0,35.3814346790314,0,286.100132465363,0,283.75845465064,0,103.298575460911,251.904658734798,90.7724995315075,116.724946171045,118.393065154552,172.974700629711,176.947797507048,78.1902832686901,44.5005061328411,99.4227616786957,65.3541627526283,43.858401030302,101.256409794092,128.13181912899,94.4286867678165,74.8861201703548,119.874760657549,28.1854847073555,15.6023782491684,6.51171526312828,18.6548483669758,2.53066352009773,7.55159994959831,1.21032172441483,3.38592380285263,15.4219815135002
1.56760764122009,56.1201624274254,0,4.5012503862381,0,0,0,6.24356174468994,0,0,0,0,0,2.28479796648026,0,1.30616676807404,0,5.78696697950363,1.58319985866547,2.74244004487991,0,3.15530967712402,0,0,0,0.813147723674774,6.82074022293091,0.974474370479584,0.638032376766205,5.30724865198135,0,1.35585072636604,0,17.4021182060242,21.1411639451981,73.4574744701385,18.9131960570812,1786.64758786559,29.6612568199635,0,0,777.701040506363,18.7357098758221,507.184560656548,3.56440621614456,153.931860744953,2.51583909988403,1149.45941385627,2.3022255897522,96.2345527112484,0,78.8693590760231,0,10.2031867802143,0,2127.16305521131,0,182.353382349014,2.33631366491318,53.5467615127563,0,26.6000025868416,0,22.4978322982788,0,69.0347936153412,25.2415356636047,444.137578189373,0,60.5679557919502,4.35862350463867,40.0297695398331,5.64493656158447,74.8819546699524,17.365053653717,90.1557615995407,10.8968862891197,179.153216004372,0,0,0,21.3235624730587,0,240.409796118736,0,54.8195857703686,0,328.348884999752,0,232.377066344023,5.92738419771194,31.9009271264076,12.8568820953369,23.9573940932751,9.76067450642586,63.3773410022259,35.3276031017303,88.074821472168,4.5586356818676,21.9844166040421,7.60931864380836,11.868990957737,18.4811837375164,55.5250232219696,19.2436141967773,31.049358189106,23.0232074856758,9.06206730008125,4.22466030716896,2.2315109372139,8.82036349177361,0,0.581570088863373,0.863543927669525,1.41461870074272,6.30352979898453
1.57009184360504,0,0,0,46.7769886851311,0.930001437664032,1.06735813617706,0,3.90436327457428,0,0,0,0,0,8.92910569906235,0,0,0,0,0,107.310228824615,1.01514732837677,1.50980499386787,0,8.39394044876099,0.690243065357208,37.3784464597702,4.57682406902313,153.262146413326,0,13.1085276007652,0,5.46331548690796,0,10.8477566242218,12.6478437185287,559.311423033476,9.19255000352859,417.153724551201,0,0,16.1908641457558,96.8493356704712,0,23.7737457454205,0,157.070476412773,0,31.1582498848438,0,66.9068442881107,0,16.7859269082546,0,39.0354761183262,0,0.708361029624939,0,40.8386162221432,0,17.0941597819328,0,0,0,16.2141450941563,0,52.7042691111565,4.80056834220886,0,0,152.246487051249,39.3152122497559,551.623933434486,2.47562438249588,333.480447292328,35.0493988990784,230.54636657238,0.769055068492889,0,0,10.4484337568283,0,454.090042114258,0,19.6097282767296,0,752.839729011059,2.80475306510925,102.203492671251,2.43453866243362,1.98435348272324,0,0.816659450531006,0.361734867095947,12.5274550914764,0.576616227626801,0.686765730381012,0.573653638362885,5.1278480887413,0,0,0,0.565004706382751,0,5.94624292850494,2.10524243116379,0,0,0.86098039150238,2.55372834205627,0,0,0,0,0,0.608554363250732
0,0,0.701349377632141,3.02625626325607,3.14569222927094,465.416525036097,0,1.68913125991821,0,69.9037409424782,0,0,0,0,0,153.207822561264,0,0,0,0,23.5314789414406,350.747723758221,2.85901612043381,6.3473100066185,0.566407680511475,46.5842836201191,9.20772182941437,384.852184265852,0,399.815215170383,3.52523717284203,28.0995489954948,0,0,0.903915524482727,3.45884132385254,14.8193653821945,806.963878780603,0,777.701040506363,16.1908641457558,0,36.0630367398262,37.3874790668488,1.41180348396301,48.757835239172,4.2393690943718,357.377240628004,0,78.8604638278484,0,114.948948025703,0,22.8858650326729,0,431.563071519136,0,0,0,0.691312730312347,0,1.22747564315796,0,6.57189565896988,0,18.5749244391918,0,15.6772829890251,0,0,57.9426435828209,239.718864351511,30.9193255901337,1397.06938412786,29.9711265563965,473.542684316635,4.23086708784103,82.2252229452133,0,0,0,8.81325262784958,1.65591776371002,1752.20620805025,1.4967987537384,145.550987333059,11.0318968296051,2368.14761999249,12.0023059844971,474.73536747694,0,13.8620894551277,0,0,0,3.38999545574188,0,0,0,29.3722651600838,0,0,0,0,0.438042551279068,2.68451011180878,0,0,0,0,0,0,0,0,0,0
2.0165633559227,0,2.37067204713821,0,0.953550577163696,0,0,0,0,0,6.99164754152298,0,0,0,0,0,1.10257518291473,0,60.8770432174206,0,3.12945175170898,0,72.1874035596848,0,0,0,0,0,208.392075031996,4.63503959774971,77.7513149380684,0,192.154809981585,5.61121934652328,449.6490906775,199.288777649403,739.902575612068,128.807717144489,808.879044622183,18.7357098758221,96.8493356704712,36.0630367398262,0,3553.53607147932,10345.9163089991,1756.37103962898,9512.24593824148,1911.67792227864,2376.61295258999,1212.54137450457,1175.50660005212,195.231761842966,208.104525446892,1.71683046221733,295.113602042198,57.1420506536961,0,4.45454096794128,251.073981046677,24.817435324192,20.2955724000931,5.51358580589294,13.3500896692276,0.940201938152313,6.09779167175293,44.5178335309029,3020.46888595819,682.490231454372,0,2.63381552696228,12.9477404952049,0,311.284990429878,61.6187997460365,13.260710388422,7.64854347705841,513.459146976471,55.0268301963806,1.59456014633179,0,173.319804400206,12.8965047895908,67.7283451259136,2.45778858661652,259.623877614737,25.8361876606941,23.0385022759438,0.474094867706299,296.216482251883,16.8936243355274,121.515366792679,123.962900280952,0,0,12.351767539978,1.32920134067535,2.89928305149078,0.358821421861649,172.381237477064,219.200960546732,0,0,0,0,0,0,0,0,0,0,0,0,0,0,0,0
0,0,0,0,0,0.518954455852509,0,0,0,0,0,0,0,0,0,0.88222861289978,0,0.474598675966263,0,1.99657595157623,0,0,0,5.45124751329422,0,0,0,0.562124788761139,0.741080522537231,21.5148248672485,0,25.5435574054718,0,69.1476855278015,312.53229495883,384.487700015306,183.303680628538,363.810651987791,9.56634032726288,507.184560656548,0,37.3874790668488,3553.53607147932,0,1053.97985842824,8659.91790691018,216.802462548018,7358.35993394256,297.317254602909,2859.69654601812,46.1715133190155,467.528603136539,0,476.704886108637,2.58823263645172,395.238050997257,0,1.16908103227615,173.182012975216,17.535348713398,9.94425898790359,4.11465412378311,3.05225485563278,3.29398334026337,8.31063556671143,22.2568020522594,983.277380734682,2956.87685862184,0.822818517684937,1.41981959342957,1.57449269294739,5.68904766440392,9.05260014533997,206.796133995056,0.612103760242462,38.0825761854649,60.8567298054695,238.860026717186,0.839587986469269,0.563217222690582,5.26313811540604,48.4133621752262,0,28.4848780930042,0.472080886363983,90.3317094147205,0,8.76791444420815,0.955643832683563,69.1826728284359,0,168.641956329346,0,0,0,24.6186454892159,0,10.9475783109665,0,250.895280748606,0,0,0,0,0,1.33392727375031,0,0,0,0.973891645669937,0,0,0,0,0,0
0,0,0,0,0,0,0,0,0,0,0,0,0,0,0,0,0,0,5.71850565075874,0,0,0,4.64696151018143,0,0,0,0,0,58.4659704864025,0,28.209661513567,0,100.408375322819,3.52218741178513,255.527851253748,178.876717627048,377.128942012787,47.7829355895519,322.962978988886,3.56440621614456,23.7737457454205,1.41180348396301,10345.9163089991,1053.97985842824,0,1921.2395144403,1773.36093920469,74.2482579350471,2355.37190383673,357.089481890202,253.363006442785,77.4090201258659,96.9512824416161,0,206.897133857012,5.12636056542397,0,0,531.334567397833,14.1706849336624,10.8123347759247,2.12182980775833,5.37431991100311,1.77076572179794,0,34.8931599855423,2769.95080918074,449.718816071749,0,0.950586557388306,6.63331711292267,0,154.278034806252,6.14639383554459,7.59528112411499,0,280.522548705339,10.3422013521194,2.23676002025604,0,70.2789786756039,0,4.27359318733215,0,61.0354563891888,2.11844217777252,0.554202377796173,0,69.821039378643,0,3.31435549259186,0,0,0,7.10737919807434,0,0,0,1.57409620285034,2.2635612487793,0,0,0,0,0,0,0,0,0,0,0,0,0,0,0,0
0,0,0,0,0,0,0,3.35613191127777,0,0,0,0,0,0,0,0,1.01031625270844,0,0,2.43103924393654,0,0,0,0,0,0,0,0,0,28.4065399765968,0,11.7911527454853,3.67722535133362,111.37367016077,328.545558691025,317.140272349119,178.521513879299,336.671863585711,4.00220561027527,153.931860744953,0,48.757835239172,1756.37103962898,8659.91790691018,1921.2395144403,0,80.3918454647064,1776.53822150826,41.3019717931747,5131.46376845241,8.38186150789261,1338.21606403589,0,117.92056453228,0,693.928836077452,0,6.39685028791428,35.8894803524017,100.260941803455,3.51185017824173,10.7484518289566,1.65815353393555,4.2934173643589,5.43039041757584,42.9223437309265,839.830044031143,3044.85890319943,0,0,0.558870255947113,2.82579779624939,0,283.319839894772,0,49.9394737482071,59.1974783837795,258.360272318125,0,1.66642087697983,0.77482944726944,101.541005343199,0,6.58666262030602,2.49698686599731,155.453045815229,0,1.88447362184525,0,150.514453083277,0,30.7555398643017,0,0,0,11.2421989440918,0,1.99851730465889,0,26.6562139093876,0,0,0,0,0,0,0,0,0,0,0,0,0,0,0,0
7.96426558494568,0,7.42189490795135,0,6.96711939573288,0,12.2612783610821,0,0.721405267715454,0,1.87729263305664,0,1.91258630156517,0,2.96894386410713,0,1.43691396713257,0,30.3842587172985,0,14.199823319912,0,14.7557567358017,0,0,0,2.45344609022141,0.93246728181839,328.085650086403,0.772547125816345,13.6723178327084,0,44.893545717001,1.9340432882309,130.353711843491,70.7856174111366,1304.70365515351,102.22626131773,1099.31247770786,2.51583909988403,157.070476412773,4.2393690943718,9512.24593824148,216.802462548018,1773.36093920469,80.3918454647064,0,142.932412654161,1033.10601615906,50.5781693458557,1505.53395482898,56.32067912817,1936.4869197309,0,2825.10872161388,9.33696508407593,2.30746287107468,3.50894713401794,127.488026708364,15.2702931165695,30.6224674582481,3.52423238754272,10.0074338018894,3.25426191091537,28.1610459089279,28.7779933214188,927.245589375496,210.698667645454,9.56674829125404,2.35723429918289,31.6285979449749,1.22492027282715,388.969987392426,8.34919136762619,35.7068206369877,2.64521586894989,523.236393123865,18.7750501036644,0.533714592456818,0,211.505742013454,0.509799838066101,158.342224538326,0,442.818237036467,1.41692817211151,203.531648635864,1.06918275356293,978.083209693432,0,141.035499811172,0,0,0,37.1683811545372,0,31.6679728925228,0,88.7840006649494,0,0,0,0,0,1.87580990791321,0,1.40115642547607,0.567507684230804,0.900185286998749,38.733767926693,0,0,0,0,0,0
0,3.93028396368027,0,4.12736189365387,0,0,0,1.63910514116287,0,0,0,0,0,0,0,0.81310898065567,1.1870299577713,1.29919826984406,0,0,1.37004339694977,1.82275390625,0,6.43123635649681,0,0.584287762641907,0.939313888549805,0.85774427652359,0.963690221309662,51.1125885546207,0,56.694821625948,1.1114776134491,123.09084379673,121.180451452732,224.111441373825,62.5184004306793,1376.58412772417,3.10173463821411,1149.45941385627,0,357.377240628004,1911.67792227864,7358.35993394256,74.2482579350471,1776.53822150826,142.932412654161,0,8.09858769178391,1245.41523641348,0,543.992466151714,0,871.938689172268,0,3559.28034180403,1.22750115394592,6.26752549409866,13.8362492322922,25.249226808548,3.64063441753387,5.71920073032379,2.7116025686264,6.76066875457764,0,46.2724652588367,231.223891586065,1209.42753532529,0,3.8736320734024,4.02270692586899,16.7913826107979,8.50942867994308,486.568475246429,0.649862825870514,105.979929804802,26.0982267260551,975.839258462191,0,3.5861006975174,2.50413554906845,80.4089612364769,0,92.1901899576187,0,295.632070362568,0,78.32244977355,0,336.944108784199,0,1545.15512111783,0,3.5873259305954,4.50144743919373,88.4456457495689,4.0385075211525,55.9104846417904,0,1644.8506808579,0,0,0,0.505888521671295,0,6.2551332116127,0,1.43325448036194,3.68302851915359,157.740203440189,0.408932626247406,0,0,0.957790672779083,0,2.69360455870628
2.40559482574463,0,0,0,0,0,0,0,0,0,0,0,0,0,0,0,3.69492733478546,0,0.73994904756546,0,2.13474977016449,0,0,0,0,0,0,0,152.843064904213,0,0,0,0.977602303028107,2.04668486118317,137.073329687119,146.921337991953,472.089933842421,19.3747155368328,183.505524009466,2.3022255897522,31.1582498848438,0,2376.61295258999,297.317254602909,2355.37190383673,41.3019717931747,1033.10601615906,8.09858769178391,0,34.1368034482002,4510.71139213443,11.9912250041962,489.621148377657,0,815.12574082613,0,0,0,1988.73786082864,0,141.028207242489,0,2.94679164886475,0,21.7333211898804,1.12628817558289,1178.58332315087,248.92087289691,0,0,3.29901874065399,0,337.931295186281,0,15.7334285378456,0,646.747702777386,3.32138508558273,4.81123375892639,0,256.888789981604,0,28.4865698814392,0,272.8685105443,0,0.705814003944397,0,267.181095391512,0,7.79977142810822,0,0,0,13.479745477438,0,4.16461759805679,0,6.51048839092255,0,0,0,0,0,0,0,0,0,0,0.962247669696808,0,0,0,0,0,0
0,0,0,1.87731873989105,0,0,0,9.21898865699768,0,0,0,0,0,0,0,0,0,0,0,2.55972301959991,0,0,0,0,0,0,0,0,0,50.9097228348255,0,0,0.860967874526978,42.1533363163471,252.855946362019,145.89372035861,139.833189308643,484.47559261322,0,96.2345527112484,0,78.8604638278484,1212.54137450457,2859.69654601812,357.089481890202,5131.46376845241,50.5781693458557,1245.41523641348,34.1368034482002,0,9.517622590065,6442.86358225346,0,628.882947266102,0,1640.88382461667,1.70107531547546,15.8399621844292,20.6097151041031,295.580279529095,1.78758180141449,69.5317344069481,0,9.16574919223785,0,331.505868792534,566.988159954548,1098.60002604127,0,4.26154607534409,3.52106273174286,10.3684675097466,0,474.343002706766,0,84.3146383166313,59.3213430047035,343.776026725769,0.69905948638916,8.09829318523407,0,170.142166852951,0,13.73893648386,2.05295562744141,243.754461616278,0,0.834529995918274,0,253.816339015961,0,24.7227104306221,0,0,0,26.5761567950249,0,0,0,51.9377759099007,0,0,0,0,0,0,0,0,1.2164466381073,0,0,0,0,0,0,0
37.4338780045509,0,1.23884904384613,0,0,0,30.7723423242569,0,0,0,6.04201686382294,0,2.81261646747589,0,0,0,7.37675589323044,0,2.04039001464844,0,0.911995768547058,0,0,0,0,0,0,0,227.748879998922,0,0,0,3.86467438936234,1.17147731781006,20.2737812399864,36.9836155772209,445.739291876554,13.4225555062294,107.427555561066,0,66.9068442881107,0,1175.50660005212,46.1715133190155,253.363006442785,8.38186150789261,1505.53395482898,0,4510.71139213443,9.517622590065,0,5.51599097251892,3810.71389332414,0,1299.69728291035,0.778986990451813,25.5835120081902,0,1964.7200653851,0,783.479534447193,0,44.0216706991196,0,909.31559458375,0,537.407283008099,80.2567844986916,0.787565469741821,0,21.7887190580368,0,433.571000933647,0,12.1575106978416,0,548.392353028059,1.42354065179825,12.5535182356834,0,507.932165265083,0,120.520009577274,0,3311.91023537517,0,19.0462844967842,0,1291.24729189277,0,35.4039551615715,0,0,0,44.4220743775368,0,3.85416102409363,0,4.47849863767624,0,0,0,0,0,0,0,0,0,0,2.53970158100128,0,0,0,0,0,0
0,2.40090882778168,0,0,0,0,0,3.00935482978821,0,0,0,0.994860589504242,0,0,0,0,0,1.0268979370594,0,8.50294351577759,0,0,0,0,0,0,0,0,0,80.168748408556,0,0,0,28.0800885558128,73.7613924145699,54.3846624195576,46.2494295537472,461.396121054888,1.13018202781677,78.8693590760231,0,114.948948025703,195.231761842966,467.528603136539,77.4090201258659,1338.21606403589,56.32067912817,543.992466151714,11.9912250041962,6442.86358225346,5.51599097251892,0,0,3949.13077902794,0,1972.39702340961,0.879948019981384,17.5965548753738,13.3224600553513,324.828234434128,0.993076741695404,34.1524126827717,0,11.7647259831429,0.957726180553436,619.121314108372,269.058409273624,574.746259778738,0,2.28354275226593,1.52039420604706,8.86350899934769,0,428.914207905531,0,89.9801262617111,20.2620894908905,405.966504454613,0,11.3174242973328,0,380.558785706758,0,92.5722561478615,0,4023.44606363773,0,18.1878810226917,0,1429.80356490612,0,5.58823186159134,0,0,0,54.8685500919819,0,0,0,28.9217921197414,0,0,0,0,0,0,0,0,0,2.80875718593597,0,0,0,0,0,0
7.0073407292366,0,0,0,0,0,3.20722484588623,0,0,0,2.04461121559143,0,0,0,0,0,0.725928246974945,0,0,0,0,0,0,0,0,0,0,0,48.205949395895,0,0,0,0,0,1.2389360666275,1.54071420431137,71.2141807973385,0,12.1710052490234,0,16.7859269082546,0,208.104525446892,0,96.9512824416161,0,1936.4869197309,0,489.621148377657,0,3810.71389332414,0,0,0,1561.36670961976,0,10.5544347763062,0,23.1901828944683,0,15.8413088321686,0,2.65815687179565,0,60.8251922428608,0,30.4535714387894,2.58189058303833,0,0,3.67348378896713,0,58.3258879482746,0,5.14724397659302,0,67.1897178292274,0,0.57792055606842,0,37.5143004655838,0,13.7031120061874,0,447.779907613993,0,28.1992813944817,0,624.10085311532,0,37.39661860466,0,0,0,0,0,0,0,9.67033749818802,0,0,0,0,0,0,0,0,0,0,0,0,0,0,0,0,0
0,0,0,0,0,0,0,0,0,0,0,0,0,0,0,0,0,0,0,0,0,0,0,0,0,0,0,0,0,4.96324706077576,0,0,0,0,4.75189477205276,0,3.80512017011642,57.8930054008961,0,10.2031867802143,0,22.8858650326729,1.71683046221733,476.704886108637,0,117.92056453228,0,871.938689172268,0,628.882947266102,0,3949.13077902794,0,0,0,2924.61243000627,0,0,0,0,0,0,0,0,0,2.34533852338791,3.77935540676117,8.40307903289795,0,0,0,0,0,45.8447922766209,0,6.33212918043137,0,17.7926354408264,0,0,0,8.61045527458191,0,3.75398778915405,0,296.270306438208,0,2.05345964431763,0,928.554375052452,0,18.6607278883457,0,0,0,1.0209686756134,0,0,0,63.5955265760422,0,0,0,0,0,0,0,0,0,0,0,0,0,0,0,0
0,0,0,0,0.67625492811203,0,1.18284916877747,0,0,0,0,0,0,0,0,0,0,0,0,0,2.31798368692398,0,0,0,0,0,0,0,49.9680726826191,0,0,0,0.449680089950562,0.589495956897736,3.39311128854752,3.47880083322525,957.72247877717,0,1351.18369612098,0,39.0354761183262,0,295.113602042198,2.58823263645172,206.897133857012,0,2825.10872161388,0,815.12574082613,0,1299.69728291035,0,1561.36670961976,0,0,0,3.63139998912811,0,83.3724634945393,0,8.25122606754303,0,0.404708236455917,0,13.3067022562027,0,69.3602473437786,1.51250499486923,0,0,3.76472741365433,1.2104264497757,51.414349257946,0,12.9320051074028,1.99534970521927,70.9522398412228,0,1.50044012069702,0,25.4253877997398,0,125.957761615515,0,235.411934822798,0,599.333880096674,0,2814.3755376935,0,24.3852316141129,0,0,0,0,0,0.623891413211823,0,14.0083805918694,0,0,0,0,0,0,0,0,0,0,0,0,0,0,0,0,0
0,0,0,0,0,3.32434618473053,0,0,0,1.71061909198761,0,0,0,0,0,5.16067850589752,0,0,0,0,0,0.732634425163269,0,0,0,0,0,1.83424496650696,0,13.1770237088203,0,0,0,0,14.2084840238094,33.647560685873,3.50390619039536,1755.10486873984,0,2127.16305521131,0,431.563071519136,57.1420506536961,395.238050997257,5.12636056542397,693.928836077452,9.33696508407593,3559.28034180403,0,1640.88382461667,0.778986990451813,1972.39702340961,0,2924.61243000627,0,0,0,1.04657244682312,0.743020057678223,5.58230435848236,0,2.40155011415482,0,0.555260002613068,0,50.9265975654125,25.7165586650372,147.461596310139,0,0,0,12.6776167750359,0,103.053445219994,0.668376266956329,26.2328135669231,4.80394101142883,107.95419433713,0,0,0,22.1428467035294,0,67.9459009468555,0,652.02919870615,0,261.481502115726,0,2985.50796988606,0,36.3069016635418,0,0,0,3.67758905887604,0,9.06487983465195,0,191.205967634916,0,0,0,0,0,1.745660841465,0,0,0,1.20170629024506,0,0,0,0,0,0
8198.45370736718,9.53625696897507,223.874305069447,9.20963621139526,0,0,361.117219150066,19.7064482867718,0,0,418.299069553614,0,78.3807761669159,0,1.32909941673279,0,1366.86315107346,2.46867847442627,154.105959862471,51.8145194351673,0,0,3.53310313820839,0,0,0,0,0,1185.28720477223,0,1.87738829851151,0,5.34163224697113,95.4267522096634,7.42858064174652,2.96304422616959,322.319816321135,4.47415208816528,156.723829984665,0,0.708361029624939,0,0,0,0,0,2.30746287107468,1.22750115394592,0,1.70107531547546,25.5835120081902,0.879948019981384,10.5544347763062,0,3.63139998912811,0,0,44.0315283536911,1837.08984279633,8.34274053573608,4862.12032482028,6.80925112962723,1646.93268609047,19.1485379338264,512.471407413483,0,581.206917077303,47.858279645443,1466.66366434097,54.9266484677792,797.725892066956,24.2815192937851,1791.10095128417,1.97418171167374,558.257193386555,0,2439.66924524307,26.3357761502266,15.5096716284752,2.09316188097,152.818746954203,3.23295396566391,0.576735973358154,0,269.343566805124,0.733126103878021,0,0,178.085037618876,0,0,0,0,0,127.808236122131,2.65961241722107,18.6534206271172,0,0,0,0,0,0,0,7.00042748451233,0,7.75902432203293,0,1.7077511548996,2.62262898683548,0,0,0.774913251399994,0,0,1.87708210945129
0.523766160011292,11292.7222278118,0,220.270496994257,0,0,0,913.644789516926,0,0,0,257.411395430565,0,79.6840208470821,0,2.66728442907333,3.5241112112999,1387.99087560177,5.7205862402916,191.838965654373,0,0,0,15.3099577128887,0,0,0,0,13.2373839616776,432.019817233086,0.820553302764893,1.95729404687881,43.6932890415192,242.534341901541,26.4463714361191,2.73615968227386,24.9594249427319,110.045102804899,1.25134289264679,182.353382349014,0,0,4.45454096794128,1.16908103227615,0,6.39685028791428,3.50894713401794,6.26752549409866,0,15.8399621844292,0,17.5965548753738,0,0,0,1.04657244682312,44.0315283536911,0,13.8772996664047,1573.2183200717,12.2809535264969,2719.72346124053,12.2223930954933,2886.86070221663,3.55260574817657,182.123987168074,214.73800599575,601.704331755638,99.1777755618095,1317.212531358,88.5567948818207,823.965579807758,18.2945904135704,2750.73315933347,4.93125092983246,583.166519582272,331.592297673225,3031.74270415306,1.84388995170593,53.9038020968437,7.97114950418472,167.11454975605,0,2.97036519646645,0,54.2023712992668,0,0,0,52.5549421906471,0,0,0,0,1.24412167072296,243.367453843355,0,5.13622570037842,0,0,0,0,0,0,0,10.0833367109299,1.12263715267181,1.18904042243958,4.50865352153778,4.29763543605804,0,0,0,0,0,0.730679988861084
552.342832028866,0.608499646186829,336.41736882925,0,0,0,228.579125523567,0,0,0,53.6000978946686,0,6.54874217510223,0,0,0,75.2205323278904,0.482621908187866,359.194853931665,0,0.658254444599152,0,1.06135821342468,0,0,0,0,0,443.01623365283,0.772225618362427,0,0,29.0534430146217,51.8112801909447,108.198313951492,147.632783859968,491.725178390741,116.909150898457,219.573337763548,2.33631366491318,40.8386162221432,0,251.073981046677,173.182012975216,531.334567397833,35.8894803524017,127.488026708364,13.8362492322922,1988.73786082864,20.6097151041031,1964.7200653851,13.3224600553513,23.1901828944683,0,83.3724634945393,0.743020057678223,1837.08984279633,13.8772996664047,0,10.3794124126434,4221.3510658145,4.64408135414124,267.628191053867,0.714147210121155,645.462036728859,6.87381839752197,2578.33836111426,417.871370375156,565.025330215693,5.07574671506882,223.55298897624,2.90653043985367,642.701777935028,1.51429951190948,95.7228698730469,0.817274987697601,1209.41979280114,24.8369292020798,64.4285400509834,0.65727424621582,371.377524852753,6.92436808347702,12.0221706628799,0,233.207681357861,0,0,0,133.622627824545,0,0,0,0,0,61.0049555897713,0,11.1004886627197,0,0,0,0,0,0,0,0.746890425682068,0,0,0,0,0,0,0,0,0,0,0.587102353572845
0,448.939079165459,0,48.3556906282902,0,0,0,196.072516441345,0,0,0,61.689891576767,0,20.1147758364677,0,0,1.71947693824768,27.1995670497417,1.45291590690613,104.591723680496,0,0,0,4.89906191825867,0,0,0,0,1.36016643047333,58.1500336229801,0,1.79937368631363,43.3000577688217,272.011466354132,59.9695915579796,38.8265736103058,24.4601615965366,156.365482777357,1.27160954475403,53.5467615127563,0,0.691312730312347,24.817435324192,17.535348713398,14.1706849336624,100.260941803455,15.2702931165695,25.249226808548,0,295.580279529095,0,324.828234434128,0,0,0,5.58230435848236,8.34274053573608,1573.2183200717,10.3794124126434,0,7.88764035701752,1979.44962570071,5.72664141654968,526.748247981071,1.62885868549347,1345.18924045563,186.972174286842,1590.56658935547,25.290950357914,65.341707110405,35.1580069065094,162.968187183142,3.34835231304169,543.538601130247,0,128.608672142029,130.765629172325,844.752195000648,0,34.062606304884,4.96203625202179,194.206630915403,0,3.35371369123459,0,64.600658506155,0,0,0,116.372727245092,0,0,0,0,0,63.4481262266636,0,0,0,1.29062914848328,0,0,0,0,0,0,0,0,0,0,0,0,0,0,0,0
1223.25800105929,0,93.9371351599693,0,0,0,379.651081949472,0,0,0,636.952952355146,0,219.881943404675,0,0,0,578.040424615145,0,96.8923336267471,0,1.1814877986908,0,1.35430729389191,0,0,0,0,0,355.98321646452,0,0,0,5.37000873684883,21.7973569631577,33.9401001036167,49.9761614203453,208.894360512495,52.4348231256008,66.4355693161488,0,17.0941597819328,0,20.2955724000931,9.94425898790359,10.8123347759247,3.51185017824173,30.6224674582481,3.64063441753387,141.028207242489,1.78758180141449,783.479534447193,0.993076741695404,15.8413088321686,0,8.25122606754303,0,4862.12032482028,12.2809535264969,4221.3510658145,7.88764035701752,0,6.12994253635406,1870.21743682027,4.43687814474106,2865.02780461311,3.43660199642181,597.20327180624,117.895460933447,69.6669885516167,9.56392872333527,302.598091304302,3.33581167459488,449.576587826014,4.24248391389847,71.9161307811737,0,805.461905300617,16.4043388366699,31.2574296593666,1.00682067871094,391.185921698809,3.84589874744415,26.210846722126,0,1295.62760710716,1.61615192890167,0.570447504520416,0,360.123323619366,0,0,0,0,0,23.3421878218651,0,8.95598447322845,0,0,0,0,0,0,0,0,0,0,0,0,0,0,0,0,0,0,0
1.19337928295135,1804.64817422628,0,66.8306582570076,0,0,0,522.341740190983,0,0,0,1059.09016114473,0,326.097718060017,0,1.02322709560394,0.544879376888275,344.728640198708,0,82.8441174328327,0,0,0,0.476379007101059,0,0,0,0,1.74793642759323,177.254673033953,2.26589184999466,5.9462978541851,4.06357419490814,15.1712355911732,22.2352141737938,18.4305262565613,20.1581961512566,116.533897101879,0,26.6000025868416,0,1.22747564315796,5.51358580589294,4.11465412378311,2.12182980775833,10.7484518289566,3.52423238754272,5.71920073032379,0,69.5317344069481,0,34.1524126827717,0,0,0,2.40155011415482,6.80925112962723,2719.72346124053,4.64408135414124,1979.44962570071,6.12994253635406,0,0,4514.86678877473,0,3410.02143964171,42.2672590613365,156.296125054359,0,8.96856170892715,16.0490103363991,427.392495274544,0,1153.59296554327,0,197.207417100668,67.6120558083057,604.565414369106,1.32592153549194,83.0323844254017,4.81326746940613,418.687614262104,0,20.2250345349312,0,980.873990029097,0,0.602796673774719,0,626.84314507246,0,0,0,0,0,37.9505831301212,0,0,0,0,0,0,0,0,0,1.90188717842102,0,0,0,0,0,0,0,0,0,0.894705176353455
131.044398963451,0,31.0807225108147,0,0,0,58.0998757481575,0,0,0,524.721696853638,0,168.445990622044,0,1.91068351268768,0,1222.3350353539,0,30.7999735176563,0.683947145938873,0,0,0,0,0,0,0,0,709.780090391636,0,0,0,1.02362921833992,5.85187518596649,25.0474436879158,26.3241077065468,55.6376945972443,14.4817976653576,32.7357242107391,0,0,0,13.3500896692276,3.05225485563278,5.37431991100311,1.65815353393555,10.0074338018894,2.7116025686264,2.94679164886475,0,44.0216706991196,0,2.65815687179565,0,0.404708236455917,0,1646.93268609047,12.2223930954933,267.628191053867,5.72664141654968,1870.21743682027,0,0,1.30295217037201,813.62496522069,0.711252689361572,235.803789973259,63.6056938767433,31.6780406832695,4.22845405340195,98.8547126054764,1.85261934995651,256.629731595516,2.5775134563446,36.3699533641338,0.666745603084564,324.996882855892,15.6539022326469,108.148253291845,0,3652.99190995097,0.788242340087891,28.8108538091183,0,1720.368368119,0,4.26331466436386,0,182.999817848206,0,0,0,0,0,10.2623772025108,0,1.36130213737488,0,0,0,0,0,0,0,1.29670351743698,0,1.75527501106262,0,0,0,0,0,0,0,0,0
0,514.695335447788,0,44.9400242567062,0,0,0,135.834526032209,0,0,0,426.340196877718,0,143.938594222069,0,0.618852257728577,2.9564995765686,1692.57842880487,0,46.3038257658482,0,0,0,3.03669962286949,0,0,0,0,2.14441275596619,396.256274342537,0,5.19778963923454,9.3596448302269,31.7539134323597,18.0774419605732,12.5375157296658,14.1316768527031,39.5470871031284,0.930522799491882,22.4978322982788,0,6.57189565896988,0.940201938152313,3.29398334026337,1.77076572179794,4.2934173643589,3.25426191091537,6.76066875457764,0,9.16574919223785,0,11.7647259831429,0,0,0,0.555260002613068,19.1485379338264,2886.86070221663,0.714147210121155,526.748247981071,4.43687814474106,4514.86678877473,1.30295217037201,0,0.965673506259918,581.970020025969,66.4275753498077,190.786990106106,26.1932027935982,45.5345813930035,12.6439771056175,240.758597791195,3.78963530063629,840.156547397375,0,73.0089901983738,119.620395004749,420.467191189528,2.40614438056946,81.9487617015839,3.08990216255188,1448.61565923691,0,24.1669521033764,0,1454.24157682061,0,6.75995561480522,0,419.725226014853,0,0,0,0,0,29.823416352272,0,1.0524388551712,0,0,0,0,0,0,0,0,0,0,0,0,0,0,0,0,0,1.10501766204834
456.210013657808,0,39.3066065013409,0,0,0,340.590661287308,0,0,0,58.6679390668869,0,23.1757316589355,0,0,0,37.0748821496964,0,23.7251476347446,0,0,0,0,0,0,0,0,0,176.573234587908,0.81647402048111,1.15044224262238,0,1.24905639886856,1.84845560789108,10.8230273425579,13.432136118412,173.655983775854,33.41916847229,53.4916259646416,0,16.2141450941563,0,6.09779167175293,8.31063556671143,0,5.43039041757584,28.1610459089279,0,21.7333211898804,0,909.31559458375,0.957726180553436,60.8251922428608,0,13.3067022562027,0,512.471407413483,3.55260574817657,645.462036728859,1.62885868549347,2865.02780461311,0,813.62496522069,0.965673506259918,0,0,102.365210711956,49.2798746824265,13.0946244001389,0,167.148729681969,0,288.845063358545,0,39.2314331531525,0,364.867027252913,4.76203495264053,30.0907406210899,0,824.264099895954,0,42.2264680564404,0,4276.55428501964,0,2.78674507141113,0,557.466689020395,0,0,0,0,0,24.3935691714287,0,3.30244398117065,0,0,0,0,0,0,0,0,0,0,0,0,0,0,0,0,0,0,0
0,237.251258075237,0,17.0289955735207,0,0,0,182.574770659208,0,0,0,142.122925460339,0,45.9196074604988,0,0,0,35.1773919463158,0,15.87999522686,0,0,0,1.93548786640167,0,0,0,0,0,136.053352594376,0,3.59868210554123,4.1166455745697,14.0603772997856,39.7904663085938,33.230305314064,27.2292019128799,371.819488793612,0,69.0347936153412,0,18.5749244391918,44.5178335309029,22.2568020522594,34.8931599855423,42.9223437309265,28.7779933214188,46.2724652588367,1.12628817558289,331.505868792534,0,619.121314108372,0,2.34533852338791,0,50.9265975654125,0,182.123987168074,6.87381839752197,1345.18924045563,3.43660199642181,3410.02143964171,0.711252689361572,581.970020025969,0,0,145.467477470636,312.615930706263,0,2.53215891122818,4.45146346092224,96.081974029541,0,1008.96499994397,0,189.308481603861,23.5780846476555,799.839276194572,0,119.629965811968,0,1260.73043313622,0,67.7082588076591,0,3525.11219409108,0,13.7856636941433,0,1164.90222653747,0,0,0,0,0,108.417310833931,0,0,0,0,0,0,0,0,0,1.45982658863068,0,0,1.58664846420288,0.74696958065033,0,0,0,0,0,0
247.882403284311,11.5638318657875,354.862758994102,0,0,0,72.4936116039753,1.31869065761566,0,0,37.5997939705849,0,6.03456836938858,0,0,0,74.3818698525429,4.08169060945511,2235.271125108,19.2262085676193,0.716084837913513,0,430.754046291113,0,0,0,0,0,310.712572932243,4.36920684576035,730.499825596809,4.05723443627357,6569.28921708465,888.385841816664,3228.64099082351,690.946722120047,802.625795066357,687.333081811666,480.67389151454,25.2415356636047,52.7042691111565,0,3020.46888595819,983.277380734682,2769.95080918074,839.830044031143,927.245589375496,231.223891586065,1178.58332315087,566.988159954548,537.407283008099,269.058409273624,30.4535714387894,3.77935540676117,69.3602473437786,25.7165586650372,581.206917077303,214.73800599575,2578.33836111426,186.972174286842,597.20327180624,42.2672590613365,235.803789973259,66.4275753498077,102.365210711956,145.467477470636,0,2953.28085064888,2199.21735957265,273.982761532068,311.98868227005,81.532314479351,516.893487751484,72.137510061264,55.6921419799328,8.33855020999908,1662.16437730193,286.029352128506,41.5251408517361,7.98453509807587,382.59080067277,40.6637943387032,20.553287923336,0,221.846332937479,17.0545766353607,9.12885913252831,0,136.22292932868,5.26310187578201,0,3.56392723321915,0,0,50.5979658663273,1.53814208507538,12.5144555568695,0,0,2.55406403541565,0,0,0,0,0.622250258922577,0,0,0,0,0,0,0,0,0,0,0
12.91084420681,98.0003627538681,2.76468235254288,109.609328776598,0,0,0,66.0036852061749,0,0,0,6.59358265995979,0,0.785728931427002,0,0,10.7461255788803,9.17852833867073,33.0445035994053,488.84415268898,0,1.7892798781395,2.13808870315552,185.973173469305,0,0,0,0,41.7211363315582,29.6430040001869,3.90842795372009,569.718436121941,110.116950333118,6440.20571437478,559.586345851421,2355.75404727459,444.294419765472,483.386006444693,33.4014359116554,444.137578189373,4.80056834220886,15.6772829890251,682.490231454372,2956.87685862184,449.718816071749,3044.85890319943,210.698667645454,1209.42753532529,248.92087289691,1098.60002604127,80.2567844986916,574.746259778738,2.58189058303833,8.40307903289795,1.51250499486923,147.461596310139,47.858279645443,601.704331755638,417.871370375156,1590.56658935547,117.895460933447,156.296125054359,63.6056938767433,190.786990106106,49.2798746824265,312.615930706263,2953.28085064888,0,197.160250663757,1323.52188888192,173.917291611433,269.505269706249,84.3095936775208,278.328862965107,9.8087409734726,97.2969488799572,747.966261684895,880.214399814606,4.40913116931915,23.7101090550423,78.809166431427,215.625448644161,0,7.32642212510109,8.88605159521103,105.513398379087,0,3.39053547382355,6.58661866188049,145.640719532967,0,5.76587724685669,0,0,0,36.5001139044762,0,4.26936703920364,0,4.44183802604675,0,0,0,0,0,0,0,0,0,0,0,0,0,0,0,0
1566.56485003233,234.852580904961,304.734055668116,55.1429769396782,0,0,19.0446659624577,31.164001762867,0,0,48.9558081030846,0.67981082201004,10.5475680828094,0,0,0,53.8882635831833,2.3767466545105,2693.62200641632,661.211603552103,0,0,14.9779886901379,0,0,0,0,0,221.889137148857,1.83438086509705,17.0209745764732,0,1888.21805900335,1298.11925986409,8.52867463231087,0.84875750541687,321.755734443665,3.39620512723923,121.038227200508,0,0,0,0,0.822818517684937,0,0,9.56674829125404,0,0,0,0.787565469741821,0,0,0,0,0,1466.66366434097,99.1777755618095,565.025330215693,25.290950357914,69.6669885516167,0,31.6780406832695,26.1932027935982,13.0946244001389,0,2199.21735957265,197.160250663757,0,734.53881752491,1253.26539435983,117.393961876631,725.343050777912,10.5668568611145,356.11138188839,0,3174.88086211681,113.363315790892,1.07998991012573,0.713941037654877,14.6022425293922,3.73593783378601,0,0,3.80754387378693,0,0,0,0.533929169178009,0,0,0,0,0,148.377016097307,0,30.6368834972382,0,0,0,0,0,0,0,1.98117625713348,0,2.46748667955399,0,3.33040356636047,3.19875150918961,0,0,0,0,0,1.41559952497482
88.2303773760796,1198.45617583394,6.74757885932922,284.832015275955,0,0,1.36042869091034,36.4273705482483,0,0,0,7.36455005407333,0,0.51158595085144,0,0,3.76265871524811,22.0853737294674,130.276916801929,4147.15188196301,0,0,0,26.8044133782387,0,0,0,0,15.4511417150497,14.8918355703354,4.18075317144394,3.95038652420044,100.535716176033,2388.85259649158,10.5314231514931,0,7.45470076799393,43.048874437809,1.86888217926025,60.5679557919502,0,0,2.63381552696228,1.41981959342957,0.950586557388306,0,2.35723429918289,3.8736320734024,0,4.26154607534409,0,2.28354275226593,0,0,0,0,54.9266484677792,1317.212531358,5.07574671506882,65.341707110405,9.56392872333527,8.96856170892715,4.22845405340195,45.5345813930035,0,2.53215891122818,273.982761532068,1323.52188888192,734.53881752491,0,159.21129950881,961.068503051996,23.4320210814476,308.50443097949,11.6260530352592,104.137234687805,649.967298746109,1579.19730886817,0,4.94297796487808,0.885449171066284,15.3082563579082,0,0,0,3.39978969097137,0,0,0,5.05190390348434,0,0,0,0,0,79.8585340678692,0,1.42119121551514,0,0,0,0,0,0,0,0.912388145923615,0,0,1.75230395793915,2.30036354064941,0,0,0,0,0,2.84735441207886
3049.68901583552,87.6831195950508,2476.54730528593,466.536160260439,1140.58588474989,215.709977418184,3701.90348082781,331.829332202673,1012.45736557245,170.023674815893,520.922363638878,55.3283593654633,1515.85552689433,60.4052302539349,1252.51574388146,94.1344645023346,96.1369367539883,5.79826754331589,1920.14636912942,657.327526211739,373.474930018187,119.673577606678,2265.63563761115,1109.69312357903,561.035202264786,593.143180638552,545.564030379057,261.242162227631,698.98847925663,12.0536046624184,854.091977059841,563.065021753311,192.40709489584,350.87377846241,36.3346191048622,23.6499161720276,397.450357764959,45.0338415503502,88.687282294035,4.35862350463867,152.246487051249,57.9426435828209,12.9477404952049,1.57449269294739,6.63331711292267,0.558870255947113,31.6285979449749,4.02270692586899,3.29901874065399,3.52106273174286,21.7887190580368,1.52039420604706,3.67348378896713,0,3.76472741365433,0,797.725892066956,88.5567948818207,223.55298897624,35.1580069065094,302.598091304302,16.0490103363991,98.8547126054764,12.6439771056175,167.148729681969,4.45146346092224,311.98868227005,173.917291611433,1253.26539435983,159.21129950881,0,707.125643819571,3652.73257023096,152.429536610842,2112.91202959418,115.13848477602,8762.21862545609,176.469443291426,3.80154716968536,4.68993866443634,79.3831104040146,11.3137957453728,21.4997638761997,0.76628041267395,299.740676194429,3.16029053926468,41.1696719527245,5.98886251449585,195.518299877644,9.78831541538239,4.97147333621979,6.97081884741783,8.85200190544128,1.50422739982605,198.513350754976,31.3491798043251,52.445237070322,10.7504692077637,8.57989296317101,10.8205562829971,6.65793195366859,1.9248098731041,19.9830904901028,6.44398206472397,65.3791819214821,15.6087194979191,33.9345819354057,3.41078054904938,27.0720857977867,7.26912373304367,0,0,0,1.12063992023468,0,14.1963130235672
84.5607287883759,2525.58199933171,516.162302136421,2460.19223672152,146.594919621944,1138.71615493298,366.562138736248,3362.82654580474,160.588039368391,1784.85616901517,27.5850205421448,816.216083198786,71.130066215992,1170.94152709842,79.0056681036949,1216.66334918141,3.15225946903229,174.121887207031,572.599000513554,1373.59077742696,82.6578442454338,409.777086138725,1086.09097659588,2477.6023081243,149.145360440016,642.999353706837,102.537988871336,496.194898575544,66.1689085364342,170.909716129303,292.030545860529,752.386969745159,80.408774882555,312.973147988319,6.82624533772469,2.21383419632912,43.2656418681145,121.658155620098,10.1255048513412,40.0297695398331,39.3152122497559,239.718864351511,0,5.68904766440392,0,2.82579779624939,1.22492027282715,16.7913826107979,0,10.3684675097466,0,8.86350899934769,0,0,1.2104264497757,12.6776167750359,24.2815192937851,823.965579807758,2.90653043985367,162.968187183142,3.33581167459488,427.392495274544,1.85261934995651,240.758597791195,0,96.081974029541,81.532314479351,269.505269706249,117.393961876631,961.068503051996,707.125643819571,0,272.207849413157,3482.21826165915,57.7257556915283,3064.46136796474,274.655812382698,11388.2812613249,0,1.50770288705826,0,23.1952784955502,1.58572423458099,1.57839876413345,0,59.1051716208458,15.247356235981,18.3896418213844,8.83163511753082,100.39960873127,2.0364893078804,19.3369652926922,1.59714269638062,15.2446653842926,9.94866329431534,227.537970602512,18.0057412683964,28.5452642440796,4.1839285492897,20.4810886979103,0.907476961612701,7.59211048483849,3.29694056510925,18.8781343400478,22.2623062729836,60.9919506907463,23.4695961773396,15.4534488320351,72.189841657877,19.1821017861366,4.71313101053238,0,0,0,2.1493858397007,20.6118542551994
2342.81532385945,16.3313691616058,1971.35164886713,228.543560564518,1083.72659477592,34.5583926439285,1715.12695431709,126.706380546093,982.347886651754,48.9203469753265,457.599755138159,11.4995179176331,1225.56469190121,25.4990857839584,2018.33143904805,7.49829006195068,484.952873289585,1.93695116043091,1330.69110530615,213.329220712185,210.865118145943,6.53190010786057,1063.7919228673,508.157494723797,174.07197278738,43.9979233443737,163.494953900576,17.7242147326469,2092.06649908423,0,196.422650635242,230.11743927002,90.2099609375,138.790105760098,55.0155671834946,46.6610690951347,702.461123406887,27.588496863842,250.357018530369,5.64493656158447,551.623933434486,30.9193255901337,311.284990429878,9.05260014533997,154.278034806252,0,388.969987392426,8.50942867994308,337.931295186281,0,433.571000933647,0,58.3258879482746,0,51.414349257946,0,1791.10095128417,18.2945904135704,642.701777935028,3.34835231304169,449.576587826014,0,256.629731595516,3.78963530063629,288.845063358545,0,516.893487751484,84.3095936775208,725.343050777912,23.4320210814476,3652.73257023096,272.207849413157,0,54.7077423632145,2728.65726655722,82.2466092705727,3304.73612582684,34.4932826161385,22.9772156476974,0,336.031797289848,0,206.226559460163,0,234.661989122629,0,79.4402270913124,2.94032281637192,141.018538087606,9.26531380414963,19.2688627839088,18.2714558541775,16.6212919950485,8.58057403564453,217.388927519321,27.5631234943867,69.7651750445366,27.7289970815182,20.2890274822712,16.4642109870911,18.1055131554604,0.94846099615097,20.7502803504467,19.4770383834839,56.9270298182964,28.0318210721016,53.7823925316334,16.5102637410164,19.2593020498753,10.6249868869781,2.36093688011169,0.97879421710968,1.23637044429779,2.07067841291428,0.448554754257202,10.3625197708607
7.85591059923172,2401.82744964957,81.2772512435913,1811.18178683519,15.6290088891983,1090.25116318464,55.6641010046005,1920.62352213264,29.8728157877922,1238.36507767439,4.53522199392319,679.886453211308,2.59369570016861,1635.9069096446,13.8314626812935,3617.30051618814,2.57844591140747,1412.79580616951,145.214168161154,704.876650601625,6.50989979505539,185.091530948877,223.226550161839,850.999899536371,24.002962321043,226.899659514427,12.9910189211369,485.158254176378,10.982715845108,4591.1700284481,62.4389002621174,195.98482298851,16.6005769073963,73.7359546720982,23.611663043499,22.9368697404861,21.450175344944,503.473760783672,10.417450606823,74.8819546699524,2.47562438249588,1397.06938412786,61.6187997460365,206.796133995056,6.14639383554459,283.319839894772,8.34919136762619,486.568475246429,0,474.343002706766,0,428.914207905531,0,45.8447922766209,0,103.053445219994,1.97418171167374,2750.73315933347,1.51429951190948,543.538601130247,4.24248391389847,1153.59296554327,2.5775134563446,840.156547397375,0,1008.96499994397,72.137510061264,278.328862965107,10.5668568611145,308.50443097949,152.429536610842,3482.21826165915,54.7077423632145,0,15.0665035247803,1600.60283586383,47.4857763648033,1323.96307688951,0,306.099762290716,0.469758152961731,927.027753144503,0,354.389357358217,0,601.743307739496,4.36062812805176,128.389423131943,0,609.173172265291,0,49.0179594159126,0,12.8353435993195,5.95597767829895,141.964768439531,9.60572117567062,11.3383017778397,3.34164381027222,62.4456804394722,0,6.21588665246964,3.8423627614975,5.88333934545517,5.21215468645096,49.0263484716415,7.74508202075958,6.67278373241425,16.4900489747524,8.40692883729935,5.25281649827957,0,0,0,0,8.59237167239189
990.741376817226,9.97364509105682,492.100689470768,14.8213757872581,15.192186832428,0,433.422481149435,16.5965274572372,24.9741512238979,0,93.2696892023087,1.53793382644653,126.431465834379,0,72.7408537268639,0,73.5319013595581,0,565.832655489445,87.3759653568268,5.66715651750565,0,185.591821491718,22.898019194603,4.98580491542816,0,1.98541104793549,0,108.992865622044,0,14.7275125682354,21.6599228382111,24.678788125515,62.5459371805191,1.75217127799988,4.59583979845047,1685.83898815513,31.3018801808357,186.502980142832,17.365053653717,333.480447292328,29.9711265563965,13.260710388422,0.612103760242462,7.59528112411499,0,35.7068206369877,0.649862825870514,15.7334285378456,0,12.1575106978416,0,5.14724397659302,0,12.9320051074028,0.668376266956329,558.257193386555,4.93125092983246,95.7228698730469,0,71.9161307811737,0,36.3699533641338,0,39.2314331531525,0,55.6921419799328,9.8087409734726,356.11138188839,11.6260530352592,2112.91202959418,57.7257556915283,2728.65726655722,15.0665035247803,0,99.0684830546379,1381.01990181208,38.2686819136143,0,0,13.6111174821854,0,28.8677850365639,0,27.0063343048096,0,76.4001078605652,4.2847221493721,73.6258656382561,1.31334400177002,56.2711335718632,131.619695514441,38.5065298080444,70.3294195532799,318.500252813101,100.805317878723,101.936097621918,67.9007893204689,35.4423241019249,63.7326662242413,34.984038412571,37.2231050431728,48.3144667446613,122.401752620935,156.388779103756,97.7281147539616,88.3325664401054,27.61442014575,58.1735283136368,24.6323328018188,15.0097595751286,2.97198760509491,0.346168011426926,4.47646600008011,8.56411200761795,44.319129794836
2.63234907388687,749.6499312222,17.6763697266579,489.042318969965,0,18.6013810634613,16.7912448644638,710.283948898315,1.12991440296173,60.4207479953766,0,70.4676364660263,0,142.325371056795,0,87.2657485902309,1.11380195617676,63.447611540556,60.3312133252621,316.861979603767,15.5099614858627,2.47140395641327,32.0830001533031,228.97291007638,0.889706075191498,3.24268251657486,4.95771944522858,2.27191054821014,0,26.4651575088501,9.72663170099258,22.7029159069061,2.74162316322327,24.0022092163563,7.25476738810539,4.80875250697136,102.840513914824,620.469762831926,67.9068945944309,90.1557615995407,35.0493988990784,473.542684316635,7.64854347705841,38.0825761854649,0,49.9394737482071,2.64521586894989,105.979929804802,0,84.3146383166313,0,89.9801262617111,0,6.33212918043137,1.99534970521927,26.2328135669231,0,583.166519582272,0.817274987697601,128.608672142029,0,197.207417100668,0.666745603084564,73.0089901983738,0,189.308481603861,8.33855020999908,97.2969488799572,0,104.137234687805,115.13848477602,3064.46136796474,82.2466092705727,1600.60283586383,99.0684830546379,0,46.4137933254242,1227.43413251638,0,8.72177481651306,0,48.1852520406246,0.717480659484863,4.94677048921585,0,54.8917900323868,16.2417621612549,24.6822842955589,15.4943061470985,96.5034062862396,43.9013761281967,86.5859373807907,19.0300877690315,54.6772599518299,60.1846823394299,327.446504622698,104.804955929518,42.2835064828396,15.5577675104141,36.6347587108612,23.4523864686489,13.3290285766125,38.2638341486454,82.6595416069031,61.6205480992794,140.822433888912,44.2099487185478,35.1197051107883,56.4981414675713,24.0045287907124,11.9062567353249,1.2953439950943,2.04386389255524,1.8813995718956,4.68920373916626,29.494551628828
3638.54652240872,274.145504772663,2037.0295226872,105.227460503578,17.5240951180458,0,2244.70484542847,117.947325974703,57.7468871772289,2.60788935422897,407.775060117245,5.61984181404114,523.955310463905,1.54866355657578,223.074616014957,2.8407689332962,235.488831102848,12.1276943087578,3207.7806776464,663.0885630548,10.7301577329636,1.70880854129791,804.698060363531,28.2287078499794,10.6298559904099,0,5.27884316444397,0,547.822794646025,10.1387324035168,83.8237528204918,85.9728432297707,121.771674215794,574.74702256918,114.37155687809,120.983654737473,3870.46992012858,178.64959359169,453.248296499252,10.8968862891197,230.54636657238,4.23086708784103,513.459146976471,60.8567298054695,280.522548705339,59.1974783837795,523.236393123865,26.0982267260551,646.747702777386,59.3213430047035,548.392353028059,20.2620894908905,67.1897178292274,0,70.9522398412228,4.80394101142883,2439.66924524307,331.592297673225,1209.41979280114,130.765629172325,805.461905300617,67.6120558083057,324.996882855892,119.620395004749,364.867027252913,23.5780846476555,1662.16437730193,747.966261684895,3174.88086211681,649.967298746109,8762.21862545609,274.655812382698,3304.73612582684,47.4857763648033,1381.01990181208,46.4137933254242,0,360.784376114607,14.1356029510498,14.2194178700447,262.424280315638,47.8218090832233,64.9988586306572,1.85041701793671,312.64276304841,6.76684468984604,101.94699510932,0,263.30099517107,13.9650092124939,72.0129308104515,42.1570762395859,124.249078422785,39.3957351744175,2154.57772320509,74.5550837516785,560.16251540184,36.4857556521893,42.3097797334194,29.8036454021931,92.6353856027126,13.4831102192402,155.375332862139,59.8722643852234,691.206166565418,122.126476824284,145.527581751347,21.9635040163994,542.789442002773,682.982364863157,15.8463620841503,4.7752580344677,25.8809304237366,55.3487677574158,18.9467438161373,209.774756938219
61.7020700573921,4822.75903490186,49.4081436693668,2386.7585619092,0,44.7335631847382,53.0046112239361,3417.44476497173,0,165.043813079596,3.18703067302704,372.060676842928,1.86197185516357,478.506423979998,1.42905700206757,180.497292906046,2.58814936876297,197.197506219149,386.334473490715,2746.1294066608,6.56368160247803,5.86180746555328,115.903062999249,892.685595154762,0,6.89600265026093,6.46627688407898,8.81180566549301,17.2287500500679,117.449086427689,44.1887198090553,117.25830245018,35.5852144062519,352.808841466904,52.7786586880684,48.2374377846718,84.8707384765148,4185.07761442661,57.616135507822,179.153216004372,0.769055068492889,82.2252229452133,55.0268301963806,238.860026717186,10.3422013521194,258.360272318125,18.7750501036644,975.839258462191,3.32138508558273,343.776026725769,1.42354065179825,405.966504454613,0,17.7926354408264,0,107.95419433713,26.3357761502266,3031.74270415306,24.8369292020798,844.752195000648,16.4043388366699,604.565414369106,15.6539022326469,420.467191189528,4.76203495264053,799.839276194572,286.029352128506,880.214399814606,113.363315790892,1579.19730886817,176.469443291426,11388.2812613249,34.4932826161385,1323.96307688951,38.2686819136143,1227.43413251638,360.784376114607,0,0,22.3307865262032,22.6689849495888,196.63268327713,0,17.3438256084919,2.3454458117485,213.603208273649,0,40.4841111898422,0,254.769916087389,19.237968057394,147.871878117323,18.6077032089233,280.905055433512,124.069673657417,1744.07593125105,110.1245264709,71.6536907851696,21.848738014698,97.044583439827,23.2080546617508,39.5841971337795,38.0428522229195,207.298767119646,142.369338721037,604.358156919479,62.0809226632118,60.1091211736202,1043.44098857045,1471.39522612095,48.840277582407,12.9813080132008,6.50072881579399,14.2220833301544,43.358200609684,169.655425459146
3.98263466358185,0,1.77872210741043,0,0,0,1.98206406831741,0,0,0,13.4453011155128,0,5.08309531211853,0,0,0,434.726376593113,0,3.2495422065258,0,0,0,0,0,0,0,0,0,282.093435704708,0,0,0,0,0,6.58318883180618,4.0819011926651,5.2194721698761,0.681461930274963,3.67609775066376,0,0,0,1.59456014633179,0.839587986469269,2.23676002025604,0,0.533714592456818,0,4.81123375892639,0.69905948638916,12.5535182356834,0,0.57792055606842,0,1.50044012069702,0,15.5096716284752,1.84388995170593,64.4285400509834,0,31.2574296593666,1.32592153549194,108.148253291845,2.40614438056946,30.0907406210899,0,41.5251408517361,4.40913116931915,1.07998991012573,0,3.80154716968536,0,22.9772156476974,0,0,0,14.1356029510498,0,0,0,762.545016229153,0,16.7464317381382,0,28.2646547853947,0,0,0,11.1931901574135,0,0,0,0,0,1.12501096725464,0,0,0,0,0,0,0,0,0,0,0,0,0,0,0,0,0,0,0,0,0
0,0.719824194908142,0,0,0,0,0,0.906995892524719,0,0,0,2.31782829761505,0,0.66217565536499,0,0,0,370.714136779308,0,0,0,0,0,0,0,0,0,0,1.19570922851562,392.388596504927,0,0,0,2.80042394995689,0.537127017974854,1.69308966398239,0.574565231800079,5.13898313045502,0,0,0,0,0,0.563217222690582,0,1.66642087697983,0,3.5861006975174,0,8.09829318523407,0,11.3174242973328,0,0,0,0,2.09316188097,53.9038020968437,0.65727424621582,34.062606304884,1.00682067871094,83.0323844254017,0,81.9487617015839,0,119.629965811968,7.98453509807587,23.7101090550423,0.713941037654877,4.94297796487808,4.68993866443634,1.50770288705826,0,306.099762290716,0,8.72177481651306,14.2194178700447,22.3307865262032,0,0,0,1149.27150526643,0,11.2948311567307,0,20.8078762888908,0,1.59054911136627,0,14.0270237326622,0,0,0,1.49360120296478,0,1.71869885921478,0,0,0,0,0,0,0,0,0,0,0,0,0,0,0,0,0,0,0,0
72.949624478817,0,10.4312488734722,0,4.515037804842,0,31.2201515436172,0,1.93756115436554,0,421.038331508636,0,163.494166135788,0,5.29265630245209,0,1855.46100175381,0,10.3915133476257,0,1.8298607468605,0,0.848982095718384,0,0.869383096694946,0,3.39115017652512,0,1142.12141788006,0,0,0,6.17198997735977,3.91776752471924,55.6624353826046,48.2711724638939,108.102035045624,25.8759252727032,27.6284958422184,0,10.4484337568283,0,173.319804400206,5.26313811540604,70.2789786756039,0.77482944726944,211.505742013454,2.50413554906845,256.888789981604,0,507.932165265083,0,37.5143004655838,0,25.4253877997398,0,152.818746954203,7.97114950418472,371.377524852753,4.96203625202179,391.185921698809,4.81326746940613,3652.99190995097,3.08990216255188,824.264099895954,0,382.59080067277,78.809166431427,14.6022425293922,0.885449171066284,79.3831104040146,0,336.031797289848,0.469758152961731,13.6111174821854,0,262.424280315638,22.6689849495888,762.545016229153,0,0,4.95037758350372,1763.79056820273,0,5247.27185773849,1.96825557947159,37.3153689205647,0,201.455947339535,0,2.47070384025574,0,0,0,9.10224664211273,0,0,0,3.70926320552826,0,0,0,0,0,0,0,1.67943847179413,0,0,1.68574702739716,0,0,0,0,0,0
0,9.64473950862885,0,3.73672038316727,0,0.628274857997894,0,2.91246378421783,0,0,0,15.7987744808197,0,4.65891927480698,0,0.527098834514618,0,914.823251187801,0,3.08848965167999,0,0,0,0,0,0,0,0,1.36237347126007,424.7185754776,0,3.0521485209465,3.55211633443832,12.123243868351,16.6318396031857,34.0371938347816,15.4308192133904,47.8736359477043,0,21.3235624730587,0,8.81325262784958,12.8965047895908,48.4133621752262,0,101.541005343199,0.509799838066101,80.4089612364769,0,170.142166852951,0,380.558785706758,0,8.61045527458191,0,22.1428467035294,3.23295396566391,167.11454975605,6.92436808347702,194.206630915403,3.84589874744415,418.687614262104,0.788242340087891,1448.61565923691,0,1260.73043313622,40.6637943387032,215.625448644161,3.73593783378601,15.3082563579082,11.3137957453728,23.1952784955502,0,927.027753144503,0,48.1852520406246,47.8218090832233,196.63268327713,0,1149.27150526643,4.95037758350372,0,0,1631.67369532585,0,4719.53157350421,0,81.8486485481262,0,381.146023362875,0,11.1316118240356,0,0,0,13.3922350406647,0,0.553081572055817,0,7.1883796453476,0,0,0,0,0,1.77707207202911,0,0,1.14318597316742,0,0,0,0,0,0,0
0,0,0,0,63.5547445118427,0,0,0,14.8402499854565,0,0,0,0,0,80.7511484026909,0,27.3559699654579,0,0,0,11.672103703022,0,3.36200803518295,1.29154551029205,5.12809431552887,0,27.1363390386105,1.74538296461105,1318.33359849453,0,7.33394771814346,0,0.849214971065521,0,5.18867665529251,7.80865263938904,424.14149749279,0,247.546617686749,0,454.090042114258,1.65591776371002,67.7283451259136,0,4.27359318733215,0,158.342224538326,0,28.4865698814392,0,120.520009577274,0,13.7031120061874,0,125.957761615515,0,0.576735973358154,0,12.0221706628799,0,26.210846722126,0,28.8108538091183,0,42.2264680564404,0,20.553287923336,0,0,0,21.4997638761997,1.58572423458099,206.226559460163,0,28.8677850365639,0.717480659484863,64.9988586306572,0,16.7464317381382,0,1763.79056820273,0,0,0,935.710200250149,0,1395.61260032654,0,126.740219146013,0,0,0,0,0,2.12206345796585,0,0,0,0.615102231502533,0,0,0,0,0,0,0,0,0,0,0,0,0,0,0,0,0
0,0,0,0,0,72.3048208653927,0,0,0,5.50853842496872,0,0,0,0,0,31.75178784132,0,1.51957961916924,0,0,0,12.6038167476654,0,2.79488825798035,0,3.51195418834686,0,33.3662013709545,0,440.299120247364,0,2.86756455898285,0,0.487311959266663,1.69745016098022,1.48207610845566,0,352.908947646618,0,240.409796118736,0,1752.20620805025,2.45778858661652,28.4848780930042,0,6.58666262030602,0,92.1901899576187,0,13.73893648386,0,92.5722561478615,0,3.75398778915405,0,67.9459009468555,0,2.97036519646645,0,3.35371369123459,0,20.2250345349312,0,24.1669521033764,0,67.7082588076591,0,7.32642212510109,0,0,0.76628041267395,1.57839876413345,0,354.389357358217,0,4.94677048921585,1.85041701793671,17.3438256084919,0,11.2948311567307,0,1631.67369532585,0,0,0,672.23002165556,0,1618.79687702656,0,123.16367906332,0,0,0,0,0,3.77309817075729,0,0,0,1.92066392302513,0,0,0,0,0,0.94133985042572,0,0,0,0,0,0,0,0,0,0
632.101108044386,0,20.3108020424843,0,3.2405127286911,0,133.225662946701,0,2.54537826776505,0,820.121179819107,0,320.827339589596,0,1.56558877229691,0,207.268454343081,0,20.7438840270042,0,0,0,1.16317880153656,0,0,0,2.10148268938065,0,327.738539338112,0,0,5.8824200630188,2.42516875267029,6.35845708847046,36.6028342843056,36.2506750822067,166.671291619539,0,35.3814346790314,0,19.6097282767296,1.4967987537384,259.623877614737,0.472080886363983,61.0354563891888,2.49698686599731,442.818237036467,0,272.8685105443,2.05295562744141,3311.91023537517,0,447.779907613993,0,235.411934822798,0,269.343566805124,0,233.207681357861,0,1295.62760710716,0,1720.368368119,0,4276.55428501964,0,221.846332937479,8.88605159521103,3.80754387378693,0,299.740676194429,0,234.661989122629,0,27.0063343048096,0,312.64276304841,2.3454458117485,28.2646547853947,0,5247.27185773849,0,935.710200250149,0,0,0,928.965002506971,0,5928.60085210204,0,0,0,0,0,11.7488960623741,0,3.44562959671021,0,13.920282125473,0,0,0,0,0,0,0,0.487411320209503,0,0,0,0,0,0,0,0,0
0,27.8402456045151,0,3.91278743743896,0,12.8570029437542,0,12.5002669095993,0,1.93404668569565,0,46.6605982780457,0,6.55498552322388,0,5.16697609424591,0,74.4196176528931,0,5.00257286429405,0,1.34994554519653,0,1.48364806175232,0,0,0.815804839134216,3.94779431819916,0,163.587907761335,0,0,1.1424947977066,3.23867857456207,14.5948397517204,25.4467259645462,2.45338666439056,368.169566273689,0,54.8195857703686,0,145.550987333059,25.8361876606941,90.3317094147205,2.11844217777252,155.453045815229,1.41692817211151,295.632070362568,0,243.754461616278,0,4023.44606363773,0,296.270306438208,0,652.02919870615,0.733126103878021,54.2023712992668,0,64.600658506155,1.61615192890167,980.873990029097,0,1454.24157682061,0,3525.11219409108,17.0545766353607,105.513398379087,0,3.39978969097137,3.16029053926468,59.1051716208458,0,601.743307739496,0,54.8917900323868,6.76684468984604,213.603208273649,0,20.8078762888908,1.96825557947159,4719.53157350421,0,672.23002165556,0,0,0,1239.27245986462,0,7915.97180208564,0,9.2269281744957,0,0,0,14.4844368696213,0,0,0,22.4973489642143,0,0,0,0,0,0,0,0,0,0,0,0,0,0,0,0
0,0,0,0,17.9662766158581,0,0,0,4.99140846729279,0,0,0,0,0,8.74083811044693,0,0,0,0,0,8.40709564089775,0,0.64810311794281,0,3.28322744369507,0,7.46686238050461,0,230.15612912178,0,3.3701243698597,0,0,0,1.29800260066986,2.1743757724762,1856.95203360915,2.93089526891708,286.100132465363,0,752.839729011059,11.0318968296051,23.0385022759438,0,0.554202377796173,0,203.531648635864,0,0.705814003944397,0,19.0462844967842,0,28.1992813944817,0,599.333880096674,0,0,0,0,0,0.570447504520416,0,4.26331466436386,0,2.78674507141113,0,9.12885913252831,0,0,0,41.1696719527245,15.247356235981,79.4402270913124,4.36062812805176,76.4001078605652,16.2417621612549,101.94699510932,0,0,0,37.3153689205647,0,1395.61260032654,0,928.965002506971,0,0,0,853.978662401438,0,0,0,0,0,3.8728621006012,0,0,0,0,0,0,0,0,0,1.09758025407791,0,0,0,0,0,0,0,0,0,0,0.514763116836548
0,0,0,0,0,11.9690432846546,0,0,0,5.25010144710541,0,0,0,0,0,10.2918140292168,0,0,0,0,1.95982766151428,3.26968544721603,0,0.439619511365891,0,3.47434574365616,0,5.90361502766609,0,31.2385120689869,0,0,0,0,0,0,1.58065438270569,1068.10580676794,0,328.348884999752,2.80475306510925,2368.14761999249,0.474094867706299,8.76791444420815,0,1.88447362184525,1.06918275356293,78.32244977355,0,0.834529995918274,0,18.1878810226917,0,2.05345964431763,0,261.481502115726,0,0,0,0,0,0.602796673774719,0,6.75995561480522,0,13.7856636941433,0,3.39053547382355,0,0,5.98886251449585,18.3896418213844,2.94032281637192,128.389423131943,4.2847221493721,24.6822842955589,0,40.4841111898422,0,1.59054911136627,0,81.8486485481262,0,1618.79687702656,0,1239.27245986462,0,0,0,1467.26447674632,0,0.582201719284058,0,0,0,3.56176292896271,0,0,0,1.53182464838028,0,0,0,0,0,0,0,0,0,0,0,0,0,0,0,0
264.004740417004,0,8.30878710746765,0,7.53664335608482,0,31.8621544241905,0,1.05456078052521,0,219.479912638664,0,62.7890464663506,0,1.76329356431961,0,31.1071906685829,0,0,0,3.50546389818192,0,0,0,0,0,1.63206392526627,0,144.292262405157,0,0.577931880950928,0,0.953794240951538,2.30269038677216,23.9941903650761,14.7294562458992,1322.27389618754,2.18668580055237,283.75845465064,0,102.203492671251,12.0023059844971,296.216482251883,0.955643832683563,69.821039378643,0,978.083209693432,0,267.181095391512,0,1291.24729189277,0,624.10085311532,0,2814.3755376935,0,178.085037618876,0,133.622627824545,0,360.123323619366,0,182.999817848206,0,557.466689020395,0,136.22292932868,6.58661866188049,0.533929169178009,0,195.518299877644,8.83163511753082,141.018538087606,0,73.6258656382561,15.4943061470985,263.30099517107,0,11.1931901574135,0,201.455947339535,0,126.740219146013,0,5928.60085210204,0,853.978662401438,0,0,0,7.39774972200394,0,0,0,8.83961376547813,0,0,0,5.16660794615746,0,0,0,0,0,0,0,1.34550476074219,0,0,0,0,0,0,0,0,0
0,30.7187305688858,0,0,0,10.4937749803066,0,3.4305225610733,0,1.15955424308777,0,30.2401321530342,0,3.21601217985153,0,4.77616912126541,0,42.1267218589783,0,0,0.75703626871109,0,0,0,0,0,0,2.0190042257309,0,78.549891024828,0,0.586572349071503,1.30976545810699,2.26817965507507,26.5709186196327,26.3497008085251,5.92694568634033,1543.6517996788,0,232.377066344023,2.43453866243362,474.73536747694,16.8936243355274,69.1826728284359,0,150.514453083277,0,336.944108784199,0,253.816339015961,0,1429.80356490612,0,928.554375052452,0,2985.50796988606,0,52.5549421906471,0,116.372727245092,0,626.84314507246,0,419.725226014853,0,1164.90222653747,5.26310187578201,145.640719532967,0,5.05190390348434,9.78831541538239,100.39960873127,9.26531380414963,609.173172265291,1.31334400177002,96.5034062862396,13.9650092124939,254.769916087389,0,14.0270237326622,0,381.146023362875,0,123.16367906332,0,7915.97180208564,0,1467.26447674632,0,0,0,10.9831390380859,0,0,0,3.65994989871979,0,0.706462562084198,0,17.192301005125,0,0,0,0,0,0,0,0,0,0,0,0,0,0,0,0
0,0,0,0,0,0,0,0,0,0,0,0,0,0,0,0,0,0,0,0,0,0,0,0,0,0,0,0,4.62280106544495,0,0,0,0,0,0,0,50.3114404976368,13.5222281217575,103.298575460911,5.92738419771194,1.98435348272324,0,121.515366792679,0,3.31435549259186,0,141.035499811172,0,7.79977142810822,0,35.4039551615715,0,37.39661860466,0,24.3852316141129,0,0,0,0,0,0,0,0,0,0,0,0,0,0,0,4.97147333621979,2.0364893078804,19.2688627839088,0,56.2711335718632,43.9013761281967,72.0129308104515,19.237968057394,0,0,2.47070384025574,0,0,0,0,0,0,0,7.39774972200394,0,0,54.5409864485264,3312.77659219503,24.3106793165207,308.233325183392,119.603069335222,2728.49589768052,118.543902277946,3223.67905929685,67.7486805021763,773.234504103661,10.7350277304649,219.024633497,67.9382469654083,416.440280467272,81.0450586676598,281.732610374689,41.0602949559689,26.0721271634102,11.0332277715206,102.870426386595,41.1191064417362,50.2323552370071,13.0499304234982,6.9622914493084,43.8089826405048
0,0,0,0,0,0,0,0,0,0,0,0,0,0,0,0,0,0,0,0,0,0,0,0,0,0,0,0,0,7.90775918960571,0,0,0,0,1.18215239048004,0.823522806167603,115.422046214342,91.1968621611595,251.904658734798,31.9009271264076,0,13.8620894551277,123.962900280952,168.641956329346,0,30.7555398643017,0,1545.15512111783,0,24.7227104306221,0,5.58823186159134,0,18.6607278883457,0,36.3069016635418,0,0,0,0,0,0,0,0,0,0,3.56392723321915,5.76587724685669,0,0,6.97081884741783,19.3369652926922,18.2714558541775,49.0179594159126,131.619695514441,86.5859373807907,42.1570762395859,147.871878117323,0,0,0,11.1316118240356,0,0,0,9.2269281744957,0,0.582201719284058,0,10.9831390380859,54.5409864485264,0,24.0802840292454,3406.06388807297,86.6456529200077,579.505882799625,514.25588825345,847.292305648327,95.0184921622276,2382.46874764562,25.6313152015209,124.254245996475,55.5836084485054,274.172059834003,55.4949897229671,492.700768262148,93.9658670723438,552.440568119287,69.7671357691288,31.3118959069252,309.434038996696,120.820373654366,251.073453217745,19.9165158569813,33.5118909776211,60.2932432591915
0,0,0,0,0,0,0,0,0,0,0,0,0,0,0,0,0,0,0,0,0,0,0,0,0,0,0,0,0.975650489330292,0,0,0,0,0,0,0,43.6998575031757,9.30322700738907,90.7724995315075,12.8568820953369,0.816659450531006,0,0,0,0,0,0,0,0,0,0,0,0,0,0,0,0,0,0,0,0,0,0,0,0,0,0,0,0,0,8.85200190544128,1.59714269638062,16.6212919950485,0,38.5065298080444,19.0300877690315,124.249078422785,18.6077032089233,0,0,0,0,0,0,0,0,0,0,0,0,3312.77659219503,24.0802840292454,0,23.7229632735252,490.720371067524,87.0206216275692,1322.66829520464,61.0127544701099,375.133204519749,41.3814134001732,2291.14772605896,3.66748863458633,1185.38079574704,32.0824809372425,1066.99040031433,85.9134785234928,311.383179605007,29.298803538084,46.6659222841263,31.9664578139782,175.464506864548,43.6104104816914,184.036285161972,79.8856694400311,17.275365293026,114.062995165586
0,0,0,0,0,0,0,0,0,0,0,0,0,0,0,0,0,0,0,0,0,0,0,0,0,0,0,0,0,0.515482664108276,0,0,0,0,0,0,99.4829941987991,34.2120554149151,116.724946171045,23.9573940932751,0.361734867095947,0,0,0,0,0,0,3.5873259305954,0,0,0,0,0,0,0,0,0,0,0,0,0,0,0,0,0,0,0,0,0,0,1.50422739982605,15.2446653842926,8.58057403564453,12.8353435993195,70.3294195532799,54.6772599518299,39.3957351744175,280.905055433512,0,1.49360120296478,0,0,0,0,0,0,0,0,0,0,24.3106793165207,3406.06388807297,23.7229632735252,0,105.242378622293,589.883309870958,283.598775714636,295.364461094141,56.1304692327976,348.157643198967,19.1721711158752,1781.07110291719,45.0061135292053,1698.93202641606,94.4292915463448,1680.58420071006,114.364630907774,511.798074424267,213.247531533241,128.622878700495,506.422075390816,88.32380387187,288.463731646538,69.4521520733833,145.321095913649,205.63631811738
208.504195183516,0,51.4238822460175,0,0,0,44.1698552072048,1.54056620597839,0,0,8.13899555802345,0,4.04357582330704,0,1.7254273891449,0,12.5639805793762,0,95.1161771118641,2.92704755067825,0.722104430198669,0,4.37845069169998,0,0,0,0,0,23.5478761792183,0,0.847701907157898,3.65986400842667,0.991797149181366,6.55762314796448,5.30227482318878,1.43827819824219,223.439579874277,23.7091081738472,118.393065154552,9.76067450642586,12.5274550914764,0,12.351767539978,0,7.10737919807434,0,37.1683811545372,4.50144743919373,13.479745477438,0,44.4220743775368,0,0,0,0,0,127.808236122131,1.24412167072296,61.0049555897713,0,23.3421878218651,0,10.2623772025108,0,24.3935691714287,0,50.5979658663273,0,148.377016097307,0,198.513350754976,9.94866329431534,217.388927519321,5.95597767829895,318.500252813101,60.1846823394299,2154.57772320509,124.069673657417,1.12501096725464,0,9.10224664211273,0,2.12206345796585,0,11.7488960623741,0,3.8728621006012,0,8.83961376547813,0,308.233325183392,86.6456529200077,490.720371067524,105.242378622293,0,129.079964876175,1342.55047044158,62.9637583196163,234.901034474373,46.5956881940365,277.315873086452,27.7789108455181,418.978788375854,144.241475015879,1063.33831125498,216.027163892984,338.685806632042,43.6014632582664,274.096962422132,511.269723445177,199.780996084213,25.5700489580631,58.0724537670612,95.4104032516479,51.4461411237717,190.177025854588
5.77157139778137,325.351775586605,1.5818327665329,41.5576254725456,0,0,0,63.6484594345093,0,1.80224299430847,0,1.17715418338776,0,5.8339010477066,0,2.6665161550045,0,10.0121451020241,0,59.7478255629539,0,0,0,4.6543650329113,0,0,1.22736173868179,1.11885595321655,0,9.07740169763565,0,2.82739508152008,0.750816822052002,8.04713898897171,0.634176909923553,4.05478256940842,55.8145229518414,276.158583939075,172.974700629711,63.3773410022259,0.576616227626801,3.38999545574188,1.32920134067535,24.6186454892159,0,11.2421989440918,0,88.4456457495689,0,26.5761567950249,0,54.8685500919819,0,1.0209686756134,0,3.67758905887604,2.65961241722107,243.367453843355,0,63.4481262266636,0,37.9505831301212,0,29.823416352272,0,108.417310833931,1.53814208507538,36.5001139044762,0,79.8585340678692,31.3491798043251,227.537970602512,27.5631234943867,141.964768439531,100.805317878723,327.446504622698,74.5550837516785,1744.07593125105,0,1.71869885921478,0,13.3922350406647,0,3.77309817075729,0,14.4844368696213,0,3.56176292896271,0,3.65994989871979,119.603069335222,579.505882799625,87.0206216275692,589.883309870958,129.079964876175,0,258.001436203718,864.228464692831,57.81772133708,407.230980217457,53.1903703808784,74.2802676856518,105.827136725187,251.88510799408,122.602005213499,441.056331992149,72.7562023997307,103.000524550676,335.886035978794,748.224310606718,362.353235334158,42.501631975174,42.5420654416084,12.1924896240234,44.0890659093857,94.7191870808601
40.1532599925995,8.41370868682861,7.7822842001915,0,0,0,1.93501889705658,0,1.22069668769836,0,0,2.17124700546265,0,0,0,0,4.69655215740204,0,6.581682741642,0,0,0,0,0,0,0,0,0,1.15964591503143,0,0,0,0,1.42654144763947,0,0,154.254386097193,33.8491551578045,176.947797507048,35.3276031017303,0.686765730381012,0,2.89928305149078,0,0,0,31.6679728925228,4.0385075211525,4.16461759805679,0,3.85416102409363,0,0,0,0.623891413211823,0,18.6534206271172,0,11.1004886627197,0,8.95598447322845,0,1.36130213737488,0,3.30244398117065,0,12.5144555568695,0,30.6368834972382,0,52.445237070322,18.0057412683964,69.7651750445366,9.60572117567062,101.936097621918,104.804955929518,560.16251540184,110.1245264709,0,0,0,0,0,0,3.44562959671021,0,0,0,0,0,2728.49589768052,514.25588825345,1322.66829520464,283.598775714636,1342.55047044158,258.001436203718,0,218.660210043192,3703.84711483121,222.067337781191,747.675044834614,76.3831090927124,620.203950971365,246.169136583805,693.8907366395,239.979441940784,430.47076228261,77.2759236991405,83.4457697868347,359.772862076759,776.584911823273,174.233752518892,164.897084355354,83.9729817807674,35.9754610359669,122.519066631794
0,9.05274105072021,0,0,0,0,0,0.904597222805023,0,0,0,0,0,0,0,0,0,0,0,0,0,0,0,0,0,0,0,0,0.844679951667786,0,0,0,1.14636468887329,0,0,1.1471791267395,40.9162366986275,39.3549776077271,78.1902832686901,88.074821472168,0.573653638362885,0,0.358821421861649,10.9475783109665,0,1.99851730465889,0,55.9104846417904,0,0,0,0,0,0,0,9.06487983465195,0,5.13622570037842,0,0,0,0,0,1.0524388551712,0,0,0,4.26936703920364,0,1.42119121551514,10.7504692077637,28.5452642440796,27.7289970815182,11.3383017778397,67.9007893204689,42.2835064828396,36.4857556521893,71.6536907851696,0,0,0,0.553081572055817,0,0,0,0,0,0,0,0.706462562084198,118.543902277946,847.292305648327,61.0127544701099,295.364461094141,62.9637583196163,864.228464692831,218.660210043192,0,62.5932804346085,2117.75202140212,53.5586888194084,37.4367438554764,84.33835542202,93.7386065721512,70.9723917245865,105.020650982857,55.9142417311668,282.204423666,12.8522871434689,13.689015775919,492.407525867224,92.9934406280518,47.7826034128666,9.66549730300903,5.89487305283546,25.9706261456013
1.0636168718338,0,0,0,0,0,0,0,0,0,0,0,0,0,0,0,0,0,0,0,0,0,0,0,0,0,0,0,7.18866163492203,0,0,0,0,0,0,0,46.2578487992287,7.45239925384521,44.5005061328411,4.5586356818676,5.1278480887413,0,172.381237477064,0,1.57409620285034,0,88.7840006649494,0,6.51048839092255,0,4.47849863767624,0,9.67033749818802,0,14.0083805918694,0,0,0,0,0,0,0,0,0,0,0,0,0,0,0,8.57989296317101,4.1839285492897,20.2890274822712,3.34164381027222,35.4423241019249,15.5577675104141,42.3097797334194,21.848738014698,0,0,3.70926320552826,0,0.615102231502533,0,13.920282125473,0,0,0,5.16660794615746,0,3223.67905929685,95.0184921622276,375.133204519749,56.1304692327976,234.901034474373,57.81772133708,3703.84711483121,62.5932804346085,0,49.180334597826,124.915113419294,13.1594408750534,63.0030293762684,55.6059831678867,183.453347951174,65.470260232687,135.331093013287,22.3166524469852,4.9962545633316,5.31637060642242,111.646938979626,232.574771851301,57.6497109234333,14.4580116868019,2.93405252695084,19.4172075986862
0,2.22287052869797,0,0,0,0,0,0,0,0,0,0,0,0,0,0,0,0,0,0,0,0,0,0,0,0,0,0,0,11.9008687734604,0,0,0,1.84676623344421,0,0,47.5787917375565,79.6719802320004,99.4227616786957,21.9844166040421,0,29.3722651600838,219.200960546732,250.895280748606,2.2635612487793,26.6562139093876,0,1644.8506808579,0,51.9377759099007,0,28.9217921197414,0,63.5955265760422,0,191.205967634916,0,0,0,1.29062914848328,0,0,0,0,0,0,2.55406403541565,4.44183802604675,0,0,10.8205562829971,20.4810886979103,16.4642109870911,62.4456804394722,63.7326662242413,36.6347587108612,29.8036454021931,97.044583439827,0,0,0,7.1883796453476,0,1.92066392302513,0,22.4973489642143,0,1.53182464838028,0,17.192301005125,67.7486805021763,2382.46874764562,41.3814134001732,348.157643198967,46.5956881940365,407.230980217457,222.067337781191,2117.75202140212,49.180334597826,0,30.0789577364922,16.8793842792511,48.0105675756931,92.6872548162937,49.3979649245739,131.29547187686,66.8898969292641,461.56734675169,14.8484954535961,11.6811716854572,303.049307286739,261.26896750927,228.693745344877,16.5773134231567,2.19339075684547,11.2223016321659
0,0,0,0,0,0,0,0,0,0,0,0,0,0,0,0,0,0,0,0,0,0,0,0,0,0,0,0,0,0,0,0,0,0,0,0,32.5402774512768,15.3278869688511,65.3541627526283,7.60931864380836,0,0,0,0,0,0,0,0,0,0,0,0,0,0,0,0,0,0,0,0,0,0,0,0,0,0,0,0,0,0,6.65793195366859,0.907476961612701,18.1055131554604,0,34.984038412571,23.4523864686489,92.6353856027126,23.2080546617508,0,0,0,0,0,0,0,0,0,0,0,0,773.234504103661,25.6313152015209,2291.14772605896,19.1721711158752,277.315873086452,53.1903703808784,747.675044834614,53.5586888194084,124.915113419294,30.0789577364922,0,10.9978037774563,2662.96088352799,59.1545501947403,853.829763829708,66.8790280222893,444.561178565025,32.3774082660675,32.2102829813957,11.9864709675312,54.8405205309391,17.1737097501755,36.7508420944214,35.0009683668613,8.73106446862221,48.2251226902008
0,0,0,0,0,0,0,0,0,0,0,0,0,0,0,0,0,0,0,0,0,0,0,0,0,0,0,0,0,0.696108996868134,0,0,0,0,0,0,22.7907803058624,7.31477439403534,43.858401030302,11.868990957737,0,0,0,0,0,0,0,0,0,0,0,0,0,0,0,0,0,0,0,0,0,0,0,0,0,0,0,0,0,0,1.9248098731041,7.59211048483849,0.94846099615097,6.21588665246964,37.2231050431728,13.3290285766125,13.4831102192402,39.5841971337795,0,0,0,0,0,0,0,0,0,0,0,0,10.7350277304649,124.254245996475,3.66748863458633,1781.07110291719,27.7789108455181,74.2802676856518,76.3831090927124,37.4367438554764,13.1594408750534,16.8793842792511,10.9978037774563,0,23.1489176750183,1509.45124685764,23.186155796051,457.953401833773,33.8244853019714,168.782608836889,28.7273076474667,10.583949804306,22.1947182118893,4.10272717475891,3.73090299963951,11.6259770393372,27.6441195309162,25.0048650205135
0,0,0,0,0,0,0,0,0,0,0,0,0,0,0,0,1.68024134635925,0,0,0,0,0,0,0,0,0,0,0,1.17196440696716,0,0,0,0,0,0,0,55.273129940033,19.0065469145775,101.256409794092,18.4811837375164,0.565004706382751,0,0,0,0,0,0,0,0,0,0,0,0,0,0,0,0,0,0,0,0,0,0,0,0,0,0,0,0,0,19.9830904901028,3.29694056510925,20.7502803504467,3.8423627614975,48.3144667446613,38.2638341486454,155.375332862139,38.0428522229195,0,0,0,0,0,0,0,0,0,0,0,0,219.024633497,55.5836084485054,1185.38079574704,45.0061135292053,418.978788375854,105.827136725187,620.203950971365,84.33835542202,63.0030293762684,48.0105675756931,2662.96088352799,23.1489176750183,0,161.615229219198,4763.16431549191,159.398783624172,740.034410327673,61.597422927618,86.9080203771591,79.8100579082966,208.201155781746,43.6250991821289,131.845110416412,627.368990421295,299.011477977037,186.614655405283
0,0,0,0,0,0,0,0,0,0,0,0,0,0,0,0,0,0,0,0,0,0,0,0,0,0,0,0,0,0,0,0,0,0,0,0,128.775443822145,39.6715804338455,128.13181912899,55.5250232219696,0,0,0,0,0,0,0,0.505888521671295,0,0,0,0,0,0,0,0,0,0,0,0,0,0,0,0,0,0,0,0,0,0,6.44398206472397,18.8781343400478,19.4770383834839,5.88333934545517,122.401752620935,82.6595416069031,59.8722643852234,207.298767119646,0,0,0,0,0,0,0,0,0,0,0,0,67.9382469654083,274.172059834003,32.0824809372425,1698.93202641606,144.241475015879,251.88510799408,246.169136583805,93.7386065721512,55.6059831678867,92.6872548162937,59.1545501947403,1509.45124685764,161.615229219198,0,170.738080412149,5305.04636403918,182.668157547712,644.504337489605,106.440311223269,68.4051457643509,216.53407305479,42.4830631613731,109.026664286852,399.125539779663,159.807058811188,120.449689298868
4.12948286533356,1.60381102561951,0,0,0,0,0,0,0,0,0.693107068538666,0,0,0,0,0,1.511683344841,0,0,0,0,0.641308128833771,0,0,0,0,0,0,0.844216048717499,0,0,0,0,0,3.01695042848587,0,97.1909147799015,23.815013051033,94.4286867678165,19.2436141967773,5.94624292850494,0.438042551279068,0,0,0,0,1.87580990791321,0,0,0,0,0,0,0,0,0,7.00042748451233,0,0.746890425682068,0,0,0,1.29670351743698,0,0,0,0.622250258922577,0,1.98117625713348,0,65.3791819214821,22.2623062729836,56.9270298182964,5.21215468645096,156.388779103756,61.6205480992794,691.206166565418,142.369338721037,0,0,0,0,0,0,0,0,1.09758025407791,0,0,0,416.440280467272,55.4949897229671,1066.99040031433,94.4292915463448,1063.33831125498,122.602005213499,693.8907366395,70.9723917245865,183.453347951174,49.3979649245739,853.829763829708,23.186155796051,4763.16431549191,170.738080412149,0,354.269364029169,883.586306393147,67.4561450183392,256.221621960402,80.9268071651459,147.02305829525,18.4636125266552,54.9920510053635,88.4977075457573,460.418541193008,460.692244172096
2.37582302093506,10.7908644676208,0,0,0,0,0,0,0,0,0,0.66492223739624,0,0,0,0,0,0,0,0.611057281494141,0.465600550174713,0,0,0,0,0,0,0,0,0,0,0,0,0.516603827476501,0,0,79.5633344054222,50.6549603044987,74.8861201703548,31.049358189106,2.10524243116379,2.68451011180878,0,1.33392727375031,0,0,0,6.2551332116127,0,0,0,0,0,0,0,1.745660841465,0,10.0833367109299,0,0,0,1.90188717842102,0,0,0,1.45982658863068,0,0,0,0.912388145923615,15.6087194979191,60.9919506907463,28.0318210721016,49.0263484716415,97.7281147539616,140.822433888912,122.126476824284,604.358156919479,0,0,0,1.77707207202911,0,0.94133985042572,0,0,0,0,0,0,81.0450586676598,492.700768262148,85.9134785234928,1680.58420071006,216.027163892984,441.056331992149,239.979441940784,105.020650982857,65.470260232687,131.29547187686,66.8790280222893,457.953401833773,159.398783624172,5305.04636403918,354.269364029169,0,159.354307562113,756.459852457047,345.684615671635,132.163034230471,241.350431919098,43.0283739566803,51.9377702772617,115.183945178986,316.969897270203,896.895824491978
4.94411545991898,0,0,0,0,0,1.64220833778381,0,0,0,0,0,0,0,0,0,1.55903053283691,0,0,0,0,0,0,0,0,0,0,0,2.64672237634659,0,0,0,0,4.58831477165222,0,0,55.0077633857727,15.9518752098083,119.874760657549,23.0232074856758,0,0,0,0,0,0,1.40115642547607,0,0,0,0,0,0,0,0,0,7.75902432203293,1.12263715267181,0,0,0,0,1.75527501106262,0,0,0,0,0,2.46748667955399,0,33.9345819354057,23.4695961773396,53.7823925316334,7.74508202075958,88.3325664401054,44.2099487185478,145.527581751347,62.0809226632118,0,0,1.67943847179413,0,0,0,0.487411320209503,0,0,0,1.34550476074219,0,281.732610374689,93.9658670723438,311.383179605007,114.364630907774,338.685806632042,72.7562023997307,430.47076228261,55.9142417311668,135.331093013287,66.8898969292641,444.561178565025,33.8244853019714,740.034410327673,182.668157547712,883.586306393147,159.354307562113,0,42.4253067374229,39.6576474905014,12.8070841431618,32.261875629425,6.48827394843102,6.46977791190147,10.5668248236179,13.5380437970161,98.5266518890858
1.9098242521286,3.01433181762695,0,0,0,0,0,0,0,0,0,0,0,0,0,0,0,0,0,0,0,0,0,0,0,0,0,0,0,3.15095567703247,0,0,0,0,0,0,18.2932280898094,12.8556972742081,28.1854847073555,9.06206730008125,0,0,0,0,0,0,0.567507684230804,1.43325448036194,0,0,0,0,0,0,0,0,0,1.18904042243958,0,0,0,0,0,0,0,0,0,0,0,0,3.41078054904938,15.4534488320351,16.5102637410164,6.67278373241425,27.61442014575,35.1197051107883,21.9635040163994,60.1091211736202,0,0,0,0,0,0,0,0,0,0,0,0,41.0602949559689,552.440568119287,29.298803538084,511.798074424267,43.6014632582664,103.000524550676,77.2759236991405,282.204423666,22.3166524469852,461.56734675169,32.3774082660675,168.782608836889,61.597422927618,644.504337489605,67.4561450183392,756.459852457047,42.4253067374229,0,38.9707311093807,6.72903740406036,51.3880002200603,2.5889185667038,10.4901723265648,2.38138663768768,22.913091480732,54.2109011411667
4.00247925519943,9.76445546746254,4.09539741277695,8.59286534786224,0,0,4.73172503709793,18.0501940846443,0,0.589991450309753,1.83775758743286,0.544458985328674,0,2.9615820646286,0,1.05469125509262,0,0,2.32045489549637,23.1582750678062,0,0,0,0,0,0,0,0,0,0,0,0.987276375293732,0.790330171585083,1.46366542577744,0,0,24.2228774726391,15.2948047816753,15.6023782491684,4.22466030716896,0.86098039150238,0,0,0,0,0,0.900185286998749,3.68302851915359,0,1.2164466381073,0,0,0,0,0,0,1.7077511548996,4.50865352153778,0,0,0,0,0,0,0,1.58664846420288,0,0,3.33040356636047,1.75230395793915,27.0720857977867,72.189841657877,19.2593020498753,16.4900489747524,58.1735283136368,56.4981414675713,542.789442002773,1043.44098857045,0,0,0,1.14318597316742,0,0,0,0,0,0,0,0,26.0721271634102,69.7671357691288,46.6659222841263,213.247531533241,274.096962422132,335.886035978794,83.4457697868347,12.8522871434689,4.9962545633316,14.8484954535961,32.2102829813957,28.7273076474667,86.9080203771591,106.440311223269,256.221621960402,345.684615671635,39.6576474905014,38.9707311093807,0,370.540626019239,151.373714476824,22.148990213871,70.1118139028549,267.712483406067,172.618795543909,240.285399526358
7.61483412981033,10.4810931682587,4.16191345453262,3.31185704469681,0,0,0,8.39850574731827,0,0,0,1.59048157930374,0,0,0.75130307674408,0.715899288654327,0,0.900282144546509,5.41900545358658,2.35895437002182,0,0,0,0,0,0,0,0,0,0,0,0.576530635356903,0,0,0,0,37.8985517024994,24.0637828111649,6.51171526312828,2.2315109372139,2.55372834205627,0,0,0.973891645669937,0,0,38.733767926693,157.740203440189,0.962247669696808,0,2.53970158100128,2.80875718593597,0,0,0,1.20170629024506,2.62262898683548,4.29763543605804,0,0,0,0,0,0,0,0.74696958065033,0,0,3.19875150918961,2.30036354064941,7.26912373304367,19.1821017861366,10.6249868869781,8.40692883729935,24.6323328018188,24.0045287907124,682.982364863157,1471.39522612095,0,0,1.68574702739716,0,0,0,0,0,0,0,0,0,11.0332277715206,31.3118959069252,31.9664578139782,128.622878700495,511.269723445177,748.224310606718,359.772862076759,13.689015775919,5.31637060642242,11.6811716854572,11.9864709675312,10.583949804306,79.8100579082966,68.4051457643509,80.9268071651459,132.163034230471,12.8070841431618,6.72903740406036,370.540626019239,0,249.55667835474,16.7854251861572,67.4422794282436,278.257403850555,125.383017390966,194.937937706709
0,0,0,0,0,0,0,0,0,0,0,0,0,0,0,0,0,0,0,0,0,0,0,0,0,0,0,0,0,0,0,0,0,0,0,0,9.90271282196045,11.7124245762825,18.6548483669758,8.82036349177361,0,0,0,0,0,0,0,0.408932626247406,0,0,0,0,0,0,0,0,0,0,0,0,0,0,0,0,0,0,0,0,0,0,0,4.71313101053238,2.36093688011169,5.25281649827957,15.0097595751286,11.9062567353249,15.8463620841503,48.840277582407,0,0,0,0,0,0,0,0,0,0,0,0,102.870426386595,309.434038996696,175.464506864548,506.422075390816,199.780996084213,362.353235334158,776.584911823273,492.407525867224,111.646938979626,303.049307286739,54.8405205309391,22.1947182118893,208.201155781746,216.53407305479,147.02305829525,241.350431919098,32.261875629425,51.3880002200603,151.373714476824,249.55667835474,0,348.968044877052,370.611851155758,541.20433986187,161.429206430912,153.146223247051
0,0,0,0,0,0,0,0,0,0,0,0,0,0,0,0,0,0,0,0,0,0,0,0,0,0,0,0,0,0,0,0,0,0,0,0,4.1526620388031,0.827161192893982,2.53066352009773,0,0,0,0,0,0,0,0,0,0,0,0,0,0,0,0,0,0,0,0,0,0,0,0,0,0,0,0,0,0,0,0,0,0.97879421710968,0,2.97198760509491,1.2953439950943,4.7752580344677,12.9813080132008,0,0,0,0,0,0,0,0,0,0,0,0,41.1191064417362,120.820373654366,43.6104104816914,88.32380387187,25.5700489580631,42.501631975174,174.233752518892,92.9934406280518,232.574771851301,261.26896750927,17.1737097501755,4.10272717475891,43.6250991821289,42.4830631613731,18.4636125266552,43.0283739566803,6.48827394843102,2.5889185667038,22.148990213871,16.7854251861572,348.968044877052,0,181.651654303074,104.573041200638,12.6987026929855,13.8173028826714
0,0,0,0,0,0,0,0,0,0,0,0,0,0,0,0,0,0,0,0,0,0,0,0,0,0,0,0,0,0,0,0,0,0,0,0,5.07672768831253,0,7.55159994959831,0.581570088863373,0,0,0,0,0,0,0,0,0,0,0,0,0,0,0,0,0.774913251399994,0,0,0,0,0,0,0,0,0,0,0,0,0,0,0,1.23637044429779,0,0.346168011426926,2.04386389255524,25.8809304237366,6.50072881579399,0,0,0,0,0,0,0,0,0,0,0,0,50.2323552370071,251.073453217745,184.036285161972,288.463731646538,58.0724537670612,42.5420654416084,164.897084355354,47.7826034128666,57.6497109234333,228.693745344877,36.7508420944214,3.73090299963951,131.845110416412,109.026664286852,54.9920510053635,51.9377702772617,6.46977791190147,10.4901723265648,70.1118139028549,67.4422794282436,370.611851155758,181.651654303074,0,278.315684944391,29.0022765398026,71.1310315132141
0,1.60183846950531,0,0,0,0,0,0,0,0,0,0,0,0,0,0,0,0,0,0,0,0,0,0,0,0,0,0,0.734264433383942,0,0,0,0,0,0,0,5.60895290970802,0,1.21032172441483,0.863543927669525,0,0,0,0,0,0,0,0.957790672779083,0,0,0,0,0,0,0,0,0,0,0,0,0,0,0,0,0,0,0,0,0,0,1.12063992023468,0,2.07067841291428,0,4.47646600008011,1.8813995718956,55.3487677574158,14.2220833301544,0,0,0,0,0,0,0,0,0,0,0,0,13.0499304234982,19.9165158569813,79.8856694400311,69.4521520733833,95.4104032516479,12.1924896240234,83.9729817807674,9.66549730300903,14.4580116868019,16.5773134231567,35.0009683668613,11.6259770393372,627.368990421295,399.125539779663,88.4977075457573,115.183945178986,10.5668248236179,2.38138663768768,267.712483406067,278.257403850555,541.20433986187,104.573041200638,278.315684944391,0,256.899913311005,256.885283231735
0,0,0,0,0,0,0,1.34871113300323,0,0,0,0,0,0,0,0,0,0,0,0,0,0,0,0,0,0,0,0,0,0,0,0,0,0,0,0,1.06852471828461,1.76402178406715,3.38592380285263,1.41461870074272,0,0,0,0,0,0,0,0,0,0,0,0,0,0,0,0,0,0,0,0,0,0,0,0,0,0,0,0,0,0,0,2.1493858397007,0.448554754257202,0,8.56411200761795,4.68920373916626,18.9467438161373,43.358200609684,0,0,0,0,0,0,0,0,0,0,0,0,6.9622914493084,33.5118909776211,17.275365293026,145.321095913649,51.4461411237717,44.0890659093857,35.9754610359669,5.89487305283546,2.93405252695084,2.19339075684547,8.73106446862221,27.6441195309162,299.011477977037,159.807058811188,460.418541193008,316.969897270203,13.5380437970161,22.913091480732,172.618795543909,125.383017390966,161.429206430912,12.6987026929855,29.0022765398026,256.899913311005,0,225.194469869137
4.2862968146801,11.6994358897209,0,0,0,0,1.88536787033081,2.07486307621002,0,0,2.97056877613068,0,0,2.36166882514954,0,0,0,0,0,0.527730405330658,0,0,0,0,0,0,0,0,0,1.59200477600098,0,0.61815345287323,0,0,0,0,22.7930481135845,3.39201062917709,15.4219815135002,6.30352979898453,0.608554363250732,0,0,0,0,0,0,2.69360455870628,0,0,0,0,0,0,0,0,1.87708210945129,0.730679988861084,0.587102353572845,0,0,0.894705176353455,0,1.10501766204834,0,0,0,0,1.41559952497482,2.84735441207886,14.1963130235672,20.6118542551994,10.3625197708607,8.59237167239189,44.319129794836,29.494551628828,209.774756938219,169.655425459146,0,0,0,0,0,0,0,0,0.514763116836548,0,0,0,43.8089826405048,60.2932432591915,114.062995165586,205.63631811738,190.177025854588,94.7191870808601,122.519066631794,25.9706261456013,19.4172075986862,11.2223016321659,48.2251226902008,25.0048650205135,186.614655405283,120.449689298868,460.692244172096,896.895824491978,98.5266518890858,54.2109011411667,240.285399526358,194.937937706709,153.146223247051,13.8173028826714,71.1310315132141,256.885283231735,225.194469869137,0
