0,179.61943140626,1937.45161318779,206.500467061996,0,0,3076.01068541408,312.867087692022,9.48240733146667,0,3614.82811963558,24.2293408811092,1915.49492573738,0,21.8929536938667,0,770.821114271879,26.453485429287,1111.02722039819,854.162636905909,0,0,13.6630639731884,4.13735044002533,0,0,0,0,680.788540363312,0.852548897266388,52.8449441790581,37.3506633639336,11.9510715007782,182.392267882824,0,0,144.86978662014,3.1438307762146,157.668503582478,0,2.3944199681282,0,0,0,0,0,10.6706578731537,0,0,0,12.4774866700172,0,0,0,5.11437463760376,0,11623.1373744011,17.9448026120663,271.952693879604,0,1754.57973796129,0,420.963504135609,1.15068566799164,428.286975592375,0,103.837781310081,2.25046247243881,1840.7057159543,15.4423885941505,1409.45817071199,107.373774260283,1831.21972301602,51.1012701094151,697.371713250875,28.1602282524109,2591.71301728487,188.519650042057,67.6533171534538,0,75.2207813560963,0,0,0,289.781358778477,0,0,0,64.1542088389397,0,0,0,0,0,138.368220329285,3.09752726554871,24.5443143844604,0,0,0,0,0,0,0,0,0.711109280586243,4.78310894966125,0,31.3323325514793,11.523285984993,0,0,0,0,0,6.9683421254158
179.61943140626,0,58.8705833554268,2847.6866723299,0,2.16916441917419,40.0051646530628,6537.2190091908,0,14.1300346255302,7.82740303874016,2437.50195279717,0,568.005408942699,0,14.7681595683098,1.27603453397751,1182.38031065464,433.581770122051,936.628208398819,0,0,1.0117746591568,26.9174498915672,0,0,0,0,10.2806372046471,73.6998376250267,22.1908459067345,23.5894462764263,124.246189236641,105.377016186714,0,1.39584290981293,3.09360361099243,394.122006773949,0,117.503076016903,0,0,0,0,0,0,1.56003785133362,9.94827377796173,0,1.27231419086456,0,16.1632017493248,0,0,0,0,45.9166110754013,12879.9624975026,4.0527251958847,214.742452293634,8.49904775619507,778.198865354061,14.1235942840576,657.409314095974,0,149.217224836349,58.6337305903435,29.0190001726151,458.568487584591,882.314054489136,116.309053391218,1725.47388675809,37.4802405834198,1730.98955777287,10.5431218445301,614.548296689987,388.893299758434,3232.06280523539,1.18179929256439,4.11308267712593,0,10.1890306472778,0,0,0,31.1197841763496,0,0,0,8.23981201648712,0,1.0341545343399,0,0,6.49178606271744,126.795583188534,0,0.842658460140228,0,1.8136260509491,0,0,0,0,0,7.82107788324356,0.601722478866577,6.29176354408264,16.8846169114113,23.1851598322392,0,0,0,0,0,0
1937.45161318779,58.8705833554268,0,844.654020249844,1150.9898173511,130.4653442204,8762.96434232593,746.44965928793,599.703058153391,59.1560141444206,770.1240863204,90.1367458403111,1285.46232107282,55.310772061348,276.503077059984,15.9529446363449,176.662628620863,20.8629410862923,1949.43482705951,673.549146860838,4.55413624644279,10.9942514300346,2633.35655206442,1545.51339936256,139.551059693098,255.710620522499,65.3085709810257,21.8953413367271,844.030546873808,6.52697485685349,204.660005509853,794.573902517557,259.699251055717,195.738243579865,20.6432595849037,0,83.4497077763081,3.38496834039688,33.2432980537415,0,9.43852996826172,0,15.5748072266579,0,2.0526984333992,0,37.3704692721367,0,0,0,0,0,0,0,0,0,395.293481647968,4.70641908049583,190.493119955063,0,60.5447848439217,0,7.92995965480804,0,26.7382675409317,0,417.117476046085,1.43081319332123,269.523455291986,4.2533038854599,1388.98676341772,538.815980225801,2157.69278842211,101.737785995007,601.459952235222,37.0511376559734,2136.48613575101,161.741679996252,3.99047356843948,0,14.3700560331345,0,2.52744436264038,0,11.7320611476898,0,0,0,0,0,0,0,0,0,129.046118974686,7.20014423131943,6.83534491062164,0,0,0,0,0,0,0,1.35499572753906,0,0,0,34.4760105013847,20.4012769460678,0,0,0,0,0,3.03418397903442
206.500467061996,2847.6866723299,844.654020249844,0,68.8622867166996,698.681843042374,963.100851744413,12628.8180953264,73.961644411087,218.093933194876,100.486043006182,1072.0311883688,322.702319085598,515.600708425045,33.8740807175636,460.152468681335,18.6328786015511,352.049294799566,839.328109353781,3154.5352422297,8.08785486221313,3.31715816259384,1031.97335168719,2445.04797142744,37.3751499950886,315.799283087254,25.875468403101,27.7758980989456,132.204760879278,176.156453043222,305.711711734533,227.809417635202,158.677921742201,135.975369602442,0,0,4.37073892354965,113.877566635609,9.33976900577545,32.6739044189453,0,4.09785449504852,0,0,0,0,0,8.80855911970139,0,1.53339242935181,0,13.9867960810661,0,0,0,0,31.0246383547783,632.077364176512,0,144.030841320753,0.707707107067108,119.267529994249,0.932993710041046,66.9551791548729,0,71.0747585296631,13.5413436889648,86.7088327109814,347.288505584002,281.514296144247,731.202910006046,2129.09700873494,287.919283628464,2073.45552757382,93.3995298445225,729.183418899775,414.235881596804,2711.2210060358,0,0,0,21.1210368275642,0,0,0,41.4977979063988,0,0,0,8.16664743423462,0,0,0,0,12.7803989648819,85.249287456274,1.60199522972107,0,0,0,0,0,0,0,0,3.13100266456604,0,0.657342910766602,59.3181146979332,24.4621673226357,0,0,0,0,0.836614727973938,1.62929606437683
0,0,1150.9898173511,68.8622867166996,0,96.3082112669945,614.612892836332,33.335297524929,2020.06469348073,40.4554508924484,0.856771469116211,0,34.0945370197296,0.501041233539581,1987.70761203766,16.6468807160854,0,0,6.17831403017044,0,411.120055913925,16.6461102068424,222.634818345308,243.632811576128,278.33825725317,292.386018693447,776.881611943245,93.4203575849533,510.433026880026,0.55104011297226,60.3122238814831,117.859564125538,9.14282873272896,1.35999727249146,0.394715964794159,0,31.4942324757576,0,1.51039659976959,0,143.79439663887,0,0.809174299240112,0,0,0,12.0321727991104,0,0,0,1.69204092025757,0,0.935416042804718,0,5.0311798453331,0,0,0,0,0,0,0,0,0,1.09408140182495,0,0,0,0,0,825.662993371487,65.216522783041,811.176254242659,7.42020452022552,46.7130479812622,0,69.9120125770569,0,0,0,5.6760281920433,0,26.2869161069393,0,20.6698207259178,0,29.6263297200203,0,36.6295767724514,0,0,0,0,0,1.39050883054733,0.897291421890259,0,0,0,0,0,0,0,0,0,0,0,0,0,0.529875755310059,0,0,0,0,0,0
0,2.16916441917419,130.4653442204,698.681843042374,96.3082112669945,0,35.2754291892052,795.695686966181,66.2332493662834,2205.50505942106,0,10.4704723954201,4.152223944664,31.8880298137665,15.9873786568642,1249.84258016944,0,6.42932420969009,0,2.75076127052307,6.46972608566284,608.312087327242,163.206165522337,67.288844615221,109.353463083506,780.07519441843,99.8938865959644,2320.87581476569,1.06525063514709,145.752002090216,125.272647798061,40.9619272947311,0,1.24015414714813,0,0,0,1.58341139554977,0,0,0,82.3394364416599,0,0,0,0,0,0,0,0,0,0,0,0,0,0,0,0.710886299610138,0,0,0,0,0,0,0,0,0,0,0,0,248.805000245571,919.28966742754,11.8165256381035,737.562055081129,0,34.6444488167763,0,34.5279306769371,0,0,0,0.832643151283264,0,20.9528696835041,0,0,0,1.08635586500168,0,0,0,0,0,0,0,0,0,0,0,0,0,0,0,0,0,0,0,0,0,0,0,0,0,0,0,0
3076.01068541408,40.0051646530628,8762.96434232593,963.100851744413,614.612892836332,35.2754291892052,0,926.247260123491,1094.28625708818,24.645056784153,1243.43917444348,86.8630848526955,8009.61266452074,50.3486630320549,246.551282763481,10.0056485533714,106.415487796068,16.6263884007931,430.379002571106,470.320505052805,0,0,496.354492872953,1233.03513151407,10.7870814204216,45.0525984764099,1.01642847061157,1.56583595275879,651.990151792765,8.38196069002151,76.9994189739227,390.785173565149,26.4037584364414,139.412335991859,3.91419023275375,0,40.2906952500343,3.42575412988663,10.2144774496555,0,1.3398597240448,0,0,0,0,0,32.3691915869713,0,0,0,5.7417151927948,0,0,0,0,0,411.680729568005,6.19257125258446,161.157137036324,0,318.304946660995,0,12.9794717431068,0,169.415344923735,0,75.100281059742,0,32.315040320158,0,2219.41579836607,541.670556098223,1198.22381007671,76.4870248734951,349.686270385981,18.8875432610512,1696.73301756382,134.992243885994,1.97399401664734,0,13.2874083518982,0,0.764065265655518,0,36.9306702017784,0,0,0,1.20627057552338,0,0,0,0,0,82.0938581526279,2.8996160030365,3.74981635808945,0,0,0,0,0,0,0,0.585551917552948,0.835400581359863,3.12210094928741,0,40.5717713236809,12.0854789316654,0,0,0,0,0,1.36390578746796
312.867087692022,6537.2190091908,746.44965928793,12628.8180953264,33.335297524929,795.695686966181,926.247260123491,0,50.1810338497162,1133.32351759076,82.2933343946934,3452.56522226334,289.149320602417,4232.87777814269,27.2306106090546,812.221253812313,15.176227748394,347.399741649628,853.072762995958,439.647446542978,3.58284330368042,0,799.778189212084,309.597128748894,19.8542792797089,46.3012742996216,3.21773439645767,8.84475815296173,119.201423048973,177.051737964153,194.624386101961,101.4105027318,61.7012882232666,39.8990945518017,0,0,6.30727273225784,76.0903520584106,9.40246689319611,10.319972038269,0,3.5508719086647,0,0,0,0,1.50633382797241,10.0720921754837,0,5.0097548365593,0,40.372590482235,0,0,0,2.52680730819702,47.1961689591408,1577.85134941339,0,300.985723614693,1.780189037323,649.414589256048,0,154.222477436066,0.656369388103485,505.814783990383,3.14428216218948,24.5394284129143,101.875377476215,22.3981106281281,632.48918145895,4190.46540436149,235.801177889109,1649.74600332975,62.9705499410629,623.870400696993,371.872673660517,2659.36131739616,0,0.848082840442657,0,33.1999576091766,0,0,0,69.7313832044601,0,0,0,9.73671191930771,0,0,0,0,7.87459808588028,63.4976980090141,0,0,0,0,0,0,0,0,0,2.00827574729919,0,0,58.5593895316124,17.5213361978531,0,0,0,0,1.18078219890594,2.2877277135849
9.48240733146667,0,599.703058153391,73.961644411087,2020.06469348073,66.2332493662834,1094.28625708818,50.1810338497162,0,32.9717084169388,38.6243378818035,0,714.216615200043,1.48471117019653,2936.55629479885,8.33550333976746,2.56166303157806,0,12.7704900205135,0,111.194182276726,2.42235797643661,99.027358174324,216.789463371038,24.2970651090145,114.811668694019,127.569766163826,15.248314499855,503.183772265911,0,30.553454130888,80.5339691638947,0,8.81696718931198,0,0,22.2362431585789,0,0.993964672088623,0,105.87366732955,0,0,0,0,0,6.28767222166061,0,0,0,0,0,0,0,0.554558634757996,0,1.31183063983917,0,0,0,0.653563916683197,0,0,0,0,0,0.931843876838684,0,0,0,599.41718930006,62.4413380026817,1088.76339942217,0,86.8580447435379,0,142.081262886524,0,0,0,8.77290815114975,0,18.1882332265377,0,18.3842588663101,0,17.2464399933815,0,30.5566936731339,0,0,0,0,0,0.579671263694763,0,0,0,0,0,0,0,0,0,0,0,0,0,0.588317930698395,0,0,0,0,0,0,0
0,14.1300346255302,59.1560141444206,218.093933194876,40.4554508924484,2205.50505942106,24.645056784153,1133.32351759076,32.9717084169388,0,0,67.7731289863586,8.07696259021759,362.272980004549,5.52439475059509,2321.37193465233,0,12.7371255159378,0,4.18848270177841,2.68932747840881,48.5135672390461,71.7287395596504,37.3249675035477,34.3868061900139,147.875123202801,39.3324166536331,565.304562866688,1.22117960453033,122.332978993654,39.5007812976837,13.625083565712,0,0,0,0,0,0.526198387145996,0,0.753651976585388,0.958544850349426,20.333385437727,0,0,0,0,0,0,0,0,0,0,0,0,0,0,0,2.2983067035675,0,0,0,0,0,2.36870634555817,0,0,0,0,0,0,153.414500892162,723.491456925869,3.71242070198059,850.201835364103,0,53.5498318374157,0,66.9208141565323,0,0,0,0,0,5.50712522864342,0,0.750296354293823,0,0.447668671607971,0,0,0,0,0,0,0.404267758131027,1.08900362253189,0.711270332336426,0,0,0,0,0,0,0,0,0,0,0,0.599083781242371,0,0,0,0,0,0,0
3614.82811963558,7.82740303874016,770.1240863204,100.486043006182,0.856771469116211,0,1243.43917444348,82.2933343946934,38.6243378818035,0,0,3.95440262556076,3845.33844682574,10.6038912534714,90.0424386262894,0,989.966249465942,2.98534464836121,642.323090225458,191.504119962454,0,0,152.441424787045,52.0481241941452,0,0,0,0,1438.60047966242,4.65194749832153,43.8895843625069,41.4052513837814,20.9451207518578,47.7564228177071,2.65795755386353,0,15.9728425741196,0,4.31665182113647,0,0.956038177013397,0,0,0,0,0,0,0,0,0,0,0,0,0,0,0,417.709719926119,0.805582523345947,50.5775513648987,0,1091.94312381744,0,529.018893688917,0,300.721561610699,0,36.2589870095253,0,32.660352408886,0,382.940220594406,54.5252831578255,500.891609549522,13.4251065850258,112.954153358936,5.18015176057816,313.049337357283,20.804823756218,69.5855857133865,0,531.339218616486,0,0,0,537.504129528999,0,0,0,73.9855261445045,0,0,0,0,0,15.8370602726936,1.82756245136261,1.40533268451691,0,0,0,0,0,0,0,0.921284556388855,0,0,0,5.07954305410385,0.463571071624756,0,0,0,0,0,0
24.2293408811092,2437.50195279717,90.1367458403111,1072.0311883688,0,10.4704723954201,86.8630848526955,3452.56522226334,0,67.7731289863586,3.95440262556076,0,26.6392198204994,3889.80212405324,0,191.849670916796,0.804854393005371,1207.98881772161,165.92375728488,498.875448614359,0,0.440869301557541,37.2280082702637,178.963195472956,0,0.750138282775879,0,0.763982594013214,14.7890883088112,722.13129734993,21.3779507279396,18.5780855417252,6.05300372838974,18.4783202409744,0,0,0,15.6103538870811,0,2.61173117160797,0,0,0,0,0,0,0,2.29067015647888,0,0,0,0,0,0,0,0,2.51499450206757,372.579816877842,0,97.3003560900688,0,1047.56277447939,0,511.73591953516,0,180.963853180408,0,3.30780977010727,2.66193759441376,6.23548769950867,56.3372647166252,711.353603810072,31.4662044048309,879.143932878971,6.82539343833923,80.9298087358475,22.2913988828659,402.96677261591,0,1.24727761745453,0,99.9201592803001,0,0,0,25.1707171797752,0,0,0,17.4854962825775,0,0,0,0,3.18289768695831,11.2622080147266,0,0,0,0,0,0,0,0,0,0.495292693376541,0,0,6.31996715068817,2.8820543885231,0,0,0,0,0,0
1915.49492573738,0,1285.46232107282,322.702319085598,34.0945370197296,4.152223944664,8009.61266452074,289.149320602417,714.216615200043,8.07696259021759,3845.33844682574,26.6392198204994,0,22.0587394237518,2441.19783294201,1.28937482833862,138.024733245373,0,483.164565652609,136.90317350626,0,0,587.185708075762,374.354320049286,1.47374701499939,1.58711266517639,0,2.50462567806244,1957.0612770617,0,61.3912315368652,163.901980161667,21.8757274448872,68.8207488656044,2.60721158981323,0,14.5803822278976,0,3.55704003572464,0,0.620737671852112,0,0,0,0,0,7.7301909327507,0,0,0,0,0,0,0,0,0,220.366929024458,0,26.6011549830437,0,289.826301693916,0,113.28696590662,0,144.902543783188,0,8.09126418828964,0,5.38661938905716,0,1233.72705179453,240.989254355431,810.945485413074,18.1487682461739,147.300273835659,7.78582954406738,557.121643334627,27.1227670907974,11.0522976517677,0,203.763828396797,0,0,0,113.458766102791,0,0,0,2.05391252040863,0,0,0,0,0,22.1948843002319,0,0.775753259658813,0,0,0,0,0,0,0,0,0,0,0,3.03827893733978,3.79768115282059,0,0,0,0,0,0.605486333370209
0,568.005408942699,55.310772061348,515.600708425045,0.501041233539581,31.8880298137665,50.3486630320549,4232.87777814269,1.48471117019653,362.272980004549,10.6038912534714,3889.80212405324,22.0587394237518,0,1.14438831806183,2181.03711819649,0,153.907770544291,27.9122425913811,83.1989360153675,0,0.958894491195679,55.5100439190865,93.6068454086781,0,7.27010124921799,0,4.69996643066406,8.25249338150024,1225.89684271812,8.8573272228241,12.6609114408493,3.5880765914917,8.84682029485703,0,0,0,14.1534280776978,0,0,0,0.752634763717651,0,0,0,0,0,2.5671688914299,0,0,0,0,0,0,0,0,0.690532386302948,115.027502119541,0,19.0278906822205,0,265.446288645267,0,128.75060236454,0,53.5346027612686,0,0,0,0,52.6087809801102,1007.05441102386,10.7627071142197,1380.93683648109,3.9964861869812,175.07166326046,11.2925243973732,331.788228809834,0,0,0,27.0615294575691,0,0,0,3.82807803153992,0,0,0,1.36316955089569,0,0,0,0,0,7.37652716040611,0,0,0,0,0,0,0,0,0,0,0,0,5.07126548886299,3.12529721856117,0,0,0,0,0,0
21.8929536938667,0,276.503077059984,33.8740807175636,1987.70761203766,15.9873786568642,246.551282763481,27.2306106090546,2936.55629479885,5.52439475059509,90.0424386262894,0,2441.19783294201,1.14438831806183,0,0,22.0785656571388,0,18.8752759099007,0,124.529630988836,3.69136732816696,78.8888310790062,66.6514829695225,34.9653382897377,31.339618742466,318.828365623951,10.0227447748184,3026.54828453064,0,49.9780107140541,45.1730713248253,4.4708240032196,1.61464858055115,0,0,36.8114242851734,0,2.40984898805618,0,112.175166726112,0,1.39931833744049,0,0,0,15.4578164219856,0,0,0,0.664491057395935,0,1.3377081155777,0,7.26087990403175,0,0,0,0,0,1.1892763376236,0,0,0,2.54075694084167,0,5.14352566003799,0,0,0,675.401719927788,31.9783429205418,2014.5018543005,3.52566492557526,182.149607867002,0,390.974736452103,0,0.801190853118896,0,32.9487183094025,0,41.0306468605995,0,40.5943484306335,0,30.5771489143372,0,58.7796043753624,0,0,0,0,0,14.3160851597786,0,0.512575745582581,0,0,0,0,0,0,0,0,0,0,0,6.07515144348145,1.51106286048889,0,0,0,0,0,0
0,14.7681595683098,15.9529446363449,460.152468681335,16.6468807160854,1249.84258016944,10.0056485533714,812.221253812313,8.33550333976746,2321.37193465233,0,191.849670916796,1.28937482833862,2181.03711819649,0,0,0,40.9882305562496,0,2.18260210752487,0.922849655151367,287.78239607811,18.9437512159348,64.1763936877251,14.4036930203438,138.86965829134,10.9645314216614,520.635954767466,0,1458.55579951406,11.962905049324,17.7493283450603,0,0.758007228374481,0,0,0,4.76374942064285,0,0.692882239818573,0,167.846014142036,0,1.18482506275177,0,0,0,0.694399237632751,0,0,0,0,0,0,0,0,0,3.11727878451347,0,0,0,0,0,12.7748227715492,0,0,0,0,0,0,66.7364443540573,815.067137897015,1.56464052200317,2857.40595072508,0,163.623088240623,0.788006663322449,163.17131370306,0,0,0,5.29692757129669,0,27.4557958245277,0,3.02873778343201,0,0,0,0,0,0,0,0,0.618458926677704,3.21756547689438,1.23084247112274,0,0,0,0,0,0,0,0,0,0,0,4.40286839008331,1.58555468916893,0,0,0,0,0,0
770.821114271879,1.27603453397751,176.662628620863,18.6328786015511,0,0,106.415487796068,15.176227748394,2.56166303157806,0,989.966249465942,0.804854393005371,138.024733245373,0,22.0785656571388,0,0,0,169.516517013311,51.9584641754627,0,0,15.2505584657192,1.06784915924072,0,0,0,0,3751.9143691957,0,9.29894924163818,5.08531218767166,10.4257521033287,30.5610273480415,3.37166848778725,0,11.0022389888763,6.80700659751892,9.99735873937607,0,0,0,0,1.63267040252686,1.50222051143646,0,1.99531579017639,0,1.34127342700958,0,33.0095284581184,0,0,0,1.00679805874825,0,1815.45142298937,15.787504196167,105.491749167442,15.7142845392227,750.996152669191,1.25944674015045,1465.52487418056,2.32076191902161,123.164029181004,0,36.5937751531601,8.55994635820389,23.5269682705402,0,87.3705220222473,11.5376072525978,460.919285625219,4.12536227703094,69.3158281445503,0.580327808856964,159.403927415609,8.90593165159225,1244.37319156528,0,2349.222517699,1.57893741130829,9.58027541637421,0,316.255080759525,0,1.48583844304085,0,66.2384830415249,0,0,0,1.06483256816864,0,18.6838262081146,0,3.86420083045959,0,0,0,0,0,0,0,2.44728553295135,1.62366497516632,0,0,3.62945908308029,0.984928250312805,0,0,0,0,0,0.850180506706238
26.453485429287,1182.38031065464,20.8629410862923,352.049294799566,0,6.42932420969009,16.6263884007931,347.399741649628,0,12.7371255159378,2.98534464836121,1207.98881772161,0,153.907770544291,0,40.9882305562496,0,0,91.4273298382759,266.953586280346,0,0,4.1997298002243,37.0046650767326,0,0,0,0,1.06394422054291,2310.69941660762,7.02966332435608,8.99227166175842,5.38789719343185,21.8108094334602,0,0,0,14.305399954319,0,5.7223687171936,0,1.30909705162048,0,0,0,0,0,0,0,0,0,1.15462106466293,0,0,0,0,1.96183568239212,1612.55520397425,0,57.0402504205704,0,393.088434934616,0,2864.12605619431,0,53.5646638870239,1.42255353927612,6.84367942810059,9.45070257782936,23.3658339381218,10.2741082906723,293.453156501055,11.9223979711533,1812.55103805661,0.80425351858139,99.0404616594315,25.6595392525196,194.978688120842,0,217.623670697212,0,825.13968449831,0,2.57478398084641,0,34.7489150762558,0,0,0,11.3017167448997,0,0,0,0,0,8.55608215928078,0,0,0,0,0,0,0,0,0,1.4176698923111,2.02272725105286,3.74400854110718,2.22709059715271,0.630077064037323,0,0,0,0,0,0
1111.02722039819,433.581770122051,1949.43482705951,839.328109353781,6.17831403017044,0,430.379002571106,853.072762995958,12.7704900205135,0,642.323090225458,165.92375728488,483.164565652609,27.9122425913811,18.8752759099007,0,169.516517013311,91.4273298382759,0,3147.87537819147,0,0,1427.4537204802,513.479803860188,7.66342282295227,0.658131837844849,8.96454182267189,0.935761570930481,418.057221144438,10.3447382450104,517.822099238634,545.070106118917,3536.57861441374,1125.09388694167,147.598173826933,1.03490817546844,79.6436653733253,16.9036210775375,51.8890882134438,3.92798292636871,4.16959989070892,0,73.8427667319775,0,57.3919789791107,0,55.0780319869518,0,1.46957492828369,0,2.79219532012939,0,0,0,0,0,467.434459686279,78.107626914978,440.608879715204,5.69405514001846,49.2849241495132,0.741943776607513,21.285596549511,6.83906108140945,30.6590678393841,0,1953.0257345736,35.4048069119453,2430.53448149562,74.8785190582275,659.524633139372,414.465786099434,921.950182139874,195.190303504467,370.312644869089,89.3771645128727,2076.50272756815,653.558534890413,3.04611521959305,0,7.57750880718231,0,0,0,8.14860653877258,0,0,0,0,0,0,0,0,0,169.963236838579,8.3242654800415,16.8554984331131,0,0,0,0,0,0,0,1.34494304656982,0,1.01858031749725,0,44.6663340032101,10.228307813406,0,0,0,0,0,0.490474581718445
854.162636905909,936.628208398819,673.549146860838,3154.5352422297,0,2.75076127052307,470.320505052805,439.647446542978,0,4.18848270177841,191.504119962454,498.875448614359,136.90317350626,83.1989360153675,0,2.18260210752487,51.9584641754627,266.953586280346,3147.87537819147,0,0,1.97858655452728,307.266805738211,991.219510555267,0,4.88118457794189,0,1.20531439781189,147.866599172354,55.702180981636,222.83966088295,623.258133143187,548.472562581301,5223.47994291782,0,15.9401814341545,17.6358804106712,90.3059420585632,14.7370138764381,32.0385949015617,0,3.91795361042023,1.7058390378952,7.82785695791245,0,0,6.97908717393875,17.6027318835258,0,0.768641531467438,0,30.8375263214111,0,0,0,0,154.875412762165,944.227953344584,10.4237425327301,396.764785498381,9.53728580474854,121.466603577137,4.61316502094269,37.08152115345,1.50609850883484,119.80010342598,172.247311353683,805.624637156725,995.058317005634,3235.38661202788,554.818149536848,651.042133331299,434.201743632555,595.418657809496,171.156736344099,273.876276761293,1087.30482700467,1831.26473596692,1.13541316986084,0,0,6.92251420021057,0,0,0,39.6352356076241,0,0,0,10.9874503612518,0,0,0,0,11.1500287055969,56.7482031583786,3.17823958396912,0,0,0,0,0,0,0,0,2.81460011005402,0,0,35.946782708168,23.0686830580235,0,0,0,0,0,0
0,0,4.55413624644279,8.08785486221313,411.120055913925,6.46972608566284,0,3.58284330368042,111.194182276726,2.68932747840881,0,0,0,0,124.529630988836,0.922849655151367,0,0,0,0,0,68.1653645634651,74.037429869175,29.1654804646969,265.923439949751,25.1738145947456,964.062203764915,22.8265525102615,267.78923818469,0,914.899331003428,43.8324586749077,32.325812458992,3.04925429821014,4.32225129008293,0,5.03598326444626,5.37851053476334,0,0,193.492195218801,12.2110859155655,0.660282731056213,0,0,0,5.0431797504425,0,0,0,1.53702104091644,0,0,0,1.04667568206787,0,0,0,0,0,0,0,0,0,0,0,0.450946480035782,0,0,0,487.316923886538,39.1212534308434,207.618712991476,7.44911682605743,13.7118453979492,13.8011077046394,19.6058673858643,4.42474442720413,0,0,1.43503403663635,0,4.62616646289825,0,3.90138059854507,0,2.81891214847565,0.754833221435547,3.58416497707367,0,0,0,0,0,0.596756517887115,0,0,0,0,0,0,0,0,0,0,0,0,0,0,0,0,0,0,0,0,0
0,0,10.9942514300346,3.31715816259384,16.6461102068424,608.312087327242,0,0,2.42235797643661,48.5135672390461,0,0.440869301557541,0,0.958894491195679,3.69136732816696,287.78239607811,0,0,0,1.97858655452728,68.1653645634651,0,60.6150057315826,78.9999517500401,50.2618770301342,699.63770031929,63.3542683720589,1474.69723826647,4.69339781999588,338.155878275633,210.421189725399,981.782258689404,12.8130913674831,2.2025243639946,1.55903279781342,0,3.76512086391449,19.4587253928185,3.45775473117828,0,0,373.392422139645,0,1.19993722438812,0,0,0,0,0,0,0,0,0,0,0,0,0,0,0,0,0,0,0,0,0,0,0,0,0,0,170.738040268421,595.611112803221,0.818418145179749,739.602472215891,0.942582666873932,61.3618539273739,0.970646679401398,4.66766780614853,0,0,0,0,0,38.5664544701576,0,1.67059934139252,0,1.23374807834625,0,1.86106133460999,0,0,0,0,0,1.20255076885223,0,0,0,0,0,0,0,0,0,0,0,0,0,0,0,0,0,0,0,0
13.6630639731884,1.0117746591568,2633.35655206442,1031.97335168719,222.634818345308,163.206165522337,496.354492872953,799.778189212084,99.027358174324,71.7287395596504,152.441424787045,37.2280082702637,587.185708075762,55.5100439190865,78.8888310790062,18.9437512159348,15.2505584657192,4.1997298002243,1427.4537204802,307.266805738211,74.037429869175,60.6150057315826,0,2813.28427416086,627.165652632713,561.802348792553,292.288354814053,114.981499016285,269.22242513299,0.720506489276886,3458.50594690442,1597.31384071708,1398.24261507392,246.506701648235,253.667909920216,0,17.4214507937431,0,7.21409749984741,0,5.80399125814438,0,31.1646244525909,0,26.2687707543373,0,21.9233938455582,0,0,0,0,0,0,0,0,0,1.33883589506149,0,0.703480005264282,0,0,0,3.04060614109039,0,0,0,219.854814201593,0,6.52310714125633,0,968.228206068277,741.263417422771,859.752118229866,83.3684094548225,213.767678052187,28.7726368904114,795.570397943258,52.9873195886612,0.658030390739441,0,1.17157125473022,0,0,0,0,0,0,0,0.859160840511322,0,0,0,0,0,33.3913622796535,0,1.4108447432518,0,0,0,0,0,0,0,0,0,0,0,8.29256239533424,2.65035852789879,0,0,0,0,0,0
4.13735044002533,26.9174498915672,1545.51339936256,2445.04797142744,243.632811576128,67.288844615221,1233.03513151407,309.597128748894,216.789463371038,37.3249675035477,52.0481241941452,178.963195472956,374.354320049286,93.6068454086781,66.6514829695225,64.1763936877251,1.06784915924072,37.0046650767326,513.479803860188,991.219510555267,29.1654804646969,78.9999517500401,2813.28427416086,0,192.114326298237,1413.20029547811,118.599434524775,111.344635248184,152.916226625443,45.8463518619537,929.927928090096,3150.86519736052,106.486578404903,1285.68427424133,0,21.3966085612774,0,8.69521737098694,0,1.97057557106018,0,0,0,2.8930698633194,0,0,0,6.63472875952721,0,0,0,0,0,0,0,0,0,12.4265096187592,0,0,0,0.495586514472961,0,6.14562749862671,0,0,0,58.0539255738258,0,6.79287692904472,1236.77496740222,1311.10588812828,390.979404747486,686.704965144396,73.702701985836,241.265028893948,138.525979727507,573.653117239475,0,0,0,3.13056981563568,0,0,0,0,0,0,0,0,0,0,0,0,1.20783385634422,12.0602484047413,1.72691905498505,0,0,0,0,0,0,0,0,0,0,0,5.47457009553909,2.75732058286667,0,0,0,0,0,0
0,0,139.551059693098,37.3751499950886,278.33825725317,109.353463083506,10.7870814204216,19.8542792797089,24.2970651090145,34.3868061900139,0,0,1.47374701499939,0,34.9653382897377,14.4036930203438,0,0,7.66342282295227,0,265.923439949751,50.2618770301342,627.165652632713,192.114326298237,0,359.471663147211,870.626892805099,104.257759958506,18.8197003602982,0.463681846857071,289.324559926987,190.787653654814,10.2526833415031,2.03948801755905,0.743251979351044,0,0,0,0,0,5.61416965723038,0,0,0,0,0,0,0,0,0,0,0,0,0,0,0,0,0,0,0,0,0,0,0,0,0,0,0,0,0,420.070320218801,69.2633839845657,86.4760434031487,7.96305367350578,10.2045723795891,0,12.6930892467499,0,0,0,0,0,0,0,0,0,0.490952044725418,0,0,0,0,0,0,0,0,0,0,0,0,0,0,0,0,0,0,0,0,0,0,0,0,0,0,0,0,0
0,0,255.710620522499,315.799283087254,292.386018693447,780.07519441843,45.0525984764099,46.3012742996216,114.811668694019,147.875123202801,0,0.750138282775879,1.58711266517639,7.27010124921799,31.339618742466,138.86965829134,0,0,0.658131837844849,4.88118457794189,25.1738145947456,699.63770031929,561.802348792553,1413.20029547811,359.471663147211,0,282.407905101776,1159.65187174082,12.0061568617821,21.0408124029636,501.07750171423,647.592981159687,13.2246440351009,10.3002778589725,0,0,0,0,0,0,0,8.05181029438972,0,0,0,0,0,0,0,0,0,0,0,0,0,0,0,0,0,0,0,0,0,0,0,0,0,0,0,0,498.263885080814,778.470627009869,19.692408323288,250.238530009985,3.06129992008209,15.3033148050308,0,12.4551112055779,0,0,0,0,0,1.12148326635361,0,0,0,0,0,0,0,0,0,0,0,0.416724234819412,0,0,0,0,0,0,0,0,0,0,0,0,0,0,0,0,0,0,0,0
0,0,65.3085709810257,25.875468403101,776.881611943245,99.8938865959644,1.01642847061157,3.21773439645767,127.569766163826,39.3324166536331,0,0,0,0,318.828365623951,10.9645314216614,0,0,8.96454182267189,0,964.062203764915,63.3542683720589,292.288354814053,118.599434524775,870.626892805099,282.407905101776,0,153.342507660389,84.9283803105354,0,382.624684989452,108.961274504662,17.4599356949329,2.13460922241211,0,0,24.010482609272,1.85714477300644,0.625142276287079,0,32.7116600871086,0,0,0,0,0,3.12295645475388,0,0,0,0,0,0,0,0,0,0,0,0,0,0,0,0,0,0,0,0,0,0,0,729.033144205809,72.4169200658798,143.382221877575,2.30093175172806,9.4530913233757,1.47208106517792,10.3874280154705,0,0,0,0,0,3.70900189876556,0,1.50590145587921,0,4.54684099555016,0,2.87791872024536,0,0,0,0,0,0,0,0,0,0,0,0,0,0,0,0,0,0,0,0,0,0,0,0,0,0,0
0,0,21.8953413367271,27.7758980989456,93.4203575849533,2320.87581476569,1.56583595275879,8.84475815296173,15.248314499855,565.304562866688,0,0.763982594013214,2.50462567806244,4.69996643066406,10.0227447748184,520.635954767466,0,0,0.935761570930481,1.20531439781189,22.8265525102615,1474.69723826647,114.981499016285,111.344635248184,104.257759958506,1159.65187174082,153.342507660389,0,0.554448246955872,86.0447717308998,155.999224632978,157.402794748545,1.30603876709938,4.00032648444176,0,0,30.5942116975784,40.9384753108025,4.53149962425232,0,1.14683377742767,48.5228928923607,0,0,0,0,0,0,0,0,0,0,0,0,0,0,0,0,0,0,0,0,0,0,0,0,0,0,0,0,252.594053834677,663.490954995155,3.61372661590576,417.430867493153,1.08179914951324,16.50856757164,1.71061998605728,8.03332114219666,0,0,0,0,0,11.6644814014435,0,0,0,0,0,0,0,0,0,0,0,0,0,0,0,0,0,0,0,0,0,0,0,0,0.873910844326019,0,0,0,0,0,0,0
680.788540363312,10.2806372046471,844.030546873808,132.204760879278,510.433026880026,1.06525063514709,651.990151792765,119.201423048973,503.183772265911,1.22117960453033,1438.60047966242,14.7890883088112,1957.0612770617,8.25249338150024,3026.54828453064,0,3751.9143691957,1.06394422054291,418.057221144438,147.866599172354,267.78923818469,4.69339781999588,269.22242513299,152.916226625443,18.8197003602982,12.0061568617821,84.9283803105354,0.554448246955872,0,2.89701855182648,42.7980491518974,96.1128714084625,20.5925450325012,64.7066293358803,49.0648540258408,13.3518597483635,134.156838655472,11.8173249363899,31.5549931526184,0,412.221358656883,0,303.870729476213,0,43.7710046768188,2.61302065849304,459.13576194644,2.8666820526123,95.3615755438805,0,431.594343721867,0,103.182549387217,0,181.114481091499,0,1237.61402255297,10.6975393891335,557.100942969322,0,615.24014171958,0,675.210230708122,1.24856787919998,324.744598925114,0,186.438482940197,30.5411315560341,138.313163280487,7.01267439126968,385.987904191017,85.0655726790428,2708.30684059858,13.7863138318062,100.828238368034,7.84158796072006,327.448535501957,34.7111527323723,777.262754976749,1.15198159217834,1786.04708081484,2.55469024181366,884.328524112701,0,616.192465126514,0,197.755916297436,0,406.386879444122,0,9.92099225521088,0,1.36904382705688,0,23.3512803316116,0,5.76551243662834,0,4.3332267999649,0,0,0,1.313367664814,0,1.08853113651276,0.955577492713928,0,0,0.962161481380463,1.68066316843033,0,0,0,1.67855930328369,0,0
0.852548897266388,73.6998376250267,6.52697485685349,176.156453043222,0.55104011297226,145.752002090216,8.38196069002151,177.051737964153,0,122.332978993654,4.65194749832153,722.13129734993,0,1225.89684271812,0,1458.55579951406,0,2310.69941660762,10.3447382450104,55.702180981636,0,338.155878275633,0.720506489276886,45.8463518619537,0.463681846857071,21.0408124029636,0,86.0447717308998,2.89701855182648,0,4.36736309528351,6.08781123161316,0,4.83702874183655,1.9362536072731,3.6180123090744,1.41267323493958,70.5956875681877,0,1.81804990768433,0,502.749553382397,0.595701992511749,10.5948348045349,0,11.0388758480549,0,14.9607615172863,0,34.0531079769135,1.03748559951782,33.1219020783901,0,5.43109807372093,0,4.2423939704895,2.25413358211517,194.011552870274,1.16311609745026,70.1660453677177,0,114.936870098114,1.24488162994385,387.182695478201,0,61.0773041546345,6.77706015110016,13.6614960432053,0.999522805213928,8.10915833711624,6.77567711472511,145.754596561193,3.71128237247467,6876.88949626684,0,45.7244407832623,9.81956094503403,72.2068965733051,0,314.481382578611,0,570.732060521841,0,318.361695945263,0,83.489604383707,0,10.5366668701172,0,35.4601118266582,0,0,0,2.11873632669449,0,3.47532379627228,0,0.992839932441711,0,0,0,0,0,0,0,0,1.27674293518066,0,0,0,0,0,0,0,0,0
52.8449441790581,22.1908459067345,204.660005509853,305.711711734533,60.3122238814831,125.272647798061,76.9994189739227,194.624386101961,30.553454130888,39.5007812976837,43.8895843625069,21.3779507279396,61.3912315368652,8.8573272228241,49.9780107140541,11.962905049324,9.29894924163818,7.02966332435608,517.822099238634,222.83966088295,914.899331003428,210.421189725399,3458.50594690442,929.927928090096,289.324559926987,501.07750171423,382.624684989452,155.999224632978,42.7980491518974,4.36736309528351,0,953.570241302252,1459.27241709828,179.030021488667,335.987116962671,1.53294330835342,6.1920867562294,1.3757631778717,8.60269284248352,1.86925256252289,0,0,66.7338395118713,0.667924523353577,54.674343764782,0,17.3039527535439,0,0,1.60319757461548,0,1.31197249889374,0,1.36537075042725,0,0,11.3810899555683,8.76355844736099,6.7844974398613,8.24811512231827,6.81806480884552,9.06264507770538,1.1706029176712,3.14174443483353,4.59170770645142,8.58895653486252,403.112453401089,14.4267906546593,13.3274542093277,2.46145331859589,829.038786351681,269.948983758688,119.128490865231,52.1265022158623,27.4546165764332,14.6040527224541,173.193013489246,82.8256109952927,0,0,2.12957507371902,0,1.19747650623322,0,1.96664035320282,4.0799133181572,0,0,0.589017808437347,1.60832059383392,0,0,0,0,6.54973247647285,3.32881736755371,0,0,0,0,0,0,0,0,0,0,0,0,3.99179041385651,0,0,0,0,0,0,1.21193397045135
37.3506633639336,23.5894462764263,794.573902517557,227.809417635202,117.859564125538,40.9619272947311,390.785173565149,101.4105027318,80.5339691638947,13.625083565712,41.4052513837814,18.5780855417252,163.901980161667,12.6609114408493,45.1730713248253,17.7493283450603,5.08531218767166,8.99227166175842,545.070106118917,623.258133143187,43.8324586749077,981.782258689404,1597.31384071708,3150.86519736052,190.787653654814,647.592981159687,108.961274504662,157.402794748545,96.1128714084625,6.08781123161316,953.570241302252,0,126.305133134127,2451.67942793667,13.7799192667007,127.199478834867,14.3641682863235,2.36848229169846,0,6.25381582975388,2.10524618625641,0,3.64752513170242,32.6811633706093,2.39466226100922,2.35521584749222,4.06033968925476,53.740571141243,0,1.03663063049316,0,0,0,0,0,0,12.9856034517288,36.7208627462387,7.24355912208557,8.43671490252018,2.72989243268967,1.11891353130341,3.23353397846222,1.32271122932434,3.29852885007858,4.65182417631149,34.2322918772697,529.217872336507,8.37381756305695,80.904946744442,572.560462146997,541.485055834055,245.878435283899,106.706387966871,82.2830244898796,33.4558582305908,299.921963751316,88.6665581464767,0,0,0,4.66465055942535,1.45489025115967,1.1960768699646,0,3.18621098995209,0,0,0,1.59875106811523,0,0,0,0,9.63037037849426,1.8079015314579,0,0,0,0,0,0,0,0,0,0,0,0,0,2.70045721530914,0,0,0,0,1.20934855937958,0
11.9510715007782,124.246189236641,259.699251055717,158.677921742201,9.14282873272896,0,26.4037584364414,61.7012882232666,0,0,20.9451207518578,6.05300372838974,21.8757274448872,3.5880765914917,4.4708240032196,0,10.4257521033287,5.38789719343185,3536.57861441374,548.472562581301,32.325812458992,12.8130913674831,1398.24261507392,106.486578404903,10.2526833415031,13.2246440351009,17.4599356949329,1.30603876709938,20.5925450325012,0,1459.27241709828,126.305133134127,0,571.695361733437,1299.18259653449,10.0733674764633,5.76045101881027,12.7971872091293,28.5457204580307,6.3826949596405,0,0,141.643271148205,3.81403440237045,285.052028685808,2.14081883430481,28.2102500498295,7.71256124973297,0.661324620246887,0,3.73221909999847,3.75680041313171,0,0,0.721538305282593,0,71.699642509222,215.705475002527,84.1135057508945,108.691774725914,6.17792671918869,10.8179839849472,2.47480976581573,23.7017924785614,0,4.76045441627502,3913.65089979768,211.579103529453,596.285045385361,254.50989985466,114.082777559757,83.604021936655,66.3747415840626,18.783176779747,22.5538332164288,7.88354021310806,143.106259435415,83.0068264603615,1.02914547920227,0,2.54873859882355,22.1054227948189,0,0,2.56894111633301,4.52423429489136,1.44842940568924,0,0,3.05553364753723,0,0,0,0,1.81876224279404,1.87534487247467,0,0,0,0,0,0,0,0,0,0,0,0,0,1.05508172512054,0,0,0,0,0,0
182.392267882824,105.377016186714,195.738243579865,135.975369602442,1.35999727249146,1.24015414714813,139.412335991859,39.8990945518017,8.81696718931198,0,47.7564228177071,18.4783202409744,68.8207488656044,8.84682029485703,1.61464858055115,0.758007228374481,30.5610273480415,21.8108094334602,1125.09388694167,5223.47994291782,3.04925429821014,2.2025243639946,246.506701648235,1285.68427424133,2.03948801755905,10.3002778589725,2.13460922241211,4.00032648444176,64.7066293358803,4.83702874183655,179.030021488667,2451.67942793667,571.695361733437,0,45.3795937895775,1071.86593422294,22.4822509884834,16.038915336132,15.6103227138519,44.099310696125,0.671616077423096,0.419191122055054,12.539245724678,97.4826268553734,14.8832388520241,8.39730876684189,8.01660293340683,217.123487025499,2.31924557685852,11.1197909116745,0,17.0726653337479,0,0.93976354598999,1.29890155792236,0,143.903727412224,742.640371114016,151.166617244482,416.778598368168,62.0990727543831,31.2253597378731,34.1462033987045,21.3480197787285,6.98477411270142,36.4562807679176,798.012736737728,5649.38956514001,663.456141471863,1615.76418471336,203.600331604481,162.794454738498,134.600104749203,55.5200916826725,54.6685625612736,29.8620362877846,455.485085874796,235.283201247454,1.74710655212402,3.27419793605804,26.2382610738277,43.3573091328144,0,0.552993655204773,8.70800006389618,35.7876637876034,0,0,2.09360384941101,32.303614795208,0,0,0,0,21.7281820774078,8.18462282419205,2.27844274044037,0,0,1.60756659507751,0,0,0,0,0,0,0.742932558059692,0,7.54895901679993,2.68218988180161,0,0,0,0,0,0
0,0,20.6432595849037,0,0.394715964794159,0,3.91419023275375,0,0,0,2.65795755386353,0,2.60721158981323,0,0,0,3.37166848778725,0,147.598173826933,0,4.32225129008293,1.55903279781342,253.667909920216,0,0.743251979351044,0,0,0,49.0648540258408,1.9362536072731,335.987116962671,13.7799192667007,1299.18259653449,45.3795937895775,0,128.299462199211,296.497166931629,75.85187754035,124.099670052528,13.6757847964764,8.68590342998505,0.530794858932495,482.330210596323,231.09975451231,505.351129561663,253.28940320015,207.037311375141,31.8793898224831,200.742684274912,214.016240924597,145.606413841248,61.6576125919819,17.5390740633011,2.02100360393524,35.7732084989548,11.7868085205555,0,12.6075856089592,246.891569644213,156.586364090443,49.8931452035904,13.522449195385,2.60333973169327,2.32000803947449,30.4142556190491,38.4234078228474,2871.45206087828,499.284698218107,1.86773985624313,5.30379205942154,45.0705308020115,4.70403271913528,97.9987791776657,38.9216879606247,14.4967625141144,18.2040161192417,356.234529078007,72.5291641354561,2.86326795816422,6.37396478652954,87.7954854369164,39.719669431448,14.8002146482468,1.48605102300644,53.0999929308891,27.599221944809,6.08119142055511,0,28.6027530431747,21.0233899652958,0,0,0,0,9.99034303426743,5.22990328073502,4.4512130022049,0,0,0,0,0,0,0,0,0,0,0,0,1.53006613254547,0,0,0,0,0,0
0,1.39584290981293,0,0,0,0,0,0,0,0,0,0,0,0,0,0,0,0,1.03490817546844,15.9401814341545,0,0,0,21.3966085612774,0,0,0,0,13.3518597483635,3.6180123090744,1.53294330835342,127.199478834867,10.0733674764633,1071.86593422294,128.299462199211,0,56.3306422829628,189.286009013653,21.9299073517323,86.1453653872013,2.414441883564,4.73610639572144,263.720090955496,496.98234719038,206.557779431343,405.080169260502,85.6011469364166,143.934346139431,279.004819214344,388.206146776676,88.8913890719414,120.130930513144,21.5915940403938,4.64593708515167,9.92575961351395,22.0109653174877,1.43741571903229,1.29819494485855,90.7999898791313,197.00457033515,15.3825783133507,3.3936385512352,0,4.71139758825302,12.076155424118,27.7339043617249,428.336329936981,2606.73643127084,0,0,5.18055164813995,2.5440057516098,50.2087022662163,50.3319873213768,6.12245434522629,18.5115057826042,77.3865455687046,112.710992187262,0,5.2942288517952,22.6305478811264,76.5731679499149,3.7815465927124,10.9585036635399,17.4452400803566,34.2700605392456,0,0.515297174453735,8.08738231658936,37.2195309400558,0.963506937026978,0,0,0,0.796416878700256,11.5456511378288,0,0,0,0,0,0,0,0,0,0,0,0,0,2.48915976285934,0,0,0,0,0,0
144.86978662014,3.09360361099243,83.4497077763081,4.37073892354965,31.4942324757576,0,40.2906952500343,6.30727273225784,22.2362431585789,0,15.9728425741196,0,14.5803822278976,0,36.8114242851734,0,11.0022389888763,0,79.6436653733253,17.6358804106712,5.03598326444626,3.76512086391449,17.4214507937431,0,0,0,24.010482609272,30.5942116975784,134.156838655472,1.41267323493958,6.1920867562294,14.3641682863235,5.76045101881027,22.4822509884834,296.497166931629,56.3306422829628,0,207.942932486534,1388.95531085134,27.9195069074631,872.909451961517,4.49571710824966,388.188474744558,69.8182066082954,119.391987234354,55.0934862494469,1202.39806890488,17.1439779400826,212.192610889673,23.9737796783447,409.249500870705,9.585393846035,121.472340136766,1.34006816148758,614.558645069599,5.27403301000595,163.762203365564,18.8706507086754,375.898028045893,205.425525903702,197.291775316,37.0129474401474,57.4060423076153,9.63541030883789,220.230109333992,20.0131151080132,505.641175627708,379.371269196272,177.063192903996,6.47524869441986,384.065262109041,21.2770038247108,528.333319634199,25.0621848106384,874.447161287069,38.1411364972591,4423.0947509408,132.999802410603,4.83921590447426,0,57.5293291211128,14.6963239908218,257.708640068769,0,151.763874799013,5.57367539405823,706.203200250864,0,919.330389499664,2.3180992603302,67.5660554468632,63.9586752355099,47.8911338448524,36.4861764907837,240.989161044359,54.0102935135365,111.731597721577,7.86955431103706,23.2550469636917,47.5449349582195,29.6045892238617,2.71787017583847,55.9885530173779,76.0030901134014,25.7678696513176,20.6753898859024,29.959077000618,20.3556706309319,43.3591474890709,64.9136735200882,5.28521829843521,0.644876897335052,1.27240672707558,0,2.27850180864334,11.5755115151405
3.1438307762146,394.122006773949,3.38496834039688,113.877566635609,0,1.58341139554977,3.42575412988663,76.0903520584106,0,0.526198387145996,0,15.6103538870811,0,14.1534280776978,0,4.76374942064285,6.80700659751892,14.305399954319,16.9036210775375,90.3059420585632,5.37851053476334,19.4587253928185,0,8.69521737098694,0,0,1.85714477300644,40.9384753108025,11.8173249363899,70.5956875681877,1.3757631778717,2.36848229169846,12.7971872091293,16.038915336132,75.85187754035,189.286009013653,207.942932486534,0,50.2515038847923,1659.92586037517,2.10545831918716,895.338470071554,137.639647752047,432.877929568291,55.4073870182037,211.544911772013,25.8380478620529,904.414407402277,32.2365615665913,466.835129797459,25.0210292339325,452.871376514435,0.789347946643829,131.573430597782,0.726579368114471,1379.36804249883,18.0524895191193,396.692835897207,174.45406499505,249.965958923101,38.7112826108932,208.596038669348,2.73944664001465,116.782054930925,32.365706205368,230.268865227699,460.763251155615,553.21450611949,10.8413324952126,72.0260391235352,19.7741184234619,510.25393769145,37.4603545069695,366.274886071682,17.8881913125515,524.390263438225,155.861123114824,4751.75468209386,1.47672295570374,5.4775333404541,20.9322715401649,206.259310930967,0,425.588506549597,4.89928418397903,492.109638750553,0,927.173662394285,2.4981597661972,1187.22712364793,41.5017439723015,150.262929439545,27.0413726270199,57.4282059371471,30.7622911036015,222.983265370131,33.6545914411545,13.1984436511993,13.569183588028,74.5376093089581,12.2017023563385,3.60153615474701,59.2811912000179,198.302343547344,15.3514378070831,49.9776477217674,25.5664163827896,55.9027124345303,19.6263327598572,75.6416050493717,10.2637845277786,3.86504852771759,2.5204536318779,0.920818388462067,4.83979731798172,7.80842363834381
157.668503582478,0,33.2432980537415,9.33976900577545,1.51039659976959,0,10.2144774496555,9.40246689319611,0.993964672088623,0,4.31665182113647,0,3.55704003572464,0,2.40984898805618,0,9.99735873937607,0,51.8890882134438,14.7370138764381,0,3.45775473117828,7.21409749984741,0,0,0,0.625142276287079,4.53149962425232,31.5549931526184,0,8.60269284248352,0,28.5457204580307,15.6103227138519,124.099670052528,21.9299073517323,1388.95531085134,50.2515038847923,0,52.5691564977169,697.597345918417,0,523.229940384626,34.4013084173203,270.251534163952,4.23867529630661,1313.04118794203,7.46472787857056,201.44679325819,2.53572952747345,118.161121636629,0,27.2583116590977,0,1322.1976479888,0.580544710159302,188.802623212337,2.42162489891052,174.963199108839,9.6417989730835,108.648297965527,0,27.2469152510166,0,56.4454641342163,0,513.333275228739,64.8940268158913,199.999872148037,0,144.171217769384,24.9546387791634,162.730434536934,2.89804643392563,173.041214734316,33.9181133806705,398.300351321697,48.0294571518898,7.35340705513954,0,26.2456414103508,0,207.346580177546,0,37.1548082828522,0,358.592887550592,0,349.342600643635,0,172.441693425179,256.617978274822,113.636009931564,45.8040127158165,107.543691009283,109.323775976896,187.67109015584,7.46209222078323,49.6895966529846,58.6191854178905,48.5385455191135,6.43744280934334,147.976197481155,99.8453699946404,23.3070121109486,24.0931122899055,41.8340240120888,15.4035107493401,1.51075142621994,5.46464085578918,8.55024734139442,0,0,0.467421561479568,4.15070605278015,1.40693575143814
0,117.503076016903,0,32.6739044189453,0,0,0,10.319972038269,0,0.753651976585388,0,2.61173117160797,0,0,0,0.692882239818573,0,5.7223687171936,3.92798292636871,32.0385949015617,0,0,0,1.97057557106018,0,0,0,0,0,1.81804990768433,1.86925256252289,6.25381582975388,6.3826949596405,44.099310696125,13.6757847964764,86.1453653872013,27.9195069074631,1659.92586037517,52.5691564977169,0,0,906.627800166607,42.2771870791912,627.167271733284,10.9255372285843,211.722938537598,18.6700026392937,931.546556025743,5.40568655729294,189.378706663847,0.560192346572876,164.991749227047,0,77.4490787088871,2.71148300170898,1775.18381693959,0,109.285074770451,2.10844135284424,87.3680840432644,0,23.3997547626495,0,17.0214269757271,0.781710147857666,34.0041519999504,45.6847372055054,669.669356405735,0,29.509642124176,1.80988198518753,85.2882916927338,0.67704451084137,46.1767064630985,10.1186783015728,67.0347884297371,22.5469266176224,226.863460510969,0,0,0.794235110282898,35.4387266337872,0,142.391557842493,0,120.231180936098,0,692.158056795597,0,339.72158908844,17.2532684206963,85.3724682629108,11.6658796370029,38.8483171761036,18.1836442947388,76.2290284335613,12.0011187195778,13.0577502548695,11.6740344166756,45.4501800835133,6.28360211849213,4.36531692743301,16.751714527607,131.479162156582,4.69154608249664,22.58505448699,10.0082566142082,30.874339312315,2.86174201965332,1.68076717853546,8.69844657182693,2.05253976583481,1.13709217309952,0,1.70897978544235,0.741082072257996
2.3944199681282,0,9.43852996826172,0,143.79439663887,0,1.3398597240448,0,105.87366732955,0.958544850349426,0.956038177013397,0,0.620737671852112,0,112.175166726112,0,0,0,4.16959989070892,0,193.492195218801,0,5.80399125814438,0,5.61416965723038,0,32.7116600871086,1.14683377742767,412.221358656883,0,0,2.10524618625641,0,0.671616077423096,8.68590342998505,2.414441883564,872.909451961517,2.10545831918716,697.597345918417,0,0,9.37116092443466,118.85137590766,0,3.75994110107422,0,262.294067889452,0,14.0190846920013,0,109.85581278801,0,25.8293350040913,0,139.434951633215,0,0.934533774852753,0,7.09761270880699,0,5.4074225127697,0,4.21808648109436,0,15.5205653607845,0,24.7677213847637,0.622512817382812,1.20278894901276,0,184.527539551258,39.682736992836,1033.50185054541,4.37479156255722,413.213522076607,24.5011247992516,304.605140388012,0.404479503631592,0.556273877620697,0,6.18040561676025,0,661.280119597912,0,59.8592754006386,0,695.770086139441,0,309.739232212305,0,5.63545870780945,0.432293385267258,2.51695227622986,0,31.7425701618195,1.03469491004944,2.10501253604889,0,4.60994482040405,0.581159591674805,0,0,0.783577919006348,0,3.06478720903397,0,0,0,13.0132194757462,1.73424851894379,0,0,0,0,0,1.5152302980423
0,0,0,4.09785449504852,0,82.3394364416599,0,3.5508719086647,0,20.333385437727,0,0,0,0.752634763717651,0,167.846014142036,0,1.30909705162048,0,3.91795361042023,12.2110859155655,373.392422139645,0,0,0,8.05181029438972,0,48.5228928923607,0,502.749553382397,0,0,0,0.419191122055054,0.530794858932495,4.73610639572144,4.49571710824966,895.338470071554,0,906.627800166607,9.37116092443466,0,36.8969548344612,170.176096856594,0,36.2453832626343,1.10886061191559,489.099954932928,0,143.845896840096,0,164.417523264885,0,77.7532699406147,0,238.843381553888,0,2.23894149065018,0,8.27150091528893,0,3.8894852399826,0,7.22712135314941,0,19.9656294584274,1.54557979106903,24.0179795026779,0,0,12.1169331073761,361.852181375027,35.2942872047424,1698.44832009077,22.1814186573029,338.093076318502,3.45741295814514,192.616263747215,0,0,0,104.791170179844,1.20014333724976,2268.05661317706,0,507.277656853199,0,1233.75475329161,0,361.23416608572,0,3.93563091754913,0,0.508270919322968,0.496099263429642,7.93687865138054,0.743520975112915,0.624779403209686,0,3.56388944387436,0,0,0,3.93737930059433,0,3.68203181028366,0,0,8.10886743664742,0.614001154899597,0,0,0,0,1.40893518924713,0.64700722694397
0,0,15.5748072266579,0,0.809174299240112,0,0,0,0,0,0,0,0,0,1.39931833744049,0,0,0,73.8427667319775,1.7058390378952,0.660282731056213,0,31.1646244525909,0,0,0,0,0,303.870729476213,0.595701992511749,66.7338395118713,3.64752513170242,141.643271148205,12.539245724678,482.330210596323,263.720090955496,388.188474744558,137.639647752047,523.229940384626,42.2771870791912,118.85137590766,36.8969548344612,0,3102.68933427334,10067.9030179083,2101.79619187117,10081.01279971,1525.70157405734,3548.68768274784,814.786868602037,2568.24934223294,126.614578574896,471.27164003253,7.49839013814926,690.961650699377,46.222783356905,0,13.4139741659164,56.5454329550266,99.392366617918,17.2431074380875,2.79224812984467,3.19789487123489,3.26159381866455,7.16232323646545,39.7339859604836,2791.52642691135,1076.23048400879,0,6.19122558832169,0,0,409.738427102566,42.0169391036034,14.4858191013336,10.8462954759598,349.074887752533,80.8108047842979,1.43112134933472,0,175.689140439034,10.4191094636917,43.3238240480423,1.23529979586601,116.524474650621,19.6017137169838,24.4231313467026,0,334.979171276093,23.1626872718334,41.4274220466614,0,0,0,3.6446091234684,0,3.06264746189117,0.875770568847656,74.0772371888161,4.56036424636841,0,0,0,0,0,0,0,0,0,1.96764254570007,0,0,0,0,0,0
0,0,0,0,0,0,0,0,0,0,0,0,0,0,0,1.18482506275177,1.63267040252686,0,0,7.82785695791245,0,1.19993722438812,0,2.8930698633194,0,0,0,0,0,10.5948348045349,0.667924523353577,32.6811633706093,3.81403440237045,97.4826268553734,231.09975451231,496.98234719038,69.8182066082954,432.877929568291,34.4013084173203,627.167271733284,0,170.176096856594,3102.68933427334,0,1535.19204384089,11227.9219971597,123.136251479387,10953.1641762257,370.269282698631,3459.53977161646,109.095725566149,1857.84485113621,8.19633555412292,363.812743157148,7.05186462402344,416.066349714994,0,0,32.6666705608368,57.114228874445,10.5458444952965,0.967126965522766,0,1.31439709663391,0,4.34980034828186,455.430543750525,2833.96682295203,0,0,0.988674938678741,1.94197362661362,6.80236488580704,262.276732712984,0,68.4667764902115,60.1204221844673,347.664950191975,0.863051414489746,0,4.44121509790421,56.7386367917061,0,30.6171984374523,1.16199100017548,145.194777071476,0,29.0629804134369,4.88116759061813,157.396250039339,1.85727143287659,0.964532077312469,0,0,0,11.1140245199203,0,9.1144887804985,1.61045038700104,56.3808376193047,0,0,0,0,0,0,0,0,0,1.45125967264175,3.08633834123611,0,0,0,0,0
0,0,2.0526984333992,0,0,0,0,0,0,0,0,0,0,0,0,0,1.50222051143646,0,57.3919789791107,0,0,0,26.2687707543373,0,0,0,0,0,43.7710046768188,0,54.674343764782,2.39466226100922,285.052028685808,14.8832388520241,505.351129561663,206.557779431343,119.391987234354,55.4073870182037,270.251534163952,10.9255372285843,3.75994110107422,0,10067.9030179083,1535.19204384089,0,1125.3403904438,659.080667644739,83.8688383996487,3144.09789419174,165.840638309717,638.109772413969,47.0747331380844,105.497478485107,0.596803665161133,112.514263093472,3.98048460483551,0,1.14652848243713,70.0783303380013,117.618912339211,31.6515469551086,1.9009211063385,0.609554290771484,0,13.2906755805016,15.2033443450928,2514.42201432586,835.255781382322,0,0.605856239795685,0,0,117.001890033484,9.648084461689,7.71614611148834,5.50935536623001,159.803490817547,56.7417276501656,4.26988154649734,0,118.211236000061,5.11692583560944,5.67703664302826,0,82.6095113754272,1.39659094810486,0.982254207134247,0,54.9686086177826,0,6.18849691748619,0,0,0,2.82682949304581,0,0,0,0.484046280384064,0.620695233345032,0,0,0,0,0,0.697329759597778,0,0,0,0,0,0,0,0,0,0
0,0,0,0,0,0,0,0,0,0,0,0,0,0,0,0,0,0,0,0,0,0,0,0,0,0,0,0,2.61302065849304,11.0388758480549,0,2.35521584749222,2.14081883430481,8.39730876684189,253.28940320015,405.080169260502,55.0934862494469,211.544911772013,4.23867529630661,211.722938537598,0,36.2453832626343,2101.79619187117,11227.9219971597,1125.3403904438,0,14.6504766941071,920.811594486237,76.8392466902733,4040.33388859034,25.8444079458714,781.237411260605,0.887679994106293,168.990839511156,0.534092783927917,236.180314421654,0,0,22.0949851870537,98.5325326919556,7.89621162414551,0,0,0,3.42391932010651,16.4918537735939,393.813719391823,1708.33681261539,0,0,0,1.12380415201187,2.81783443689346,183.58670181036,0,73.7859507501125,42.444543838501,210.223088502884,0,2.45051300525665,1.01606011390686,83.8992536962032,0,6.54616954922676,0.694637060165405,94.933100938797,0,1.85037976503372,0,73.2246873676777,0,0,0,0,0,9.87581712007523,0,4.3724040389061,0,6.70226508378983,0,0,0,0,0,0,0,0,0,1.58409070968628,0,0,0,0,0,0
10.6706578731537,1.56003785133362,37.3704692721367,0,12.0321727991104,0,32.3691915869713,1.50633382797241,6.28767222166061,0,0,0,7.7301909327507,0,15.4578164219856,0,1.99531579017639,0,55.0780319869518,6.97908717393875,5.0431797504425,0,21.9233938455582,0,0,0,3.12295645475388,0,459.13576194644,0,17.3039527535439,4.06033968925476,28.2102500498295,8.01660293340683,207.037311375141,85.6011469364166,1202.39806890488,25.8380478620529,1313.04118794203,18.6700026392937,262.294067889452,1.10886061191559,10081.01279971,123.136251479387,659.080667644739,14.6504766941071,0,103.380323052406,331.098976433277,13.3553420305252,1279.17580425739,0,1776.11997923255,0,4015.3118943572,5.2180449962616,9.05797564983368,0,43.465644299984,6.48035579919815,18.3510550260544,0,4.57190644741058,0,24.6573705673218,1.47337055206299,1093.81834959984,202.139349162579,7.08886963129044,0.464555561542511,86.3170169591904,4.50370496511459,622.833372712135,2.65067839622498,34.2441873848438,0,558.175391763449,35.6079412102699,2.50425732135773,0,187.015551626682,0,97.6195173561573,0,176.996106147766,0,141.363294124603,0,938.410173952579,0,509.02972099185,0,0,0,15.9228727817535,3.21135747432709,30.9627495110035,0,227.622073233128,0,0,0,1.01528596878052,0,0,0,1.22889721393585,0,0.57356333732605,49.0871889591217,0,0,0,0,0,1.87120842933655
0,9.94827377796173,0,8.80855911970139,0,0,0,10.0720921754837,0,0,0,2.29067015647888,0,2.5671688914299,0,0.694399237632751,0,0,0,17.6027318835258,0,0,0,6.63472875952721,0,0,0,0,2.8666820526123,14.9607615172863,0,53.740571141243,7.71256124973297,217.123487025499,31.8793898224831,143.934346139431,17.1439779400826,904.414407402277,7.46472787857056,931.546556025743,0,489.099954932928,1525.70157405734,10953.1641762257,83.8688383996487,920.811594486237,103.380323052406,0,3.88767868280411,465.366448432207,1.3106677532196,668.984772324562,0.884341359138489,1986.91849189997,1.03369271755219,3464.44313630462,0.836056351661682,14.0625238716602,19.5465293526649,57.5320407450199,1.6504522562027,9.17442026734352,0,7.92466449737549,4.57217943668365,14.7598124742508,89.9219648838043,1137.98814275861,0,4.56885188817978,1.98247790336609,41.3390482366085,2.76740264892578,329.108191490173,0,101.056471645832,53.2883883714676,596.703331440687,0,0.541273355484009,0,62.9393260478973,0,65.2920305430889,0,333.362812459469,0,68.9115121662617,0,397.909922719002,0,5.42407470941544,0,1.15847966074944,5.26650899648666,19.9259594678879,3.52105075120926,27.9893999099731,0,300.219677150249,0,0,0,2.95358037948608,0,3.11864215135574,0.531466662883759,0,5.49435970187187,117.290177106857,5.09576904773712,0,0,0,0.987032830715179,1.26410555839539
0,0,0,0,0,0,0,0,0,0,0,0,0,0,0,0,1.34127342700958,0,1.46957492828369,0,0,0,0,0,0,0,0,0,95.3615755438805,0,0,0,0.661324620246887,2.31924557685852,200.742684274912,279.004819214344,212.192610889673,32.2365615665913,201.44679325819,5.40568655729294,14.0190846920013,0,3548.68768274784,370.269282698631,3144.09789419174,76.8392466902733,331.098976433277,3.88767868280411,0,58.6389799118042,5025.26749020815,26.2136862874031,407.423691183329,0,334.414444386959,0,1.3667219877243,0,387.990834712982,36.7243294715881,95.596552759409,2.11242985725403,8.56663352251053,0,24.2619955539703,8.83261317014694,1368.44521036744,825.895424872637,0,0,3.10412585735321,0,261.08524659276,5.17654746770859,16.0537426173687,2.14616715908051,303.144218415022,24.2618020772934,5.8167876303196,0,280.953293293715,3.85459268093109,24.3502769470215,0,244.501576185226,0,0.643186986446381,0,179.410461515188,0,8.43779960274696,0,0,0,10.506408572197,0,6.01090925931931,0,3.48021358251572,0,0,0,0,0,0,0,0,0,0,2.52554219961166,0,0,0,0,0,0
0,1.27231419086456,0,1.53339242935181,0,0,0,5.0097548365593,0,0,0,0,0,0,0,0,0,0,0,0.768641531467438,0,0,0,0,0,0,0,0,0,34.0531079769135,1.60319757461548,1.03663063049316,0,11.1197909116745,214.016240924597,388.206146776676,23.9737796783447,466.835129797459,2.53572952747345,189.378706663847,0,143.845896840096,814.786868602037,3459.53977161646,165.840638309717,4040.33388859034,13.3553420305252,465.366448432207,58.6389799118042,0,24.1095534563065,7106.92595300078,0,777.274823576212,0,846.224210143089,0,2.97722864151001,7.80540835857391,829.780773431063,1.58469271659851,6.50874650478363,0,0.74086982011795,7.05469107627869,412.286284506321,377.877739548683,1460.93952000141,0,0,0,6.33122366666794,0,499.377398043871,0,140.554611444473,43.6459256410599,447.028521955013,0,1.95363938808441,0,251.715936273336,0,19.5598767995834,0,469.551468044519,0,0.601482152938843,0,301.226031780243,0,0,0,0,0,31.8536363840103,0,0,0,6.52192240953445,0,0,0,0,0,0,0,0,0,1.87002563476562,0,0,0,0,0,0
12.4774866700172,0,0,0,1.69204092025757,0,5.7417151927948,0,0,0,0,0,0,0,0.664491057395935,0,33.0095284581184,0,2.79219532012939,0,1.53702104091644,0,0,0,0,0,0,0,431.594343721867,1.03748559951782,0,0,3.73221909999847,0,145.606413841248,88.8913890719414,409.249500870705,25.0210292339325,118.161121636629,0.560192346572876,109.85581278801,0,2568.24934223294,109.095725566149,638.109772413969,25.8444079458714,1279.17580425739,1.3106677532196,5025.26749020815,24.1095534563065,0,7.14763176441193,5063.23562037945,0,2480.90691071749,1.14088714122772,5.18551921844482,0,1427.24979233742,64.5995718240738,945.475800335407,0,35.417924284935,2.92772126197815,1129.98770213127,11.4235379695892,822.338490456343,354.200191378593,0,0,6.63772335648537,1.58715093135834,736.721001714468,5.20554387569427,38.3414325714111,3.87182879447937,534.948775857687,13.8776777982712,24.5853718817234,0,805.492414921522,3.54504251480103,171.101437568665,0,4158.74183276296,0.723364531993866,49.7481998503208,0,2047.88374921679,0,87.0385285913944,0,0,0,20.2193883955479,0,10.6061603426933,0,4.26406162977219,0,0,0,0,0,0,0,1.44691240787506,0,0,4.94393885135651,0,0,0,0,0,0
0,16.1632017493248,0,13.9867960810661,0,0,0,40.372590482235,0,0,0,0,0,0,0,0,0,1.15462106466293,0,30.8375263214111,0,0,0,0,0,0,0,0,0,33.1219020783901,1.31197249889374,0,3.75680041313171,17.0726653337479,61.6576125919819,120.130930513144,9.585393846035,452.871376514435,0,164.991749227047,0,164.417523264885,126.614578574896,1857.84485113621,47.0747331380844,781.237411260605,0,668.984772324562,26.2136862874031,7106.92595300078,7.14763176441193,0,0,3581.17153799534,0,1652.46200090647,0,10.1451095342636,0,1470.56794068217,0,21.6987698078156,0,23.2401408553123,1.96557682752609,1529.90292435884,158.990733146667,707.566104322672,0,2.01293766498566,0,31.8367233872414,0,473.595353037119,0,129.417496919632,19.8340262174606,392.724113583565,0,12.2553430497646,0,402.455324172974,0,54.8830175995827,0,4186.15100201964,0,14.778085321188,0,1443.84254160523,0,0.506333291530609,0,0,0,44.5634231567383,0,0.739290833473206,0,7.21845018863678,0,0,0,0,0,0,0,0,0,4.19404911994934,0,0,0,0,0,0
0,0,0,0,0.935416042804718,0,0,0,0,0,0,0,0,0,1.3377081155777,0,0,0,0,0,0,0,0,0,0,0,0,0,103.182549387217,0,0,0,0,0,17.5390740633011,21.5915940403938,121.472340136766,0.789347946643829,27.2583116590977,0,25.8293350040913,0,471.27164003253,8.19633555412292,105.497478485107,0.887679994106293,1776.11997923255,0.884341359138489,407.423691183329,0,5063.23562037945,0,0,0,2645.68077743053,0,0,0,0.575116217136383,0,6.20832771062851,0,0.599875569343567,0,6.38480937480927,0,40.9467931985855,19.5210959911346,0,0,1.84775257110596,0,189.267292797565,0,4.25178948044777,0,130.081137150526,0,0,0,88.5020564496517,0,16.1203016936779,0,225.022217661142,0,7.79733541607857,0,707.96321323514,0,100.497485309839,0,0,0,3.08423045277596,0,1.20802593231201,0,21.5232129096985,0,0,0,0,0,0,0,0,0,0,1.77691960334778,0,0,0,0,0,0
0,0,0,0,0,0,0,0,0,0,0,0,0,0,0,0,0,0,0,0,0,0,0,0,0,0,0,0,0,5.43109807372093,1.36537075042725,0,0,0.93976354598999,2.02100360393524,4.64593708515167,1.34006816148758,131.573430597782,0,77.4490787088871,0,77.7532699406147,7.49839013814926,363.812743157148,0.596803665161133,168.990839511156,0,1986.91849189997,0,777.274823576212,0,3581.17153799534,0,0,0,3810.67127025127,0,0,0,2.84834969043732,0,0,0,1.17349565029144,0,18.7408023178577,1.05268859863281,40.0781549811363,0,0,0,4.43474638462067,0,96.8599147796631,0,17.7867037951946,0.539192199707031,36.0944103598595,0,0,0,28.6080583631992,0,10.072401791811,0,432.280218094587,0,14.5006560385227,0,1752.14077186584,0,0,0,0,0,2.96803426742554,0,0,0,30.0209482908249,0,0,0,0,0,0,0,0,0,0,0,0,0,0,0,0
5.11437463760376,0,0,0,5.0311798453331,0,0,0,0.554558634757996,0,0,0,0,0,7.26087990403175,0,1.00679805874825,0,0,0,1.04667568206787,0,0,0,0,0,0,0,181.114481091499,0,0,0,0.721538305282593,1.29890155792236,35.7732084989548,9.92575961351395,614.558645069599,0.726579368114471,1322.1976479888,2.71148300170898,139.434951633215,0,690.961650699377,7.05186462402344,112.514263093472,0.534092783927917,4015.3118943572,1.03369271755219,334.414444386959,0,2480.90691071749,0,2645.68077743053,0,0,0,1.84290587902069,0,21.7011618614197,0,15.2113843262196,0,3.49521586298943,0,54.9619017243385,0,105.295645058155,14.6208367049694,0,0,0.712152659893036,0,245.998052626848,0,12.14334872365,0,115.49243298173,3.17553675174713,1.79904538393021,0,81.9656212627888,0,128.295249819756,0,443.235901385546,0,385.488776296377,0,3529.02533838153,0,94.9762098789215,0,0,0,1.56180816888809,0,1.58703696727753,0,84.2430721223354,0,0,0,1.1530077457428,0,0,0,0,0,0.589485168457031,0,0,0,0,0,0,0
0,0,0,0,0,0,0,2.52680730819702,0,0,0,0,0,0,0,0,0,0,0,0,0,0,0,0,0,0,0,0,0,4.2423939704895,0,0,0,0,11.7868085205555,22.0109653174877,5.27403301000595,1379.36804249883,0.580544710159302,1775.18381693959,0,238.843381553888,46.222783356905,416.066349714994,3.98048460483551,236.180314421654,5.2180449962616,3464.44313630462,0,846.224210143089,1.14088714122772,1652.46200090647,0,3810.67127025127,0,0,0,0,1.27682220935822,36.241172939539,0,0.528812825679779,0,0,0,33.2677673101425,6.38659220933914,166.844509601593,0,0,0,6.5545049905777,0,101.622523128986,0,23.6985908448696,3.27263158559799,144.23545435071,0,0,0,59.8434221744537,0,74.9267642199993,0,636.461288899183,0,768.773261666298,0,3958.07172554731,0,1.08610248565674,0,0,0,10.5719969272614,0,0.872825682163239,0,46.9285148382187,0,0,0,1.28193986415863,0,0,0,0.661994934082031,0,0.598353922367096,0,0,0,0,0,0
11623.1373744011,45.9166110754013,395.293481647968,31.0246383547783,0,0,411.680729568005,47.1961689591408,1.31183063983917,0,417.709719926119,2.51499450206757,220.366929024458,0.690532386302948,0,0,1815.45142298937,1.96183568239212,467.434459686279,154.875412762165,0,0,1.33883589506149,0,0,0,0,0,1237.61402255297,2.25413358211517,11.3810899555683,12.9856034517288,71.699642509222,143.903727412224,0,1.43741571903229,163.762203365564,18.0524895191193,188.802623212337,0,0.934533774852753,0,0,0,0,0,9.05797564983368,0.836056351661682,1.3667219877243,0,5.18551921844482,0,0,0,1.84290587902069,0,0,99.6074846088886,1267.62750771642,56.1690993905067,6437.24489083886,7.20145720243454,3340.65107017756,20.8441916704178,383.512498557568,0.919366002082825,355.076365798712,85.1547113060951,1737.8320453465,80.4385893344879,726.15558090806,81.5986131429672,1769.82368969917,17.2109554111958,589.683990687132,7.49141228199005,2150.18384924531,131.387090235949,224.423616230488,1.05931901931763,300.799940258265,18.5076530575752,0,0,235.696522891521,0,0,0,56.0329266786575,0,0,0,0,0,123.602431148291,0,20.4610154628754,0,0,0,0,0,0,0,0.844291031360626,0,3.79548966884613,0,7.77682936191559,7.41697484254837,0,0,0,0,0,0.762132585048676
17.9448026120663,12879.9624975026,4.70641908049583,632.077364176512,0,0.710886299610138,6.19257125258446,1577.85134941339,0,2.2983067035675,0.805582523345947,372.579816877842,0,115.027502119541,0,3.11727878451347,15.787504196167,1612.55520397425,78.107626914978,944.227953344584,0,0,0,12.4265096187592,0,0,0,0,10.6975393891335,194.011552870274,8.76355844736099,36.7208627462387,215.705475002527,742.640371114016,12.6075856089592,1.29819494485855,18.8706507086754,396.692835897207,2.42162489891052,109.285074770451,0,2.23894149065018,13.4139741659164,0,1.14652848243713,0,0,14.0625238716602,0,2.97722864151001,0,10.1451095342636,0,0,0,0,99.6074846088886,0,45.7626373767853,1309.33865696192,39.1859539747238,1321.13676413894,29.0214030146599,2584.00721499324,6.45903474092484,99.0372179746628,272.732565164566,228.721145778894,106.126139372587,1345.24635529518,129.303929895163,926.949773639441,20.9309260845184,2565.0781083405,5.88967829942703,691.871782064438,377.38022556901,2790.83510413766,3.93844217061996,53.2636210620403,10.9305420517921,168.915564835072,0,0.550307929515839,0,25.9487760663033,0,0,0,12.1962885260582,0,0,0,0,3.49185812473297,179.038329064846,0,1.51018965244293,0,0,0,0,0,0,0,5.22757214307785,0,3.95818209648132,10.0126476883888,21.3232750296593,0,0,0,0,1.38634741306305,0
271.952693879604,4.0527251958847,190.493119955063,0,0,0,161.157137036324,0,0,0,50.5775513648987,0,26.6011549830437,0,0,0,105.491749167442,0,440.608879715204,10.4237425327301,0,0,0.703480005264282,0,0,0,0,0,557.100942969322,1.16311609745026,6.7844974398613,7.24355912208557,84.1135057508945,151.166617244482,246.891569644213,90.7999898791313,375.898028045893,174.45406499505,174.963199108839,2.10844135284424,7.09761270880699,0,56.5454329550266,32.6666705608368,70.0783303380013,22.0949851870537,43.465644299984,19.5465293526649,387.990834712982,7.80540835857391,1427.24979233742,0,0.575116217136383,0,21.7011618614197,1.27682220935822,1267.62750771642,45.7626373767853,0,158.462964773178,3861.70817011595,20.085816681385,91.3027554452419,6.2983273267746,809.583329856396,17.8713471889496,1575.16449475288,659.091567784548,252.52149155736,33.8553631305695,153.874175131321,38.7955466806889,884.954017996788,8.64461308717728,223.439829021692,1.72507846355438,1489.18607166409,121.631158262491,64.272077947855,3.24983477592468,399.621053665876,32.7108253240585,10.4830735325813,0,121.231105595827,0,0,0,46.8033177256584,0,0,0,0,0,79.9534715116024,0.649055898189545,23.7773819565773,0.838592708110809,0,0,0,0,0,0,0.781725227832794,0,0,0,1.48887479305267,10.1158409714699,0,0,0,0,0,0
0,214.742452293634,0,144.030841320753,0,0,0,300.985723614693,0,0,0,97.3003560900688,0,19.0278906822205,0,0,15.7142845392227,57.0402504205704,5.69405514001846,396.764785498381,0,0,0,0,0,0,0,0,0,70.1660453677177,8.24811512231827,8.43671490252018,108.691774725914,416.778598368168,156.586364090443,197.00457033515,205.425525903702,249.965958923101,9.6417989730835,87.3680840432644,0,8.27150091528893,99.392366617918,57.114228874445,117.618912339211,98.5325326919556,6.48035579919815,57.5320407450199,36.7243294715881,829.780773431063,64.5995718240738,1470.56794068217,0,2.84834969043732,0,36.241172939539,56.1690993905067,1309.33865696192,158.462964773178,0,24.158674955368,1995.17076346278,0,416.262323558331,75.7356590926647,1963.8350123167,854.563319653273,1554.78920140862,4.12063503265381,66.0706824362278,49.8856227099895,169.627285152674,9.4589119553566,865.935271114111,0,258.14721351862,230.926975697279,1060.24866196513,3.86628687381744,99.4263512194157,6.42075181007385,588.497075617313,0,19.9322399795055,1.23646068572998,222.216292083263,0,0,0,106.215101122856,0,0,0,0,0,98.7084567546844,0,0,0,0,0,0,0,0,0,0,0,1.20975780487061,1.00267446041107,7.60493144392967,0,0,0,0,0,0
1754.57973796129,8.49904775619507,60.5447848439217,0.707707107067108,0,0,318.304946660995,1.780189037323,0.653563916683197,0,1091.94312381744,0,289.826301693916,0,1.1892763376236,0,750.996152669191,0,49.2849241495132,9.53728580474854,0,0,0,0,0,0,0,0,615.24014171958,0,6.81806480884552,2.72989243268967,6.17792671918869,62.0990727543831,49.8931452035904,15.3825783133507,197.291775316,38.7112826108932,108.648297965527,0,5.4074225127697,0,17.2431074380875,10.5458444952965,31.6515469551086,7.89621162414551,18.3510550260544,1.6504522562027,95.596552759409,1.58469271659851,945.475800335407,0,6.20832771062851,0,15.2113843262196,0,6437.24489083886,39.1859539747238,3861.70817011595,24.158674955368,0,8.05601042509079,3011.8552005291,8.00925892591476,3471.3977573514,1.84619867801666,222.711737900972,124.330236077309,21.639360755682,29.3223717808723,203.65234580636,38.3454842567444,902.169219225645,4.40528643131256,218.678627669811,1.89139956235886,924.502405434847,44.8894724845886,104.682206362486,1.2638555765152,619.073403149843,10.1252197027206,6.94293338060379,0,950.337886869907,1.66315472126007,0,0,168.770048290491,1.38327288627625,0,0,0,0,37.410466581583,0,17.898667216301,0,0,0,0,0,1.79465305805206,0,1.54958653450012,0,0,0,1.48663887381554,2.17075943946838,0,0,0,0,0,0
0,778.198865354061,0,119.267529994249,0,0,0,649.414589256048,0,0,0,1047.56277447939,0,265.446288645267,0,0,1.25944674015045,393.088434934616,0.741943776607513,121.466603577137,0,0,0,0.495586514472961,0,0,0,0,0,114.936870098114,9.06264507770538,1.11891353130341,10.8179839849472,31.2253597378731,13.522449195385,3.3936385512352,37.0129474401474,208.596038669348,0,23.3997547626495,0,3.8894852399826,2.79224812984467,0.967126965522766,1.9009211063385,0,0,9.17442026734352,2.11242985725403,6.50874650478363,0,21.6987698078156,0,0,0,0.528812825679779,7.20145720243454,1321.13676413894,20.085816681385,1995.17076346278,8.05601042509079,0,0,4783.39551216364,5.84923803806305,4199.01464167237,67.9337782263756,33.849541425705,4.53173488378525,2.39920252561569,8.43954813480377,296.04401832819,4.27446067333221,941.374341070652,0,241.573977023363,52.5638785362244,731.341976076365,0,43.0525695085526,3.26852667331696,442.403847068548,0,8.39639821648598,0,928.886249274015,0,1.31871438026428,0,365.488838225603,0,0,0,0,0,29.3482604920864,0,0,0,0,0,0,0,0,0,0,0,0,1.76562798023224,6.7114505469799,0,0,0,0,0,0
420.963504135609,14.1235942840576,7.92995965480804,0.932993710041046,0,0,12.9794717431068,0,0,0,529.018893688917,0,113.28696590662,0,0,0,1465.52487418056,0,21.285596549511,4.61316502094269,0,0,3.04060614109039,0,0,0,0,0,675.210230708122,1.24488162994385,1.1706029176712,3.23353397846222,2.47480976581573,34.1462033987045,2.60333973169327,0,57.4060423076153,2.73944664001465,27.2469152510166,0,4.21808648109436,0,3.19789487123489,0,0.609554290771484,0,4.57190644741058,0,8.56663352251053,0,35.417924284935,0,0.599875569343567,0,3.49521586298943,0,3340.65107017756,29.0214030146599,91.3027554452419,0,3011.8552005291,0,0,3.84178584814072,694.706094503403,0,38.2960224747658,16.0356392264366,23.9440931975842,28.7701665759087,123.932101726532,14.6318020820618,394.80457919836,2.32959091663361,96.4736265838146,0,414.981641083956,16.1482055783272,174.433549374342,0,3466.53711816669,4.82085454463959,3.79897177219391,0,1404.49758473039,0,2.08631220459938,0,173.036767095327,0,0,0,0,0,12.6498463451862,0,4.13503402471542,0,0,0,0,0,0,0,0,0,0,0,0,2.79996591806412,0,0,0,0,0,0
1.15068566799164,657.409314095974,0,66.9551791548729,0,0,0,154.222477436066,0,2.36870634555817,0,511.73591953516,0,128.75060236454,0,12.7748227715492,2.32076191902161,2864.12605619431,6.83906108140945,37.08152115345,0,0,0,6.14562749862671,0,0,0,0,1.24856787919998,387.182695478201,3.14174443483353,1.32271122932434,23.7017924785614,21.3480197787285,2.32000803947449,4.71139758825302,9.63541030883789,116.782054930925,0,17.0214269757271,0,7.22712135314941,3.26159381866455,1.31439709663391,0,0,0,7.92466449737549,0,0.74086982011795,2.92772126197815,23.2401408553123,0,1.17349565029144,0,0,20.8441916704178,2584.00721499324,6.2983273267746,416.262323558331,8.00925892591476,4783.39551216364,3.84178584814072,0,6.27099418640137,976.546164095402,39.304324388504,33.3081603050232,16.0436022877693,18.0192194581032,7.98144662380219,304.745702058077,2.50932329893112,1191.73292425275,0,159.359753012657,49.4282576739788,657.086066901684,0,95.0484294593334,2.95249634981155,3899.29415398836,0,14.0553129315376,0,1490.58259919286,0,10.5046846270561,0,324.000360012054,0,0,0,0,0,31.3278653919697,0,2.11229157447815,0,0,0,0,0,0,0,1.6334091424942,0,0,1.55600833892822,4.16692233085632,0,0,0,0,0,0
428.286975592375,0,26.7382675409317,0,1.09408140182495,0,169.415344923735,0.656369388103485,0,0,300.721561610699,0,144.902543783188,0,2.54075694084167,0,123.164029181004,0,30.6590678393841,1.50609850883484,0,0,0,0,0,0,0,0,324.744598925114,0,4.59170770645142,3.29852885007858,0,6.98477411270142,30.4142556190491,12.076155424118,220.230109333992,32.365706205368,56.4454641342163,0.781710147857666,15.5205653607845,0,7.16232323646545,0,13.2906755805016,3.42391932010651,24.6573705673218,4.57217943668365,24.2619955539703,7.05469107627869,1129.98770213127,1.96557682752609,6.38480937480927,0,54.9619017243385,0,383.512498557568,6.45903474092484,809.583329856396,75.7356590926647,3471.3977573514,5.84923803806305,694.706094503403,6.27099418640137,0,6.2325993180275,101.936058193445,155.826449632645,2.28455477952957,2.32351112365723,80.9615433216095,2.59208881855011,504.809052795172,8.42103123664856,64.9547280669212,4.04995363950729,524.372381418943,51.8265748620033,54.1048738956451,1.42505884170532,951.867582857609,15.2708633542061,68.0356698036194,0,5181.81492352486,1.46758699417114,17.7900414764881,0,860.009912788868,0,0,0,0,0,37.3481861650944,0,14.0983222723007,0,0,0,0,0,0,0,1.01830220222473,0,0,0,2.48077082633972,3.14117628335953,0,0,0,0,0,0
0,149.217224836349,0,71.0747585296631,0,0,0,505.814783990383,0,0,0,180.963853180408,0,53.5346027612686,0,0,0,53.5646638870239,0,119.80010342598,0,0,0,0,0,0,0,0,0,61.0773041546345,8.58895653486252,4.65182417631149,4.76045441627502,36.4562807679176,38.4234078228474,27.7339043617249,20.0131151080132,230.268865227699,0,34.0041519999504,0,19.9656294584274,39.7339859604836,4.34980034828186,15.2033443450928,16.4918537735939,1.47337055206299,14.7598124742508,8.83261317014694,412.286284506321,11.4235379695892,1529.90292435884,0,18.7408023178577,0,33.2677673101425,0.919366002082825,99.0372179746628,17.8713471889496,1963.8350123167,1.84619867801666,4199.01464167237,0,976.546164095402,6.2325993180275,0,136.868005156517,152.461053192616,0.743147850036621,2.19502037763596,9.28540194034576,200.71774405241,1.152592420578,770.460215598345,0,190.916651129723,24.5546636581421,607.37018352747,2.01808571815491,39.9642687439919,0,1307.75498437881,0,31.7733447551727,0,4797.39182385802,0,8.94158047437668,0,1030.14213353395,0,0,0,0,0,30.8799006044865,0,0,0,0,0,0,0,0,0,0,0,0,0,7.67472207546234,0,0,0,0,0,0.488812476396561
103.837781310081,58.6337305903435,417.117476046085,13.5413436889648,0,0,75.100281059742,3.14428216218948,0.931843876838684,0,36.2589870095253,0,8.09126418828964,0,5.14352566003799,0,36.5937751531601,1.42255353927612,1953.0257345736,172.247311353683,0.450946480035782,0,219.854814201593,0,0,0,0,0,186.438482940197,6.77706015110016,403.112453401089,34.2322918772697,3913.65089979768,798.012736737728,2871.45206087828,428.336329936981,505.641175627708,460.763251155615,513.333275228739,45.6847372055054,24.7677213847637,1.54557979106903,2791.52642691135,455.430543750525,2514.42201432586,393.813719391823,1093.81834959984,89.9219648838043,1368.44521036744,377.877739548683,822.338490456343,158.990733146667,40.9467931985855,1.05268859863281,105.295645058155,6.38659220933914,355.076365798712,272.732565164566,1575.16449475288,854.563319653273,222.711737900972,67.9337782263756,38.2960224747658,39.304324388504,101.936058193445,136.868005156517,0,2749.12806707621,1562.63333693147,248.210220873356,179.049825370312,100.714739173651,418.074029326439,115.822795033455,89.8686821162701,30.5044151246548,1222.19074118137,435.847369432449,18.6461674273014,8.03575825691223,200.105005085468,89.2139654159546,20.6569164097309,0,70.9517640471458,18.7011470794678,16.8416079282761,0,84.0808507502079,10.9101396203041,0,0,0,0,34.2736965119839,0,12.4383475780487,0,0.458069235086441,0,0,0,0,0,0,0,0,0,2.21719366312027,2.27684640884399,0,0,0,0,0,0
2.25046247243881,29.0190001726151,1.43081319332123,86.7088327109814,0,0,0,24.5394284129143,0,0,0,3.30780977010727,0,0,0,0,8.55994635820389,6.84367942810059,35.4048069119453,805.624637156725,0,0,0,58.0539255738258,0,0,0,0,30.5411315560341,13.6614960432053,14.4267906546593,529.217872336507,211.579103529453,5649.38956514001,499.284698218107,2606.73643127084,379.371269196272,553.21450611949,64.8940268158913,669.669356405735,0.622512817382812,24.0179795026779,1076.23048400879,2833.96682295203,835.255781382322,1708.33681261539,202.139349162579,1137.98814275861,825.895424872637,1460.93952000141,354.200191378593,707.566104322672,19.5210959911346,40.0781549811363,14.6208367049694,166.844509601593,85.1547113060951,228.721145778894,659.091567784548,1554.78920140862,124.330236077309,33.849541425705,16.0356392264366,33.3081603050232,155.826449632645,152.461053192616,2749.12806707621,0,45.1922703385353,620.975539028645,43.7887442708015,77.7017574310303,112.219549119473,241.210133850574,3.44401395320892,84.1458697915077,492.196341603994,582.290523886681,15.8382610082626,12.9654536247253,41.5536207556725,147.005606114864,1.05946862697601,11.3796696066856,14.4881333112717,150.43236336112,0,16.3875289857388,8.28668999671936,87.6319583058357,0.51627904176712,1.3214555978775,0,0,1.95541417598724,38.6652316153049,0,1.2610582113266,0,2.73517686128616,0,0,0,4.70784014463425,0,1.6025083065033,0,4.03568696975708,2.51031887531281,3.4709804058075,0,0,0,0,0,0
1840.7057159543,458.568487584591,269.523455291986,347.288505584002,0,0,32.315040320158,101.875377476215,0,0,32.660352408886,2.66193759441376,5.38661938905716,0,0,0,23.5269682705402,9.45070257782936,2430.53448149562,995.058317005634,0,0,6.52310714125633,0,0,0,0,0,138.313163280487,0.999522805213928,13.3274542093277,8.37381756305695,596.285045385361,663.456141471863,1.86773985624313,0,177.063192903996,10.8413324952126,199.999872148037,0,1.20278894901276,0,0,0,0,0,7.08886963129044,0,0,0,0,0,0,0,0,0,1737.8320453465,106.126139372587,252.52149155736,4.12063503265381,21.639360755682,4.53173488378525,23.9440931975842,16.0436022877693,2.28455477952957,0.743147850036621,1562.63333693147,45.1922703385353,0,591.744883835316,727.954337716103,120.04089936614,555.029391080141,11.8615939319134,427.774276077747,9.66981679201126,2664.46065574884,154.070929914713,2.21892011165619,0,5.66993573307991,1.9086976647377,0,0,0,0,0,0,0,0,0,0,0,0,116.072935402393,0.801715791225433,31.2517771422863,0,0,0,0,0,0,0,0,0,0,0,11.8458376824856,15.6928771138191,0,0,0,0,0,0
15.4423885941505,882.314054489136,4.2533038854599,281.514296144247,0,0,0,22.3981106281281,0,0,0,6.23548769950867,0,0,0,0,0,23.3658339381218,74.8785190582275,3235.38661202788,0,0,0,6.79287692904472,0,0,0,0,7.01267439126968,8.10915833711624,2.46145331859589,80.904946744442,254.50989985466,1615.76418471336,5.30379205942154,0,6.47524869441986,72.0260391235352,0,29.509642124176,0,0,6.19122558832169,0,0.605856239795685,0,0.464555561542511,4.56885188817978,0,0,0,2.01293766498566,0,0,0,0,80.4385893344879,1345.24635529518,33.8553631305695,66.0706824362278,29.3223717808723,2.39920252561569,28.7701665759087,18.0192194581032,2.32351112365723,2.19502037763596,248.210220873356,620.975539028645,591.744883835316,0,77.6260489225388,448.723496347666,9.66466110944748,141.752530664206,9.33202910423279,57.1529232859612,315.574729025364,778.680302381516,1.59257292747498,0,7.36035579442978,7.8974866271019,0,0,0,3.01114851236343,0,0,0,5.52056908607483,0,0,0,0,0,24.4492139220238,0,0,0,0,0,0,0,0,0,0,0,0,2.08323681354523,6.07237297296524,0,0,0,0,0,0
1409.45817071199,116.309053391218,1388.98676341772,731.202910006046,825.662993371487,248.805000245571,2219.41579836607,632.48918145895,599.41718930006,153.414500892162,382.940220594406,56.3372647166252,1233.72705179453,52.6087809801102,675.401719927788,66.7364443540573,87.3705220222473,10.2741082906723,659.524633139372,554.818149536848,487.316923886538,170.738040268421,968.228206068277,1236.77496740222,420.070320218801,498.263885080814,729.033144205809,252.594053834677,385.987904191017,6.77567711472511,829.038786351681,572.560462146997,114.082777559757,203.600331604481,45.0705308020115,5.18055164813995,384.065262109041,19.7741184234619,144.171217769384,1.80988198518753,184.527539551258,12.1169331073761,0,0.988674938678741,0,0,86.3170169591904,1.98247790336609,3.10412585735321,0,6.63772335648537,0,1.84775257110596,0,0.712152659893036,0,726.15558090806,129.303929895163,153.874175131321,49.8856227099895,203.65234580636,8.43954813480377,123.932101726532,7.98144662380219,80.9615433216095,9.28540194034576,179.049825370312,43.7887442708015,727.954337716103,77.6260489225388,0,597.004191070795,3824.66149649024,128.904231637716,2983.9270285964,46.4075434803963,6694.92892327905,257.961698234081,4.87031298875809,2.23932659626007,41.252200961113,15.5336495637894,5.23195570707321,0,23.8425691723824,3.31190395355225,5.92286348342896,0,14.2024121284485,2.47813403606415,14.8436532616615,2.39284992218018,11.1298894882202,2.7190146446228,277.707256913185,13.6290102601051,21.4875648021698,0.956011891365051,1.05855226516724,1.60654902458191,2.84165301918983,0.884888052940369,20.920150488615,6.27221155166626,25.3473587632179,11.8651081323624,12.0327970385551,3.87339514493942,112.165922820568,34.2596313655376,0.546129524707794,0,0,0,0,20.8256605863571
107.373774260283,1725.47388675809,538.815980225801,2129.09700873494,65.216522783041,919.28966742754,541.670556098223,4190.46540436149,62.4413380026817,723.491456925869,54.5252831578255,711.353603810072,240.989254355431,1007.05441102386,31.9783429205418,815.067137897015,11.5376072525978,293.453156501055,414.465786099434,651.042133331299,39.1212534308434,595.611112803221,741.263417422771,1311.10588812828,69.2633839845657,778.470627009869,72.4169200658798,663.490954995155,85.0655726790428,145.754596561193,269.948983758688,541.485055834055,83.604021936655,162.794454738498,4.70403271913528,2.5440057516098,21.2770038247108,510.25393769145,24.9546387791634,85.2882916927338,39.682736992836,361.852181375027,0,1.94197362661362,0,1.12380415201187,4.50370496511459,41.3390482366085,0,6.33122366666794,1.58715093135834,31.8367233872414,0,4.43474638462067,0,6.5545049905777,81.5986131429672,926.949773639441,38.7955466806889,169.627285152674,38.3454842567444,296.04401832819,14.6318020820618,304.745702058077,2.59208881855011,200.71774405241,100.714739173651,77.7017574310303,120.04089936614,448.723496347666,597.004191070795,0,235.084012627602,2839.86248075962,107.906086295843,3936.33823126554,370.397370457649,10081.6672667861,1.25195097923279,18.2446637749672,9.23056364059448,156.45072004199,0,1.9747106730938,1.00264143943787,181.893430739641,1.67260491847992,4.50135749578476,5.30978977680206,134.365671306849,13.0847817063332,50.2596270143986,2.1765051484108,20.8704409003258,68.8649823367596,213.745950818062,16.8760603070259,3.29242211580276,9.1804347038269,28.0927287638187,6.68943935632706,2.64172798395157,7.24958348274231,100.382536023855,9.65766081213951,70.9764902889729,16.2969089448452,26.3110541701317,208.467532962561,81.3154898881912,8.69264113903046,0.980320870876312,0,2.33170494437218,11.9259611964226,16.5804613530636
1831.21972301602,37.4802405834198,2157.69278842211,287.919283628464,811.176254242659,11.8165256381035,1198.22381007671,235.801177889109,1088.76339942217,3.71242070198059,500.891609549522,31.4662044048309,810.945485413074,10.7627071142197,2014.5018543005,1.56464052200317,460.919285625219,11.9223979711533,921.950182139874,434.201743632555,207.618712991476,0.818418145179749,859.752118229866,390.979404747486,86.4760434031487,19.692408323288,143.382221877575,3.61372661590576,2708.30684059858,3.71128237247467,119.128490865231,245.878435283899,66.3747415840626,134.600104749203,97.9987791776657,50.2087022662163,528.333319634199,37.4603545069695,162.730434536934,0.67704451084137,1033.50185054541,35.2942872047424,409.738427102566,6.80236488580704,117.001890033484,2.81783443689346,622.833372712135,2.76740264892578,261.08524659276,0,736.721001714468,0,189.267292797565,0,245.998052626848,0,1769.82368969917,20.9309260845184,884.954017996788,9.4589119553566,902.169219225645,4.27446067333221,394.80457919836,2.50932329893112,504.809052795172,1.152592420578,418.074029326439,112.219549119473,555.029391080141,9.66466110944748,3824.66149649024,235.084012627602,0,53.5247982740402,2642.41289684176,60.7147198915482,2158.56172174215,115.297407627106,86.1222214102745,0,394.10332942009,3.18018585443497,96.7519331872463,0,398.621802955866,0,84.992745667696,0,270.992851555347,0,49.2716716527939,8.21680223941803,8.47402894496918,1.41712927818298,280.607626080513,13.8530920743942,53.4225187599659,0,17.8707854449749,5.65995797514915,5.10886803269386,0,16.2610914111137,13.861498683691,21.2419210076332,16.8745244145393,11.5418808460236,4.05905342102051,66.0573112666607,36.7926583588123,0.585821926593781,0,0,0,0,14.7439343631268
51.1012701094151,1730.98955777287,101.737785995007,2073.45552757382,7.42020452022552,737.562055081129,76.4870248734951,1649.74600332975,0,850.201835364103,13.4251065850258,879.143932878971,18.1487682461739,1380.93683648109,3.52566492557526,2857.40595072508,4.12536227703094,1812.55103805661,195.190303504467,595.418657809496,7.44911682605743,739.602472215891,83.3684094548225,686.704965144396,7.96305367350578,250.238530009985,2.30093175172806,417.430867493153,13.7863138318062,6876.88949626684,52.1265022158623,106.706387966871,18.783176779747,55.5200916826725,38.9216879606247,50.3319873213768,25.0621848106384,366.274886071682,2.89804643392563,46.1767064630985,4.37479156255722,1698.44832009077,42.0169391036034,262.276732712984,9.648084461689,183.58670181036,2.65067839622498,329.108191490173,5.17654746770859,499.377398043871,5.20554387569427,473.595353037119,0,96.8599147796631,0,101.622523128986,17.2109554111958,2565.0781083405,8.64461308717728,865.935271114111,4.40528643131256,941.374341070652,2.32959091663361,1191.73292425275,8.42103123664856,770.460215598345,115.822795033455,241.210133850574,11.8615939319134,141.752530664206,128.904231637716,2839.86248075962,53.5247982740402,0,11.1773859262466,1573.58137667179,112.289404720068,753.941374748945,0,417.428191751242,0.972754776477814,1531.58390858769,0,342.57949385047,0,890.344856768847,0,36.6656011343002,1.17567133903503,558.364596128464,2.65859633684158,18.9611430764198,1.73114335536957,8.50985097885132,5.97888734936714,50.1588839292526,1.84550362825394,1.45968407392502,1.13236236572266,8.03312638401985,0,0,5.23598718643188,16.8727443814278,1.93939477205276,9.82832759618759,0.600900709629059,8.3893937766552,18.1830123960972,10.5692133009434,0,0,0,0,0.750694274902344,3.1821671128273
697.371713250875,10.5431218445301,601.459952235222,93.3995298445225,46.7130479812622,0,349.686270385981,62.9705499410629,86.8580447435379,0,112.954153358936,6.82539343833923,147.300273835659,3.9964861869812,182.149607867002,0,69.3158281445503,0.80425351858139,370.312644869089,171.156736344099,13.7118453979492,0.942582666873932,213.767678052187,73.702701985836,10.2045723795891,3.06129992008209,9.4530913233757,1.08179914951324,100.828238368034,0,27.4546165764332,82.2830244898796,22.5538332164288,54.6685625612736,14.4967625141144,6.12245434522629,874.447161287069,17.8881913125515,173.041214734316,10.1186783015728,413.213522076607,22.1814186573029,14.4858191013336,0,7.71614611148834,0,34.2441873848438,0,16.0537426173687,0,38.3414325714111,0,4.25178948044777,0,12.14334872365,0,589.683990687132,5.88967829942703,223.439829021692,0,218.678627669811,0,96.4736265838146,0,64.9547280669212,0,89.8686821162701,3.44401395320892,427.774276077747,9.33202910423279,2983.9270285964,107.906086295843,2642.41289684176,11.1773859262466,0,71.054359048605,1550.22069644928,62.1807093322277,14.9664454460144,1.19521391391754,31.4233230948448,1.13913512229919,1.52885276079178,0,46.2208285033703,0,19.3142649829388,0,42.5977369248867,0,81.4634235799313,81.3209124803543,51.4031904935837,48.961033731699,667.267196923494,86.1577507257462,107.304247796535,8.04469907283783,29.998939871788,55.5035611093044,41.2740476727486,5.37210381031036,90.3568793535233,124.933077454567,57.0812062323093,57.1675743460655,47.458245575428,39.8132091760635,176.937232792377,69.1259308159351,9.56147414445877,4.15142238140106,0.515293657779694,2.78087389469147,5.70337963104248,33.762724250555
28.1602282524109,614.548296689987,37.0511376559734,729.183418899775,0,34.6444488167763,18.8875432610512,623.870400696993,0,53.5498318374157,5.18015176057816,80.9298087358475,7.78582954406738,175.07166326046,0,163.623088240623,0.580327808856964,99.0404616594315,89.3771645128727,273.876276761293,13.8011077046394,61.3618539273739,28.7726368904114,241.265028893948,0,15.3033148050308,1.47208106517792,16.50856757164,7.84158796072006,45.7244407832623,14.6040527224541,33.4558582305908,7.88354021310806,29.8620362877846,18.2040161192417,18.5115057826042,38.1411364972591,524.390263438225,33.9181133806705,67.0347884297371,24.5011247992516,338.093076318502,10.8462954759598,68.4667764902115,5.50935536623001,73.7859507501125,0,101.056471645832,2.14616715908051,140.554611444473,3.87182879447937,129.417496919632,0,17.7867037951946,0,23.6985908448696,7.49141228199005,691.871782064438,1.72507846355438,258.14721351862,1.89139956235886,241.573977023363,0,159.359753012657,4.04995363950729,190.916651129723,30.5044151246548,84.1458697915077,9.66981679201126,57.1529232859612,46.4075434803963,3936.33823126554,60.7147198915482,1573.58137667179,71.054359048605,0,51.2445968985558,930.712592273951,0,3.04531663656235,0,126.490085363388,0,3.05765777826309,0,186.009858727455,0.92695540189743,13.2456497550011,0.921974182128906,143.452989637852,58.0436807274818,126.84079644084,41.8391250371933,55.5965374708176,79.739816814661,239.122253835201,41.5266785919666,10.8177480399609,26.2988154888153,49.704392850399,23.4309704303741,2.79040569067001,58.1737167835236,163.903722792864,26.6771259605885,95.5443592965603,27.6424007713795,44.0164526998997,137.497345268726,59.5379413366318,8.17384904623032,2.52433931827545,2.63748693466187,0,5.61787402629852,18.1043872833252
2591.71301728487,388.893299758434,2136.48613575101,414.235881596804,69.9120125770569,0,1696.73301756382,371.872673660517,142.081262886524,0,313.049337357283,22.2913988828659,557.121643334627,11.2925243973732,390.974736452103,0.788006663322449,159.403927415609,25.6595392525196,2076.50272756815,1087.30482700467,19.6058673858643,0.970646679401398,795.570397943258,138.525979727507,12.6930892467499,0,10.3874280154705,1.71061998605728,327.448535501957,9.81956094503403,173.193013489246,299.921963751316,143.106259435415,455.485085874796,356.234529078007,77.3865455687046,4423.0947509408,155.861123114824,398.300351321697,22.5469266176224,304.605140388012,3.45741295814514,349.074887752533,60.1204221844673,159.803490817547,42.444543838501,558.175391763449,53.2883883714676,303.144218415022,43.6459256410599,534.948775857687,19.8340262174606,130.081137150526,0.539192199707031,115.49243298173,3.27263158559799,2150.18384924531,377.38022556901,1489.18607166409,230.926975697279,924.502405434847,52.5638785362244,414.981641083956,49.4282576739788,524.372381418943,24.5546636581421,1222.19074118137,492.196341603994,2664.46065574884,315.574729025364,6694.92892327905,370.397370457649,2158.56172174215,112.289404720068,1550.22069644928,51.2445968985558,0,519.538354426622,16.1920300424099,4.45121818780899,202.588714241982,69.9984368681908,15.7607424855232,1.1737260222435,284.823328435421,17.4764052033424,62.6545965075493,1.18851286172867,243.699517846107,12.6098094582558,63.0494446754456,25.021444439888,56.5564558804035,14.5467056035995,1467.84854120016,98.304813683033,411.208537638187,3.99132919311523,15.7512125372887,9.37269997596741,45.0180402100086,1.39548981189728,69.694502145052,60.2635587751865,111.69064733386,74.1579272150993,27.2946633398533,29.1509224176407,378.374434411526,760.822506397963,6.58019036054611,0,0.821045279502869,1.11243951320648,9.7273456454277,81.6531741917133
188.519650042057,3232.06280523539,161.741679996252,2711.2210060358,0,34.5279306769371,134.992243885994,2659.36131739616,0,66.9208141565323,20.804823756218,402.96677261591,27.1227670907974,331.788228809834,0,163.17131370306,8.90593165159225,194.978688120842,653.558534890413,1831.26473596692,4.42474442720413,4.66766780614853,52.9873195886612,573.653117239475,0,12.4551112055779,0,8.03332114219666,34.7111527323723,72.2068965733051,82.8256109952927,88.6665581464767,83.0068264603615,235.283201247454,72.5291641354561,112.710992187262,132.999802410603,4751.75468209386,48.0294571518898,226.863460510969,0.404479503631592,192.616263747215,80.8108047842979,347.664950191975,56.7417276501656,210.223088502884,35.6079412102699,596.703331440687,24.2618020772934,447.028521955013,13.8776777982712,392.724113583565,0,36.0944103598595,3.17553675174713,144.23545435071,131.387090235949,2790.83510413766,121.631158262491,1060.24866196513,44.8894724845886,731.341976076365,16.1482055783272,657.086066901684,51.8265748620033,607.37018352747,435.847369432449,582.290523886681,154.070929914713,778.680302381516,257.961698234081,10081.6672667861,115.297407627106,753.941374748945,62.1807093322277,930.712592273951,519.538354426622,0,2.965660572052,11.3158288002014,26.5610848069191,320.771613270044,0,32.093473136425,0,618.69006690383,0.708066344261169,122.675181895494,0.839374899864197,551.604280769825,29.9359817504883,181.373328506947,19.184824347496,160.862820088863,173.714909732342,794.30611717701,42.2538797855377,23.682279676199,2.35933995246887,86.6048051118851,9.34429237246513,14.5136795043945,35.6673572659492,327.370866775513,28.3800832033157,308.628358989954,24.1549077630043,55.474567502737,534.456079572439,1251.71090894938,14.6593093276024,3.93630748987198,2.93028664588928,14.2447527647018,39.5387528836727,62.5253038108349
67.6533171534538,1.18179929256439,3.99047356843948,0,0,0,1.97399401664734,0,0,0,69.5855857133865,0,11.0522976517677,0,0.801190853118896,0,1244.37319156528,0,3.04611521959305,1.13541316986084,0,0,0.658030390739441,0,0,0,0,0,777.262754976749,0,0,0,1.02914547920227,1.74710655212402,2.86326795816422,0,4.83921590447426,1.47672295570374,7.35340705513954,0,0.556273877620697,0,1.43112134933472,0.863051414489746,4.26988154649734,0,2.50425732135773,0,5.8167876303196,0,24.5853718817234,0,0,0,1.79904538393021,0,224.423616230488,3.93844217061996,64.272077947855,3.86628687381744,104.682206362486,0,174.433549374342,0,54.1048738956451,2.01808571815491,18.6461674273014,15.8382610082626,2.21892011165619,1.59257292747498,4.87031298875809,1.25195097923279,86.1222214102745,0,14.9664454460144,0,16.1920300424099,2.965660572052,0,0,1312.33022892475,0,7.050253033638,0,72.669577896595,0,0,0,17.0368057489395,0,0,0,0,0,0.557184934616089,0,2.2058424949646,0,0,0,0,0,0,0,0.598104417324066,0,0,0,0,0,0,0,0,0,0,0
0,4.11308267712593,0,0,0,0,0,0.848082840442657,0,0,0,1.24727761745453,0,0,0,0,0,217.623670697212,0,0,0,0,0,0,0,0,0,0,1.15198159217834,314.481382578611,0,0,0,3.27419793605804,6.37396478652954,5.2942288517952,0,5.4775333404541,0,0,0,0,0,0,0,2.45051300525665,0,0.541273355484009,0,1.95363938808441,0,12.2553430497646,0,0,0,0,1.05931901931763,53.2636210620403,3.24983477592468,99.4263512194157,1.2638555765152,43.0525695085526,0,95.0484294593334,1.42505884170532,39.9642687439919,8.03575825691223,12.9654536247253,0,0,2.23932659626007,18.2446637749672,0,417.428191751242,1.19521391391754,3.04531663656235,4.45121818780899,11.3158288002014,0,0,0,1416.80950325727,0,5.15184956789017,0,20.6172058582306,0,0,0,12.1556946635246,0,0,0,0,0,2.54503408074379,0,1.34582209587097,0,0,0,0,0,0,0,0,0,0,0,0,0,0,0,0,0,0
75.2207813560963,0,14.3700560331345,0,5.6760281920433,0,13.2874083518982,0,8.77290815114975,0,531.339218616486,0,203.763828396797,0,32.9487183094025,0,2349.222517699,0,7.57750880718231,0,1.43503403663635,0,1.17157125473022,0,0,0,0,0,1786.04708081484,0,2.12957507371902,0,2.54873859882355,26.2382610738277,87.7954854369164,22.6305478811264,57.5293291211128,20.9322715401649,26.2456414103508,0.794235110282898,6.18040561676025,0,175.689140439034,4.44121509790421,118.211236000061,1.01606011390686,187.015551626682,0,280.953293293715,0,805.492414921522,0,88.5020564496517,0,81.9656212627888,0,300.799940258265,10.9305420517921,399.621053665876,6.42075181007385,619.073403149843,3.26852667331696,3466.53711816669,2.95249634981155,951.867582857609,0,200.105005085468,41.5536207556725,5.66993573307991,7.36035579442978,41.252200961113,9.23056364059448,394.10332942009,0.972754776477814,31.4233230948448,0,202.588714241982,26.5610848069191,1312.33022892475,0,0,1.77355372905731,661.258815020323,0,7273.66562744975,0,41.1310597956181,0,286.549646943808,0,6.68950915336609,0,0,0,10.2068138420582,0,0.652378797531128,0,6.09451872110367,0,0,0,0,0,0,0,0,0,0,1.79622560739517,0,0,0,0,0,0
0,10.1890306472778,0,21.1210368275642,0,0.832643151283264,0,33.1999576091766,0,0,0,99.9201592803001,0,27.0615294575691,0,5.29692757129669,1.57893741130829,825.13968449831,0,6.92251420021057,0,0,0,3.13056981563568,0,0,0,0,2.55469024181366,570.732060521841,0,4.66465055942535,22.1054227948189,43.3573091328144,39.719669431448,76.5731679499149,14.6963239908218,206.259310930967,0,35.4387266337872,0,104.791170179844,10.4191094636917,56.7386367917061,5.11692583560944,83.8992536962032,0,62.9393260478973,3.85459268093109,251.715936273336,3.54504251480103,402.455324172974,0,28.6080583631992,0,59.8434221744537,18.5076530575752,168.915564835072,32.7108253240585,588.497075617313,10.1252197027206,442.403847068548,4.82085454463959,3899.29415398836,15.2708633542061,1307.75498437881,89.2139654159546,147.005606114864,1.9086976647377,7.8974866271019,15.5336495637894,156.45072004199,3.18018585443497,1531.58390858769,1.13913512229919,126.490085363388,69.9984368681908,320.771613270044,0,1416.80950325727,1.77355372905731,0,0,1730.3654717505,0,4971.02693709731,0,69.3760559856892,0,493.228588372469,0,0,0,1.41115784645081,0,15.352860212326,0,0,0,2.40442532300949,0,0,0,1.19933259487152,0,0,0,0,0,2.54540181159973,0,0,0,0,0,0
0,0,2.52744436264038,0,26.2869161069393,0,0.764065265655518,0,18.1882332265377,0,0,0,0,0,41.0306468605995,0,9.58027541637421,0,0,0,4.62616646289825,0,0,0,0,0,3.70900189876556,0,884.328524112701,0,1.19747650623322,1.45489025115967,0,0,14.8002146482468,3.7815465927124,257.708640068769,0,207.346580177546,0,661.280119597912,1.20014333724976,43.3238240480423,0,5.67703664302826,0,97.6195173561573,0,24.3502769470215,0,171.101437568665,0,16.1203016936779,0,128.295249819756,0,0,0,10.4830735325813,0,6.94293338060379,0,3.79897177219391,0,68.0356698036194,0,20.6569164097309,1.05946862697601,0,0,5.23195570707321,0,96.7519331872463,0,1.52885276079178,0,15.7607424855232,0,7.050253033638,0,661.258815020323,0,0,0,1166.15333873034,0,1300.84114673734,0,387.699199616909,0,1.59482061862946,0,0,0,1.5386546254158,0,0,0,0,0,0,0,0,0,0,0,0,0,0,1.28022944927216,0,0,0,0,0,0
0,0,0,0,0,20.9528696835041,0,0,0,5.50712522864342,0,0,0,0,0,27.4557958245277,0,2.57478398084641,0,0,0,38.5664544701576,0,0,0,1.12148326635361,0,11.6644814014435,0,318.361695945263,0,1.1960768699646,0,0.552993655204773,1.48605102300644,10.9585036635399,0,425.588506549597,0,142.391557842493,0,2268.05661317706,1.23529979586601,30.6171984374523,0,6.54616954922676,0,65.2920305430889,0,19.5598767995834,0,54.8830175995827,0,10.072401791811,0,74.9267642199993,0,0.550307929515839,0,19.9322399795055,0,8.39639821648598,0,14.0553129315376,0,31.7733447551727,0,11.3796696066856,0,0,0,1.9747106730938,0,342.57949385047,0,3.05765777826309,1.1737260222435,32.093473136425,0,5.15184956789017,0,1730.3654717505,0,0,0,1136.94247671962,0,1110.11893638968,0,217.490007519722,0,0,0,0,0,0,0,0,0,0,0,0,0,0,0,0,0,0,0,0,0,0,0,0,0,0
289.781358778477,0,11.7320611476898,0,20.6698207259178,0,36.9306702017784,0,18.3842588663101,0,537.504129528999,0,113.458766102791,0,40.5943484306335,0,316.255080759525,0,8.14860653877258,0,3.90138059854507,0,0,0,0,0,1.50590145587921,0,616.192465126514,0,1.96664035320282,0,2.56894111633301,8.70800006389618,53.0999929308891,17.4452400803566,151.763874799013,4.89928418397903,37.1548082828522,0,59.8592754006386,0,116.524474650621,1.16199100017548,82.6095113754272,0.694637060165405,176.996106147766,0,244.501576185226,0,4158.74183276296,0,225.022217661142,0,443.235901385546,0,235.696522891521,0,121.231105595827,1.23646068572998,950.337886869907,0,1404.49758473039,0,5181.81492352486,0,70.9517640471458,14.4881333112717,0,0,23.8425691723824,1.00264143943787,398.621802955866,0,46.2208285033703,0,284.823328435421,0,72.669577896595,0,7273.66562744975,0,1166.15333873034,0,0,0,747.913184821606,0,4860.95353195071,0,2.92846673727036,0,0,0,3.83898365497589,0,3.97658550739288,0,4.92118164896965,0,0,0,0,0,0,0,0,0,0,0.643754780292511,0,0,0,0,0,0
0,31.1197841763496,0,41.4977979063988,0,0,0,69.7313832044601,0,0.750296354293823,0,25.1707171797752,0,3.82807803153992,0,3.02873778343201,0,34.7489150762558,0,39.6352356076241,0,1.67059934139252,0,0,0,0,0,0,0,83.489604383707,4.0799133181572,3.18621098995209,4.52423429489136,35.7876637876034,27.599221944809,34.2700605392456,5.57367539405823,492.109638750553,0,120.231180936098,0,507.277656853199,19.6017137169838,145.194777071476,1.39659094810486,94.933100938797,0,333.362812459469,0,469.551468044519,0.723364531993866,4186.15100201964,0,432.280218094587,0,636.461288899183,0,25.9487760663033,0,222.216292083263,1.66315472126007,928.886249274015,0,1490.58259919286,1.46758699417114,4797.39182385802,18.7011470794678,150.43236336112,0,3.01114851236343,3.31190395355225,181.893430739641,0,890.344856768847,0,186.009858727455,17.4764052033424,618.69006690383,0,20.6172058582306,0,4971.02693709731,0,1136.94247671962,0,0,0,1429.27343612909,0,5419.13900125027,0,0,0,0,0,31.3906012773514,0,0,0,1.00349739193916,0,0,0,0,0,0,0,0,1.08434224128723,3.83788883686066,0,0,0,0,0,0
0,0,0,0,29.6263297200203,0,0,0,17.2464399933815,0,0,0,0,0,30.5771489143372,0,1.48583844304085,0,0,0,2.81891214847565,0,0,0,0.490952044725418,0,4.54684099555016,0,197.755916297436,0,0,0,1.44842940568924,0,6.08119142055511,0,706.203200250864,0,358.592887550592,0,695.770086139441,0,24.4231313467026,0,0.982254207134247,0,141.363294124603,0,0.643186986446381,0,49.7481998503208,0,7.79733541607857,0,385.488776296377,0,0,0,0,0,0,0,2.08631220459938,0,17.7900414764881,0,16.8416079282761,0,0,0,5.92286348342896,1.67260491847992,84.992745667696,0,19.3142649829388,0.92695540189743,62.6545965075493,0.708066344261169,0,0,41.1310597956181,0,1300.84114673734,0,747.913184821606,0,0,0,1720.07306957245,0,0,0,0,0,3.43733644485474,0,4.44184702634811,0,1.68860793113708,0,0,0,0,0,0,0,0,0,0,0,0,0,0,0,0,0
0,0,0,0,0,1.08635586500168,0,0,0,0.447668671607971,0,0,0,0,0,0,0,0,0,0,0.754833221435547,1.23374807834625,0,0,0,0,0,0,0,10.5366668701172,0,0,0,0,0,0.515297174453735,0,927.173662394285,0,692.158056795597,0,1233.75475329161,0,29.0629804134369,0,1.85037976503372,0,68.9115121662617,0,0.601482152938843,0,14.778085321188,0,14.5006560385227,0,768.773261666298,0,0,0,0,0,1.31871438026428,0,10.5046846270561,0,8.94158047437668,0,16.3875289857388,0,0,0,4.50135749578476,0,36.6656011343002,0,13.2456497550011,1.18851286172867,122.675181895494,0,0,0,69.3760559856892,0,1110.11893638968,0,1429.27343612909,0,0,0,2216.17198809981,0,0,0,0,0,0.874473392963409,0,0,0,1.12485122680664,0,0,0,0,0,0,0,1.18690633773804,0,0,0,0,0,0,0,0
64.1542088389397,0,0,0,36.6295767724514,0,1.20627057552338,0,30.5566936731339,0,73.9855261445045,0,2.05391252040863,0,58.7796043753624,0,66.2384830415249,0,0,0,3.58416497707367,0,0.859160840511322,0,0,0,2.87791872024536,0,406.386879444122,0,0.589017808437347,0,0,2.09360384941101,28.6027530431747,8.08738231658936,919.330389499664,2.4981597661972,349.342600643635,0,309.739232212305,0,334.979171276093,4.88116759061813,54.9686086177826,0,938.410173952579,0,179.410461515188,0,2047.88374921679,0,707.96321323514,0,3529.02533838153,0,56.0329266786575,0,46.8033177256584,0,168.770048290491,0,173.036767095327,0,860.009912788868,0,84.0808507502079,8.28668999671936,0,0,14.2024121284485,5.30978977680206,270.992851555347,1.17567133903503,42.5977369248867,0.921974182128906,243.699517846107,0.839374899864197,17.0368057489395,0,286.549646943808,0,387.699199616909,0,4860.95353195071,0,1720.07306957245,0,0,0,16.7431375980377,0,0,0,13.7866683900356,0,3.06041359901428,0,16.8095840811729,0,1.54556488990784,0,0,0,0,0,0,0,0,0.413393944501877,0,0,0,0,0,0
0,8.23981201648712,0,8.16664743423462,0,0,0,9.73671191930771,0,0,0,17.4854962825775,0,1.36316955089569,0,0,0,11.3017167448997,0,10.9874503612518,0,1.86106133460999,0,0,0,0,0,0,0,35.4601118266582,1.60832059383392,1.59875106811523,3.05553364753723,32.303614795208,21.0233899652958,37.2195309400558,2.3180992603302,1187.22712364793,0,339.72158908844,0,361.23416608572,23.1626872718334,157.396250039339,0,73.2246873676777,0,397.909922719002,0,301.226031780243,0,1443.84254160523,0,1752.14077186584,0,3958.07172554731,0,12.1962885260582,0,106.215101122856,1.38327288627625,365.488838225603,0,324.000360012054,0,1030.14213353395,10.9101396203041,87.6319583058357,0,5.52056908607483,2.47813403606415,134.365671306849,0,558.364596128464,0,143.452989637852,12.6098094582558,551.604280769825,0,12.1556946635246,0,493.228588372469,0,217.490007519722,0,5419.13900125027,0,2216.17198809981,0,0,0,0,0,0,0,16.8168056309223,0,0,0,2.18344849348068,0,0,0,0,0,1.07317900657654,0,0.722187101840973,0,0.733604490756989,0,0,0,0,0,0
0,0,0,0,0,0,0,0,0,0,0,0,0,0,0,0,0,0,0,0,0,0,0,0,0,0,0,0,9.92099225521088,0,0,0,0,0,0,0.963506937026978,67.5660554468632,41.5017439723015,172.441693425179,17.2532684206963,5.63545870780945,0,41.4274220466614,1.85727143287659,6.18849691748619,0,509.02972099185,0,8.43779960274696,0,87.0385285913944,0,100.497485309839,0,94.9762098789215,0,0,0,0,0,0,0,0,0,0,0,0,0.51627904176712,0,0,14.8436532616615,13.0847817063332,49.2716716527939,2.65859633684158,81.4634235799313,58.0436807274818,63.0494446754456,29.9359817504883,0,0,6.68950915336609,0,1.59482061862946,0,2.92846673727036,0,0,0,16.7431375980377,0,0,133.386074334383,2441.58523115516,21.2866483330727,614.504746615887,151.39682161808,2640.23809444904,40.8757278323174,1993.36604061723,182.955984771252,337.90923923254,3.9840222299099,244.011887252331,227.484655886889,311.713441818953,85.2072662115097,406.950816988945,61.9960094988346,14.0368636250496,6.59727546572685,110.531827092171,28.1142699122429,36.6329269111156,8.74832427501678,7.65567138791084,14.7067387700081
0,1.0341545343399,0,0,0,0,0,0,0,0,0,0,0,0,0,0,0,0,0,0,0,0,0,0,0,0,0,0,0,0,0,0,0,0,0,0,63.9586752355099,150.262929439545,256.617978274822,85.3724682629108,0.432293385267258,3.93563091754913,0,0.964532077312469,0,0,0,5.42407470941544,0,0,0,0.506333291530609,0,0,0,1.08610248565674,0,0,0,0,0,0,0,0,0,0,0,1.3214555978775,0,0,2.39284992218018,50.2596270143986,8.21680223941803,18.9611430764198,81.3209124803543,126.84079644084,25.021444439888,181.373328506947,0,0,0,0,0,0,0,0,0,0,0,0,133.386074334383,0,58.3825556337833,1184.35352012515,130.389302402735,719.084130853415,359.133206605911,299.844312280416,109.583279877901,1601.60536065698,47.0403187572956,36.765033364296,136.901108652353,629.738799393177,39.6083233952522,357.914184778929,65.9425702393055,508.96505343914,72.7189962565899,23.9832466840744,121.739262014627,28.1732169389725,66.8681088387966,10.4573520421982,33.8463281393051,25.9217413365841
0,0,0,0,0,0,0,0,0,0,0,0,0,0,0,0,1.06483256816864,0,0,0,0,0,0,0,0,0,0,0,1.36904382705688,0,0,0,0,0,0,0,47.8911338448524,27.0413726270199,113.636009931564,11.6658796370029,2.51695227622986,0,0,0,0,0,0,0,0,0,0,0,0,0,0,0,0,0,0,0,0,0,0,0,0,0,0,0,0,0,11.1298894882202,2.1765051484108,8.47402894496918,1.73114335536957,51.4031904935837,41.8391250371933,56.5564558804035,19.184824347496,0,0,0,0,0,0,0,0,0,0,0,0,2441.58523115516,58.3825556337833,0,8.93128776550293,849.422085404396,115.744160532951,1035.64696568251,26.1481105685234,106.526486486197,94.3575267195702,793.398987263441,2.82087779045105,685.696131855249,129.445925861597,683.23872923851,65.7535437941551,218.938757359982,59.575897872448,49.6656366884708,10.0423840284348,119.86537912488,21.6783440411091,75.7436045110226,39.171643614769,8.03729781508446,10.4834788143635
0,0,0,0,0,0,0,0,0,0,0,0,0,0,0,0,0,0,0,0,0,0,0,0,0,0,0,0,0,2.11873632669449,0,0,0,0,0,0,36.4861764907837,57.4282059371471,45.8040127158165,38.8483171761036,0,0.508270919322968,0,0,0,0,0,1.15847966074944,0,0,0,0,0,0,0,0,0,0,0,0,0,0,0,0,0,0,0,0,0,0,2.7190146446228,20.8704409003258,1.41712927818298,8.50985097885132,48.961033731699,55.5965374708176,14.5467056035995,160.862820088863,0,0,0,1.41115784645081,0,0,0,0,0,0,0,0,21.2866483330727,1184.35352012515,8.93128776550293,0,68.0636373758316,284.738577753305,99.3374542593956,103.905419498682,53.0887184143066,169.122241526842,13.2274807393551,85.4619892537594,56.1499360501766,785.216357499361,24.9852252602577,592.087444186211,45.5901052355766,243.54519712925,204.496411979198,46.9386285543442,153.008554041386,17.8937158882618,61.8450517356396,14.8360725939274,96.6060518920422,98.1760506927967
138.368220329285,6.49178606271744,129.046118974686,12.7803989648819,1.39050883054733,0,82.0938581526279,7.87459808588028,0.579671263694763,0.404267758131027,15.8370602726936,3.18289768695831,22.1948843002319,0,14.3160851597786,0.618458926677704,18.6838262081146,0,169.963236838579,11.1500287055969,0.596756517887115,0,33.3913622796535,1.20783385634422,0,0,0,0,23.3512803316116,0,6.54973247647285,9.63037037849426,1.81876224279404,21.7281820774078,9.99034303426743,0.796416878700256,240.989161044359,30.7622911036015,107.543691009283,18.1836442947388,31.7425701618195,0.496099263429642,3.6446091234684,0,2.82682949304581,0,15.9228727817535,5.26650899648666,10.506408572197,0,20.2193883955479,0,3.08423045277596,0,1.56180816888809,0,123.602431148291,3.49185812473297,79.9534715116024,0,37.410466581583,0,12.6498463451862,0,37.3481861650944,0,34.2736965119839,1.95541417598724,116.072935402393,0,277.707256913185,68.8649823367596,280.607626080513,5.97888734936714,667.267196923494,79.739816814661,1467.84854120016,173.714909732342,0.557184934616089,0,10.2068138420582,0,1.5386546254158,0,3.83898365497589,0,3.43733644485474,0,13.7866683900356,0,614.504746615887,130.389302402735,849.422085404396,68.0636373758316,0,233.188781619072,1436.93496400118,32.6890424787998,380.460156857967,99.4644146859646,409.129849761724,10.3192511200905,974.182274967432,187.538344234228,1650.32379829884,253.926293224096,211.485509872437,33.9085637032986,488.156994372606,880.008801370859,283.630745261908,11.7643277645111,95.1005482077599,122.331283628941,78.8417527377605,268.29759863019
3.09752726554871,126.795583188534,7.20014423131943,85.249287456274,0.897291421890259,0,2.8996160030365,63.4976980090141,0,1.08900362253189,1.82756245136261,11.2622080147266,0,7.37652716040611,0,3.21756547689438,0,8.55608215928078,8.3242654800415,56.7482031583786,0,1.20255076885223,0,12.0602484047413,0,0.416724234819412,0,0,0,3.47532379627228,3.32881736755371,1.8079015314579,1.87534487247467,8.18462282419205,5.22990328073502,11.5456511378288,54.0102935135365,222.983265370131,109.323775976896,76.2290284335613,1.03469491004944,7.93687865138054,0,11.1140245199203,0,9.87581712007523,3.21135747432709,19.9259594678879,0,31.8536363840103,0,44.5634231567383,0,2.96803426742554,0,10.5719969272614,0,179.038329064846,0.649055898189545,98.7084567546844,0,29.3482604920864,0,31.3278653919697,0,30.8799006044865,0,38.6652316153049,0.801715791225433,24.4492139220238,13.6290102601051,213.745950818062,13.8530920743942,50.1588839292526,86.1577507257462,239.122253835201,98.304813683033,794.30611717701,0,2.54503408074379,0,15.352860212326,0,0,0,31.3906012773514,0,0.874473392963409,0,16.8168056309223,151.39682161808,719.084130853415,115.744160532951,284.738577753305,233.188781619072,0,131.860023707151,942.669938266277,66.661483168602,739.973752826452,35.3341667354107,16.3278936445713,92.8169559538364,507.363295525312,39.1467115581036,483.382084786892,39.8999657928944,132.395276933908,137.312581539154,582.074116677046,150.364267140627,7.95506381988525,12.0468211174011,12.8124510645866,42.8985038995743,45.3096770048141
24.5443143844604,0,6.83534491062164,1.60199522972107,0,0,3.74981635808945,0,0,0.711270332336426,1.40533268451691,0,0.775753259658813,0,0.512575745582581,1.23084247112274,3.86420083045959,0,16.8554984331131,3.17823958396912,0,0,1.4108447432518,1.72691905498505,0,0,0,0,5.76551243662834,0,0,0,0,2.27844274044037,4.4512130022049,0,111.731597721577,33.6545914411545,187.67109015584,12.0011187195778,2.10501253604889,0.743520975112915,3.06264746189117,0,0,0,30.9627495110035,3.52105075120926,6.01090925931931,0,10.6061603426933,0,1.20802593231201,0,1.58703696727753,0,20.4610154628754,0,23.7773819565773,0,17.898667216301,0,4.13503402471542,0,14.0983222723007,0,12.4383475780487,0,31.2517771422863,0,21.4875648021698,16.8760603070259,53.4225187599659,1.84550362825394,107.304247796535,41.5266785919666,411.208537638187,42.2538797855377,2.2058424949646,0,0.652378797531128,0,0,0,3.97658550739288,0,4.44184702634811,0,3.06041359901428,0,2640.23809444904,359.133206605911,1035.64696568251,99.3374542593956,1436.93496400118,131.860023707151,0,40.5849718749523,2730.6921261549,154.084290772676,369.140312224627,13.0005577802658,721.67171677947,238.122806817293,475.222811669111,67.5747608840466,125.152206093073,35.9430743455887,37.8947360515594,129.253477752209,493.726835668087,41.8344085812569,64.2216140925884,65.3684486150742,15.7946729063988,25.5090861320496
0,0.842658460140228,0,0,0,0,0,0,0,0,0,0,0,0,0,0,0,0,0,0,0,0,0,0,0,0,0,0,0,0.992839932441711,0,0,0,0,0,0,7.86955431103706,13.1984436511993,7.46209222078323,13.0577502548695,0,0.624779403209686,0.875770568847656,9.1144887804985,0,4.3724040389061,0,27.9893999099731,0,0,0,0.739290833473206,0,0,0,0.872825682163239,0,1.51018965244293,0.838592708110809,0,0,0,0,2.11229157447815,0,0,0,1.2610582113266,0,0,0.956011891365051,3.29242211580276,0,1.45968407392502,8.04469907283783,10.8177480399609,3.99132919311523,23.682279676199,0,1.34582209587097,0,0,0,0,0,0,0,0,0,0,40.8757278323174,299.844312280416,26.1481105685234,103.905419498682,32.6890424787998,942.669938266277,40.5849718749523,0,20.9875272214413,2622.17203879356,21.1785716116428,6.46968418359756,50.1667185425758,102.405645370483,13.5309894382954,94.9713713526726,8.86007681488991,129.647241681814,13.7145774364471,58.2328884005547,582.559281975031,45.5494000315666,57.189013838768,7.40481182932854,3.43258816003799,5.38261756300926
0,0,0,0,0,0,0,0,0,0,0,0,0,0,0,0,0,0,0,0,0,0,0,0,0,0,0,0,4.3332267999649,0,0,0,0,0,0,0,23.2550469636917,13.569183588028,49.6895966529846,11.6740344166756,4.60994482040405,0,74.0772371888161,1.61045038700104,0.484046280384064,0,227.622073233128,0,3.48021358251572,0,4.26406162977219,0,21.5232129096985,0,84.2430721223354,0,0,0,0,0,0,0,0,0,0,0,0.458069235086441,0,0,0,1.05855226516724,9.1804347038269,17.8707854449749,1.13236236572266,29.998939871788,26.2988154888153,15.7512125372887,2.35933995246887,0,0,6.09451872110367,0,0,0,4.92118164896965,0,1.68860793113708,0,16.8095840811729,0,1993.36604061723,109.583279877901,106.526486486197,53.0887184143066,380.460156857967,66.661483168602,2730.6921261549,20.9875272214413,0,106.17847302556,40.0410933494568,3.79930830001831,28.5978975594044,138.49079567194,75.6915213167667,33.7642743587494,34.3289709687233,25.2379456162453,4.45048922300339,2.33094245195389,91.3372732996941,19.9774111509323,18.1194931864738,7.87857723236084,6.76583811640739,1.12115979194641
0,1.8136260509491,0,0,0,0,0,0,0,0,0,0,0,0,0,0,0,0,0,0,0,0,0,0,0,0,0,0,0,0,0,0,0,1.60756659507751,0,0,47.5449349582195,74.5376093089581,58.6191854178905,45.4501800835133,0.581159591674805,3.56388944387436,4.56036424636841,56.3808376193047,0.620695233345032,6.70226508378983,0,300.219677150249,0,6.52192240953445,0,7.21845018863678,0,30.0209482908249,0,46.9285148382187,0,0,0,0,0,0,0,0,0,0,0,2.73517686128616,0,0,1.60654902458191,28.0927287638187,5.65995797514915,8.03312638401985,55.5035611093044,49.704392850399,9.37269997596741,86.6048051118851,0,0,0,2.40442532300949,0,0,0,1.00349739193916,0,1.12485122680664,0,2.18344849348068,182.955984771252,1601.60536065698,94.3575267195702,169.122241526842,99.4644146859646,739.973752826452,154.084290772676,2622.17203879356,106.17847302556,0,44.4521825909615,8.71772330999374,128.189630717039,161.505233377218,44.8544310033321,148.5852663517,28.1970151662827,347.070545941591,30.1574701070786,19.1948952376842,371.634820848703,102.089517235756,101.866212040186,11.8101785182953,6.59632927179337,11.752291560173
0,0,0,0,0,0,0,0,0,0,0,0,0,0,0,0,0,0,0,0,0,0,0,0,0,0,0,0,0,0,0,0,0,0,0,0,29.6045892238617,12.2017023563385,48.5385455191135,6.28360211849213,0,0,0,0,0,0,0,0,0,0,0,0,0,0,0,0,0,0,0,0,0,0,0,0,0,0,0,0,0,0,2.84165301918983,6.68943935632706,5.10886803269386,0,41.2740476727486,23.4309704303741,45.0180402100086,9.34429237246513,0,0,0,0,0,0,0,0,0,0,1.54556488990784,0,337.90923923254,47.0403187572956,793.398987263441,13.2274807393551,409.129849761724,35.3341667354107,369.140312224627,21.1785716116428,40.0410933494568,44.4521825909615,0,1.17634171247482,1514.65234810114,92.082080334425,461.016635090113,28.3428127765656,290.705477327108,37.4390434026718,39.6207332015038,5.05751043558121,53.394693762064,5.92698341608047,16.2059606015682,18.552635550499,7.79203534126282,9.68531009554863
0,0,0,0,0,0,0,0,0,0,0,0,0,0,0,0,0,0,0,0,0,0,0,0,0,0,0,0,0,0,0,0,0,0,0,0,2.71787017583847,3.60153615474701,6.43744280934334,4.36531692743301,0,0,0,0,0,0,0,0,0,0,0,0,0,0,0,0,0,0,0,0,0,0,0,0,0,0,0,0,0,0,0.884888052940369,2.64172798395157,0,0,5.37210381031036,2.79040569067001,1.39548981189728,14.5136795043945,0,0,0,0,0,0,0,0,0,0,0,0,3.9840222299099,36.765033364296,2.82087779045105,85.4619892537594,10.3192511200905,16.3278936445713,13.0005577802658,6.46968418359756,3.79930830001831,8.71772330999374,1.17634171247482,0,6.90308859944344,870.664141654968,2.20516979694366,69.5621132254601,8.00144755840302,27.3299039006233,12.3030656576157,0,3.09449774026871,0,1.68510639667511,3.05228877067566,9.05073222517967,3.51644283533096
0,0,0,0,0,0,0,0,0,0,0,0,0,0,0,0,0,0,0,0,0,0,0,0,0,0,0,0,1.313367664814,0,0,0,0,0,0,0,55.9885530173779,59.2811912000179,147.976197481155,16.751714527607,0.783577919006348,0,0,0,0,0,1.01528596878052,0,0,0,0,0,0,0,1.1530077457428,0,0,0,0,0,1.79465305805206,0,0,0,0,0,0,0,0,0,20.920150488615,7.24958348274231,16.2610914111137,5.23598718643188,90.3568793535233,58.1737167835236,69.694502145052,35.6673572659492,0,0,0,0,0,0,0,0,0,0,0,0,244.011887252331,136.901108652353,685.696131855249,56.1499360501766,974.182274967432,92.8169559538364,721.67171677947,50.1667185425758,28.5978975594044,128.189630717039,1514.65234810114,6.90308859944344,0,436.970275193453,3737.25040188432,109.436200082302,742.601229131222,117.876753568649,218.471901774406,73.2315717935562,263.004028856754,38.9212654232979,111.149325460196,508.956967264414,341.191859692335,86.3814910054207
0,0,0,0,0,0,0,0,0,0,0,0,0,0,0,0,0,0,0,0,0,0,0,0,0,0,0,0,0,0,0,0,0,0,0,0,76.0030901134014,198.302343547344,99.8453699946404,131.479162156582,0,3.93737930059433,0,0,0,0,0,2.95358037948608,0,0,0,0,0,0,0,1.28193986415863,0,0,0,0,0,0,0,0,0,0,0,4.70784014463425,0,0,6.27221155166626,100.382536023855,13.861498683691,16.8727443814278,124.933077454567,163.903722792864,60.2635587751865,327.370866775513,0,0,0,1.19933259487152,0,0,0,0,0,0,0,0,227.484655886889,629.738799393177,129.445925861597,785.216357499361,187.538344234228,507.363295525312,238.122806817293,102.405645370483,138.49079567194,161.505233377218,92.082080334425,870.664141654968,436.970275193453,0,97.1485222280025,4723.4095697403,192.866156369448,450.431833267212,371.24234098196,101.972154468298,279.913162261248,36.5188910663128,113.436388969421,375.454885184765,305.487405657768,176.979445546865
0,0,1.35499572753906,0,0,0,0.585551917552948,0,0,0,0.921284556388855,0,0,0,0,0,2.44728553295135,0,1.34494304656982,0,0,0,0,0,0,0,0,0,1.08853113651276,0,0,0,0,0,0,0,25.7678696513176,15.3514378070831,23.3070121109486,4.69154608249664,3.06478720903397,0,0,0,0,0,0,0,0,0,0,0,0,0,0,0,0.844291031360626,0,0.781725227832794,0,1.54958653450012,0,0,0,1.01830220222473,0,0,0,0,0,25.3473587632179,9.65766081213951,21.2419210076332,1.93939477205276,57.0812062323093,26.6771259605885,111.69064733386,28.3800832033157,0.598104417324066,0,0,0,0,0,0,0,0,0,0,0,311.713441818953,39.6083233952522,683.23872923851,24.9852252602577,1650.32379829884,39.1467115581036,475.222811669111,13.5309894382954,75.6915213167667,44.8544310033321,461.016635090113,2.20516979694366,3737.25040188432,97.1485222280025,0,226.530375599861,591.641554236412,41.3764971494675,248.944695651531,32.4190889000893,117.693669915199,21.110164552927,32.0198692083359,30.0943519175053,151.526052415371,335.707978338003
0.711109280586243,7.82107788324356,0,3.13100266456604,0,0,0.835400581359863,2.00827574729919,0,0,0,0.495292693376541,0,0,0,0,1.62366497516632,1.4176698923111,0,2.81460011005402,0,0,0,0,0,0,0,0,0.955577492713928,0,0,0,0,0,0,0,20.6753898859024,49.9776477217674,24.0931122899055,22.58505448699,0,3.68203181028366,0,0,0.697329759597778,0,0,3.11864215135574,0,0,0,0,0,0,0,0,0,5.22757214307785,0,0,0,0,0,1.6334091424942,0,0,0,1.6025083065033,0,0,11.8651081323624,70.9764902889729,16.8745244145393,9.82832759618759,57.1675743460655,95.5443592965603,74.1579272150993,308.628358989954,0,0,0,0,0,0,0,0,0,0,0,1.07317900657654,85.2072662115097,357.914184778929,65.7535437941551,592.087444186211,253.926293224096,483.382084786892,67.5747608840466,94.9713713526726,33.7642743587494,148.5852663517,28.3428127765656,69.5621132254601,109.436200082302,4723.4095697403,226.530375599861,0,66.355528652668,470.476336747408,750.868514358997,89.2837248444557,238.594153404236,21.1710004806519,51.5956388413906,109.658841818571,283.57726174593,424.244612842798
4.78310894966125,0.601722478866577,0,0,0,0,3.12210094928741,0,0,0,0,0,0,0,0,0,0,2.02272725105286,1.01858031749725,0,0,0,0,0,0,0,0,0,0,1.27674293518066,0,0,0,0.742932558059692,0,0,29.959077000618,25.5664163827896,41.8340240120888,10.0082566142082,0,0,0,0,0,0,1.22889721393585,0.531466662883759,0,0,1.44691240787506,0,0,0,0,0,3.79548966884613,0,0,0,0,0,0,0,0,0,0,0,0,0,12.0327970385551,16.2969089448452,11.5418808460236,0.600900709629059,47.458245575428,27.6424007713795,27.2946633398533,24.1549077630043,0,0,0,0,0,0,0,0,0,0,0,0,406.950816988945,65.9425702393055,218.938757359982,45.5901052355766,211.485509872437,39.8999657928944,125.152206093073,8.86007681488991,34.3289709687233,28.1970151662827,290.705477327108,8.00144755840302,742.601229131222,192.866156369448,591.641554236412,66.355528652668,0,53.4329073727131,21.6503576636314,6.68246829509735,24.0800763964653,0.781083166599274,7.98844009637833,6.46196693181992,12.6103132963181,38.993592441082
0,6.29176354408264,0,0.657342910766602,0,0,0,0,0,0,0,0,0,0,0,0,0,3.74400854110718,0,0,0,0,0,0,0,0,0,0,0,0,0,0,0,0,0,0,20.3556706309319,55.9027124345303,15.4035107493401,30.874339312315,0,0,0,0,0,0,0,0,0,0,0,0,0,0,0,0.661994934082031,0,3.95818209648132,0,1.20975780487061,0,0,0,0,0,0,0,4.03568696975708,0,0,3.87339514493942,26.3110541701317,4.05905342102051,8.3893937766552,39.8132091760635,44.0164526998997,29.1509224176407,55.474567502737,0,0,0,0,0,0,0,0,0,1.18690633773804,0,0.722187101840973,61.9960094988346,508.96505343914,59.575897872448,243.54519712925,33.9085637032986,132.395276933908,35.9430743455887,129.647241681814,25.2379456162453,347.070545941591,37.4390434026718,27.3299039006233,117.876753568649,450.431833267212,41.3764971494675,470.476336747408,53.4329073727131,0,50.0429402291775,11.093296289444,43.2191525101662,4.76360601186752,9.88320508599281,4.25700598955154,12.5707256495953,15.1576295495033
31.3323325514793,16.8846169114113,34.4760105013847,59.3181146979332,0,0,40.5717713236809,58.5593895316124,0.588317930698395,0.599083781242371,5.07954305410385,6.31996715068817,3.03827893733978,5.07126548886299,6.07515144348145,4.40286839008331,3.62945908308029,2.22709059715271,44.6663340032101,35.946782708168,0,0,8.29256239533424,5.47457009553909,0,0,0,0.873910844326019,0.962161481380463,0,3.99179041385651,0,0,7.54895901679993,0,0,43.3591474890709,19.6263327598572,1.51075142621994,2.86174201965332,13.0132194757462,8.10886743664742,0,0,0,0,0.57356333732605,5.49435970187187,0,0,0,0,0,0,0.589485168457031,0,7.77682936191559,10.0126476883888,1.48887479305267,1.00267446041107,1.48663887381554,1.76562798023224,0,1.55600833892822,2.48077082633972,0,2.21719366312027,2.51031887531281,11.8458376824856,2.08323681354523,112.165922820568,208.467532962561,66.0573112666607,18.1830123960972,176.937232792377,137.497345268726,378.374434411526,534.456079572439,0,0,0,0,0,0,0,1.08434224128723,0,0,0,0,14.0368636250496,72.7189962565899,49.6656366884708,204.496411979198,488.156994372606,137.312581539154,37.8947360515594,13.7145774364471,4.45048922300339,30.1574701070786,39.6207332015038,12.3030656576157,218.471901774406,371.24234098196,248.944695651531,750.868514358997,21.6503576636314,50.0429402291775,0,450.796281009912,151.254927933216,22.2303323149681,64.2345996797085,323.766783118248,386.817957341671,572.018261313438
11.523285984993,23.1851598322392,20.4012769460678,24.4621673226357,0.529875755310059,0,12.0854789316654,17.5213361978531,0,0,0.463571071624756,2.8820543885231,3.79768115282059,3.12529721856117,1.51106286048889,1.58555468916893,0.984928250312805,0.630077064037323,10.228307813406,23.0686830580235,0,0,2.65035852789879,2.75732058286667,0,0,0,0,1.68066316843033,0,0,2.70045721530914,1.05508172512054,2.68218988180161,1.53006613254547,2.48915976285934,64.9136735200882,75.6416050493717,5.46464085578918,1.68076717853546,1.73424851894379,0.614001154899597,1.96764254570007,1.45125967264175,0,1.58409070968628,49.0871889591217,117.290177106857,2.52554219961166,1.87002563476562,4.94393885135651,4.19404911994934,1.77691960334778,0,0,0.598353922367096,7.41697484254837,21.3232750296593,10.1158409714699,7.60493144392967,2.17075943946838,6.7114505469799,2.79996591806412,4.16692233085632,3.14117628335953,7.67472207546234,2.27684640884399,3.4709804058075,15.6928771138191,6.07237297296524,34.2596313655376,81.3154898881912,36.7926583588123,10.5692133009434,69.1259308159351,59.5379413366318,760.822506397963,1251.71090894938,0,0,1.79622560739517,2.54540181159973,1.28022944927216,0,0.643754780292511,3.83788883686066,0,0,0.413393944501877,0.733604490756989,6.59727546572685,23.9832466840744,10.0423840284348,46.9386285543442,880.008801370859,582.074116677046,129.253477752209,58.2328884005547,2.33094245195389,19.1948952376842,5.05751043558121,0,73.2315717935562,101.972154468298,32.4190889000893,89.2837248444557,6.68246829509735,11.093296289444,450.796281009912,0,474.774532228708,28.851546227932,46.6104838252068,181.720224022865,127.642855107784,233.551001876593
0,0,0,0,0,0,0,0,0,0,0,0,0,0,0,0,0,0,0,0,0,0,0,0,0,0,0,0,0,0,0,0,0,0,0,0,5.28521829843521,10.2637845277786,8.55024734139442,8.69844657182693,0,0,0,3.08633834123611,0,0,0,5.09576904773712,0,0,0,0,0,0,0,0,0,0,0,0,0,0,0,0,0,0,0,0,0,0,0.546129524707794,8.69264113903046,0.585821926593781,0,9.56147414445877,8.17384904623032,6.58019036054611,14.6593093276024,0,0,0,0,0,0,0,0,0,0,0,0,110.531827092171,121.739262014627,119.86537912488,153.008554041386,283.630745261908,150.364267140627,493.726835668087,582.559281975031,91.3372732996941,371.634820848703,53.394693762064,3.09449774026871,263.004028856754,279.913162261248,117.693669915199,238.594153404236,24.0800763964653,43.2191525101662,151.254927933216,474.774532228708,0,281.180839300156,322.210340082645,450.944720596075,107.815006315708,195.077423274517
0,0,0,0,0,0,0,0,0,0,0,0,0,0,0,0,0,0,0,0,0,0,0,0,0,0,0,0,0,0,0,0,0,0,0,0,0.644876897335052,3.86504852771759,0,2.05253976583481,0,0,0,0,0,0,0,0,0,0,0,0,0,0,0,0,0,0,0,0,0,0,0,0,0,0,0,0,0,0,0,0.980320870876312,0,0,4.15142238140106,2.52433931827545,0,3.93630748987198,0,0,0,0,0,0,0,0,0,0,0,0,28.1142699122429,28.1732169389725,21.6783440411091,17.8937158882618,11.7643277645111,7.95506381988525,41.8344085812569,45.5494000315666,19.9774111509323,102.089517235756,5.92698341608047,0,38.9212654232979,36.5188910663128,21.110164552927,21.1710004806519,0.781083166599274,4.76360601186752,22.2303323149681,28.851546227932,281.180839300156,0,236.400637328625,239.569054067135,6.7053444981575,18.9209764003754
0,0,0,0,0,0,0,0,0,0,0,0,0,0,0,0,0,0,0,0,0,0,0,0,0,0,0,0,0,0,0,0,0,0,0,0,1.27240672707558,2.5204536318779,0,1.13709217309952,0,0,0,0,0,0,0,0,0,0,0,0,0,0,0,0,0,0,0,0,0,0,0,0,0,0,0,0,0,0,0,0,0,0,0.515293657779694,2.63748693466187,0.821045279502869,2.93028664588928,0,0,0,0,0,0,0,0,0,0,0,0,36.6329269111156,66.8681088387966,75.7436045110226,61.8450517356396,95.1005482077599,12.0468211174011,64.2216140925884,57.189013838768,18.1194931864738,101.866212040186,16.2059606015682,1.68510639667511,111.149325460196,113.436388969421,32.0198692083359,51.5956388413906,7.98844009637833,9.88320508599281,64.2345996797085,46.6104838252068,322.210340082645,236.400637328625,0,429.0706807971,19.5769250392914,34.8419337272644
0,0,0,0,0,0,0,0,0,0,0,0,0,0,0,0,0,0,0,0,0,0,0,0,0,0,0,0,1.67855930328369,0,0,0,0,0,0,0,0,0.920818388462067,0.467421561479568,0,0,0,0,0,0,0,0,0,0,0,0,0,0,0,0,0,0,0,0,0,0,0,0,0,0,0,0,0,0,0,0,2.33170494437218,0,0,2.78087389469147,0,1.11243951320648,14.2447527647018,0,0,0,0,0,0,0,0,0,0,0,0,8.74832427501678,10.4573520421982,39.171643614769,14.8360725939274,122.331283628941,12.8124510645866,65.3684486150742,7.40481182932854,7.87857723236084,11.8101785182953,18.552635550499,3.05228877067566,508.956967264414,375.454885184765,30.0943519175053,109.658841818571,6.46196693181992,4.25700598955154,323.766783118248,181.720224022865,450.944720596075,239.569054067135,429.0706807971,0,335.987790822983,249.899654746056
0,0,0,0.836614727973938,0,0,0,1.18078219890594,0,0,0,0,0,0,0,0,0,0,0,0,0,0,0,0,0,0,0,0,0,0,0,1.20934855937958,0,0,0,0,2.27850180864334,4.83979731798172,4.15070605278015,1.70897978544235,0,1.40893518924713,0,0,0,0,0,0.987032830715179,0,0,0,0,0,0,0,0,0,1.38634741306305,0,0,0,0,0,0,0,0,0,0,0,0,0,11.9259611964226,0,0.750694274902344,5.70337963104248,5.61787402629852,9.7273456454277,39.5387528836727,0,0,0,0,0,0,0,0,0,0,0,0,7.65567138791084,33.8463281393051,8.03729781508446,96.6060518920422,78.8417527377605,42.8985038995743,15.7946729063988,3.43258816003799,6.76583811640739,6.59632927179337,7.79203534126282,9.05073222517967,341.191859692335,305.487405657768,151.526052415371,283.57726174593,12.6103132963181,12.5707256495953,386.817957341671,127.642855107784,107.815006315708,6.7053444981575,19.5769250392914,335.987790822983,0,427.630949020386
6.9683421254158,0,3.03418397903442,1.62929606437683,0,0,1.36390578746796,2.2877277135849,0,0,0,0,0.605486333370209,0,0,0,0.850180506706238,0,0.490474581718445,0,0,0,0,0,0,0,0,0,0,0,1.21193397045135,0,0,0,0,0,11.5755115151405,7.80842363834381,1.40693575143814,0.741082072257996,1.5152302980423,0.64700722694397,0,0,0,0,1.87120842933655,1.26410555839539,0,0,0,0,0,0,0,0,0.762132585048676,0,0,0,0,0,0,0,0,0.488812476396561,0,0,0,0,20.8256605863571,16.5804613530636,14.7439343631268,3.1821671128273,33.762724250555,18.1043872833252,81.6531741917133,62.5253038108349,0,0,0,0,0,0,0,0,0,0,0,0,14.7067387700081,25.9217413365841,10.4834788143635,98.1760506927967,268.29759863019,45.3096770048141,25.5090861320496,5.38261756300926,1.12115979194641,11.752291560173,9.68531009554863,3.51644283533096,86.3814910054207,176.979445546865,335.707978338003,424.244612842798,38.993592441082,15.1576295495033,572.018261313438,233.551001876593,195.077423274517,18.9209764003754,34.8419337272644,249.899654746056,427.630949020386,0
