subject_idx,seed,outer_fold,baseline_pred,selected_pred,selected_candidate
376,0,0,113.30558649199654,113.94002595901281,B
170,0,0,114.46441097256252,115.08370634726433,B
230,0,0,111.77073420544498,112.4977813158978,B
330,0,0,113.76886296987931,114.06855643645562,B
336,0,0,99.92473942454819,99.86066644103124,B
395,0,0,116.73610982936441,117.78193878850499,B
150,0,0,116.84784854689886,117.73127235382083,B
10,0,0,115.7816512777059,116.49622430670904,B
21,0,0,111.24644571037888,111.90501075048398,B
259,0,0,103.71358869313956,103.83650464775525,B
371,0,0,106.19903862865894,105.79147739057954,B
59,0,0,111.11658960049536,110.98267348723091,B
241,0,0,105.12601144806717,105.2768854206463,B
198,0,0,108.21924062230472,107.92109995565411,B
347,0,0,115.5980411702712,116.06302906297718,B
76,0,0,115.66927603203577,116.4243280744223,B
263,0,0,115.04036386485976,115.59779058805606,B
164,0,0,104.88708681974497,105.3481945876985,B
12,0,0,112.25806759450587,112.34397382107721,B
188,0,0,114.7253121629906,115.29657010803656,B
341,0,0,118.9652224694177,120.35816190799638,B
37,0,0,113.7424693335582,113.44531232524005,B
386,0,0,104.4808778181018,104.82845896639957,B
54,0,0,111.2405081175445,110.54567422933131,B
145,0,0,107.11112381817907,107.6310648143112,B
283,0,0,108.17755320621916,108.37920156722979,B
199,0,0,114.79033400059001,115.06324559534927,B
406,0,0,111.84022216944997,111.59445163488355,B
373,0,0,112.33351491256599,111.45750862316112,B
306,0,0,112.89895635697634,112.90264410197469,B
370,0,0,113.93885205879171,114.17291918833878,B
238,0,0,109.82678547508472,110.13687341271188,B
90,0,0,107.70943832810015,108.07219250428324,B
15,0,0,117.22807433665821,118.27268555686581,B
296,0,0,103.54613249422285,103.28570519932676,B
334,0,0,113.24103833549552,113.9760496518283,B
298,0,0,105.39477352613356,105.15823821995772,B
141,0,0,113.80901182937257,114.12182340431788,B
74,0,0,99.44923087606354,98.76344593349604,B
272,0,0,120.35599150686258,120.57107719280691,B
356,0,0,105.368854249035,104.52077735401433,B
78,0,0,114.79274891689249,114.3339986792502,B
278,0,0,115.14879315696302,115.75384372128033,B
362,0,0,112.4562440461673,111.61808793355019,B
297,0,0,113.6544944853184,114.45547289119311,B
153,0,0,110.61701789634705,110.09207441540946,B
218,0,0,113.69359709606323,114.14158463370214,B
383,0,0,114.57756430857506,114.65383655971746,B
60,0,0,115.13523517531998,115.09386261648513,B
325,0,0,100.59817348583931,100.7692490640675,B
411,0,0,110.30871675392814,108.64064255030934,B
6,0,0,107.3552369810221,106.90499827289642,B
1,0,0,102.01502187352074,102.14162744371122,B
308,0,0,114.14121166818194,115.3982829130737,B
144,0,0,106.48519551637277,106.08776648811548,B
212,0,0,112.22154388768031,112.52460733355139,B
268,0,0,110.20352655770918,109.42421269884998,B
132,0,0,113.62396521619257,114.27758615448684,B
234,0,0,110.70744959743631,111.5763543287485,B
276,0,0,98.00269263064763,97.56936569834727,B
190,0,0,112.7415947790078,112.82004526494627,B
65,0,0,110.07014333273715,110.01453978436436,B
179,0,0,107.47396819274215,107.10496485292863,B
124,0,0,109.89093663154812,109.88769658681777,B
134,0,0,110.60335760986294,110.98659006075754,B
186,0,0,111.78983210919392,111.29237133756973,B
49,0,0,104.76426362265809,104.59513669999731,B
52,0,0,113.78924549599122,113.46702549534751,B
26,0,0,118.82895286566378,119.31830955767316,B
45,0,0,99.95394674755802,98.37893963504176,B
135,0,0,113.80143023772298,113.01645717160872,B
4,0,0,108.35002984689757,108.62653666231535,B
247,0,0,110.00462835184581,109.56187032620767,B
366,0,0,111.6709691822057,111.8896906882788,B
122,0,0,103.48918572111205,103.4996301412652,B
229,0,0,109.91665206802482,109.77502467024489,B
5,0,0,109.80510378777012,109.87272108673932,B
176,0,0,122.0979671475466,122.94658968564426,B
307,0,0,101.72091031188612,101.51194751303468,B
100,0,0,106.44110747961788,105.74225518520072,B
7,0,0,114.2412158999983,114.57265363663747,B
22,0,0,107.35613300255218,107.0300595298461,B
68,0,0,111.27166559244387,111.23443044596364,B
301,0,1,110.68990791176807,110.40550324159524,B
20,0,1,105.63540275356588,106.4574361488656,B
302,0,1,112.99824128860638,112.4359664810751,B
142,0,1,107.78351315589066,107.97749595065775,B
14,0,1,103.83990411238491,104.9601394077907,B
280,0,1,104.1164576525685,104.0674482444023,B
102,0,1,118.17155987726058,117.69685457707506,B
236,0,1,116.92483701365444,115.44918578520026,B
113,0,1,101.6073132708459,102.23928383202447,B
75,0,1,110.47495912443493,110.90610852926227,B
64,0,1,111.00744094802748,109.98626339812442,B
55,0,1,112.53438953995308,112.59484402215475,B
249,0,1,109.98247503231208,110.45259755349278,B
345,0,1,111.16101563326492,110.66272701291972,B
245,0,1,112.30784068647017,112.51864469927365,B
154,0,1,122.84896402615573,121.09358998029585,B
355,0,1,108.64992198236314,109.00805386028624,B
385,0,1,116.21104988562308,115.20603085603541,B
271,0,1,104.15693654791095,105.04541744921814,B
219,0,1,118.31639271063966,117.71737542314739,B
392,0,1,118.59618209790864,117.17663917833835,B
348,0,1,120.86570559462422,120.42647346673022,B
208,0,1,117.44105721770465,116.91104643037504,B
56,0,1,110.11224485610545,109.98499272807216,B
8,0,1,117.45411685455329,116.89643668505178,B
311,0,1,106.89154484569325,106.79697953969774,B
155,0,1,109.3197234798034,109.26674509995911,B
158,0,1,110.78998540482648,110.81999653564957,B
225,0,1,119.72632157760374,119.03390190147289,B
274,0,1,107.14482014901829,107.5946570634575,B
157,0,1,115.74671902416362,115.35966988150571,B
106,0,1,108.32247774684105,108.38823434973946,B
261,0,1,112.2196855080841,112.62586079388953,B
63,0,1,107.75023273200088,108.04606870977416,B
264,0,1,109.23205287949999,109.35394494622525,B
168,0,1,120.69713204084908,119.74252274076397,B
294,0,1,111.76200228176307,111.49729807566192,B
352,0,1,111.7833542246195,111.27652519069116,B
81,0,1,116.7072905110973,115.91625959802978,B
107,0,1,107.1997459908795,107.15828624700697,B
361,0,1,116.99134639386484,116.28779741049547,B
408,0,1,101.77457932628782,103.79717877596096,B
293,0,1,111.34984435527076,110.80893988109422,B
96,0,1,105.79249569584167,106.72290726077703,B
400,0,1,106.86232754130518,106.65838198239125,B
89,0,1,107.05972048948058,107.05860581306109,B
232,0,1,114.34009638302099,113.63702158718863,B
191,0,1,106.94326236518376,107.16830791458509,B
254,0,1,109.87114914740903,109.78590106406544,B
300,0,1,106.44286761827203,107.73075623338369,B
92,0,1,115.6936635866955,115.0598166445827,B
239,0,1,106.57226780985174,106.9003061991003,B
194,0,1,107.94684364781347,107.88238564967182,B
377,0,1,100.63588900474895,101.22160009067763,B
159,0,1,112.42959877523103,111.47269562554298,B
206,0,1,103.12247442978446,104.06763292456863,B
66,0,1,104.97028973933892,106.51438379872097,B
317,0,1,106.34577713395791,106.81512307198152,B
175,0,1,110.80980366018686,110.63451203191839,B
140,0,1,108.46401769994728,108.89885914372965,B
101,0,1,107.35854289463218,108.42556246835116,B
407,0,1,110.91327077367677,110.28794721343934,B
205,0,1,115.62203199383931,115.17765509448772,B
379,0,1,108.4297522304607,108.58472461021816,B
17,0,1,114.10141521075786,113.34216454158432,B
146,0,1,106.04000196264545,105.94213253943187,B
171,0,1,111.40813119096661,111.74237516722438,B
217,0,1,118.65268726457049,116.69959335846121,B
30,0,1,110.11689764518412,110.65378524206886,B
114,0,1,103.17130205203914,103.62130351512042,B
253,0,1,118.45831964999141,117.40014461731774,B
103,0,1,104.3678332111929,105.0443543480257,B
196,0,1,109.3519843958015,108.98310306604418,B
349,0,1,121.67124424124847,120.36092143313348,B
322,0,1,110.66106982072239,111.22664321196396,B
116,0,1,108.59624676962281,108.88194065337697,B
342,0,1,101.95931743247696,102.27338748602423,B
120,0,1,110.5247739425105,110.42520867386469,B
405,0,1,122.45639261377846,121.05916096770022,B
112,0,1,108.98128944459124,108.05638181273598,B
231,0,1,116.22203126871027,115.36547629679319,B
136,0,1,120.06925078362026,118.82786687785219,B
286,0,1,122.19643574545678,120.80565742492699,B
126,0,2,95.24908299921239,96.29731764749847,B
200,0,2,114.46842820318005,112.90253657739258,B
310,0,2,114.4459497561086,114.58186964352785,B
315,0,2,115.6865645844679,113.95681898884278,B
133,0,2,120.81375545423043,119.80414217437301,B
33,0,2,111.59108588199106,111.4722510301319,B
390,0,2,106.13177313415886,106.17701309180718,B
162,0,2,102.59837038000576,103.84808132610831,B
34,0,2,102.85035073634944,105.41150039411376,B
250,0,2,100.58673248754899,102.42219350229439,B
97,0,2,109.34733171930415,111.46095859897387,B
85,0,2,110.0561465625548,110.29545761159775,B
61,0,2,116.43684011511488,116.51447797261437,B
167,0,2,106.8223225305145,105.90788882680022,B
173,0,2,124.16839539304274,121.73328479304246,B
221,0,2,107.33495285108057,109.36116635899563,B
402,0,2,121.0691428688358,120.24332630959395,B
403,0,2,112.21140458794486,112.22271319040918,B
246,0,2,117.8086512174892,116.94849485680615,B
303,0,2,117.61503431039283,118.94397726702485,B
108,0,2,109.03789341649488,111.52410401234508,B
316,0,2,106.84078427456296,107.0002641477914,B
46,0,2,107.56301872205458,110.69661715811122,B
332,0,2,109.19286972038208,108.6237415868165,B
389,0,2,108.00299738719373,108.37286987624225,B
240,0,2,110.01263743836853,110.89541403204746,B
73,0,2,102.34676677559125,107.32179278340104,B
137,0,2,104.3813058090393,106.43569421902525,B
393,0,2,103.97404218854248,105.63438719529738,B
220,0,2,119.91202457016263,118.06062042367941,B
224,0,2,120.60139449389833,120.3354748911464,B
29,0,2,116.43723033427125,117.30196413071465,B
181,0,2,118.10342329121247,116.2299772588958,B
299,0,2,113.86954975573136,113.19322507927603,B
281,0,2,118.13069317954549,118.41076698050205,B
51,0,2,118.48214674382362,116.54418812185429,B
340,0,2,119.26826487177146,117.85441719399941,B
364,0,2,105.13789551225923,107.63125374172579,B
27,0,2,119.89551119444644,120.41400289384796,B
2,0,2,116.40187536359761,115.95072026496044,B
233,0,2,116.73780592008198,116.90423315624327,B
156,0,2,117.4442567062689,116.78796287077836,B
354,0,2,109.37935774520639,109.82178223107339,B
388,0,2,113.81182540096646,113.0644777790603,B
346,0,2,118.3712711783357,118.41813307298996,B
138,0,2,115.6332169685995,116.94658292047417,B
252,0,2,120.78148589586279,120.63260153994077,B
235,0,2,115.75355035975402,115.99030155182635,B
375,0,2,113.91913596984477,113.80334175061162,B
289,0,2,117.3502590152892,117.24840565717133,B
215,0,2,101.77686720221206,103.22450965498898,B
319,0,2,102.19285954068326,105.4357375868795,B
255,0,2,121.06860518403411,117.91920275197072,B
214,0,2,112.22356798116483,112.23397265341438,B
35,0,2,118.29549432783261,119.01607742462562,B
204,0,2,116.3508861987367,115.64477461223436,B
282,0,2,110.33536237432618,111.6653114246725,B
210,0,2,110.74998382384504,112.39197313401709,B
67,0,2,112.16600162554397,113.01376874091281,B
24,0,2,108.65793722830811,110.20460477033579,B
401,0,2,110.41140045094025,111.56672315041966,B
216,0,2,112.01970533282119,112.6950402984858,B
44,0,2,108.48681918836525,108.92936938247928,B
118,0,2,112.58344688672665,114.90024745452983,B
223,0,2,108.12861307825115,107.54318469979707,B
129,0,2,109.39614044422733,113.55806812180242,B
93,0,2,119.3923062233292,118.71955499395317,B
111,0,2,115.6600803004829,116.26562933282102,B
166,0,2,115.6283618248348,115.54875565706004,B
372,0,2,104.10903365687277,104.97339312150669,B
326,0,2,111.81429923473164,110.76474964483799,B
284,0,2,100.06398640833865,100.4678969971491,B
40,0,2,110.0121225499086,110.09432987250841,B
18,0,2,111.63564188017429,110.5612324392282,B
295,0,2,119.6139370586935,119.48187211485583,B
79,0,2,108.39299554350146,108.68388459494726,B
344,0,2,114.37499484684827,113.17322719230265,B
353,0,2,108.20259377527834,110.33068527821945,B
71,0,2,106.2820489778465,106.25797688722152,B
13,0,2,116.89233502487653,117.55351448208461,B
350,0,2,115.52898048028021,114.31250457486166,B
213,0,2,113.07811458448062,113.67537086474175,B
397,0,3,118.59181902424888,118.59181902424888,A
339,0,3,110.80360424555457,110.80360424555457,A
228,0,3,108.43213175618239,108.43213175618239,A
160,0,3,107.51025139492549,107.51025139492549,A
104,0,3,105.14027010877854,105.14027010877854,A
161,0,3,109.4660629135331,109.4660629135331,A
83,0,3,105.81280407757158,105.81280407757158,A
189,0,3,117.96233336197113,117.96233336197113,A
409,0,3,105.78218728806152,105.78218728806152,A
387,0,3,113.91182158520152,113.91182158520152,A
110,0,3,108.40810782729172,108.40810782729172,A
149,0,3,113.88660360503778,113.88660360503778,A
152,0,3,112.43362820089702,112.43362820089702,A
16,0,3,115.51139951091815,115.51139951091815,A
327,0,3,109.72104746573527,109.72104746573527,A
109,0,3,108.94017070883109,108.94017070883109,A
360,0,3,107.37366095575666,107.37366095575666,A
139,0,3,117.3050885765253,117.3050885765253,A
237,0,3,106.69636878601355,106.69636878601355,A
260,0,3,121.84959308975776,121.84959308975776,A
331,0,3,108.98077811505438,108.98077811505438,A
248,0,3,113.06361486386444,113.06361486386444,A
320,0,3,103.05184944214358,103.05184944214358,A
19,0,3,105.4704814831596,105.4704814831596,A
269,0,3,106.80808296448446,106.80808296448446,A
226,0,3,112.31508712161305,112.31508712161305,A
318,0,3,113.15441681995743,113.15441681995743,A
3,0,3,113.48916420661678,113.48916420661678,A
287,0,3,110.83462747150266,110.83462747150266,A
125,0,3,113.65471278651924,113.65471278651924,A
77,0,3,113.2329086611984,113.2329086611984,A
184,0,3,107.57413342222937,107.57413342222937,A
312,0,3,110.0371568941541,110.0371568941541,A
391,0,3,111.44733794425653,111.44733794425653,A
275,0,3,119.34464990062392,119.34464990062392,A
358,0,3,113.2739969050246,113.2739969050246,A
182,0,3,107.16557373929294,107.16557373929294,A
368,0,3,107.79681892627876,107.79681892627876,A
80,0,3,103.42751335685841,103.42751335685841,A
258,0,3,111.08149183324778,111.08149183324778,A
11,0,3,113.71750490881746,113.71750490881746,A
309,0,3,108.9898014843586,108.9898014843586,A
86,0,3,113.82885703829038,113.82885703829038,A
266,0,3,108.87230822351776,108.87230822351776,A
36,0,3,106.09471923769026,106.09471923769026,A
394,0,3,107.13631246071031,107.13631246071031,A
58,0,3,113.9756537057947,113.9756537057947,A
41,0,3,111.04331979278794,111.04331979278794,A
270,0,3,115.00226801372042,115.00226801372042,A
50,0,3,114.79755311739939,114.79755311739939,A
209,0,3,107.52392257067173,107.52392257067173,A
329,0,3,110.20451931222186,110.20451931222186,A
328,0,3,121.7184456294892,121.7184456294892,A
343,0,3,113.10346339220942,113.10346339220942,A
123,0,3,112.90746144685241,112.90746144685241,A
222,0,3,112.8214312108822,112.8214312108822,A
62,0,3,116.60107341104816,116.60107341104816,A
313,0,3,109.07156733030305,109.07156733030305,A
130,0,3,117.90866942315535,117.90866942315535,A
187,0,3,114.30711371571707,114.30711371571707,A
23,0,3,102.95546719431186,102.95546719431186,A
43,0,3,113.02034346385929,113.02034346385929,A
0,0,3,114.50695129687507,114.50695129687507,A
201,0,3,112.67824396532816,112.67824396532816,A
351,0,3,103.68540212105378,103.68540212105378,A
98,0,3,118.19996255719242,118.19996255719242,A
304,0,3,106.77425372874218,106.77425372874218,A
399,0,3,111.65248105775196,111.65248105775196,A
178,0,3,112.93775615172854,112.93775615172854,A
256,0,3,115.62070516970081,115.62070516970081,A
94,0,3,109.77951012506522,109.77951012506522,A
381,0,3,110.60837428289278,110.60837428289278,A
95,0,3,111.52801991165677,111.52801991165677,A
363,0,3,116.18166910681407,116.18166910681407,A
169,0,3,105.5233919412031,105.5233919412031,A
69,0,3,113.18325563504244,113.18325563504244,A
305,0,3,113.27333277478077,113.27333277478077,A
48,0,3,109.25903970077391,109.25903970077391,A
207,0,3,114.11541472769572,114.11541472769572,A
279,0,3,103.26873958172405,103.26873958172405,A
227,0,3,109.27194008356122,109.27194008356122,A
148,0,3,108.10790901409341,108.10790901409341,A
143,0,4,119.83625618967636,119.7488122115213,B
180,0,4,103.01940713078825,103.22035423373838,B
131,0,4,105.55271815463608,105.84834212840026,B
369,0,4,114.44011404193353,114.72741248240337,B
410,0,4,111.23763045960177,110.58276504358739,B
262,0,4,114.39562782620472,115.19298562426695,B
324,0,4,106.89435127124091,107.82489263455967,B
203,0,4,112.14361433263899,111.7743819889294,B
84,0,4,113.87507121604379,114.14699365768749,B
121,0,4,104.92981235816882,104.94095883909037,B
357,0,4,111.22486686466854,111.17934914181006,B
378,0,4,116.0468251715078,116.14083435887171,B
91,0,4,107.29155086599822,106.93956931356803,B
82,0,4,113.01124802222594,113.04647970677891,B
267,0,4,112.64815714796632,112.45803315402462,B
119,0,4,100.826364511512,100.813627648322,B
291,0,4,118.8868341929477,119.41737924633937,B
57,0,4,119.48916370520041,119.30139286899838,B
321,0,4,106.58612705508529,106.42693619155597,B
257,0,4,114.90225109354239,114.16243716029284,B
367,0,4,113.23375767786438,114.23681842667666,B
42,0,4,105.57839412413303,105.75268737014751,B
105,0,4,104.88476287795321,104.53823225678426,B
380,0,4,114.80341127274788,114.78193089047262,B
273,0,4,112.4701858555725,113.29196008200645,B
365,0,4,109.91846943263573,109.64649399510238,B
38,0,4,105.71190830451084,105.87692429841783,B
53,0,4,116.27558028526381,116.00469892809416,B
404,0,4,107.30334338785082,107.99851537190276,B
128,0,4,106.60526140806775,107.11033725567856,B
290,0,4,101.97575699519682,101.46515502250656,B
28,0,4,108.81074237811733,108.78094913097769,B
183,0,4,109.35541641021108,109.81122163198727,B
163,0,4,111.4453297357689,110.60835528143959,B
151,0,4,113.98818287709578,113.84569761201016,B
244,0,4,103.82403154189898,103.58268621950214,B
202,0,4,115.8685640321082,114.76808746277905,B
31,0,4,115.26182119372938,115.05002636163613,B
32,0,4,117.72065666533202,118.0481345672234,B
127,0,4,115.82855848237733,116.3719670016727,B
185,0,4,111.52481354775865,112.12942963942855,B
384,0,4,104.1261930110677,104.03632809028079,B
288,0,4,106.17362714765783,105.92886893141777,B
374,0,4,106.04739667787521,105.80806369116208,B
147,0,4,107.99946488044674,107.89380881572605,B
285,0,4,112.69665293128396,111.9980741007698,B
382,0,4,104.722416630326,105.02705393797666,B
177,0,4,99.6458233937299,100.41800460939136,B
99,0,4,116.36971495987348,115.96331121250563,B
338,0,4,104.53842529472253,104.38864713087503,B
335,0,4,114.1229174459938,115.46905379366305,B
197,0,4,102.52589645253755,102.50192608223256,B
243,0,4,109.22241974391989,108.63556940726377,B
115,0,4,108.98799385912068,108.65032496800771,B
265,0,4,113.50746952463439,114.03502989606206,B
72,0,4,107.19231642873437,107.29808163120478,B
333,0,4,110.91717217211769,111.2068495440123,B
25,0,4,112.99501108175336,112.97575676522331,B
165,0,4,119.49605849374394,119.56546449874283,B
337,0,4,114.68189256217072,114.74085661771198,B
396,0,4,114.17194275675584,113.072498188664,B
174,0,4,107.21968624418821,107.64551128759956,B
398,0,4,107.99917040710392,108.08774065581153,B
39,0,4,121.11672015836602,121.72863141492877,B
193,0,4,110.63990061837299,111.07332553295436,B
314,0,4,115.34966373140284,115.8456836717479,B
88,0,4,108.83574706540662,109.04848446990901,B
70,0,4,109.28960990792848,109.8461789817487,B
87,0,4,119.09595169021812,119.63527207959082,B
292,0,4,115.49427434105085,115.68365227840883,B
242,0,4,114.14378705819539,114.18367452456434,B
277,0,4,108.42735398266694,108.08939403170666,B
211,0,4,102.5912861159539,102.08867185578889,B
9,0,4,117.23277698526914,116.80366407614333,B
359,0,4,107.71416668739433,106.8525054221104,B
195,0,4,114.83284016213919,115.51104371774923,B
251,0,4,109.79641309006126,109.3330970320608,B
323,0,4,114.17616582064413,113.76319413357454,B
192,0,4,110.05557977811338,110.52279285039238,B
117,0,4,117.34654923638458,117.63326007994709,B
47,0,4,110.4772519152653,111.38376453688721,B
172,0,4,111.06065801220211,111.25963907066243,B
258,1,0,114.94086008885151,116.02450627899071,B
29,1,0,112.16018525002654,111.82033309810156,B
187,1,0,114.74440677679374,115.65254385474586,B
293,1,0,109.92617499176103,105.01615039767435,B
261,1,0,110.55162964835361,100.49659825090697,B
197,1,0,109.6601504779482,106.42259320381794,B
358,1,0,113.66270986509925,112.90108807448796,B
218,1,0,114.52353933547835,116.15455109282175,B
242,1,0,115.31904423288498,115.30825416491967,B
211,1,0,103.87289353339617,98.37098500986247,B
274,1,0,107.57378274490918,110.10634047808767,B
102,1,0,113.41915194093644,114.42941671300267,B
284,1,0,102.37466025138406,103.28333777191384,B
387,1,0,116.57162224444087,112.53831640452677,B
324,1,0,106.34646234703357,111.634021443644,B
409,1,0,110.03625352334348,107.11206770943937,B
383,1,0,114.28439321256675,115.31846726342175,B
360,1,0,109.88744765127348,114.75930704365393,B
344,1,0,114.71147181843841,113.81619383742606,B
214,1,0,113.91315811989982,113.18849579444573,B
58,1,0,115.20941956180931,108.88295434103321,B
201,1,0,108.31893358717744,108.31788309836813,B
5,1,0,112.18753195469733,114.09137651419317,B
350,1,0,114.50475587131618,113.09379370057741,B
4,1,0,107.00783831050884,105.86615042556105,B
78,1,0,116.57395993372471,116.62872850372788,B
346,1,0,120.169409636995,122.72554010737738,B
394,1,0,107.22842377005469,107.7436508708276,B
173,1,0,118.05030584404548,120.72866612079844,B
119,1,0,102.79237635296244,99.7223569991416,B
62,1,0,114.04436031153736,106.74412895590561,B
17,1,0,115.35854443471374,112.55459573970623,B
339,1,0,113.97474284482942,109.20517571588621,B
392,1,0,115.14379232021912,115.97864033206156,B
368,1,0,109.7744476672469,107.92039433405859,B
90,1,0,105.20807241241027,104.01469722722533,B
330,1,0,115.80272886166176,120.45574945157853,B
186,1,0,114.57816152544558,111.07943978691623,B
6,1,0,109.75388526081608,112.94465004800168,B
372,1,0,108.42918482936437,110.79737796562188,B
208,1,0,118.23254151729287,120.3543661805827,B
250,1,0,104.85131611190549,103.86323741289924,B
67,1,0,115.2077171288954,112.05712257773324,B
290,1,0,106.27118273186136,101.33688736664064,B
101,1,0,112.38328068306035,111.89804939962897,B
179,1,0,115.3067209039672,116.21221285916391,B
146,1,0,109.84797635688514,106.70563032810477,B
132,1,0,117.35144127031742,120.97354703266544,B
204,1,0,117.19728659505499,120.2734424120025,B
174,1,0,103.22806347284848,105.35065219218043,B
81,1,0,116.24321752330741,118.65816061625185,B
296,1,0,101.66856660759137,99.77086154808302,B
93,1,0,117.99668250078165,118.79486669187142,B
189,1,0,118.66093015841005,121.14855700690393,B
300,1,0,108.26814902287033,109.68034755787043,B
388,1,0,112.4708838721794,114.79316266503076,B
95,1,0,111.09043233738046,113.59674923950277,B
395,1,0,112.45321015874303,115.78258750864539,B
267,1,0,107.93001990285677,106.66317351236736,B
65,1,0,111.26128089821698,112.920111265779,B
408,1,0,107.19568461493299,109.37445974294633,B
292,1,0,118.90978014397936,116.99820538184844,B
410,1,0,115.92783775655971,111.80182396752193,B
122,1,0,107.05362202463677,107.6852725137676,B
18,1,0,106.02658007057866,105.95878408431304,B
407,1,0,108.07189155071177,103.29508435146815,B
117,1,0,112.19201463228396,115.14836454149847,B
232,1,0,114.89386376344282,111.37017044665407,B
92,1,0,114.88503064916853,111.15023891792791,B
328,1,0,119.62060045006872,120.99843957171466,B
270,1,0,112.95774173883264,107.50666074675176,B
401,1,0,115.21596772634396,115.49210145705399,B
236,1,0,110.68029312426916,108.13524218687843,B
80,1,0,103.45176610191956,104.67831963784755,B
320,1,0,105.71156242610888,101.67806597794262,B
85,1,0,109.84426129829116,111.68446234706379,B
329,1,0,110.77434220149871,110.78650203306998,B
107,1,0,104.92175906107687,101.7677512229458,B
106,1,0,112.39620904320475,112.68129395101008,B
287,1,0,116.93414271612377,118.04266404905934,B
127,1,0,114.02049643317213,114.82443330193234,B
11,1,0,115.13028041307065,118.38882327149791,B
327,1,0,110.45844064083522,110.51379200603819,B
295,1,1,116.10461484044856,115.71643548430202,B
306,1,1,109.04933311301346,109.09715062422,B
41,1,1,104.31994030713352,105.55426369700609,B
305,1,1,111.69134491585652,110.04334433019719,B
139,1,1,117.69676103567423,116.46825004676973,B
238,1,1,106.10665991487792,107.59485761419828,B
159,1,1,115.70611948463907,111.6102924089742,B
23,1,1,102.65362155921056,104.5245426579142,B
309,1,1,107.57255601946578,108.69186199445176,B
13,1,1,116.4942562726205,115.41460132585959,B
213,1,1,116.30694288816886,114.54700054933483,B
61,1,1,111.85089247813181,111.32611380804212,B
161,1,1,107.96886866718717,107.77250325382215,B
225,1,1,120.5960476979077,119.04394748776714,B
39,1,1,122.07628580714514,118.47461425296392,B
361,1,1,120.16749974596277,116.9795555612932,B
257,1,1,108.68304508260886,110.16176287363709,B
366,1,1,113.91084581027378,110.97340330010503,B
403,1,1,108.90868145667001,110.82873711187763,B
318,1,1,116.28806231092608,113.90788196446138,B
349,1,1,120.2796709492824,118.05427479902878,B
333,1,1,110.75902801191705,112.37470551205966,B
289,1,1,112.45473650163864,112.35323992618655,B
310,1,1,107.1197144427855,106.66312678573661,B
323,1,1,109.60486886575454,108.66246599790705,B
180,1,1,105.50311354761277,106.14752216989925,B
268,1,1,104.29573750781049,107.33048479894195,B
272,1,1,116.71875845422053,114.005303289638,B
82,1,1,114.41332718534147,114.52051663981342,B
378,1,1,114.77658946072611,113.04742356659435,B
371,1,1,107.0965168381385,107.93257403929064,B
27,1,1,114.55538640564488,114.39837606273915,B
89,1,1,109.43292029513003,109.00242426203049,B
325,1,1,100.49749554308316,102.81349136306511,B
73,1,1,107.58737173984917,110.47965256946816,B
399,1,1,111.907935464045,111.32196159515097,B
271,1,1,101.32552000374633,103.13815089160607,B
362,1,1,112.15547446753602,111.45952485525518,B
227,1,1,109.71129399403819,110.111362893461,B
228,1,1,111.85057206438722,113.24966354298938,B
98,1,1,119.97750589167548,118.2197320835846,B
69,1,1,109.96111994957383,110.2591263061295,B
244,1,1,101.31628484633038,102.17400174867421,B
162,1,1,107.89971282474403,109.2128476854586,B
91,1,1,105.5334980564164,106.48448259401992,B
164,1,1,105.71199262317344,108.1461265758243,B
165,1,1,114.90529402195556,113.5115596365599,B
312,1,1,113.23819849064841,113.72922630793511,B
125,1,1,115.37412088965988,113.18525225261138,B
59,1,1,109.96113274321918,111.00774918347244,B
120,1,1,109.65293087208428,109.77788992723609,B
12,1,1,113.84372899990302,112.08895680510878,B
382,1,1,103.95541601447411,107.04759090775867,B
411,1,1,107.84025382680453,107.3929700499499,B
230,1,1,111.5935259711222,111.5964255593251,B
277,1,1,109.4536154487837,109.72015436129074,B
192,1,1,110.61079250888515,112.39225603231651,B
185,1,1,110.54816454928381,110.38280223291069,B
369,1,1,111.56099991920645,110.42477954737288,B
223,1,1,109.82411176129116,109.51983410818927,B
88,1,1,111.15278337174223,111.12855542051099,B
131,1,1,107.19784468443167,108.64095794287135,B
124,1,1,112.94687804677383,110.596579630659,B
256,1,1,115.36128349884532,114.43133794444518,B
14,1,1,104.7856307891522,107.22836690717934,B
171,1,1,111.00424892972384,112.30931126373608,B
123,1,1,109.92176094121166,109.84560166613666,B
138,1,1,114.55576183653703,114.93045019320482,B
111,1,1,108.75093008964868,110.55933227111737,B
51,1,1,113.6340196469258,112.52021310532817,B
112,1,1,106.8537651188771,105.0198612148348,B
9,1,1,119.07300092529107,116.54061090077474,B
355,1,1,107.93987916862596,107.92735526481104,B
16,1,1,115.40684159330583,114.14203363735925,B
285,1,1,111.93582926246444,111.89778228973188,B
0,1,1,113.23626709778674,112.23438815085686,B
105,1,1,106.4163384789519,107.08807454284793,B
314,1,1,117.23510125422717,117.15161046832337,B
224,1,1,114.52175170984009,113.82665945299055,B
351,1,1,107.91004508211303,108.58301433581366,B
70,1,1,106.27680010070479,107.88696906821957,B
38,1,1,106.58670401487387,106.69898286140699,B
150,1,1,117.61969319680261,115.14898539360175,B
229,1,2,114.1301561628348,114.1301561628348,A
163,1,2,114.08165289194017,114.08165289194017,A
167,1,2,102.9264536510797,102.9264536510797,A
172,1,2,109.32757628219345,109.32757628219345,A
376,1,2,110.9823680868727,110.9823680868727,A
389,1,2,113.98065390075926,113.98065390075926,A
145,1,2,104.23059843057385,104.23059843057385,A
286,1,2,113.61379363178287,113.61379363178287,A
42,1,2,111.08073665600512,111.08073665600512,A
160,1,2,108.61719667450609,108.61719667450609,A
245,1,2,117.16825616262571,117.16825616262571,A
298,1,2,106.60611422882083,106.60611422882083,A
233,1,2,113.38689912998043,113.38689912998043,A
207,1,2,115.44400700779474,115.44400700779474,A
404,1,2,113.43750026078678,113.43750026078678,A
191,1,2,111.3924084122625,111.3924084122625,A
341,1,2,111.98031596889342,111.98031596889342,A
294,1,2,107.44405051624668,107.44405051624668,A
381,1,2,107.6544535632772,107.6544535632772,A
147,1,2,113.71238020013209,113.71238020013209,A
353,1,2,107.45921427099702,107.45921427099702,A
100,1,2,109.63401133286018,109.63401133286018,A
34,1,2,108.57935932708767,108.57935932708767,A
188,1,2,113.00582675562424,113.00582675562424,A
110,1,2,113.06851476396714,113.06851476396714,A
175,1,2,109.78134108632806,109.78134108632806,A
53,1,2,119.41094153651224,119.41094153651224,A
135,1,2,113.80103991076953,113.80103991076953,A
385,1,2,113.66540368143916,113.66540368143916,A
154,1,2,115.70442627684382,115.70442627684382,A
19,1,2,104.82724151390539,104.82724151390539,A
142,1,2,102.11542165900082,102.11542165900082,A
158,1,2,105.58524009219144,105.58524009219144,A
386,1,2,104.4711034365199,104.4711034365199,A
44,1,2,110.0110616528505,110.0110616528505,A
365,1,2,112.64010298902008,112.64010298902008,A
251,1,2,114.17748861034445,114.17748861034445,A
260,1,2,125.62127735654155,125.62127735654155,A
108,1,2,115.33669347365503,115.33669347365503,A
356,1,2,101.86538998952724,101.86538998952724,A
169,1,2,105.73732290684934,105.73732290684934,A
79,1,2,103.77873274100556,103.77873274100556,A
398,1,2,109.28037386674023,109.28037386674023,A
249,1,2,111.5347699783753,111.5347699783753,A
84,1,2,113.39313234040817,113.39313234040817,A
8,1,2,111.76902444551783,111.76902444551783,A
222,1,2,111.56966456605066,111.56966456605066,A
99,1,2,115.92960775308646,115.92960775308646,A
359,1,2,105.08032704568173,105.08032704568173,A
340,1,2,111.84741679152808,111.84741679152808,A
331,1,2,107.12292579222046,107.12292579222046,A
28,1,2,105.83932266822077,105.83932266822077,A
31,1,2,116.51957565602775,116.51957565602775,A
304,1,2,108.39109226411126,108.39109226411126,A
55,1,2,111.51542892232887,111.51542892232887,A
332,1,2,105.99105614899662,105.99105614899662,A
32,1,2,119.12520367623574,119.12520367623574,A
283,1,2,114.95330810321083,114.95330810321083,A
48,1,2,111.65140591585282,111.65140591585282,A
342,1,2,101.38543553536218,101.38543553536218,A
348,1,2,121.01535102169949,121.01535102169949,A
291,1,2,107.79479691832324,107.79479691832324,A
33,1,2,109.68814783729233,109.68814783729233,A
221,1,2,104.9594025894856,104.9594025894856,A
275,1,2,117.46160719310032,117.46160719310032,A
35,1,2,118.2486525542369,118.2486525542369,A
343,1,2,109.7615593103412,109.7615593103412,A
63,1,2,111.17126055603501,111.17126055603501,A
157,1,2,109.92487948948515,109.92487948948515,A
128,1,2,116.03214116908367,116.03214116908367,A
46,1,2,108.0677698452368,108.0677698452368,A
247,1,2,113.24573954151019,113.24573954151019,A
66,1,2,104.92165230339228,104.92165230339228,A
375,1,2,116.87395506873321,116.87395506873321,A
347,1,2,112.9976794082377,112.9976794082377,A
246,1,2,115.12877717935399,115.12877717935399,A
234,1,2,106.93221139674343,106.93221139674343,A
391,1,2,117.49609409941954,117.49609409941954,A
402,1,2,115.7295127395917,115.7295127395917,A
334,1,2,114.68497591558543,114.68497591558543,A
45,1,2,109.64069635663827,109.64069635663827,A
206,1,2,107.90172698835997,107.90172698835997,A
168,1,3,117.50410198826333,118.28413024297117,B
322,1,3,114.65266777370358,112.15194259190712,B
47,1,3,105.67187450365344,112.34260965234849,B
113,1,3,112.69238044615972,108.46394740370788,B
177,1,3,98.54741182531353,101.32686166605406,B
219,1,3,114.97734975305735,116.62546971037841,B
315,1,3,115.9930408857057,113.02274565948173,B
40,1,3,103.81426956082265,108.10736202089748,B
21,1,3,117.76842429266573,116.19047202741237,B
248,1,3,113.07085477881662,115.11633254578237,B
199,1,3,113.04824333914961,112.60951306100856,B
137,1,3,99.8748711750352,101.99094515862302,B
24,1,3,111.97446421710781,111.85663210379722,B
184,1,3,109.58672628833031,110.8323953271386,B
205,1,3,116.74440089364747,117.51886575760487,B
134,1,3,112.01483039243801,113.67856234832806,B
116,1,3,113.87371931468033,115.25012533966849,B
212,1,3,113.20204178283593,114.78822717251623,B
373,1,3,102.50416799637651,104.46990986882494,B
354,1,3,106.58207516100626,107.09889134833361,B
273,1,3,113.29702325762074,112.02777612127409,B
231,1,3,110.48956894693761,111.66635023993845,B
217,1,3,120.66312359756708,117.02694726563564,B
56,1,3,107.57969548762418,107.78905169206111,B
326,1,3,110.01974248189363,108.50187683062768,B
303,1,3,119.80809267709574,115.72352800218721,B
307,1,3,102.9061537076542,104.46129341990542,B
181,1,3,112.62514640349727,112.23570765804254,B
97,1,3,108.50508430918691,112.09201465881813,B
114,1,3,100.09626229105501,100.30824780647686,B
278,1,3,110.811372067565,110.18104485291822,B
118,1,3,112.96878764699426,119.3997623947929,B
311,1,3,107.0035406967919,107.21355303772661,B
170,1,3,123.66178734552254,119.72865666512112,B
406,1,3,107.79615765670333,109.2024812267839,B
54,1,3,109.06820228319502,111.16587899016105,B
176,1,3,122.01595999912995,121.0053150635595,B
194,1,3,105.19393114919433,106.11719692941041,B
198,1,3,104.29930173326716,109.21172043354944,B
182,1,3,105.36274887742078,103.17455648399078,B
338,1,3,108.3433822505059,108.71397789172238,B
103,1,3,102.63419594381381,106.01395372259518,B
220,1,3,114.59343330809322,114.15976411452058,B
130,1,3,129.09642429749755,124.736067709837,B
299,1,3,117.9832387857347,116.22349928146004,B
60,1,3,122.68324228227111,116.46665830379851,B
94,1,3,115.97569237281353,114.16316802651438,B
193,1,3,112.88059613340437,113.54588892327438,B
140,1,3,108.66835569517383,109.85171528740065,B
148,1,3,108.0212748323572,106.47026535172222,B
202,1,3,110.92120823558187,109.29146035505224,B
152,1,3,121.07882080590402,121.07881252287623,B
337,1,3,121.70908016290831,116.9042566050915,B
10,1,3,118.59671412464797,120.28266980495022,B
269,1,3,106.97026838849257,106.78695559153181,B
96,1,3,102.50986623106672,103.24634965819426,B
210,1,3,99.34610708094482,104.78331578714673,B
240,1,3,109.83076108922381,112.4981242235009,B
57,1,3,127.67775175522009,125.42120545877594,B
301,1,3,112.32768324374233,110.80258309846086,B
377,1,3,99.72320140808245,100.28321001724731,B
36,1,3,99.1427797320111,99.68543898638602,B
370,1,3,115.17789739326615,114.42043026379687,B
20,1,3,98.5796995788074,103.44091154151633,B
364,1,3,106.9105500974558,108.75888666512373,B
75,1,3,111.21189920563909,112.73548804529786,B
200,1,3,112.96343484615798,112.58988350340832,B
77,1,3,112.39266829915503,114.40736881331934,B
263,1,3,120.51198296684204,115.36715607331814,B
405,1,3,128.03851951629795,124.31318866756135,B
149,1,3,119.38367267244253,117.36977928923895,B
363,1,3,111.5097144476354,110.87202005881221,B
2,1,3,111.59675908874846,113.2882627053913,B
52,1,3,105.06278233183733,109.61720396059361,B
262,1,3,113.9226819142801,115.15793311648287,B
253,1,3,121.71820205847953,118.50665877267045,B
259,1,3,106.68654173802496,105.43203260089038,B
321,1,3,110.43509531133358,109.22653946393775,B
183,1,3,116.75934719809771,110.34009390899426,B
151,1,3,114.43779950309457,112.87910740262049,B
374,1,3,101.97351662346294,103.30835762980738,B
302,1,3,115.3489693585905,115.51291113759669,B
190,1,4,113.4207516834549,116.18084578925917,B
74,1,4,96.77196326985221,91.41685307911303,B
243,1,4,112.67064643452294,112.3733320814259,B
397,1,4,113.55267952005734,111.25078122198656,B
87,1,4,120.11157741162924,123.11777703930267,B
239,1,4,108.52587071377809,108.12527726421334,B
143,1,4,114.606116728905,115.8387546720343,B
345,1,4,108.25551787442198,109.35611925250419,B
266,1,4,105.64800282398511,106.03960988459612,B
288,1,4,107.3138984613801,108.60294581177486,B
136,1,4,113.25451445865008,114.94489539979182,B
166,1,4,112.69041968027798,110.56300154453945,B
83,1,4,107.69327637776442,106.29285962293757,B
367,1,4,112.13236986562913,113.88541433225578,B
155,1,4,110.38207375294884,112.09387243556787,B
279,1,4,106.62354403071217,105.60943582030063,B
126,1,4,98.24461454708538,94.440454707035,B
195,1,4,114.34711929899933,118.0809777798768,B
265,1,4,113.17952408995788,113.21158423189547,B
380,1,4,111.50733837064652,112.01457220005389,B
104,1,4,101.90896443471135,100.18668861653161,B
153,1,4,108.15521643542512,105.37158260791546,B
282,1,4,110.99945404686409,110.75315555067456,B
226,1,4,118.67909899964661,115.54775962595595,B
25,1,4,115.74512523151603,115.45422665661764,B
196,1,4,109.23716307722921,109.84195768175977,B
64,1,4,110.72568503740588,112.66837675319462,B
15,1,4,116.1225114133837,119.01390054929126,B
297,1,4,112.31620186790745,116.02168903324299,B
109,1,4,110.0422398389722,106.91171575818055,B
336,1,4,102.9279816106118,103.33389767316729,B
308,1,4,113.13532321742082,115.53357481500248,B
26,1,4,119.87397460701001,121.93358664011532,B
76,1,4,112.99352646070574,115.14119377295197,B
43,1,4,114.40539493801884,115.54993484217411,B
280,1,4,102.33984813832957,103.59557030232114,B
3,1,4,114.48756121881407,116.41744067150705,B
379,1,4,106.34719000497736,108.49628021528048,B
49,1,4,102.96073687400063,102.29295141614888,B
400,1,4,104.18573786572361,103.3037141376268,B
30,1,4,106.11676665977805,103.41109183040692,B
121,1,4,107.68766346258357,109.16275951591707,B
115,1,4,108.07332956409452,105.2086179815073,B
384,1,4,100.90483889809889,98.58705382183382,B
216,1,4,109.20690024149044,110.72571310734085,B
264,1,4,111.72493039426274,114.95152109319045,B
209,1,4,108.24102065534848,107.2970733262164,B
316,1,4,106.34877575394225,106.44078583044676,B
1,1,4,104.18090939851017,105.43390931426953,B
313,1,4,108.0353194967436,106.98839544845524,B
22,1,4,111.5959164662861,110.38480900107339,B
317,1,4,106.4374640937015,103.88171436085506,B
319,1,4,105.14445792867272,104.7720930704082,B
7,1,4,115.20596406994602,115.41772601486703,B
141,1,4,115.0024364195301,116.22418662478927,B
86,1,4,114.09886021692668,114.21841616222044,B
352,1,4,113.7102947817182,118.41162616919834,B
241,1,4,104.65102358064478,104.99100569598616,B
215,1,4,106.42328854753396,103.8105938238632,B
68,1,4,114.52019129362303,116.82137703845041,B
50,1,4,107.2916881757943,105.91390484667784,B
156,1,4,116.4400685454724,117.3088981621151,B
252,1,4,118.4466373557751,119.52136037419993,B
357,1,4,108.39181080391552,106.04720969496307,B
254,1,4,110.91311454323596,112.59808981733181,B
276,1,4,102.85329961922756,105.00660413223835,B
178,1,4,112.5772813631942,112.12073652643676,B
281,1,4,116.79711497256984,118.14799188679407,B
390,1,4,108.51840872099612,104.66707758649412,B
237,1,4,110.9804022208877,109.90276245536211,B
71,1,4,105.63126023083689,103.94072087700275,B
129,1,4,111.07280214661066,106.77583929330743,B
144,1,4,109.94255414621631,110.11530569050883,B
335,1,4,112.39677153182805,118.01550890114467,B
133,1,4,115.53625482484642,115.90730939865153,B
203,1,4,108.42134930970181,107.69582983761546,B
393,1,4,106.63556251922854,105.52637721964845,B
255,1,4,115.73063714988609,118.73804443040888,B
72,1,4,108.29755979806777,110.74625559050273,B
396,1,4,112.6647186717905,111.99894256857469,B
235,1,4,111.57388328729851,113.08038359407495,B
37,1,4,115.5978843605366,112.78663699399105,B
241,2,0,101.1817368654916,101.1817368654916,A
410,2,0,118.53118240564123,118.53118240564123,A
178,2,0,112.54521379529794,112.54521379529794,A
320,2,0,99.61927892444812,99.61927892444812,A
173,2,0,117.14266463391724,117.14266463391724,A
175,2,0,115.87810085639491,115.87810085639491,A
397,2,0,114.50818214171746,114.50818214171746,A
264,2,0,115.59462259215591,115.59462259215591,A
199,2,0,107.63311303181496,107.63311303181496,A
230,2,0,113.35763307319603,113.35763307319603,A
20,2,0,101.17235029980887,101.17235029980887,A
394,2,0,101.05586305022895,101.05586305022895,A
186,2,0,117.29179981035185,117.29179981035185,A
409,2,0,108.40029295655984,108.40029295655984,A
32,2,0,124.20115200811308,124.20115200811308,A
55,2,0,97.22470159873657,97.22470159873657,A
70,2,0,112.67520197872096,112.67520197872096,A
385,2,0,117.76463494316886,117.76463494316886,A
367,2,0,112.71489536182456,112.71489536182456,A
94,2,0,107.33966506594709,107.33966506594709,A
342,2,0,104.90982750810508,104.90982750810508,A
189,2,0,122.0018574248866,122.0018574248866,A
67,2,0,111.25297655581743,111.25297655581743,A
317,2,0,102.44505915347783,102.44505915347783,A
275,2,0,118.08727683946981,118.08727683946981,A
69,2,0,103.81578829862494,103.81578829862494,A
268,2,0,105.97954932606567,105.97954932606567,A
53,2,0,118.33367537393376,118.33367537393376,A
114,2,0,99.51255594547747,99.51255594547747,A
333,2,0,111.70884866549378,111.70884866549378,A
84,2,0,117.27405162388287,117.27405162388287,A
169,2,0,98.0296608762973,98.0296608762973,A
350,2,0,115.83052112004475,115.83052112004475,A
286,2,0,129.17272483580615,129.17272483580615,A
2,2,0,108.08408950468686,108.08408950468686,A
25,2,0,110.78343554632315,110.78343554632315,A
172,2,0,109.91512300486218,109.91512300486218,A
141,2,0,113.53891921503637,113.53891921503637,A
176,2,0,126.23880368746981,126.23880368746981,A
200,2,0,112.00474689362764,112.00474689362764,A
24,2,0,109.35169585377918,109.35169585377918,A
327,2,0,110.06630577277313,110.06630577277313,A
330,2,0,112.31860891275377,112.31860891275377,A
7,2,0,123.78356980403342,123.78356980403342,A
77,2,0,110.76586349099982,110.76586349099982,A
279,2,0,101.97524714746802,101.97524714746802,A
258,2,0,105.4075360488163,105.4075360488163,A
379,2,0,107.67880126023616,107.67880126023616,A
28,2,0,103.24555701087301,103.24555701087301,A
182,2,0,107.30368148504894,107.30368148504894,A
142,2,0,104.4835837897017,104.4835837897017,A
301,2,0,111.84753271158569,111.84753271158569,A
312,2,0,106.65181785470699,106.65181785470699,A
147,2,0,103.94649719773328,103.94649719773328,A
89,2,0,107.11591281257398,107.11591281257398,A
163,2,0,114.50206317493569,114.50206317493569,A
119,2,0,89.90059111218261,89.90059111218261,A
305,2,0,106.92149447793665,106.92149447793665,A
100,2,0,104.54680329719665,104.54680329719665,A
267,2,0,115.92765888787325,115.92765888787325,A
365,2,0,105.36858718944636,105.36858718944636,A
217,2,0,123.40907952905819,123.40907952905819,A
337,2,0,128.29947793683647,128.29947793683647,A
290,2,0,98.59252407176439,98.59252407176439,A
174,2,0,107.80039627238148,107.80039627238148,A
160,2,0,104.35085648725001,104.35085648725001,A
37,2,0,120.3767715529622,120.3767715529622,A
265,2,0,109.8769749633576,109.8769749633576,A
377,2,0,100.37753669526829,100.37753669526829,A
159,2,0,119.31094224775191,119.31094224775191,A
30,2,0,106.67897387065338,106.67897387065338,A
150,2,0,128.18634439199943,128.18634439199943,A
68,2,0,108.91879189953228,108.91879189953228,A
382,2,0,102.47019876549383,102.47019876549383,A
198,2,0,106.07706183858613,106.07706183858613,A
357,2,0,107.42210458412507,107.42210458412507,A
17,2,0,116.69561081689454,116.69561081689454,A
356,2,0,104.45203974259344,104.45203974259344,A
190,2,0,106.83947221361751,106.83947221361751,A
371,2,0,102.92182897270675,102.92182897270675,A
282,2,0,103.507256655512,103.507256655512,A
307,2,0,97.50348065435406,97.50348065435406,A
243,2,0,108.32601574472477,108.32601574472477,A
41,2,1,110.56660655705208,113.51623945126546,B
157,2,1,115.82036321310893,115.52385099972682,B
237,2,1,113.47997047607873,110.06997228555275,B
205,2,1,118.53883825299185,117.40560135294126,B
373,2,1,112.71336515055174,109.03407170045375,B
274,2,1,109.855353167928,106.10790202974465,B
65,2,1,114.94321896171971,115.01374612753405,B
188,2,1,113.45038922293281,116.7330970592984,B
346,2,1,122.95484622239488,126.24219901985936,B
212,2,1,112.4826277071609,115.94800511621284,B
214,2,1,112.05169213176949,112.86459799234686,B
222,2,1,112.0477438202515,114.55695529482287,B
204,2,1,109.34674206723571,111.18811307326922,B
256,2,1,116.6385839003127,116.432249770691,B
3,2,1,114.88731274584934,118.83397128673097,B
400,2,1,107.07803158678135,104.44569480034848,B
165,2,1,114.1309771660923,115.46166814384273,B
321,2,1,106.73344422868354,104.12343162193946,B
42,2,1,101.94947734879415,99.28488887036951,B
280,2,1,105.98672267247827,108.41597562305361,B
10,2,1,117.25687264356637,121.77545504544311,B
193,2,1,113.26020628043374,115.60686030325537,B
297,2,1,110.9172000294309,112.8214592267187,B
131,2,1,104.98272510708736,100.91004887265834,B
284,2,1,100.44391074682608,100.63799117858977,B
66,2,1,105.13024008447752,111.27744589341125,B
223,2,1,109.11107658692993,108.12776420167827,B
283,2,1,112.04173371736046,111.31700254584614,B
109,2,1,106.80952887421014,102.35613850643256,B
215,2,1,102.98390676586018,101.21362735602682,B
146,2,1,105.45716007327549,103.93532258716212,B
12,2,1,110.80131953205478,109.09950878428073,B
13,2,1,114.29991737882838,112.54787298086242,B
253,2,1,118.11340638888221,115.71967597382388,B
315,2,1,110.26864385540253,109.07220944042822,B
318,2,1,114.66235036465004,112.94137022435689,B
194,2,1,108.89207971367883,105.74286058808121,B
161,2,1,111.49730464445332,108.34376320394227,B
344,2,1,120.46017333058425,119.04809501515288,B
29,2,1,114.26653607084484,112.40595196443354,B
129,2,1,106.77053488770241,109.22504688438934,B
389,2,1,107.66654617707586,106.18378412398854,B
209,2,1,107.2660555697393,106.47788089833415,B
227,2,1,112.43206929540045,119.1885941929786,B
192,2,1,113.66964513526486,116.40059122906996,B
108,2,1,110.77106441490308,112.02854203679999,B
240,2,1,112.37946346673967,112.02341929137049,B
179,2,1,107.77068882215849,107.12919006191642,B
35,2,1,117.49288919125348,114.92078401923384,B
181,2,1,108.72897755617491,108.19360859951777,B
99,2,1,114.57230693277393,110.92611299559252,B
244,2,1,104.05765477019358,102.57736501253163,B
112,2,1,111.16019515372396,110.04202471386267,B
216,2,1,110.27173255096588,114.02296095183013,B
128,2,1,109.88580539981342,111.00541224988297,B
335,2,1,111.72871027952306,117.17363628507881,B
372,2,1,104.88136446648846,107.19058429412578,B
277,2,1,107.41343624520819,102.43509490292763,B
303,2,1,121.44262502077713,120.97596890639664,B
170,2,1,111.89656684497777,114.79905904376409,B
98,2,1,123.40389916160125,127.09146049504275,B
118,2,1,114.17374293552193,120.94603263029683,B
348,2,1,123.90207596476634,124.99067014389829,B
399,2,1,111.7942253072832,112.55498696131805,B
180,2,1,104.93328446498936,101.83840606126083,B
221,2,1,104.42461172522403,107.41128751468858,B
60,2,1,112.45483569552962,110.03438766584074,B
291,2,1,111.22451788956727,113.61771393461491,B
306,2,1,112.3892941260599,114.17958974473426,B
151,2,1,116.49359794699794,112.97627799796643,B
11,2,1,116.93830290621752,121.78345766031987,B
276,2,1,99.4451005860369,97.93228628524923,B
309,2,1,108.61145939044741,106.9742390981682,B
203,2,1,109.99201829759258,109.35123631220316,B
341,2,1,119.78462515840144,126.04307898589084,B
126,2,1,100.66310000700722,95.95519049475433,B
127,2,1,116.19505217957196,117.15017931259084,B
57,2,1,124.04804536568234,123.57064404994617,B
281,2,1,116.74760117919071,117.99725647428508,B
345,2,1,110.51665873701302,112.94569766866076,B
314,2,1,114.406087371364,115.99771319250792,B
74,2,1,102.97452302439697,100.77139123009958,B
106,2,1,107.72076566605041,106.66636460612574,B
91,2,2,106.72094747948728,106.72094747948728,A
376,2,2,113.28357654510442,113.28357654510442,A
334,2,2,115.51403878423984,115.51403878423984,A
183,2,2,110.80691119718362,110.80691119718362,A
23,2,2,102.05279973397565,102.05279973397565,A
236,2,2,116.79048038922127,116.79048038922127,A
259,2,2,105.91197449405058,105.91197449405058,A
1,2,2,105.20114682187649,105.20114682187649,A
310,2,2,110.95300530235679,110.95300530235679,A
39,2,2,128.73428745514553,128.73428745514553,A
111,2,2,115.96198581960164,115.96198581960164,A
266,2,2,104.7360685128265,104.7360685128265,A
403,2,2,109.61567405665694,109.61567405665694,A
54,2,2,114.3536285262033,114.3536285262033,A
4,2,2,103.83329902803918,103.83329902803918,A
104,2,2,103.59576708610668,103.59576708610668,A
269,2,2,106.08951786872522,106.08951786872522,A
164,2,2,105.72377895633448,105.72377895633448,A
105,2,2,104.79900084755286,104.79900084755286,A
85,2,2,107.89692111832622,107.89692111832622,A
405,2,2,123.98333628815224,123.98333628815224,A
355,2,2,112.39670711626044,112.39670711626044,A
171,2,2,113.45239989878473,113.45239989878473,A
225,2,2,123.75312675039397,123.75312675039397,A
152,2,2,117.6517486744259,117.6517486744259,A
166,2,2,117.07547977545283,117.07547977545283,A
6,2,2,105.11910597217465,105.11910597217465,A
329,2,2,105.18527676653696,105.18527676653696,A
336,2,2,96.03376235111222,96.03376235111222,A
156,2,2,118.33748866879486,118.33748866879486,A
235,2,2,114.90744830014476,114.90744830014476,A
82,2,2,118.281335368802,118.281335368802,A
352,2,2,113.40041776082226,113.40041776082226,A
71,2,2,107.0738397347153,107.0738397347153,A
358,2,2,109.24296843849365,109.24296843849365,A
384,2,2,103.94899109755073,103.94899109755073,A
87,2,2,119.17436279472031,119.17436279472031,A
226,2,2,112.74608313763392,112.74608313763392,A
64,2,2,111.62763777861744,111.62763777861744,A
14,2,2,104.6253501831585,104.6253501831585,A
228,2,2,105.3755291564013,105.3755291564013,A
386,2,2,101.88214404366904,101.88214404366904,A
18,2,2,111.72276284028942,111.72276284028942,A
343,2,2,111.44193305423788,111.44193305423788,A
294,2,2,113.26058441581736,113.26058441581736,A
332,2,2,109.1631802160999,109.1631802160999,A
153,2,2,105.40970018013275,105.40970018013275,A
328,2,2,121.12372805853141,121.12372805853141,A
103,2,2,109.72013620187991,109.72013620187991,A
354,2,2,109.44343461044994,109.44343461044994,A
154,2,2,121.92103583058343,121.92103583058343,A
304,2,2,106.51098910319163,106.51098910319163,A
120,2,2,112.14771580155102,112.14771580155102,A
370,2,2,114.52543566943731,114.52543566943731,A
270,2,2,116.67386218613906,116.67386218613906,A
144,2,2,107.81977561327562,107.81977561327562,A
347,2,2,114.39148979748418,114.39148979748418,A
44,2,2,106.52274862131516,106.52274862131516,A
113,2,2,105.96722604198037,105.96722604198037,A
134,2,2,109.92499487295369,109.92499487295369,A
220,2,2,110.42970382271034,110.42970382271034,A
140,2,2,109.5198521927115,109.5198521927115,A
93,2,2,115.39821986634708,115.39821986634708,A
101,2,2,107.24934551126691,107.24934551126691,A
210,2,2,108.68246202985728,108.68246202985728,A
133,2,2,118.32477294075338,118.32477294075338,A
5,2,2,110.27534542668876,110.27534542668876,A
262,2,2,115.35474924561129,115.35474924561129,A
130,2,2,116.40618981823954,116.40618981823954,A
79,2,2,112.49180907751338,112.49180907751338,A
391,2,2,110.59051035206976,110.59051035206976,A
155,2,2,111.3436830488309,111.3436830488309,A
115,2,2,107.21603913207586,107.21603913207586,A
278,2,2,110.76920698718638,110.76920698718638,A
289,2,2,107.9317155825309,107.9317155825309,A
117,2,2,121.08571898307564,121.08571898307564,A
206,2,2,104.45077805690921,104.45077805690921,A
395,2,2,114.26639453668795,114.26639453668795,A
361,2,2,120.1839117297378,120.1839117297378,A
184,2,2,107.32206685231371,107.32206685231371,A
261,2,2,108.3151603570522,108.3151603570522,A
390,2,2,108.10456851288764,108.10456851288764,A
40,2,3,112.2715890155409,112.16356120707425,B
404,2,3,112.89485723504026,112.90440329870061,B
90,2,3,107.50891620035424,107.5248122462242,B
251,2,3,113.07486509904535,113.06374991501724,B
353,2,3,110.37737088139332,110.38567906220652,B
231,2,3,110.73622430074354,110.74757814877557,B
232,2,3,112.7464203672849,112.72929322194993,B
392,2,3,113.77642554129774,113.82339148828996,B
242,2,3,112.83367069494275,112.85019099251708,B
322,2,3,109.53457444945055,109.67957159937325,B
9,2,3,118.73511744518818,118.7405232364408,B
45,2,3,109.72739221158271,109.5095290761931,B
285,2,3,112.94936260728922,112.87507185740856,B
338,2,3,107.73232309886552,107.61521922521003,B
408,2,3,109.93853021833036,109.89694476462057,B
36,2,3,108.29735339574911,108.13441196061534,B
48,2,3,112.63485813602969,112.59983994796035,B
145,2,3,106.41867377858415,106.53815174698633,B
122,2,3,107.86469230703766,107.6832439367375,B
393,2,3,108.8151223759536,108.76910760658107,B
313,2,3,109.19572727830688,109.16851796513794,B
300,2,3,109.98470752013348,109.88901882493676,B
197,2,3,107.76455946939929,107.66125320476006,B
257,2,3,114.9852708954307,114.99008755006915,B
139,2,3,114.6843937371207,114.76291424992745,B
378,2,3,115.64382494969236,115.6985407117129,B
339,2,3,113.60078272007847,113.52356301447955,B
107,2,3,108.73632161421686,108.68268206276755,B
8,2,3,112.95077539730664,112.9752597962159,B
331,2,3,113.4101392342776,113.2187220662973,B
387,2,3,113.88732459443361,113.76912807101425,B
374,2,3,106.66990481362124,106.63058495866115,B
191,2,3,111.04448477419206,110.91953464535437,B
234,2,3,110.91316364727072,110.9565769728244,B
21,2,3,111.04037843076905,111.04809237592843,B
383,2,3,116.3564649265818,116.41870200240876,B
272,2,3,112.86033291643997,113.00599425488079,B
402,2,3,115.65586015695172,115.65777192437889,B
298,2,3,109.3354766000388,109.31526036552954,B
78,2,3,115.22024413806913,115.36418862566846,B
46,2,3,109.81004528643359,109.81892400763934,B
388,2,3,110.15916157670598,110.07233604775622,B
340,2,3,114.78093766943032,114.87981229761394,B
369,2,3,111.32647152057204,111.30664606178294,B
219,2,3,116.88795998181386,116.89125368779851,B
364,2,3,108.34630199257963,108.26480151333986,B
249,2,3,111.03098085492547,111.05657817104122,B
135,2,3,113.02644212663884,112.88017993466994,B
201,2,3,108.97977794324873,109.00721592798371,B
368,2,3,109.68994216161138,109.56824130223305,B
110,2,3,110.45567801622688,110.50342798199594,B
401,2,3,113.1544327955424,113.08103691118302,B
63,2,3,106.38583011914729,106.40865624153841,B
292,2,3,115.09890292661086,115.10121569402367,B
92,2,3,110.91019971161442,110.96631123899985,B
245,2,3,111.08000914383362,111.2961490654007,B
62,2,3,114.4348935358082,114.26212559349766,B
0,2,3,110.53332758542359,110.5788818343759,B
27,2,3,112.64040773186012,112.80197676516994,B
381,2,3,111.95060014443847,111.87952174683112,B
250,2,3,106.65491306484407,106.43771117052208,B
177,2,3,107.28007782887724,107.35714404865239,B
187,2,3,114.4459419873346,114.42745298873616,B
148,2,3,111.08597984992683,110.95535508682744,B
239,2,3,107.9078078575838,107.85066457644498,B
362,2,3,112.1527722796244,111.94567376439036,B
349,2,3,115.49714523697648,115.59589125677431,B
158,2,3,109.48636640590662,109.27570966652459,B
143,2,3,110.76294411039353,110.67823807457792,B
273,2,3,113.79060305020275,113.93879907365715,B
59,2,3,111.4156571298582,111.54486420242115,B
202,2,3,113.48422165853123,113.39422417511058,B
208,2,3,113.11666080462649,113.15153908940634,B
375,2,3,117.52001131226733,117.40874323394293,B
149,2,3,113.51821354525401,113.40994180767433,B
123,2,3,111.23291488266204,111.23137757228993,B
311,2,3,107.41883281134936,107.41332811430533,B
16,2,3,112.7525215562271,112.78878291248682,B
224,2,3,115.06174375129403,115.06235291735906,B
366,2,3,111.1021493904459,111.05340678040625,B
229,2,3,112.46256712166378,112.4079466653738,B
308,2,3,115.38953657955977,115.55722818404995,B
407,2,4,109.71722084702299,109.71722084702299,A
97,2,4,109.5679107746802,109.5679107746802,A
125,2,4,111.08134118490698,111.08134118490698,A
61,2,4,116.10318229545149,116.10318229545149,A
81,2,4,113.49372354726441,113.49372354726441,A
411,2,4,111.73822454399692,111.73822454399692,A
324,2,4,102.97280846668309,102.97280846668309,A
56,2,4,105.95410408831117,105.95410408831117,A
19,2,4,100.46102570239671,100.46102570239671,A
86,2,4,113.16473720734,113.16473720734,A
326,2,4,104.1561677107945,104.1561677107945,A
246,2,4,114.42697001498445,114.42697001498445,A
137,2,4,109.00418168202432,109.00418168202432,A
316,2,4,111.25053566141949,111.25053566141949,A
34,2,4,106.88220201825268,106.88220201825268,A
296,2,4,104.83885259572477,104.83885259572477,A
138,2,4,114.55822884847225,114.55822884847225,A
254,2,4,109.60650724831693,109.60650724831693,A
76,2,4,112.06581420715031,112.06581420715031,A
26,2,4,117.91976074397678,117.91976074397678,A
288,2,4,106.73846318279277,106.73846318279277,A
43,2,4,113.95823374037843,113.95823374037843,A
96,2,4,109.36993847080595,109.36993847080595,A
83,2,4,106.68993852485848,106.68993852485848,A
252,2,4,119.41975987823363,119.41975987823363,A
185,2,4,107.79228335321744,107.79228335321744,A
73,2,4,108.41994618312808,108.41994618312808,A
248,2,4,109.21141545419137,109.21141545419137,A
247,2,4,114.41948914323363,114.41948914323363,A
233,2,4,113.89696525931691,113.89696525931691,A
271,2,4,105.8958559448768,105.8958559448768,A
136,2,4,112.39695755566066,112.39695755566066,A
295,2,4,114.89144434160097,114.89144434160097,A
49,2,4,106.38048556977947,106.38048556977947,A
207,2,4,118.12130428779862,118.12130428779862,A
398,2,4,109.92815224430248,109.92815224430248,A
396,2,4,114.91693010696515,114.91693010696515,A
132,2,4,115.06391627040799,115.06391627040799,A
50,2,4,112.53604510274263,112.53604510274263,A
238,2,4,110.74047408957446,110.74047408957446,A
52,2,4,114.86107350821342,114.86107350821342,A
80,2,4,102.35522581464313,102.35522581464313,A
31,2,4,115.50534873291402,115.50534873291402,A
121,2,4,104.88601797667278,104.88601797667278,A
211,2,4,103.21495674986593,103.21495674986593,A
351,2,4,104.40717574052499,104.40717574052499,A
302,2,4,113.4669501478725,113.4669501478725,A
196,2,4,108.4856594593674,108.4856594593674,A
88,2,4,110.27831318326668,110.27831318326668,A
325,2,4,104.72007807907084,104.72007807907084,A
323,2,4,108.90204357242987,108.90204357242987,A
255,2,4,111.01329263921596,111.01329263921596,A
380,2,4,115.74882729401017,115.74882729401017,A
58,2,4,111.72933279680575,111.72933279680575,A
33,2,4,112.02260184483225,112.02260184483225,A
38,2,4,102.43843433234125,102.43843433234125,A
359,2,4,106.95357685654841,106.95357685654841,A
51,2,4,112.66586708927122,112.66586708927122,A
363,2,4,116.23165805785273,116.23165805785273,A
260,2,4,124.06722134129191,124.06722134129191,A
102,2,4,116.28813189758472,116.28813189758472,A
195,2,4,114.98463357910654,114.98463357910654,A
167,2,4,104.02167198653774,104.02167198653774,A
293,2,4,108.69289892964298,108.69289892964298,A
116,2,4,111.80172410514061,111.80172410514061,A
124,2,4,110.70680762982437,110.70680762982437,A
218,2,4,117.11152568012966,117.11152568012966,A
287,2,4,112.87922425180525,112.87922425180525,A
319,2,4,106.00465618865576,106.00465618865576,A
47,2,4,114.70321596619974,114.70321596619974,A
213,2,4,112.77116096802543,112.77116096802543,A
406,2,4,113.21172111203052,113.21172111203052,A
95,2,4,112.00209934095935,112.00209934095935,A
162,2,4,106.9361739968125,106.9361739968125,A
263,2,4,107.01410465760316,107.01410465760316,A
360,2,4,103.55702997464473,103.55702997464473,A
75,2,4,116.06366336144157,116.06366336144157,A
299,2,4,114.37169721419335,114.37169721419335,A
22,2,4,115.19582742746798,115.19582742746798,A
72,2,4,111.79911027529681,111.79911027529681,A
15,2,4,113.96565628797254,113.96565628797254,A
168,2,4,117.25146141674335,117.25146141674335,A
146,3,0,105.14879281493607,106.00813896548486,B
391,3,0,114.28341508244563,115.83756474928065,B
303,3,0,116.04048063505562,111.74540726775956,B
102,3,0,117.83976779439891,113.32078705694886,B
193,3,0,108.38239964926734,107.89333181790926,B
15,3,0,116.99017691114696,115.56989847867538,B
254,3,0,109.2139299049869,110.0783751735687,B
304,3,0,106.4111907440489,106.93168829534109,B
16,3,0,116.43638170421434,115.42240066293053,B
330,3,0,115.66115558980684,115.02336003005725,B
376,3,0,112.31066804587084,111.85750058992195,B
88,3,0,109.30479386025996,110.76538672448878,B
61,3,0,116.16082957597746,115.72422808767142,B
270,3,0,113.18451645131704,113.07512631335199,B
155,3,0,107.32954484871156,106.87047670167343,B
114,3,0,106.57893365036928,108.81145475096855,B
356,3,0,105.57115871591076,107.5882278290965,B
238,3,0,111.98004183031802,112.63021585884272,B
284,3,0,99.60513332270071,102.78911463833938,B
390,3,0,105.32903197048981,107.11934515189495,B
101,3,0,113.55766736247497,116.24299300912652,B
294,3,0,105.6784986139032,107.66462587480504,B
191,3,0,108.573697605468,109.98897761551942,B
83,3,0,108.40186645856281,109.55797105529433,B
105,3,0,105.77126984169992,107.89308873052677,B
268,3,0,112.92498021006077,115.56585008827423,B
153,3,0,114.56316390113687,114.62181208983382,B
127,3,0,116.20976043166729,113.85725228579108,B
411,3,0,114.18266981772427,113.52245905265457,B
126,3,0,100.06747063634401,102.48932587934793,B
324,3,0,110.03658143523178,112.18732039336315,B
196,3,0,109.80486749875067,106.11884957212376,B
403,3,0,108.44830011584794,109.63061528901153,B
73,3,0,108.209209149242,112.78183306943862,B
142,3,0,103.86958208655585,104.49757718365845,B
190,3,0,114.13072489777866,111.90303263549322,B
251,3,0,113.33218784402297,111.33690962554758,B
123,3,0,114.21377230853346,111.11649616261529,B
116,3,0,108.7149519038276,112.75055497235151,B
56,3,0,109.41028759879222,108.26773698105272,B
67,3,0,114.84274152521655,113.28396874255338,B
371,3,0,108.74340568227638,110.73196464516354,B
393,3,0,107.02025997840235,110.44964504337088,B
305,3,0,110.50846325363958,107.58868849543997,B
128,3,0,112.48808351908554,113.60127062771659,B
334,3,0,112.90479482080002,112.02703750162496,B
24,3,0,104.6865580864049,106.49666821211424,B
348,3,0,119.68372470397327,115.81641090584252,B
40,3,0,108.68781362230999,107.9103495915721,B
233,3,0,115.24218664575636,114.18477296572499,B
27,3,0,117.50058535533984,116.80166798976896,B
31,3,0,112.79447998957056,110.77663322588693,B
333,3,0,112.47106137530145,112.21485218711852,B
306,3,0,112.00891035037188,111.51917733926268,B
98,3,0,119.6565795103346,115.01443614030481,B
247,3,0,115.70962848430516,116.82427153697053,B
375,3,0,116.82721861169935,115.57757359472092,B
265,3,0,110.38820472562719,112.3676000753805,B
236,3,0,114.99320737049892,110.5639895139849,B
282,3,0,114.496486888025,116.4787820943564,B
288,3,0,108.49746889070371,108.71898766956988,B
66,3,0,105.27233161384521,109.12874747006768,B
372,3,0,106.44715177940176,109.22750372016739,B
299,3,0,110.7136152871371,111.1954813118606,B
37,3,0,114.53621310990752,112.13231818973685,B
370,3,0,114.9930693015112,114.53169172801263,B
103,3,0,107.45676108370021,110.25424024100342,B
409,3,0,109.71380054062166,112.35445706474671,B
263,3,0,112.87106660850873,111.7076640837918,B
313,3,0,107.64544934707075,108.99536360148173,B
161,3,0,107.95264728451207,108.2999267870792,B
278,3,0,110.66153674669894,110.60936546989569,B
239,3,0,111.25700345096163,111.61112474822272,B
81,3,0,113.4168237367866,110.83729409305056,B
368,3,0,107.26696715822166,109.43849095950519,B
124,3,0,107.01637689506126,105.42747933130354,B
344,3,0,117.86371050593178,113.56407212823527,B
55,3,0,113.93882233471672,116.03620677825846,B
279,3,0,110.28299962653387,112.0082880954103,B
112,3,0,105.54185959920338,103.49878315158489,B
261,3,0,111.56128754842257,113.2366674420049,B
345,3,0,111.17536661232529,109.41146682217051,B
230,3,0,113.41035796682681,114.06790458039522,B
157,3,1,113.09333515311198,111.43374015418539,B
166,3,1,115.92539460662518,116.05499753257115,B
209,3,1,108.64511745054,108.9466040995276,B
395,3,1,116.13728856160597,117.83860649172885,B
231,3,1,110.03000173926364,110.7250114240482,B
357,3,1,112.46170043717719,112.49373328110292,B
273,3,1,114.84822556770297,115.0820521465806,B
381,3,1,108.8685294437787,108.57269955797861,B
197,3,1,102.04836540035237,101.49655816453335,B
107,3,1,107.43729767193412,106.31324082573639,B
82,3,1,119.20438945377555,118.85404962717365,B
53,3,1,117.63897360837865,118.67950568191048,B
84,3,1,114.79809501484374,114.0961476242991,B
359,3,1,102.79259537190177,101.03303390717446,B
51,3,1,116.45340797835564,116.91741578417793,B
10,3,1,109.67985317312474,112.0456373733393,B
355,3,1,108.73470747633907,108.31655772584469,B
136,3,1,112.51312229367572,112.00127057374743,B
74,3,1,102.8923305722617,101.33116821964596,B
210,3,1,110.57842999193963,111.40091700339329,B
194,3,1,108.33491361129163,107.80895551162335,B
408,3,1,103.12211482942476,103.02458518509806,B
260,3,1,123.20602710995496,122.14567176107235,B
23,3,1,104.2750314167481,104.12278899773881,B
240,3,1,109.15135058128485,109.8872063949888,B
134,3,1,112.47841499682815,113.86039801146796,B
144,3,1,105.93088579270113,106.71261569403731,B
407,3,1,110.6951702647473,109.89741078247243,B
329,3,1,110.86191801590759,111.10154760570188,B
248,3,1,114.36129345373206,115.38181944556266,B
59,3,1,111.45531067508367,111.53364059875759,B
50,3,1,110.81421887319635,110.31315294375273,B
38,3,1,103.8868250775493,103.8045960005393,B
137,3,1,108.51099600462805,108.7304445735792,B
354,3,1,105.94875519960672,104.69137811931557,B
154,3,1,118.21716255303839,119.56909499948846,B
80,3,1,105.06596823055429,104.55384430224402,B
224,3,1,118.69771433694906,119.2583470087632,B
130,3,1,115.5013958612316,115.96970465148812,B
321,3,1,111.0874528230314,110.7638319455683,B
5,3,1,112.45658241258454,112.9872366839866,B
75,3,1,108.46317675262674,108.90711748969267,B
14,3,1,105.75194689790067,105.94274379744269,B
314,3,1,113.32338474864116,112.75322443655284,B
47,3,1,109.43202029154408,111.13098341028467,B
46,3,1,111.20691327184815,111.00524903259839,B
70,3,1,109.60620858426499,111.4390657778477,B
79,3,1,109.61139657595366,110.04882480273238,B
30,3,1,106.96001162786493,107.09682575328793,B
227,3,1,110.96849514599008,111.60521324749432,B
211,3,1,106.3396530816415,105.70817957042718,B
404,3,1,118.44854228246017,119.69675639508033,B
115,3,1,108.56284301161458,107.37989349262355,B
25,3,1,113.22595581331443,113.15257880173762,B
65,3,1,112.34841878145174,111.73074547261234,B
195,3,1,115.00646314585379,116.82765474530575,B
332,3,1,108.05639453147438,109.8351926958999,B
214,3,1,112.80330553829265,112.75421234879286,B
188,3,1,112.55985922045207,113.26231350372234,B
398,3,1,109.0049371080357,109.06911695312436,B
68,3,1,110.11804158633663,112.26378736963497,B
402,3,1,115.05708899186689,115.20831086178194,B
77,3,1,114.89321257652604,116.71394984917805,B
262,3,1,113.9159207954645,115.53872134933975,B
339,3,1,114.10713652435611,114.57155378621395,B
58,3,1,112.1068774513085,110.44783823508237,B
125,3,1,113.07901620727873,112.86605761297608,B
42,3,1,104.77301612135687,103.52360321653381,B
4,3,1,103.89594289839647,104.0266247141862,B
121,3,1,109.06159523088138,108.75764687441603,B
186,3,1,112.77314044494281,112.47667464856342,B
159,3,1,112.52865150489563,112.2234861937585,B
326,3,1,106.71498227962655,106.9527632753585,B
266,3,1,109.32891489310511,109.27115994528177,B
109,3,1,109.67736333423406,108.11858807931667,B
118,3,1,110.71095086960767,111.55889101801948,B
250,3,1,103.45987169343185,102.7742058815976,B
189,3,1,113.6922102572415,114.49107174615601,B
6,3,1,106.69617344331118,106.89632181016944,B
296,3,1,100.60767522486233,99.54250738358041,B
243,3,1,113.24270046176514,113.34376818686063,B
204,3,1,109.0871099790914,109.59393154813466,B
319,3,1,105.95993665862031,106.1531417965684,B
179,3,2,110.11622553704919,110.11622553704919,A
225,3,2,122.73040237910884,122.73040237910884,A
237,3,2,108.71995752082128,108.71995752082128,A
201,3,2,108.05861667619428,108.05861667619428,A
364,3,2,110.73891309085727,110.73891309085727,A
3,3,2,115.04406459756612,115.04406459756612,A
185,3,2,112.23591197439117,112.23591197439117,A
122,3,2,105.91146969375015,105.91146969375015,A
78,3,2,116.7449284960682,116.7449284960682,A
327,3,2,109.27528098797404,109.27528098797404,A
64,3,2,110.99988572254881,110.99988572254881,A
18,3,2,110.43114586513953,110.43114586513953,A
286,3,2,117.43608124448656,117.43608124448656,A
151,3,2,116.42594949680725,116.42594949680725,A
400,3,2,104.45971258256088,104.45971258256088,A
43,3,2,114.28387983266082,114.28387983266082,A
180,3,2,104.43368455132355,104.43368455132355,A
291,3,2,113.08590799558118,113.08590799558118,A
163,3,2,114.03706894483204,114.03706894483204,A
353,3,2,106.47819193817472,106.47819193817472,A
140,3,2,108.98548009071007,108.98548009071007,A
378,3,2,120.31237543394029,120.31237543394029,A
389,3,2,109.8292531661312,109.8292531661312,A
405,3,2,120.672756337977,120.672756337977,A
281,3,2,120.60432701426699,120.60432701426699,A
307,3,2,105.06256720140985,105.06256720140985,A
292,3,2,117.47902054410565,117.47902054410565,A
168,3,2,118.08783117143102,118.08783117143102,A
340,3,2,116.51049662295753,116.51049662295753,A
45,3,2,106.54499935793089,106.54499935793089,A
317,3,2,104.8735646547592,104.8735646547592,A
143,3,2,114.7073244844502,114.7073244844502,A
228,3,2,106.28358522161871,106.28358522161871,A
255,3,2,115.13660960053411,115.13660960053411,A
218,3,2,114.3647892185787,114.3647892185787,A
21,3,2,114.49457859110163,114.49457859110163,A
272,3,2,117.52948262989443,117.52948262989443,A
108,3,2,110.38258375849826,110.38258375849826,A
177,3,2,98.90795364488616,98.90795364488616,A
57,3,2,126.50085852198742,126.50085852198742,A
374,3,2,102.74206707734223,102.74206707734223,A
203,3,2,112.94536447611063,112.94536447611063,A
290,3,2,102.62556448712749,102.62556448712749,A
271,3,2,106.34493172549045,106.34493172549045,A
382,3,2,108.19446862785168,108.19446862785168,A
170,3,2,112.72568431432313,112.72568431432313,A
29,3,2,117.51277612098737,117.51277612098737,A
162,3,2,105.33394797196613,105.33394797196613,A
149,3,2,113.80413322263593,113.80413322263593,A
386,3,2,108.77021793254568,108.77021793254568,A
199,3,2,113.26681390265358,113.26681390265358,A
309,3,2,107.39886737597189,107.39886737597189,A
94,3,2,107.27934923818857,107.27934923818857,A
245,3,2,115.82338948858033,115.82338948858033,A
369,3,2,113.2651132031382,113.2651132031382,A
221,3,2,101.09573863115415,101.09573863115415,A
85,3,2,106.18487402514555,106.18487402514555,A
132,3,2,112.09986909736995,112.09986909736995,A
187,3,2,117.79005572216423,117.79005572216423,A
229,3,2,110.25346976015675,110.25346976015675,A
89,3,2,110.01384053487831,110.01384053487831,A
11,3,2,115.54771886529022,115.54771886529022,A
34,3,2,108.78571020455699,108.78571020455699,A
217,3,2,118.79605599855662,118.79605599855662,A
72,3,2,108.9747359348994,108.9747359348994,A
373,3,2,113.01251477167821,113.01251477167821,A
241,3,2,102.79360419008258,102.79360419008258,A
244,3,2,106.07973409828409,106.07973409828409,A
310,3,2,109.37474581774823,109.37474581774823,A
139,3,2,117.95197891311763,117.95197891311763,A
401,3,2,116.20903988287525,116.20903988287525,A
387,3,2,115.76697928359872,115.76697928359872,A
111,3,2,109.45527078566172,109.45527078566172,A
358,3,2,115.68859767202784,115.68859767202784,A
12,3,2,113.76414346366329,113.76414346366329,A
220,3,2,114.01037260666025,114.01037260666025,A
87,3,2,121.64446382732382,121.64446382732382,A
198,3,2,110.14413374629699,110.14413374629699,A
213,3,2,111.64530672614707,111.64530672614707,A
365,3,2,107.08777229915796,107.08777229915796,A
234,3,2,108.12686974413708,108.12686974413708,A
349,3,2,120.75796746592312,120.75796746592312,A
164,3,3,106.87756060719569,106.96281462404049,B
175,3,3,111.15727594383199,107.05183352089728,B
328,3,3,116.36024373983358,119.54056035221132,B
323,3,3,111.94252293880528,111.86378578230385,B
96,3,3,106.90048841861513,106.59887298151081,B
205,3,3,114.81737872982093,115.29994590361183,B
259,3,3,107.2075122259917,106.27260590602009,B
41,3,3,110.61354770465385,111.13773501580053,B
63,3,3,106.99798163940665,106.71967255218084,B
222,3,3,111.11780367904265,112.19518012757155,B
95,3,3,110.61455498289591,110.34696029866258,B
13,3,3,111.38538768913561,112.30806769164703,B
17,3,3,111.41674129660991,111.23445196140584,B
297,3,3,109.41219715546048,110.94602587005276,B
246,3,3,111.54049919125241,114.75686157419482,B
207,3,3,114.87181360332244,117.22436428217259,B
90,3,3,108.61716994873537,108.12044408020465,B
269,3,3,108.18007352648928,107.34393617395136,B
39,3,3,117.69195097656007,119.68468341816393,B
86,3,3,110.58018401747997,110.67258070499362,B
181,3,3,111.16995882324665,111.9391473349144,B
280,3,3,107.78699997657488,108.1716333824143,B
145,3,3,106.23655256113726,106.44867486449733,B
158,3,3,111.93714465984098,110.2503958532352,B
338,3,3,107.90706054284513,105.71810361932822,B
301,3,3,109.49639319805165,109.27979622631356,B
302,3,3,110.3788522109339,112.30412545450795,B
287,3,3,110.70623201069475,111.42558220236188,B
200,3,3,110.45549356514854,111.48971287048613,B
71,3,3,105.65797256348263,104.81124053400926,B
392,3,3,112.71322206262083,113.05825296610031,B
347,3,3,111.82014030548376,111.61131997590815,B
298,3,3,111.37949370105805,111.65111330037134,B
325,3,3,107.98338691814021,105.58079895413479,B
385,3,3,111.0728753739839,111.88995681155525,B
320,3,3,107.74718051789989,104.58461018659699,B
133,3,3,112.82957031960386,115.88518615484936,B
60,3,3,111.07821557047858,108.71671805298321,B
394,3,3,106.94561815290258,107.64293567627625,B
397,3,3,115.31336376863828,114.32710441406428,B
100,3,3,109.13327567003249,108.43079000502946,B
19,3,3,110.1117895495356,109.20601516988329,B
383,3,3,114.64481784730953,115.04175960526612,B
384,3,3,109.458126032369,109.71627460621949,B
264,3,3,107.73842522561034,109.29510424592212,B
276,3,3,106.78179931423277,103.72219592356676,B
8,3,3,113.17194236757899,113.06005617436213,B
283,3,3,110.2291324503867,110.13562846481621,B
92,3,3,110.75289842055535,110.13902270598386,B
252,3,3,115.58413158520233,116.99010745190608,B
32,3,3,115.55313013952566,117.6609143930598,B
135,3,3,110.39844043693049,106.40534811689446,B
22,3,3,109.43671283201864,108.46279008604257,B
62,3,3,114.36409936519817,109.71482664933728,B
399,3,3,109.7084602575435,108.58679049757133,B
215,3,3,109.61723598061086,108.64285234589276,B
342,3,3,106.30320734550494,103.24799317400209,B
351,3,3,108.34371275611828,106.76079938553504,B
257,3,3,114.49978451962858,112.3175907180788,B
52,3,3,109.96150175324995,111.78330568615554,B
343,3,3,111.99946964716386,110.00981012766121,B
173,3,3,116.71831939826734,115.80710707195621,B
35,3,3,116.90656917311603,115.12825074912638,B
178,3,3,111.4955706520544,113.52210148285201,B
167,3,3,107.74054761905161,107.07221393729431,B
226,3,3,113.71739704958455,110.6111960527546,B
120,3,3,108.88271307742448,109.32676159426114,B
275,3,3,111.04256632525788,111.1363905603289,B
44,3,3,109.70999000470587,109.30205393775455,B
300,3,3,111.85557979668354,110.95554621479477,B
76,3,3,114.15410512007229,112.16170130127757,B
208,3,3,112.87156448015833,113.80348529019025,B
212,3,3,111.13195878120278,113.61250488640248,B
267,3,3,113.5002134789577,113.37836927969707,B
311,3,3,108.62251315466257,110.23567965952891,B
216,3,3,108.15889376307379,107.72683618557781,B
361,3,3,110.588181687249,112.55975668227677,B
9,3,3,117.14121878909964,116.94478235507557,B
396,3,3,110.34256689463793,107.76428997455533,B
352,3,3,111.19432505442505,111.40027412105051,B
285,3,3,109.86689333819814,109.32849697434875,B
295,3,3,115.9578652379489,118.61999379066351,B
104,3,4,102.30207405371911,101.58644252771839,B
312,3,4,105.4927297248495,105.50824309559673,B
388,3,4,109.67884955948016,110.10971175696162,B
406,3,4,110.84959962474744,111.03574664238849,B
91,3,4,107.75632952363526,107.83868268624319,B
182,3,4,105.32818729932548,105.5950807274445,B
315,3,4,108.58002692516239,108.46926415001136,B
377,3,4,101.80141081260399,101.88490713333228,B
172,3,4,111.68909161674301,111.5057267160862,B
232,3,4,116.33334932984981,116.12336622651844,B
36,3,4,105.12999050056246,104.69982534749795,B
156,3,4,116.92874071133343,117.12461217763109,B
2,3,4,108.37007391835438,108.37374943614532,B
242,3,4,115.28402440004419,115.24283567693897,B
308,3,4,114.70330058650521,115.69889787282331,B
289,3,4,110.04522273457646,110.20154861561048,B
48,3,4,113.53809348117915,113.19977891234272,B
141,3,4,115.32990586998686,115.38622845113112,B
223,3,4,110.03355696868417,110.07805692652899,B
183,3,4,111.6382290829896,111.6024689225654,B
331,3,4,108.65527491762012,108.41863487558996,B
367,3,4,116.8423079823391,117.38377236503834,B
160,3,4,109.4665173643165,109.66621836972145,B
336,3,4,99.26604887245793,98.76763087375693,B
219,3,4,114.64731714100296,114.63381943527476,B
99,3,4,114.16547396302342,113.82871330036862,B
235,3,4,113.09595153898279,113.28070764800185,B
117,3,4,117.23761179575285,117.67251470391314,B
341,3,4,120.52423129858715,121.87516791434507,B
1,3,4,104.23637555869733,104.29289794753119,B
113,3,4,102.52012783704662,102.13582672756012,B
380,3,4,110.60391577646988,110.87402672378005,B
174,3,4,107.99170106938148,107.98749603067236,B
253,3,4,117.06997286075415,117.17549941643918,B
366,3,4,111.4004904386134,111.39843068776068,B
184,3,4,107.24773418371066,107.68177994096004,B
165,3,4,114.46224606563591,114.97252087816523,B
274,3,4,108.44688021998809,108.33302766432487,B
192,3,4,112.27022660681959,112.62021464595637,B
0,3,4,110.86285672720004,111.11373760758758,B
54,3,4,112.11844919328327,112.44488036020076,B
28,3,4,103.15527196482546,102.61812465644346,B
206,3,4,105.88776970853773,105.38915514236533,B
49,3,4,105.72934363013565,105.43276800502892,B
350,3,4,114.14680249120934,114.34424243852415,B
20,3,4,105.35141018443895,105.50788499818401,B
293,3,4,111.95415398526346,111.55165514111262,B
176,3,4,118.0590845878506,117.86956625110312,B
335,3,4,111.62747964023112,112.90916598291398,B
379,3,4,107.51693131656315,107.43864195958375,B
33,3,4,113.34639063404802,113.90228969944673,B
171,3,4,114.82142553200532,114.58943976320859,B
7,3,4,118.96194173964969,119.07554612130528,B
318,3,4,118.19071902079287,118.17344679043467,B
410,3,4,118.88248977334406,118.2501990462604,B
106,3,4,111.08505007392144,111.09385393249758,B
97,3,4,111.28437371017884,111.55410699716491,B
110,3,4,111.1570026262807,111.06206152438277,B
360,3,4,112.72414104322894,113.41077736646653,B
69,3,4,109.46466544563302,109.6477480921912,B
346,3,4,120.32987316733619,120.5722730771209,B
129,3,4,110.95732842218723,111.34783745583013,B
316,3,4,106.89867931543347,106.4885307587107,B
258,3,4,112.09427247309637,112.15699967159169,B
322,3,4,108.29436950103091,108.33408342101393,B
150,3,4,118.52525891057883,118.76222037207124,B
337,3,4,114.2294886626128,114.20523498612555,B
26,3,4,118.89728304700827,119.43901376292237,B
93,3,4,116.13607647033618,116.17551277290453,B
148,3,4,110.07942256864855,109.7484572747029,B
119,3,4,97.88215118749761,97.51545267976788,B
138,3,4,111.05227531685335,111.59776606999668,B
169,3,4,104.425628763985,103.86621202006324,B
363,3,4,108.981856746457,108.37913418560422,B
202,3,4,114.65720617221666,113.77170734920911,B
147,3,4,114.33255248934209,114.40863558471989,B
277,3,4,109.30756423980728,108.54255232510025,B
256,3,4,116.15587481639066,116.3566258673178,B
131,3,4,108.44841089153792,108.32530915432429,B
249,3,4,110.59911215022161,111.09638362214149,B
152,3,4,116.70880582274592,117.46895176413474,B
362,3,4,106.70490152135037,106.15641251755396,B
338,4,0,105.28396419633197,105.28396419633197,A
406,4,0,108.51441656535897,108.51441656535897,A
55,4,0,109.83848396947376,109.83848396947376,A
64,4,0,113.9786809878583,113.9786809878583,A
248,4,0,111.44233365970902,111.44233365970902,A
6,4,0,108.15029981106017,108.15029981106017,A
398,4,0,111.88939264532377,111.88939264532377,A
348,4,0,117.7865482285873,117.7865482285873,A
257,4,0,111.43689137495369,111.43689137495369,A
282,4,0,112.46323202394838,112.46323202394838,A
251,4,0,111.23278892751003,111.23278892751003,A
269,4,0,103.874438858714,103.874438858714,A
320,4,0,99.52157891892509,99.52157891892509,A
293,4,0,106.8597496123483,106.8597496123483,A
319,4,0,105.63540934392464,105.63540934392464,A
61,4,0,114.09998769675298,114.09998769675298,A
349,4,0,118.42170787937786,118.42170787937786,A
154,4,0,118.22462392353171,118.22462392353171,A
405,4,0,116.42068497134818,116.42068497134818,A
303,4,0,118.13310296450229,118.13310296450229,A
370,4,0,115.06745772948616,115.06745772948616,A
11,4,0,115.23354063611805,115.23354063611805,A
202,4,0,113.51172538408596,113.51172538408596,A
166,4,0,115.11593093987258,115.11593093987258,A
312,4,0,109.58452311737808,109.58452311737808,A
106,4,0,107.2324540525922,107.2324540525922,A
286,4,0,118.61868991845994,118.61868991845994,A
139,4,0,113.31651301947053,113.31651301947053,A
302,4,0,113.58638917618572,113.58638917618572,A
14,4,0,102.60841116753878,102.60841116753878,A
160,4,0,108.04352742452096,108.04352742452096,A
244,4,0,101.6476046696301,101.6476046696301,A
102,4,0,119.83896797552248,119.83896797552248,A
129,4,0,107.9852071063934,107.9852071063934,A
84,4,0,113.47139393463429,113.47139393463429,A
281,4,0,118.38645157606308,118.38645157606308,A
314,4,0,116.60089504707844,116.60089504707844,A
92,4,0,113.99752777243577,113.99752777243577,A
216,4,0,110.85200098564987,110.85200098564987,A
24,4,0,108.39651840442194,108.39651840442194,A
291,4,0,110.4269026307712,110.4269026307712,A
80,4,0,106.68836626167155,106.68836626167155,A
47,4,0,112.4970613783419,112.4970613783419,A
33,4,0,113.34595968836814,113.34595968836814,A
220,4,0,113.49145503831062,113.49145503831062,A
411,4,0,110.51733883734649,110.51733883734649,A
365,4,0,108.05861538750096,108.05861538750096,A
13,4,0,117.46300296044973,117.46300296044973,A
324,4,0,102.94956590127482,102.94956590127482,A
103,4,0,104.9524875064205,104.9524875064205,A
214,4,0,113.21291995497236,113.21291995497236,A
321,4,0,108.42383321433705,108.42383321433705,A
25,4,0,115.38426311666299,115.38426311666299,A
169,4,0,104.79176325785923,104.79176325785923,A
191,4,0,107.27556851689103,107.27556851689103,A
274,4,0,109.46388270286661,109.46388270286661,A
400,4,0,108.81187210410877,108.81187210410877,A
175,4,0,108.5647951371386,108.5647951371386,A
100,4,0,106.08152218685947,106.08152218685947,A
140,4,0,109.79198631525685,109.79198631525685,A
66,4,0,102.15830966578315,102.15830966578315,A
246,4,0,118.98488604137764,118.98488604137764,A
277,4,0,108.8804043635904,108.8804043635904,A
68,4,0,111.56478915833867,111.56478915833867,A
62,4,0,118.8300813568919,118.8300813568919,A
268,4,0,109.68983817966947,109.68983817966947,A
124,4,0,109.4852684654909,109.4852684654909,A
105,4,0,105.04399136381508,105.04399136381508,A
228,4,0,104.38784555179436,104.38784555179436,A
34,4,0,103.23335087349002,103.23335087349002,A
271,4,0,105.23197067121876,105.23197067121876,A
72,4,0,109.95146939831525,109.95146939831525,A
339,4,0,114.83843338878933,114.83843338878933,A
70,4,0,103.44435420462446,103.44435420462446,A
253,4,0,116.77127782768997,116.77127782768997,A
123,4,0,108.57051439216988,108.57051439216988,A
138,4,0,111.62937456295407,111.62937456295407,A
364,4,0,107.70362462959366,107.70362462959366,A
386,4,0,105.86023270965211,105.86023270965211,A
134,4,0,111.22691605372513,111.22691605372513,A
226,4,0,111.56714213284445,111.56714213284445,A
133,4,0,119.19810111849435,119.19810111849435,A
120,4,0,110.58985912917474,110.58985912917474,A
83,4,1,102.89153983560794,104.40619448800875,B
266,4,1,103.32591049878295,106.51910895805634,B
374,4,1,102.5778595320991,104.71778392987115,B
192,4,1,111.05914658185986,114.92319830053276,B
206,4,1,100.13312508427474,105.79948020244672,B
42,4,1,106.02139218020577,108.20948313874366,B
82,4,1,113.05505981375758,115.12930922320437,B
128,4,1,113.78895055344921,112.48639572176845,B
381,4,1,109.75846026376884,109.82501327035226,B
186,4,1,114.32297726344983,111.99897111561837,B
152,4,1,117.59257179510043,115.12441251249248,B
350,4,1,115.8410144891639,113.86997359767157,B
18,4,1,111.39243642667441,109.21690308486282,B
401,4,1,114.6021722377208,113.35333111414933,B
211,4,1,102.03447250255473,103.76454506996765,B
221,4,1,101.88212351668295,109.23336702468744,B
43,4,1,110.91502334623524,109.12620246379436,B
96,4,1,104.0778197211895,109.2683292791339,B
1,4,1,104.77481086197751,107.46451126462146,B
153,4,1,109.74526579354958,111.03228426996007,B
356,4,1,102.81108434048645,107.91681538891335,B
180,4,1,101.74184954412658,105.52097767707433,B
403,4,1,109.55435002308218,111.20873678575641,B
63,4,1,107.02165025157896,109.94898339771775,B
247,4,1,109.4734315539072,113.33996961917892,B
325,4,1,101.88213473857057,105.11638167007935,B
404,4,1,109.88824454061871,115.45848233698716,B
60,4,1,113.25372532984096,110.26223170855097,B
395,4,1,111.68573948590142,111.00900475579527,B
12,4,1,113.70151404135555,111.01406583950192,B
142,4,1,103.59010443100209,105.86069889788193,B
342,4,1,101.39922700126549,102.63146208921327,B
285,4,1,113.48959822599225,110.5898567173569,B
346,4,1,119.17546136572426,113.93791118493746,B
375,4,1,110.37245212481196,111.79605061229154,B
203,4,1,110.83888189351558,112.56210539783065,B
310,4,1,110.87142119177636,107.08325947099972,B
204,4,1,113.18752769315341,115.27554573620566,B
89,4,1,105.8035581405373,107.14878355488074,B
301,4,1,109.6845491921557,110.12991828920882,B
45,4,1,108.1623505628562,111.31450483866844,B
38,4,1,105.60916998961983,108.02364402731867,B
235,4,1,109.10069563436849,111.70288627456162,B
212,4,1,112.60302739000872,111.8133623327807,B
376,4,1,110.24438067774129,109.72324589829178,B
157,4,1,116.30795302323382,115.7381844071661,B
280,4,1,107.39913550655537,106.39476477165749,B
93,4,1,115.1523278233277,115.62169144131937,B
209,4,1,109.05668150153681,110.49189818115022,B
188,4,1,113.61527154714045,111.7829310131779,B
239,4,1,104.20580242874746,108.44168613120132,B
88,4,1,107.96164864706233,110.68574320665586,B
267,4,1,116.60425364000916,112.12312643022811,B
112,4,1,108.58931755592985,105.76423329184472,B
361,4,1,116.36663619114988,113.2355354789045,B
399,4,1,112.01406973148462,110.56788814863496,B
146,4,1,107.42479944569428,104.98119492485668,B
341,4,1,117.75218678539886,114.47522699103594,B
46,4,1,111.09178503723746,109.26242047798847,B
377,4,1,99.18370433383294,104.36888823424066,B
172,4,1,108.81490571211742,106.47795890906839,B
104,4,1,104.43286832227099,109.43538498534448,B
262,4,1,116.91248090119326,114.98426289925234,B
130,4,1,118.89929795282575,111.57152071545201,B
173,4,1,119.74992861677188,117.95486294286839,B
258,4,1,107.99546516031981,112.1012077025167,B
99,4,1,116.99987759864345,116.78091923890373,B
265,4,1,115.43645353592323,116.68631856397498,B
307,4,1,105.95708897253688,108.2214342698023,B
238,4,1,107.9871624159394,109.27252465777462,B
195,4,1,113.69813930456547,113.91584980775696,B
290,4,1,105.4409832634287,109.25060666483412,B
309,4,1,107.51770214989978,108.94612764754606,B
137,4,1,109.2082694015242,110.22639289888805,B
16,4,1,115.71900346473171,113.7523338232408,B
189,4,1,115.02952380943404,112.38993225769931,B
184,4,1,107.38360767220028,111.3719148980584,B
91,4,1,104.66930010112014,107.84114986274538,B
276,4,1,98.15124819043888,105.29173216775321,B
275,4,1,116.38950517242877,114.75864621433256,B
159,4,1,112.53825302791242,109.87154370661517,B
232,4,1,111.40441535269935,111.37295113574359,B
332,4,1,114.20882703662933,109.18576396164963,B
101,4,2,112.76848541719664,113.5881764807499,B
340,4,2,112.84445279139348,113.34016563422097,B
300,4,2,112.41440960958253,112.60321540216783,B
39,4,2,115.97635768772886,117.56031900020905,B
397,4,2,115.65064829125723,116.34572515871335,B
17,4,2,111.64424600290106,111.38662048536212,B
330,4,2,111.42628021308116,111.59223568039565,B
71,4,2,106.9886432445756,105.50811620720663,B
167,4,2,109.36785974641036,109.3186743291279,B
20,4,2,109.35386669620746,109.43296759083115,B
213,4,2,111.09729646281178,111.13862602437166,B
298,4,2,110.31185733452193,110.09433487062394,B
278,4,2,113.26151645307888,113.33528916851954,B
229,4,2,111.3801441658348,110.88244182070893,B
144,4,2,109.85260317367552,108.98469445913705,B
254,4,2,109.11023608228186,109.21355635616479,B
284,4,2,104.99166761629394,104.10180089066972,B
295,4,2,116.5271378440768,117.52475110173427,B
170,4,2,112.47654334650106,113.69803876853862,B
200,4,2,109.9626084296543,110.59359336143311,B
379,4,2,107.72453347863603,107.21700779857915,B
308,4,2,114.77897137977997,115.99146568507136,B
69,4,2,111.05624586163884,111.10346711244449,B
245,4,2,112.23066294958275,113.25641493750305,B
366,4,2,111.26792069229776,111.259522625964,B
193,4,2,109.43292641380727,109.81138727983694,B
205,4,2,114.79222085854478,116.41400528799777,B
225,4,2,116.5961681146689,117.57346850766422,B
329,4,2,110.36260678208707,109.78436832999668,B
113,4,2,106.40312591056917,105.32626328651668,B
409,4,2,109.2404654716252,108.87951976902136,B
182,4,2,109.20584076252557,108.66338038589001,B
380,4,2,113.345543399478,114.04233391452514,B
336,4,2,103.62569680211666,101.37116208831553,B
299,4,2,112.95028098119903,113.63286109735624,B
334,4,2,111.97388208807067,111.69151894969596,B
185,4,2,110.0397520947069,111.0488447877367,B
219,4,2,114.390970120594,114.50031030036632,B
132,4,2,111.97998307713948,113.0974287556016,B
347,4,2,113.69582620004788,113.57526624635953,B
177,4,2,106.84279750802756,107.28741834497448,B
318,4,2,112.85251503821969,113.3508361221798,B
326,4,2,108.443516414168,107.77346788146575,B
316,4,2,109.43365739867073,109.2683352408804,B
19,4,2,109.62866252005398,109.83863817814554,B
351,4,2,108.24004928163248,106.92264435141499,B
117,4,2,113.3778561807714,115.78811214800483,B
48,4,2,113.37373256055636,113.99250580726869,B
223,4,2,110.3690100780458,110.39640341495277,B
367,4,2,113.39519288427124,113.00319383567127,B
388,4,2,109.82682629375714,109.16226896413494,B
147,4,2,112.20863288462957,111.87847744414833,B
65,4,2,109.65203506275098,109.67889744457335,B
210,4,2,112.23468342024219,113.09617976055421,B
383,4,2,116.82658853004544,118.2406575113754,B
317,4,2,110.66845715854186,110.2232242379802,B
116,4,2,111.22359124653372,111.15587491282031,B
289,4,2,111.42152768274465,110.94176148063741,B
241,4,2,107.74722536971252,106.41231029498053,B
272,4,2,114.39935529317448,115.62239424316152,B
394,4,2,107.4196377203014,107.29537878761111,B
353,4,2,111.058824357086,110.13411532213226,B
8,4,2,111.8507813641198,111.11501673274147,B
261,4,2,114.830360271394,113.53976274481003,B
111,4,2,113.01291792764994,113.57416778217265,B
408,4,2,111.156110484548,110.28343281120475,B
263,4,2,111.7999766629249,111.53543477995856,B
37,4,2,115.94201639657206,115.29506655605257,B
110,4,2,111.84198106261812,112.95149114110995,B
118,4,2,110.34675043839555,110.59492778820191,B
390,4,2,108.9326028398098,107.82432745340435,B
233,4,2,113.59000618655348,114.21432984170649,B
297,4,2,110.25131443442382,111.19662416683747,B
23,4,2,106.56068541922363,105.76414778194518,B
270,4,2,111.835726571656,111.82848804033931,B
323,4,2,112.3927681751337,112.7566640101375,B
90,4,2,108.39966115666188,108.4382965436179,B
76,4,2,113.0808259752163,112.00967879435558,B
108,4,2,112.06557510842725,111.13122936636896,B
28,4,2,107.08220926887817,105.79768921552179,B
256,4,2,113.9686369379915,114.86045511064012,B
162,4,2,111.35479637687715,111.32084662125303,B
35,4,3,118.49798055185649,118.13493229612553,B
369,4,3,117.43754981411885,117.50825411542958,B
283,4,3,106.85522430221829,106.85156233228112,B
178,4,3,110.34122869574807,110.33178620218484,B
81,4,3,115.33133096947384,115.3450840446622,B
163,4,3,111.71758444014188,111.49990755726337,B
57,4,3,118.14820242844633,117.94044519826784,B
344,4,3,114.97320504985517,114.92112578902567,B
121,4,3,106.16581410383334,106.13141235549948,B
26,4,3,118.17682972260549,118.58444951752598,B
242,4,3,110.75744985077633,110.88625572894273,B
4,4,3,106.52452922569861,106.48831125507796,B
77,4,3,113.2817281234718,113.53216089941347,B
362,4,3,109.76035408921481,109.60265808219603,B
135,4,3,110.13474051844267,109.92760118579127,B
218,4,3,115.31757184946595,115.49884071955395,B
304,4,3,106.84913281001214,106.7930304125403,B
155,4,3,108.89169637998117,108.74765178161982,B
249,4,3,108.84728008444797,108.89996965819472,B
355,4,3,109.65361686599321,109.67198224062207,B
227,4,3,111.51486399798856,111.75771815637546,B
372,4,3,105.82675551163902,105.87033207207182,B
2,4,3,108.78501374710905,108.82170041546092,B
36,4,3,104.98825716844435,104.83944419577647,B
29,4,3,114.80257584179259,114.83534108178148,B
5,4,3,115.02957503556263,115.01231451323831,B
32,4,3,118.0768972674249,118.06780364437077,B
115,4,3,105.53429868221463,105.27570294568329,B
156,4,3,115.0712433565529,115.17243441470416,B
327,4,3,105.71902247106362,105.72823107386957,B
287,4,3,110.4045482312427,110.33341524024135,B
358,4,3,111.29046435651576,111.19664343016456,B
368,4,3,103.95676525328085,103.93939961444167,B
74,4,3,99.3919807354199,99.21009416953198,B
259,4,3,106.10244420462968,106.10414855806265,B
143,4,3,116.85403702070884,116.88039834745409,B
41,4,3,109.01005054023412,108.99118941755103,B
10,4,3,116.90463626741499,117.23151639056843,B
179,4,3,109.79404770811456,109.97837977442529,B
7,4,3,113.7888564216937,113.7206114618819,B
208,4,3,117.94681734901286,117.89923885158805,B
148,4,3,108.6374234303278,108.66615300618585,B
305,4,3,111.83803297829101,111.57679236457857,B
315,4,3,110.73640381547418,110.88655052742308,B
378,4,3,115.03182557463302,114.90399333654771,B
382,4,3,108.22983787952654,108.40443921817528,B
97,4,3,113.87445586542209,113.8455302560543,B
215,4,3,104.74421058391054,104.55316713198744,B
391,4,3,112.91274721018118,113.23730295669486,B
79,4,3,109.07703015957662,109.05330472108137,B
230,4,3,111.58819441248282,111.71026092441532,B
371,4,3,106.12820684151913,106.19884264871196,B
119,4,3,101.02783094420118,100.73731339153439,B
389,4,3,108.92066326677343,108.80258825533741,B
141,4,3,116.67964696375958,116.67267572871475,B
15,4,3,117.69689747778042,117.52233837329192,B
127,4,3,113.84426425388853,114.08455477290069,B
86,4,3,113.30957427185524,113.43495998980674,B
171,4,3,112.31426731203018,112.26992853203679,B
27,4,3,115.56081876742633,115.65296848206272,B
273,4,3,116.4537380612042,116.54595132897221,B
234,4,3,108.96958322913676,109.13587689314787,B
236,4,3,115.23882280851876,115.03652776900081,B
150,4,3,117.65693021463963,117.53827033489648,B
345,4,3,109.8238691481434,109.86957822813659,B
67,4,3,111.35302223962758,111.20529001647698,B
224,4,3,115.79326944046225,116.06447974302768,B
402,4,3,112.81459995116059,112.52401511784844,B
40,4,3,112.84441661464157,112.7859199844323,B
352,4,3,109.09725493253629,109.15465767585377,B
260,4,3,122.48255168203988,122.34669240687869,B
131,4,3,109.02103617507485,108.96901839546827,B
396,4,3,112.60838293703185,112.2255210399475,B
357,4,3,110.40287672083228,110.42332120424474,B
196,4,3,110.82404395703571,110.62641900149592,B
53,4,3,119.21053308579361,119.24739512612385,B
125,4,3,114.3271728239568,114.35233609625864,B
9,4,3,118.34711009941013,118.3766573483069,B
78,4,3,114.24681788257115,114.26876903536116,B
296,4,3,101.16654218664033,101.1250681237056,B
31,4,3,112.76102268178556,112.64365214848421,B
337,4,3,115.62771874680973,115.48604260308429,B
75,4,4,114.00191463575253,114.25422925330635,B
333,4,4,113.65925406310268,113.02095800722637,B
158,4,4,111.21503176817367,110.98946646457794,B
54,4,4,113.26469872044683,112.78460909057158,B
250,4,4,99.86514143726467,99.18770361996727,B
328,4,4,120.66299729088001,121.63584573783386,B
165,4,4,111.66344707163671,110.7938319505987,B
264,4,4,109.59351299559057,111.6493924047699,B
51,4,4,113.24117256507657,114.14584415852097,B
107,4,4,109.16564996740436,108.10826573346502,B
59,4,4,113.34500878209779,112.66153065501655,B
292,4,4,116.02589882854028,115.91686657526878,B
335,4,4,114.45265891644905,117.65854054726029,B
85,4,4,105.81551953099292,105.76904172387059,B
363,4,4,113.93186999864892,112.75019324876101,B
181,4,4,116.38637967768025,115.39431373167417,B
199,4,4,114.45621640228816,114.04268471874948,B
237,4,4,113.40218793772326,111.87583924073728,B
231,4,4,107.94088036026277,110.35549398759746,B
198,4,4,114.05412006735384,114.75472965199765,B
384,4,4,103.19391658445298,102.82515511911159,B
279,4,4,108.33570815911067,108.36981428257597,B
331,4,4,107.36379942475678,107.38535761206965,B
354,4,4,111.90412719205675,111.17537098968698,B
190,4,4,111.50073606935689,110.15667762748211,B
22,4,4,113.1903280009175,111.03792935461408,B
222,4,4,111.70283135220825,112.81042304221593,B
114,4,4,108.13762834417183,104.3949561751944,B
151,4,4,113.79318689189691,111.99128734974732,B
176,4,4,117.97880959134127,116.74215963559041,B
187,4,4,113.11766193687487,112.88438013570524,B
73,4,4,106.22579853953695,107.41025776198018,B
217,4,4,117.62863946699139,118.6200140155492,B
240,4,4,111.57373655293777,110.28047451559452,B
145,4,4,113.5569301911543,113.80224384012985,B
50,4,4,112.92102453389202,112.19370174146162,B
255,4,4,116.49924098566237,117.61067839643123,B
95,4,4,115.40239823192026,115.21766754206847,B
98,4,4,121.2918650598391,121.59586968729585,B
207,4,4,116.30673376539517,115.52054338875865,B
3,4,4,115.8287515439598,117.31503870273723,B
392,4,4,117.69341872530562,117.83280124625013,B
288,4,4,106.73385130511568,104.61349396993354,B
161,4,4,111.75912007393362,110.8286954456158,B
243,4,4,109.46488638677661,107.0206194067764,B
168,4,4,117.27409915443252,116.31146004228985,B
343,4,4,110.66036336476756,108.3188090095238,B
322,4,4,107.49364349466896,107.9931746295061,B
49,4,4,103.16242550969896,101.20509906740438,B
136,4,4,116.89582047628257,118.04082839756009,B
30,4,4,113.7951973121178,112.27163460466757,B
373,4,4,110.94971772211707,109.0394990179112,B
410,4,4,113.93423013233905,112.81471249367137,B
194,4,4,110.45919684974973,108.82298532185365,B
56,4,4,108.96627851043868,106.97322062645037,B
201,4,4,111.85619924901172,111.6559325162623,B
149,4,4,116.64109072903912,115.89381039591862,B
21,4,4,113.65577212113047,113.73821054123822,B
183,4,4,110.52683639305374,111.32987896131678,B
0,4,4,111.4267150745011,112.16916355741412,B
387,4,4,117.79548486097043,116.8514103597901,B
52,4,4,112.1598841984785,113.0430131936704,B
126,4,4,99.55891369188157,95.79478697274261,B
294,4,4,107.68302870792778,108.8921147171486,B
44,4,4,111.8252037806368,111.0909555246058,B
164,4,4,107.47191712291523,109.85511601451378,B
407,4,4,109.09070951931301,107.69689599222335,B
313,4,4,109.79282960897002,110.73535055654787,B
311,4,4,106.83187588531453,109.725861960582,B
94,4,4,109.34487386389236,109.18161648658948,B
109,4,4,104.9587391635258,102.63863609783348,B
359,4,4,110.24499636417211,106.89697359939262,B
252,4,4,118.83788573958539,118.67129998294183,B
58,4,4,115.96679638459881,112.44236317210992,B
393,4,4,106.61463134594602,107.47226086142943,B
306,4,4,114.53751652061553,114.46675047410007,B
87,4,4,118.6612644180392,121.29253092214869,B
360,4,4,106.61289525710446,107.87701321825243,B
385,4,4,115.72301168674853,117.07980037361551,B
197,4,4,101.23033358013578,101.5146074515727,B
174,4,4,112.44953546412187,112.87387859931397,B
122,4,4,105.30305737770983,105.23176731146938,B
278,5,0,113.42661939975339,113.99622893096037,B
382,5,0,106.59007087683918,106.53548407225956,B
368,5,0,107.43504548390241,107.03843598557802,B
262,5,0,116.19536823653769,117.26856954650566,B
297,5,0,113.657094238047,115.2036489765896,B
327,5,0,109.12769047571801,109.19653571492975,B
234,5,0,108.65992425472231,109.24249404756631,B
237,5,0,111.68441027196754,111.40205032850741,B
261,5,0,112.2646863022586,110.27669075490988,B
371,5,0,108.08249041230472,107.58305568150337,B
248,5,0,108.7910106431139,110.04783053138077,B
71,5,0,107.20899458049998,106.95870309508283,B
99,5,0,118.05375484830803,118.59374434516525,B
224,5,0,115.89832360064904,115.7680921413978,B
170,5,0,114.17045973180578,114.52141685911995,B
199,5,0,111.98536035586295,111.42978857774366,B
62,5,0,113.38511124572035,112.6304644358571,B
236,5,0,114.81506941785948,113.99751161399125,B
342,5,0,99.7543418326205,99.38188081781087,B
291,5,0,111.66982816378376,112.88687833551893,B
140,5,0,112.40286003123853,112.7756060541164,B
398,5,0,113.5943224445228,113.85872021402062,B
277,5,0,109.87337574530252,108.38349824720663,B
43,5,0,112.47434292689675,111.91086880103882,B
250,5,0,103.99968477564714,102.46137657931945,B
161,5,0,111.67258124763529,110.81245994798502,B
153,5,0,109.77310960848675,108.9834933169013,B
336,5,0,103.86398685455492,103.49741679856253,B
212,5,0,115.54824487234349,117.02538237211962,B
50,5,0,110.91490088004167,110.00755770188147,B
138,5,0,110.23297977728438,110.64376143290254,B
325,5,0,98.40208082116295,97.77454160698414,B
52,5,0,115.05810754974792,115.45503493415613,B
340,5,0,115.48008127377568,116.17629293316057,B
150,5,0,113.47825665123936,114.76026932889422,B
247,5,0,114.6884158099289,115.30351431258171,B
288,5,0,103.16013762542997,103.51135767690796,B
90,5,0,106.52765633371115,107.23816993235356,B
408,5,0,109.01114250460473,108.82133189810631,B
386,5,0,105.21437211037036,105.04814461844776,B
155,5,0,108.74701883628569,108.63398779687913,B
191,5,0,111.84926982781263,111.66477226192168,B
75,5,0,111.38406888882403,111.40810538555147,B
53,5,0,119.08443021114675,120.19799064975527,B
351,5,0,105.62519585036756,105.25383097971016,B
98,5,0,120.90647630543117,120.93970681261825,B
317,5,0,104.05451103309039,103.54061826581844,B
66,5,0,103.76630889747534,105.57573965953003,B
251,5,0,111.94134799671887,111.53506421881451,B
392,5,0,113.64272759194168,113.40871392979378,B
168,5,0,113.03442535065147,112.87501502728307,B
49,5,0,107.53566753370619,106.46431305229858,B
240,5,0,108.96699908950961,109.44061441216849,B
47,5,0,111.11080991291837,112.4038108654537,B
252,5,0,117.79751317733619,118.70687630310287,B
391,5,0,110.03309466024376,111.25861328370468,B
380,5,0,113.12263231615377,113.22428568254209,B
132,5,0,113.89385385876085,115.8642793237126,B
308,5,0,113.04799306762048,113.99820158806537,B
409,5,0,106.27395000060355,104.94891992628973,B
316,5,0,106.95578758750987,106.73930650194822,B
185,5,0,110.57053453734295,111.02382569750968,B
21,5,0,109.2821130993179,109.96916690164628,B
107,5,0,106.14230652721254,104.91690822564343,B
249,5,0,111.71806816943003,112.21009170038349,B
152,5,0,120.67270633335525,122.89412210037597,B
333,5,0,112.79344582893117,111.66773349492652,B
290,5,0,100.93134608162131,99.80932581566964,B
403,5,0,107.40258183454998,107.70711670373458,B
101,5,0,110.70326866073535,110.96298356037256,B
229,5,0,108.65988933075447,108.90650017885157,B
345,5,0,111.08469599475191,111.14534504053793,B
310,5,0,106.11668569529729,106.59384852635836,B
0,5,0,111.92546979264844,111.6309814405619,B
60,5,0,114.09209594192131,113.39879618797849,B
244,5,0,99.07397099660076,97.46649407876093,B
253,5,0,116.13000103275934,116.44474780725153,B
115,5,0,108.45167259230863,107.27365652613497,B
364,5,0,110.84947831453161,111.16980377128701,B
117,5,0,114.41473257988807,115.85391903774754,B
108,5,0,112.34622756129158,111.00890445025541,B
307,5,0,97.0685227361738,96.5316546369788,B
141,5,0,114.23112192535703,114.2971098255708,B
201,5,1,112.48327566186592,112.48327566186592,A
55,5,1,114.19815932716762,114.19815932716762,A
184,5,1,105.15265927144165,105.15265927144165,A
326,5,1,107.48903314418777,107.48903314418777,A
357,5,1,111.28334246260675,111.28334246260675,A
280,5,1,104.83670636071102,104.83670636071102,A
122,5,1,106.05825313891779,106.05825313891779,A
227,5,1,110.9483206748659,110.9483206748659,A
48,5,1,110.96998002872826,110.96998002872826,A
241,5,1,105.7912691827114,105.7912691827114,A
127,5,1,111.46328757547259,111.46328757547259,A
42,5,1,106.04599201572285,106.04599201572285,A
26,5,1,118.45113860182495,118.45113860182495,A
331,5,1,107.24809339113568,107.24809339113568,A
56,5,1,109.82901811523121,109.82901811523121,A
88,5,1,110.22900224316521,110.22900224316521,A
157,5,1,113.3034306594692,113.3034306594692,A
223,5,1,108.79288081714103,108.79288081714103,A
360,5,1,109.42121278830895,109.42121278830895,A
321,5,1,108.58133546686626,108.58133546686626,A
12,5,1,113.91848824469452,113.91848824469452,A
344,5,1,116.25984043823107,116.25984043823107,A
281,5,1,119.6058965251984,119.6058965251984,A
218,5,1,118.24286216235285,118.24286216235285,A
149,5,1,112.64503599943474,112.64503599943474,A
76,5,1,112.01951043969993,112.01951043969993,A
378,5,1,117.28858565902885,117.28858565902885,A
89,5,1,110.35535084095675,110.35535084095675,A
139,5,1,116.75158533879059,116.75158533879059,A
404,5,1,110.4576911611685,110.4576911611685,A
18,5,1,112.11258535664436,112.11258535664436,A
24,5,1,109.86607478036024,109.86607478036024,A
33,5,1,110.92050981794512,110.92050981794512,A
176,5,1,121.03427751574114,121.03427751574114,A
219,5,1,115.2083002729259,115.2083002729259,A
269,5,1,106.40886225964462,106.40886225964462,A
182,5,1,108.00684161650327,108.00684161650327,A
123,5,1,113.94985626882514,113.94985626882514,A
6,5,1,104.64089189873465,104.64089189873465,A
10,5,1,111.97974441001347,111.97974441001347,A
275,5,1,115.88031853716896,115.88031853716896,A
186,5,1,111.0961275541778,111.0961275541778,A
221,5,1,103.14111739997416,103.14111739997416,A
81,5,1,113.40560476227287,113.40560476227287,A
211,5,1,102.77739629584582,102.77739629584582,A
284,5,1,103.31685558725269,103.31685558725269,A
334,5,1,111.66757251495903,111.66757251495903,A
322,5,1,107.92995477868115,107.92995477868115,A
246,5,1,115.54610134633856,115.54610134633856,A
315,5,1,110.38237027180834,110.38237027180834,A
329,5,1,109.51274136846473,109.51274136846473,A
407,5,1,109.51301953532507,109.51301953532507,A
83,5,1,107.18505351848586,107.18505351848586,A
92,5,1,112.72944939729567,112.72944939729567,A
45,5,1,102.75657892913969,102.75657892913969,A
302,5,1,113.8199585966593,113.8199585966593,A
46,5,1,107.00369344818688,107.00369344818688,A
339,5,1,112.18460992866372,112.18460992866372,A
272,5,1,117.00136043180356,117.00136043180356,A
15,5,1,111.36127212673458,111.36127212673458,A
58,5,1,114.1509286918897,114.1509286918897,A
396,5,1,113.77933889803771,113.77933889803771,A
292,5,1,122.30459417696973,122.30459417696973,A
59,5,1,110.36525638694152,110.36525638694152,A
366,5,1,113.97192153302669,113.97192153302669,A
39,5,1,120.21350043981305,120.21350043981305,A
293,5,1,109.50334891699409,109.50334891699409,A
25,5,1,112.55282944542927,112.55282944542927,A
306,5,1,113.67479253656953,113.67479253656953,A
84,5,1,116.72974318109272,116.72974318109272,A
61,5,1,115.23423869868486,115.23423869868486,A
51,5,1,113.91501926962712,113.91501926962712,A
393,5,1,108.65896059224482,108.65896059224482,A
198,5,1,106.059217037313,106.059217037313,A
11,5,1,115.78622560996278,115.78622560996278,A
17,5,1,113.63722870776546,113.63722870776546,A
67,5,1,112.42638294247746,112.42638294247746,A
346,5,1,118.55353464010597,118.55353464010597,A
402,5,1,112.99378978355819,112.99378978355819,A
96,5,1,109.04609290725972,109.04609290725972,A
68,5,1,109.19537447385653,109.19537447385653,A
106,5,1,110.39244309182601,110.39244309182601,A
4,5,1,109.91666888960152,109.91666888960152,A
347,5,2,110.70468045251988,111.03886271153058,B
102,5,2,124.94473782942562,120.41160591992556,B
311,5,2,109.34560370296116,109.90617032675958,B
319,5,2,103.32056797650716,107.16969418138406,B
330,5,2,113.57617490037069,115.13651109344447,B
384,5,2,104.74428292924156,106.46565900589408,B
353,5,2,102.1996169761816,110.44343603126097,B
195,5,2,121.02883225550275,118.73232263538108,B
399,5,2,110.27107676718902,109.45076596394712,B
134,5,2,110.35223550126095,114.69371063727559,B
93,5,2,119.52990689319763,116.81985997705432,B
159,5,2,114.49569799897793,110.8978006786191,B
363,5,2,117.56692006196485,113.88800492269779,B
222,5,2,105.22079995105176,108.73395096492526,B
230,5,2,117.2106710927742,113.19335261076316,B
37,5,2,118.2231627550501,117.12006066116781,B
119,5,2,98.52826425013265,99.97068704468894,B
124,5,2,113.24831957256096,108.71041047452181,B
163,5,2,120.19120846635853,111.2681707921003,B
111,5,2,115.93026906728004,117.86173183001866,B
238,5,2,113.03079914569179,112.02953056686533,B
166,5,2,112.26309646428285,110.65215908471492,B
259,5,2,103.69889899528486,101.16243730134616,B
2,5,2,120.53401913324316,118.58729667187386,B
95,5,2,116.22085464553831,111.47219658611623,B
131,5,2,103.24796044082537,110.15085151666177,B
23,5,2,99.62588417069395,103.85133858607946,B
3,5,2,122.52930467896411,119.09077505503485,B
411,5,2,115.57803088474543,111.56203932265339,B
338,5,2,98.15745956092489,102.23519127358804,B
28,5,2,100.4739613525625,102.98472825372582,B
298,5,2,107.32012767283987,109.97029795191146,B
213,5,2,109.68128108683456,111.074506339001,B
133,5,2,119.74992768642292,120.39459128035213,B
295,5,2,119.3589413677814,118.92597067205722,B
367,5,2,107.96660227255235,115.08327908393083,B
385,5,2,114.88249593022744,114.3973264197471,B
142,5,2,97.77177433650702,105.65528733614069,B
388,5,2,111.75009420350767,111.9534124301098,B
283,5,2,107.02833127321918,109.61638462121694,B
156,5,2,124.01534218407488,120.14047181374376,B
369,5,2,115.18865709239239,112.63196684820512,B
226,5,2,112.02955042275744,110.67591905802493,B
352,5,2,107.33220972222463,108.24555671951826,B
145,5,2,109.84730611241366,108.12364227477029,B
286,5,2,123.3976566059082,117.63185672222433,B
85,5,2,109.76489667383782,108.91848841757832,B
154,5,2,120.53254760713762,118.6089486820181,B
174,5,2,106.06074264689818,107.86111032526432,B
285,5,2,115.26308039527915,110.44387770990541,B
116,5,2,104.7486608733577,109.45050657545264,B
181,5,2,113.73498399223786,110.64232058817771,B
79,5,2,104.13624623683737,108.11269064575394,B
197,5,2,99.66991891404183,103.88362539747921,B
74,5,2,99.97436499309796,101.6809689748675,B
40,5,2,114.54017127975034,112.75382096005492,B
359,5,2,102.6398284775421,103.8052670250774,B
372,5,2,100.48788530455221,105.73465652333914,B
410,5,2,112.81347047740678,113.3499005085775,B
162,5,2,103.86378153780868,106.11407751597143,B
397,5,2,115.9214899386063,116.95866002618779,B
128,5,2,109.61722037555066,115.48441599567792,B
20,5,2,106.12232733341314,108.98447269925609,B
301,5,2,109.24825147903994,109.09962750908923,B
1,5,2,103.66561104853778,107.46393212696773,B
318,5,2,118.46977504889657,112.95939705940455,B
273,5,2,124.72677643580046,117.97662667969114,B
300,5,2,105.47742445555062,108.2580133071698,B
242,5,2,116.52981338657278,119.29570950335878,B
263,5,2,114.76837075432249,111.91789753537623,B
390,5,2,104.08062776015754,105.82541527339612,B
34,5,2,100.02625836633422,107.3100484697388,B
304,5,2,106.63271941759945,108.05976612684007,B
374,5,2,104.41358849553806,102.42432128529323,B
69,5,2,109.78275512612899,108.56349093226602,B
87,5,2,121.80721597125535,122.32948897214843,B
97,5,2,110.6244048558148,112.03631997908947,B
114,5,2,109.49660561189992,101.50533350419488,B
299,5,2,116.97291469093727,112.119761534853,B
354,5,2,112.59388754453317,108.45532521189165,B
209,5,2,109.62284573438043,110.38706337076442,B
305,5,2,118.80429786690439,109.83685902419143,B
196,5,3,104.91704231789856,104.91704231789856,A
282,5,3,115.88125550304687,115.88125550304687,A
167,5,3,106.93059521224896,106.93059521224896,A
151,5,3,112.70025204649602,112.70025204649602,A
104,5,3,107.14651749743365,107.14651749743365,A
328,5,3,117.22186048419755,117.22186048419755,A
9,5,3,116.94450498642286,116.94450498642286,A
129,5,3,112.35878270599801,112.35878270599801,A
406,5,3,116.17803729610135,116.17803729610135,A
77,5,3,114.44980498580261,114.44980498580261,A
192,5,3,113.85446868439902,113.85446868439902,A
54,5,3,118.80807974845618,118.80807974845618,A
19,5,3,105.50610953444814,105.50610953444814,A
389,5,3,108.87823788041563,108.87823788041563,A
178,5,3,114.47185351683228,114.47185351683228,A
257,5,3,114.31154521321898,114.31154521321898,A
255,5,3,113.80859136241757,113.80859136241757,A
215,5,3,108.30029937625551,108.30029937625551,A
350,5,3,113.10052981366772,113.10052981366772,A
193,5,3,112.88825416407411,112.88825416407411,A
130,5,3,115.82032031207687,115.82032031207687,A
376,5,3,108.10796284569955,108.10796284569955,A
100,5,3,112.32071912601427,112.32071912601427,A
171,5,3,117.46855808039078,117.46855808039078,A
358,5,3,116.00628342804738,116.00628342804738,A
313,5,3,110.90658985489739,110.90658985489739,A
375,5,3,117.84190524911547,117.84190524911547,A
143,5,3,110.68161073132643,110.68161073132643,A
296,5,3,108.76620010234484,108.76620010234484,A
279,5,3,109.64141205130838,109.64141205130838,A
202,5,3,115.27460861860536,115.27460861860536,A
200,5,3,110.18016467850963,110.18016467850963,A
148,5,3,111.02127337723817,111.02127337723817,A
268,5,3,109.40731305523724,109.40731305523724,A
121,5,3,108.2038517288927,108.2038517288927,A
136,5,3,108.79910638728461,108.79910638728461,A
405,5,3,115.12655250641842,115.12655250641842,A
365,5,3,111.935995053706,111.935995053706,A
57,5,3,126.1899148702988,126.1899148702988,A
194,5,3,108.10385533605287,108.10385533605287,A
270,5,3,114.88087628976143,114.88087628976143,A
373,5,3,112.96447559230519,112.96447559230519,A
63,5,3,110.24155509336828,110.24155509336828,A
70,5,3,109.10313408358958,109.10313408358958,A
343,5,3,112.2420867888479,112.2420867888479,A
271,5,3,105.39461242565758,105.39461242565758,A
337,5,3,109.8017792654214,109.8017792654214,A
266,5,3,106.97971021404362,106.97971021404362,A
309,5,3,108.0978532529738,108.0978532529738,A
312,5,3,115.1127087792569,115.1127087792569,A
169,5,3,109.03201716353135,109.03201716353135,A
36,5,3,107.58044838918482,107.58044838918482,A
243,5,3,119.06620636437808,119.06620636437808,A
82,5,3,106.44823149810256,106.44823149810256,A
260,5,3,126.494346027901,126.494346027901,A
22,5,3,115.04711757725507,115.04711757725507,A
387,5,3,118.20741954811851,118.20741954811851,A
239,5,3,111.34134481870693,111.34134481870693,A
220,5,3,115.7096937677923,115.7096937677923,A
13,5,3,118.3250143561193,118.3250143561193,A
320,5,3,100.43027148358604,100.43027148358604,A
160,5,3,110.2666500661646,110.2666500661646,A
72,5,3,114.43278882761923,114.43278882761923,A
177,5,3,99.45052782403218,99.45052782403218,A
276,5,3,105.3783138466082,105.3783138466082,A
35,5,3,119.43187744122196,119.43187744122196,A
207,5,3,113.27578836332188,113.27578836332188,A
225,5,3,122.18405690265195,122.18405690265195,A
120,5,3,108.12940995371474,108.12940995371474,A
216,5,3,112.87613831208739,112.87613831208739,A
29,5,3,119.38363934744763,119.38363934744763,A
188,5,3,110.9516526160381,110.9516526160381,A
381,5,3,108.49212020136265,108.49212020136265,A
180,5,3,103.35026452281387,103.35026452281387,A
233,5,3,115.46208253972912,115.46208253972912,A
335,5,3,109.66190121920886,109.66190121920886,A
165,5,3,110.26186103091055,110.26186103091055,A
126,5,3,98.41685081497158,98.41685081497158,A
394,5,3,106.2963964081329,106.2963964081329,A
264,5,3,112.26241218897619,112.26241218897619,A
64,5,3,111.98270839810633,111.98270839810633,A
349,5,3,115.35492318673124,115.35492318673124,A
214,5,4,111.6191217594833,111.2103855773392,B
383,5,4,113.45863096454913,113.75881202260699,B
348,5,4,126.57186276316284,127.87793252928891,B
175,5,4,112.63510517262984,106.53756670193539,B
172,5,4,112.34448854959757,114.52239739444413,B
332,5,4,114.68368959717115,116.77520640805488,B
32,5,4,120.3779108177442,120.35336056383612,B
31,5,4,114.17836441606889,113.1681909457245,B
232,5,4,111.34223253919971,110.41209519719291,B
235,5,4,113.27754749820153,112.54683955991932,B
187,5,4,115.05218998724375,113.9672047411512,B
173,5,4,121.91014234545524,122.42719108498133,B
379,5,4,105.11154196880506,105.83625892893497,B
303,5,4,123.22031269242702,122.49906640190096,B
38,5,4,103.53804806829393,103.61875839644503,B
265,5,4,113.31697089767115,114.59972659406674,B
370,5,4,111.06237456216212,111.00258831781001,B
14,5,4,100.94171300398162,98.7138164352562,B
94,5,4,108.61214540275773,109.20533204975627,B
16,5,4,116.70597275505489,115.87621311455906,B
341,5,4,120.75953624241498,125.77812661064087,B
217,5,4,124.11252385573229,124.36926911387911,B
289,5,4,108.6340842918221,109.90418203592827,B
78,5,4,117.01007716190999,117.46458812746148,B
91,5,4,108.7798083438485,107.13612453770254,B
183,5,4,113.40633577880092,111.57319270355349,B
323,5,4,114.09090977533549,113.59241492577299,B
267,5,4,115.75259547261062,115.2506239872697,B
190,5,4,112.07196017135578,112.12370748756256,B
401,5,4,116.31203250180138,115.99188233986557,B
109,5,4,107.38941625935323,105.28135517865195,B
356,5,4,103.37549861167402,101.542631428573,B
135,5,4,109.77641878650955,106.59248623721683,B
245,5,4,113.66058009084558,114.12696175239097,B
274,5,4,109.14982394514307,108.43511697227714,B
147,5,4,113.73136472908551,114.07553824317233,B
105,5,4,104.11341798440047,104.9612365486622,B
294,5,4,110.72178405017681,113.20582593543422,B
324,5,4,105.83063129076234,106.97741581831995,B
258,5,4,108.20133796745401,108.1725709047829,B
287,5,4,110.55998631490945,110.63326804737855,B
395,5,4,116.25894978200955,119.08395041838145,B
179,5,4,110.07675917403755,110.4672878065647,B
361,5,4,114.2447129108684,112.51974481207323,B
164,5,4,102.32220900440139,105.90948747150784,B
110,5,4,112.52504863568167,113.41407396279419,B
256,5,4,115.06657583310484,116.34420228913852,B
314,5,4,116.18374870625107,115.75600368306885,B
5,5,4,119.5256118445044,119.11389199347094,B
144,5,4,108.61854555611455,110.84746356468759,B
103,5,4,103.9461497028934,102.78936492710176,B
210,5,4,111.38422222529034,114.36580721527389,B
41,5,4,112.22233535426247,112.70220803185221,B
362,5,4,111.55693826617335,110.05287514678729,B
137,5,4,108.77747509396718,109.13676347815763,B
377,5,4,101.52210445450767,99.70406331979949,B
254,5,4,107.2681800181781,108.02227496296194,B
146,5,4,109.31007132674983,107.08351162887215,B
125,5,4,117.2226090286742,117.91246806448413,B
86,5,4,113.52611196983796,113.75772150454299,B
30,5,4,115.0672298286091,109.85529709781278,B
65,5,4,108.89730107875897,109.35593432969351,B
203,5,4,109.6412451377021,108.13706631680455,B
205,5,4,120.97181811054948,119.69286217787197,B
44,5,4,107.87061029622583,107.16797483473124,B
27,5,4,112.00622015669944,112.66921404809452,B
80,5,4,105.52367495558394,106.03090955953611,B
113,5,4,103.92637451315885,102.55062163139986,B
204,5,4,106.90753181748053,108.96198990927599,B
7,5,4,120.35903600401481,121.09489664603586,B
208,5,4,112.75688203685922,110.55773005248778,B
158,5,4,114.37584636016935,113.33368557672054,B
112,5,4,109.33793899167094,107.82642837135313,B
231,5,4,113.05379878925504,114.57435330369019,B
228,5,4,107.44470131199265,106.08412159197573,B
8,5,4,120.07993780863609,122.65496472649528,B
73,5,4,110.69862555985353,113.08631992399928,B
400,5,4,107.4776280886984,105.84477554263765,B
118,5,4,112.58049658606875,116.1918869454851,B
189,5,4,111.58971176801892,114.21616560509986,B
206,5,4,105.90433332193315,104.73055820641802,B
355,5,4,108.3483793918716,107.43745361497768,B
13,6,0,115.05701765859655,115.05701765859655,A
156,6,0,113.4061593176198,113.4061593176198,A
143,6,0,114.11004784197812,114.11004784197812,A
155,6,0,108.35215262636314,108.35215262636314,A
138,6,0,108.05963855609319,108.05963855609319,A
343,6,0,110.8531503536532,110.8531503536532,A
200,6,0,110.68711504603061,110.68711504603061,A
399,6,0,113.64664164697383,113.64664164697383,A
376,6,0,111.98395661487322,111.98395661487322,A
276,6,0,95.19270347679154,95.19270347679154,A
229,6,0,112.00277873292578,112.00277873292578,A
337,6,0,119.94906555385228,119.94906555385228,A
315,6,0,107.69201987618058,107.69201987618058,A
211,6,0,102.0878297882019,102.0878297882019,A
272,6,0,122.64630217092866,122.64630217092866,A
134,6,0,110.32937508935017,110.32937508935017,A
56,6,0,109.0532827968761,109.0532827968761,A
383,6,0,116.51352709118107,116.51352709118107,A
196,6,0,112.40292027225713,112.40292027225713,A
403,6,0,110.71322962924035,110.71322962924035,A
273,6,0,111.70747610710906,111.70747610710906,A
210,6,0,112.37994201807604,112.37994201807604,A
140,6,0,110.24581311690272,110.24581311690272,A
28,6,0,103.41357390211721,103.41357390211721,A
109,6,0,106.24737838931601,106.24737838931601,A
117,6,0,124.01687109970445,124.01687109970445,A
10,6,0,118.28650806255833,118.28650806255833,A
61,6,0,112.78151950896876,112.78151950896876,A
171,6,0,112.51929219281435,112.51929219281435,A
232,6,0,114.37705957754957,114.37705957754957,A
30,6,0,113.61695641790448,113.61695641790448,A
291,6,0,112.53585392334982,112.53585392334982,A
199,6,0,111.68743039389352,111.68743039389352,A
168,6,0,118.94787382255983,118.94787382255983,A
285,6,0,112.96213854230466,112.96213854230466,A
308,6,0,114.04988415172281,114.04988415172281,A
245,6,0,113.76622812932871,113.76622812932871,A
331,6,0,110.94539056173329,110.94539056173329,A
177,6,0,101.53037493905543,101.53037493905543,A
224,6,0,119.1848836614079,119.1848836614079,A
241,6,0,109.13683907002644,109.13683907002644,A
66,6,0,101.67533724319634,101.67533724319634,A
32,6,0,118.80370530834261,118.80370530834261,A
183,6,0,112.47028631585778,112.47028631585778,A
260,6,0,121.55933916635826,121.55933916635826,A
17,6,0,113.68406939551662,113.68406939551662,A
339,6,0,114.37041746157261,114.37041746157261,A
259,6,0,105.54386417728918,105.54386417728918,A
53,6,0,121.76497363579247,121.76497363579247,A
122,6,0,107.50226928918637,107.50226928918637,A
148,6,0,108.1948330478578,108.1948330478578,A
4,6,0,109.08100396936175,109.08100396936175,A
128,6,0,113.06466464796122,113.06466464796122,A
188,6,0,114.3508420148712,114.3508420148712,A
351,6,0,106.5421685381436,106.5421685381436,A
254,6,0,105.26103665159329,105.26103665159329,A
389,6,0,108.71560574846123,108.71560574846123,A
112,6,0,110.17000269735408,110.17000269735408,A
221,6,0,106.73079574381663,106.73079574381663,A
346,6,0,119.37392425421959,119.37392425421959,A
294,6,0,106.2989428804303,106.2989428804303,A
59,6,0,112.57019722065704,112.57019722065704,A
282,6,0,111.08807856445362,111.08807856445362,A
95,6,0,111.09022337358708,111.09022337358708,A
277,6,0,107.64397251752548,107.64397251752548,A
158,6,0,108.21207612285518,108.21207612285518,A
162,6,0,107.50293966696911,107.50293966696911,A
220,6,0,114.02905627700858,114.02905627700858,A
367,6,0,118.05741059765208,118.05741059765208,A
189,6,0,115.52561430125368,115.52561430125368,A
321,6,0,107.40913216615147,107.40913216615147,A
375,6,0,116.72921343737687,116.72921343737687,A
195,6,0,118.43057982113577,118.43057982113577,A
313,6,0,111.92251201176096,111.92251201176096,A
289,6,0,110.18340869534384,110.18340869534384,A
312,6,0,104.39515046133413,104.39515046133413,A
372,6,0,102.30544830035674,102.30544830035674,A
406,6,0,112.81984579744129,112.81984579744129,A
163,6,0,115.44429724681389,115.44429724681389,A
93,6,0,117.74174841703783,117.74174841703783,A
48,6,0,115.8702303845755,115.8702303845755,A
137,6,0,106.55117888323787,106.55117888323787,A
217,6,0,120.67690278505083,120.67690278505083,A
295,6,1,114.5338837604437,114.69002337371197,B
253,6,1,121.11172570572543,121.22763644101633,B
381,6,1,111.41173528667264,111.27956021059593,B
90,6,1,107.23192550786004,107.3036756969238,B
355,6,1,111.03151671596225,111.13986170290056,B
408,6,1,104.6207507150129,104.79466409344315,B
280,6,1,103.6908648885505,104.68533091140749,B
192,6,1,114.29027040530924,114.29850571632673,B
71,6,1,104.05535233549232,103.62589119589286,B
263,6,1,114.46944161382517,114.28915284672368,B
115,6,1,107.6766212787122,107.53699466183751,B
187,6,1,117.2821605434454,117.26601699073632,B
347,6,1,115.22372894226334,115.39184261116293,B
103,6,1,105.23974823663929,105.09772196440686,B
283,6,1,106.93921116502524,107.49172578908298,B
81,6,1,116.82909793719764,116.84729565061937,B
98,6,1,124.78168570654893,124.85209445414046,B
181,6,1,114.75059754567555,114.43796233823801,B
274,6,1,110.48192964515798,110.18968936444888,B
164,6,1,106.31364915293203,107.06718573988266,B
166,6,1,117.12813519743476,116.88176859387481,B
310,6,1,111.60569924866708,111.97870529985308,B
79,6,1,111.09228335154867,110.96702495471746,B
146,6,1,106.71937490453217,106.76213229003619,B
344,6,1,115.49351603622468,115.81867907797469,B
255,6,1,117.31185054588396,116.91315794560927,B
387,6,1,113.90882548606183,113.87357206492278,B
113,6,1,108.1551516816173,107.85082030305738,B
175,6,1,106.48018914130657,105.31008519075388,B
116,6,1,111.33334949093901,111.41389456984365,B
174,6,1,106.30029643754281,106.18782255207262,B
27,6,1,114.0206976828368,114.07264693008779,B
19,6,1,108.07479801918264,106.66433177863867,B
316,6,1,106.94246605438744,106.28441800015287,B
180,6,1,104.3543372015088,103.90321085081219,B
72,6,1,108.03558300928009,108.48605442132018,B
300,6,1,106.23098416591998,105.92005614497333,B
54,6,1,110.37703923281907,110.47949289220037,B
178,6,1,112.7532019763722,112.52840180774399,B
235,6,1,113.43486528500034,113.5138040516362,B
203,6,1,105.69453002254184,106.0759621616064,B
248,6,1,115.62632817609297,116.56657967464166,B
44,6,1,109.67279105982945,109.81676117828674,B
100,6,1,109.13893044293332,108.68147718500848,B
69,6,1,112.41917845248592,112.55283752407802,B
407,6,1,110.65926749795481,110.1887536698452,B
65,6,1,111.59637112271801,112.11278244512289,B
298,6,1,106.10274633963525,105.81804043326174,B
83,6,1,104.03551724844857,103.28169818075773,B
50,6,1,105.48865152822043,104.97878951416514,B
22,6,1,112.54851473070468,112.41015883188558,B
338,6,1,104.95410116820432,104.88219504138465,B
105,6,1,102.50487225775547,102.55738450899108,B
393,6,1,106.50508744141504,106.60731123454345,B
74,6,1,97.75329701154314,97.60129723802862,B
136,6,1,114.95352096485463,114.78206245905093,B
244,6,1,102.8387545328777,102.20638232079907,B
231,6,1,109.68921997831478,110.14459859300214,B
311,6,1,108.77564004832132,109.15037277795459,B
240,6,1,113.40820812126154,113.54592059262791,B
252,6,1,121.20614361230633,121.82396721864487,B
301,6,1,111.35175730649289,110.82456874275152,B
401,6,1,114.11893373994023,114.15076539264658,B
243,6,1,113.5129027388478,113.00658422699935,B
179,6,1,107.93606105050074,108.21560959195604,B
215,6,1,103.58721920493477,102.8353275660777,B
5,6,1,112.67343434176607,113.26421986101485,B
411,6,1,114.74662611631123,114.24320718196194,B
265,6,1,117.00804632827223,117.42812799508522,B
225,6,1,120.74012221208567,120.39259221931479,B
152,6,1,119.42053647745081,120.14894359902691,B
269,6,1,104.88058419597894,104.55427637844244,B
78,6,1,114.91056733869965,115.00718973597911,B
0,6,1,110.43289529707087,111.04546494503619,B
150,6,1,115.398663142785,115.72449356435075,B
409,6,1,103.73942773992536,103.54242450616826,B
135,6,1,113.03368984904726,112.21558224528789,B
395,6,1,116.61741505196989,116.73807129314795,B
247,6,1,111.00984586845067,110.94215532587522,B
118,6,1,118.2770426019789,118.68705439820367,B
52,6,1,112.48455557149181,112.71146420982797,B
131,6,1,109.71628183149068,109.63738100998577,B
96,6,1,108.1334633603377,108.44868074063372,B
23,6,2,104.82062935654885,104.82062935654885,A
327,6,2,109.98272058466995,109.98272058466995,A
8,6,2,120.9083958181963,120.9083958181963,A
6,6,2,104.34708709081357,104.34708709081357,A
21,6,2,110.74542899665174,110.74542899665174,A
361,6,2,121.54186775138004,121.54186775138004,A
159,6,2,110.59024029398121,110.59024029398121,A
67,6,2,112.79528577671326,112.79528577671326,A
209,6,2,106.76638230660959,106.76638230660959,A
267,6,2,110.61601323040176,110.61601323040176,A
299,6,2,112.2733993012785,112.2733993012785,A
256,6,2,115.6156589913613,115.6156589913613,A
84,6,2,115.56882600323969,115.56882600323969,A
139,6,2,117.19783196830336,117.19783196830336,A
357,6,2,105.56604261260611,105.56604261260611,A
239,6,2,109.45197073501546,109.45197073501546,A
208,6,2,112.32246869257875,112.32246869257875,A
141,6,2,116.53578053097449,116.53578053097449,A
169,6,2,108.20967247876425,108.20967247876425,A
360,6,2,111.75948303977577,111.75948303977577,A
205,6,2,115.47718211642419,115.47718211642419,A
58,6,2,113.34199720933984,113.34199720933984,A
363,6,2,116.07544241165358,116.07544241165358,A
350,6,2,114.49312675672111,114.49312675672111,A
262,6,2,114.1097719253899,114.1097719253899,A
167,6,2,108.53148014229005,108.53148014229005,A
369,6,2,115.7490161061857,115.7490161061857,A
133,6,2,116.00017579912446,116.00017579912446,A
379,6,2,104.30633248883383,104.30633248883383,A
288,6,2,107.70308314557553,107.70308314557553,A
207,6,2,116.97103011721121,116.97103011721121,A
314,6,2,116.75458807323614,116.75458807323614,A
332,6,2,109.23741932609238,109.23741932609238,A
382,6,2,110.02351020562233,110.02351020562233,A
356,6,2,100.3216797313377,100.3216797313377,A
392,6,2,115.3832832582287,115.3832832582287,A
34,6,2,99.25295191633539,99.25295191633539,A
348,6,2,123.53587887515641,123.53587887515641,A
230,6,2,109.76821957516097,109.76821957516097,A
354,6,2,115.96445273657454,115.96445273657454,A
317,6,2,107.90228693723736,107.90228693723736,A
191,6,2,104.811858707875,104.811858707875,A
268,6,2,111.14706502461992,111.14706502461992,A
330,6,2,111.82356819852112,111.82356819852112,A
359,6,2,103.95577353408417,103.95577353408417,A
304,6,2,106.38618283767013,106.38618283767013,A
170,6,2,112.11180478789257,112.11180478789257,A
38,6,2,104.05171165362816,104.05171165362816,A
86,6,2,114.95119249091026,114.95119249091026,A
11,6,2,109.98355047085909,109.98355047085909,A
297,6,2,111.57540133458788,111.57540133458788,A
222,6,2,109.9821209997171,109.9821209997171,A
307,6,2,101.87561942486616,101.87561942486616,A
2,6,2,115.09790987436313,115.09790987436313,A
391,6,2,110.24931744310658,110.24931744310658,A
309,6,2,113.51230841929065,113.51230841929065,A
64,6,2,107.74220157991644,107.74220157991644,A
154,6,2,120.71827722205663,120.71827722205663,A
94,6,2,110.05129060158467,110.05129060158467,A
340,6,2,113.3440349923658,113.3440349923658,A
14,6,2,101.24147318261689,101.24147318261689,A
47,6,2,107.15904564143851,107.15904564143851,A
49,6,2,101.65275434774992,101.65275434774992,A
12,6,2,115.09089799438998,115.09089799438998,A
380,6,2,110.42367301529981,110.42367301529981,A
223,6,2,108.52958335888478,108.52958335888478,A
182,6,2,100.25436163686248,100.25436163686248,A
226,6,2,113.85739217055415,113.85739217055415,A
328,6,2,117.5373891276887,117.5373891276887,A
16,6,2,116.05394120362227,116.05394120362227,A
202,6,2,115.62917622685966,115.62917622685966,A
212,6,2,109.25845823024623,109.25845823024623,A
402,6,2,118.38496567038543,118.38496567038543,A
287,6,2,107.25244544559871,107.25244544559871,A
249,6,2,108.7125744244609,108.7125744244609,A
242,6,2,111.18691961548555,111.18691961548555,A
25,6,2,114.33310622994472,114.33310622994472,A
385,6,2,113.06918240271308,113.06918240271308,A
368,6,2,109.82538529568214,109.82538529568214,A
108,6,2,110.25376142075342,110.25376142075342,A
386,6,2,101.08544129548324,101.08544129548324,A
320,6,2,104.95368428129203,104.95368428129203,A
410,6,3,118.00855708155035,118.00855708155035,A
165,6,3,114.710224624368,114.710224624368,A
173,6,3,119.14414761021666,119.14414761021666,A
184,6,3,103.92726191290272,103.92726191290272,A
293,6,3,113.36865214972856,113.36865214972856,A
89,6,3,107.611172817073,107.611172817073,A
46,6,3,107.56728063360116,107.56728063360116,A
286,6,3,123.67549261016966,123.67549261016966,A
104,6,3,106.42161903209409,106.42161903209409,A
275,6,3,114.7519415340928,114.7519415340928,A
246,6,3,117.13981426244827,117.13981426244827,A
160,6,3,105.08774589228409,105.08774589228409,A
88,6,3,107.0054498233109,107.0054498233109,A
214,6,3,106.63605317289529,106.63605317289529,A
97,6,3,112.93658270289095,112.93658270289095,A
18,6,3,114.59264838491035,114.59264838491035,A
279,6,3,107.2020042459909,107.2020042459909,A
190,6,3,113.90460699305949,113.90460699305949,A
102,6,3,122.45967661243378,122.45967661243378,A
398,6,3,110.65567076384087,110.65567076384087,A
29,6,3,117.30836198655184,117.30836198655184,A
345,6,3,110.47721101636556,110.47721101636556,A
20,6,3,106.53376381612831,106.53376381612831,A
270,6,3,114.08182006985365,114.08182006985365,A
258,6,3,105.60115823670776,105.60115823670776,A
237,6,3,110.73490359740322,110.73490359740322,A
35,6,3,121.33613111612306,121.33613111612306,A
144,6,3,106.45799219922885,106.45799219922885,A
45,6,3,106.10013230430994,106.10013230430994,A
87,6,3,123.51079177542817,123.51079177542817,A
292,6,3,118.58523057044309,118.58523057044309,A
99,6,3,113.18451524668258,113.18451524668258,A
371,6,3,108.26043304404043,108.26043304404043,A
261,6,3,112.44875186145217,112.44875186145217,A
51,6,3,114.42811591226298,114.42811591226298,A
325,6,3,100.44367064124705,100.44367064124705,A
126,6,3,99.89810047837545,99.89810047837545,A
107,6,3,104.22332578637764,104.22332578637764,A
37,6,3,122.19320042540936,122.19320042540936,A
219,6,3,115.83043480850472,115.83043480850472,A
176,6,3,121.06864820416293,121.06864820416293,A
151,6,3,120.15099032394905,120.15099032394905,A
238,6,3,109.73000523074683,109.73000523074683,A
390,6,3,103.9220521348148,103.9220521348148,A
366,6,3,112.47345277082005,112.47345277082005,A
305,6,3,109.89982557107436,109.89982557107436,A
76,6,3,115.44035145592703,115.44035145592703,A
329,6,3,105.30678097031739,105.30678097031739,A
120,6,3,110.9556804111059,110.9556804111059,A
39,6,3,125.58507117247986,125.58507117247986,A
404,6,3,111.54272936542903,111.54272936542903,A
216,6,3,109.71430499762187,109.71430499762187,A
228,6,3,108.85325060992392,108.85325060992392,A
7,6,3,118.79956734695472,118.79956734695472,A
91,6,3,105.2162057347291,105.2162057347291,A
145,6,3,104.82469297441303,104.82469297441303,A
257,6,3,113.54892817521176,113.54892817521176,A
172,6,3,110.43179841584367,110.43179841584367,A
405,6,3,122.52622281132038,122.52622281132038,A
213,6,3,109.4072956996393,109.4072956996393,A
92,6,3,108.47032727673195,108.47032727673195,A
302,6,3,114.07462478219439,114.07462478219439,A
55,6,3,106.25066215954568,106.25066215954568,A
373,6,3,114.94735033939703,114.94735033939703,A
290,6,3,103.60832919735745,103.60832919735745,A
111,6,3,110.22052137232173,110.22052137232173,A
370,6,3,114.09884966257519,114.09884966257519,A
198,6,3,108.31584789553082,108.31584789553082,A
121,6,3,106.7871661213826,106.7871661213826,A
186,6,3,113.04754392247516,113.04754392247516,A
250,6,3,100.19788034255285,100.19788034255285,A
206,6,3,102.24291939316906,102.24291939316906,A
60,6,3,118.76997134344833,118.76997134344833,A
233,6,3,116.62027157105715,116.62027157105715,A
352,6,3,110.9917381837779,110.9917381837779,A
396,6,3,111.39413854278652,111.39413854278652,A
3,6,3,117.88190155013636,117.88190155013636,A
278,6,3,111.56133825488868,111.56133825488868,A
142,6,3,108.10458133556392,108.10458133556392,A
157,6,3,116.47674208160629,116.47674208160629,A
349,6,3,119.09819025522609,119.09819025522609,A
364,6,3,106.88641726056882,106.88641726056882,A
149,6,4,113.6822741328014,113.6789553368841,B
153,6,4,110.64644012476914,115.6572555614067,B
378,6,4,115.2868864231738,107.11512251650176,B
377,6,4,108.7783968382009,111.85055337578208,B
193,6,4,112.64200332513659,108.14945407515017,B
73,6,4,105.98176242737526,117.29725219310029,B
77,6,4,114.51596458238575,113.90091860330895,B
40,6,4,106.13878160801922,101.67789467157104,B
353,6,4,109.52803430115978,117.93975241291693,B
101,6,4,115.2783406083044,122.65444102039174,B
374,6,4,102.60915985298641,104.22978911820664,B
9,6,4,114.45470941322321,102.54419931549586,B
358,6,4,115.60844811049711,112.42025023229598,B
70,6,4,109.47444661239115,118.98466077617606,B
251,6,4,110.62352047377783,111.28616441179811,B
388,6,4,108.68229225181966,112.59135778448609,B
303,6,4,116.58459847374232,112.27892845109284,B
384,6,4,102.10605663040923,105.61896438032969,B
271,6,4,110.19550711328975,111.41601404381849,B
68,6,4,104.10868082155608,102.42131085447649,B
33,6,4,108.974752403183,100.38621672117739,B
400,6,4,103.85624930373943,103.72925557633715,B
36,6,4,107.70547792290336,107.65265861598587,B
42,6,4,114.19820930961814,114.06549041401473,B
24,6,4,106.43322161548237,106.12961662778962,B
123,6,4,116.46925242118313,111.57138702632179,B
41,6,4,104.96420189854382,103.35676477159916,B
82,6,4,109.34307421630368,109.05465226514005,B
129,6,4,117.16700707481333,121.7252531742235,B
341,6,4,111.5250937966846,103.88677404028407,B
323,6,4,109.84719602977813,103.54729243011028,B
266,6,4,107.763862914041,109.33185078850218,B
63,6,4,111.77542659421391,111.61867375898535,B
218,6,4,118.93182560080271,116.69788616177519,B
234,6,4,110.87736256002425,112.61444297191733,B
326,6,4,106.14734609285972,105.32371615745265,B
296,6,4,107.24556580207351,110.41920879340817,B
119,6,4,108.31309396901838,118.34477612388702,B
334,6,4,111.54807458934988,111.33751653721336,B
397,6,4,116.58584207130212,110.23331188726198,B
306,6,4,110.89739332249837,110.01752642460652,B
57,6,4,119.33426171734737,106.52662149343908,B
43,6,4,116.72345566808579,113.4633131039624,B
284,6,4,103.91883156770913,111.08942901646414,B
124,6,4,104.40821238534053,106.37372604672532,B
85,6,4,108.01769218600118,104.47580625921682,B
147,6,4,112.3964074655158,110.59515887741762,B
319,6,4,104.77966656733855,112.7231171661231,B
322,6,4,110.30799605828517,118.89775856186802,B
127,6,4,117.05531227773758,111.9649208233879,B
194,6,4,110.19846267215686,109.38109950432025,B
80,6,4,101.26166643600484,103.9415022217524,B
62,6,4,115.53109599320746,111.17521517427161,B
132,6,4,116.09999027483778,116.07019892981029,B
197,6,4,109.59324043416407,120.70336250696852,B
114,6,4,107.56884667303663,113.69566192848009,B
342,6,4,97.65104626383535,102.94809367999068,B
15,6,4,109.94906332746018,111.74242887661092,B
125,6,4,107.7145242494872,99.99302591256402,B
31,6,4,112.69936012857954,108.97155385997468,B
204,6,4,113.38639989712192,122.5722494913255,B
130,6,4,115.94326695329816,103.80071477919164,B
264,6,4,112.80301567172609,112.82160632687972,B
324,6,4,109.57568323022822,114.10128738688147,B
110,6,4,114.63605380988456,120.90323678617645,B
236,6,4,110.14476663629618,101.29224548780202,B
161,6,4,109.76871620121449,108.99685047476166,B
26,6,4,114.9675339851067,110.42953500753697,B
185,6,4,105.13302528109925,105.145961561924,B
333,6,4,110.57661937049173,109.13668367978356,B
75,6,4,111.81174516948647,109.61463253124352,B
1,6,4,103.61320007105316,110.92374212946473,B
281,6,4,120.64462008153978,121.8797496794756,B
318,6,4,113.0370029649279,108.0415592987595,B
336,6,4,107.87649309235512,115.20030323751364,B
362,6,4,111.43791686225742,112.32721241648407,B
335,6,4,106.0562472020857,103.09941758402442,B
365,6,4,113.26667900759038,114.04305338637803,B
106,6,4,106.89332075655838,106.21484140729962,B
227,6,4,105.96411396293868,110.67612470031659,B
201,6,4,114.18708869268832,111.72935070008458,B
394,6,4,106.97086328028853,112.34492181106074,B
240,7,0,112.27359768868585,114.62828911818455,B
248,7,0,112.9449628169939,114.96735576065589,B
60,7,0,112.18277539324488,110.88980576986755,B
30,7,0,113.71279679386316,114.84723420198969,B
387,7,0,113.00650007907922,111.56336899609678,B
294,7,0,111.03502754894575,112.48604530940787,B
409,7,0,108.3043750213952,106.11664264955812,B
375,7,0,114.38824599771755,112.4341556682352,B
397,7,0,116.18504465301493,118.67209623378525,B
115,7,0,110.54543817575254,108.55714181857985,B
287,7,0,110.06535125616713,111.25055030317901,B
298,7,0,109.654967285133,109.53168961010921,B
281,7,0,113.35951257081777,114.50682457981978,B
80,7,0,107.32790918219841,102.03968878838951,B
395,7,0,112.7587014085908,116.01961168395785,B
168,7,0,112.77819923552184,113.9095190976362,B
273,7,0,111.81531124330903,114.26319841277297,B
268,7,0,110.23057792780064,109.06606479876619,B
118,7,0,113.00916976669527,116.61606663094125,B
371,7,0,109.46347776299184,107.51438808370717,B
202,7,0,112.43687196093349,112.1200449597611,B
308,7,0,113.91998713394645,116.09384528870874,B
338,7,0,106.23923896236865,103.60299457501476,B
293,7,0,110.73480439692868,106.55160369845349,B
369,7,0,112.5220605742542,112.88699193194347,B
204,7,0,111.76183964457601,115.21133039574303,B
132,7,0,111.86108818829105,115.71722335512736,B
231,7,0,110.13953577655667,111.27613168199164,B
129,7,0,109.825622736748,108.60687785199953,B
26,7,0,114.96839415724008,119.91956496983474,B
223,7,0,109.11828662569427,107.41952455727086,B
207,7,0,113.97136724722428,117.34200831120187,B
51,7,0,110.29113931494982,113.23241362581254,B
402,7,0,114.25485651458136,111.94978880843,B
266,7,0,108.9985889807945,107.23217516968421,B
14,7,0,109.88245663979556,106.76465004521206,B
101,7,0,109.68541672906956,112.8175844587433,B
253,7,0,114.53485854240542,115.53666564548827,B
188,7,0,109.95747403967691,111.01754791055141,B
52,7,0,106.94969228051173,106.12884088571485,B
140,7,0,110.1840916094352,109.2313003989087,B
56,7,0,107.90417144342355,103.63913716109427,B
261,7,0,115.79855972990873,114.49745293660686,B
355,7,0,109.94162307089573,111.05730879135729,B
162,7,0,109.08843632515294,107.77238322390286,B
302,7,0,110.91517918148672,112.56117795402453,B
111,7,0,113.37842662297173,113.9026733431741,B
65,7,0,110.57861858119372,109.10569166928494,B
109,7,0,109.09461370394186,105.89324567210559,B
399,7,0,110.6252284368098,110.78808215749379,B
373,7,0,110.95732884484045,111.00681896759804,B
232,7,0,111.90005186607803,111.2490778837593,B
114,7,0,104.10412943590235,100.06123068821744,B
28,7,0,107.7153967924525,107.75708904009413,B
41,7,0,110.72709814278055,113.21131511777175,B
3,7,0,111.96829569105923,117.59316797057464,B
22,7,0,108.85845270111676,108.27186475683627,B
360,7,0,110.74030065920448,112.12331829264753,B
90,7,0,109.3663724352162,110.97502232342636,B
342,7,0,105.94952574656801,102.05271989384536,B
356,7,0,106.43817167709868,103.64999281992111,B
228,7,0,108.65405250573299,110.66579990518834,B
237,7,0,110.54858269690328,112.92397789912619,B
264,7,0,109.09807700279735,111.73410870890835,B
57,7,0,120.07397248028781,124.61606162335545,B
159,7,0,110.3425058088743,110.12440557065692,B
139,7,0,114.74902056448367,119.0811090149558,B
141,7,0,111.87941800437565,108.93403867925196,B
89,7,0,108.74895314431818,108.4822231666813,B
236,7,0,115.45016499080407,111.37041829295762,B
297,7,0,108.45133940245928,110.9379804248993,B
243,7,0,109.09260884785131,109.74509564653052,B
120,7,0,109.725873462298,110.57342364307097,B
241,7,0,108.11193165930855,104.07577544384976,B
249,7,0,108.90635018427034,110.30231750266464,B
174,7,0,111.03171283884727,112.93595680459451,B
381,7,0,110.13828845251602,109.66658207016356,B
177,7,0,107.24021678607775,106.63720170088098,B
244,7,0,106.3294557160555,103.69395151654054,B
98,7,0,118.87113051734734,121.89692318253712,B
193,7,0,109.5352985164591,109.16606834253578,B
357,7,0,108.91457053395166,106.70529441916182,B
59,7,0,109.8831819213124,111.66384938060659,B
239,7,1,111.06201392088515,111.16826028153366,B
74,7,1,100.93798861513105,106.05784912273,B
79,7,1,108.5316131474776,108.13754145736084,B
155,7,1,108.5440585833476,108.52351415524652,B
220,7,1,114.11419809908071,112.45170718045753,B
81,7,1,116.46248531492374,113.25214225231798,B
50,7,1,109.40099007252299,110.38570308532837,B
256,7,1,116.07531388089252,113.83159548628568,B
336,7,1,97.98348725695344,106.08980689429282,B
405,7,1,117.87667400012121,115.17672192414632,B
367,7,1,119.73268701003497,113.99664749973509,B
216,7,1,108.83070483285186,111.43996733244465,B
53,7,1,119.71432948925883,117.44239845608809,B
361,7,1,118.51494214240603,112.39024154849521,B
145,7,1,106.59211370664002,108.0315716348286,B
368,7,1,107.46881669368943,109.98010071660863,B
410,7,1,118.63680218716421,116.36643728705499,B
310,7,1,109.81069894144434,108.1250838436933,B
181,7,1,113.57248085458899,112.97133755472562,B
200,7,1,111.4174706857131,111.15980662606623,B
66,7,1,99.49330495542374,110.17749749777389,B
377,7,1,99.20862437809191,105.65671072382442,B
221,7,1,109.31161311589905,113.70204410830829,B
163,7,1,115.59638540396452,111.85788268184825,B
396,7,1,111.61333784420306,108.97041424981785,B
84,7,1,114.88675666846419,112.21685938773878,B
344,7,1,116.0700410824985,113.99344218940435,B
337,7,1,117.95890173172626,109.15450382210055,B
99,7,1,116.4918097943586,114.58170695892274,B
32,7,1,118.44315961879272,116.48677032753736,B
332,7,1,111.63636670542722,108.19147136039962,B
15,7,1,117.45237652580364,114.63488500419832,B
263,7,1,113.86614254484792,113.06442381206924,B
303,7,1,119.07212658428449,115.12757090654627,B
238,7,1,105.86472781741158,108.06739882105911,B
173,7,1,117.96088576061308,115.33148087570189,B
86,7,1,115.0954547473192,111.48819950449558,B
37,7,1,119.13276951111212,114.09246500360695,B
2,7,1,110.95914651528604,114.97543807997774,B
62,7,1,118.5679314981698,113.6935362711557,B
138,7,1,111.44840635612957,113.85182751514382,B
164,7,1,106.42139765740234,108.31674569456457,B
313,7,1,109.96446278988734,112.4182597635255,B
147,7,1,110.32896103871408,109.80856524745772,B
148,7,1,107.52562809545515,107.69626677404516,B
73,7,1,107.18245341321541,112.12151588179172,B
277,7,1,106.04410821675853,107.90242882531025,B
104,7,1,105.39782087794771,110.3349065967628,B
157,7,1,118.19868738480264,114.54592128028605,B
16,7,1,114.30743178060588,112.5886337666501,B
170,7,1,113.05362312966692,114.77351497369224,B
88,7,1,112.11903949921967,111.36636744842886,B
364,7,1,108.40995432354693,110.78488873449865,B
102,7,1,120.10158446592915,116.0506559692316,B
318,7,1,115.28679190537122,110.28606095926165,B
70,7,1,104.6102341166077,109.59092361517608,B
133,7,1,115.3300363024103,114.13651717200962,B
334,7,1,114.26628880844444,111.76592386353043,B
406,7,1,111.85966446317663,114.48092529399987,B
235,7,1,114.7308499549141,113.13810049750552,B
270,7,1,111.05762821809185,112.45383775203214,B
18,7,1,112.88740115710979,109.75592454651586,B
322,7,1,111.32908697807571,113.10041740623357,B
20,7,1,105.2752290259934,108.4892795106239,B
55,7,1,108.45346374022705,111.01637268313465,B
288,7,1,107.74114003035511,109.15474291024631,B
347,7,1,111.84323779889021,110.64884556059717,B
292,7,1,118.54249650451301,116.52146825237075,B
296,7,1,107.11308614108357,108.36264161108734,B
150,7,1,120.97935961008992,114.23226354511881,B
194,7,1,108.83730911217512,108.87531434456605,B
165,7,1,116.21624794762525,111.61803603767997,B
352,7,1,109.89313658295131,111.17862117069713,B
97,7,1,110.98201613376924,112.26633266748271,B
393,7,1,106.09178863877892,107.6783227984709,B
154,7,1,119.34554913993887,115.72856896978473,B
122,7,1,104.02373195066569,107.1521973729232,B
113,7,1,104.40802743574075,105.79022528394775,B
245,7,1,114.53725619829297,115.38389657548609,B
269,7,1,103.26563597420815,106.5158478878272,B
108,7,1,112.43910654821842,113.03661415659327,B
283,7,1,109.06324702495202,110.33325853024552,B
94,7,1,107.1180947650164,106.61167512267696,B
295,7,2,119.01933758889868,116.33645737419852,B
125,7,2,115.1972360886017,112.96343728255556,B
378,7,2,118.80677813117069,116.5832015587813,B
394,7,2,103.29964073071403,106.03650538987466,B
91,7,2,103.66146635124538,105.39048483932221,B
390,7,2,105.5909134731498,107.370686915884,B
400,7,2,104.4658005793775,104.5119105335062,B
307,7,2,105.61406941086861,107.1245886118819,B
384,7,2,101.91234223731112,104.72737532057712,B
187,7,2,114.58017956541165,113.91114344538109,B
335,7,2,110.76449086421393,110.02515428386364,B
24,7,2,105.78438502587608,107.3390325076141,B
324,7,2,107.91105947524002,108.90217835084964,B
255,7,2,111.78222876412538,111.45881366298997,B
126,7,2,95.89514822837378,98.39850384791872,B
333,7,2,114.65185794576298,114.16009717240524,B
78,7,2,116.74142807353117,117.91265073938317,B
206,7,2,105.44651183331818,107.32541703748879,B
178,7,2,110.8112880113614,111.18250124761985,B
341,7,2,117.02172562223882,115.0740126883866,B
222,7,2,107.27191908191216,108.52324020156823,B
320,7,2,103.9665316383722,105.63665601625289,B
227,7,2,112.11033214070746,112.58719373258465,B
289,7,2,109.01674902590754,109.38875417124649,B
61,7,2,111.9689320929566,111.77491131527866,B
389,7,2,107.44842583570998,107.90304496678111,B
93,7,2,116.931533605517,116.11312849785332,B
330,7,2,113.35910174822907,112.9529106521554,B
346,7,2,119.44550514701416,116.13607471151187,B
69,7,2,110.79715418186674,110.80657455322626,B
36,7,2,105.95577031720349,105.95256734707189,B
40,7,2,108.61642456260427,108.98325093742093,B
160,7,2,109.29504893908546,110.53439474925683,B
376,7,2,112.51527156189614,111.81786849108526,B
11,7,2,115.57097206696835,114.40841651542698,B
144,7,2,111.30132550295227,113.09097506043801,B
280,7,2,102.62879838841405,103.94701898698483,B
370,7,2,112.34934022136659,112.54498420405044,B
242,7,2,116.47148531064306,115.65478491216697,B
127,7,2,115.45720910388633,113.54997467531126,B
212,7,2,110.77066923485313,110.52276858806243,B
184,7,2,105.07864339064989,108.41841237676238,B
46,7,2,108.40804287883319,109.20651048457609,B
246,7,2,114.3335439043058,113.443060881949,B
305,7,2,116.6987058531441,113.54433963470312,B
365,7,2,109.24841120759636,109.74109894729172,B
176,7,2,118.42220117521401,116.19448969702293,B
210,7,2,111.08771656606135,111.66701301726783,B
128,7,2,110.83756692762347,111.93153237347411,B
143,7,2,112.24764091952049,111.52484648932213,B
7,7,2,118.01875011899045,114.5208480830014,B
354,7,2,112.30375548629394,110.57763941989,B
254,7,2,110.56185801717865,111.26121851921721,B
328,7,2,118.82703515856787,117.27026260661899,B
179,7,2,108.24229452112883,109.8033384407917,B
172,7,2,109.42099400909404,109.14386530467117,B
217,7,2,116.2252203928843,113.01884380059738,B
301,7,2,108.96411243960515,108.60027069910021,B
8,7,2,121.44630957408958,119.11162057612411,B
156,7,2,122.14885065737073,119.02494651214018,B
27,7,2,117.40437872004242,116.06943266415314,B
300,7,2,108.84738930179509,110.39108374394559,B
359,7,2,104.55492293332608,105.46363762028017,B
58,7,2,109.4471942845912,111.01745515225798,B
205,7,2,115.15877244000988,112.89687818878662,B
64,7,2,112.22055575191519,110.16841625403549,B
82,7,2,112.83138570393133,112.38443400240061,B
407,7,2,108.90372560417015,109.07937665772292,B
213,7,2,112.81921074660559,111.59232899887607,B
259,7,2,102.17408282568792,102.78328252291024,B
153,7,2,112.65461799493352,112.19484018160531,B
48,7,2,113.34326237450396,112.77555063371506,B
208,7,2,114.04528897878106,114.10932267588595,B
326,7,2,104.37220072590236,105.38496642279442,B
31,7,2,113.90973702367742,112.85290880466368,B
1,7,2,102.9637652337971,105.48078829825548,B
171,7,2,112.71440660470171,113.16579252240058,B
267,7,2,112.23855190184472,110.59486602114904,B
13,7,2,116.05036808407803,115.15232390488265,B
374,7,2,105.67388601824993,105.41218323292554,B
9,7,2,117.923221155531,116.50839302278436,B
146,7,2,105.9678479115032,105.85586593832602,B
265,7,3,113.49715947528139,113.59881264360993,B
271,7,3,105.05724615768014,104.949193797508,B
379,7,3,106.19784444389322,106.4452403039844,B
95,7,3,111.49825731857487,111.35931214679758,B
34,7,3,107.18651039298128,107.37257279746123,B
96,7,3,109.36928846279122,109.50309841239083,B
403,7,3,109.81844852892334,110.01992267042198,B
284,7,3,98.45480021468552,98.37558890741641,B
258,7,3,110.82227750471787,110.85509936534169,B
116,7,3,112.80513782085643,112.91408447952102,B
45,7,3,102.78312849292394,102.33881714148652,B
161,7,3,110.69645960357013,110.54525492981351,B
314,7,3,117.10126197543397,117.1088544290944,B
117,7,3,114.91483452285306,114.88092122594816,B
77,7,3,115.48113445068779,115.560047705851,B
321,7,3,105.67712931179685,105.44143816673538,B
63,7,3,107.29247054686756,107.18212361926841,B
230,7,3,114.46449520192847,114.67210215170198,B
186,7,3,113.22827211294057,113.00373003089237,B
274,7,3,108.35121614057162,108.27210442315943,B
199,7,3,116.70864929095407,116.53588070135146,B
278,7,3,115.26370875774052,115.2035847217619,B
121,7,3,109.71737884003701,109.96016016970637,B
380,7,3,114.19667590025853,114.41684817350807,B
353,7,3,106.05162920807015,106.18979129825834,B
158,7,3,105.48496050817633,105.5097796667358,B
85,7,3,109.82021143934517,109.77897655894353,B
225,7,3,123.00466414437216,122.93055287914119,B
262,7,3,115.41203055932999,115.41940634052523,B
340,7,3,113.56230612864059,113.68709675283937,B
76,7,3,113.62572736191814,113.87470701118089,B
319,7,3,101.8619376863889,101.81090176669713,B
306,7,3,112.95444124779728,112.93366786294013,B
87,7,3,121.72509775157715,122.10727116799876,B
411,7,3,113.41195733038029,113.08518846137282,B
182,7,3,108.56004552864718,108.56194936132368,B
105,7,3,107.12513181104936,106.92921765404402,B
49,7,3,109.15383644427838,108.98844444812474,B
5,7,3,111.43307823421605,111.6448637078048,B
17,7,3,114.62453319884479,114.60445542032714,B
234,7,3,110.16280260884034,110.47735090859805,B
327,7,3,107.90037791336374,107.71441880133611,B
106,7,3,114.69329736010677,114.72760088109631,B
134,7,3,113.75246040283284,114.02996638507761,B
331,7,3,110.88069614181015,110.5453777592198,B
226,7,3,115.4455748881809,114.95512273914845,B
214,7,3,111.45384431167409,111.41913032940982,B
190,7,3,109.85399316309801,109.71913266496193,B
362,7,3,109.08983599606219,108.98455285755843,B
282,7,3,116.53293805956409,116.51341784668568,B
29,7,3,114.35045554165615,114.4537460724639,B
169,7,3,107.69924533690204,107.6061445691854,B
180,7,3,105.89269712452912,105.76019563559268,B
100,7,3,107.30700750506443,107.08845463977069,B
197,7,3,108.3534281317626,108.2966621040988,B
209,7,3,108.47749079405949,108.33310062905231,B
135,7,3,115.15955497880852,114.67753906064132,B
385,7,3,115.67977130840764,116.0696217105138,B
351,7,3,106.60769366691241,106.66744158773942,B
198,7,3,106.3906533408609,106.41214748783052,B
166,7,3,114.01718193549316,113.81957780013398,B
316,7,3,107.183526845497,107.07465078420528,B
136,7,3,112.47157121058126,112.47759630084992,B
285,7,3,115.15075402572202,115.01715779226967,B
131,7,3,105.93202638910086,105.71128344411812,B
39,7,3,121.5710898028582,121.43372487285622,B
215,7,3,104.67802874988641,104.37272778240971,B
43,7,3,114.58771505866,114.33561605573612,B
54,7,3,115.07151682221259,115.05343695196352,B
388,7,3,113.0891249495454,113.26880117125245,B
299,7,3,113.09856257582048,113.088725872759,B
372,7,3,105.0821666042817,105.21966153464348,B
304,7,3,109.43566962208301,109.4332465956922,B
35,7,3,114.98113654479633,114.73474960849582,B
315,7,3,113.86594501025189,113.84952061349992,B
309,7,3,110.27441673230865,109.99090538855741,B
276,7,3,102.03261093453438,101.98936518790663,B
124,7,3,110.09066403685023,110.02990890423706,B
142,7,3,102.08039770362458,102.21409358953977,B
110,7,3,111.84898818254428,111.96855413029755,B
323,7,3,110.46985357077136,110.33929312749589,B
358,7,3,111.61971817779431,111.36686491333091,B
107,7,4,108.3843533083553,107.32736669834787,B
12,7,4,114.39344320686656,113.7437052359,B
272,7,4,119.20515923018766,119.90345453882436,B
47,7,4,113.06117910530722,113.30916778253655,B
203,7,4,108.68134463153314,107.4863599460538,B
350,7,4,116.97353946654971,116.97277051970084,B
119,7,4,95.03065705746371,94.32879963281934,B
21,7,4,111.00287234170612,110.94635812137587,B
83,7,4,104.8042022905665,103.54682954818342,B
130,7,4,116.2827188336525,117.03375811930894,B
329,7,4,112.25895027320391,111.98590911905177,B
229,7,4,114.37571037909444,112.89052245700798,B
404,7,4,106.1854349297725,108.47903531446283,B
286,7,4,119.75716788020114,119.38723706597622,B
123,7,4,110.91664575033613,110.5644408399824,B
33,7,4,115.88897193476761,116.81489438774378,B
386,7,4,105.09495807340758,105.60410694966399,B
4,7,4,107.92313170383171,106.8153786162683,B
19,7,4,103.1639058747212,102.20972281357761,B
219,7,4,115.61427490277103,114.1305563908835,B
408,7,4,102.00819368095928,102.67984885248498,B
149,7,4,114.43461318427454,114.11177762280533,B
224,7,4,117.85064302983278,117.8179544550949,B
247,7,4,115.03241019255019,115.42657655600631,B
363,7,4,116.69079163321697,116.32416050121077,B
151,7,4,116.54495804861916,115.48974012512555,B
317,7,4,105.38195348570085,105.12865232985338,B
291,7,4,112.32033188376164,113.29309502037025,B
233,7,4,115.25296297392487,115.43644027291334,B
10,7,4,111.15250675349765,113.74072942912639,B
279,7,4,107.22831937992854,106.97540969470438,B
71,7,4,104.70663563789253,105.25594746124656,B
252,7,4,120.26547295839092,121.47907865218025,B
92,7,4,114.81888310507514,114.21010251752706,B
349,7,4,114.8022729037185,113.7484037159775,B
192,7,4,112.84024483027841,114.08685816145416,B
257,7,4,114.59779133330039,112.6823214209787,B
339,7,4,116.23336786433961,115.28135615163416,B
401,7,4,113.9541551981532,112.71662249574572,B
195,7,4,114.71656330491345,116.30956650649787,B
343,7,4,110.79291723695465,109.21597781707132,B
137,7,4,105.06883343157457,105.55034131791089,B
260,7,4,121.75420776827681,120.69319167975641,B
38,7,4,105.42018783398852,106.04751284960068,B
201,7,4,113.56208506123983,114.1147804817588,B
382,7,4,102.91465846094133,104.48292070270648,B
290,7,4,105.51021514759219,103.81623082163186,B
189,7,4,114.70595277492163,116.52514659265276,B
251,7,4,113.35332158025915,113.00841485398044,B
112,7,4,112.42308648234496,111.46636934550077,B
183,7,4,110.24599135569737,109.7992586624992,B
152,7,4,118.52238108194122,119.50995710110743,B
312,7,4,114.48056079445779,113.72260223629682,B
325,7,4,104.18680055509861,103.4409019976546,B
191,7,4,106.74724506275933,106.52712007648717,B
44,7,4,113.18273042019264,113.43364479992957,B
275,7,4,114.33734179267753,114.61743085644402,B
6,7,4,105.78499931055073,105.40833436102429,B
250,7,4,100.07106709923053,98.83319176297229,B
311,7,4,108.2204628351466,108.9250121154402,B
75,7,4,112.87829857220129,113.10026747983363,B
0,7,4,112.82942661058303,113.25296197472196,B
391,7,4,109.40952748040864,110.47273654751646,B
383,7,4,114.58716717928021,114.10897847160972,B
68,7,4,109.75653724261586,110.13727165125921,B
167,7,4,109.62653456920812,109.85038780140877,B
392,7,4,116.99570407494758,117.53312076116161,B
218,7,4,114.97069722816666,115.88477942801634,B
42,7,4,104.32636543056522,102.34816239807259,B
366,7,4,115.71267289617253,115.84971973854232,B
345,7,4,111.538245701658,111.56115721980169,B
72,7,4,109.44737151881868,110.04622052053534,B
23,7,4,105.28388005979625,104.61472740270231,B
398,7,4,109.59095279443653,110.0425363689879,B
185,7,4,110.98909766449086,111.07570588808652,B
348,7,4,120.28180905415894,120.21378014855793,B
103,7,4,107.52751161054695,106.28188239109848,B
211,7,4,101.7552669470621,100.05580885511819,B
67,7,4,115.93729414440853,115.41577829407612,B
25,7,4,113.4536976995422,113.7524121353085,B
196,7,4,111.3574239382527,111.01627018062432,B
175,7,4,104.34551022502437,101.04900431242677,B
353,8,0,111.38326247824386,111.14705153887232,B
211,8,0,107.38343018280176,106.16578910885026,B
398,8,0,108.29536451992664,108.64456301840926,B
56,8,0,111.37267632932071,110.63018540378488,B
78,8,0,114.39371857667794,114.93506911227047,B
27,8,0,115.53191560210865,115.91831126481577,B
299,8,0,112.00290347924562,111.89433673538554,B
89,8,0,111.33457083179727,111.38178097691576,B
41,8,0,106.20217717098947,106.67665786796795,B
162,8,0,109.77467988363935,109.65843355330513,B
239,8,0,110.05774797897205,110.01357921562042,B
141,8,0,113.47899066446115,112.94784984926562,B
168,8,0,115.96713662147192,116.50427211695883,B
195,8,0,112.37117305351956,113.49028553044579,B
281,8,0,118.25850516126306,118.22534308720157,B
313,8,0,110.32981058787166,110.26072874769433,B
324,8,0,109.73080708608884,110.18990130799139,B
256,8,0,114.25107275235638,114.83001975943807,B
245,8,0,113.41128370614624,114.50491202965736,B
301,8,0,113.23735554471853,113.57495261443957,B
0,8,0,111.89871460546459,112.15061344223354,B
158,8,0,109.37440671910323,108.85284695960485,B
55,8,0,116.3262380328089,117.09179507259402,B
390,8,0,105.8643103250822,105.26957416452781,B
4,8,0,108.10937231496249,107.82215195756532,B
109,8,0,113.23137328671032,112.99217854163284,B
64,8,0,111.18240876509645,110.67187453535844,B
8,8,0,114.10174244073409,114.41431367585452,B
95,8,0,110.75810303537166,110.65661667524893,B
68,8,0,110.44012297192062,110.6011129794233,B
224,8,0,116.37829166737731,116.4184721393541,B
381,8,0,111.17672982955213,110.61509405378482,B
221,8,0,110.7227488654896,111.53356023501996,B
153,8,0,111.843561161281,111.49296891757285,B
273,8,0,114.21268565632968,114.63135953118874,B
234,8,0,113.5192632953216,113.72511634853669,B
312,8,0,113.29645205136639,114.25552508421549,B
294,8,0,109.15245299480532,109.51703758341631,B
127,8,0,112.7680535110038,113.32177720681472,B
72,8,0,113.56663395155857,113.2238491283135,B
44,8,0,111.65693460652548,111.75759079900874,B
66,8,0,107.80205517006434,108.25687673724559,B
240,8,0,111.8912485800988,112.06544998770414,B
342,8,0,101.72640936163239,101.0794518192863,B
197,8,0,108.14664510592104,107.51284638741845,B
125,8,0,112.954142001483,112.78165889534279,B
389,8,0,110.84534581548328,110.66144484857679,B
331,8,0,115.03628168687257,114.34596848930377,B
411,8,0,112.06562313066038,112.59706243823993,B
369,8,0,112.0106902030164,112.00634094984217,B
371,8,0,109.08091561954973,108.70641016520217,B
296,8,0,106.99592080843946,106.81921727907547,B
356,8,0,107.6514863524384,106.91821946146813,B
53,8,0,116.98473168298432,116.69163884951031,B
338,8,0,106.66023957281163,106.20654713399114,B
308,8,0,113.79470440298206,114.42741097258865,B
37,8,0,113.91800663854406,113.33714942048357,B
25,8,0,112.51098023230324,113.11565516483779,B
59,8,0,112.06829508865926,112.23014226225072,B
11,8,0,114.07391492480221,114.73476122277717,B
386,8,0,105.67164493962002,105.96901590017876,B
262,8,0,112.37050979515922,112.99560393487745,B
131,8,0,109.74188548040891,108.84408490678629,B
96,8,0,111.35521929260209,111.0655823548741,B
228,8,0,111.22990253304786,111.58914739937043,B
181,8,0,111.7226385956629,111.5406122343186,B
92,8,0,113.38766446216643,113.25215402981004,B
30,8,0,114.91971741930837,114.14794649668508,B
114,8,0,106.14456151363405,106.01945527273224,B
50,8,0,110.89053102032992,110.58960347185356,B
251,8,0,113.15741677318988,113.15760615702054,B
210,8,0,108.19452631662324,109.3675410386208,B
241,8,0,110.0048775560247,109.74894789660324,B
107,8,0,108.25139696235635,108.04841474079824,B
175,8,0,109.29559596049333,108.03137196727175,B
151,8,0,114.39641424295104,114.74131865320291,B
233,8,0,111.6054950560422,112.00049206424293,B
120,8,0,108.17870471098163,108.62305662232058,B
33,8,0,109.62594635045676,109.74300388952011,B
368,8,0,110.54426363536948,109.87318060018805,B
22,8,0,110.95592335878948,110.58638012549858,B
111,8,0,111.82847336187203,112.14362963782591,B
306,8,0,113.43772015851309,113.43644019454513,B
126,8,1,101.35388644378712,103.59454682251885,B
146,8,1,104.8273455144987,105.7148514242625,B
67,8,1,113.76535579189779,111.8267751350291,B
207,8,1,116.53934215028625,114.1903988427067,B
135,8,1,112.4871412257825,110.67518892357134,B
17,8,1,116.32138213744757,113.723357083866,B
84,8,1,119.73416257905961,115.58968498218417,B
374,8,1,104.16278970020566,105.18513865018672,B
238,8,1,106.57079321282134,108.29037664158469,B
257,8,1,116.08330528015672,113.9240021387298,B
290,8,1,102.66784586961751,107.6354480840395,B
154,8,1,118.60340232434007,113.381634367351,B
189,8,1,114.80478657486478,113.4662256241742,B
384,8,1,103.7973398752155,107.05154714911136,B
317,8,1,107.90217970001419,108.5652657949468,B
97,8,1,114.28679487962454,113.7692801318574,B
405,8,1,125.54771927028682,116.92155732196103,B
387,8,1,114.64001847983462,110.86110373054944,B
377,8,1,99.56104862607786,104.68573865436956,B
185,8,1,110.26378448638795,111.53062808461445,B
378,8,1,119.50894594207054,115.17133487590499,B
346,8,1,121.42330694445745,115.527811486412,B
79,8,1,106.4748982541075,107.430192798777,B
24,8,1,108.57691989104316,110.35689431052258,B
253,8,1,119.03773230764585,113.93084035198969,B
194,8,1,108.88556928607527,108.31556989165304,B
165,8,1,115.38830916433112,112.49363355091859,B
193,8,1,112.8068399956829,110.92868835035173,B
182,8,1,102.0832169773137,105.69109464119272,B
335,8,1,112.54182589346091,111.04972638334793,B
227,8,1,114.11434247457053,114.34257412682062,B
208,8,1,112.35131444525345,113.37645175008443,B
225,8,1,122.00301028815454,117.09573456485214,B
334,8,1,113.44266200952549,111.51633584955371,B
222,8,1,108.90105996103978,108.35596363977206,B
392,8,1,116.07426624513691,114.10062075978166,B
166,8,1,119.01750706235406,113.9995601007595,B
350,8,1,117.81269086574463,113.78210319173098,B
242,8,1,110.71157839597606,111.70174543312284,B
272,8,1,125.3213757044933,116.25088669253243,B
237,8,1,114.90310821897455,113.70683183892342,B
292,8,1,118.39969230196732,117.05497212817794,B
279,8,1,108.47921655284019,108.61626969779681,B
243,8,1,108.41093503291158,112.58682095836082,B
231,8,1,115.14507541983438,113.22630556548516,B
177,8,1,99.63173880628237,107.45381393019974,B
187,8,1,115.52960132380952,112.69923812036569,B
203,8,1,107.43849905638537,112.45972078774493,B
399,8,1,112.56657389007087,109.96623019318584,B
104,8,1,109.70495897828611,110.81578668124055,B
260,8,1,121.45202249574503,114.7235090785984,B
180,8,1,108.23469289513655,108.88543416900501,B
202,8,1,115.74522901207008,112.30929975974658,B
186,8,1,110.9429762270693,110.16749936409389,B
282,8,1,109.39136154108843,111.49914253698155,B
73,8,1,105.59923589260715,110.3514701335701,B
40,8,1,112.27926913512155,110.86619693635335,B
196,8,1,110.24661352592898,108.18344003351291,B
325,8,1,102.2987733826296,105.1552639714536,B
395,8,1,113.17780701430156,112.30966540483408,B
258,8,1,104.03432754404804,109.39695957788103,B
311,8,1,106.69274416121516,108.63556174781239,B
69,8,1,113.71389072253979,111.71535371073642,B
376,8,1,112.09089130575403,110.64015826595053,B
333,8,1,113.57908201901306,113.05851065783511,B
32,8,1,120.04897327928572,119.16077970561565,B
3,8,1,116.28283196026639,114.81171584822548,B
13,8,1,118.08130480808956,116.13718920535545,B
336,8,1,93.87416839065094,101.00276836777235,B
70,8,1,107.24025920728047,109.17605079683996,B
344,8,1,116.99669404530633,114.39363457724917,B
302,8,1,113.52940332363261,110.67743183846873,B
400,8,1,107.05167594696617,106.52956829680814,B
283,8,1,108.69102443052337,111.04607426312403,B
375,8,1,115.80744605192174,113.81089179454057,B
179,8,1,104.8534349449885,108.01402012813523,B
330,8,1,115.83182298247293,113.64411296257992,B
355,8,1,109.15026215870417,108.79619842487075,B
291,8,1,111.82158792881984,115.44562203448018,B
90,8,1,110.30642812679713,110.3830103899228,B
284,8,1,102.64956911573312,105.04160595317248,B
110,8,1,111.81520941700184,112.71677594755099,B
321,8,1,108.99822975270229,109.76623107702824,B
138,8,2,112.08646250343911,112.08646250343911,A
213,8,2,113.13511855474223,113.13511855474223,A
266,8,2,107.76384122624243,107.76384122624243,A
250,8,2,97.31558489680751,97.31558489680751,A
176,8,2,123.36030183001952,123.36030183001952,A
137,8,2,108.88990627951061,108.88990627951061,A
163,8,2,118.60130772339085,118.60130772339085,A
100,8,2,107.62287179684068,107.62287179684068,A
52,8,2,108.69593047169988,108.69593047169988,A
219,8,2,115.19543809443351,115.19543809443351,A
88,8,2,111.1581191767157,111.1581191767157,A
247,8,2,108.05465712436214,108.05465712436214,A
34,8,2,103.36399100893085,103.36399100893085,A
287,8,2,108.04275409565372,108.04275409565372,A
45,8,2,98.62991440694397,98.62991440694397,A
35,8,2,119.54376062403577,119.54376062403577,A
94,8,2,111.36354444156677,111.36354444156677,A
286,8,2,116.49869998895909,116.49869998895909,A
298,8,2,104.86899453314379,104.86899453314379,A
201,8,2,111.17143270662648,111.17143270662648,A
235,8,2,113.4220556836038,113.4220556836038,A
159,8,2,117.4856341239262,117.4856341239262,A
401,8,2,111.7296788101598,111.7296788101598,A
93,8,2,115.93690250877799,115.93690250877799,A
380,8,2,114.21420334987315,114.21420334987315,A
263,8,2,111.97015799053192,111.97015799053192,A
156,8,2,114.8260436859271,114.8260436859271,A
113,8,2,108.06698661884727,108.06698661884727,A
71,8,2,108.09339027308614,108.09339027308614,A
12,8,2,114.65492853092056,114.65492853092056,A
149,8,2,117.88022753699596,117.88022753699596,A
218,8,2,120.23051835974586,120.23051835974586,A
274,8,2,111.35580819022758,111.35580819022758,A
62,8,2,116.43639617742068,116.43639617742068,A
26,8,2,118.9449757042935,118.9449757042935,A
132,8,2,112.96042479769478,112.96042479769478,A
77,8,2,114.15361047246006,114.15361047246006,A
139,8,2,114.73048451782375,114.73048451782375,A
129,8,2,107.65837928944808,107.65837928944808,A
277,8,2,107.70144015981646,107.70144015981646,A
337,8,2,119.61677254878887,119.61677254878887,A
275,8,2,118.46017494065188,118.46017494065188,A
300,8,2,101.9829031527062,101.9829031527062,A
408,8,2,102.44151370915426,102.44151370915426,A
23,8,2,100.75316514393086,100.75316514393086,A
351,8,2,101.66121032827583,101.66121032827583,A
171,8,2,113.84489089632643,113.84489089632643,A
341,8,2,123.67587880080697,123.67587880080697,A
278,8,2,114.72092652275539,114.72092652275539,A
87,8,2,119.64232955299356,119.64232955299356,A
261,8,2,100.38104269779619,100.38104269779619,A
80,8,2,102.71503386588653,102.71503386588653,A
42,8,2,106.17333284189996,106.17333284189996,A
106,8,2,110.52325088740794,110.52325088740794,A
212,8,2,112.14271773205881,112.14271773205881,A
119,8,2,96.07353680962275,96.07353680962275,A
385,8,2,113.48514861417681,113.48514861417681,A
397,8,2,119.54738351820104,119.54738351820104,A
314,8,2,115.21074617270554,115.21074617270554,A
142,8,2,101.00997276370853,101.00997276370853,A
343,8,2,108.51143237621812,108.51143237621812,A
394,8,2,102.6703995281993,102.6703995281993,A
352,8,2,111.55353719805831,111.55353719805831,A
83,8,2,104.14856184295326,104.14856184295326,A
82,8,2,109.38655341653998,109.38655341653998,A
254,8,2,109.88785734314325,109.88785734314325,A
116,8,2,106.63284846919717,106.63284846919717,A
289,8,2,113.33787001979655,113.33787001979655,A
259,8,2,105.46394369818768,105.46394369818768,A
1,8,2,99.29715812818486,99.29715812818486,A
367,8,2,112.83247392671996,112.83247392671996,A
103,8,2,106.14852488184096,106.14852488184096,A
5,8,2,109.5097523038254,109.5097523038254,A
148,8,2,112.33937523897784,112.33937523897784,A
348,8,2,121.88535797313997,121.88535797313997,A
128,8,2,110.23816093281314,110.23816093281314,A
370,8,2,110.6771166785049,110.6771166785049,A
145,8,2,103.24812348719615,103.24812348719615,A
403,8,2,110.58322380160249,110.58322380160249,A
164,8,2,107.65485917042218,107.65485917042218,A
366,8,2,114.6565024926268,114.6565024926268,A
372,8,2,105.7846268126408,105.7846268126408,A
216,8,3,99.77718805701444,99.77718805701444,A
303,8,3,127.3926717634998,127.3926717634998,A
57,8,3,132.09062382332027,132.09062382332027,A
332,8,3,116.35298616993643,116.35298616993643,A
198,8,3,112.42469768967723,112.42469768967723,A
65,8,3,123.88658419599801,123.88658419599801,A
307,8,3,100.64588504384722,100.64588504384722,A
402,8,3,122.20204917242738,122.20204917242738,A
76,8,3,107.71018515468413,107.71018515468413,A
39,8,3,135.83243849717383,135.83243849717383,A
268,8,3,101.32661104412719,101.32661104412719,A
209,8,3,104.15354530850112,104.15354530850112,A
328,8,3,134.65528964428103,134.65528964428103,A
318,8,3,121.99101848565374,121.99101848565374,A
362,8,3,99.05154859650894,99.05154859650894,A
178,8,3,112.04769008456987,112.04769008456987,A
326,8,3,115.60393124205446,115.60393124205446,A
319,8,3,99.81010995362647,99.81010995362647,A
101,8,3,108.31702128608104,108.31702128608104,A
295,8,3,123.16623395448462,123.16623395448462,A
172,8,3,120.82312235889812,120.82312235889812,A
357,8,3,105.98359416517158,105.98359416517158,A
117,8,3,135.2360668113418,135.2360668113418,A
232,8,3,119.52862325155337,119.52862325155337,A
121,8,3,103.23505445682022,103.23505445682022,A
214,8,3,116.0245359743065,116.0245359743065,A
246,8,3,118.28502816321004,118.28502816321004,A
252,8,3,116.07171916945757,116.07171916945757,A
373,8,3,110.06984276166001,110.06984276166001,A
124,8,3,101.46927507730678,101.46927507730678,A
407,8,3,109.14911427807354,109.14911427807354,A
10,8,3,115.53072944208573,115.53072944208573,A
54,8,3,101.57610491787841,101.57610491787841,A
359,8,3,97.20117851178635,97.20117851178635,A
305,8,3,119.36704864050137,119.36704864050137,A
140,8,3,109.82524843985638,109.82524843985638,A
406,8,3,104.92624597045946,104.92624597045946,A
29,8,3,116.55122655922405,116.55122655922405,A
130,8,3,134.9932438537021,134.9932438537021,A
60,8,3,119.55403094122588,119.55403094122588,A
205,8,3,120.81927630996344,120.81927630996344,A
14,8,3,96.81088496060913,96.81088496060913,A
383,8,3,112.36235740004794,112.36235740004794,A
288,8,3,108.01284874961559,108.01284874961559,A
280,8,3,103.28319190476458,103.28319190476458,A
184,8,3,105.92231613858777,105.92231613858777,A
188,8,3,113.50429170893476,113.50429170893476,A
404,8,3,112.29394900846965,112.29394900846965,A
192,8,3,110.82562267832002,110.82562267832002,A
236,8,3,120.98978189735372,120.98978189735372,A
285,8,3,114.53292034001278,114.53292034001278,A
157,8,3,120.69127145999387,120.69127145999387,A
49,8,3,99.03869267332772,99.03869267332772,A
204,8,3,110.63488406219103,110.63488406219103,A
150,8,3,130.45230019311938,130.45230019311938,A
297,8,3,115.39256801224673,115.39256801224673,A
264,8,3,111.00423506185682,111.00423506185682,A
345,8,3,113.76848857946892,113.76848857946892,A
190,8,3,108.58774909524972,108.58774909524972,A
161,8,3,110.21188123044101,110.21188123044101,A
74,8,3,93.22110787472968,93.22110787472968,A
144,8,3,104.83650964329173,104.83650964329173,A
169,8,3,98.30719127172077,98.30719127172077,A
99,8,3,112.86163972484515,112.86163972484515,A
364,8,3,104.52125490499405,104.52125490499405,A
15,8,3,116.03946988360543,116.03946988360543,A
43,8,3,123.11746521007557,123.11746521007557,A
58,8,3,111.2352013738963,111.2352013738963,A
323,8,3,112.85398071897478,112.85398071897478,A
167,8,3,108.33692894694951,108.33692894694951,A
220,8,3,113.83141664540368,113.83141664540368,A
174,8,3,108.87000687981252,108.87000687981252,A
267,8,3,122.74307025929198,122.74307025929198,A
75,8,3,108.92444727017013,108.92444727017013,A
147,8,3,111.40821036574377,111.40821036574377,A
379,8,3,110.12682035066254,110.12682035066254,A
409,8,3,107.74780354487251,107.74780354487251,A
255,8,3,113.3048711993132,113.3048711993132,A
6,8,3,107.59246659740393,107.59246659740393,A
152,8,3,132.52184489580412,132.52184489580412,A
226,8,3,115.27013369793468,115.27013369793468,A
215,8,3,101.3734444008143,101.3734444008143,A
98,8,4,119.73768303781878,119.73768303781878,A
248,8,4,114.41285647736882,114.41285647736882,A
276,8,4,101.10883785610343,101.10883785610343,A
105,8,4,105.4086612725359,105.4086612725359,A
183,8,4,113.7798420986334,113.7798420986334,A
244,8,4,101.94279998290685,101.94279998290685,A
249,8,4,110.55063672236246,110.55063672236246,A
118,8,4,110.46882696097798,110.46882696097798,A
206,8,4,108.64280705817984,108.64280705817984,A
112,8,4,109.50825452866354,109.50825452866354,A
16,8,4,113.54107281553405,113.54107281553405,A
304,8,4,106.62368093343947,106.62368093343947,A
382,8,4,108.2732456475794,108.2732456475794,A
19,8,4,108.63106743563519,108.63106743563519,A
230,8,4,114.82433145143148,114.82433145143148,A
7,8,4,112.73744047969261,112.73744047969261,A
329,8,4,108.8237545899307,108.8237545899307,A
160,8,4,109.52859040129647,109.52859040129647,A
134,8,4,114.48380180975802,114.48380180975802,A
46,8,4,106.0986845373291,106.0986845373291,A
122,8,4,107.67923621241474,107.67923621241474,A
310,8,4,109.64614253336707,109.64614253336707,A
38,8,4,105.40688826632288,105.40688826632288,A
293,8,4,110.49716423735445,110.49716423735445,A
91,8,4,108.03315507760732,108.03315507760732,A
388,8,4,109.4448815599607,109.4448815599607,A
217,8,4,116.23905608278228,116.23905608278228,A
123,8,4,114.51856227844776,114.51856227844776,A
36,8,4,104.23852112688598,104.23852112688598,A
199,8,4,112.54393594662687,112.54393594662687,A
2,8,4,113.9891511075444,113.9891511075444,A
320,8,4,104.86894010214283,104.86894010214283,A
47,8,4,111.30206760873688,111.30206760873688,A
223,8,4,109.11320811755435,109.11320811755435,A
28,8,4,104.17865303014243,104.17865303014243,A
200,8,4,109.72129829109105,109.72129829109105,A
21,8,4,109.00763815795042,109.00763815795042,A
173,8,4,120.03923003244756,120.03923003244756,A
20,8,4,107.2970504637642,107.2970504637642,A
31,8,4,114.4112631261399,114.4112631261399,A
86,8,4,112.938952919967,112.938952919967,A
63,8,4,107.14700840299858,107.14700840299858,A
347,8,4,112.47837120076767,112.47837120076767,A
271,8,4,103.57107264021494,103.57107264021494,A
363,8,4,113.01847640069423,113.01847640069423,A
81,8,4,117.13871746512221,117.13871746512221,A
229,8,4,112.10481958941718,112.10481958941718,A
9,8,4,119.40276194618842,119.40276194618842,A
358,8,4,109.88463831772441,109.88463831772441,A
322,8,4,108.27006105263581,108.27006105263581,A
410,8,4,116.08244305295919,116.08244305295919,A
170,8,4,113.46391166614542,113.46391166614542,A
391,8,4,112.74634378556445,112.74634378556445,A
327,8,4,106.1983247485658,106.1983247485658,A
309,8,4,108.77956930678667,108.77956930678667,A
51,8,4,110.81584657578256,110.81584657578256,A
265,8,4,111.51025046607407,111.51025046607407,A
396,8,4,112.45530870482301,112.45530870482301,A
102,8,4,115.69560664755696,115.69560664755696,A
270,8,4,116.41785289189248,116.41785289189248,A
18,8,4,110.01770788534652,110.01770788534652,A
315,8,4,112.39314486151306,112.39314486151306,A
354,8,4,111.38654195672981,111.38654195672981,A
349,8,4,120.94161236099488,120.94161236099488,A
143,8,4,116.03678296878974,116.03678296878974,A
61,8,4,112.6389884817053,112.6389884817053,A
393,8,4,106.969450863199,106.969450863199,A
269,8,4,104.2524501275586,104.2524501275586,A
108,8,4,110.70567075315682,110.70567075315682,A
155,8,4,111.96430891801579,111.96430891801579,A
115,8,4,109.33605364664187,109.33605364664187,A
316,8,4,107.96456481794249,107.96456481794249,A
85,8,4,109.00137121295054,109.00137121295054,A
365,8,4,113.16150867963836,113.16150867963836,A
48,8,4,112.73562768069432,112.73562768069432,A
191,8,4,107.77553321519079,107.77553321519079,A
360,8,4,110.68084796305172,110.68084796305172,A
339,8,4,113.20181449628271,113.20181449628271,A
136,8,4,114.97650110440627,114.97650110440627,A
133,8,4,116.65882223017393,116.65882223017393,A
361,8,4,115.58225292654944,115.58225292654944,A
340,8,4,114.3947586701731,114.3947586701731,A
32,9,0,119.669084021419,118.83284970403048,B
2,9,0,109.8133813784962,112.7114136794359,B
281,9,0,114.10679817046231,113.26101482776664,B
172,9,0,110.49965861753516,110.13243933804372,B
159,9,0,118.00812526243406,114.75014480722692,B
4,9,0,108.27426333602034,108.83475399745134,B
18,9,0,115.40780043544973,114.21720647327447,B
257,9,0,113.18907654818067,113.20924078767138,B
105,9,0,106.8059678259285,107.84009936051254,B
409,9,0,106.73064894836145,107.41310115993821,B
110,9,0,106.64601784269661,108.90608058389944,B
351,9,0,100.69691953760585,103.16723644728833,B
81,9,0,118.41285571815347,116.72712425776243,B
179,9,0,102.39782444336372,104.35699129785709,B
392,9,0,118.05733954730674,116.51603716025518,B
321,9,0,109.90490108281303,110.2267273514002,B
220,9,0,114.48427476856997,113.7207752781479,B
95,9,0,110.34194506575494,110.37025210282121,B
17,9,0,115.02410578522904,113.71679610896152,B
55,9,0,104.92446897040519,106.03458958014659,B
349,9,0,120.11201579804897,118.23121828423089,B
122,9,0,105.79179965273624,106.52620438984692,B
207,9,0,117.64434204565173,116.89264053422366,B
388,9,0,109.19471507741068,108.90874175514458,B
307,9,0,104.87426269557734,106.49057832425035,B
90,9,0,109.79583132875588,110.2152626156248,B
268,9,0,108.22050336920236,109.19230700156653,B
410,9,0,117.34760813233383,115.88936855395306,B
393,9,0,103.16712050852844,105.2556683940867,B
132,9,0,113.74770746171018,113.88222617759303,B
231,9,0,109.80296000258043,110.14610385759428,B
303,9,0,120.71328217996023,118.67241332716644,B
300,9,0,109.24580454052422,110.22360777389568,B
364,9,0,107.4621751406161,107.79807498136074,B
237,9,0,108.04388365593107,109.98083918506182,B
47,9,0,109.72645186134854,110.52104266828363,B
106,9,0,108.59080521136976,109.03548906375815,B
57,9,0,126.85918985886714,125.54127655386472,B
404,9,0,112.59235278855041,111.62162781864038,B
216,9,0,106.19703935126935,106.56872574158217,B
23,9,0,104.09347005812592,105.61673919995567,B
15,9,0,113.2683505680526,113.01097555423132,B
72,9,0,104.29716742139138,105.19724837052462,B
189,9,0,119.43053453903255,117.37983865721505,B
99,9,0,111.7107232199774,112.09470304894128,B
385,9,0,113.30412701749653,112.72620928521707,B
165,9,0,113.90666351061223,113.74838647867875,B
31,9,0,117.79711934869195,116.40151647896444,B
324,9,0,108.47202298414241,109.53536685371225,B
39,9,0,125.49882739234145,122.13636468321758,B
361,9,0,120.0873251591513,117.48007503534525,B
193,9,0,112.03631730722296,111.9751054625299,B
185,9,0,109.29284897925325,110.10127338765201,B
383,9,0,116.14734527620196,116.6052825809077,B
89,9,0,110.96012777410976,110.7249952985927,B
103,9,0,110.55219693401767,110.45090173030047,B
97,9,0,110.54001770054015,111.80923306782927,B
124,9,0,111.21466094069389,110.89285927510662,B
71,9,0,101.92074962494652,103.92017391830609,B
381,9,0,111.04207974951129,110.70090927038795,B
329,9,0,105.60700502536363,107.04272754087307,B
98,9,0,122.15954858465123,119.59837192178185,B
242,9,0,117.2981872815622,116.12978800090885,B
337,9,0,123.69993047833302,118.95706163064553,B
299,9,0,111.84075789887173,112.08500459013413,B
42,9,0,105.14493120686404,105.7473374585519,B
80,9,0,105.12227442851373,105.73061240264414,B
292,9,0,119.95684117937924,118.14266205809143,B
13,9,0,116.14626919274131,115.73543306510527,B
262,9,0,117.82691347537848,116.7036926269578,B
36,9,0,104.86888972015242,105.6782228332591,B
69,9,0,107.46057401178817,108.6082032694047,B
218,9,0,114.54163840339963,113.86765647561688,B
288,9,0,106.42359153881985,107.10039688772825,B
331,9,0,112.07799372938909,112.23549237773472,B
342,9,0,104.08110663996344,104.53882086241657,B
21,9,0,111.66911191808435,111.82425730083307,B
167,9,0,107.56105066150961,108.3851358753559,B
74,9,0,101.16790280499475,103.7912740625579,B
166,9,0,115.29119216922192,113.42658885453163,B
162,9,0,103.83357766753993,106.35379309921802,B
363,9,0,109.73120332268331,109.76108885879923,B
399,9,0,112.68803014108522,111.91434711781235,B
282,9,1,109.41225160202131,109.41225160202131,A
316,9,1,105.4755153713094,105.4755153713094,A
181,9,1,108.3782532302061,108.3782532302061,A
44,9,1,107.90648228333826,107.90648228333826,A
317,9,1,109.08635322722975,109.08635322722975,A
138,9,1,108.08585357292614,108.08585357292614,A
279,9,1,107.7292669128466,107.7292669128466,A
236,9,1,111.97873113713356,111.97873113713356,A
194,9,1,106.5280278546896,106.5280278546896,A
53,9,1,116.38811914235421,116.38811914235421,A
315,9,1,114.4838541966113,114.4838541966113,A
254,9,1,108.96346087025066,108.96346087025066,A
127,9,1,118.51781550727826,118.51781550727826,A
223,9,1,106.2367666965514,106.2367666965514,A
25,9,1,112.04467853511807,112.04467853511807,A
109,9,1,106.51631708561632,106.51631708561632,A
62,9,1,116.76733079333758,116.76733079333758,A
357,9,1,107.77981341003269,107.77981341003269,A
160,9,1,108.86306168701998,108.86306168701998,A
354,9,1,112.43409583064178,112.43409583064178,A
211,9,1,104.20158694959389,104.20158694959389,A
180,9,1,108.89275087474385,108.89275087474385,A
155,9,1,110.93111464884112,110.93111464884112,A
320,9,1,97.5251926775259,97.5251926775259,A
258,9,1,111.37765885933908,111.37765885933908,A
20,9,1,106.34617113584733,106.34617113584733,A
222,9,1,112.38006890650664,112.38006890650664,A
175,9,1,109.6468726372989,109.6468726372989,A
9,9,1,122.38720852344142,122.38720852344142,A
259,9,1,103.69189101165937,103.69189101165937,A
54,9,1,109.66749068228577,109.66749068228577,A
339,9,1,111.91482303440388,111.91482303440388,A
295,9,1,117.01487835808845,117.01487835808845,A
68,9,1,115.14410983709845,115.14410983709845,A
188,9,1,117.487994614587,117.487994614587,A
60,9,1,113.7847080102955,113.7847080102955,A
34,9,1,102.9843894576363,102.9843894576363,A
150,9,1,123.25549338972831,123.25549338972831,A
277,9,1,109.92584767669788,109.92584767669788,A
217,9,1,119.9536478726672,119.9536478726672,A
88,9,1,106.38325802563867,106.38325802563867,A
368,9,1,105.78422045298113,105.78422045298113,A
200,9,1,112.53811042790997,112.53811042790997,A
265,9,1,108.01855675050263,108.01855675050263,A
373,9,1,113.53196317714296,113.53196317714296,A
101,9,1,114.21559005762526,114.21559005762526,A
389,9,1,107.57467305459058,107.57467305459058,A
96,9,1,108.00387744069856,108.00387744069856,A
287,9,1,110.00562206436365,110.00562206436365,A
375,9,1,121.70539452254383,121.70539452254383,A
276,9,1,100.74798842308269,100.74798842308269,A
344,9,1,118.67207232342281,118.67207232342281,A
139,9,1,119.76633866161663,119.76633866161663,A
365,9,1,109.14041602633104,109.14041602633104,A
235,9,1,115.28453248042904,115.28453248042904,A
255,9,1,116.06719901604299,116.06719901604299,A
301,9,1,110.32587107648732,110.32587107648732,A
270,9,1,107.02622957916157,107.02622957916157,A
30,9,1,110.84153271057096,110.84153271057096,A
323,9,1,111.45885373829758,111.45885373829758,A
197,9,1,102.47690228807761,102.47690228807761,A
37,9,1,117.63067269210276,117.63067269210276,A
70,9,1,103.93092585519463,103.93092585519463,A
38,9,1,107.47715789562426,107.47715789562426,A
313,9,1,105.18576814720196,105.18576814720196,A
123,9,1,113.91693511795081,113.91693511795081,A
273,9,1,112.47675427034767,112.47675427034767,A
272,9,1,121.51017150094216,121.51017150094216,A
143,9,1,117.95864903095182,117.95864903095182,A
305,9,1,110.92358650063127,110.92358650063127,A
333,9,1,111.23733938227318,111.23733938227318,A
314,9,1,121.61685139254993,121.61685139254993,A
51,9,1,114.75910777322748,114.75910777322748,A
336,9,1,104.87231599808675,104.87231599808675,A
171,9,1,117.0912761317259,117.0912761317259,A
199,9,1,116.50183589866195,116.50183589866195,A
83,9,1,105.01734171745849,105.01734171745849,A
256,9,1,117.43361037649814,117.43361037649814,A
145,9,1,109.47091524285906,109.47091524285906,A
358,9,1,115.76039837128937,115.76039837128937,A
156,9,1,119.48011404589427,119.48011404589427,A
232,9,1,115.70589277034864,115.70589277034864,A
400,9,1,102.57608168654043,102.57608168654043,A
152,9,2,118.02316044917384,115.59391717628341,B
192,9,2,112.60238859516141,113.32168292638758,B
78,9,2,117.86387960979818,118.22807215776265,B
140,9,2,107.60528529468804,108.42304969235673,B
293,9,2,112.19148463577449,111.12729581972908,B
366,9,2,111.30234034734934,109.77501662276407,B
246,9,2,112.95285525936396,111.82948924180103,B
369,9,2,117.39370355967506,114.77807336550077,B
249,9,2,109.46840104162229,110.00508399966164,B
104,9,2,105.22978704103909,106.93471582581932,B
408,9,2,103.11751759568043,106.35003200927173,B
376,9,2,111.98407386486784,111.49985000656122,B
387,9,2,114.43531674738922,113.24432773282193,B
100,9,2,109.53655133342184,110.1145383329272,B
350,9,2,117.75158375831082,115.88137020907205,B
264,9,2,107.56805788101818,108.41623201059753,B
195,9,2,111.79340169946575,112.65638936137503,B
370,9,2,115.76573172352545,115.55107778361224,B
133,9,2,118.76381923872295,116.95003050291251,B
378,9,2,116.11033848514101,114.77947445469104,B
396,9,2,114.01631279610396,111.74650175549314,B
345,9,2,110.43867701619628,109.69874797908582,B
134,9,2,116.0931120001247,115.13377902045391,B
269,9,2,103.60671619082902,105.30063209637244,B
94,9,2,107.68340415707394,107.86488592376458,B
131,9,2,107.09737392741091,107.7959987013347,B
228,9,2,107.13718135670095,109.17991088590492,B
407,9,2,110.08198800227517,109.37315623357284,B
5,9,2,111.23416966551609,112.15206852086487,B
309,9,2,107.27600305752223,108.0983000989888,B
319,9,2,105.54686491875435,108.18703848018535,B
26,9,2,115.51600296550052,114.80132870630717,B
229,9,2,111.58849994944208,110.67436228660313,B
91,9,2,107.20808991489663,107.37809192988135,B
115,9,2,107.53903945559836,108.56851919997055,B
75,9,2,110.72591738020202,111.48989337834581,B
308,9,2,111.6357695148815,112.71668437987614,B
196,9,2,110.85994577110006,109.24946442140393,B
271,9,2,102.50594657303834,104.24839218198704,B
233,9,2,116.36008553598792,115.23679389776743,B
118,9,2,116.11835056767075,116.61039701697443,B
77,9,2,112.60929457684185,113.42258000543748,B
206,9,2,108.78044776598384,108.98991576394235,B
73,9,2,108.1015007087043,109.9560812190785,B
8,9,2,112.74829388766982,112.71899966740321,B
45,9,2,105.21170982769621,107.38204425847802,B
212,9,2,111.66731152713604,111.50935986863593,B
6,9,2,106.94185258360723,108.69645137827473,B
27,9,2,113.32362246558766,112.82213349679344,B
3,9,2,116.23117904885699,115.45771959432965,B
286,9,2,115.09577014916383,114.24334071468758,B
371,9,2,105.41629223939691,106.61294660683657,B
148,9,2,105.12551008982824,105.1328411718601,B
41,9,2,110.30548719195261,110.39101250578258,B
338,9,2,103.51863286932338,104.97487822594263,B
16,9,2,117.05209182681719,115.37984284598868,B
244,9,2,105.87176446930268,105.49176318982703,B
163,9,2,115.04678686279978,112.89676143633898,B
7,9,2,112.59999960691223,112.54210891834789,B
79,9,2,110.26415846233913,108.53132487554555,B
146,9,2,105.26463284326255,105.00011850555609,B
164,9,2,105.35936045045194,106.53464518988133,B
151,9,2,116.8949978414453,114.76877383508715,B
402,9,2,115.80828815671683,115.07686783707814,B
178,9,2,108.12874185522885,109.18407446958435,B
341,9,2,120.4696078577152,117.90675088607074,B
252,9,2,120.11762817758796,118.28709581791668,B
379,9,2,105.81375045047199,105.94535379029635,B
174,9,2,109.06781150898523,109.14451910218342,B
284,9,2,101.13276154351493,103.64480217620729,B
76,9,2,117.32180450935192,114.8108653972051,B
183,9,2,111.98063397761938,111.06325528091358,B
326,9,2,109.74739970182556,109.10329141022885,B
177,9,2,99.3179924819944,102.27087489896468,B
310,9,2,109.083366387913,108.64680807979474,B
50,9,2,108.55134318608127,108.74673249890749,B
93,9,2,117.24285870641091,116.22993045330007,B
168,9,2,114.7971948961254,114.61267352543132,B
201,9,2,112.14510925739316,111.03629274452499,B
82,9,2,112.51287216436221,113.0442711945177,B
92,9,2,111.25724977322965,111.74407523153295,B
158,9,2,106.9838970097149,107.83873324351951,B
85,9,3,112.1230387469406,112.28147216117762,B
191,9,3,109.5055794283206,109.2458254073713,B
153,9,3,105.63115492274775,105.01613181216143,B
154,9,3,117.60561629162427,118.01807177121955,B
130,9,3,118.95004416860407,119.42333068328989,B
149,9,3,111.00680652208524,110.51053431573118,B
374,9,3,106.26713780630028,106.16452218499604,B
116,9,3,112.45004765924567,112.65228675909918,B
280,9,3,105.27213259233154,106.35997601592155,B
267,9,3,113.54855788794397,113.33285375454969,B
10,9,3,117.86331416210788,119.03201743928696,B
86,9,3,111.723213135839,111.47225870562818,B
35,9,3,121.43594622286082,121.2463221961071,B
213,9,3,104.48894623146056,105.27675240826598,B
28,9,3,103.05082922054021,102.63335096693754,B
390,9,3,107.4265964352368,107.18967664363976,B
397,9,3,115.75554042470003,115.48093148743128,B
107,9,3,104.61234010628387,104.14485958418256,B
198,9,3,109.72493886883417,109.82624854792402,B
405,9,3,119.8506896294516,119.91597200527092,B
335,9,3,112.3048881005259,113.36089254465577,B
29,9,3,113.1835880021707,112.95635277980016,B
11,9,3,113.09050697164946,113.47423842086269,B
142,9,3,108.18223985111291,108.43137688779963,B
302,9,3,114.5696142202807,114.91359126786162,B
304,9,3,104.45184262016308,104.47510564741002,B
67,9,3,113.81654646121339,113.7470701450589,B
311,9,3,111.53312401791769,111.88462757453513,B
398,9,3,113.93832198837285,114.3205061177345,B
263,9,3,116.81908501515136,116.85544079149173,B
19,9,3,108.82523439674122,107.9737715724374,B
283,9,3,109.50539689249156,109.76545311786936,B
121,9,3,105.67244298567633,105.7589158471378,B
298,9,3,110.46863585218023,110.19399690134995,B
136,9,3,112.64249599661571,112.72471418860154,B
289,9,3,111.01175482247878,111.05592347377063,B
202,9,3,113.92302145457296,112.97951459384421,B
84,9,3,122.562367983877,122.30186406665761,B
332,9,3,113.65078019040308,114.37812806391757,B
113,9,3,106.13584583931812,105.99055698365089,B
394,9,3,108.40764600899217,108.24125566443358,B
43,9,3,110.39000671924084,110.11679494728524,B
294,9,3,112.46563354125037,112.78630344216417,B
343,9,3,110.153273270453,109.4157216411102,B
325,9,3,101.26129299212658,101.00716176535062,B
322,9,3,110.40650386811978,110.29958811549149,B
226,9,3,111.71364416472522,110.28921813344222,B
291,9,3,111.71378137276957,111.8244194239618,B
362,9,3,112.0059757918025,111.76495959150681,B
111,9,3,113.7173572043334,113.5972903964921,B
33,9,3,113.2034822689659,113.62948517147643,B
173,9,3,119.22945226630155,118.97943508243037,B
0,9,3,111.24484753250934,111.96618611415651,B
135,9,3,110.92857692055063,109.52818021743883,B
367,9,3,117.40724354964858,117.65955470859461,B
356,9,3,102.08614757455568,102.19777495685861,B
225,9,3,122.79739971820476,122.24209386727196,B
353,9,3,102.58069634019847,103.79967817493375,B
190,9,3,112.16720904480277,111.98984505779998,B
411,9,3,118.90173872987853,118.02433494454475,B
285,9,3,111.27676074452282,111.56973166704566,B
391,9,3,109.41991989898463,109.93947530380726,B
243,9,3,112.12722439351921,111.57709251453777,B
266,9,3,106.29725361506719,106.07796801852388,B
386,9,3,105.80688931123748,106.26276778453735,B
48,9,3,112.8504265426858,112.79691529307524,B
204,9,3,110.00301836804894,109.77332828098882,B
102,9,3,125.69893784502655,125.59959040171185,B
66,9,3,99.97860373958335,101.13041921624182,B
297,9,3,115.6215726499721,116.19232608396248,B
403,9,3,110.50462045747751,110.5100935632372,B
346,9,3,123.87258182047847,124.44343488979335,B
253,9,3,117.71180221143352,117.22023454524145,B
215,9,3,105.02488722525992,104.40153891483192,B
334,9,3,112.86933404062546,113.19082270885151,B
327,9,3,109.62455087950825,109.47660874746997,B
161,9,3,110.2624888305046,109.82113393633705,B
87,9,3,120.99795475324686,121.88933969648156,B
64,9,3,111.17108353700833,111.21022551820772,B
210,9,3,109.24583155477436,110.1290733849379,B
157,9,3,118.59659792819922,118.54495016723075,B
203,9,3,108.12897439075513,107.65412302725468,B
14,9,4,107.63945456753447,108.90759779564466,B
112,9,4,107.23585738929282,104.61425481763601,B
377,9,4,105.16545270966964,105.47277109245486,B
340,9,4,118.24678080577303,119.10386060565716,B
359,9,4,101.61362493408917,97.88001638115743,B
352,9,4,105.33972688440039,105.51437673258636,B
224,9,4,116.45984164395867,117.04646430558239,B
209,9,4,105.00335711209084,105.38512702201746,B
176,9,4,121.28851454610974,119.70344941420186,B
306,9,4,112.64971895684349,112.27956398029207,B
170,9,4,116.60212757784191,116.56963810858143,B
169,9,4,102.48045582938548,102.76331896029669,B
147,9,4,114.48477742321612,116.77641832713583,B
61,9,4,115.33476573044953,117.56547648691448,B
230,9,4,112.91724371343352,113.0332018851656,B
46,9,4,107.29237487718753,109.80290733492166,B
240,9,4,108.76856587992485,107.86944731906061,B
114,9,4,105.21468022483423,103.00808703349267,B
247,9,4,110.57432826226972,110.09674451477,B
372,9,4,108.8150386542905,108.81331872015811,B
108,9,4,115.87613338185191,116.46208675396707,B
219,9,4,116.49338506183454,116.09255139640499,B
290,9,4,106.8493624762909,106.74424832434023,B
1,9,4,100.41965809193341,103.06283184583894,B
328,9,4,117.93005317405465,118.79774474046557,B
40,9,4,100.03231239177444,102.00541755756916,B
24,9,4,108.53161861464386,110.2579624750768,B
261,9,4,106.66690871026434,102.59845039684782,B
239,9,4,118.56905489555241,118.3926490628235,B
144,9,4,108.11395756594999,110.06931957700444,B
330,9,4,118.09000875944395,119.45856098778935,B
128,9,4,120.38017088370452,122.3110119894495,B
186,9,4,113.93570584336184,113.57308749857317,B
52,9,4,117.41547559999924,118.92333046170768,B
355,9,4,108.45511159217116,110.1032229375565,B
245,9,4,119.49246699144818,119.20195582280556,B
260,9,4,128.05179824756914,125.32663778879986,B
401,9,4,115.91768534932075,114.9657292474827,B
278,9,4,115.0310848796223,112.95042750180723,B
63,9,4,113.94588194106517,114.60106716438675,B
182,9,4,107.8651009439426,106.47991425954359,B
395,9,4,111.74365967894352,111.4947759036389,B
205,9,4,107.66124721291402,107.51047328086678,B
58,9,4,114.80675004787227,114.12745859057787,B
141,9,4,115.96995037662069,115.49759018829167,B
360,9,4,107.7884463577035,107.64368748287848,B
49,9,4,118.15901353270065,117.92695112630531,B
312,9,4,107.7764673459126,108.41064450384967,B
208,9,4,117.19072319785167,115.60002876475036,B
137,9,4,111.1087628691194,113.33320344764357,B
119,9,4,102.93603268232833,104.01921219319506,B
275,9,4,122.26380064373728,123.82654700731456,B
227,9,4,108.856073710967,110.82618071909675,B
129,9,4,115.47116169390536,117.49597813075091,B
184,9,4,114.79409725962992,115.28373676056567,B
214,9,4,112.5179015215156,113.89813487239826,B
274,9,4,109.92954264420979,108.76337774622233,B
12,9,4,113.57251267500571,111.52562012844982,B
120,9,4,111.68600208286995,112.58250398927399,B
380,9,4,115.68294548024629,117.42337284302356,B
234,9,4,112.10440105764258,115.94717141594404,B
318,9,4,115.03680990584762,113.79507459743999,B
187,9,4,114.70430711271744,114.26515376776155,B
238,9,4,112.48653253170097,114.9370203992027,B
384,9,4,98.27627864996894,99.58318727838434,B
221,9,4,105.15077460573607,107.307427613285,B
347,9,4,114.05573447641653,114.16108384845623,B
117,9,4,113.79736423316353,114.37255890858458,B
248,9,4,104.2748585610874,105.47127678027886,B
241,9,4,107.5229173605605,107.49093867571108,B
250,9,4,106.90300235402921,108.47318413715867,B
296,9,4,102.28448166434535,101.50907871774241,B
59,9,4,114.78707384773077,115.11177974175115,B
22,9,4,120.29027008512278,117.47717921162817,B
65,9,4,109.85074250951878,109.53432515724907,B
125,9,4,108.5976970736078,108.1517378310896,B
406,9,4,115.7673834918853,116.38854981135833,B
251,9,4,112.6119298277352,112.81072724697302,B
56,9,4,106.39490197578864,104.7962484657032,B
126,9,4,99.3065704831833,97.67596467207751,B
348,9,4,117.36541163338248,117.34607694047872,B
382,9,4,109.06704998789996,109.96222131727535,B
