0,396.64652749896,2340.85491394997,242.997325360775,0.992355555295944,0,6980.26274883747,144.954004079103,9.55331471562386,0,2425.66607433558,41.4799236059189,1202.41297399998,3.05594557523727,20.8099580109119,0,640.776483774185,22.7450929880142,910.536970615387,986.101537525654,0,0,14.8267585635185,7.12531608343124,0.462629050016403,0,0,0,1176.00051236153,3.63704466819763,11.0741621255875,19.6456022262573,17.6897063553333,255.355193436146,1.52786946296692,0,437.634030848742,0,125.175975859165,0,16.0569390058517,0,0,0,0,0,0.947163999080658,0,5.9735050201416,0,16.7462756037712,0,4.27566194534302,0,6.22811913490295,0,10362.5244613588,37.3352122008801,402.468591332436,1.0783816576004,848.487119168043,0,294.967077046633,1.64009410142899,326.496904909611,0,106.526343077421,15.9268530905247,1535.33364734054,126.127673685551,1651.21972899139,154.983870357275,2972.58381712437,60.0788819789886,1163.02938857675,10.9857204556465,4266.44522923231,167.46148198843,12.4325734376907,0.919175922870636,287.79930138588,0,50.9695843458176,0,1488.32210817933,0,0,0,855.999480992556,0,0,0,0,0,143.213383466005,0,11.4145702719688,0,1.54564797878265,0,0,0,0,0,15.0859727263451,3.77323746681213,5.5382254421711,0,41.6251848340034,2.43254178762436,0,0,0,0,0,4.35639423131943
396.64652749896,0,134.809286415577,2704.64452657104,0,3.23380267620087,58.2686765193939,5622.78003048897,0,14.6571917533875,22.2678211331367,2536.12077268958,1.40812003612518,1458.098533988,0,43.2381992936134,18.9169185459614,1548.85543239117,564.319705575705,571.847802698612,0,0,1.7454160451889,42.6491416394711,0,0,0.903245031833649,1.32540339231491,30.1384639143944,184.880855083466,18.2929453551769,21.6036487221718,127.580998629332,137.394233345985,5.35612893104553,4.30052530765533,7.44721579551697,164.067652434111,0,154.318927943707,0,1.81121718883514,0,4.33268690109253,0,12.6932194232941,0,13.717810690403,0,21.2973598837852,0,32.374398291111,0,1.43547081947327,0,13.5016610920429,174.302585840225,11046.4941432178,14.9790191054344,567.351235240698,13.1868854165077,626.057928562164,26.7966782450676,325.623327225447,0,636.702063113451,102.307967066765,131.218970268965,512.984891355038,938.279263734818,122.302709072828,3274.77785170078,51.5341966152191,3113.70560127497,26.8270016014576,906.835090786219,334.319137275219,5216.68515461683,0,11.9157490730286,7.06517657637596,82.780100107193,0.434420228004456,0.857249975204468,1.65857875347137,206.63155117631,0,0,0,277.307971954346,0,0,0,0.951750934123993,7.78770864009857,76.7647944092751,1.5750584602356,0,0,0,0,0,0,0.505022644996643,0,5.14047563076019,0,10.565699160099,35.3660210967064,7.34887188673019,0,0,0,0,0.637202084064484,0
2340.85491394997,134.809286415577,0,982.3444480896,1051.10658758879,103.34900957346,10410.48377496,930.844600617886,843.678341090679,66.4363241791725,526.056624382734,131.875073164701,993.502167493105,166.722400248051,949.675533235073,33.6670168042183,150.172875404358,10.1880399286747,2711.17105999589,900.136778980494,5.99513548612595,0.604016482830048,2883.24672278762,2129.61147385836,71.4944692254066,139.210688203573,14.6750546395779,10.8856999278069,1231.89610826969,17.5959631800652,274.146119356155,652.041443914175,174.539716422558,424.287398815155,4.32456523180008,0.625791490077972,97.0171089470387,1.71198290586472,8.91014811396599,0,20.0228242874146,0.86359429359436,0.499885052442551,0,1.26450300216675,0,0.790473699569702,0,8.21602350473404,0,5.03487831354141,0,0,0,0,0,218.51944065094,14.9286634325981,108.872298002243,2.29059690237045,38.5489503741264,0,16.6181128621101,2.22748374938965,7.01584088802338,0,304.345708101988,12.9421925544739,188.799489319324,26.1245166659355,2011.04811540246,662.981612145901,2133.98238402605,241.892577767372,713.947014987469,123.582428127527,1953.11173564196,225.323543429375,4.53067916631699,0,15.7877014279366,2.4351692199707,57.9026032090187,0,23.3196333348751,0,2.46885168552399,0,3.44945287704468,0,0,0,0,0,54.0906859338284,0,0.49544820189476,0,0,0,0,0,0,0,6.27240467071533,0,0.438231974840164,0,25.5611257553101,2.48113769292831,0,0,0,0,0,4.02221256494522
242.997325360775,2704.64452657104,982.3444480896,0,82.0304347276688,861.63619351387,500.879603147507,12577.2444513142,51.8567548394203,449.164374142885,25.3520597219467,697.904542893171,102.607647329569,861.911582618952,88.2013478279114,230.196998685598,5.22169509530067,197.628639519215,685.508383601904,2904.06537672877,6.36980572342873,2.25796973705292,914.097826570272,3113.00958973169,47.2269160747528,62.844672948122,20.393440246582,3.2707462310791,141.199463069439,96.6509563922882,256.799651771784,355.33905339241,107.969361722469,264.416163682938,3.50887954235077,2.04701262712479,1.5033586025238,54.6942098140717,0,20.7334864735603,0.584903359413147,9.27622377872467,0,0.944077134132385,0,3.1431240439415,0,9.84449157118797,0,2.26481187343597,0,9.59935796260834,0,0,0,0,77.1962849795818,274.841495543718,0.559306144714355,115.59703207016,4.01054453849792,48.5353627204895,0,74.9050204157829,0,75.1396573185921,16.0434131622314,161.97984573245,230.968033879995,78.8171156942844,421.338717758656,2276.57644894719,326.032371968031,1429.75159740448,74.6467863619328,567.25689920783,204.396100908518,1984.74853852391,0,5.28700965642929,0,35.5594150424004,1.52572393417358,0,0,32.8943645656109,0,0.651280105113983,0,15.147959202528,0,0,0,0,3.91116058826447,24.5419339537621,0,0,0,0,0,0,0,0,2.00375878810883,2.54876118898392,1.57454550266266,0,22.599908053875,4.70266753435135,0,0,0,0,0,4.13907325267792
0.992355555295944,0,1051.10658758879,82.0304347276688,0,119.731245428324,270.98437589407,7.0718367099762,1066.72522541881,37.0844604074955,3.20006227493286,0,71.1395906507969,4.70503684878349,2280.74585953355,16.1046524643898,1.09514880180359,0,2.52174037694931,0,347.724316626787,32.3535138964653,139.905021905899,414.558642596006,171.890028744936,377.128489762545,413.725723654032,137.521923005581,501.962956160307,0.942318677902222,168.530037015676,159.950834870338,9.30776226520538,4.22687697410583,1.08242589235306,0,11.7333995103836,0,3.37076926231384,0,90.1749912500381,1.76233839988708,0,0,0,0,2.86307662725449,0,0,0,1.49874675273895,0,0,0,0.589453995227814,0,0.673876523971558,0,0,0,0,0,0,0,0,0,0,0,0,0,778.322928518057,88.384586006403,961.179039239883,11.754280090332,26.2168591022491,0,60.0452692806721,0,0.809544324874878,0,2.57031577825546,0,67.3657438158989,0,13.7815863192081,0,24.541432261467,0,18.0132969021797,0,0,0,0,0,1.25220841169357,0,0,0,0,0,0,0,0,0,0,0,0,0,0,0,0,0,0,0,0,0
0,3.23380267620087,103.34900957346,861.63619351387,119.731245428324,0,2.74085023999214,74.8760606348515,35.4080866575241,1275.12495350838,0,9.71350401639938,1.60386490821838,27.7862256765366,45.9882065653801,1380.94245168567,0,4.90032017230988,0,1.5287829041481,22.1408541202545,350.629607498646,97.2879488170147,101.115085691214,127.153277695179,403.275640547276,94.0372531712055,1030.53529062867,7.07250505685806,255.159808367491,82.8633179366589,96.5474216043949,0,1.00191834568977,0,0,0,11.5342647433281,0,0,0,164.952208936214,0,0,0,0,0,0,0,0,0,0,0,0,0,0,0,0,0,0,0,0,0,2.25266426801682,0,0,0,0,0,0,175.786131560802,1131.12723135948,40.055458933115,960.389946341515,2.09990257024765,23.7953307032585,1.32090681791306,20.163529664278,0,0,0,0.879786789417267,3.27923530340195,64.13087490201,0,1.77897220849991,0,2.7918307185173,0,0,0,0,0,0,0,0,0,0,0,0,0,0,0,0,0,0,0,0,0,0,0,0,0,0,0,0
6980.26274883747,58.2686765193939,10410.48377496,500.879603147507,270.98437589407,2.74085023999214,0,680.303570479155,908.761740624905,12.9832185506821,1923.70885270834,86.7526248395443,5144.87575495243,132.733111411333,351.151164382696,9.86898517608643,156.774052143097,7.38441655039787,577.29349604249,674.75382605195,0,0,294.259813696146,741.138076394796,2.78158703446388,5.35000717639923,0.732346057891846,0,1311.48287829757,7.49924492835999,49.9658364355564,169.311628937721,20.6319089531898,248.967374324799,0,4.9226448237896,138.137745529413,3.38099050521851,6.48807513713837,0,8.69156926870346,0,1.72123324871063,0,0,0,0,0,4.69859665632248,0,30.8351903557777,0,9.86314058303833,0,2.06034332513809,0,900.785728216171,7.12218874692917,219.66546651721,0,583.185313314199,0,100.826226294041,0,391.299895226955,0,91.4111116230488,3.26355254650116,70.3618893623352,4.95890235900879,2401.5779311955,303.647318601608,2055.99487268925,118.826804220676,895.120647907257,84.0767531692982,2577.90189060569,165.002385497093,11.9791672229767,0,105.238548874855,1.69603514671326,89.5259201228619,0,674.098134756088,0,0,0,405.233319938183,0,0,0,0,0,43.6986694335938,3.76525402069092,0.757954239845276,0,0,0,0,0,1.17132878303528,0,16.3556452989578,6.56487411260605,1.05047658085823,0,25.610955119133,4.94096529483795,0,0,0,0,0,8.64900016784668
144.954004079103,5622.78003048897,930.844600617886,12577.2444513142,7.0718367099762,74.8760606348515,680.303570479155,0,18.1824332475662,550.340416133404,38.4144293367863,3074.62794485688,151.383109182119,5768.0544218719,20.5005958676338,466.952438294888,3.57657617330551,209.431837260723,598.479231059551,338.098196029663,0,0,847.164730608463,847.191665828228,4.14615368843079,1.87408876419067,3.43734979629517,1.39066672325134,107.115560114384,176.463828533888,143.23452565074,65.5590907335281,60.6785414516926,27.3029897511005,2.38726419210434,5.28396785259247,7.21217027306557,56.440245449543,0,22.6068671941757,0,0.733250141143799,0,0,0,3.99980986118317,0,5.25905829668045,0,14.8540133237839,0,31.0339871644974,0,1.38734745979309,0,21.4172299206257,18.1616629362106,758.735482245684,0,194.760976463556,0.837759494781494,564.956207156181,0,218.588908493519,0,951.745349556208,10.949092566967,109.606837064028,57.9308838546276,6.34853738546371,341.524562239647,4230.70215091109,262.011016875505,1581.06860640645,59.7109931111336,869.709896862507,195.785529255867,2728.35756757855,0,3.40946859121323,0,146.936147868633,1.54943698644638,0,0,738.164504498243,0,0,0,652.613126754761,0,0,0,0,9.25879400968552,37.7816941142082,0,0.832739293575287,0,0,0,0,0,0,3.79108083248138,5.56088584661484,0,0,57.9341324567795,11.1286796331406,0,0,0,0,1.30121529102325,7.8015524148941
9.55331471562386,0,843.678341090679,51.8567548394203,1066.72522541881,35.4080866575241,908.761740624905,18.1824332475662,0,21.382778942585,22.2898275256157,0.807241380214691,421.015491127968,3.85109248757362,3114.72932353616,12.0549287199974,4.09878116846085,1.08299553394318,3.67640173435211,0.730313956737518,54.0778530538082,0,45.6754443347454,226.64184525609,25.3606786131859,104.695110499859,21.4415416717529,15.9074032306671,248.248506695032,1.07301497459412,35.0668889284134,69.4110473394394,2.33673214912415,7.50450417399406,0,0,8.35107654333115,0,0.584632992744446,0,26.1542012095451,0,0,0,0,0,1.38573145866394,0,0,0,0,0,0,0,0,0,1.07428383827209,0,0,0,0,0,0,0,0,0,0,0,0,0,470.681542694569,35.1496789455414,627.778809130192,5.36295086145401,23.6123990416527,0.555809676647186,126.26682689786,0,1.40460300445557,0,2.48835772275925,0,74.356836616993,0,12.2990223169327,0,5.61168003082275,0,8.9891557097435,0,0,0,0,0,2.1631156206131,0.78876793384552,0,0,0,0,0,0,0,0,0.643543362617493,0,0,0,0,0,0,0,0,0,0,0
0,14.6571917533875,66.4363241791725,449.164374142885,37.0844604074955,1275.12495350838,12.9832185506821,550.340416133404,21.382778942585,0,0,27.2530930042267,2.18865460157394,196.990517020226,35.2692475318909,2892.76165425777,0,9.48516541719437,0,5.97220849990845,2.48079246282578,52.9110426604748,91.7202728688717,172.983588010073,29.9812373518944,100.837368249893,17.0658033192158,214.550869107246,10.2201100289822,192.51880645752,38.8623706102371,53.5218709111214,0,0,0,0,0,3.11224308609962,0,1.16492336988449,0,80.6344019174576,0,0,0,0,0,0.561891853809357,0,0,0,0,0,0,0,1.92317944765091,0,2.90197265148163,0,0,0,0,0,3.77586340904236,0,1.52897000312805,0,0,0,0,92.9008845388889,1552.6698577702,31.2969298660755,1199.62182208896,1.94480293989182,77.681619644165,0.799556195735931,63.5262463390827,0,0,0,1.1587473154068,0,12.337649166584,0,1.58271038532257,0,3.19584208726883,0,0,0,0,0,0,0,0,0,0,0,0,0,0,0,0,0,0,0,0,0,1.45491683483124,0,0,0,0,0,0
2425.66607433558,22.2678211331367,526.056624382734,25.3520597219467,3.20006227493286,0,1923.70885270834,38.4144293367863,22.2898275256157,0,0,13.4681690633297,2806.47093683481,4.71961736679077,92.4065243005753,0,689.743677794933,0,410.161468595266,149.331834107637,0,0,28.7724751234055,6.74180459976196,0,0,0,0,1243.70593196154,0,16.858450293541,17.9275522530079,4.43243795633316,47.5632571578026,0,0,10.7834894061089,0,3.91632974147797,0,0,0,0,0,0,0,0,0,0,0,0,0,0,0,0,0,346.957585990429,1.27251672744751,46.6458095312119,0,173.314918994904,0,286.25255432725,0,24.2807668447495,0,29.2702492773533,0.705820262432098,79.1563495397568,6.56722694635391,281.991189181805,29.9388066828251,198.867460101843,7.93584614992142,35.973739027977,5.74444472789764,214.397193819284,11.4428115487099,16.9985706806183,0,560.387061953545,0,63.7411601245403,0,641.211238056421,0,0,0,196.700823366642,0,0,0,0,0,1.82143396139145,0,0,0,0,0,0,0,0,0,1.13191187381744,0,0,0,0,0,0,0,0,0,0,0
41.4799236059189,2536.12077268958,131.875073164701,697.904542893171,0,9.71350401639938,86.7526248395443,3074.62794485688,0.807241380214691,27.2530930042267,13.4681690633297,0,18.9946631193161,5300.01227959991,0,138.842830836773,1.33350837230682,1206.41656011343,295.24236613512,461.933015942574,0,0,75.4480308294296,88.8489834070206,0,1.40417414903641,0,2.04549467563629,9.6068924665451,655.147954702377,37.3252516388893,96.1041236519814,11.5301583409309,66.1038575172424,0,2.02155661582947,1.881387591362,17.8670366406441,0,4.04034847021103,0,1.91029769182205,0,0,0,0.993604362010956,0,0,0,2.62404096126556,0,3.28113669157028,0,0,0,4.13111609220505,6.08642959594727,353.142157912254,0,51.7464030981064,1.30580136179924,435.025969922543,0,596.525745362043,0,226.12167185545,0,62.2117951214314,13.3729264736176,35.6838353872299,40.7040635943413,938.053751945496,32.5131297707558,914.09879091382,12.5375193357468,142.696850180626,35.1187765002251,512.286408245564,0,9.27101901173592,0,184.017411261797,0,0,0,441.691860765219,0,0,0,351.942907243967,0,0.640848994255066,0,0,0.920180559158325,7.84462380409241,0,0,0,0,0,0,0,0,6.00025105476379,0.989079594612122,0,0,4.22731894254684,1.36278963088989,0,0,1.024866938591,0,0,0
1202.41297399998,1.40812003612518,993.502167493105,102.607647329569,71.1395906507969,1.60386490821838,5144.87575495243,151.383109182119,421.015491127968,2.18865460157394,2806.47093683481,18.9946631193161,0,29.0534065663815,1980.48196801543,1.04353606700897,203.295294880867,0,187.126231089234,116.043654501438,0,0,128.961862176657,162.280597031116,4.75862455368042,0.37891286611557,0,0,2080.56276512146,4.27140492200851,29.1266919076443,63.6527450084686,2.93902677297592,59.4212599396706,0.762961685657501,0,10.795400261879,0,0,0,3.1515611410141,0,0,0,0,0,0.54956328868866,0,0,0,0.625307083129883,0,0,0,0,0,119.084793150425,0,20.4763647317886,0,41.7875063717365,0,91.5694916546345,0,17.3129549026489,0,11.4860991239548,0,49.3939144015312,0,1074.10488468409,81.0917074382305,955.754143714905,30.84815081954,157.449173003435,10.6801265478134,529.327638149261,17.4256639480591,13.0727279782295,0,431.750961899757,0,21.5324275493622,0,486.391402155161,0,0,0,128.9510384202,0,0,0,0,0,8.51070255041122,0,2.75044894218445,0,0,0,0,0,0,0,0.926486611366272,0,0,0,1.71517896652222,1.3694099187851,0,0,0,0,0,0
3.05594557523727,1458.098533988,166.722400248051,861.911582618952,4.70503684878349,27.7862256765366,132.733111411333,5768.0544218719,3.85109248757362,196.990517020226,4.71961736679077,5300.01227959991,29.0534065663815,0,2.85389822721481,3113.21643388271,0,405.641618013382,100.68381601572,396.364169955254,1.38350176811218,0.506030976772308,170.1083791852,410.181878477335,0,5.99423795938492,0,4.5702548623085,25.5734811127186,1386.3219922781,35.7132893800735,81.8428356349468,9.03773748874664,60.6865639090538,0,2.86198925971985,0,7.18069767951965,0,4.41082310676575,0,24.8125411868095,0,0,0,0,0,0,0,2.27956473827362,0,0,0,0,0,0,0,216.655184805393,0,20.1520928144455,0,610.065591365099,0,699.648502111435,0,162.277626216412,0,60.9729966819286,1.32826602458954,11.5628707408905,70.657184690237,2187.83008918166,50.2052556276321,1827.10188552737,16.096176981926,395.97733348608,27.795927554369,472.853560686111,0,0.606702983379364,0,227.377430915833,0,0,0,124.079624831676,0,0,0,15.3371168375015,0,0,0,0,1.22068607807159,5.25163930654526,0,0,0,0.866798639297485,0,0,0,0,1.87192350625992,0.720679640769958,0,0,4.94258347153664,1.49901926517487,0,0,0,0,0,0
20.8099580109119,0,949.675533235073,88.2013478279114,2280.74585953355,45.9882065653801,351.151164382696,20.5005958676338,3114.72932353616,35.2692475318909,92.4065243005753,0,1980.48196801543,2.85389822721481,0,6.84961676597595,25.0483073890209,0,31.2756009399891,3.34055358171463,100.546542733908,15.0338932871819,202.948645025492,316.17112031579,152.288455724716,174.276873916388,265.162713855505,46.5114918351173,2796.01166903973,1.92584234476089,210.215534389019,144.966615647078,17.8065891861916,6.53193652629852,3.23123615980148,0,40.4097360670567,0,0.561109244823456,0,59.7811231613159,0,0,0,0,0,7.87881702184677,0,0,0,1.94070541858673,0,0,0,0,0,6.6563338637352,0,0,0,1.09588122367859,0,4.06502932310104,0,0,0,0.864265561103821,0,1.38714361190796,0,1541.13635247946,66.0714100599289,2191.27631410956,16.4626975357533,183.538073778152,0,632.094837486744,0,0,0,15.7220035195351,0,427.546121269464,0,46.9572086930275,0,31.1727908551693,0,15.8811042904854,0,0,0,0,0,12.0801750719547,0,0,0,0,0,0,0,0,0,0,0,0,0,2.72904467582703,1.28115570545197,0,0,0,0,0,0
0,43.2381992936134,33.6670168042183,230.196998685598,16.1046524643898,1380.94245168567,9.86898517608643,466.952438294888,12.0549287199974,2892.76165425777,0,138.842830836773,1.04353606700897,3113.21643388271,6.84961676597595,0,0,66.1970481276512,0.70834344625473,20.9053471088409,2.85924696922302,63.2411340475082,39.757635384798,211.952961236238,19.7759130597115,171.769884258509,12.0714104175568,316.742903053761,4.47868895530701,1672.78048783541,18.1268043518066,34.2964457273483,0,4.23272567987442,0,0,0,6.7093877196312,0,2.64026212692261,0,132.359453886747,0,0,0,0,0,0.499135315418243,0,0,0,0,0,0,0,4.7949178814888,0,18.2311390638351,0,0,0,8.00552624464035,0,46.7165566682816,0,0,0,0,0,0,46.8547671735287,1616.48367860913,3.5034117102623,2624.23387140036,0.702432215213776,224.113999307156,1.33856421709061,106.116522192955,0,2.0581471323967,0,20.1949263811111,0,32.4062042236328,0,3.10997605323792,0,1.72495067119598,0,2.02928894758224,0,0,0,0,0,0.68291050195694,0,0,0,0,0,0,0,0,0,0,0,0,0.584122061729431,1.06767141819,0,0,0,0,0,0
640.776483774185,18.9169185459614,150.172875404358,5.22169509530067,1.09514880180359,0,156.774052143097,3.57657617330551,4.09878116846085,0,689.743677794933,1.33350837230682,203.295294880867,0,25.0483073890209,0,0,3.04559946060181,168.175234049559,48.8845502436161,0,0,5.18312948942184,0,0,0,0,0,3264.20210313797,1.34137105941772,6.01831984519958,3.5302996635437,8.89626049995422,37.1416762173176,2.25567203760147,2.74200564622879,48.3310179710388,5.63336145877838,18.2852187156677,0,0.566653788089752,0,0.569564938545227,0.844422876834869,3.16904473304749,1.44443541765213,4.92211723327637,1.05238509178162,4.84280627965927,1.8206393122673,21.6746666133404,0,0,0,3.6712703704834,1.23372602462769,1734.84588971734,47.8433750271797,192.697942852974,8.82300287485123,256.987417072058,6.09889155626297,1137.73514768481,12.7175722718239,35.7269184589386,0,62.5397870540619,42.996392250061,152.380124211311,20.4757235646248,95.2200206816196,23.5678305029869,286.727504104376,3.23084229230881,49.8112152814865,1.57189428806305,172.221580356359,18.5436940789223,271.737088739872,1.47360551357269,1938.3957837522,10.6427109837532,168.607424139977,0,395.109823614359,1.79060637950897,0.824504256248474,0,57.6609156727791,0,11.3612232208252,0,2.79968646168709,0,18.8359571695328,0,8.82430851459503,0,2.34693402051926,0,1.57690906524658,0,4.04705190658569,0,0.428559124469757,0,4.98464500904083,0,2.17621922492981,0,0,0,0,0,0,0
22.7450929880142,1548.85543239117,10.1880399286747,197.628639519215,0,4.90032017230988,7.38441655039787,209.431837260723,1.08299553394318,9.48516541719437,0,1206.41656011343,0,405.641618013382,0,66.1970481276512,3.04559946060181,0,80.7235260009766,196.571147084236,0,0.663978934288025,0,43.859620153904,0,0,0,0,6.54411673545837,1924.4367390573,9.11605596542358,6.89423894882202,19.0141985416412,43.9519233107567,0,0.824117481708527,3.39062231779099,23.8767483830452,1.97507464885712,11.0244849920273,0,0.84310120344162,0,1.03042924404144,0,0,0,7.55857384204865,0,2.03707203269005,0,1.21392941474915,0,0,0,0,22.8658167123795,2093.60325950384,9.87471979856491,78.6645620763302,0.561347901821136,280.642811119556,20.3544148206711,2770.12007775903,0,28.5721977651119,42.6954956650734,26.5600054562092,62.0795056223869,149.242665141821,23.9690862596035,483.240696579218,9.60752713680267,1696.32949507236,0.86021614074707,157.934059739113,64.6630846560001,499.306535512209,2.59244579076767,193.430437654257,7.78741645812988,591.927260041237,0,11.3726136684418,0,82.8877697885036,0,0,0,8.29274410009384,0,0,0,0,0,5.19113808870316,0,0,0,2.31078660488129,0,0,0,0,1.17415809631348,1.81509310007095,0,1.84952509403229,8.09892290830612,0.782487750053406,0,0,0,0,0,1.63917863368988
910.536970615387,564.319705575705,2711.17105999589,685.508383601904,2.52174037694931,0,577.29349604249,598.479231059551,3.67640173435211,0,410.161468595266,295.24236613512,187.126231089234,100.68381601572,31.2756009399891,0.70834344625473,168.175234049559,80.7235260009766,0,3629.473919034,0,0,1010.6413449049,219.78715723753,0,0,1.26641297340393,0,358.646985054016,26.8148140907288,729.910922646523,542.375764638186,2246.90065225959,1828.62273290753,13.2635521888733,4.87540149688721,110.259513139725,3.7228906750679,17.6442273259163,3.0711464881897,5.84536284208298,0,5.38841038942337,0,6.17401045560837,0,0,0,4.86515188217163,0,9.87754625082016,0,0,0,0,0,269.119065642357,44.2534455358982,146.968356996775,7.63993841409683,10.2768887877464,0,20.8091296255589,2.21307909488678,1.6085684299469,1.37615549564362,1130.14997699857,56.4017571806908,2518.70279794931,177.787446022034,628.106041431427,585.461834847927,880.298824965954,372.150329917669,487.013198852539,145.394894778728,1609.88509824872,785.349786430597,1.90560668706894,1.45596253871918,4.88806331157684,1.00246036052704,64.0696236491203,0,8.13301450014114,0,0,0,0,0,0,0,0,0,37.2061195373535,0,0.621341049671173,0,0,0,0,0,0,0,3.71250891685486,0,0,0,20.5115488767624,0,0,0,0,0,0,0
986.101537525654,571.847802698612,900.136778980494,2904.06537672877,0,1.5287829041481,674.75382605195,338.098196029663,0.730313956737518,5.97220849990845,149.331834107637,461.933015942574,116.043654501438,396.364169955254,3.34055358171463,20.9053471088409,48.8845502436161,196.571147084236,3629.473919034,0,0,1.71750175952911,310.456355929375,607.010105103254,0,0.68652731180191,0,0,128.215571761131,42.9154475331306,270.856025546789,451.666051864624,646.741641193628,4764.60494396091,0,11.4202709197998,20.3454030156136,33.4936988949776,1.44050967693329,18.8528767824173,0,0,0,1.40519535541534,0,6.43478566408157,0,8.9654985666275,0,3.80772906541824,0,0.77173113822937,0,0,0,0,255.265409171581,500.969006687403,6.61539214849472,209.442801862955,8.37516072392464,31.0343814492226,0,66.3708300590515,1.14571177959442,20.9004044532776,99.9306698441505,806.594475358725,988.161419838667,2152.13402363658,353.700710445642,736.138363718987,416.464383751154,765.327314436436,179.965810894966,381.253883957863,723.31674349308,1666.11924812198,0,2.77039039134979,0,18.3648681044579,19.2070220708847,0,0.420391142368317,4.33962732553482,0,0,0,0.755612969398499,0,0,0,0,6.51892173290253,21.1733762919903,0,0,0,0,0,0,0,0,0,0,0,0,37.0337790846825,5.84241265058517,0,0,0,0,0,1.12001276016235
0,0,5.99513548612595,6.36980572342873,347.724316626787,22.1408541202545,0,0,54.0778530538082,2.48079246282578,0,0,0,1.38350176811218,100.546542733908,2.85924696922302,0,0,0,0,0,117.391140222549,34.8135043978691,20.4192201495171,186.944186747074,53.6501892805099,624.073786586523,128.975892484188,3.55634945631027,0,774.522791773081,37.9219130277634,58.1183507144451,2.9037236571312,10.9771035909653,0,23.9806486368179,1.09393322467804,0,0,87.0030827522278,7.67024958133698,0,0,0,0,1.70715910196304,1.54709351062775,0,0,0.811447322368622,0,0,0,4.06679537892342,0,0,0,0,0,0.679704606533051,0,0,0,0,0,0.684930920600891,0,0,0,794.79969599843,34.5231181681156,105.762835502625,9.72339254617691,42.1394100785255,0.766876697540283,16.231255710125,0,0,0,0,0,4.33763146400452,2.47582566738129,0.632522881031036,0,5.61125725507736,0,8.38935679197311,0.544608056545258,0,0,0,0,1.23756504058838,0,0,0,0,0,0,0,0,0,0,1.07107472419739,0,0,1.3251838684082,0,0,0,0,0,0,0
0,0,0.604016482830048,2.25796973705292,32.3535138964653,350.629607498646,0,0,0,52.9110426604748,0,0,0,0.506030976772308,15.0338932871819,63.2411340475082,0,0.663978934288025,0,1.71750175952911,117.391140222549,0,22.5532703399658,27.2579818069935,104.010755866766,333.509128779173,186.970205724239,1291.83335348964,1.87801545858383,55.2885340452194,118.388264000416,776.081665158272,11.6509491205215,6.03181529045105,1.42154875397682,0,6.74660247564316,93.528669834137,2.42761266231537,0,0,253.019839316607,0,0.881609797477722,0,0,0,2.63148486614227,0,0,0,0.624401330947876,0,0,0,0,0,1.33990305662155,0,3.37672990560532,0,0,0,0,0,1.95789396762848,0,3.27798819541931,0,0,184.600394427776,278.169026613235,4.89817750453949,158.94751521945,1.13255977630615,9.42297428846359,2.91584122180939,43.6089547276497,0,0,0,0,0,103.151002407074,0,2.43218219280243,0,1.99373400211334,0,1.06513869762421,0,0,0,0,0,1.8660414814949,0,0,0,0,0,1.09816837310791,0,0,0,0,0,0,0,0,0,0,0,0,0,0
14.8267585635185,1.7454160451889,2883.24672278762,914.097826570272,139.905021905899,97.2879488170147,294.259813696146,847.164730608463,45.6754443347454,91.7202728688717,28.7724751234055,75.4480308294296,128.961862176657,170.1083791852,202.948645025492,39.757635384798,5.18312948942184,0,1010.6413449049,310.456355929375,34.8135043978691,22.5532703399658,0,3058.20440262556,581.102022856474,436.133201450109,177.272996038198,59.7918727397919,198.400893598795,16.2436390519142,3759.82857233286,1461.48001900315,1324.65967264771,403.26168847084,199.762135446072,1.81981551647186,6.24550640583038,0,0,0,4.84122657775879,0,27.1261714994907,0,12.5572064518929,0,7.71453207731247,0,0,0,0.976923167705536,0,0,0,0,0,7.21554729342461,1.44237577915192,6.63542971014977,0,0,0,0,0,0,0,297.122152835131,0,22.7512666583061,0,1282.32186898589,651.509186416864,433.072352439165,294.872647017241,85.5800810456276,129.616464197636,205.982121288776,134.105902850628,0,0,3.09575754404068,0,11.3844920396805,0,1.81757420301437,0,0,0,0,0,0,0,0,0,1.45809924602509,0,0,0,0,0,0,0,0,0,0,0,0,0,0.556752800941467,0,0,0,0,0,0,0
7.12531608343124,42.6491416394711,2129.61147385836,3113.00958973169,414.558642596006,101.115085691214,741.138076394796,847.191665828228,226.64184525609,172.983588010073,6.74180459976196,88.8489834070206,162.280597031116,410.181878477335,316.17112031579,211.952961236238,0,43.859620153904,219.78715723753,607.010105103254,20.4192201495171,27.2579818069935,3058.20440262556,0,478.392057150602,1902.39982295036,185.910084336996,54.7199507653713,389.409250289202,84.3916792273521,977.527708679438,3462.50104263425,73.2223233580589,1765.45341494679,0,69.1879907250404,0,7.22151702642441,0,0,4.94801342487335,9.63591977953911,0,0,0,0,0,6.29350265860558,0,0,0,0,0,0,0,0,0,25.8672392368317,0,1.46121484041214,0,4.18876719474792,0,17.6349662542343,0,0,0,258.573305934668,0.930779755115509,16.0695327818394,1042.01264372468,1677.20595908165,1035.68835970759,1009.82835948467,120.039334058762,367.811303555965,165.091971665621,310.985568016768,0,0.899921834468842,0,10.7096753120422,3.84665614366531,0,0,0,0,0.589318096637726,0,0,0,0,0,0,0,0.719196617603302,0,0,0,0,0,0,0,0,0,0,0,0,12.9234548211098,0.850588023662567,0,0,0,0,0,0
0.462629050016403,0,71.4944692254066,47.2269160747528,171.890028744936,127.153277695179,2.78158703446388,4.14615368843079,25.3606786131859,29.9812373518944,0,0,4.75862455368042,0,152.288455724716,19.7759130597115,0,0,0,0,186.944186747074,104.010755866766,581.102022856474,478.392057150602,0,754.145602613688,787.963062644005,198.069223314524,32.0769715309143,1.609554708004,600.955144912004,345.914334595203,35.6091386377811,5.55782371759415,0.729164898395538,0,0,0,0,0,3.34128421545029,0.692832112312317,0,0,0,0,0,0,0,0,0,0,0,0,0,0,0,0,0,0,0,0,0,0,0,0,0,0,0,0,369.132369995117,95.7565140724182,120.678758084774,5.91531080007553,0.484818428754807,1.52785217761993,6.77674201130867,0,0,0,0,0,3.13644587993622,0.674183011054993,1.08578860759735,0,1.26042473316193,0,0,0,0,0,0,0,0,0,0,0,0,0,0,0,0,0,0,0,0,0,0,0,0,0,0,0,0,0
0,0,139.210688203573,62.844672948122,377.128489762545,403.275640547276,5.35000717639923,1.87408876419067,104.695110499859,100.837368249893,0,1.40417414903641,0.37891286611557,5.99423795938492,174.276873916388,171.769884258509,0,0,0,0.68652731180191,53.6501892805099,333.509128779173,436.133201450109,1902.39982295036,754.145602613688,0,487.103277236223,879.974594563246,23.0378316044807,58.8094963431358,459.851709127426,655.908309459686,12.4024455547333,16.6787965595722,0,0,0,1.25668120384216,0,0,1.3693253993988,13.1042615175247,0,0,0,0,0,0,0,0,0,0,0,0,0,0,0,0,0,0,0,0,0,0,0,0,0,0.660097479820251,0,0,565.983678758144,806.128794312477,142.302940070629,286.922751158476,2.83623665571213,8.05106028914452,0,1.36337405443192,0,0,0,0,11.5201087594032,5.23452472686768,0,0,0,0.539501011371613,0,0,0,0,0,0,0,0,0,0,0,0,0,0,0,0,0,0,0,0,0,0,0,0,0,0,0,0
0,0.903245031833649,14.6750546395779,20.393440246582,413.725723654032,94.0372531712055,0.732346057891846,3.43734979629517,21.4415416717529,17.0658033192158,0,0,0,0,265.162713855505,12.0714104175568,0,0,1.26641297340393,0,624.073786586523,186.970205724239,177.272996038198,185.910084336996,787.963062644005,487.103277236223,0,446.066736996174,30.8475476503372,1.54605853557587,829.57420745492,231.203276902437,31.157131254673,1.71422407031059,6.02269858121872,0,30.9428952932358,11.4944446086884,5.99409222602844,0,6.37446904182434,6.73876482248306,0,0,0,0,0.758841574192047,0,0,0,0,0,0,0,0,0,0,0,0,0,0,0,0,0,0,0.939916789531708,0,0,0,0,564.018968641758,69.110020160675,81.6003868877888,9.33289963006973,5.77724611759186,0.973863482475281,5.17673033475876,2.64631205797195,0,0,0,0,6.30448108911514,1.59937834739685,0,0,0,0,0,0,0,0,0,0,0.773654401302338,0,0,0,0,0,0,0,0,0,0,0,0,0,0,0,0,0,0,0,0,0
0,1.32540339231491,10.8856999278069,3.2707462310791,137.521923005581,1030.53529062867,0,1.39066672325134,15.9074032306671,214.550869107246,0,2.04549467563629,0,4.5702548623085,46.5114918351173,316.742903053761,0,0,0,0,128.975892484188,1291.83335348964,59.7918727397919,54.7199507653713,198.069223314524,879.974594563246,446.066736996174,0,1.12464201450348,48.5284283161163,160.174497067928,166.906670212746,12.1271704733372,2.72441375255585,0.367105603218079,0.964949637651443,0,0.849542677402496,0,0,0,81.9025535285473,0,0,0,0,0,0,0,0,0,0,0,0,0,1.78329503536224,0,1.33756756782532,0,0,0,0,0,0,0,0,0,0,0,0,345.75981798768,615.87328723073,11.4431428909302,298.565765023232,0,0.430721342563629,0,1.33888703584671,0,0,0,0.574486255645752,0,44.482822239399,0,0,0,0.930623173713684,0,1.97622221708298,0,0,0,0,0,0,0,0,0,0,0,0,0,0,0,0,0,0,0,0,0,0,0,0,0,0
1176.00051236153,30.1384639143944,1231.89610826969,141.199463069439,501.962956160307,7.07250505685806,1311.48287829757,107.115560114384,248.248506695032,10.2201100289822,1243.70593196154,9.6068924665451,2080.56276512146,25.5734811127186,2796.01166903973,4.47868895530701,3264.20210313797,6.54411673545837,358.646985054016,128.215571761131,3.55634945631027,1.87801545858383,198.400893598795,389.409250289202,32.0769715309143,23.0378316044807,30.8475476503372,1.12464201450348,0,2.48182046413422,126.901306480169,208.041778743267,25.3859772086143,86.0110165774822,27.2019680142403,40.0778314471245,196.432136267424,7.95802509784698,22.1981999278069,0,273.829783737659,4.63116753101349,82.4271471202374,6.75309354066849,25.5803364515305,4.67350745201111,180.59758913517,0,62.4443008899689,0,160.727167755365,0,50.140807300806,0,90.8667140901089,0,1931.32444614172,33.1017038822174,569.285205692053,11.188990175724,291.867936611176,5.31852054595947,322.134003192186,1.82587558031082,149.263386100531,1.25333642959595,293.336307942867,71.0391680300236,207.166686683893,20.4322594702244,458.421018600464,99.0423913896084,2104.12073886395,36.599319934845,123.236398041248,23.0019590854645,441.487781256437,38.451455950737,240.274355947971,0,1082.01546671987,0,1626.39036408067,0,494.490483909845,0,252.030667871237,0,231.596448928118,0,17.1299905180931,0,4.21034681797028,0,16.3476720452309,0,13.8991193175316,0,7.37908858060837,0,3.23196113109589,0,0,0,4.67472195625305,0,3.8605489730835,2.31989765167236,0,0,0,0,0,1.05387997627258,0,0
3.63704466819763,184.880855083466,17.5959631800652,96.6509563922882,0.942318677902222,255.159808367491,7.49924492835999,176.463828533888,1.07301497459412,192.51880645752,0,655.147954702377,4.27140492200851,1386.3219922781,1.92584234476089,1672.78048783541,1.34137105941772,1924.4367390573,26.8148140907288,42.9154475331306,0,55.2885340452194,16.2436390519142,84.3916792273521,1.609554708004,58.8094963431358,1.54605853557587,48.5284283161163,2.48182046413422,0,7.4316321015358,25.3832990527153,5.48258018493652,17.1132413744926,12.6966943144798,7.66125065088272,18.6144567728043,84.8221771121025,0,5.08423519134521,0,365.725790500641,7.50942647457123,51.292549341917,3.40624576807022,35.0422396361828,0.8963742852211,59.498144954443,1.34136378765106,63.8578246831894,0,57.8385788202286,0,47.0286521911621,0,40.3681145310402,8.72527721524239,299.922361642122,9.95972675085068,105.122154980898,4.92139387130737,28.6932951807976,2.3862801194191,286.391473591328,1.93118488788605,38.4952422976494,40.1197866201401,75.3574756085873,7.54574012756348,33.6592794060707,17.7731352448463,243.125868856907,2.80395770072937,2985.14021229744,2.37026619911194,76.2658136487007,15.5717880427837,109.612666159868,0,275.97119101882,2.20664399862289,408.690213471651,0.854528427124023,595.178123444319,1.06941664218903,106.018005788326,0,30.1287109851837,0,16.2175794243813,0,2.12174391746521,0,0,0,2.44871693849564,2.54939246177673,3.2788610458374,0,5.74997460842133,0,0,0,5.94249200820923,2.23281455039978,0.981192111968994,0,3.37453901767731,1.55210769176483,0,0,1.08681559562683,0,0,0,0
11.0741621255875,18.2929453551769,274.146119356155,256.799651771784,168.530037015676,82.8633179366589,49.9658364355564,143.23452565074,35.0668889284134,38.8623706102371,16.858450293541,37.3252516388893,29.1266919076443,35.7132893800735,210.215534389019,18.1268043518066,6.01831984519958,9.11605596542358,729.910922646523,270.856025546789,774.522791773081,118.388264000416,3759.82857233286,977.527708679438,600.955144912004,459.851709127426,829.57420745492,160.174497067928,126.901306480169,7.4316321015358,0,972.73232999444,1623.27107745409,346.930162578821,407.580236881971,6.86637246608734,5.56570726633072,1.17537653446198,3.45548096299171,1.48587441444397,2.5176682472229,3.00666165351868,89.687275737524,0,54.7795550525188,0,15.2146134972572,0.582609951496124,0,0,0,0,0,0,0,0,13.616656512022,3.21968984603882,7.55319207906723,2.77124047279358,0,1.59675562381744,1.33172070980072,5.37669253349304,0.500492751598358,0,542.271949574351,14.7887101769447,41.7437039613724,7.80199754238129,813.094439268112,199.574434459209,304.921779602766,94.4395332038403,57.0018048882484,51.1671552658081,161.566430658102,89.5060417354107,0,0,1.78690606355667,0,10.5263425707817,0.863649606704712,3.27231514453888,0,1.91883301734924,0,2.63280242681503,0,0,0,0,0,5.99396750330925,0.491898715496063,0,0,0,0,0,0,0,1.53856933116913,0,2.23482036590576,0.994197189807892,0,3.9200359582901,2.72282367944717,0,0,0,0,0,1.46707272529602
19.6456022262573,21.6036487221718,652.041443914175,355.33905339241,159.950834870338,96.5474216043949,169.311628937721,65.5590907335281,69.4110473394394,53.5218709111214,17.9275522530079,96.1041236519814,63.6527450084686,81.8428356349468,144.966615647078,34.2964457273483,3.5302996635437,6.89423894882202,542.375764638186,451.666051864624,37.9219130277634,776.081665158272,1461.48001900315,3462.50104263425,345.914334595203,655.908309459686,231.203276902437,166.906670212746,208.041778743267,25.3832990527153,972.73232999444,0,149.966660916805,3234.09337189794,5.18595600128174,219.877199262381,11.6642976403236,6.86782014369965,0.787325859069824,8.84430539608002,5.36922860145569,1.04059398174286,1.32174944877625,1.05649623274803,0.47601306438446,1.40630012750626,0,53.4732493460178,0,1.86895215511322,0,0,0,0,0,0,9.2375248670578,9.61619532108307,2.71284997463226,0,1.50738108158112,1.76805514097214,0,11.2663927078247,0,0,73.5798542499542,472.356237620115,11.6409243345261,6.1147204041481,446.102889984846,458.7796048522,465.964278638363,271.177657425404,98.0631514787674,137.145390570164,281.656128227711,273.073355019093,0,0,2.17249816656113,5.94549041986465,9.4170441031456,0.695904850959778,4.52209931612015,3.3349671959877,0,0,0,0,0,0,0,0,7.11373102664948,7.75440341234207,0,0,0,0,0,0,0,0,3.14468991756439,4.26182699203491,1.16972100734711,0,6.49272894859314,3.03213107585907,0,0,0,0,0,0
17.6897063553333,127.580998629332,174.539716422558,107.969361722469,9.30776226520538,0,20.6319089531898,60.6785414516926,2.33673214912415,0,4.43243795633316,11.5301583409309,2.93902677297592,9.03773748874664,17.8065891861916,0,8.89626049995422,19.0141985416412,2246.90065225959,646.741641193628,58.1183507144451,11.6509491205215,1324.65967264771,73.2223233580589,35.6091386377811,12.4024455547333,31.157131254673,12.1271704733372,25.3859772086143,5.48258018493652,1623.27107745409,149.966660916805,0,834.487524420023,1196.47488632798,34.1927798986435,7.81457602977753,20.0168319344521,39.7170415222645,2.00811660289764,0.858161091804504,0,173.621393144131,3.64349752664566,303.124794095755,12.9137589335442,63.4226359724998,1.95027726888657,1.94012063741684,1.16322728991508,0.475832134485245,0.635462880134583,0,0,3.61424359679222,1.02016937732697,80.1170118749142,170.830379724503,43.869143396616,70.059391617775,12.6333066821098,14.8412551879883,11.6916025280952,34.8811423778534,0,1.19098114967346,3832.12346640229,327.979404985905,920.990828514099,274.853339701891,147.031036555767,128.869920998812,40.3182148039341,52.5666535496712,10.6408048272133,25.5844714045525,80.964683175087,170.593199819326,0,4.08362114429474,7.98344969749451,42.9049129486084,0,0,2.31386762857437,6.96303349733353,0,0,1.69419169425964,0,0,0,0,0,4.12665593624115,0,0,0,0,0,0,0,0,0,0,0,0,0,0,0,0,0,0,0,0,0
255.355193436146,137.394233345985,424.287398815155,264.416163682938,4.22687697410583,1.00191834568977,248.967374324799,27.3029897511005,7.50450417399406,0,47.5632571578026,66.1038575172424,59.4212599396706,60.6865639090538,6.53193652629852,4.23272567987442,37.1416762173176,43.9519233107567,1828.62273290753,4764.60494396091,2.9037236571312,6.03181529045105,403.26168847084,1765.45341494679,5.55782371759415,16.6787965595722,1.71422407031059,2.72441375255585,86.0110165774822,17.1132413744926,346.930162578821,3234.09337189794,834.487524420023,0,50.0075834393501,852.181247591972,48.5544390082359,22.0359915494919,3.31849873065948,45.9612686932087,2.99550634622574,0,13.1125813126564,7.03160154819489,21.5831532180309,21.6410701572895,1.92672944068909,136.790963858366,12.8088426291943,2.21134430170059,5.51245093345642,1.12392640113831,0,0,1.68444609642029,1.64696216583252,242.984666824341,327.104919821024,102.758702546358,147.103769719601,46.6492748260498,9.66782945394516,83.726271957159,41.4838658869267,4.21727383136749,3.78110200166702,892.903953760862,4555.49396529794,918.822022736073,1480.68296766281,214.267132043839,298.428724259138,229.648288697004,242.500709921122,73.0736588835716,92.4560394287109,435.050944566727,490.591706126928,1.27935755252838,7.23325943946838,47.4652594327927,30.3372750878334,9.77033460140228,1.99956703186035,11.3519288897514,12.4821535944939,0,0,7.16001188755035,4.73109400272369,0,2.23435616493225,0,0,8.75868833065033,13.0620142221451,0,2.15632057189941,0,1.01989364624023,0,0,0,0,2.72761642932892,1.36307334899902,0,1.06238114833832,5.95848023891449,0.605256617069244,1.56645631790161,0,0,0,0,1.85538858175278
1.52786946296692,5.35612893104553,4.32456523180008,3.50887954235077,1.08242589235306,0,0,2.38726419210434,0,0,0,0,0.762961685657501,0,3.23123615980148,0,2.25567203760147,0,13.2635521888733,0,10.9771035909653,1.42154875397682,199.762135446072,0,0.729164898395538,0,6.02269858121872,0.367105603218079,27.2019680142403,12.6966943144798,407.580236881971,5.18595600128174,1196.47488632798,50.0075834393501,0,217.668738186359,120.033694028854,94.7531551122665,45.8451782464981,23.28092867136,10.2654358744621,15.967396914959,432.01787674427,254.777586936951,361.072399616241,207.682092726231,298.97323268652,120.135836184025,258.539414942265,160.654650121927,150.281943798065,55.6109617948532,36.9515637755394,23.3243785500526,65.4961755871773,52.2608477771282,8.04259467124939,16.7486550807953,77.962401509285,140.496831089258,11.9737505912781,11.9709240794182,15.1710780262947,31.1797106266022,5.04496794939041,10.3794357776642,1652.80530887842,561.590328603983,2.72795236110687,3.88967210054398,23.0040616691113,5.55281102657318,70.0858064591885,58.5846808552742,3.48823773860931,35.9889144301414,165.783141821623,111.442237138748,0,4.59035354852676,21.7747163772583,50.0072529315948,9.19795227050781,5.04372850060463,45.2561660706997,25.9552730321884,4.36229383945465,4.00526267290115,165.346633046865,10.5819926261902,0,0,0,0,6.68836173415184,3.17071211338043,6.39615941047668,0.761504173278809,1.04103255271912,0,0,0,0,0,1.78457313776016,0,0,0,0,0,0,0,0,0,0,0
0,4.30052530765533,0.625791490077972,2.04701262712479,0,0,4.9226448237896,5.28396785259247,0,0,0,2.02155661582947,0,2.86198925971985,0,0,2.74200564622879,0.824117481708527,4.87540149688721,11.4202709197998,0,0,1.81981551647186,69.1879907250404,0,0,0,0.964949637651443,40.0778314471245,7.66125065088272,6.86637246608734,219.877199262381,34.1927798986435,852.181247591972,217.668738186359,0,145.512399077415,213.301101565361,43.8082354664803,171.160039186478,14.6200617551804,12.8461590409279,229.318904042244,482.431072533131,217.642527997494,362.399086147547,242.435665488243,296.455121338367,218.736151963472,161.635112166405,156.781540513039,43.2605436444283,32.6184253096581,31.4647462368011,41.0872243642807,163.725307732821,7.6062103509903,10.180958211422,64.5177898705006,85.0131407082081,10.6401754617691,11.4224390983582,17.0589678883553,25.9428256452084,3.00497204065323,6.16614955663681,606.285352498293,1922.64493668079,1.56441080570221,0,11.4990523159504,8.26591807603836,74.6377888321877,60.5259904265404,1.42792737483978,11.8001283109188,163.452751368284,101.716988682747,0,4.4380077123642,33.2621972560883,70.1178894340992,12.3054829835892,11.7959356606007,47.6708276569843,48.6220351457596,2.07024359703064,10.5387541055679,125.276042789221,39.4739169478416,0,0,0,0,3.04454869031906,1.20246505737305,2.76337909698486,2.15650993585587,4.49300527572632,1.91179066896439,0,0,0,0,0.615788698196411,0.52742213010788,0,0,0,0,0,0,0,0,0,0
437.634030848742,7.44721579551697,97.0171089470387,1.5033586025238,11.7333995103836,0,138.137745529413,7.21217027306557,8.35107654333115,0,10.7834894061089,1.881387591362,10.795400261879,0,40.4097360670567,0,48.3310179710388,3.39062231779099,110.259513139725,20.3454030156136,23.9806486368179,6.74660247564316,6.24550640583038,0,0,0,30.9428952932358,0,196.432136267424,18.6144567728043,5.56570726633072,11.6642976403236,7.81457602977753,48.5544390082359,120.033694028854,145.512399077415,0,267.221227347851,1176.39818456769,65.5353109240532,629.969012528658,55.0303185582161,275.784983307123,128.324369549751,139.287705004215,83.4526601433754,901.034957438707,69.8702058196068,353.377586245537,41.0393514633179,738.100877046585,13.1397721171379,174.720184892416,5.22797822952271,809.358270853758,56.1380590200424,507.013354510069,66.7075573205948,540.478081792593,164.179916143417,273.240681439638,30.3216218054295,43.7450638413429,40.9556183815002,185.496397972107,16.3993273377419,697.733935296535,659.220808655024,292.82666772604,17.697209239006,408.376209050417,62.7746395468712,593.591777861118,48.2473255097866,1486.38194131851,64.8678854703903,3253.71651083231,157.428727924824,7.53160673379898,0.704657077789307,91.7879170775414,32.8253284692764,338.344873994589,0.4950130879879,233.723754763603,10.5091093182564,1446.15110516548,2.1977778673172,1022.98523414135,19.4537056982517,174.469549328089,115.763513088226,68.4634506106377,48.337813436985,117.941381454468,22.3391138315201,91.9562259018421,28.1882205605507,66.8131895363331,34.0175880491734,32.7921763956547,25.526976197958,76.769100189209,90.350744843483,64.9011577069759,21.4845356941223,34.431511759758,25.5938450992107,18.1303668916225,8.47905075550079,16.4968018531799,2.82743811607361,3.12533497810364,4.29818758368492,6.43036597967148,4.37419307231903
0,164.067652434111,1.71198290586472,54.6942098140717,0,11.5342647433281,3.38099050521851,56.440245449543,0,3.11224308609962,0,17.8670366406441,0,7.18069767951965,0,6.7093877196312,5.63336145877838,23.8767483830452,3.7228906750679,33.4936988949776,1.09393322467804,93.528669834137,0,7.22151702642441,0,1.25668120384216,11.4944446086884,0.849542677402496,7.95802509784698,84.8221771121025,1.17537653446198,6.86782014369965,20.0168319344521,22.0359915494919,94.7531551122665,213.301101565361,267.221227347851,0,46.9389303922653,1625.77527880669,24.2756090164185,684.83075106144,68.999393761158,311.213631153107,23.8424405455589,196.980369895697,100.453256368637,648.234126091003,29.8795964121819,311.009940057993,24.2080228328705,250.490834116936,4.93895298242569,148.744899868965,30.8160645365715,1675.9668622911,7.39329332113266,178.350800573826,94.9077097773552,489.238611727953,24.283359348774,71.5024260878563,10.5602934360504,41.1116464138031,3.61500060558319,239.924343317747,545.454591572285,509.6409471035,3.521499812603,48.8846030235291,18.3164165616035,250.565321922302,70.9394496679306,342.789253115654,35.888392329216,399.277789801359,102.399682998657,3419.23008298874,3.30906760692596,3.13324892520905,15.0481986999512,66.5686337053776,1.5738542675972,365.565018087626,24.1804624795914,292.02805557847,10.9836488366127,874.74199321866,38.2124170660973,996.51735034585,18.1851096153259,63.0441661477089,6.19173473119736,27.3358253836632,7.53244408965111,66.2113382518291,18.7873005867004,15.1620354056358,4.72868520021439,47.8838592767715,4.00418400764465,20.1072524785995,1.85042130947113,56.264032304287,2.46746098995209,19.1456288397312,7.39013850688934,15.6319251060486,6.50131285190582,15.1354403495789,9.70085769891739,4.91694605350494,2.97431063652039,4.09828096628189,1.81660836935043,2.4080922305584
125.175975859165,0,8.91014811396599,0,3.37076926231384,0,6.48807513713837,0,0.584632992744446,0,3.91632974147797,0,0,0,0.561109244823456,0,18.2852187156677,1.97507464885712,17.6442273259163,1.44050967693329,0,2.42761266231537,0,0,0,0,5.99409222602844,0,22.1981999278069,0,3.45548096299171,0.787325859069824,39.7170415222645,3.31849873065948,45.8451782464981,43.8082354664803,1176.39818456769,46.9389303922653,0,24.8932746052742,536.839134454727,1.91841846704483,448.805437088013,22.1196969151497,132.533882826567,6.79815661907196,1031.26416894794,22.0063772201538,88.8503708839417,6.99445056915283,142.604586154222,1.81512665748596,39.726754784584,4.85839509963989,1710.18766850233,25.1288155913353,132.307263314724,0,75.3348413109779,10.1973907351494,28.6725698113441,0,1.89262354373932,1.62523174285889,23.734887778759,0,344.165277957916,56.9211070537567,95.4434138536453,1.64820635318756,34.7638962268829,2.74014312028885,61.2439867556095,3.59466624259949,82.5250844061375,25.1415775120258,136.059327870607,26.0071856677532,2.33504682779312,0,10.1023339033127,0,78.8793223798275,0,39.2402411103249,0,274.603536039591,0,394.090787857771,0,252.018339425325,195.20778387785,99.0061299204826,37.7068384885788,50.7684143483639,40.1977291107178,198.783409297466,33.4827827215195,94.4650357961655,83.9176964759827,50.2085926532745,14.7457327246666,65.9654851555824,56.9289011657238,51.125149667263,18.7966573536396,29.5031006932259,17.5872079133987,3.18303456902504,1.99215453863144,24.0678409636021,4.1628395318985,3.39128747582436,3.18726986646652,2.00819501280785,2.28336519002914
0,154.318927943707,0,20.7334864735603,0,0,0,22.6068671941757,0,1.16492336988449,0,4.04034847021103,0,4.41082310676575,0,2.64026212692261,0,11.0244849920273,3.0711464881897,18.8528767824173,0,0,0,0,0,0,0,0,0,5.08423519134521,1.48587441444397,8.84430539608002,2.00811660289764,45.9612686932087,23.28092867136,171.160039186478,65.5353109240532,1625.77527880669,24.8932746052742,0,1.23454916477203,1547.0024330914,21.8835141658783,523.022355407476,14.7080643177032,144.177697002888,93.1851244568825,910.832174539566,5.19979524612427,75.5080648958683,4.70747435092926,51.8886962532997,3.82821023464203,42.9111842215061,25.4952993392944,1458.55118629336,0,145.848357468843,0,91.3067674934864,0,8.7688615322113,0,9.1686047911644,0,16.1485341191292,69.3640319108963,518.308671236038,1.05148434638977,51.5207262635231,2.66186022758484,55.6920371651649,2.37998712062836,40.9295248389244,5.27115195989609,64.545106947422,15.7431308031082,313.486036002636,0,2.95854389667511,0,14.3010575771332,0,145.851557433605,0,45.7028891444206,0,205.966107100248,4.98364806175232,173.585706651211,35.334134042263,66.1861892044544,5.87690085172653,18.6867940425873,2.44849687814713,22.9309987425804,18.3487154245377,43.8166112601757,10.8760025501251,42.809150993824,2.14216756820679,7.10776650905609,8.19689333438873,39.2280946075916,5.1299312710762,10.5087745189667,1.56981980800629,15.0104450881481,0,1.49603593349457,6.68320113420486,2.03736865520477,0.66227775812149,0.646413743495941,2.33443677425385,0.792807877063751
16.0569390058517,0,20.0228242874146,0.584903359413147,90.1749912500381,0,8.69156926870346,0,26.1542012095451,0,0,0,3.1515611410141,0,59.7811231613159,0,0.566653788089752,0,5.84536284208298,0,87.0030827522278,0,4.84122657775879,4.94801342487335,3.34128421545029,1.3693253993988,6.37446904182434,0,273.829783737659,0,2.5176682472229,5.36922860145569,0.858161091804504,2.99550634622574,10.2654358744621,14.6200617551804,629.969012528658,24.2756090164185,536.839134454727,1.23454916477203,0,64.5083733797073,25.0928048491478,0,8.16932332515717,0,117.284534990788,0,12.4526371061802,0,33.9780511558056,0,13.2322911024094,0,66.9207284450531,10.2839675545692,12.1756806969643,0,29.8889826536179,0,16.5662560462952,0,7.39346528053284,0,11.150943338871,0,90.2491918802261,3.88749331235886,2.94904136657715,0,294.827108383179,18.807332277298,713.979193031788,12.9067715406418,272.849714636803,49.439119040966,376.121063500643,4.73115813732147,0,0,14.008266299963,0,795.50656992197,3.77340799570084,61.3741940557957,0,977.882508724928,14.140117764473,198.856154799461,17.1824679970741,4.50917077064514,0,2.18828371167183,0.564640283584595,7.2063120007515,0,5.47354763746262,0,1.95397484302521,0,0,0,0.408565431833267,0.565397500991821,7.27344435453415,1.71027952432632,0.988294512033463,0,2.35696017742157,0,0,0,1.55897748470306,0.844898641109467,0,0.491807013750076
0,1.81121718883514,0.86359429359436,9.27622377872467,1.76233839988708,164.952208936214,0,0.733250141143799,0,80.6344019174576,0,1.91029769182205,0,24.8125411868095,0,132.359453886747,0,0.84310120344162,0,0,7.67024958133698,253.019839316607,0,9.63591977953911,0.692832112312317,13.1042615175247,6.73876482248306,81.9025535285473,4.63116753101349,365.725790500641,3.00666165351868,1.04059398174286,0,0,15.967396914959,12.8461590409279,55.0303185582161,684.83075106144,1.91841846704483,1547.0024330914,64.5083733797073,0,15.4283796548843,113.589936196804,1.1015031337738,69.5839522182941,4.23295480012894,227.33518281579,0,80.3902599215508,0.803686916828156,74.2775330245495,0,64.6604089736938,10.7619624733925,563.475827634335,0,5.51511490345001,0,65.5147895812988,2.06265711784363,8.07866823673248,0,3.44029277563095,0,55.0993005931377,9.78581753373146,75.3507061898708,0,0,21.5879924893379,269.681098520756,90.3265261650085,2093.12085583806,62.798409640789,139.824881911278,6.98962062597275,207.745100438595,0,0,0,15.4967983961105,9.23790681362152,2075.47798624635,5.20258492231369,153.8977637887,49.2277924418449,1811.83806657791,51.3891388773918,466.446339309216,2.08613085746765,6.3106142282486,0,2.64260929822922,0,5.767154276371,0,2.41341876983643,0,11.6057842373848,0,0,0,1.95943307876587,0,0.475987881422043,0,0,1.38023954629898,0,2.12217974662781,0,1.18995344638824,0,0,0
0,0,0.499885052442551,0,0,0,1.72123324871063,0,0,0,0,0,0,0,0,0,0.569564938545227,0,5.38841038942337,0,0,0,27.1261714994907,0,0,0,0,0,82.4271471202374,7.50942647457123,89.687275737524,1.32174944877625,173.621393144131,13.1125813126564,432.01787674427,229.318904042244,275.784983307123,68.999393761158,448.805437088013,21.8835141658783,25.0928048491478,15.4283796548843,0,1474.41330358386,7663.373403579,993.707692027092,8068.60137701035,1332.3486687839,3652.24886724353,442.816641300917,2898.98228394985,65.781977057457,1055.90560314059,70.2053039669991,753.794840067625,159.95904520154,2.69755119085312,3.34117591381073,77.9984402060509,99.1355598568916,4.8386732339859,1.21357190608978,0,0,7.59916615486145,9.65953183174133,1884.06603759527,1001.52463176847,0.669599771499634,0,3.91984504461288,0,178.241014152765,54.4057321548462,1.22679305076599,9.77102327346802,196.361721128225,34.0131260454655,0,0,75.2524274885654,17.5836606025696,28.9110001921654,3.70037540793419,168.911932379007,18.0836855769157,10.9167757928371,2.2488779425621,477.219975411892,34.6016348302364,549.618981957436,0,0,0,5.54835307598114,0,57.5001776218414,2.47275871038437,393.803576052189,90.1057484149933,0,0,0,0,0,0,0,0,0,0,0,0,0,0,0,0
0,4.33268690109253,0,0.944077134132385,0,0,0,0,0,0,0,0,0,0,0,0,0.844422876834869,1.03042924404144,0,1.40519535541534,0,0.881609797477722,0,0,0,0,0,0,6.75309354066849,51.292549341917,0,1.05649623274803,3.64349752664566,7.03160154819489,254.777586936951,482.431072533131,128.324369549751,311.213631153107,22.1196969151497,523.022355407476,0,113.589936196804,1474.41330358386,0,816.574620425701,7921.31907072663,351.148134231567,7733.79185238481,737.234064280987,2170.06574320793,597.185148596764,984.43394112587,145.675257563591,1036.80920389295,37.8799363970757,837.554032564163,1.0090057849884,0.801331996917725,88.1648029088974,41.8074375987053,5.9318813085556,0,1.5670747756958,2.60269528627396,1.84363830089569,7.00548905134201,851.916054904461,2247.52321666479,0,0,0,5.66528236865997,21.2026090621948,277.60806247592,0,35.4604481160641,44.7548321485519,178.773474365473,1.34676647186279,0.578737139701843,2.31802606582642,86.8917692005634,0,54.4304312765598,7.88314306735992,261.063706457615,0,29.1388147175312,50.0242410898209,401.725030958652,3.42468690872192,0,0,0,1.69624650478363,2.73225688934326,0,108.092696875334,2.74188768863678,177.80177628994,0,0,0,0,0,0,0,0,0,0,0,0,0,0,0,0
0,0,1.26450300216675,0,0,0,0,0,0,0,0,0,0,0,0,0,3.16904473304749,0,6.17401045560837,0,0,0,12.5572064518929,0,0,0,0,0,25.5803364515305,3.40624576807022,54.7795550525188,0.47601306438446,303.124794095755,21.5831532180309,361.072399616241,217.642527997494,139.287705004215,23.8424405455589,132.533882826567,14.7080643177032,8.16932332515717,1.1015031337738,7663.373403579,816.574620425701,0,885.463621169329,1953.83121606708,104.975717008114,2939.56496056914,112.223128467798,499.41198387742,18.0971732139587,74.9701996445656,4.50284114480019,245.462250441313,19.0651562213898,3.15786522626877,2.54305475950241,185.625049710274,74.5207225680351,11.2794544696808,2.5469081401825,0.417836993932724,5.61144232749939,7.0575196146965,6.27017539739609,1854.25460672379,780.619508117437,0.734524488449097,1.01948684453964,2.33373510837555,0,89.6405598521233,42.5339108705521,2.45320284366608,2.85633015632629,138.719138026237,21.6454317569733,0.998189210891724,2.49682712554932,33.0090600550175,15.128023147583,1.46854346990585,0,43.429952442646,4.52686703205109,0.482778459787369,0,181.563110560179,4.46086776256561,39.4186160862446,0,0,0,4.02857393026352,0,14.0327759385109,2.95720589160919,137.594962894917,0,0,0,0,0,0,0,1.31814813613892,0,0,0,0,0,0,0,0,0
0,12.6932194232941,0,3.1431240439415,0,0,0,3.99980986118317,0,0,0,0.993604362010956,0,0,0,0,1.44443541765213,0,0,6.43478566408157,0,0,0,0,0,0,0,0,4.67350745201111,35.0422396361828,0,1.40630012750626,12.9137589335442,21.6410701572895,207.682092726231,362.399086147547,83.4526601433754,196.980369895697,6.79815661907196,144.177697002888,0,69.5839522182941,993.707692027092,7921.31907072663,885.463621169329,0,110.471806764603,1581.9142807126,239.533680230379,4574.43141120672,136.304956197739,1249.39862519503,15.1305364966393,240.410485893488,10.2980000972748,377.576157063246,0.641146302223206,17.5675722360611,81.9637158513069,279.716689229012,2.08245593309402,6.20433461666107,0,18.6132972538471,0,55.5066948533058,663.271919846535,2584.86750435829,0,13.2593394517899,0.784119069576263,9.57659301161766,11.5197007656097,205.824987530708,0,28.2703383564949,32.5380563139915,163.579403370619,0,3.29417762160301,1.92407739162445,112.990061044693,0,20.7338569462299,12.6307975053787,191.123399227858,0,1.87348726391792,20.8260006308556,211.941556543112,0,0,0,0,0,6.39736545085907,2.48579305410385,21.4682538211346,0,65.6374228298664,0,0,0,0,0,0,0,0,0,0,0,0,0,0,0,0
0.947163999080658,0,0.790473699569702,0,2.86307662725449,0,0,0,1.38573145866394,0,0,0,0.54956328868866,0,7.87881702184677,0,4.92211723327637,0,0,0,1.70715910196304,0,7.71453207731247,0,0,0,0.758841574192047,0,180.59758913517,0.8963742852211,15.2146134972572,0,63.4226359724998,1.92672944068909,298.97323268652,242.435665488243,901.034957438707,100.453256368637,1031.26416894794,93.1851244568825,117.284534990788,4.23295480012894,8068.60137701035,351.148134231567,1953.83121606708,110.471806764603,0,130.534057319164,988.881204754114,62.7469792962074,1352.6027751565,17.2044368386269,2116.58646759391,12.4814266562462,4471.19917815924,114.52208584547,0,1.18667197227478,59.094323515892,60.4393818974495,20.0930697917938,0.830488681793213,3.0837464928627,0,37.1620464920998,3.3159396648407,1876.89013299346,533.293010115623,1.52628087997437,0,12.1366287767887,10.1596829891205,274.555647820234,12.7560821771622,12.1642791628838,9.53189021348953,403.961638599634,35.0209113955498,2.53238415718079,1.24303877353668,106.209415256977,0,106.214401423931,0,398.861571550369,2.43660521507263,123.683556526899,0,1593.23282748461,3.27792918682098,421.61882776022,0,1.19450289011002,0,24.4406074285507,0.43012398481369,169.73363044858,3.03885293006897,703.888606190681,0,0.509242177009583,0,0.917356342077255,0,0.880778819322586,0,0,0,0,4.83861148357391,0,1.43679332733154,0.60463410615921,0,0,0
0,13.717810690403,0,9.84449157118797,0,0,0,5.25905829668045,0,0.561891853809357,0,0,0,0,0,0.499135315418243,1.05238509178162,7.55857384204865,0,8.9654985666275,1.54709351062775,2.63148486614227,0,6.29350265860558,0,0,0,0,0,59.498144954443,0.582609951496124,53.4732493460178,1.95027726888657,136.790963858366,120.135836184025,296.455121338367,69.8702058196068,648.234126091003,22.0063772201538,910.832174539566,0,227.33518281579,1332.3486687839,7733.79185238481,104.975717008114,1581.9142807126,130.534057319164,0,67.9144005775452,766.025284945965,24.5751728415489,532.575430899858,6.12203228473663,1795.08505618572,6.59743809700012,3211.76777845621,0,42.6578212976456,11.069037258625,91.1605689525604,0.903273284435272,3.53778630495071,0,5.52222889661789,0,33.1426618695259,330.700753808022,1705.0048854351,0.863498270511627,7.26830005645752,1.5040408372879,33.5191997587681,2.69413065910339,333.195205301046,0,47.0993690490723,22.8925403952599,488.063919216394,0,2.09592032432556,0,77.6454374492168,0,94.3088407516479,2.70863831043243,279.548645585775,0,78.9636318385601,5.1070750951767,468.837792247534,0,10.3924593627453,0.628667950630188,14.3624586164951,0.767860472202301,35.2745800018311,2.93082189559937,345.810875505209,0,404.199935138226,0,2.01215606927872,0.768772125244141,12.0408082902431,2.59591913223267,9.30323812365532,3.58530402183533,4.26088315248489,4.37350195646286,32.2830295562744,1.88554760813713,0.487271130084991,4.70941838622093,5.32259482145309,1.83850800991058,0.575846433639526
5.9735050201416,0,8.21602350473404,0,0,0,4.69859665632248,0,0,0,0,0,0,0,0,0,4.84280627965927,0,4.86515188217163,0,0,0,0,0,0,0,0,0,62.4443008899689,1.34136378765106,0,0,1.94012063741684,12.8088426291943,258.539414942265,218.736151963472,353.377586245537,29.8795964121819,88.8503708839417,5.19979524612427,12.4526371061802,0,3652.24886724353,737.234064280987,2939.56496056914,239.533680230379,988.881204754114,67.9144005775452,0,81.8848459124565,6949.68057203293,5.79156303405762,375.797020226717,3.05109000205994,287.395254552364,22.8841171860695,38.1762651205063,4.38627409934998,1131.81205281615,35.1484836935997,126.857752740383,0,7.62950170040131,1.22411799430847,43.1837956905365,4.77868151664734,892.3211838305,773.509535253048,3.6662158370018,0,13.183269828558,0,233.192489355803,0,11.5644496679306,0.580415546894073,475.346080482006,5.35188961029053,4.14473152160645,0,144.187388956547,0,13.3582381606102,0,271.225578486919,3.46272253990173,0.901063323020935,0,303.224823325872,0,45.0462316572666,0,0,0,23.8187314867973,0,18.6083692908287,0,82.0876470506191,0,0,0,0,0,0,0,0,0,0,0,0,0,0,0,0,0
0,21.2973598837852,0,2.26481187343597,0,0,0,14.8540133237839,0,0,0,2.62404096126556,0,2.27956473827362,0,0,1.8206393122673,2.03707203269005,0,3.80772906541824,0,0,0,0,0,0,0,0,0,63.8578246831894,0,1.86895215511322,1.16322728991508,2.21134430170059,160.654650121927,161.635112166405,41.0393514633179,311.009940057993,6.99445056915283,75.5080648958683,0,80.3902599215508,442.816641300917,2170.06574320793,112.223128467798,4574.43141120672,62.7469792962074,766.025284945965,81.8848459124565,0,48.5462063550949,7022.67616432905,3.65767562389374,839.758856415749,1.65262746810913,633.675083577633,0,48.6152730584145,50.5605254173279,913.39108350873,6.41706252098083,4.1081075668335,0,23.8149276375771,0,793.179038643837,472.890769630671,1202.95658800006,0,7.98820930719376,0,5.43285876512527,3.06898075342178,418.778384655714,0,75.0620954930782,24.9629749059677,342.081735789776,0,4.10933631658554,0,269.960185468197,0,92.2127676904202,3.67550253868103,776.39624351263,0,9.91765934228897,7.12990021705627,630.593472927809,0,0,0,0,0,8.92309990525246,0,7.00531178712845,0,24.4455974698067,0,0,0,0,0,0,0,0,1.00026082992554,2.01609808206558,0,0,0,0,0,0
16.7462756037712,0,5.03487831354141,0,1.49874675273895,0,30.8351903557777,0,0,0,0,0,0.625307083129883,0,1.94070541858673,0,21.6746666133404,0,9.87754625082016,0,0.811447322368622,0,0.976923167705536,0,0,0,0,0,160.727167755365,0,0,0,0.475832134485245,5.51245093345642,150.281943798065,156.781540513039,738.100877046585,24.2080228328705,142.604586154222,4.70747435092926,33.9780511558056,0.803686916828156,2898.98228394985,597.185148596764,499.41198387742,136.304956197739,1352.6027751565,24.5751728415489,6949.68057203293,48.5462063550949,0,6.82880866527557,3767.50211924314,3.80623519420624,1496.64538556337,11.6567995548248,68.902200460434,2.5744856595993,2002.13762047887,28.3887121081352,832.535656422377,0,20.7126101255417,3.09005308151245,845.340682923794,6.17011612653732,458.531122267246,579.52988705039,14.1572461128235,0,22.2699511945248,0.934458315372467,568.011327087879,3.40045714378357,19.9726001918316,1.06597936153412,909.280539393425,10.0668442249298,11.2147293686867,0,472.568062663078,1.84786200523376,149.578089654446,0,2875.4257298708,3.51385974884033,15.2941326200962,0,1474.22478982806,0,32.3692890405655,0,0,0,42.0870047211647,0,15.7611697912216,0,19.4598103761673,0,0,0,0,0,3.95650768280029,0,6.43498313426971,0,0,1.02364039421082,0,0,0,0.62172257900238,0,0
0,32.374398291111,0,9.59935796260834,0,0,0,31.0339871644974,0,0,0,3.28113669157028,0,0,0,0,0,1.21392941474915,0,0.77173113822937,0,0.624401330947876,0,0,0,0,0,0,0,57.8385788202286,0,0,0.635462880134583,1.12392640113831,55.6109617948532,43.2605436444283,13.1397721171379,250.490834116936,1.81512665748596,51.8886962532997,0,74.2775330245495,65.781977057457,984.43394112587,18.0971732139587,1249.39862519503,17.2044368386269,532.575430899858,5.79156303405762,7022.67616432905,6.82880866527557,0,0,4215.4622938633,0,1338.2450248301,0,66.364787042141,3.9754638671875,668.374547839165,0,8.45968848466873,0,16.3926284611225,0,1095.77187377214,104.261723339558,441.37983751297,0,2.13674968481064,0,5.09224301576614,0,304.002660095692,0,45.0907683074474,0.614915788173676,205.449048101902,0,2.11411955952644,0,224.468975096941,0,82.5745865106583,1.50360906124115,3093.74776148796,0,16.1138514280319,0,1735.04945197701,0,0,0,0,0,5.57397347688675,0,1.29151010513306,0,8.55083310604095,0,0,0,0,0,0,0,0.683586657047272,0,1.88839834928513,0,0,0,0,0,0
4.27566194534302,0,0,0,0,0,9.86314058303833,0,0,0,0,0,0,0,0,0,0,0,0,0,0,0,0,0,0,0,0,0,50.140807300806,0,0,0,0,0,36.9515637755394,32.6184253096581,174.720184892416,4.93895298242569,39.726754784584,3.82821023464203,13.2322911024094,0,1055.90560314059,145.675257563591,74.9701996445656,15.1305364966393,2116.58646759391,6.12203228473663,375.797020226717,3.65767562389374,3767.50211924314,0,0,0,2821.85809192061,3.21969848871231,7.87108224630356,0,18.6596873998642,1.45092964172363,12.8272750377655,0,1.15188035368919,0,88.9867139458656,0,48.8861154019833,112.302499115467,0,0,1.24659216403961,0,124.610580652952,0,4.16573584079742,0,157.172804266214,0,0,0,75.0885741710663,0,21.6995696723461,0,462.451149106026,0,6.07333195209503,0,840.816066741943,0,48.0878709554672,0,0,0,5.08987081050873,0,3.89091551303864,1.74843847751617,22.9238669276237,0,0,0,0,0,0,0,0,0,0,0,0,0,0,0,0,0
0,1.43547081947327,0,0,0,0,0,1.38734745979309,0,0,0,0,0,0,0,0,0,0,0,0,0,0,0,0,0,0,0,0,0,47.0286521911621,0,0,0,0,23.3243785500526,31.4647462368011,5.22797822952271,148.744899868965,4.85839509963989,42.9111842215061,0,64.6604089736938,70.2053039669991,1036.80920389295,4.50284114480019,240.410485893488,12.4814266562462,1795.08505618572,3.05109000205994,839.758856415749,3.80623519420624,4215.4622938633,0,0,0,3617.19890341163,0,1.41512167453766,0,14.6702399253845,0,0.953411519527435,0,1.29986798763275,0,46.7202787399292,60.4130910634995,153.162653476,0,0,0,3.57536423206329,0,168.016818463802,0,23.3007943928242,1.27607488632202,107.141523987055,0,0.752817928791046,0,71.2462554574013,0,53.174410879612,0,389.710716068745,0,19.9144532978535,0,1244.60895439982,0,0,0,0,0,3.25775676965714,0,2.9084400832653,0,18.7331315279007,0,0,0,0,0,0,0,0,0,0,0,0,0,0,0,0
6.22811913490295,0,0,0,0.589453995227814,0,2.06034332513809,0,0,0,0,0,0,0,0,0,3.6712703704834,0,0,0,4.06679537892342,0,0,0,0,0,0,0,90.8667140901089,0,0,0,3.61424359679222,1.68444609642029,65.4961755871773,41.0872243642807,809.358270853758,30.8160645365715,1710.18766850233,25.4952993392944,66.9207284450531,10.7619624733925,753.794840067625,37.8799363970757,245.462250441313,10.2980000972748,4471.19917815924,6.59743809700012,287.395254552364,1.65262746810913,1496.64538556337,0,2821.85809192061,0,0,15.9723339080811,6.43553957343102,0,18.7097015976906,0,21.6761127710342,0,0,0,143.480989336967,0,234.744362592697,125.608021974564,0,0,9.194828748703,6.67563658952713,178.255899727345,2.17691659927368,16.4051842093468,12.4089665412903,215.285176813602,1.19377684593201,1.05901852250099,0,65.8533768057823,0,83.4153927266598,0,574.707174807787,0,344.802057534456,0,3955.81031164527,0.815857589244843,63.4367004036903,0,0.55418461561203,0.986281931400299,6.31547951698303,0,67.3542969226837,0,116.767298877239,1.13618046045303,0.609349191188812,0,0.810694456100464,0,2.52733719348907,0,8.43387442827225,0,0,0.699782729148865,1.97480529546738,0,0,0,0,0
0,13.5016610920429,0,0,0,0,0,21.4172299206257,0,1.92317944765091,0,4.13111609220505,0,0,0,4.7949178814888,1.23372602462769,0,0,0,0,0,0,0,0,0,0,1.78329503536224,0,40.3681145310402,0,0,1.02016937732697,1.64696216583252,52.2608477771282,163.725307732821,56.1380590200424,1675.9668622911,25.1288155913353,1458.55118629336,10.2839675545692,563.475827634335,159.95904520154,837.554032564163,19.0651562213898,377.576157063246,114.52208584547,3211.76777845621,22.8841171860695,633.675083577633,11.6567995548248,1338.2450248301,3.21969848871231,3617.19890341163,15.9723339080811,0,0,24.6753616333008,4.09636354446411,112.227982223034,0,2.82965636253357,0,9.48777598142624,0,215.657163113356,131.675083458424,391.661906123161,0,0,2.55669659376144,48.1355127394199,20.2719221711159,215.520062536001,10.9101982712746,27.4626620709896,9.98291999101639,249.307247847319,0,0.533562242984772,0,87.5716979801655,0,165.431529045105,1.44158828258514,556.026798933744,0,864.647734969854,12.7205299139023,4003.31627181172,0,2.60965132713318,0,0,0,3.39802503585815,0,39.3000629246235,1.57947218418121,69.9199628531933,0,0,0,0.841658651828766,0,0,0,1.65824520587921,0,0,0,0,0,0,0,0
10362.5244613588,174.302585840225,218.51944065094,77.1962849795818,0.673876523971558,0,900.785728216171,18.1616629362106,1.07428383827209,0,346.957585990429,6.08642959594727,119.084793150425,0,6.6563338637352,0,1734.84588971734,22.8658167123795,269.119065642357,255.265409171581,0,0,7.21554729342461,0,0,0,0,0,1931.32444614172,8.72527721524239,13.616656512022,9.2375248670578,80.1170118749142,242.984666824341,8.04259467124939,7.6062103509903,507.013354510069,7.39329332113266,132.307263314724,0,12.1756806969643,0,2.69755119085312,1.0090057849884,3.15786522626877,0.641146302223206,0,0,38.1762651205063,0,68.902200460434,0,7.87108224630356,0,6.43553957343102,0,0,241.9016674757,5052.57164254785,23.110302567482,5494.20233398676,17.6283895969391,2833.28403812647,45.0200041234493,458.002453327179,1.65061771869659,1347.88729605079,173.90257409215,1641.70783081651,314.590620666742,881.151587069035,147.434586673975,2323.84584915638,40.3126341104507,588.55129724741,4.33441478013992,2953.9513939321,142.007838100195,46.4131555557251,2.17785501480103,290.237024307251,29.7830189466476,36.6311901211739,0,606.380240082741,1.10547351837158,2.36795318126678,0,248.956503450871,0,4.56959074735641,0,0,0,164.607597827911,2.13242924213409,15.072097659111,1.4285386800766,6.4049825668335,0,2.24047720432281,0,0,0,26.3078806996346,0,17.1562974452972,0.683389008045197,12.8585871458054,1.10123443603516,0,0,0,0,0,4.13232439756393
37.3352122008801,11046.4941432178,14.9286634325981,274.841495543718,0,0,7.12218874692917,758.735482245684,0,2.90197265148163,1.27251672744751,353.142157912254,0,216.655184805393,0,18.2311390638351,47.8433750271797,2093.60325950384,44.2534455358982,500.969006687403,0,1.33990305662155,1.44237577915192,25.8672392368317,0,0,0,1.33756756782532,33.1017038822174,299.922361642122,3.21968984603882,9.61619532108307,170.830379724503,327.104919821024,16.7486550807953,10.180958211422,66.7075573205948,178.350800573826,0,145.848357468843,0,5.51511490345001,3.34117591381073,0.801331996917725,2.54305475950241,17.5675722360611,1.18667197227478,42.6578212976456,4.38627409934998,48.6152730584145,2.5744856595993,66.364787042141,0,1.41512167453766,0,24.6753616333008,241.9016674757,0,125.053282499313,3496.22569483519,104.341559439898,2243.96244034171,126.847417294979,3203.61538136005,0.6110520362854,712.731693655252,551.315783619881,582.911108225584,297.5382566154,2474.46489274502,79.2956109941006,1122.14331370592,49.5300525128841,2088.06225681305,2.71391004323959,553.72811716795,492.696661531925,2580.06879851222,13.0412626862526,94.5210533440113,43.1749094724655,401.957872122526,0,12.0534916520119,4.65801429748535,221.635009944439,0,0.918073296546936,0,224.24920129776,0,3.48295986652374,0,0,3.90712296962738,73.7991437315941,0,4.26493728160858,0,2.06780344247818,0,0,0,0.709124267101288,2.79206138849258,6.30146110057831,0,19.3651204705238,9.81876182556152,10.0235131978989,3.29639160633087,0,1.21686625480652,0,0,1.80437326431274
402.468591332436,14.9790191054344,108.872298002243,0.559306144714355,0,0,219.66546651721,0,0,0,46.6458095312119,0,20.4763647317886,0,0,0,192.697942852974,9.87471979856491,146.968356996775,6.61539214849472,0,0,6.63542971014977,0,0,0,0,0,569.285205692053,9.95972675085068,7.55319207906723,2.71284997463226,43.869143396616,102.758702546358,77.962401509285,64.5177898705006,540.478081792593,94.9077097773552,75.3348413109779,0,29.8889826536179,0,77.9984402060509,88.1648029088974,185.625049710274,81.9637158513069,59.094323515892,11.069037258625,1131.81205281615,50.5605254173279,2002.13762047887,3.9754638671875,18.6596873998642,0,18.7097015976906,4.09636354446411,5052.57164254785,125.053282499313,0,176.322709172964,7189.57991227508,35.27887403965,604.692407846451,64.7360900640488,1721.1317447722,19.2024686336517,3221.57579004765,783.243014872074,356.474962204695,21.2105452418327,120.306194096804,39.3653139472008,822.167853087187,31.9889212846756,88.7556889951229,11.8554138541222,1356.96148830652,139.758193969727,91.4633278548717,5.06824654340744,454.131991028786,29.8841736912727,15.8091602325439,0,282.739105731249,1.4866396188736,0,0,295.514385193586,1.56205487251282,0,0,0,0,114.210136204958,0,25.2747792005539,0,1.51871061325073,0,0,0,0,0,7.97287338972092,0,1.28331434726715,0,1.47868692874908,0.858585298061371,0,0,0,0,0,2.4885213971138
1.0783816576004,567.351235240698,2.29059690237045,115.59703207016,0,0,0,194.760976463556,0,0,0,51.7464030981064,0,20.1520928144455,0,0,8.82300287485123,78.6645620763302,7.63993841409683,209.442801862955,0,3.37672990560532,0,1.46121484041214,0,0,0,0,11.188990175724,105.122154980898,2.77124047279358,0,70.059391617775,147.103769719601,140.496831089258,85.0131407082081,164.179916143417,489.238611727953,10.1973907351494,91.3067674934864,0,65.5147895812988,99.1355598568916,41.8074375987053,74.5207225680351,279.716689229012,60.4393818974495,91.1605689525604,35.1484836935997,913.39108350873,28.3887121081352,668.374547839165,1.45092964172363,14.6702399253845,0,112.227982223034,23.110302567482,3496.22569483519,176.322709172964,0,60.5832494497299,2266.63470688462,34.8914895653725,856.058167457581,7.35221219062805,2651.39076331258,903.240584254265,2768.62190124393,7.40736538171768,296.734378397465,14.586117118597,92.0780290663242,26.8476449251175,807.72470703721,1.48152410984039,199.925067663193,178.291751235723,1055.14674624801,1.98431915044785,142.117470890284,11.9236485362053,894.054830044508,0,76.93117415905,16.8232298493385,481.274057388306,0,5.38029631972313,11.685866355896,276.438402712345,0,0,0,0,0,57.885848402977,0,2.13425916433334,0,0,0,0,0,0,0,0,0,2.19049406051636,3.97162663936615,0.89349240064621,0,0,0,0,0,0
848.487119168043,13.1868854165077,38.5489503741264,4.01054453849792,0,0,583.185313314199,0.837759494781494,0,0,173.314918994904,1.30580136179924,41.7875063717365,0,1.09588122367859,0,256.987417072058,0.561347901821136,10.2768887877464,8.37516072392464,0.679704606533051,0,0,0,0,0,0,0,291.867936611176,4.92139387130737,0,1.50738108158112,12.6333066821098,46.6492748260498,11.9737505912781,10.6401754617691,273.240681439638,24.283359348774,28.6725698113441,0,16.5662560462952,2.06265711784363,4.8386732339859,5.9318813085556,11.2794544696808,2.08245593309402,20.0930697917938,0.903273284435272,126.857752740383,6.41706252098083,832.535656422377,0,12.8272750377655,0,21.6761127710342,0,5494.20233398676,104.341559439898,7189.57991227508,60.5832494497299,0,24.4998446702957,4009.95451152325,43.6500567793846,4646.45375302434,0,245.081329703331,186.082356750965,32.2945044636726,23.7186368703842,108.528141379356,24.9243150949478,480.07217413187,26.4507232904434,70.2880614995956,8.98222231864929,663.350502878428,90.8053750395775,49.1655592918396,9.98549675941467,552.66029971838,28.3418860137463,34.1727490127087,0,1082.81505128741,6.89931428432465,0.775444746017456,0,385.808317959309,0,3.66177344322205,0,0.831937849521637,0,48.9380923807621,0,13.4164867997169,0,0.450562566518784,0,0,0,0,0,6.96419543027878,0,7.70381236076355,0,3.03895127773285,1.05573451519012,0,0,0,0,0,1.00947642326355
0,626.057928562164,0,48.5353627204895,0,0,0,564.956207156181,0,0,0,435.025969922543,0,610.065591365099,0,8.00552624464035,6.09889155626297,280.642811119556,0,31.0343814492226,0,0,0,4.18876719474792,0,0,0,0,5.31852054595947,28.6932951807976,1.59675562381744,1.76805514097214,14.8412551879883,9.66782945394516,11.9709240794182,11.4224390983582,30.3216218054295,71.5024260878563,0,8.7688615322113,0,8.07866823673248,1.21357190608978,0,2.5469081401825,6.20433461666107,0.830488681793213,3.53778630495071,0,4.1081075668335,0,8.45968848466873,0,0.953411519527435,0,2.82965636253357,17.6283895969391,2243.96244034171,35.27887403965,2266.63470688462,24.4998446702957,0,8.72265577316284,4281.15537634492,0,2882.37429401278,156.679684221745,105.766603112221,2.20927268266678,6.83047831058502,7.93737006187439,203.550592005253,3.56701648235321,112.218308091164,0,37.7341297268867,46.4464685916901,191.001405507326,0,13.6807614564896,5.7066330909729,318.520765036345,0,10.315806388855,0,655.394955873489,0,0.89862072467804,0,306.570302933455,0,0,0,0,0,4.55160689353943,0,0,0,1.45658552646637,0,0,0,0,0,0,0,1.35957145690918,0.749498426914215,0,0,0,0,0,0,0
294.967077046633,26.7966782450676,16.6181128621101,0,0,0,100.826226294041,0,0,0,286.25255432725,0,91.5694916546345,0,4.06502932310104,0,1137.73514768481,20.3544148206711,20.8091296255589,0,0,0,0,0,0,0,0,0,322.134003192186,2.3862801194191,1.33172070980072,0,11.6916025280952,83.726271957159,15.1710780262947,17.0589678883553,43.7450638413429,10.5602934360504,1.89262354373932,0,7.39346528053284,0,0,1.5670747756958,0.417836993932724,0,3.0837464928627,0,7.62950170040131,0,20.7126101255417,0,1.15188035368919,0,0,0,2833.28403812647,126.847417294979,604.692407846451,34.8914895653725,4009.95451152325,8.72265577316284,0,33.9181683063507,506.579145699739,0,216.545870929956,159.765968173742,91.4113222956657,72.0509888529778,152.036261498928,61.0002421438694,126.157737880945,27.6934562325478,11.4995238780975,2.39618277549744,347.914610534906,86.770268201828,29.9370171427727,4.05944401025772,2703.49156561494,10.2532474398613,42.3284218907356,0,2127.07705673575,0,1.17201307415962,0,302.84236907959,0,0,0,0,0,10.3032483458519,0,1.55270075798035,0,0,0,0,0,0,0,0,0,0,0,0,1.59075474739075,0,0,0,0,0,0
1.64009410142899,325.623327225447,2.22748374938965,74.9050204157829,0,2.25266426801682,0,218.588908493519,0,3.77586340904236,0,596.525745362043,0,699.648502111435,0,46.7165566682816,12.7175722718239,2770.12007775903,2.21307909488678,66.3708300590515,0,0,0,17.6349662542343,0,0,0,0,1.82587558031082,286.391473591328,5.37669253349304,11.2663927078247,34.8811423778534,41.4838658869267,31.1797106266022,25.9428256452084,40.9556183815002,41.1116464138031,1.62523174285889,9.1686047911644,0,3.44029277563095,0,2.60269528627396,5.61144232749939,18.6132972538471,0,5.52222889661789,1.22411799430847,23.8149276375771,3.09005308151245,16.3926284611225,0,1.29986798763275,0,9.48777598142624,45.0200041234493,3203.61538136005,64.7360900640488,856.058167457581,43.6500567793846,4281.15537634492,33.9181683063507,0,0,927.852026134729,296.55406448245,225.275970071554,21.4349448382854,46.0886566638947,21.9516834020615,330.747077643871,28.4606779515743,623.201270967722,0,93.0068035423756,119.86674708128,387.853152424097,2.40730363130569,100.898595362902,8.94012770056725,3538.04917243123,0,17.5257327258587,5.16225647926331,2234.55695787072,0,1.60362362861633,1.62993550300598,337.252011448145,0,0,0,0,0,9.03817337751389,2.46062731742859,0.958493769168854,0,0,0,0,0,0,0,2.44661200046539,0,0,0,1.70990598201752,0,0,0,0,0,0
326.496904909611,0,7.01584088802338,0,0,0,391.299895226955,0,0,0,24.2807668447495,0,17.3129549026489,0,0,0,35.7269184589386,0,1.6085684299469,1.14571177959442,0,0,0,0,0,0,0,0,149.263386100531,1.93118488788605,0.500492751598358,0,0,4.21727383136749,5.04496794939041,3.00497204065323,185.496397972107,3.61500060558319,23.734887778759,0,11.150943338871,0,7.59916615486145,1.84363830089569,7.0575196146965,0,37.1620464920998,0,43.1837956905365,0,845.340682923794,0,88.9867139458656,0,143.480989336967,0,458.002453327179,0.6110520362854,1721.1317447722,7.35221219062805,4646.45375302434,0,506.579145699739,0,0,2.39787149429321,25.6726524829865,9.47692602872849,6.10870307683945,0,55.8138982653618,3.43622973561287,310.558911383152,1.65043103694916,40.702519595623,0,221.901860833168,3.44664239883423,15.6393657326698,0,567.666454792023,0,59.1049417555332,0,3658.41592544317,0,5.02495148777962,0,1045.08083617687,0,10.4441645145416,0,0.56555563211441,0,15.2314163446426,0,13.7548505663872,0,1.09857487678528,0,0,0,0,0,0.687475323677063,0,1.41738963127136,0,0,0,0,0,0,0,0,1.1877326965332
0,636.702063113451,0,75.1396573185921,0,0,0,951.745349556208,0,1.52897000312805,0,226.12167185545,0,162.277626216412,0,0,0,28.5721977651119,1.37615549564362,20.9004044532776,0,1.95789396762848,0,0,0,0,0.939916789531708,0,1.25333642959595,38.4952422976494,0,0,1.19098114967346,3.78110200166702,10.3794357776642,6.16614955663681,16.3993273377419,239.924343317747,0,16.1485341191292,0,55.0993005931377,9.65953183174133,7.00548905134201,6.27017539739609,55.5066948533058,3.3159396648407,33.1426618695259,4.77868151664734,793.179038643837,6.17011612653732,1095.77187377214,0,46.7202787399292,0,215.657163113356,1.65061771869659,712.731693655252,19.2024686336517,2651.39076331258,0,2882.37429401278,0,927.852026134729,2.39787149429321,0,64.2585654258728,112.04435557127,0,14.4135625958443,1.80630642175674,137.165687441826,0,270.007467418909,0,68.9265090823174,14.9353741407394,280.060512125492,0,14.9258486032486,0,1045.85075485706,0,73.224471539259,0.822870552539825,4049.53609329462,0,14.839597851038,0,1600.36058545113,0,1.7411504983902,0,0,0,7.00511074066162,0,0,0,0,0,0,0,1.25276350975037,0,0,0,3.4452942609787,0,0.750861287117004,0,0,0,0,0,0
106.526343077421,102.307967066765,304.345708101988,16.0434131622314,0,0,91.4111116230488,10.949092566967,0,0,29.2702492773533,0,11.4860991239548,0,0.864265561103821,0,62.5397870540619,42.6954956650734,1130.14997699857,99.9306698441505,0.684930920600891,0,297.122152835131,0,0,0,0,0,293.336307942867,40.1197866201401,542.271949574351,73.5798542499542,3832.12346640229,892.903953760862,1652.80530887842,606.285352498293,697.733935296535,545.454591572285,344.165277957916,69.3640319108963,90.2491918802261,9.78581753373146,1884.06603759527,851.916054904461,1854.25460672379,663.271919846535,1876.89013299346,330.700753808022,892.3211838305,472.890769630671,458.531122267246,104.261723339558,48.8861154019833,60.4130910634995,234.744362592697,131.675083458424,1347.88729605079,551.315783619881,3221.57579004765,903.240584254265,245.081329703331,156.679684221745,216.545870929956,296.55406448245,25.6726524829865,64.2585654258728,0,4111.68981170654,2926.79631564021,384.81279695034,170.180094838142,136.882393717766,627.372290313244,312.513935655355,72.1226717531681,72.3653106093407,1271.27933767438,767.572893500328,32.6298723220825,46.4724930822849,241.326886624098,237.828863978386,20.0381550490856,0.851467847824097,242.445570647717,38.1010069549084,5.95597529411316,0.951737880706787,455.557300597429,28.8510875701904,6.95680314302444,0,0,0,79.5762637555599,0,46.3147747814655,1.80817288160324,19.3339164853096,0,0,0,0,0,3.70951515436172,0,1.67116767168045,0,0,2.12951374053955,0,0,0,0,0,0.712590932846069
15.9268530905247,131.218970268965,12.9421925544739,161.97984573245,0,0,3.26355254650116,109.606837064028,0,0,0.705820262432098,62.2117951214314,0,60.9729966819286,0,0,42.996392250061,26.5600054562092,56.4017571806908,806.594475358725,0,3.27798819541931,0,258.573305934668,0,0.660097479820251,0,0,71.0391680300236,75.3574756085873,14.7887101769447,472.356237620115,327.979404985905,4555.49396529794,561.590328603983,1922.64493668079,659.220808655024,509.6409471035,56.9211070537567,518.308671236038,3.88749331235886,75.3507061898708,1001.52463176847,2247.52321666479,780.619508117437,2584.86750435829,533.293010115623,1705.0048854351,773.509535253048,1202.95658800006,579.52988705039,441.37983751297,112.302499115467,153.162653476,125.608021974564,391.661906123161,173.90257409215,582.911108225584,783.243014872074,2768.62190124393,186.082356750965,105.766603112221,159.765968173742,225.275970071554,9.47692602872849,112.04435557127,4111.68981170654,0,95.3444446921349,841.69809538126,77.9308440685272,150.883561223745,225.138845831156,558.438354611397,10.6792476773262,171.879926860332,815.244606226683,889.505282133818,19.4874523282051,49.2193706333637,121.782593309879,482.952081590891,0,80.8414905965328,72.6141709089279,326.393542200327,0,25.784401088953,226.994403421879,236.521606981754,1.47446942329407,0.545819342136383,0,0,1.62929791212082,29.8138870596886,1.6144939661026,34.0436055660248,6.29852896928787,3.75032269954681,0,0,0,0.596301019191742,0,0.556988298892975,0,1.82792234420776,0.994577407836914,3.03020119667053,0.811547636985779,0,0,0,0,0
1535.33364734054,512.984891355038,188.799489319324,230.968033879995,0,0,70.3618893623352,57.9308838546276,0,0,79.1563495397568,13.3729264736176,49.3939144015312,1.32826602458954,1.38714361190796,0,152.380124211311,62.0795056223869,2518.70279794931,988.161419838667,0,0,22.7512666583061,0.930779755115509,0,0,0,0,207.166686683893,7.54574012756348,41.7437039613724,11.6409243345261,920.990828514099,918.822022736073,2.72795236110687,1.56441080570221,292.82666772604,3.521499812603,95.4434138536453,1.05148434638977,2.94904136657715,0,0.669599771499634,0,0.734524488449097,0,1.52628087997437,0.863498270511627,3.6662158370018,0,14.1572461128235,0,0,0,0,0,1641.70783081651,297.5382566154,356.474962204695,7.40736538171768,32.2945044636726,2.20927268266678,91.4113222956657,21.4349448382854,6.10870307683945,0,2926.79631564021,95.3444446921349,0,1037.39428111911,564.433522701263,291.39349475503,706.642959237099,62.1217972636223,362.500100553036,22.5110088586807,2448.14352050424,244.758700102568,1.12557196617126,0,13.9756070375443,2.92582249641418,11.4715229868889,0,0.615873038768768,0,0,0,0,0,0,0,0,0,76.6955056488514,0,5.1042160987854,0,0,0,0,0,0,0,2.23833763599396,0,9.21920466423035,0,15.4306887984276,0.918741881847382,0,0,0,0,0.863172948360443,2.8774476647377
126.127673685551,938.279263734818,26.1245166659355,78.8171156942844,0,0,4.95890235900879,6.34853738546371,0,0,6.56722694635391,35.6838353872299,0,11.5628707408905,0,0,20.4757235646248,149.242665141821,177.787446022034,2152.13402363658,0,0,0,16.0695327818394,0,0,0,0,20.4322594702244,33.6592794060707,7.80199754238129,6.1147204041481,274.853339701891,1480.68296766281,3.88967210054398,0,17.697209239006,48.8846030235291,1.64820635318756,51.5207262635231,0,0,0,0,1.01948684453964,13.2593394517899,0,7.26830005645752,0,7.98820930719376,0,2.13674968481064,0,0,0,0,314.590620666742,2474.46489274502,21.2105452418327,296.734378397465,23.7186368703842,6.83047831058502,72.0509888529778,46.0886566638947,0,14.4135625958443,384.81279695034,841.69809538126,1037.39428111911,0,108.309473752975,411.647434592247,39.9629356861115,373.084900200367,10.5718539953232,143.055415034294,327.116824656725,1102.43945223093,2.63013088703156,2.91741079092026,24.5441251993179,14.78528252244,0,0,1.13119637966156,1.70301806926727,0,0,0,0,0,0,0,0,2.75570076704025,26.3403893113136,0,0,0,0,0,0,0,0,0,0,0,0,2.42300468683243,1.60463416576385,0,0,0,0,0,0
1651.21972899139,122.302709072828,2011.04811540246,421.338717758656,778.322928518057,175.786131560802,2401.5779311955,341.524562239647,470.681542694569,92.9008845388889,281.991189181805,40.7040635943413,1074.10488468409,70.657184690237,1541.13635247946,46.8547671735287,95.2200206816196,23.9690862596035,628.106041431427,353.700710445642,794.79969599843,184.600394427776,1282.32186898589,1042.01264372468,369.132369995117,565.983678758144,564.018968641758,345.75981798768,458.421018600464,17.7731352448463,813.094439268112,446.102889984846,147.031036555767,214.267132043839,23.0040616691113,11.4990523159504,408.376209050417,18.3164165616035,34.7638962268829,2.66186022758484,294.827108383179,21.5879924893379,3.91984504461288,0,2.33373510837555,0.784119069576263,12.1366287767887,1.5040408372879,13.183269828558,0,22.2699511945248,0,1.24659216403961,0,9.194828748703,2.55669659376144,881.151587069035,79.2956109941006,120.306194096804,14.586117118597,108.528141379356,7.93737006187439,152.036261498928,21.9516834020615,55.8138982653618,1.80630642175674,170.180094838142,77.9308440685272,564.433522701263,108.309473752975,0,404.655465453863,3406.15107914805,161.485582113266,2501.37960469723,54.8733935058117,4138.83305430412,212.936267793179,1.94504398107529,1.52294045686722,57.4984347820282,19.7402502298355,90.4644221365452,4.52723836898804,103.606368780136,0.69702672958374,25.1163643598557,9.50315076112747,121.859008222818,3.21958005428314,28.3973731994629,2.91461831331253,8.98705154657364,4.08124369382858,106.967119842768,7.63497626781464,17.7431994974613,2.70844101905823,11.5613730549812,3.41270327568054,9.67791602015495,0.814193665981293,11.4169650375843,15.6396201252937,80.8034873604774,32.3314878344536,14.6598925292492,9.15425145626068,48.2682081758976,0.558425664901733,4.70709121227264,0,2.80434560775757,4.15728065371513,1.29497253894806,15.3305667638779
154.983870357275,3274.77785170078,662.981612145901,2276.57644894719,88.384586006403,1131.12723135948,303.647318601608,4230.70215091109,35.1496789455414,1552.6698577702,29.9388066828251,938.053751945496,81.0917074382305,2187.83008918166,66.0714100599289,1616.48367860913,23.5678305029869,483.240696579218,585.461834847927,736.138363718987,34.5231181681156,278.169026613235,651.509186416864,1677.20595908165,95.7565140724182,806.128794312477,69.110020160675,615.87328723073,99.0423913896084,243.125868856907,199.574434459209,458.7796048522,128.869920998812,298.428724259138,5.55281102657318,8.26591807603836,62.7746395468712,250.565321922302,2.74014312028885,55.6920371651649,18.807332277298,269.681098520756,0,5.66528236865997,0,9.57659301161766,10.1596829891205,33.5191997587681,0,5.43285876512527,0.934458315372467,5.09224301576614,0,3.57536423206329,6.67563658952713,48.1355127394199,147.434586673975,1122.14331370592,39.3653139472008,92.0780290663242,24.9243150949478,203.550592005253,61.0002421438694,330.747077643871,3.43622973561287,137.165687441826,136.882393717766,150.883561223745,291.39349475503,411.647434592247,404.655465453863,0,291.540567845106,2339.58687242866,81.1992194354534,2666.41642051935,279.185936391354,10276.9273951948,2.45484203100204,9.62256222963333,22.3806981742382,151.062852263451,6.47356677055359,13.3635269999504,4.23464715480804,386.353122264147,26.7358647584915,58.3157715797424,31.2825508415699,216.234667897224,9.3538244664669,60.5342408418655,7.00458860397339,38.3687667250633,36.4571716785431,107.79286596179,16.9434462487698,27.082322716713,10.2943508028984,34.7711735069752,6.63079839944839,17.2473173141479,8.01969069242477,80.9645685255527,60.9555873274803,128.921748012304,22.3370616436005,37.1017927229404,144.039698451757,30.186068713665,17.8427673578262,5.10965698957443,6.01716703176498,14.5314728915691,6.0394991338253,25.1857459545135
2972.58381712437,51.5341966152191,2133.98238402605,326.032371968031,961.179039239883,40.055458933115,2055.99487268925,262.011016875505,627.778809130192,31.2969298660755,198.867460101843,32.5131297707558,955.754143714905,50.2052556276321,2191.27631410956,3.5034117102623,286.727504104376,9.60752713680267,880.298824965954,416.464383751154,105.762835502625,4.89817750453949,433.072352439165,1035.68835970759,120.678758084774,142.302940070629,81.6003868877888,11.4431428909302,2104.12073886395,2.80395770072937,304.921779602766,465.964278638363,40.3182148039341,229.648288697004,70.0858064591885,74.6377888321877,593.591777861118,70.9394496679306,61.2439867556095,2.37998712062836,713.979193031788,90.3265261650085,178.241014152765,21.2026090621948,89.6405598521233,11.5197007656097,274.555647820234,2.69413065910339,233.192489355803,3.06898075342178,568.011327087879,0,124.610580652952,0,178.255899727345,20.2719221711159,2323.84584915638,49.5300525128841,822.167853087187,26.8476449251175,480.07217413187,3.56701648235321,126.157737880945,28.4606779515743,310.558911383152,0,627.372290313244,225.138845831156,706.642959237099,39.9629356861115,3406.15107914805,291.540567845106,0,98.7134513556957,2887.7252600193,99.6591522693634,2015.46495136619,103.163370192051,41.4561212360859,5.1269159913063,457.949661940336,5.38721466064453,344.453181862831,5.72891628742218,384.751109212637,1.21357107162476,91.3392549753189,20.7265543341637,225.345113396645,19.4675617814064,75.9730845987797,12.105056643486,22.3194185495377,4.44244885444641,95.7651513516903,4.81254720687866,40.0244443714619,3.3859538435936,26.5557056963444,7.73739105463028,14.9312776327133,3.42505371570587,35.2621502280235,9.67715641856194,50.5306796729565,28.4414302706718,21.9714502692223,9.60579997301102,30.7385910153389,3.38083291053772,1.44103127717972,0,3.46463784575462,0.800711333751678,0,9.20291337370872
60.0788819789886,3113.70560127497,241.892577767372,1429.75159740448,11.754280090332,960.389946341515,118.826804220676,1581.06860640645,5.36295086145401,1199.62182208896,7.93584614992142,914.09879091382,30.84815081954,1827.10188552737,16.4626975357533,2624.23387140036,3.23084229230881,1696.32949507236,372.150329917669,765.327314436436,9.72339254617691,158.94751521945,294.872647017241,1009.82835948467,5.91531080007553,286.922751158476,9.33289963006973,298.565765023232,36.599319934845,2985.14021229744,94.4395332038403,271.177657425404,52.5666535496712,242.500709921122,58.5846808552742,60.5259904265404,48.2473255097866,342.789253115654,3.59466624259949,40.9295248389244,12.9067715406418,2093.12085583806,54.4057321548462,277.60806247592,42.5339108705521,205.824987530708,12.7560821771622,333.195205301046,0,418.778384655714,3.40045714378357,304.002660095692,0,168.016818463802,2.17691659927368,215.520062536001,40.3126341104507,2088.06225681305,31.9889212846756,807.72470703721,26.4507232904434,112.218308091164,27.6934562325478,623.201270967722,1.65043103694916,270.007467418909,312.513935655355,558.438354611397,62.1217972636223,373.084900200367,161.485582113266,2339.58687242866,98.7134513556957,0,41.7811891436577,939.99388769269,177.773439496756,779.236158818007,1.28546118736267,396.772298306227,10.8324053287506,908.508430957794,0,460.915287196636,2.6416722536087,369.339946091175,6.64340382814407,69.7038362920284,9.24192696809769,134.180291265249,5.08532255887985,31.6729503571987,0,8.801827698946,2.11168211698532,41.2646853923798,3.20283088088036,6.77976828813553,0,19.3191502690315,0,5.47238034009933,0,18.1353330314159,4.65710663795471,17.1346138715744,6.96401596069336,10.4813602864742,13.0351676344872,5.68895584344864,2.68730026483536,0.677918970584869,0,2.29517930746078,0,3.36762893199921
1163.02938857675,26.8270016014576,713.947014987469,74.6467863619328,26.2168591022491,2.09990257024765,895.120647907257,59.7109931111336,23.6123990416527,1.94480293989182,35.973739027977,12.5375193357468,157.449173003435,16.096176981926,183.538073778152,0.702432215213776,49.8112152814865,0.86021614074707,487.013198852539,179.965810894966,42.1394100785255,1.13255977630615,85.5800810456276,120.039334058762,0.484818428754807,2.83623665571213,5.77724611759186,0,123.236398041248,2.37026619911194,57.0018048882484,98.0631514787674,10.6408048272133,73.0736588835716,3.48823773860931,1.42792737483978,1486.38194131851,35.888392329216,82.5250844061375,5.27115195989609,272.849714636803,62.798409640789,1.22679305076599,0,2.45320284366608,0,12.1642791628838,0,11.5644496679306,0,19.9726001918316,0,4.16573584079742,0,16.4051842093468,10.9101982712746,588.55129724741,2.71391004323959,88.7556889951229,1.48152410984039,70.2880614995956,0,11.4995238780975,0,40.702519595623,0,72.1226717531681,10.6792476773262,362.500100553036,10.5718539953232,2501.37960469723,81.1992194354534,2887.7252600193,41.7811891436577,0,71.001307040453,1024.32260107994,45.6484516263008,1.85109162330627,0,9.07194447517395,0,21.2408185601234,5.81036061048508,16.5277583599091,1.24206447601318,52.2874937653542,27.4327755570412,47.7751227617264,27.6208667159081,142.168111056089,79.7466359138489,63.5077349841595,36.2239308357239,175.582659929991,18.5889258980751,75.6511220932007,29.2087164819241,45.6322170197964,30.0230337679386,12.9859131276608,23.8490647673607,29.7614102363586,90.0011493265629,99.6387017965317,42.6376585662365,40.3338243961334,27.4914469718933,42.3995041251183,2.98571705818176,18.9266893565655,2.25020679831505,1.48042690753937,6.81211936473846,6.24498039484024,13.5186924338341
10.9857204556465,906.835090786219,123.582428127527,567.25689920783,0,23.7953307032585,84.0767531692982,869.709896862507,0.555809676647186,77.681619644165,5.74444472789764,142.696850180626,10.6801265478134,395.97733348608,0,224.113999307156,1.57189428806305,157.934059739113,145.394894778728,381.253883957863,0.766876697540283,9.42297428846359,129.616464197636,367.811303555965,1.52785217761993,8.05106028914452,0.973863482475281,0.430721342563629,23.0019590854645,76.2658136487007,51.1671552658081,137.145390570164,25.5844714045525,92.4560394287109,35.9889144301414,11.8001283109188,64.8678854703903,399.277789801359,25.1415775120258,64.545106947422,49.439119040966,139.824881911278,9.77102327346802,35.4604481160641,2.85633015632629,28.2703383564949,9.53189021348953,47.0993690490723,0.580415546894073,75.0620954930782,1.06597936153412,45.0907683074474,0,23.3007943928242,12.4089665412903,27.4626620709896,4.33441478013992,553.72811716795,11.8554138541222,199.925067663193,8.98222231864929,37.7341297268867,2.39618277549744,93.0068035423756,0,68.9265090823174,72.3653106093407,171.879926860332,22.5110088586807,143.055415034294,54.8733935058117,2666.41642051935,99.6591522693634,939.99388769269,71.001307040453,0,47.8647220134735,782.682072520256,0,17.2429721951485,1.46326145529747,48.664821267128,12.2045859694481,12.3796123862267,4.91752761602402,47.5168194770813,44.3358955383301,27.0066315829754,47.70183172822,53.4624677598476,45.3743203580379,87.1750591099262,17.9036281406879,51.274537563324,15.272280395031,90.038293749094,41.8679839670658,23.4097227752209,34.0161642432213,35.1180615127087,12.1945921182632,21.7568472921848,31.6420581638813,131.797197043896,43.4955993890762,69.1083061993122,14.8392325937748,32.6396717727184,27.7928819656372,11.3012890815735,18.7618882954121,3.12641125917435,10.5891768634319,3.07673156261444,4.89164474606514,8.37129861116409
4266.44522923231,334.319137275219,1953.11173564196,204.396100908518,60.0452692806721,1.32090681791306,2577.90189060569,195.785529255867,126.26682689786,0.799556195735931,214.397193819284,35.1187765002251,529.327638149261,27.795927554369,632.094837486744,1.33856421709061,172.221580356359,64.6630846560001,1609.88509824872,723.31674349308,16.231255710125,2.91584122180939,205.982121288776,165.091971665621,6.77674201130867,0,5.17673033475876,0,441.487781256437,15.5717880427837,161.566430658102,281.656128227711,80.964683175087,435.050944566727,165.783141821623,163.452751368284,3253.71651083231,102.399682998657,136.059327870607,15.7431308031082,376.121063500643,6.98962062597275,196.361721128225,44.7548321485519,138.719138026237,32.5380563139915,403.961638599634,22.8925403952599,475.346080482006,24.9629749059677,909.280539393425,0.614915788173676,157.172804266214,1.27607488632202,215.285176813602,9.98291999101639,2953.9513939321,492.696661531925,1356.96148830652,178.291751235723,663.350502878428,46.4464685916901,347.914610534906,119.86674708128,221.901860833168,14.9353741407394,1271.27933767438,815.244606226683,2448.14352050424,327.116824656725,4138.83305430412,279.185936391354,2015.46495136619,177.773439496756,1024.32260107994,47.8647220134735,0,500.517004162073,4.5293710231781,23.1340130567551,128.024872630835,69.0533681213856,80.2050587236881,0,217.391455113888,9.54018676280975,154.05415520072,1.35185062885284,315.225359648466,4.18188136816025,277.053061693907,39.092054605484,342.478832423687,35.8334899544716,865.835643678904,24.0415680706501,324.624233424664,21.6496253609657,38.246150970459,20.9603971838951,83.5315889716148,14.7028440237045,185.510386794806,74.9686423242092,490.781298726797,88.1860750317574,106.521072030067,27.9035341441631,241.116858482361,264.937767207623,77.115387737751,14.801483809948,62.0150411427021,106.404053509235,33.8100923597813,56.0085611343384
167.46148198843,5216.68515461683,225.323543429375,1984.74853852391,0,20.163529664278,165.002385497093,2728.35756757855,0,63.5262463390827,11.4428115487099,512.286408245564,17.4256639480591,472.853560686111,0,106.116522192955,18.5436940789223,499.306535512209,785.349786430597,1666.11924812198,0,43.6089547276497,134.105902850628,310.985568016768,0,1.36337405443192,2.64631205797195,1.33888703584671,38.451455950737,109.612666159868,89.5060417354107,273.073355019093,170.593199819326,490.591706126928,111.442237138748,101.716988682747,157.428727924824,3419.23008298874,26.0071856677532,313.486036002636,4.73115813732147,207.745100438595,34.0131260454655,178.773474365473,21.6454317569733,163.579403370619,35.0209113955498,488.063919216394,5.35188961029053,342.081735789776,10.0668442249298,205.449048101902,0,107.141523987055,1.19377684593201,249.307247847319,142.007838100195,2580.06879851222,139.758193969727,1055.14674624801,90.8053750395775,191.001405507326,86.770268201828,387.853152424097,3.44664239883423,280.060512125492,767.572893500328,889.505282133818,244.758700102568,1102.43945223093,212.936267793179,10276.9273951948,103.163370192051,779.236158818007,45.6484516263008,782.682072520256,500.517004162073,0,1.1543510556221,18.3592537045479,48.0520317554474,232.169693410397,1.04992604255676,61.1348635852337,20.6125462055206,116.28270766139,0,145.701129496098,2.26711559295654,185.503742516041,100.12114572525,397.895253062248,55.5453417301178,398.106672376394,140.26915165782,541.394016087055,66.887167006731,102.613340616226,15.2403189539909,94.5852079689503,20.0407637953758,96.8191350102425,32.3768886625767,430.008217006922,194.077977150679,455.617550134659,54.7318714261055,116.536277592182,445.642299056053,803.059029757977,122.137709975243,17.4343019127846,77.1480536162853,94.7713411748409,45.8465115129948,58.227284103632
12.4325734376907,0,4.53067916631699,0,0.809544324874878,0,11.9791672229767,0,1.40460300445557,0,16.9985706806183,0,13.0727279782295,0,0,0,271.737088739872,2.59244579076767,1.90560668706894,0,0,0,0,0,0,0,0,0,240.274355947971,0,0,0,0,1.27935755252838,0,0,7.53160673379898,3.30906760692596,2.33504682779312,0,0,0,0,1.34676647186279,0.998189210891724,0,2.53238415718079,0,4.14473152160645,0,11.2147293686867,0,0,0,1.05901852250099,0,46.4131555557251,13.0412626862526,91.4633278548717,1.98431915044785,49.1655592918396,0,29.9370171427727,2.40730363130569,15.6393657326698,0,32.6298723220825,19.4874523282051,1.12557196617126,2.63013088703156,1.94504398107529,2.45484203100204,41.4561212360859,1.28546118736267,1.85109162330627,0,4.5293710231781,1.1543510556221,0,0,889.356321394444,0,20.2173103094101,0,33.7847945690155,0,0,0,1.57567358016968,0,1.29892730712891,0,1.28465735912323,0,4.85771870613098,0,1.52206218242645,0,0,0,2.0444495677948,0,1.81929671764374,0,0,0,0,0,0,1.30511450767517,0,0,0,0,0,0
0.919175922870636,11.9157490730286,0,5.28700965642929,0,0,0,3.40946859121323,0,0,0,9.27101901173592,0,0.606702983379364,0,2.0581471323967,1.47360551357269,193.430437654257,1.45596253871918,2.77039039134979,0,0,0,0.899921834468842,0,0,0,0,0,275.97119101882,0,0,4.08362114429474,7.23325943946838,4.59035354852676,4.4380077123642,0.704657077789307,3.13324892520905,0,2.95854389667511,0,0,0,0.578737139701843,2.49682712554932,3.29417762160301,1.24303877353668,2.09592032432556,0,4.10933631658554,0,2.11411955952644,0,0.752817928791046,0,0.533562242984772,2.17785501480103,94.5210533440113,5.06824654340744,142.117470890284,9.98549675941467,13.6807614564896,4.05944401025772,100.898595362902,0,14.9258486032486,46.4724930822849,49.2193706333637,0,2.91741079092026,1.52294045686722,9.62256222963333,5.1269159913063,396.772298306227,0,17.2429721951485,23.1340130567551,18.3592537045479,0,0,4.48272877931595,823.485113829374,0,34.0393644571304,0,19.3558892905712,0,0,0,1.60776656866074,0,0,0,0,0,0,0,0,0,0,0,1.18572306632996,0,0,0,0,0,0.56052553653717,0,0,0,0,0,0,0,0
287.79930138588,7.06517657637596,15.7877014279366,0,2.57031577825546,0,105.238548874855,0,2.48835772275925,0,560.387061953545,0,431.750961899757,0,15.7220035195351,0,1938.3957837522,7.78741645812988,4.88806331157684,0,0,0,3.09575754404068,0,0,0,0,0,1082.01546671987,2.20664399862289,1.78690606355667,2.17249816656113,7.98344969749451,47.4652594327927,21.7747163772583,33.2621972560883,91.7879170775414,15.0481986999512,10.1023339033127,0,14.008266299963,0,75.2524274885654,2.31802606582642,33.0090600550175,1.92407739162445,106.209415256977,0,144.187388956547,0,472.568062663078,0,75.0885741710663,0,65.8533768057823,0,290.237024307251,43.1749094724655,454.131991028786,11.9236485362053,552.66029971838,5.7066330909729,2703.49156561494,8.94012770056725,567.666454792023,0,241.326886624098,121.782593309879,13.9756070375443,24.5441251993179,57.4984347820282,22.3806981742382,457.949661940336,10.8324053287506,9.07194447517395,1.46326145529747,128.024872630835,48.0520317554474,889.356321394444,4.48272877931595,0,10.6908600330353,1406.23939839005,0,5915.96174639463,0,19.65674290061,0,227.174780100584,0,7.3591525554657,0,0.554453015327454,0,5.41062653064728,0,0.763103246688843,0,2.85310637950897,0,0,0,0,0,3.15292465686798,0,1.00899076461792,0,0,0,0,0,0,0,0,0
0,82.780100107193,2.4351692199707,35.5594150424004,0,0.879786789417267,1.69603514671326,146.936147868633,0,1.1587473154068,0,184.017411261797,0,227.377430915833,0,20.1949263811111,10.6427109837532,591.927260041237,1.00246036052704,18.3648681044579,0,0,0,10.7096753120422,0,0,0,0.574486255645752,0,408.690213471651,0,5.94549041986465,42.9049129486084,30.3372750878334,50.0072529315948,70.1178894340992,32.8253284692764,66.5686337053776,0,14.3010575771332,0,15.4967983961105,17.5836606025696,86.8917692005634,15.128023147583,112.990061044693,0,77.6454374492168,0,269.960185468197,1.84786200523376,224.468975096941,0,71.2462554574013,0,87.5716979801655,29.7830189466476,401.957872122526,29.8841736912727,894.054830044508,28.3418860137463,318.520765036345,10.2532474398613,3538.04917243123,0,1045.85075485706,237.828863978386,482.952081590891,2.92582249641418,14.78528252244,19.7402502298355,151.062852263451,5.38721466064453,908.508430957794,0,48.664821267128,69.0533681213856,232.169693410397,0,823.485113829374,10.6908600330353,0,0,2477.60964086652,0,6084.51990485191,0,31.2266103029251,0,332.731014817953,0,0.757315695285797,0,0,0,4.59098255634308,0,1.56764543056488,0,0.773940682411194,0,0,0,0,0,0,0,0.721333503723145,1.41520977020264,1.23461699485779,0,0,0,0,0,0
50.9695843458176,0.434420228004456,57.9026032090187,1.52572393417358,67.3657438158989,3.27923530340195,89.5259201228619,1.54943698644638,74.356836616993,0,63.7411601245403,0,21.5324275493622,0,427.546121269464,0,168.607424139977,0,64.0696236491203,19.2070220708847,4.33763146400452,0,11.3844920396805,3.84665614366531,3.13644587993622,11.5201087594032,6.30448108911514,0,1626.39036408067,0.854528427124023,10.5263425707817,9.4170441031456,0,9.77033460140228,9.19795227050781,12.3054829835892,338.344873994589,1.5738542675972,78.8793223798275,0,795.50656992197,9.23790681362152,28.9110001921654,0,1.46854346990585,0,106.214401423931,0,13.3582381606102,0,149.578089654446,0,21.6995696723461,0,83.4153927266598,0,36.6311901211739,0,15.8091602325439,0,34.1727490127087,0,42.3284218907356,0,59.1049417555332,0,20.0381550490856,0,11.4715229868889,0,90.4644221365452,6.47356677055359,344.453181862831,0,21.2408185601234,12.2045859694481,80.2050587236881,1.04992604255676,20.2173103094101,0,1406.23939839005,0,0,0,1094.31415560842,0,718.267847985029,0,117.947538733482,0,2.49157232046127,0,0,0,3.55178555846214,0,2.42254874110222,0,0.735833585262299,0,0,0,0,0,0,0,0,0,0,0,0,0,0,0,0,0
0,0.857249975204468,0,0,0,64.13087490201,0,0,0,12.337649166584,0,0,0,0,0,32.4062042236328,0,11.3726136684418,0,0,2.47582566738129,103.151002407074,0,0,0.674183011054993,5.23452472686768,1.59937834739685,44.482822239399,0,595.178123444319,0.863649606704712,0.695904850959778,0,1.99956703186035,5.04372850060463,11.7959356606007,0.4950130879879,365.565018087626,0,145.851557433605,3.77340799570084,2075.47798624635,3.70037540793419,54.4304312765598,0,20.7338569462299,0,94.3088407516479,0,92.2127676904202,0,82.5745865106583,0,53.174410879612,0,165.431529045105,0,12.0534916520119,0,76.93117415905,0,10.315806388855,0,17.5257327258587,0,73.224471539259,0.851467847824097,80.8414905965328,0,0,4.52723836898804,13.3635269999504,5.72891628742218,460.915287196636,5.81036061048508,12.3796123862267,0,61.1348635852337,0,34.0393644571304,0,2477.60964086652,0,0,0,845.123867452145,0,923.855708152056,0,163.202022284269,0,0.725270688533783,0,0,0,0.858150124549866,0,0.717977583408356,0,2.1432820558548,0,0,0,0,0,0,0,0,0,0,0,0,0,0,0,0
1488.32210817933,1.65857875347137,23.3196333348751,0,13.7815863192081,0,674.098134756088,0,12.2990223169327,0,641.211238056421,0,486.391402155161,0,46.9572086930275,0,395.109823614359,0,8.13301450014114,0.420391142368317,0.632522881031036,0,1.81757420301437,0,1.08578860759735,0,0,0,494.490483909845,1.06941664218903,3.27231514453888,4.52209931612015,2.31386762857437,11.3519288897514,45.2561660706997,47.6708276569843,233.723754763603,24.1804624795914,39.2402411103249,0,61.3741940557957,5.20258492231369,168.911932379007,7.88314306735992,43.429952442646,12.6307975053787,398.861571550369,2.70863831043243,271.225578486919,3.67550253868103,2875.4257298708,1.50360906124115,462.451149106026,0,574.707174807787,1.44158828258514,606.380240082741,4.65801429748535,282.739105731249,16.8232298493385,1082.81505128741,0,2127.07705673575,5.16225647926331,3658.41592544317,0.822870552539825,242.445570647717,72.6141709089279,0.615873038768768,1.13119637966156,103.606368780136,4.23464715480804,384.751109212637,2.6416722536087,16.5277583599091,4.91752761602402,217.391455113888,20.6125462055206,33.7847945690155,0,5915.96174639463,0,1094.31415560842,0,0,0,750.270642369986,0,6148.79810005426,2.79146671295166,16.4072968363762,0,0.705627024173737,0,6.94700846076012,0,3.46630710363388,0,10.8948051929474,0,0,0,0,0,1.50945389270782,0,4.27024984359741,0,0,0,0,0,0,0,0,0
0,206.63155117631,0,32.8943645656109,0,1.77897220849991,0,738.164504498243,0,1.58271038532257,0,441.691860765219,0,124.079624831676,0,3.10997605323792,1.79060637950897,82.8877697885036,0,4.33962732553482,0,2.43218219280243,0,0,0,0,0,0,0,106.018005788326,0,3.3349671959877,6.96303349733353,12.4821535944939,25.9552730321884,48.6220351457596,10.5091093182564,292.02805557847,0,45.7028891444206,0,153.8977637887,18.0836855769157,261.063706457615,4.52686703205109,191.123399227858,2.43660521507263,279.548645585775,3.46272253990173,776.39624351263,3.51385974884033,3093.74776148796,0,389.710716068745,0,556.026798933744,1.10547351837158,221.635009944439,1.4866396188736,481.274057388306,6.89931428432465,655.394955873489,0,2234.55695787072,0,4049.53609329462,38.1010069549084,326.393542200327,0,1.70301806926727,0.69702672958374,386.353122264147,1.21357107162476,369.339946091175,1.24206447601318,47.5168194770813,9.54018676280975,116.28270766139,0,19.3558892905712,0,6084.51990485191,0,845.123867452145,0,0,0,918.580536901951,0,7608.98114648461,0,0,0,0,0,2.57996296882629,0,0,0,2.79580163955688,0,0,0,0,0,0,0,0,0,0,0,0,0,0,0,0
0,0,2.46885168552399,0,24.541432261467,0,0,0,5.61168003082275,0,0,0,0,0,31.1727908551693,0,0.824504256248474,0,0,0,5.61125725507736,0,0,0,1.26042473316193,0,0,0,252.030667871237,0,1.91883301734924,0,0,0,4.36229383945465,2.07024359703064,1446.15110516548,10.9836488366127,274.603536039591,0,977.882508724928,49.2277924418449,10.9167757928371,0,0.482778459787369,0,123.683556526899,0,0.901063323020935,0,15.2941326200962,0,6.07333195209503,0,344.802057534456,0,2.36795318126678,0,0,0,0.775444746017456,0,1.17201307415962,0,5.02495148777962,0,5.95597529411316,0,0,0,25.1163643598557,26.7358647584915,91.3392549753189,6.64340382814407,52.2874937653542,44.3358955383301,154.05415520072,0,0,0,19.65674290061,0,718.267847985029,0,750.270642369986,0,0,0,827.088079690933,0.876963913440704,1.60290282964706,0,0,0,5.31561335921288,0,6.5579434633255,0,2.01150399446487,0,0,0,0,0,0,0,0.831424832344055,0,0,0,0,0,0,0,0,0
0,0,0,0.651280105113983,0,2.7918307185173,0,0,0,3.19584208726883,0,0,0,0,0,1.72495067119598,0,0,0,0,0,1.99373400211334,0,0.589318096637726,0,0.539501011371613,0,0.930623173713684,0,30.1287109851837,0,0,0,0,4.00526267290115,10.5387541055679,2.1977778673172,874.74199321866,0,205.966107100248,14.140117764473,1811.83806657791,2.2488779425621,29.1388147175312,0,1.87348726391792,0,78.9636318385601,0,9.91765934228897,0,16.1138514280319,0,19.9144532978535,0,864.647734969854,0,0.918073296546936,0,5.38029631972313,0,0.89862072467804,0,1.60362362861633,0,14.839597851038,0.951737880706787,25.784401088953,0,0,9.50315076112747,58.3157715797424,20.7265543341637,69.7038362920284,27.4327755570412,27.0066315829754,1.35185062885284,145.701129496098,0,0,0,31.2266103029251,0,923.855708152056,0,918.580536901951,0,0,0,1571.73832777143,0,0,0,0,0,5.32954424619675,0,0,0,1.26251685619354,0,0,0,0,0,0,0,0,0,0,0,0,0,0,0,0
855.999480992556,0,3.44945287704468,0,18.0132969021797,0,405.233319938183,0,8.9891557097435,0,196.700823366642,0,128.9510384202,0,15.8811042904854,0,57.6609156727791,0,0,0,8.38935679197311,0,0,0,0,0,0,0,231.596448928118,0,2.63280242681503,0,1.69419169425964,7.16001188755035,165.346633046865,125.276042789221,1022.98523414135,38.2124170660973,394.090787857771,4.98364806175232,198.856154799461,51.3891388773918,477.219975411892,50.0242410898209,181.563110560179,20.8260006308556,1593.23282748461,5.1070750951767,303.224823325872,7.12990021705627,1474.22478982806,0,840.816066741943,0,3955.81031164527,12.7205299139023,248.956503450871,0,295.514385193586,11.685866355896,385.808317959309,0,302.84236907959,1.62993550300598,1045.08083617687,0,455.557300597429,226.994403421879,0,0,121.859008222818,31.2825508415699,225.345113396645,9.24192696809769,47.7751227617264,47.70183172822,315.225359648466,2.26711559295654,1.57567358016968,0,227.174780100584,0,117.947538733482,0,6148.79810005426,0,827.088079690933,0,0,0,17.8832463622093,0,0,0,9.8564241528511,0,14.9235198795795,0,21.0987359583378,0,0,0,0,0,0,0,0,0,0.416363209486008,0,0,0,0,0,0,0
0,277.307971954346,0,15.147959202528,0,0,0,652.613126754761,0,0,0,351.942907243967,0,15.3371168375015,0,2.02928894758224,0,8.29274410009384,0,0.755612969398499,0.544608056545258,1.06513869762421,0,0,0,0,0,1.97622221708298,0,16.2175794243813,0,0,0,4.73109400272369,10.5819926261902,39.4739169478416,19.4537056982517,996.51735034585,0,173.585706651211,17.1824679970741,466.446339309216,34.6016348302364,401.725030958652,4.46086776256561,211.941556543112,3.27792918682098,468.837792247534,0,630.593472927809,0,1735.04945197701,0,1244.60895439982,0.815857589244843,4003.31627181172,0,224.24920129776,1.56205487251282,276.438402712345,0,306.570302933455,0,337.252011448145,0,1600.36058545113,28.8510875701904,236.521606981754,0,0,3.21958005428314,216.234667897224,19.4675617814064,134.180291265249,27.6208667159081,53.4624677598476,4.18188136816025,185.503742516041,0,1.60776656866074,0,332.731014817953,0,163.202022284269,2.79146671295166,7608.98114648461,0.876963913440704,1571.73832777143,0,0,0,0,0,0,0,3.24581789970398,0,3.77845969796181,0,20.5692076683044,0,0,0,0,0,0,0,0,0,0,0,0,0,0,0,0
0,0,0,0,0,0,0,0,0,0,0,0,0,0,0,0,11.3612232208252,0,0,0,0,0,0,0,0,0,0,0,17.1299905180931,0,0,0,0,0,0,0,174.469549328089,18.1851096153259,252.018339425325,35.334134042263,4.50917077064514,2.08613085746765,549.618981957436,3.42468690872192,39.4186160862446,0,421.61882776022,0,45.0462316572666,0,32.3692890405655,0,48.0878709554672,0,63.4367004036903,0,4.56959074735641,0,0,0,3.66177344322205,0,0,0,10.4441645145416,0,6.95680314302444,1.47446942329407,0,0,28.3973731994629,9.3538244664669,75.9730845987797,5.08532255887985,142.168111056089,45.3743203580379,277.053061693907,100.12114572525,1.29892730712891,0,7.3591525554657,0,2.49157232046127,0,16.4072968363762,0,1.60290282964706,0,17.8832463622093,0,0,828.63199326396,1321.40238702297,137.269898176193,322.575681805611,189.215971887112,2277.07030117512,191.91628319025,2600.26387703419,447.62292137742,385.3268648386,93.2196042537689,326.090717881918,522.251382261515,887.721585482359,144.703465551138,349.409298360348,152.167207628489,27.5850627422333,28.0098535716534,211.93435549736,54.2205868959427,87.4460690617561,23.8010444939137,21.0553529560566,8.06349834799767
0,0,0,0,0,0,0,0,0,0,0,0.640848994255066,0,0,0,0,0,0,0,0,0,0,0,0,0,0,0,0,0,2.12174391746521,0,0,0,2.23435616493225,0,0,115.763513088226,63.0441661477089,195.20778387785,66.1861892044544,0,6.3106142282486,0,0,0,0,0,10.3924593627453,0,0,0,0,0,0,0,2.60965132713318,0,3.48295986652374,0,0,0,0,0,0,0,1.7411504983902,0,0.545819342136383,0,0,2.91461831331253,60.5342408418655,12.105056643486,31.6729503571987,79.7466359138489,87.1750591099262,39.092054605484,397.895253062248,0,0,0,0.757315695285797,0,0.725270688533783,0,0,0,0,0,0,828.63199326396,0,144.009761869907,1969.42150038481,68.0268834531307,417.358683228493,609.32434758544,837.73261064291,325.054662078619,2282.01569843292,301.550139546394,367.010768502951,466.644868612289,801.83550465107,225.201503396034,666.985877603292,342.939149081707,183.180036336184,73.0649019777775,63.0565661787987,462.080359876156,65.5399931073189,160.13588142395,22.7871632277966,54.9731119573116,11.7889952361584
0,0,0,0,0,0,0,0,0,0,0,0,0,0,0,0,2.79968646168709,0,0,0,0,0,0,0,0,0,0,0,4.21034681797028,0,0,0,0,0,0,0,68.4634506106377,6.19173473119736,99.0061299204826,5.87690085172653,2.18828371167183,0,0,0,0,0,1.19450289011002,0.628667950630188,0,0,0,0,0,0,0.55418461561203,0,0,0,0,0,0.831937849521637,0,0,0,0.56555563211441,0,0,0,0,0,8.98705154657364,7.00458860397339,22.3194185495377,0,63.5077349841595,17.9036281406879,342.478832423687,55.5453417301178,1.28465735912323,0,0.554453015327454,0,0,0,0.705627024173737,0,0,0,0,0,1321.40238702297,144.009761869907,0,23.7126016020775,406.179358750582,74.4496976137161,877.990775913,68.731842815876,212.489702880383,97.7166247367859,1137.14642208815,18.1503009200096,1038.01311293244,160.085863560438,1259.21460357308,81.8833987414837,280.495345026255,103.695542544127,24.4614900350571,43.0300802886486,213.285914093256,53.0230002105236,195.091787546873,49.9667519032955,21.2682552933693,10.5807062983513
0,0.951750934123993,0,0,0,0,0,0,0,0,0,0,0,0,0,0,0,0,0,0,0,0,0,0,0,0,0,0,0,0,0,0,0,0,0,0,48.337813436985,27.3358253836632,37.7068384885788,18.6867940425873,0.564640283584595,2.64260929822922,0,0,0,0,0,14.3624586164951,0,0,0,0,0,0,0.986281931400299,0,0,0,0,0,0,0,0,0,0,0,0,0,0,0,4.08124369382858,38.3687667250633,4.44244885444641,8.801827698946,36.2239308357239,51.274537563324,35.8334899544716,398.106672376394,0,0,0,0,0,0,0,0,0,0,0,0,137.269898176193,1969.42150038481,23.7126016020775,0,57.2033009529114,135.813622295856,212.613750785589,355.857481658459,109.1704877913,176.610381484032,61.3160748779774,686.868090122938,142.941705852747,1360.59674987197,91.8825771212578,859.072874009609,118.025110572577,100.533836722374,95.97054079175,100.296573251486,423.501619815826,42.4959491193295,285.052905917168,83.5968111157417,74.2941699922085,32.0094494223595
143.213383466005,7.78770864009857,54.0906859338284,3.91116058826447,1.25220841169357,0,43.6986694335938,9.25879400968552,2.1631156206131,0,1.82143396139145,0.920180559158325,8.51070255041122,1.22068607807159,12.0801750719547,0,18.8359571695328,0,37.2061195373535,6.51892173290253,1.23756504058838,0,1.45809924602509,0,0,0,0.773654401302338,0,16.3476720452309,0,5.99396750330925,7.11373102664948,4.12665593624115,8.75868833065033,6.68836173415184,3.04454869031906,117.941381454468,7.53244408965111,50.7684143483639,2.44849687814713,7.2063120007515,0,5.54835307598114,1.69624650478363,4.02857393026352,0,24.4406074285507,0.767860472202301,23.8187314867973,0,42.0870047211647,0,5.08987081050873,0,6.31547951698303,0,164.607597827911,3.90712296962738,114.210136204958,0,48.9380923807621,0,10.3032483458519,0,15.2314163446426,0,79.5762637555599,1.62929791212082,76.6955056488514,2.75570076704025,106.967119842768,36.4571716785431,95.7651513516903,2.11168211698532,175.582659929991,15.272280395031,865.835643678904,140.26915165782,4.85771870613098,0,5.41062653064728,0,3.55178555846214,0,6.94700846076012,0,5.31561335921288,0,9.8564241528511,0,322.575681805611,68.0268834531307,406.179358750582,57.2033009529114,0,74.6153797507286,978.545944035053,35.3985234498978,88.2797644734383,36.0011376142502,106.249415099621,25.9836906790733,236.541931509972,111.264753550291,467.787198960781,83.1080095469952,200.481910824776,33.9732015132904,195.679993122816,346.018903851509,234.662358015776,18.1048144996166,99.1488150060177,115.477964371443,30.9716643989086,65.7222235500813
0,76.7647944092751,0,24.5419339537621,0,0,3.76525402069092,37.7816941142082,0.78876793384552,0,0,7.84462380409241,0,5.25163930654526,0,0.68291050195694,0,5.19113808870316,0,21.1733762919903,0,1.8660414814949,0,0.719196617603302,0,0,0,0,0,2.44871693849564,0.491898715496063,7.75440341234207,0,13.0620142221451,3.17071211338043,1.20246505737305,22.3391138315201,66.2113382518291,40.1977291107178,22.9309987425804,0,5.767154276371,0,2.73225688934326,0,6.39736545085907,0.43012398481369,35.2745800018311,0,8.92309990525246,0,5.57397347688675,0,3.25775676965714,0,3.39802503585815,2.13242924213409,73.7991437315941,0,57.885848402977,0,4.55160689353943,0,9.03817337751389,0,7.00511074066162,0,29.8138870596886,0,26.3403893113136,7.63497626781464,107.79286596179,4.81254720687866,41.2646853923798,18.5889258980751,90.038293749094,24.0415680706501,541.394016087055,0,0,0,4.59098255634308,0,0.858150124549866,0,2.57996296882629,0,5.32954424619675,0,3.24581789970398,189.215971887112,417.358683228493,74.4496976137161,135.813622295856,74.6153797507286,0,153.799744725227,829.239166736603,56.1938574314117,368.31012198329,61.4238535761833,44.9147909879684,61.0902781188488,189.880221694708,99.4567192792892,239.447825223207,56.2920216619968,94.5838041603565,29.7999546229839,399.66814404726,267.560938090086,10.075278699398,39.5690715610981,14.6064085364342,19.2638109922409,21.7414697110653
11.4145702719688,1.5750584602356,0.49544820189476,0,0,0,0.757954239845276,0,0,0,0,0,2.75044894218445,0,0,0,8.82430851459503,0,0.621341049671173,0,0,0,0,0,0,0,0,0,13.8991193175316,2.54939246177673,0,0,0,0,6.39615941047668,2.76337909698486,91.9562259018421,18.7873005867004,198.783409297466,18.3487154245377,5.47354763746262,0,57.5001776218414,0,14.0327759385109,2.48579305410385,169.73363044858,2.93082189559937,18.6083692908287,0,15.7611697912216,0,3.89091551303864,0,67.3542969226837,0,15.072097659111,0,25.2747792005539,0,13.4164867997169,0,1.55270075798035,2.46062731742859,13.7548505663872,0,46.3147747814655,1.6144939661026,5.1042160987854,0,17.7431994974613,16.9434462487698,40.0244443714619,3.20283088088036,75.6511220932007,41.8679839670658,324.624233424664,66.887167006731,1.52206218242645,0,0.763103246688843,0,2.42254874110222,0,3.46630710363388,0,6.5579434633255,0,14.9235198795795,0,2277.07030117512,609.32434758544,877.990775913,212.613750785589,978.545944035053,153.799744725227,0,382.665044814348,2512.80984354019,270.030309021473,279.610820114613,104.160179823637,323.082650303841,503.878719121218,712.395760297775,161.9428139925,406.570325940847,95.2008019983768,55.4463979899883,163.71957424283,1423.10103803873,85.4279078841209,137.468284159899,72.7099015712738,27.1535317897797,36.1544176638126
0,0,0,0,0,0,0,0.832739293575287,0,0,0,0,0,0,0,0,0,0,0,0,0,0,0,0,0,0,0,0,0,3.2788610458374,0,0,0,2.15632057189941,0.761504173278809,2.15650993585587,28.1882205605507,15.1620354056358,33.4827827215195,43.8166112601757,0,2.41341876983643,2.47275871038437,108.092696875334,2.95720589160919,21.4682538211346,3.03885293006897,345.810875505209,0,7.00531178712845,0,1.29151010513306,1.74843847751617,2.9084400832653,0,39.3000629246235,1.4285386800766,4.26493728160858,0,2.13425916433334,0,0,0,0.958493769168854,0,0,1.80817288160324,34.0436055660248,0,0,2.70844101905823,27.082322716713,3.3859538435936,6.77976828813553,29.2087164819241,23.4097227752209,21.6496253609657,102.613340616226,0,0,0,1.56764543056488,0,0.717977583408356,0,0,0,0,0,3.77845969796181,191.91628319025,837.73261064291,68.731842815876,355.857481658459,35.3985234498978,829.239166736603,382.665044814348,0,107.950634598732,2616.75681731105,49.7533191144466,52.5662923157215,86.8204845190048,268.694204330444,73.212176412344,247.862546980381,49.8154070079327,160.188923716545,16.4620529413223,50.34695109725,1392.40481108427,92.9015532135963,111.12468084693,11.1840551793575,21.6160835325718,8.84099173545837
1.54564797878265,0,0,0,0,0,0,0,0,0,0,0,0,0,0,0,2.34693402051926,0,0,0,0,0,0,0,0,0,0,0,7.37908858060837,0,0,0,0,0,1.04103255271912,4.49300527572632,66.8131895363331,4.72868520021439,94.4650357961655,10.8760025501251,1.95397484302521,0,393.803576052189,2.74188768863678,137.594962894917,0,703.888606190681,0,82.0876470506191,0,19.4598103761673,0,22.9238669276237,0,116.767298877239,1.57947218418121,6.4049825668335,0,1.51871061325073,0,0.450562566518784,0,0,0,1.09857487678528,0,19.3339164853096,6.29852896928787,0,0,11.5613730549812,10.2943508028984,26.5557056963444,0,45.6322170197964,34.0161642432213,38.246150970459,15.2403189539909,0,0,2.85310637950897,0,0.735833585262299,0,10.8948051929474,0,2.01150399446487,0,21.0987359583378,0,2600.26387703419,325.054662078619,212.489702880383,109.1704877913,88.2797644734383,56.1938574314117,2512.80984354019,107.950634598732,0,151.68690264225,67.3066155612469,64.217738121748,70.7159486413002,294.25512740016,124.136531025171,69.5783404111862,124.976997107267,53.6575763821602,6.80264061689377,3.94825196266174,191.258944690228,105.596784830093,58.9419805109501,60.5925978422165,8.00056904554367,2.20694053173065
0,0,0,0,0,0,0,0,0,0,0,0,0,0.866798639297485,0,0,0,2.31078660488129,0,0,0,0,0,0,0,0,0,0,0,5.74997460842133,0,0,0,1.01989364624023,0,1.91179066896439,34.0175880491734,47.8838592767715,83.9176964759827,42.809150993824,0,11.6057842373848,90.1057484149933,177.80177628994,0,65.6374228298664,0,404.199935138226,0,24.4455974698067,0,8.55083310604095,0,18.7331315279007,1.13618046045303,69.9199628531933,0,2.06780344247818,0,0,0,1.45658552646637,0,0,0,0,0,3.75032269954681,0,0,3.41270327568054,34.7711735069752,7.73739105463028,19.3191502690315,30.0230337679386,35.1180615127087,20.9603971838951,94.5852079689503,0,0,0,0.773940682411194,0,2.1432820558548,0,2.79580163955688,0,1.26251685619354,0,20.5692076683044,447.62292137742,2282.01569843292,97.7166247367859,176.610381484032,36.0011376142502,368.31012198329,270.030309021473,2616.75681731105,151.68690264225,0,116.122660666704,26.45492836833,171.620592832565,136.65612244606,93.2274654507637,97.0891766548157,96.8953514993191,206.869017720222,10.7854610681534,15.793365418911,388.116283297539,266.432965040207,294.719689011574,5.67392331361771,3.47978883981705,0.862070500850677
0,0,0,0,0,0,0,0,0,0,0,0,0,0,0,0,1.57690906524658,0,0,0,0,0,0,0,0,0,0,0,3.23196113109589,0,0,0,0,0,0,0,32.7921763956547,4.00418400764465,50.2085926532745,2.14216756820679,0,0,0,0,0,0,0.509242177009583,0,0,0,0,0,0,0,0.609349191188812,0,2.24047720432281,0,0,0,0,0,0,0,0,0,0,0,0,0,9.67791602015495,6.63079839944839,14.9312776327133,0,12.9859131276608,12.1945921182632,83.5315889716148,20.0407637953758,2.0444495677948,0,0,0,0,0,0,0,0,0,0,0,385.3268648386,301.550139546394,1137.14642208815,61.3160748779774,106.249415099621,61.4238535761833,279.610820114613,49.7533191144466,67.3066155612469,116.122660666704,0,47.3172110915184,1834.10420617461,200.152122974396,821.212491780519,40.3158128261566,208.549061387777,66.6912134289742,8.00287085771561,7.99435660243034,49.3783548474312,9.36448374390602,21.2758268117905,13.7114873230457,19.9313612282276,4.16524025797844
0,0,0,0,0,0,0,0,0,0,0,0,0,0,0,0,0,0,0,0,0,1.09816837310791,0,0,0,0,0,0,0,0,0,0,0,0,0,0,25.526976197958,20.1072524785995,14.7457327246666,7.10776650905609,0,0,0,0,0,0,0,2.01215606927872,0,0,0,0,0,0,0,0,0,0,0,0,0,0,0,0,0,0,0,0,0,0,0.814193665981293,17.2473173141479,3.42505371570587,5.47238034009933,23.8490647673607,21.7568472921848,14.7028440237045,96.8191350102425,0,1.18572306632996,0,0,0,0,0,0,0,0,0,0,93.2196042537689,367.010768502951,18.1503009200096,686.868090122938,25.9836906790733,44.9147909879684,104.160179823637,52.5662923157215,64.217738121748,26.45492836833,47.3172110915184,0,90.7729148864746,1177.74819660187,62.4113363921642,327.945233047009,51.1718887388706,88.7775657773018,13.0162055790424,15.2121945023537,46.473585575819,4.34515029191971,13.853756994009,30.4063766896725,30.862989783287,5.04160845279694
0,0,0,0,0,0,1.17132878303528,0,0,0,0,0,0,0,0,0,4.04705190658569,0,0,0,0,0,0,0,0,0,0,0,0,0,0,0,0,0,0,0,76.769100189209,1.85042130947113,65.9654851555824,8.19689333438873,0.408565431833267,0,0,0,0,0,0.917356342077255,0.768772125244141,0,0,0,0,0,0,0.810694456100464,0,0,0,0,0,0,0,0,0,0,0,0,0,0,0,11.4169650375843,8.01969069242477,35.2621502280235,0,29.7614102363586,31.6420581638813,185.510386794806,32.3768886625767,1.81929671764374,0,0,0,0,0,0,0,0,0,0,0,326.090717881918,466.644868612289,1038.01311293244,142.941705852747,236.541931509972,61.0902781188488,323.082650303841,86.8204845190048,70.7159486413002,171.620592832565,1834.10420617461,90.7729148864746,0,647.074339359999,6728.03671136498,195.129633396864,322.223325937986,118.603303134441,33.0971730351448,112.737749427557,324.625514477491,62.4768651425838,104.223498702049,1172.76304277778,376.572065800428,29.8697642087936
0,0.505022644996643,0,0,0,0,0,0,0,0,0,0,0,0,0,0,0,0,0,0,0,0,0,0,0,0,0,0,0,5.94249200820923,1.53856933116913,0,0,0,0,0,90.350744843483,56.264032304287,56.9289011657238,39.2280946075916,0.565397500991821,1.95943307876587,0,0,0,0,0,12.0408082902431,0,0,0,0,0,0,0,0.841658651828766,0,0.709124267101288,0,0,0,0,0,0,0,1.25276350975037,0,0.596301019191742,0,0,15.6396201252937,80.9645685255527,9.67715641856194,18.1353330314159,90.0011493265629,131.797197043896,74.9686423242092,430.008217006922,0,0,0,0,0,0,0,0,0,0,0,0,522.251382261515,801.83550465107,160.085863560438,1360.59674987197,111.264753550291,189.880221694708,503.878719121218,268.694204330444,294.25512740016,136.65612244606,200.152122974396,1177.74819660187,647.074339359999,0,342.387680083513,7452.02530196309,205.002718687057,281.719695091248,72.6910172104836,77.4481348395348,301.409333944321,31.6317129731178,132.473998099566,848.956873208284,224.243106633425,32.1978177130222
15.0859727263451,0,6.27240467071533,2.00375878810883,0,0,16.3556452989578,3.79108083248138,0.643543362617493,0,1.13191187381744,6.00025105476379,0.926486611366272,1.87192350625992,0,0,0.428559124469757,1.17415809631348,3.71250891685486,0,0,0,0,0,0,0,0,0,4.67472195625305,2.23281455039978,0,3.14468991756439,0,2.72761642932892,1.78457313776016,0.615788698196411,64.9011577069759,2.46746098995209,51.125149667263,5.1299312710762,7.27344435453415,0,0,0,0,0,0.880778819322586,2.59591913223267,0,0,3.95650768280029,0,0,0,2.52733719348907,0,26.3078806996346,2.79206138849258,7.97287338972092,0,6.96419543027878,0,0,0,0.687475323677063,0,3.70951515436172,0,2.23833763599396,0,80.8034873604774,60.9555873274803,50.5306796729565,4.65710663795471,99.6387017965317,43.4955993890762,490.781298726797,194.077977150679,0,0,3.15292465686798,0,0,0,1.50945389270782,0,0,0,0,0,887.721585482359,225.201503396034,1259.21460357308,91.8825771212578,467.787198960781,99.4567192792892,712.395760297775,73.212176412344,124.136531025171,93.2274654507637,821.212491780519,62.4113363921642,6728.03671136498,342.387680083513,0,352.486756145954,564.755582541227,103.156986445189,91.6477410197258,77.1012706458569,253.56999155879,27.2048420011997,100.048830121756,112.773904383183,1279.67833474278,92.1987435817719
3.77323746681213,5.14047563076019,0,2.54876118898392,0,0,6.56487411260605,5.56088584661484,0,0,0,0.989079594612122,0,0.720679640769958,0,0,0,1.81509310007095,0,0,1.07107472419739,0,0,0,0,0,0,0,0,0.981192111968994,2.23482036590576,4.26182699203491,0,1.36307334899902,0,0.52742213010788,21.4845356941223,19.1456288397312,18.7966573536396,10.5087745189667,1.71027952432632,0.475987881422043,0,0,0,0,0,9.30323812365532,0,0,0,0,0,0,0,0,0,6.30146110057831,0,0,0,0,0,2.44661200046539,0,0,0,0.556988298892975,0,0,32.3314878344536,128.921748012304,28.4414302706718,17.1346138715744,42.6376585662365,69.1083061993122,88.1860750317574,455.617550134659,0,0,0,0,0,0,0,0,0,0,0,0,144.703465551138,666.985877603292,81.8833987414837,859.072874009609,83.1080095469952,239.447825223207,161.9428139925,247.862546980381,69.5783404111862,97.0891766548157,40.3158128261566,327.945233047009,195.129633396864,7452.02530196309,352.486756145954,0,87.2702625691891,399.438186764717,131.019379198551,98.5064538419247,359.328160494566,43.5910633206367,103.449586331844,224.954767912626,1203.94666922092,136.06731647253
5.5382254421711,0,0.438231974840164,1.57454550266266,0,0,1.05047658085823,0,0,0,0,0,0,0,0,0,4.98464500904083,0,0,0,0,0,0,0,0,0,0,0,3.8605489730835,0,0.994197189807892,1.16972100734711,0,0,0,0,34.431511759758,7.39013850688934,29.5031006932259,1.56981980800629,0.988294512033463,0,0,0,1.31814813613892,0,0,3.58530402183533,0,0,6.43498313426971,0,0,0,8.43387442827225,0,17.1562974452972,0,1.28331434726715,0,7.70381236076355,0,0,0,1.41738963127136,0,1.67116767168045,0,9.21920466423035,0,14.6598925292492,22.3370616436005,21.9714502692223,6.96401596069336,40.3338243961334,14.8392325937748,106.521072030067,54.7318714261055,0,0,1.00899076461792,0,0,0,4.27024984359741,0,0.831424832344055,0,0,0,349.409298360348,342.939149081707,280.495345026255,118.025110572577,200.481910824776,56.2920216619968,406.570325940847,49.8154070079327,124.976997107267,96.8953514993191,208.549061387777,51.1718887388706,322.223325937986,205.002718687057,564.755582541227,87.2702625691891,0,105.374208986759,24.9369554519653,15.9304247498512,81.0983805954456,8.40311676263809,22.0305470824242,19.1796956658363,20.1731076538563,13.9197207987309
0,10.565699160099,0,0,0,0,0,0,0,0,0,0,0,0,0,0,0,1.84952509403229,0,0,0,0,0,0,0,0,0,0,2.31989765167236,3.37453901767731,0,0,0,1.06238114833832,0,0,25.5938450992107,15.6319251060486,17.5872079133987,15.0104450881481,0,0,0,0,0,0,0,4.26088315248489,0,0,0,0.683586657047272,0,0,0,1.65824520587921,0.683389008045197,19.3651204705238,0,2.19049406051636,0,1.35957145690918,0,0,0,3.4452942609787,0,1.82792234420776,0,0,9.15425145626068,37.1017927229404,9.60579997301102,10.4813602864742,27.4914469718933,32.6396717727184,27.9035341441631,116.536277592182,0,0.56052553653717,0,0.721333503723145,0,0,0,0,0,0,0,0,152.167207628489,183.180036336184,103.695542544127,100.533836722374,33.9732015132904,94.5838041603565,95.2008019983768,160.188923716545,53.6575763821602,206.869017720222,66.6912134289742,88.7775657773018,118.603303134441,281.719695091248,103.156986445189,399.438186764717,105.374208986759,0,19.9357075989246,14.3195205628872,79.4813866317272,11.2571964859962,17.9440057277679,18.0872650146484,18.9563805162907,23.4591358006001
41.6251848340034,35.3660210967064,25.5611257553101,22.599908053875,0,0,25.610955119133,57.9341324567795,0,0,0,4.22731894254684,1.71517896652222,4.94258347153664,2.72904467582703,0.584122061729431,2.17621922492981,8.09892290830612,20.5115488767624,37.0337790846825,1.3251838684082,0,0.556752800941467,12.9234548211098,0,0,0,0,0,1.55210769176483,3.9200359582901,6.49272894859314,0,5.95848023891449,0,0,18.1303668916225,6.50131285190582,3.18303456902504,0,2.35696017742157,1.38023954629898,0,0,0,0,0,4.37350195646286,0,1.00026082992554,0,0,0,0,0,0,12.8585871458054,9.81876182556152,1.47868692874908,3.97162663936615,3.03895127773285,0.749498426914215,0,0,0,0,0,0.994577407836914,15.4306887984276,2.42300468683243,48.2682081758976,144.039698451757,30.7385910153389,13.0351676344872,42.3995041251183,27.7928819656372,241.116858482361,445.642299056053,0,0,0,1.41520977020264,0,0,0,0,0,0,0.416363209486008,0,27.5850627422333,73.0649019777775,24.4614900350571,95.97054079175,195.679993122816,29.7999546229839,55.4463979899883,16.4620529413223,6.80264061689377,10.7854610681534,8.00287085771561,13.0162055790424,33.0971730351448,72.6910172104836,91.6477410197258,131.019379198551,24.9369554519653,19.9357075989246,0,213.07244181633,140.71391454339,22.5325452685356,96.7611310184002,168.751951545477,47.6388922631741,44.4019196629524
2.43254178762436,7.34887188673019,2.48113769292831,4.70266753435135,0,0,4.94096529483795,11.1286796331406,0,1.45491683483124,0,1.36278963088989,1.3694099187851,1.49901926517487,1.28115570545197,1.06767141819,0,0.782487750053406,0,5.84241265058517,0,0,0,0.850588023662567,0,0,0,0,0,0,2.72282367944717,3.03213107585907,0,0.605256617069244,0,0,8.47905075550079,15.1354403495789,1.99215453863144,1.49603593349457,0,0,0,0,0,0,4.83861148357391,32.2830295562744,0,2.01609808206558,1.02364039421082,1.88839834928513,0,0,0.699782729148865,0,1.10123443603516,10.0235131978989,0.858585298061371,0.89349240064621,1.05573451519012,0,1.59075474739075,1.70990598201752,0,0.750861287117004,2.12951374053955,3.03020119667053,0.918741881847382,1.60463416576385,0.558425664901733,30.186068713665,3.38083291053772,5.68895584344864,2.98571705818176,11.3012890815735,264.937767207623,803.059029757977,1.30511450767517,0,0,1.23461699485779,0,0,0,0,0,0,0,0,28.0098535716534,63.0565661787987,43.0300802886486,100.296573251486,346.018903851509,399.66814404726,163.71957424283,50.34695109725,3.94825196266174,15.793365418911,7.99435660243034,15.2121945023537,112.737749427557,77.4481348395348,77.1012706458569,98.5064538419247,15.9304247498512,14.3195205628872,213.07244181633,0,511.015142410994,43.3754439353943,214.593865305185,377.06525605917,84.4571548402309,149.889777541161
0,0,0,0,0,0,0,0,0,0,0,0,0,0,0,0,0,0,0,0,0,0,0,0,0,0,0,0,0,0,0,0,0,1.56645631790161,0,0,16.4968018531799,9.70085769891739,24.0678409636021,6.68320113420486,0,2.12217974662781,0,0,0,0,0,1.88554760813713,0,0,0,0,0,0,1.97480529546738,0,0,3.29639160633087,0,0,0,0,0,0,0,0,0,0.811547636985779,0,0,4.70709121227264,17.8427673578262,1.44103127717972,2.68730026483536,18.9266893565655,18.7618882954121,77.115387737751,122.137709975243,0,0,0,0,0,0,0,0,0,0,0,0,211.93435549736,462.080359876156,213.285914093256,423.501619815826,234.662358015776,267.560938090086,1423.10103803873,1392.40481108427,191.258944690228,388.116283297539,49.3783548474312,46.473585575819,324.625514477491,301.409333944321,253.56999155879,359.328160494566,81.0983805954456,79.4813866317272,140.71391454339,511.015142410994,0,358.380229711533,710.541644841433,720.583101511002,121.185409724712,179.86788469553
0,0,0,0,0,0,0,0,0,0,0,0,0,0,0,0,0,0,0,0,0,0,0,0,0,0,0,0,0,1.08681559562683,0,0,0,0,0,0,2.82743811607361,4.91694605350494,4.1628395318985,2.03736865520477,0,0,0,0,0,0,1.43679332733154,0.487271130084991,0,0,0,0,0,0,0,0,0,0,0,0,0,0,0,0,0,0,0,0,0,0,0,5.10965698957443,0,0.677918970584869,2.25020679831505,3.12641125917435,14.801483809948,17.4343019127846,0,0,0,0,0,0,0,0,0,0,0,0,54.2205868959427,65.5399931073189,53.0230002105236,42.4959491193295,18.1048144996166,10.075278699398,85.4279078841209,92.9015532135963,105.596784830093,266.432965040207,9.36448374390602,4.34515029191971,62.4768651425838,31.6317129731178,27.2048420011997,43.5910633206367,8.40311676263809,11.2571964859962,22.5325452685356,43.3754439353943,358.380229711533,0,249.220900893211,194.605325877666,19.077989757061,17.1447387933731
0,0,0,0,0,0,0,0,0,0,0,1.024866938591,0,0,0,0,0,0,0,0,0,0,0,0,0,0,0,0,0,0,0,0,0,0,0,0,3.12533497810364,2.97431063652039,3.39128747582436,0.66227775812149,1.55897748470306,1.18995344638824,0,0,0,0,0.60463410615921,4.70941838622093,0,0,0,0,0,0,0,0,0,1.21686625480652,0,0,0,0,0,0,0,0,0,0,0,0,2.80434560775757,6.01716703176498,3.46463784575462,0,1.48042690753937,10.5891768634319,62.0150411427021,77.1480536162853,0,0,0,0,0,0,0,0,0,0,0,0,87.4460690617561,160.13588142395,195.091787546873,285.052905917168,99.1488150060177,39.5690715610981,137.468284159899,111.12468084693,58.9419805109501,294.719689011574,21.2758268117905,13.853756994009,104.223498702049,132.473998099566,100.048830121756,103.449586331844,22.0305470824242,17.9440057277679,96.7611310184002,214.593865305185,710.541644841433,249.220900893211,0,294.917636275291,57.3528311252594,103.562490344048
0,0,0,0,0,0,0,0,0,0,0,0,0,0,0,0,0,0,0,0,0,0,0,0,0,0,0,0,1.05387997627258,0,0,0,0,0,0,0,4.29818758368492,4.09828096628189,3.18726986646652,0.646413743495941,0.844898641109467,0,0,0,0,0,0,5.32259482145309,0,0,0.62172257900238,0,0,0,0,0,0,0,0,0,0,0,0,0,0,0,0,0,0,0,4.15728065371513,14.5314728915691,0.800711333751678,2.29517930746078,6.81211936473846,3.07673156261444,106.404053509235,94.7713411748409,0,0,0,0,0,0,0,0,0,0,0,0,23.8010444939137,22.7871632277966,49.9667519032955,83.5968111157417,115.477964371443,14.6064085364342,72.7099015712738,11.1840551793575,60.5925978422165,5.67392331361771,13.7114873230457,30.4063766896725,1172.76304277778,848.956873208284,112.773904383183,224.954767912626,19.1796956658363,18.0872650146484,168.751951545477,377.06525605917,720.583101511002,194.605325877666,294.917636275291,0,437.861683398485,159.057368278503
0,0.637202084064484,0,0,0,0,0,1.30121529102325,0,0,0,0,0,0,0,0,0,0,0,0,0,0,0,0,0,0,0,0,0,0,0,0,0,0,0,0,6.43036597967148,1.81660836935043,2.00819501280785,2.33443677425385,0,0,0,0,0,0,0,1.83850800991058,0,0,0,0,0,0,0,0,0,0,0,0,0,0,0,0,0,0,0,0,0.863172948360443,0,1.29497253894806,6.0394991338253,0,0,6.24498039484024,4.89164474606514,33.8100923597813,45.8465115129948,0,0,0,0,0,0,0,0,0,0,0,0,21.0553529560566,54.9731119573116,21.2682552933693,74.2941699922085,30.9716643989086,19.2638109922409,27.1535317897797,21.6160835325718,8.00056904554367,3.47978883981705,19.9313612282276,30.862989783287,376.572065800428,224.243106633425,1279.67833474278,1203.94666922092,20.1731076538563,18.9563805162907,47.6388922631741,84.4571548402309,121.185409724712,19.077989757061,57.3528311252594,437.861683398485,0,85.027762234211
4.35639423131943,0,4.02221256494522,4.13907325267792,0,0,8.64900016784668,7.8015524148941,0,0,0,0,0,0,0,0,0,1.63917863368988,0,1.12001276016235,0,0,0,0,0,0,0,0,0,0,1.46707272529602,0,0,1.85538858175278,0,0,4.37419307231903,2.4080922305584,2.28336519002914,0.792807877063751,0.491807013750076,0,0,0,0,0,0,0.575846433639526,0,0,0,0,0,0,0,0,4.13232439756393,1.80437326431274,2.4885213971138,0,1.00947642326355,0,0,0,1.1877326965332,0,0.712590932846069,0,2.8774476647377,0,15.3305667638779,25.1857459545135,9.20291337370872,3.36762893199921,13.5186924338341,8.37129861116409,56.0085611343384,58.227284103632,0,0,0,0,0,0,0,0,0,0,0,0,8.06349834799767,11.7889952361584,10.5807062983513,32.0094494223595,65.7222235500813,21.7414697110653,36.1544176638126,8.84099173545837,2.20694053173065,0.862070500850677,4.16524025797844,5.04160845279694,29.8697642087936,32.1978177130222,92.1987435817719,136.06731647253,13.9197207987309,23.4591358006001,44.4019196629524,149.889777541161,179.86788469553,17.1447387933731,103.562490344048,159.057368278503,85.027762234211,0
