0,507.943645775318,4412.71534097195,269.504347443581,0,0,5385.73429813981,138.028788775206,9.94655132293701,0,2803.06789317727,23.4581561982632,1915.08537971973,1.40473884344101,23.3791379630566,0,596.457254767418,14.0104804039001,2970.30868795514,1104.82322332263,0,0,49.7454360723495,61.7160546183586,0,0,0,0,584.41213992238,2.05158263444901,38.2952963113785,24.7767687439919,33.6977477669716,134.031648010015,17.733617067337,3.21411508321762,370.487472593784,0.980989754199982,215.229682564735,0,1.78287303447723,0,0,0,7.89706164598465,0,4.65800055861473,0.990074455738068,22.6889919042587,0,75.4963926374912,0,11.1544184684753,0,23.3734197616577,0,11515.7214026451,22.5897042453289,529.463831454515,1.43102544546127,2271.59358763695,0,503.690146058798,2.17902779579163,473.546876013279,0,194.807143688202,42.2630589902401,790.00434705615,54.5303903520107,4833.39603865147,103.899961769581,2031.60945212841,50.4188489615917,676.1308349967,19.525437951088,3822.17592546344,140.77106025815,15.2523806095123,0,225.874269545078,0,22.9144431650639,0,1251.05254536867,0,0,0,403.771235048771,0,0,0,0.626725733280182,0,171.280770003796,4.53063601255417,31.0836615860462,0,2.73446726799011,0,0,0,0,0,18.8070878982544,1.82438707351685,11.2182339429855,0,18.6291695833206,21.6892490983009,0,0,0,0,0,11.6834554970264
507.943645775318,0,63.4303879141808,6595.39570987225,0,0.625432074069977,31.1512514054775,7056.72124063969,0,17.3424539864063,13.8911798894405,2799.16395276785,2.79049250483513,727.464494735003,0,6.73087611794472,10.3466247320175,1836.07339549065,990.200940161943,2635.29535341263,0,0,0,42.0985935330391,0,0,0,0,10.5856400132179,179.528893053532,8.24114835262299,2.80287349224091,201.206941097975,124.585871368647,1.13015723228455,0,12.1281390190125,444.919137001038,14.0993446707726,70.2874096035957,0,2.11098819971085,1.1813029050827,0,0,2.20047551393509,0,31.2643991708755,0,9.61032688617706,0,77.6966864466667,0,0.604607224464417,0,0.392591238021851,112.638015598059,13310.1452974975,12.7531577646732,329.942405641079,15.3271223604679,981.928923159838,16.9648167192936,498.659832537174,0,568.827132582664,298.757193386555,113.242442041636,543.134800225496,1194.81918174028,169.62953555584,2853.79890456796,44.2082034349442,2089.88078135252,8.85801309347153,978.128115057945,395.795765072107,5297.53975048661,0,8.55685490369797,1.14070463180542,58.0441050231457,0,0,0,194.876936286688,0,0,0,139.976193755865,0,0,0,0,12.856707572937,202.799636483192,2.30394673347473,0,0,0,0,0,1.8609631061554,1.00043937563896,5.73922908306122,75.5248512625694,4.03210854530334,1.50000596046448,105.691914945841,47.0742058157921,2.44173473119736,0,0,0,1.15698218345642,17.3794508576393
4412.71534097195,63.4303879141808,0,418.138031184673,672.194238454103,23.3331626355648,12993.4894979596,450.592193216085,368.585697263479,79.5599891841412,571.11419403553,24.0632629394531,1035.01671808958,42.7726647257805,153.866332739592,24.8180651366711,240.567302554846,1.42705619335175,2315.2163670063,459.450965732336,3.62087500095367,1.04368352890015,2953.97423321009,1162.05764371157,34.4279913604259,38.2038777470589,10.0250737965107,6.76241874694824,755.475286543369,2.7831466794014,74.104859828949,188.379478275776,51.8696250319481,147.85190808773,15.6755337417126,3.33392173051834,78.0073938369751,0,45.3843164741993,0,14.709541618824,0,6.13078391551971,0,1.35526812076569,0,8.61780413985252,0,2.48112893104553,0,16.1127728819847,0,1.54511344432831,0,1.23271656036377,0,421.558209836483,1.51090344786644,369.455671668053,0,143.243265211582,0,61.7249118983746,0,35.1366149783134,0,340.6262832582,16.0825932025909,183.248451471329,6.09940931200981,2401.10728260875,357.852043181658,1993.53486257792,76.9620336592197,538.651450306177,29.1726245880127,2167.50779923797,62.8387994766235,7.54671639204025,0,51.4599234759808,0,27.2459421753883,0,82.5126420855522,0,2.15374571084976,0,30.8733510077,0,0,0,0,0,118.287170410156,3.60781574249268,20.0711383223534,0,0,0,0,0,0,0,13.3114573657513,3.06936144828796,1.44278371334076,0,40.8032442927361,25.8662188649178,0,0,0,0,0,9.49064454436302
269.504347443581,6595.39570987225,418.138031184673,0,69.8045505285263,1634.34326034784,427.350233227015,12433.2469243407,118.632425665855,1049.06853747368,19.533183991909,1392.36597368121,73.8184794187546,776.911095350981,35.7000353336334,335.982911497355,13.9445154070854,639.930129557848,943.104421526194,4239.55470892787,3.82571095228195,3.32221245765686,1066.03192412853,2519.0298101902,110.672762960196,148.589246034622,22.3018645346165,98.6920476555824,24.5238375067711,298.105536311865,164.756204009056,69.3830962181091,154.986566066742,131.151841282845,0,1.23376286029816,5.00876557826996,72.0622034668922,3.41420179605484,9.42222845554352,2.27120810747147,14.4764022827148,0,0,0,0.739301443099976,0,11.3429428935051,0,4.81633400917053,0,20.7832792401314,0,0,0,0,28.6864604949951,537.294005781412,0.625167727470398,136.840900301933,0,180.67800450325,0.986862182617188,254.638780504465,0,133.819653660059,38.1461401879787,220.481849163771,80.9874038696289,309.988470524549,404.127887248993,2287.80736604333,115.916963458061,2982.91082653403,21.1978498697281,976.102427989244,140.670762211084,3233.73754933476,0,5.48221057653427,0,98.1447449028492,1.22279906272888,3.51335483789444,0,84.1958626806736,0,2.93806952238083,0,26.0477907657623,0,0,0,0,11.3232753574848,100.837161928415,0.790045320987701,0.627998292446136,0,0,0,0,0,1.59023141860962,2.1419677734375,23.8026418685913,0,0,87.7534212768078,22.7336823940277,0,0,0,1.7724437713623,0,15.2071467936039
0,0,672.194238454103,69.8045505285263,0,127.206315547228,1173.33499792218,24.7622864246368,3350.51532575488,172.457641988993,0,0,11.6259880363941,2.37717717885971,2119.35715809464,75.0843191146851,0,0,3.02803319692612,0,423.959936201572,31.5259338915348,264.299100846052,325.708228677511,459.64215451479,351.954042673111,1011.52876895666,177.100596576929,312.346898376942,4.61314815282822,89.8033675551414,105.356681466103,14.2129871845245,10.49782538414,2.27109658718109,0,8.20037561655045,1.09661114215851,1.77621334791183,0,203.411969006062,3.79885393381119,0.973882377147675,0,0,0,2.68799567222595,0,0,0,0,0,0,0,0.464644551277161,0,0,0,0,0,0,0,0,0,0,0,3.87007164955139,0,0,0,1068.49628210068,118.527553528547,761.728923887014,27.7321834266186,38.1432446241379,0,32.3990382254124,0.986336946487427,0,0,0,0,9.78641092777252,0.797687590122223,0,0,9.7697725892067,1.44083851575851,1.07821404933929,0,0,0,0,0,0,0,0,0,0,0,0,0,0,0,0,0,0,0,0.534103393554688,0,0,0,0,0,0,0
0,0.625432074069977,23.3331626355648,1634.34326034784,127.206315547228,0,16.806457310915,273.634638518095,77.8232484161854,2756.48337695003,0,1.58376842737198,0,12.6992529630661,16.9751366376877,1480.73837706447,0,0,0.70424485206604,0,82.9610332250595,507.338867515326,130.260946989059,185.801121175289,203.637697339058,459.057622849941,220.056524187326,2431.09715482593,0,228.379290550947,68.7863509058952,63.693335711956,2.47542679309845,4.54011952877045,0,2.31086617708206,0,24.2658234238625,0,1.15917348861694,1.73307132720947,155.629701554775,0,0,0,0,0,1.85120034217834,0,0,0,0,0,0,0,12.1545015573502,0,0,0,0,0,0,0,1.53863441944122,0,0,0,1.53193372488022,0,0,263.478713780642,779.968644976616,8.25820827484131,457.12606677413,0,37.5413348674774,0,43.8706408441067,0,0,0,2.53128319978714,0,31.2541874051094,0,37.0021303296089,0,23.506644308567,0,13.4605394005775,0,0,0,0,0.519720315933228,2.54632490873337,0,0,0,0,0,0,0,0,0,0,0,0,0.51586651802063,0,0,0,0,0,0,0
5385.73429813981,31.1512514054775,12993.4894979596,427.350233227015,1173.33499792218,16.806457310915,0,429.717849463224,998.771117299795,80.2902292013168,1478.94656571746,26.0345613360405,5664.24174448848,69.5636488497257,121.439574360847,14.1536844372749,128.228941857815,0,452.896743744612,342.480811476707,1.35024309158325,0.584012269973755,662.973401516676,1172.80447301269,15.4492440223694,25.6176760792732,8.99172779917717,3.65871286392212,572.171022027731,3.26570343971252,52.87118729949,158.22083812952,15.7224521636963,124.448626965284,6.29738038778305,0.406743824481964,67.6133823096752,3.19685578346252,21.8138107061386,0,4.25832808017731,0,2.14447546005249,0,0.465391874313354,0,3.81916949152946,0,4.02928936481476,0,42.1105609834194,0,3.88563597202301,0,3.30312120914459,0,239.644193947315,0,94.8392278850079,0,392.840910464525,1.07485640048981,127.866533517838,0,126.396736085415,0,58.5670156180859,3.40609768033028,37.321865350008,0,4159.49610063434,408.812757372856,1422.56071999669,86.7390275001526,367.691941320896,14.934558570385,2148.54905802011,49.0090175569057,7.59439939260483,0,104.098312556744,0,11.7194445729256,0,555.491478979588,0,0.605891585350037,0,163.806905806065,0,0,0,0,0,78.7443241775036,3.96097141504288,11.8826389610767,0,0,0,0.484689563512802,0,0,0,9.7905381321907,2.69859343767166,0,0,34.6944535970688,12.081220895052,0,0,0,0,0,9.55209678411484
138.028788775206,7056.72124063969,450.592193216085,12433.2469243407,24.7622864246368,273.634638518095,429.717849463224,0,67.1260434985161,558.527509063482,19.0230376124382,2767.97504547238,81.1348547935486,5024.11481413245,15.3169201016426,71.4232174754143,2.54447132349014,224.986810177565,671.928785949945,161.777356982231,2.4142153263092,1.13376092910767,1184.59265646338,1017.41754591465,21.9829601049423,5.12423229217529,3.60549235343933,3.31455689668655,24.8397575616837,180.433937698603,105.169609248638,52.7209731340408,66.7589408755302,19.4159278869629,0,0,0,51.2795252799988,0.538008272647858,1.92094284296036,1.53283178806305,3.1104724407196,0,0,0,1.50821661949158,0,3.12266650795937,0,12.1684233546257,0,98.0228950083256,0,0,0,4.31241023540497,14.7304881513119,957.631259799004,0.927493512630463,113.113601863384,0,604.590240359306,0.571582734584808,309.447252780199,0,827.642060339451,19.4012142419815,8.50390776991844,53.0413802862167,17.4563059806824,466.755814671516,3555.67220616341,78.7857593894005,1905.63220956922,12.8525530695915,833.365242213011,136.343788534403,2655.60809898376,0,2.4302105307579,0,181.019680142403,0,0,0,658.674672216177,0,0,0,484.018508791924,0,0,0,0,5.0010279417038,57.1920301020145,1.36568605899811,0,0,0,0,0,0,0.688280880451202,1.31140828132629,21.9471776783466,1.32206952571869,0,61.6253015100956,13.9507940411568,1.47341358661652,0,0,0,0,7.20062512159348
9.94655132293701,0,368.585697263479,118.632425665855,3350.51532575488,77.8232484161854,998.771117299795,67.1260434985161,0,130.343084841967,15.9970185160637,0.554998695850372,1512.78807324171,6.54807376861572,1693.97721162438,62.9789177179337,0.607809066772461,0,3.77901375293732,0,280.469166457653,10.9639740586281,188.427343159914,343.460719287395,139.847635388374,209.014652252197,488.696101516485,82.2075408697128,250.037450015545,3.89936631917953,26.7048630714417,81.901267260313,4.91614329814911,8.70865488052368,0,0,18.1431167423725,0,1.18137237429619,0,186.745458126068,0.626415133476257,0,0,0,0,3.75011900067329,0,0,0,0,0,0,0,1.26756680011749,0,1.86539483070374,0,0,0,0,0,0.74980217218399,0,0,0,0,0,0,0,2006.25700211525,119.701902329922,1564.35910016298,30.375004529953,116.354857772589,4.45522958040237,209.956684112549,9.20760136842728,0,0,2.16722905635834,0,16.1692487597466,0,9.27594870328903,0.959991037845612,11.478827893734,0,2.70603051781654,0,0,0,0,0,8.81157141923904,0.805789530277252,1.24019175767899,0,0,0,0,0,0,0,0.49061581492424,0,0,0,4.23746764659882,3.11429443955421,0,0,0,0,0,0
0,17.3424539864063,79.5599891841412,1049.06853747368,172.457641988993,2756.48337695003,80.2902292013168,558.527509063482,130.343084841967,0,0,33.6076794862747,15.8898737430573,417.808669656515,19.2466045022011,1941.58189341426,0,7.05779772996902,2.88292074203491,1.64085632562637,36.7805908918381,209.024832367897,431.484506636858,274.153090626001,237.521058619022,223.411339610815,134.444955766201,1553.63269755244,0,180.181590378284,108.091201663017,69.0406518578529,5.30958241224289,20.9813802242279,0,0,0,34.9459204673767,1.57478582859039,2.36903131008148,3.58543747663498,185.163389980793,0,1.07318741083145,0,0,0,1.65393757820129,0,0,0,0,0,0,0,7.97140258550644,0,4.95270144939423,0,0,0,7.49345278739929,0,13.7714926600456,0,1.06881821155548,0,0.731332421302795,0,0,280.402003258467,1909.96014213562,34.6967571675777,1030.59681379795,0.622154772281647,214.211845457554,0,349.670615196228,0,0,0,6.64859849214554,0,44.6828366518021,0,38.9909492135048,0,12.8708585202694,0,17.9966694712639,0,0,0,0,1.56342196464539,16.2461367249489,0,0,0,0,0,0,0,0,0,2.21928131580353,0,0.831900298595428,10.4911529123783,2.85415256023407,0,0,0,0,0,1.71982377767563
2803.06789317727,13.8911798894405,571.11419403553,19.533183991909,0,0,1478.94656571746,19.0230376124382,15.9970185160637,0,0,1.14925277233124,4005.3989546895,0,75.062465429306,0,783.992162317038,0,579.091543108225,105.408082425594,0,0,93.3548278510571,37.7306685447693,0,0,0,0,603.881286501884,0,16.9096308946609,12.7758925557137,9.89223963022232,5.01872491836548,3.9031770825386,0,17.8369792699814,1.82464122772217,18.7682353854179,0,2.33263683319092,0,0,0,0,0,0.899166524410248,0,3.30031394958496,0,7.17928004264832,0,0,0,0,0,257.1338506639,1.39163172245026,53.4566983878613,0,408.538708150387,0,529.349396824837,0,47.6777369976044,0,56.637424826622,1.60963380336761,42.6647506058216,3.65093630552292,747.963293761015,11.4909040927887,378.048822164536,7.80245661735535,89.4523581266403,1.54118728637695,401.170682698488,7.0862939953804,20.8904187083244,0,421.344752669334,0,76.8939919471741,0,408.679380476475,0,0,0,43.7490440011024,0,0,0,0,0,13.4917381107807,1.49152266979218,6.57939034700394,0,0,0,0,0,0,0,0.771086394786835,2.70020151138306,1.00499653816223,0,2.10014116764069,4.54384022951126,0,0,0,0,0,0
23.4581561982632,2799.16395276785,24.0632629394531,1392.36597368121,0,1.58376842737198,26.0345613360405,2767.97504547238,0.554998695850372,33.6076794862747,1.14925277233124,0,1.62085127830505,4178.77256149054,0,91.0778389573097,0,1343.26754111052,107.1598136127,438.55923268199,0,0,32.4246632456779,268.736189693213,0,1.82802164554596,0,0,0,743.692094445229,9.58161985874176,12.5926017165184,16.0175780057907,11.9466046690941,0,0,2.18290281295776,7.76297390460968,1.25757992267609,0,0,2.60197061300278,0,0.753023386001587,0,2.21636635065079,0,2.12073963880539,0,1.37712824344635,0,14.7775831818581,0,0,0,0,0,269.182642132044,0,33.3672975897789,0,598.393727183342,0,789.370161890984,0,379.89381057024,0.705065369606018,17.4948348999023,6.10106897354126,20.1628571748734,40.1737425923347,596.655038684607,7.23227471113205,799.417634248734,0,96.1238557696342,17.6781582832336,350.626568466425,0,0.664427816867828,0,189.774887859821,0,0,0,270.169914662838,0,0,0,46.1875587105751,0,0,0,0,0,7.86469623446465,0,0,0,0,0,0,0,0,0,1.89250683784485,0,0,6.34141379594803,3.55996942520142,0,0,0,0,0,1.36100590229034
1915.08537971973,2.79049250483513,1035.01671808958,73.8184794187546,11.6259880363941,0,5664.24174448848,81.1348547935486,1512.78807324171,15.8898737430573,4005.3989546895,1.62085127830505,0,15.0820950865746,2639.88653406501,2.97402864694595,309.910390496254,0,413.715494841337,65.3714852333069,0.909014344215393,0,436.563835799694,197.797360241413,2.69734299182892,0,1.00543069839478,2.37004637718201,2653.36488461494,0.901950001716614,19.8146193027496,28.8950698971748,13.1127187609673,18.6216117143631,0.795203685760498,0,40.346892118454,0,12.3130392432213,0,23.1577475667,0,0.604041039943695,0,0,0,0.893985331058502,0,0,0,4.57949250936508,0,0,0,0.919910073280334,0,249.380968928337,0,48.3988793194294,0,208.970686942339,0,420.53650200367,0,37.4573287367821,0,28.5570369958878,0,48.3349351882935,0,2240.48933133483,88.2478885650635,1670.9854888916,4.60805433988571,315.470662951469,2.90148371458054,1300.21054905653,10.9721582531929,31.1324343085289,0,547.960090667009,0,27.3781245648861,0,447.723604559898,0,9.95759576559067,0,47.83327293396,0,0,0,0,0,47.2823312282562,0.787496268749237,3.72999569773674,0,0,0,0,0,0,0,6.0860048532486,0,0,0,15.5787818133831,10.0100879669189,0,0,0,0,0,8.86486756801605
1.40473884344101,727.464494735003,42.7726647257805,776.911095350981,2.37717717885971,12.6992529630661,69.5636488497257,5024.11481413245,6.54807376861572,417.808669656515,0,4178.77256149054,15.0820950865746,0,0.690420091152191,1468.97537744045,0,234.582283258438,34.1996966004372,59.9081549942493,1.33367383480072,0,136.809287458658,401.328783512115,2.17546284198761,12.2146788239479,4.33817106485367,4.64364367723465,1.61610686779022,1848.62295845151,14.2654498815536,10.7570953369141,7.12694549560547,2.79329472780228,0,1.4779280424118,0,15.0780690610409,0,1.12321639060974,0,15.2379057407379,0,0,0,1.07880842685699,0,1.26666367053986,0,0.62965339422226,0,11.2257416248322,0,0,0,0,0,135.284534901381,0,11.9868135750294,0,347.54297208786,0,525.636938214302,0,354.469342082739,0,3.32018792629242,0,1.39498978853226,76.6767491102219,1127.81953179836,8.14908796548843,2286.89618214965,2.0080406665802,362.106608748436,6.25232833623886,846.174305617809,0,3.00191754102707,0,182.686564326286,0,7.26091408729553,0,247.20682990551,0,2.33774280548096,0,27.7915772795677,0,0,0,0,0.602382779121399,20.898856818676,1.00984370708466,0,0,0,0,0,0,0,0,5.85620003938675,0,0,20.8387441635132,4.90648460388184,0,0,0,1.48199343681335,0,1.57980239391327
23.3791379630566,0,153.866332739592,35.7000353336334,2119.35715809464,16.9751366376877,121.439574360847,15.3169201016426,1693.97721162438,19.2466045022011,75.062465429306,0,2639.88653406501,0.690420091152191,0,10.7867121100426,13.3596061468124,0,17.0427879989147,0,291.477346420288,13.5398625731468,100.113025158644,77.4765336513519,70.866390645504,34.6227627694607,475.844111412764,41.2866771221161,2342.95571208,0.849043130874634,78.6762586236,22.9701697230339,13.1295264065266,3.3062282204628,4.16049653291702,0,48.2313880622387,0,8.69689866900444,0,436.194404482841,0,2.02111524343491,0,0,0,26.3727375864983,0,0.53459107875824,0,1.42474758625031,0,0.437222093343735,0,3.04421505331993,0,11.0787562131882,0,0,0,1.78203111886978,0,1.82933074235916,0,0,0,8.75854444503784,0,1.12747800350189,0,1412.6957988739,49.7298604846001,2857.68456459045,4.94088584184647,302.706341385841,0,458.149114519358,0.68019038438797,0.430108278989792,0,10.1011210680008,0,78.0696236491203,0,15.6493582725525,0,55.3530517220497,0,26.2883717119694,0,0,0,0,0,16.9996849298477,1.75536513328552,1.19764053821564,0,0,0,0,0,0,0,0,0,0,0,5.46171456575394,2.92284870147705,0,0,0,0,0,2.26817911863327
0,6.73087611794472,24.8180651366711,335.982911497355,75.0843191146851,1480.73837706447,14.1536844372749,71.4232174754143,62.9789177179337,1941.58189341426,0,91.0778389573097,2.97402864694595,1468.97537744045,10.7867121100426,0,0,30.2585330605507,0,7.75856447219849,28.2041162550449,167.411536574364,114.405359983444,194.420689284801,137.525217741728,118.327298879623,95.7634017765522,489.466927081347,1.17937251925468,1595.61051389575,42.8123543858528,49.0213897228241,3.74175429344177,5.39945024251938,0,0,0,48.0407360196114,0,2.71667122840881,1.78442162275314,271.293800473213,0,0,0,0,0,3.89264261722565,0,0,0,2.8374537229538,0,0,0,14.328225851059,0,16.1565209627151,0,0,0,9.21037858724594,0,46.3213898539543,0,2.10383349657059,0,4.95890629291534,0,0,133.685946553946,1153.76602011919,7.7065681219101,2638.80826973915,1.0815201997757,289.742364615202,0.581926763057709,277.493535101414,0,0.771201312541962,0,32.9943246245384,0,77.4997480511665,0,83.6590120792389,0,27.4928070306778,0,30.8619384467602,0,0,0,0,0.936903059482574,5.44176313281059,0,0,0,0,0,0,0,0,0,1.14624094963074,0,0,9.93074956536293,2.92732840776443,0,0,0,0,0,2.06263357400894
596.457254767418,10.3466247320175,240.567302554846,13.9445154070854,0,0,128.228941857815,2.54447132349014,0.607809066772461,0,783.992162317038,0,309.910390496254,0,13.3596061468124,0,0,0,266.071094274521,38.5349046587944,0,0,13.2458844780922,3.31301409006119,0,0,0,0,2596.52667847276,0.663893222808838,9.4630588889122,4.56578916311264,4.66882628202438,13.5006918907166,6.04841363430023,2.51761960983276,38.2468560934067,0,22.8653641343117,1.74345433712006,0,0,0,0,0,0,3.72335571050644,0,1.56872713565826,0,12.0811327695847,0,0,0,1.42485237121582,0,2162.30771273375,7.09214985370636,121.71042495966,0,567.067881166935,0,1662.54167488217,1.00303304195404,30.1636750102043,1.09271323680878,90.4769694805145,10.0951618552208,109.663930594921,10.6030542850494,331.458407700062,3.05425369739532,383.910862773657,3.9344345331192,61.1516180634499,0,397.288643121719,13.6878041028976,327.034383118153,0,1324.81760418415,0,50.5700565576553,0,226.12821239233,0,0,0,29.8095740973949,0,0,0,0,0,13.0428887307644,1.74129092693329,4.63436233997345,0,0,0,0,0,0,0,0.771115720272064,0,1.30553162097931,0,0,1.67312604188919,0,0,0,0,0,0.408650755882263
14.0104804039001,1836.07339549065,1.42705619335175,639.930129557848,0,0,0,224.986810177565,0,7.05779772996902,0,1343.26754111052,0,234.582283258438,0,30.2585330605507,0,0,68.0497665405273,396.469702810049,0,0,1.70148724317551,80.5663859248161,0,0,0,0,3.55372256040573,2382.63601920009,0.670679092407227,5.69817066192627,13.3135908842087,12.3632836341858,2.47227418422699,0,0.596838772296906,18.0476584434509,0,8.01915246248245,0,0,0,0,0,2.83068346977234,0,0,0,2.59666246175766,0,7.53811028599739,0,0,0,2.33652830123901,13.9795588254929,2629.95765420794,5.45520901679993,82.6189529001713,4.6707392334938,352.118221402168,2.07317823171616,2537.27426999807,0,72.9405847191811,48.1511407792568,65.784436583519,15.1598450541496,128.093557447195,15.1672350168228,329.842532396317,9.79932063817978,1523.82585445046,0.726852178573608,84.3332145810127,44.7506042122841,251.401886671782,0,148.294374704361,1.60837662220001,732.432600677013,0,1.67639243602753,0,91.5359356105328,0,0,0,30.1244366168976,0,0,0,0,0,5.41662520170212,0,0,0,0,0,0,0,0.819269776344299,1.4640177488327,0,0,0,4.35600483417511,1.29650926589966,0,0,0,0,0,0
2970.30868795514,990.200940161943,2315.2163670063,943.104421526194,3.02803319692612,0.70424485206604,452.896743744612,671.928785949945,3.77901375293732,2.88292074203491,579.091543108225,107.1598136127,413.715494841337,34.1996966004372,17.0427879989147,0,266.071094274521,68.0497665405273,0,5515.73550531268,0,0,2001.90003058314,1889.25618129969,2.07451683282852,2.30805861949921,0,0,385.454170912504,16.1717134714127,775.20679217577,457.847731798887,4557.13261505961,1292.18503785133,148.123622626066,4.49149492383003,87.8186314105988,9.75677645206451,123.491227209568,1.60093176364899,1.20553421974182,0,156.259934097528,1.27180206775665,21.2261002063751,0.675025045871735,131.886983782053,2.34815174341202,2.71411418914795,1.16560745239258,2.74962949752808,0,0,0,0.735337257385254,0,517.117151319981,56.3959946632385,337.798599720001,8.26099324226379,47.00837880373,3.54078304767609,46.3188735544682,2.96475905179977,8.06517887115479,0,3472.24991133809,150.514209061861,2886.91012364626,144.722645163536,2101.17561081052,502.761102408171,1216.86666423082,231.202308773994,366.988911807537,88.1590095758438,3052.54503437877,383.082091242075,4.31056562066078,0,42.8032385706902,0,26.295031607151,0,29.6017211079597,0,0,0,4.87482559680939,0,0,0,0,0,136.422366410494,7.05614760518074,31.7366336584091,0,0,0,0,0,0,0,12.6673434972763,1.84150165319443,0.595426499843597,0,33.2860194444656,23.2584046721458,0,0,0,0,0,13.2409895062447
1104.82322332263,2635.29535341263,459.450965732336,4239.55470892787,0,0,342.480811476707,161.777356982231,0,1.64085632562637,105.408082425594,438.55923268199,65.3714852333069,59.9081549942493,0,7.75856447219849,38.5349046587944,396.469702810049,5515.73550531268,0,0,0,342.398855775595,2058.86808907986,0,3.89857977628708,0,1.09351658821106,71.3310803771019,123.654627114534,281.947587102652,577.05250069499,894.819740831852,4307.44327676296,1.02788531780243,33.6696034371853,14.1247025132179,93.8032471239567,8.76058846712112,45.2461739778519,0,1.09398603439331,0.77046263217926,24.6001657247543,0,1.41518253087997,0,83.1177672743797,0,4.42735505104065,0,3.09170240163803,0,0,0,0,150.767161101103,493.997111529112,5.18213254213333,263.564035147429,5.98867619037628,73.115346044302,3.01500630378723,69.501915037632,0,59.0046610236168,483.694331377745,1829.18412214518,788.620715081692,2783.3182169795,560.015848726034,1079.23626643419,254.573216021061,1000.94291982055,60.6858949065208,481.135299324989,674.750059902668,2755.72023892403,0,1.49642062187195,0.647813141345978,23.3460692167282,9.5529391169548,0,0,11.3073378503323,0,0,0,1.11305344104767,0,0,0,0,9.88766711950302,69.8271273672581,2.02587991952896,0,0,0.716697871685028,0,0,0,0,0.74878191947937,15.6761451363564,3.33417904376984,2.7383189201355,67.1152831912041,19.168805450201,0,0,0,0,1.45787870883942,15.5014835000038
0,0,3.62087500095367,3.82571095228195,423.959936201572,82.9610332250595,1.35024309158325,2.4142153263092,280.469166457653,36.7805908918381,0,0,0.909014344215393,1.33367383480072,291.477346420288,28.2041162550449,0,0,0,0,0,136.947181880474,105.838044077158,66.8603930473328,387.2051204741,179.154180705547,1339.16021707654,260.028302192688,55.6002599000931,3.35261577367783,566.097385078669,203.856216013432,57.287043184042,19.0717247128487,9.6141391992569,1.44325745105743,58.4795269966125,36.4135521054268,17.9089404344559,0,171.173191905022,17.1356500983238,1.10200989246368,0.694627940654755,0,0,2.56953704357147,1.47506678104401,1.47411072254181,0,0,0,0,0,2.59900218248367,0,0,0,0,0,0,0,0,0,0.598988652229309,0,6.65309351682663,6.49614006280899,0,0,442.633870840073,75.6355905532837,217.108297765255,9.48740392923355,11.9568268656731,12.4362275004387,16.7503470182419,15.506411075592,0,0,0,0,2.91087245941162,0,4.53304558992386,0.635945379734039,2.68451941013336,0,1.99491667747498,1.46944653987885,0.949933171272278,0,0,0,0,0,0,0,0,0,2.50788056850433,0,0,0,0,0,0,0,0,0,0,0,0,0,0,0
0,0,1.04368352890015,3.32221245765686,31.5259338915348,507.338867515326,0.584012269973755,1.13376092910767,10.9639740586281,209.024832367897,0,0,0,0,13.5398625731468,167.411536574364,0,0,0,0,136.947181880474,0,13.5119156837463,37.7539665400982,26.4148920476437,393.61643075943,216.601742625237,1408.38133847713,1.03360259532928,92.0874750614166,52.8904056549072,894.908673942089,8.36082381010056,49.6988965272903,0.573234081268311,1.21706807613373,29.2490617036819,136.612846553326,27.8358964920044,0,0.716874063014984,300.956213057041,0,0,0,1.91681724786758,0,0.996677279472351,0,0,0,0,0,1.4000278711319,0,4.14887034893036,0,0,0,0,0,0,0,1.74739217758179,0,2.05560171604156,1.29837369918823,5.799789249897,0,0,196.417030453682,441.809294819832,2.4006422162056,223.689609825611,1.03250288963318,8.54824900627136,2.58108389377594,8.93731224536896,0,0,0,1.09799289703369,0,80.9983452558517,0,18.7790268063545,0,30.0727568268776,0,7.6317104101181,0,0,0,0,0,0,0,0,0,0,0,0,0,0,0,0,0,0,0,1.37933361530304,0,0,0,0,0,0
49.7454360723495,0,2953.97423321009,1066.03192412853,264.299100846052,130.260946989059,662.973401516676,1184.59265646338,188.427343159914,431.484506636858,93.3548278510571,32.4246632456779,436.563835799694,136.809287458658,100.113025158644,114.405359983444,13.2458844780922,1.70148724317551,2001.90003058314,342.398855775595,105.838044077158,13.5119156837463,0,6169.73329597712,1656.30511915684,549.584714233875,227.661163955927,108.939655959606,415.555856049061,11.0705567598343,3192.90069454908,1511.99935609102,1211.924680233,709.688501238823,362.941515386105,2.62830030918121,24.8945793509483,0,18.8532178997993,0,18.5955840945244,0.879888534545898,88.9032225608826,0,19.8425525426865,0,56.8493390083313,0,1.24583971500397,0,0,0,0,0,0,0,17.8218524456024,0,2.19232702255249,0,0.536462306976318,0,5.8954501748085,0,0,0,724.442196846008,1.11308607459068,2.35226821899414,0,2697.16881546378,1154.20333874226,1426.85447719693,260.392500817776,318.153378427029,68.3473261296749,1077.68364179134,79.7928699553013,0.667933225631714,0,8.39090737700462,0,4.36839002370834,1.39346593618393,1.10314404964447,0,3.41623109579086,0,0,0,0,0,0,0,53.9230414330959,3.31637746095657,8.7636142373085,0,0,0,0,0,0,0,1.99116593599319,0,0,0,18.8754512667656,4.50573697686195,0,0,0,0,0,2.29708850383759
61.7160546183586,42.0985935330391,1162.05764371157,2519.0298101902,325.708228677511,185.801121175289,1172.80447301269,1017.41754591465,343.460719287395,274.153090626001,37.7306685447693,268.736189693213,197.797360241413,401.328783512115,77.4765336513519,194.420689284801,3.31301409006119,80.5663859248161,1889.25618129969,2058.86808907986,66.8603930473328,37.7539665400982,6169.73329597712,0,614.655312329531,1694.04880833626,194.093281567097,260.809822648764,62.5137531757355,111.987178504467,910.902142584324,2177.51399680972,486.42285990715,1309.54589128494,2.5264065861702,87.9052374362946,6.299360871315,20.3764123022556,2.52886784076691,7.83255150914192,4.19442915916443,11.2785586714745,0,58.4076057672501,0,4.30397799611092,0,167.492422044277,0,0,0,0,0,0,0,0,0,37.702585041523,0,3.41271609067917,0,11.0612983703613,0,39.6598160266876,0,8.9320028424263,0.969953894615173,470.766842335463,2.70971781015396,9.11630064249039,1244.23992103338,2471.25081425905,382.272651612759,1808.16424447298,45.081323325634,651.43717828393,127.659670233727,1603.60177862644,0,0.762218058109283,0,33.0081599354744,0.813820481300354,2.68455749750137,0,4.49649971723557,0,0.680562019348145,0,0.683601856231689,0,0,0,0,5.030133664608,33.9524439275265,0,0,0,0,0,0,0,0,0,2.28456151485443,0,0,48.7229404747486,12.0007101893425,0,0,0,0,0,4.71826666593552
0,0,34.4279913604259,110.672762960196,459.64215451479,203.637697339058,15.4492440223694,21.9829601049423,139.847635388374,237.521058619022,0,0,2.69734299182892,2.17546284198761,70.866390645504,137.525217741728,0,0,2.07451683282852,0,387.2051204741,26.4148920476437,1656.30511915684,614.655312329531,0,715.498878151178,2136.85938188434,264.910315811634,13.0230691432953,3.03165325522423,923.261160671711,339.15659481287,63.9791916906834,19.2578696608543,26.14567476511,0,0,0,0,0,13.6796875596046,3.64630377292633,0,0,0,0,1.14399117231369,0,0,0,0,0,0,0,0,0,0,0,0,0,0,0,0,0,0,0,20.3231491446495,0,0,0,454.759189039469,174.176191300154,199.626284986734,27.1107727885246,13.3537586331367,6.93911927938461,20.7177706360817,3.81300234794617,0,0,0,0,0,2.14069545269012,0.772216618061066,0,0,0,0.571024417877197,0,0,0,0,0,2.04553359746933,0,0,0,0,0,0,0,0,0,0,0,0,0,0,0,0,0,0,0,0,0
0,0,38.2038777470589,148.589246034622,351.954042673111,459.057622849941,25.6176760792732,5.12423229217529,209.014652252197,223.411339610815,0,1.82802164554596,0,12.2146788239479,34.6227627694607,118.327298879623,0,0,2.30805861949921,3.89857977628708,179.154180705547,393.61643075943,549.584714233875,1694.04880833626,715.498878151178,0,421.936080366373,2601.92904165387,3.88890588283539,14.3938754796982,319.446272373199,616.771498143673,23.8188485503197,48.9059010744095,0.698138773441315,3.14215165376663,0,2.09481221437454,0,0,1.07343065738678,19.580149769783,0,0.930878460407257,0,0.789352834224701,0,0,0,0,0,0,0,0,0,2.16868525743484,0,0,0,0,0,0,0,0,0,0,0,4.42173647880554,0,0,369.425428688526,557.259753674269,41.6994642019272,154.057424634695,0,22.5063214302063,0,21.8737087249756,0,0,0,0,0,2.46021169424057,0,4.38826775550842,0,0,0,3.59064918756485,0,0,0,0,0,0,0,0,0,0,0,0,0,0,0,0,0,0,0,0,0,0,0,0,0,0
0,0,10.0250737965107,22.3018645346165,1011.52876895666,220.056524187326,8.99172779917717,3.60549235343933,488.696101516485,134.444955766201,0,0,1.00543069839478,4.33817106485367,475.844111412764,95.7634017765522,0,0,0,0,1339.16021707654,216.601742625237,227.661163955927,194.093281567097,2136.85938188434,421.936080366373,0,528.754313051701,46.6888084411621,11.4042625427246,405.65489679575,155.907689034939,31.027192234993,9.85823118686676,20.3820620775223,0,82.6622176170349,63.773175239563,39.539764881134,1.36650788784027,66.9371181130409,7.1126896739006,1.76750791072845,0,0,0,2.90961474180222,0,0,0,0,0.908891499042511,1.07362759113312,0,0,0,0,0,0,0,0,0,0,0,0,0,12.0963338017464,0,0,0,755.850418746471,159.219232141972,288.44079169631,32.6018969118595,3.82564866542816,4.075619161129,5.42490136623383,7.1921501159668,0,0,0,0,0,0,0.699528872966766,0,2.52748274803162,0.965559124946594,0,0,0,0,0,0,0,0,0.891497790813446,0,0,0,0,0,0,0,0,0,0,0,0,0.945574164390564,0,0,0,0,0,0
0,0,6.76241874694824,98.6920476555824,177.100596576929,2431.09715482593,3.65871286392212,3.31455689668655,82.2075408697128,1553.63269755244,0,0,2.37004637718201,4.64364367723465,41.2866771221161,489.466927081347,0,0,0,1.09351658821106,260.028302192688,1408.38133847713,108.939655959606,260.809822648764,264.910315811634,2601.92904165387,528.754313051701,0,0,70.5765617787838,119.708255380392,335.150984942913,9.98401495814323,31.5917967259884,0,1.63783502578735,35.2555936574936,74.3430778980255,16.9990723133087,0.931602418422699,6.11761343479156,88.814567387104,0,0,1.33958888053894,0,0,0.960808396339417,0,0,0,0,0,1.31612241268158,0,2.41417235136032,0,0,0,0,0,0,0,0,0,0,0,5.66430044174194,0,0,346.879605472088,783.912492543459,7.94934928417206,248.512985408306,0.543068945407867,11.0793494582176,2.10364180803299,10.1657079160213,0,0,0,0.666700601577759,0,21.8423012495041,0,12.5029943585396,0,10.2562220692635,0,3.2063649892807,0.995965480804443,0,0,0,1.38945853710175,0,0,0,0,0,0,0,0,0,0,0,0,0,0,0,0,0,0,0,0,0
584.41213992238,10.5856400132179,755.475286543369,24.5238375067711,312.346898376942,0,572.171022027731,24.8397575616837,250.037450015545,0,603.881286501884,0,2653.36488461494,1.61610686779022,2342.95571208,1.17937251925468,2596.52667847276,3.55372256040573,385.454170912504,71.3310803771019,55.6002599000931,1.03360259532928,415.555856049061,62.5137531757355,13.0230691432953,3.88890588283539,46.6888084411621,0,0,1.14815446734428,24.4819085001945,14.4968262314796,21.6245691776276,20.9394007325172,22.7485044002533,12.1926602125168,145.950919091702,8.92922627925873,51.0349612236023,0,606.663138985634,0,150.70447281003,2.52953565120697,134.755088239908,8.09898436069489,224.554396510124,2.66305732727051,223.53713336587,5.16409629583359,323.586908847094,2.21988773345947,57.9400333166122,0,89.6167343556881,2.09006857872009,1391.41533124447,20.5635653138161,600.356182336807,42.5097804665565,374.428512603045,7.09194201231003,744.637350916862,16.0647713541985,78.5228155553341,10.1521985530853,433.886551886797,245.497715383768,220.078516125679,12.4813917279243,619.821679532528,33.5828788876534,2033.92572504282,8.55559894442558,96.2980012893677,2.17378145456314,514.792457848787,50.1736415028572,394.91549757123,1.91468662023544,1185.45067816973,7.73209381103516,888.629330068827,0,374.185358524323,0,333.548785835505,0,170.210510790348,2.32529187202454,3.83240342140198,0,2.51417556405067,0,24.1418063044548,1.30805480480194,3.69190779328346,0,4.02022725343704,0.857273578643799,2.85746669769287,0,0,0,1.99799725413322,0,0,0,4.1768656373024,2.91389429569244,0.771590530872345,0,0,0,0,0
2.05158263444901,179.528893053532,2.7831466794014,298.105536311865,4.61314815282822,228.379290550947,3.26570343971252,180.433937698603,3.89936631917953,180.181590378284,0,743.692094445229,0.901950001716614,1848.62295845151,0.849043130874634,1595.61051389575,0.663893222808838,2382.63601920009,16.1717134714127,123.654627114534,3.35261577367783,92.0874750614166,11.0705567598343,111.987178504467,3.03165325522423,14.3938754796982,11.4042625427246,70.5765617787838,1.14815446734428,0,3.52334129810333,4.13656014204025,0,11.3545777201653,6.1448637843132,6.2078720331192,11.3742960691452,65.4422223567963,0,19.0974796414375,0,543.456875622272,4.82237911224365,24.7396400868893,1.46720957756042,55.0092970132828,0,74.8496637940407,2.30842882394791,68.5148739218712,0,133.409594714642,0,19.5792435705662,0,24.8161630630493,3.57104980945587,368.368027418852,9.91442513465881,189.590792536736,9.40312194824219,125.461756676435,2.47586780786514,586.78587436676,0,85.1379663646221,34.6483772397041,115.586565792561,0.714131414890289,26.3028804063797,16.3292076587677,162.145080447197,10.477971971035,3394.3318502903,0.585859835147858,46.6938127875328,21.5034008622169,97.5894167423248,0,315.709636121988,0,1122.98995506763,0,647.721859544516,0,281.866182893515,0,91.4359576702118,0,50.4083755016327,0,0.910241544246674,0,0,0,7.59656715393066,0,0,0,4.49835062026978,0,0,0,0.410124093294144,2.44017100334167,2.37233951687813,0,0.660579204559326,0.515358448028564,0.676738023757935,2.12613052129745,0,0,0,0,0
38.2952963113785,8.24114835262299,74.104859828949,164.756204009056,89.8033675551414,68.7863509058952,52.87118729949,105.169609248638,26.7048630714417,108.091201663017,16.9096308946609,9.58161985874176,19.8146193027496,14.2654498815536,78.6762586236,42.8123543858528,9.4630588889122,0.670679092407227,775.20679217577,281.947587102652,566.097385078669,52.8904056549072,3192.90069454908,910.902142584324,923.261160671711,319.446272373199,405.65489679575,119.708255380392,24.4819085001945,3.52334129810333,0,448.099399715662,1692.85362002254,225.272368520498,320.336823642254,5.36716210842133,2.5732107758522,0,7.82736292481422,0,5.34486508369446,3.1098221540451,55.0612832307816,2.39711666107178,28.3633366525173,0,47.9997825026512,2.36449712514877,0,0,0,0,0,0,0.969973087310791,0,3.66432845592499,2.62084978818893,6.64855509996414,0.7726731300354,0.653056561946869,1.02810847759247,0,0.998154878616333,0,0,723.534193843603,31.48650598526,20.8499777317047,5.24039077758789,733.146981656551,229.724366366863,89.8834502100945,63.6966672539711,22.8579527139664,18.755320250988,123.536145627499,45.8362649083138,0.791584849357605,0,2.42548936605453,1.10286605358124,2.05507338047028,0,3.00580483675003,3.11990791559219,0,1.43464827537537,0,1.32933437824249,0,0,0,0,5.1668204665184,2.48619484901428,2.19901043176651,0,0,0,0,0,0,0,0,0,1.30345249176025,0,1.85059058666229,0,0,0,0,0,0,0
24.7767687439919,2.80287349224091,188.379478275776,69.3830962181091,105.356681466103,63.693335711956,158.22083812952,52.7209731340408,81.901267260313,69.0406518578529,12.7758925557137,12.5926017165184,28.8950698971748,10.7570953369141,22.9701697230339,49.0213897228241,4.56578916311264,5.69817066192627,457.847731798887,577.05250069499,203.856216013432,894.908673942089,1511.99935609102,2177.51399680972,339.15659481287,616.771498143673,155.907689034939,335.150984942913,14.4968262314796,4.13656014204025,448.099399715662,0,104.310629069805,2271.46795675159,2.45121240615845,114.217601627111,2.07326364517212,0,1.54787719249725,34.8505979776382,1.09876811504364,3.5157790184021,0,88.4490714371204,0.833327770233154,9.25658106803894,0.435163825750351,257.478208303452,0,0,0,0,0,0,0,0,0,0,1.43579745292664,0,0.807497262954712,0,0,0,0,0,27.4636017680168,814.328713923693,7.07892841100693,1.489386677742,352.430079370737,349.828589975834,100.129578411579,79.7765056490898,15.9140995144844,20.4974988102913,67.8427777886391,53.6686895191669,0,0,2.13412570953369,0,0,0.866825044155121,0,2.90802681446075,0,0.952584385871887,0,0,0,0,0,0,1.92271476984024,1.52202939987183,1.47204673290253,0,0,0,0,0,0,0,0,0,0.408691585063934,0,1.08921384811401,1.84446597099304,0,0,0,0,0,0
33.6977477669716,201.206941097975,51.8696250319481,154.986566066742,14.2129871845245,2.47542679309845,15.7224521636963,66.7589408755302,4.91614329814911,5.30958241224289,9.89223963022232,16.0175780057907,13.1127187609673,7.12694549560547,13.1295264065266,3.74175429344177,4.66882628202438,13.3135908842087,4557.13261505961,894.819740831852,57.287043184042,8.36082381010056,1211.924680233,486.42285990715,63.9791916906834,23.8188485503197,31.027192234993,9.98401495814323,21.6245691776276,0,1692.85362002254,104.310629069805,0,555.290700137615,817.842869788408,9.77937486767769,12.1005964875221,1.85736966133118,30.6682536900043,1.56961905956268,0,0,88.9991216659546,0.659954488277435,59.8744479715824,0,67.8471714556217,1.48523032665253,3.38695180416107,0,0,0.939222991466522,0,0,0.870720714330673,0,44.8470708727837,67.9711141586304,13.5367691516876,30.5245852172375,5.08462250232697,4.47564709186554,4.5865843296051,19.9667665958405,0,0,4312.29398912191,289.072828501463,681.179421186447,179.451904058456,209.269351065159,102.934241116047,75.5352236330509,31.2180283665657,9.92455077171326,15.8546926379204,139.575762927532,71.4001190662384,0,0,1.714439868927,4.35406869649887,0,0,1.06338846683502,1.14172995090485,0,0,0.847677648067474,0,0,0,0,0,2.27830848097801,4.22888004779816,1.07217487692833,0,0,0,0,0,0,0,0,0,0,0,2.04923850297928,0,0,0,0,0,0,0
134.031648010015,124.585871368647,147.85190808773,131.151841282845,10.49782538414,4.54011952877045,124.448626965284,19.4159278869629,8.70865488052368,20.9813802242279,5.01872491836548,11.9466046690941,18.6216117143631,2.79329472780228,3.3062282204628,5.39945024251938,13.5006918907166,12.3632836341858,1292.18503785133,4307.44327676296,19.0717247128487,49.6988965272903,709.688501238823,1309.54589128494,19.2578696608543,48.9059010744095,9.85823118686676,31.5917967259884,20.9394007325172,11.3545777201653,225.272368520498,2271.46795675159,555.290700137615,0,33.2551385760307,605.168403625488,18.3954807519913,25.8717837929726,8.52368319034576,88.287123799324,0,0,5.21152293682098,165.555343717337,7.04622447490692,24.2989512681961,6.10653811693192,270.072710156441,4.91415506601334,5.69603109359741,3.58552980422974,0,0,0,0,5.13689637184143,69.0691059231758,84.5794763565063,45.8803399503231,82.9829792380333,16.8164508342743,7.22901871800423,15.6083382368088,14.5952926576138,0.546929061412811,2.96088707447052,817.511787652969,4793.57239106297,334.523461312056,578.610869377851,161.772321760654,156.074952721596,58.6338709592819,85.3440117537975,12.5188428163528,28.9699545204639,117.96332603693,209.845756530762,1.25268149375916,0,10.1682434082031,8.85305243730545,0,0,2.89463841915131,0,0,0,1.12142264842987,0,0,0,0,0,5.4691835641861,6.71052151918411,0,0,0,0,0,0,0,0,0,0,0,0,0.745582938194275,0.721971094608307,0,0,0,0,3.20105093717575,0
17.733617067337,1.13015723228455,15.6755337417126,0,2.27109658718109,0,6.29738038778305,0,0,0,3.9031770825386,0,0.795203685760498,0,4.16049653291702,0,6.04841363430023,2.47227418422699,148.123622626066,1.02788531780243,9.6141391992569,0.573234081268311,362.941515386105,2.5264065861702,26.14567476511,0.698138773441315,20.3820620775223,0,22.7485044002533,6.1448637843132,320.336823642254,2.45121240615845,817.842869788408,33.2551385760307,0,134.626199245453,244.068133473396,84.3625323176384,90.5140746831894,34.7590121328831,19.2017755806446,4.68979626893997,227.033570677042,192.984609186649,493.406341403723,356.828651547432,168.561183571815,94.6648547947407,174.939683705568,101.098550319672,150.80692628026,69.7369306981564,11.1874753236771,82.0966730415821,63.6051875650883,21.135769456625,13.75817912817,2.69964277744293,61.622792750597,15.2679787874222,65.6866089105606,6.0157807469368,27.3157923817635,11.903420984745,8.80203431844711,30.074898660183,1763.29917621613,324.935165464878,0.629100501537323,6.66358414292336,37.7650155425072,4.89752745628357,44.9426176846027,23.5140959024429,4.26661515235901,7.34169146418571,330.02446731925,48.8409734666348,0.702808260917664,6.12142860889435,63.6575889289379,48.2711324691772,8.41275310516357,0.934823572635651,56.0740439593792,16.6067357063293,14.1341589689255,0,78.5380869805813,25.6699950695038,1.89135885238647,0,0,0,7.89075535535812,6.42416125535965,2.89523130655289,0,1.65061187744141,0.597295343875885,0,0,0.898785531520844,0,0.733742713928223,2.6452648639679,0,0,0,5.18123888969421,1.45113229751587,0,0,0,0,3.12419867515564
3.21411508321762,0,3.33392173051834,1.23376286029816,0,2.31086617708206,0.406743824481964,0,0,0,0,0,0,1.4779280424118,0,0,2.51761960983276,0,4.49149492383003,33.6696034371853,1.44325745105743,1.21706807613373,2.62830030918121,87.9052374362946,0,3.14215165376663,0,1.63783502578735,12.1926602125168,6.2078720331192,5.36716210842133,114.217601627111,9.77937486767769,605.168403625488,134.626199245453,0,121.014599442482,232.595084965229,34.1459311246872,58.9849993884563,19.907193005085,22.215161383152,183.372918397188,364.294708907604,320.154393404722,538.535018026829,118.293540835381,222.643446236849,168.629927664995,151.78305965662,141.642271608114,136.505126178265,28.5910880565643,76.9546467661858,61.1790007948875,40.8219230473042,2.13033705949783,2.69063925743103,49.9224557578564,5.43153396248817,40.792433142662,11.0554229021072,10.9287171363831,16.031898021698,5.81985557079315,34.9364734888077,356.85032132268,1608.11288934946,0.822000622749329,0,7.43188834190369,5.62474226951599,29.7652066349983,60.9340746998787,0,6.14397764205933,82.6028900742531,163.73750859499,0.674345254898071,2.81879723072052,32.3016400933266,50.1814737319946,6.89039325714111,3.57930701971054,39.079026222229,38.8059900403023,2.87690156698227,1.87572026252747,86.4554134905338,42.1353055238724,1.05502951145172,0,0,0,1.07177937030792,8.22191667556763,1.63680911064148,0,0,3.46787679195404,0,0,0,0.906494677066803,0,1.20760083198547,0,0,0,0.706000506877899,0,0,0,0,0,0
370.487472593784,12.1281390190125,78.0073938369751,5.00876557826996,8.20037561655045,0,67.6133823096752,0,18.1431167423725,0,17.8369792699814,2.18290281295776,40.346892118454,0,48.2313880622387,0,38.2468560934067,0.596838772296906,87.8186314105988,14.1247025132179,58.4795269966125,29.2490617036819,24.8945793509483,6.299360871315,0,0,82.6622176170349,35.2555936574936,145.950919091702,11.3742960691452,2.5732107758522,2.07326364517212,12.1005964875221,18.3954807519913,244.068133473396,121.014599442482,0,292.602050989866,1801.33849495649,28.295362919569,871.191423594952,11.7601042985916,524.298686951399,154.072638809681,515.552810579538,272.301652818918,1417.04526200891,81.9936303496361,573.936713844538,102.828879117966,617.596584290266,82.5149542689323,167.131312251091,23.9903401732445,1377.34709784389,20.5693746805191,328.141016662121,8.23124420642853,323.397242307663,68.1756969690323,356.014068633318,52.3167860507965,126.859158396721,19.5427982807159,176.755075216293,67.2823668122292,944.86316627264,796.703586190939,236.416671305895,8.68485963344574,433.647719502449,26.5523781776428,566.079738795757,87.2723925113678,1202.99104580283,65.4977622628212,4312.54928401113,192.589908629656,6.49303674697876,10.6951514482498,166.328770339489,60.7359802722931,389.630572915077,0,273.51765742898,30.8134383559227,1310.13861405849,0,939.43449023366,19.6613809168339,69.1238923072815,127.642208665609,87.4506865739822,19.0682952404022,141.763708472252,45.683562874794,113.580821037292,22.4776059985161,68.4860064983368,32.6382772326469,54.5338976681232,36.1809621751308,78.2016277313232,87.4546205401421,67.2503547370434,48.4279880821705,12.9906969368458,7.3781703710556,14.028817653656,44.8776554167271,15.2740290760994,0.775538742542267,2.13810420036316,0,2.91006147861481,19.8627201318741
0.980989754199982,444.919137001038,0,72.0622034668922,1.09661114215851,24.2658234238625,3.19685578346252,51.2795252799988,0,34.9459204673767,1.82464122772217,7.76297390460968,0,15.0780690610409,0,48.0407360196114,0,18.0476584434509,9.75677645206451,93.8032471239567,36.4135521054268,136.612846553326,0,20.3764123022556,0,2.09481221437454,63.773175239563,74.3430778980255,8.92922627925873,65.4422223567963,0,0,1.85736966133118,25.8717837929726,84.3625323176384,232.595084965229,292.602050989866,0,84.8899175524712,1912.96933689713,13.7305684089661,630.499072104692,191.707836896181,456.09793651104,128.964255452156,973.785144120455,110.915645956993,1226.29160839319,64.5319817066193,503.508808612823,82.5132569074631,668.291679501534,2.28083005547523,259.184086918831,25.3648896813393,1373.27441428602,9.38754284381866,248.641442924738,63.2449828982353,162.295272916555,64.1292585134506,79.5094205737114,30.4276394844055,28.7116528153419,14.5941379666328,181.981332182884,416.560913562775,1141.90353757143,10.4488879442215,77.3039932250977,18.6607500314713,348.4096365273,60.850466966629,419.294404804707,30.3514774143696,1273.9352787137,114.898202240467,4895.11577704549,0,2.54670077562332,40.9188054203987,102.213060110807,0,225.22628107667,18.3214502930641,508.065908789635,1.83440208435059,570.477702915668,68.0276611149311,1123.10949701071,92.8361097574234,114.953344345093,74.36394110322,31.9293932318687,31.6689798533916,161.9074395895,48.9049474895,20.1014950275421,43.5223858952522,72.9724772274494,42.3697766661644,27.247338116169,57.5178819596767,121.156499356031,32.2687955796719,91.4847973883152,19.8268964290619,9.94428730010986,15.5247132480145,28.5302251875401,20.5478099286556,0,2.14207059144974,0,8.31422173976898,6.20449274778366
215.229682564735,14.0993446707726,45.3843164741993,3.41420179605484,1.77621334791183,0,21.8138107061386,0.538008272647858,1.18137237429619,1.57478582859039,18.7682353854179,1.25757992267609,12.3130392432213,0,8.69689866900444,0,22.8653641343117,0,123.491227209568,8.76058846712112,17.9089404344559,27.8358964920044,18.8532178997993,2.52886784076691,0,0,39.539764881134,16.9990723133087,51.0349612236023,0,7.82736292481422,1.54787719249725,30.6682536900043,8.52368319034576,90.5140746831894,34.1459311246872,1801.33849495649,84.8899175524712,0,27.8761214315891,609.218769848347,0,419.132290393114,29.3805795907974,713.007620036602,21.1512792408466,1141.98585534096,6.0957612991333,397.881512999535,4.67049044370651,191.76722612977,1.44456851482391,54.4118935465813,1.86343550682068,1795.44632577896,2.08436036109924,205.372913002968,10.2929679751396,156.509311646223,2.55897605419159,78.8118524849415,2.82529890537262,51.7058197259903,0,17.7357801795006,3.04743540287018,853.396959960461,122.88801574707,184.645091116428,5.29671055078506,247.190752148628,10.0034148693085,150.28412848711,14.8119834661484,139.220966607332,48.7660820782185,356.387121766806,69.623941719532,1.90030634403229,0,50.9918379485607,0,108.301408469677,0,53.7978106439114,0,146.837493181229,0,319.593391478062,0,225.869756519794,207.54676181078,196.405781447887,26.0052015781403,91.6525087058544,91.1751157045364,132.233863770962,17.8721261024475,119.043537914753,64.8166972696781,92.8321454226971,28.3375611007214,149.840226769447,134.289690643549,77.8613457679749,50.0881261825562,35.8622985780239,5.01483184099197,14.4769210219383,4.39815974235535,22.6492369771004,0,6.02314949035645,0,3.1453600525856,17.3854277729988
0,70.2874096035957,0,9.42222845554352,0,1.15917348861694,0,1.92094284296036,0,2.36903131008148,0,0,0,1.12321639060974,0,2.71667122840881,1.74345433712006,8.01915246248245,1.60093176364899,45.2461739778519,0,0,0,7.83255150914192,0,0,1.36650788784027,0.931602418422699,0,19.0974796414375,0,34.8505979776382,1.56961905956268,88.287123799324,34.7590121328831,58.9849993884563,28.295362919569,1912.96933689713,27.8761214315891,0,0,1397.85935628414,38.7580800652504,653.416677236557,43.5407896339893,746.698107749224,8.40838593244553,1037.88315698504,11.0571414232254,189.47665643692,19.6453798413277,194.585558414459,0,97.5915479362011,0.953093647956848,1685.42373853922,4.6633095741272,114.579536795616,2.9441699385643,83.5444021821022,0,44.7113546133041,0,18.3341761827469,1.77130198478699,43.6518696844578,68.8389616310596,1070.58890587091,5.31793630123138,30.6257381439209,9.98037105798721,40.2607234120369,1.7079975605011,71.8554703295231,7.55887454748154,88.548196464777,22.047262609005,219.055161297321,0,1.09704554080963,1.2499897480011,32.9735070466995,0,194.960354804993,0,73.1736589074135,0,93.8358182311058,1.45063358545303,224.663128465414,45.4929845035076,58.0148530006409,42.1037964224815,24.2585889101028,9.64432835578918,31.5188185870647,25.24164301157,15.2630445361137,17.4874663352966,28.6027199327946,32.6147989034653,19.4179926216602,43.354718118906,90.0108803510666,22.5534759759903,62.5926277935505,8.1237016916275,5.80820482969284,3.6295548081398,2.81889614462852,12.1337423622608,0,1.34210801124573,1.09171867370605,3.00484058260918,5.72483748197556
1.78287303447723,0,14.709541618824,2.27120810747147,203.411969006062,1.73307132720947,4.25832808017731,1.53283178806305,186.745458126068,3.58543747663498,2.33263683319092,0,23.1577475667,0,436.194404482841,1.78442162275314,0,0,1.20553421974182,0,171.173191905022,0.716874063014984,18.5955840945244,4.19442915916443,13.6796875596046,1.07343065738678,66.9371181130409,6.11761343479156,606.663138985634,0,5.34486508369446,1.09876811504364,0,0,19.2017755806446,19.907193005085,871.191423594952,13.7305684089661,609.218769848347,0,0,29.2269707918167,132.886682152748,10.8404434323311,58.0753625929356,1.23220944404602,308.637785285711,4.05815947055817,60.9574347436428,1.38231754302979,90.9405677616596,0,32.506400167942,0,328.636315584183,0,5.10646969079971,0,25.5154814720154,0,37.0839484333992,1.47143125534058,2.89010745286942,0,22.1060543656349,0,77.7579408884048,65.5776286125183,0.645977258682251,0,205.553039610386,35.4715924859047,718.560995638371,11.5221109986305,401.260369837284,46.9278408288956,272.523919820786,2.68204164505005,0,0,14.8242449164391,0,726.005380511284,0.887611448764801,54.2637127935886,0,1146.83975660801,0,130.179671406746,1.22704756259918,1.45352077484131,0.920389115810394,2.5285177230835,1.08929491043091,8.50712749361992,0,2.31203228235245,0,3.42551138997078,0,1.19351017475128,0.5751091837883,1.39645072817802,1.37264806032181,9.19202160835266,0,0.560144007205963,0,5.16484576463699,3.15069699287415,0.862509369850159,0,0,0.457956492900848,0,3.35181623697281
0,2.11098819971085,0,14.4764022827148,3.79885393381119,155.629701554775,0,3.1104724407196,0.626415133476257,185.163389980793,0,2.60197061300278,0,15.2379057407379,0,271.293800473213,0,0,0,1.09398603439331,17.1356500983238,300.956213057041,0.879888534545898,11.2785586714745,3.64630377292633,19.580149769783,7.1126896739006,88.814567387104,0,543.456875622272,3.1098221540451,3.5157790184021,0,0,4.68979626893997,22.215161383152,11.7601042985916,630.499072104692,0,1397.85935628414,29.2269707918167,0,37.644184678793,101.895861834288,5.85285231471062,107.054592460394,2.12642854452133,394.957128971815,0,71.799108684063,0,118.074676275253,0,70.9850356578827,0,1033.58248963952,2.23118615150452,2.31229919195175,0.714574038982391,10.7651065587997,1.88256573677063,7.3091693520546,0,4.6022675037384,0,15.2842946052551,29.6675364971161,101.338722884655,0,0.828704714775085,80.2537394165993,247.545967400074,21.5527564287186,1237.69836050272,12.8962704539299,504.554867148399,0.754686713218689,168.317746281624,0,0,0,41.8527172803879,0,1057.00688290596,0,440.170498281717,0,1422.93528881669,0.825162589550018,700.443271458149,0,0.375158220529556,0,2.16693687438965,0,7.76347583532333,0,2.31288939714432,0,19.396096855402,0,2.45488035678864,0,2.32507583498955,0.56082820892334,0.50975227355957,0,0,1.22477185726166,1.08920097351074,0,0,0,0,0,0
0,1.1813029050827,6.13078391551971,0,0.973882377147675,0,2.14447546005249,0,0,0,0,0,0.604041039943695,0,2.02111524343491,0,0,0,156.259934097528,0.77046263217926,1.10200989246368,0,88.9032225608826,0,0,0,1.76750791072845,0,150.70447281003,4.82237911224365,55.0612832307816,0,88.9991216659546,5.21152293682098,227.033570677042,183.372918397188,524.298686951399,191.707836896181,419.132290393114,38.7580800652504,132.886682152748,37.644184678793,0,2455.2755767405,12992.4026320279,1475.10520756245,10125.8832397163,814.19828248024,2201.16897803545,173.904387235641,2175.06276890635,112.507350206375,232.057812064886,124.30192810297,828.953543514013,110.525297641754,0,0,19.7132766544819,8.42393720149994,11.3826271295547,0,8.47638326883316,0,2.95153546333313,4.61857175827026,1948.08185237646,523.291803896427,0,0.835868954658508,17.8994734883308,3.90648183226585,254.594918936491,80.2520726323128,4.32853108644485,5.84152260422707,426.780807286501,79.3288562297821,0,1.27111864089966,115.133875519037,12.5651172995567,107.519327282906,3.49585688114166,331.515661001205,62.9143932461739,53.973213404417,1.30385565757751,552.672232449055,97.0366979539394,48.5259175896645,0,0,0,10.8317809700966,1.87685978412628,18.1719482541084,0,142.583447873592,18.5065259933472,0,0,0,0,0,0,0,0,0,2.34393894672394,0,0,0,0,0,0
0,0,0,0,0,0,0,0,0,1.07318741083145,0,0.753023386001587,0,0,0,0,0,0,1.27180206775665,24.6001657247543,0.694627940654755,0,0,58.4076057672501,0,0.930878460407257,0,0,2.52953565120697,24.7396400868893,2.39711666107178,88.4490714371204,0.659954488277435,165.555343717337,192.984609186649,364.294708907604,154.072638809681,456.09793651104,29.3805795907974,653.416677236557,10.8404434323311,101.895861834288,2455.2755767405,0,3030.74872601032,10353.8505239487,545.878405570984,9810.23073250055,525.020554512739,1280.63742780685,740.789674192667,582.307474941015,46.1616174578667,965.888513743877,162.522758066654,558.088512927294,0,0,48.2362175583839,4.78863430023193,9.92471420764923,4.03809827566147,0,1.3998082280159,4.40336036682129,6.6820809841156,569.14281642437,1703.1122302115,0,0,0,4.88869205117226,29.0173579454422,246.564433038235,0,40.3142718970776,40.5640946626663,258.253333806992,0,1.61467087268829,10.1408894658089,80.4880131483078,1.36076104640961,44.528717726469,33.2001528143883,285.383137226105,0,16.2977707982063,171.663419157267,306.859736204147,0,3.42532658576965,0,0,0.888596534729004,25.8298967182636,0,0,1.29300820827484,64.1640122234821,0,0,0,0,0,0,0,0,0,0.600514590740204,0,0,0,0,0,0
7.89706164598465,0,1.35526812076569,0,0,0,0.465391874313354,0,0,0,0,0,0,0,0,0,0,0,21.2261002063751,0,0,0,19.8425525426865,0,0,0,0,1.33958888053894,134.755088239908,1.46720957756042,28.3633366525173,0.833327770233154,59.8744479715824,7.04622447490692,493.406341403723,320.154393404722,515.552810579538,128.964255452156,713.007620036602,43.5407896339893,58.0753625929356,5.85285231471062,12992.4026320279,3030.74872601032,0,1392.09318891168,1841.77043184638,395.502901315689,2684.22595262527,121.865765452385,1356.50688269734,43.9357157349586,322.414655148983,22.6791744828224,581.237977832556,53.5620433986187,2.67223632335663,1.61630684137344,179.970034897327,12.3157085180283,82.4162195622921,11.2245030403137,24.0072698891163,5.99820154905319,15.3596895337105,20.2784001231194,2259.35418060422,1021.2101674974,0,1.94185328483582,8.30788072943687,2.66923832893372,216.494156301022,23.2780894637108,7.96826958656311,0.989064812660217,507.029335439205,35.6949317157269,2.50581157207489,1.27436900138855,251.322428911924,19.738833039999,79.5803478956223,0.495773375034332,302.969519048929,9.53173935413361,10.560339063406,0,337.732743352652,18.0339974761009,3.44665053486824,0,0,0,20.1590906977654,2.65634125471115,41.8729887902737,0,8.8562892973423,1.72411453723907,0,0,0,0,0,0,0,0,0,8.2865903377533,0,0,0,0,0,0
0,2.20047551393509,0,0.739301443099976,0,0,0,1.50821661949158,0,0,0,2.21636635065079,0,1.07880842685699,0,0,0,2.83068346977234,0.675025045871735,1.41518253087997,0,1.91681724786758,0,4.30397799611092,0,0.789352834224701,0,0,8.09898436069489,55.0092970132828,0,9.25658106803894,0,24.2989512681961,356.828651547432,538.535018026829,272.301652818918,973.785144120455,21.1512792408466,746.698107749224,1.23220944404602,107.054592460394,1475.10520756245,10353.8505239487,1392.09318891168,0,364.226700246334,2466.90993788838,196.980077534914,3363.56297445297,660.254306644201,3323.86700087786,4.00961577892303,913.703265100718,13.9557436108589,637.365782350302,0,7.77078393101692,44.2334510087967,96.6286846101284,28.8338848352432,57.0542857050896,4.51624751091003,47.0365366339684,9.56279671192169,162.44480407238,873.682242006063,3485.1642588973,0,0,2.51076239347458,11.5043008029461,13.2444500923157,416.704401344061,0,95.1882303059101,30.5982755124569,775.416439175606,0.842970669269562,10.7951249182224,4.4177628159523,615.104567229748,0,48.9164830446243,10.9764995574951,659.129301011562,0,6.48258838057518,23.4820557832718,566.405261933804,0,0,0,0,0,59.6128932535648,1.64381945133209,0,0,25.5163397490978,0,0,0,0,0,0.937952935695648,0,0,2.28462210297585,2.04256743192673,0,0,0,0,0,0
4.65800055861473,0,8.61780413985252,0,2.68799567222595,0,3.81916949152946,0,3.75011900067329,0,0.899166524410248,0,0.893985331058502,0,26.3727375864983,0,3.72335571050644,0,131.886983782053,0,2.56953704357147,0,56.8493390083313,0,1.14399117231369,0,2.90961474180222,0,224.554396510124,0,47.9997825026512,0.435163825750351,67.8471714556217,6.10653811693192,168.561183571815,118.293540835381,1417.04526200891,110.915645956993,1141.98585534096,8.40838593244553,308.637785285711,2.12642854452133,10125.8832397163,545.878405570984,1841.77043184638,364.226700246334,0,210.216629207134,671.623703122139,109.800711810589,2021.3000844121,61.9207862019539,1405.25142499804,37.728590965271,5337.25986656547,39.7483769357204,13.2212293148041,1.4816826581955,52.5609963536263,2.44967156648636,48.3084336221218,7.01867890357971,14.4415167570114,0.579152584075928,16.0290542244911,7.09425842761993,2009.72932776809,405.042821526527,2.09604489803314,3.23149186372757,32.0504747331142,1.34067857265472,445.917205065489,30.3438746929169,12.1925010681152,4.09794110059738,784.375864595175,30.765596807003,0.628536820411682,0,147.041457563639,5.70625221729279,248.664116501808,0.542092502117157,501.134975999594,8.7026270031929,303.40590262413,0,1141.06376597285,25.963480681181,105.929527252913,0,0,0,25.7969273924828,2.23022240400314,55.5542073249817,0,186.638251036406,1.25821578502655,0.958940804004669,0,3.54227828979492,0,3.19459438323975,0,1.44275605678558,0,0,62.4910635352135,0,0,0,0,0,0
0.990074455738068,31.2643991708755,0,11.3429428935051,0,1.85120034217834,0,3.12266650795937,0,1.65393757820129,0,2.12073963880539,0,1.26666367053986,0,3.89264261722565,0,0,2.34815174341202,83.1177672743797,1.47506678104401,0.996677279472351,0,167.492422044277,0,0,0,0.960808396339417,2.66305732727051,74.8496637940407,2.36449712514877,257.478208303452,1.48523032665253,270.072710156441,94.6648547947407,222.643446236849,81.9936303496361,1226.29160839319,6.0957612991333,1037.88315698504,4.05815947055817,394.957128971815,814.19828248024,9810.23073250055,395.502901315689,2466.90993788838,210.216629207134,0,58.3736054599285,383.928689360619,121.576520323753,650.735283255577,2.05445051193237,1861.76159217954,9.51988351345062,4693.16436678171,0.599430739879608,61.1561237573624,18.2152332663536,44.0648988187313,15.3131015300751,26.0923622250557,7.27841854095459,10.9512107372284,1.17662584781647,29.775222837925,307.082657456398,1487.16155517101,0.7870192527771,9.70386406779289,0.689625084400177,26.3065218031406,11.4708132147789,628.435815602541,0,75.9000498652458,34.7860949337482,1095.10085940361,0,0.682744801044464,11.3097004890442,106.632037162781,0,85.7038418352604,7.34283149242401,737.17916110158,0,57.745889633894,37.2204802036285,984.07611978054,0,33.2567700147629,2.63857913017273,1.59528067708015,2.89202350378036,52.7535569965839,0.707627177238464,1.92466580867767,0.597680449485779,678.989970654249,0,0,0,4.52293315529823,1.02230396866798,5.81123006343842,0,1.75834333896637,7.24003052711487,76.4650495648384,2.86680248379707,0,0,0.699145078659058,0.60727334022522,2.268430352211
22.6889919042587,0,2.48112893104553,0,0,0,4.02928936481476,0,0,0,3.30031394958496,0,0,0,0.53459107875824,0,1.56872713565826,0,2.71411418914795,0,1.47411072254181,0,1.24583971500397,0,0,0,0,0,223.53713336587,2.30842882394791,0,0,3.38695180416107,4.91415506601334,174.939683705568,168.629927664995,573.936713844538,64.5319817066193,397.881512999535,11.0571414232254,60.9574347436428,0,2201.16897803545,525.020554512739,2684.22595262527,196.980077534914,671.623703122139,58.3736054599285,0,64.7149361371994,8530.15403163433,19.01937687397,645.793480783701,6.33563220500946,850.854811698198,15.5685661435127,7.88887846469879,0,597.262114852667,6.58014753460884,634.982272624969,3.74064648151398,66.7412588596344,2.14986789226532,67.4147363603115,19.6521503031254,867.653327047825,579.106328636408,0,0,13.6290907561779,0,303.389519989491,17.0378847718239,10.8828254342079,3.66092932224274,605.774941951036,38.0529541671276,5.75035804510117,0,484.261583298445,1.77370405197144,179.774724185467,0,633.387967765331,0.759324371814728,30.5371970534325,0,494.896529555321,11.5898142457008,3.58588162064552,0,0,0,31.6810784339905,0,27.7084360122681,0,6.09307968616486,0,0,0,0,0,0.563695847988129,0,0,0,0,15.6735794246197,0,0,0,0,0,0
0,9.61032688617706,0,4.81633400917053,0,0,0,12.1684233546257,0,0,0,1.37712824344635,0,0.62965339422226,0,0,0,2.59666246175766,1.16560745239258,4.42735505104065,0,0,0,0,0,0,0,0,5.16409629583359,68.5148739218712,0,0,0,5.69603109359741,101.098550319672,151.78305965662,102.828879117966,503.508808612823,4.67049044370651,189.47665643692,1.38231754302979,71.799108684063,173.904387235641,1280.63742780685,121.865765452385,3363.56297445297,109.800711810589,383.928689360619,64.7149361371994,0,132.652435958385,6998.62879660726,0,1376.28771498799,1.50697410106659,306.793390929699,0,26.2575641870499,24.0780224204063,346.239589184523,24.9086430966854,328.0144520998,10.4053927659988,127.768410235643,2.46263355016708,884.416599214077,339.714801281691,608.73653459549,0,1.44109278917313,1.26299571990967,5.45129942893982,4.25499790906906,338.152639716864,1.19473683834076,69.3343898653984,26.5252114832401,465.085625082254,0.85627806186676,31.6903666257858,2.4846208691597,578.251790106297,0,37.7288464605808,0.962937533855438,567.340298742056,0,5.3111075758934,2.36301243305206,377.481444776058,0,0.554647922515869,0,0,0,37.5832412838936,0,0,0,17.0932348966599,0,0,0,0,0,0,0,0,0,3.94490599632263,0,0,0,0,0,0
75.4963926374912,0,16.1127728819847,0,0,0,42.1105609834194,0,0,0,7.17928004264832,0,4.57949250936508,0,1.42474758625031,0,12.0811327695847,0,2.74962949752808,0,0,0,0,0,0,0,0,0,323.586908847094,0,0,0,0,3.58552980422974,150.80692628026,141.642271608114,617.596584290266,82.5132569074631,191.76722612977,19.6453798413277,90.9405677616596,0,2175.06276890635,740.789674192667,1356.50688269734,660.254306644201,2021.3000844121,121.576520323753,8530.15403163433,132.652435958385,0,64.5671550631523,3224.87587141991,69.1633582115173,2352.6605682373,27.2147224545479,27.2071525454521,0,1036.56088370085,3.06946521997452,1212.86728006601,1.34409987926483,103.684101223946,1.49990940093994,658.177315801382,14.201486825943,416.545400887728,533.573029458523,0,0,25.6368630230427,0,521.381825715303,20.728204369545,18.5298216640949,2.22879683971405,662.365535289049,19.8944551348686,8.50912350416183,0,714.472890406847,2.05579835176468,309.5752569139,0,5110.02529403567,8.28707802295685,107.289284199476,0,2227.02754089236,22.0273439288139,53.7828246057034,0,0,0,33.0316520035267,0,25.3501413464546,0,4.19087782502174,0,0,0,0.802128076553345,0,2.44267976284027,0,0,0,0,11.7302189171314,0,0,0,0,0,0
0,77.6966864466667,0,20.7832792401314,0,0,0,98.0228950083256,0,0,0,14.7775831818581,0,11.2257416248322,0,2.8374537229538,0,7.53811028599739,0,3.09170240163803,0,0,0,0,0,0,0.908891499042511,0,2.21988773345947,133.409594714642,0,0,0.939222991466522,0,69.7369306981564,136.505126178265,82.5149542689323,668.291679501534,1.44456851482391,194.585558414459,0,118.074676275253,112.507350206375,582.307474941015,43.9357157349586,3323.86700087786,61.9207862019539,650.735283255577,19.01937687397,6998.62879660726,64.5671550631523,0,0,4380.6479550302,0,1003.71839401126,0,127.593244493008,15.8004640042782,327.03987467289,7.6200847029686,698.897448122501,2.59226197004318,135.703481376171,3.45657229423523,2066.82026305795,206.113212645054,352.559874147177,0,3.74752819538116,0,16.0197035968304,6.07413816452026,572.00826895237,0,114.42723736167,10.9630233943462,565.999816298485,0,28.0567370653152,0.9855797290802,1314.43920943141,0,108.475137919188,5.92389822006226,6676.1106185317,0,32.5883103907108,0,2890.94521632791,0,1.41062438488007,0,0,0,52.9514571428299,0.521804511547089,0,0,46.0020190477371,0,0,0,0.658323705196381,0,5.70413008332253,0,0,1.67111229896545,0.798015773296356,0,0,0,0,0,0.50273460149765
11.1544184684753,0,1.54511344432831,0,0,0,3.88563597202301,0,0,0,0,0,0,0,0.437222093343735,0,0,0,0,0,0,0,0,0,0,0,1.07362759113312,0,57.9400333166122,0,0,0,0,0,11.1874753236771,28.5910880565643,167.131312251091,2.28083005547523,54.4118935465813,0,32.506400167942,0,232.057812064886,46.1616174578667,322.414655148983,4.00961577892303,1405.25142499804,2.05445051193237,645.793480783701,0,3224.87587141991,0,0,0,2400.87409758568,5.18305277824402,1.77679860591888,0,13.4138415455818,0,22.090662509203,0,2.19078397750854,0,37.1832400560379,0,53.6892458200455,60.3161516189575,0,0,3.13771694898605,0,86.690497726202,0,1.57567453384399,0,135.452998816967,3.21877026557922,0,0,51.7173232734203,0,44.5927498340607,0,486.866289645433,0,21.3568994104862,0,638.825429022312,0,26.9391359090805,0,0,0,1.31902122497559,0,0.492969632148743,0,14.5834615528584,0,0,0,0,0,0,0,0,0,0,1.78674191236496,0,0,0,0,0,0
0,0.604607224464417,0,0,0,0,0,0,0,0,0,0,0,0,0,0,0,0,0,0,0,1.4000278711319,0,0,0,0,0,1.31612241268158,0,19.5792435705662,0,0,0,0,82.0966730415821,76.9546467661858,23.9903401732445,259.184086918831,1.86343550682068,97.5915479362011,0,70.9850356578827,124.30192810297,965.888513743877,22.6791744828224,913.703265100718,37.728590965271,1861.76159217954,6.33563220500946,1376.28771498799,69.1633582115173,4380.6479550302,0,0,0,2382.07433977723,0,0.540714204311371,0,1.02371823787689,1.77948689460754,0,0,1.25839495658875,0,0,145.918317615986,114.930386871099,0,0,0,1.56044635176659,0,216.842781424522,0,27.834912031889,0,165.743249714375,0,0,0,50.8202169537544,0,30.1454994976521,0,538.263386577368,0,4.67532497644424,0,1400.07249960303,0,0.670936822891235,0,0,0,13.6616261601448,0,0,0,88.7551679909229,0,0,0,0,0,0,0,0,0,0.444665044546127,0,0,0,0,0,0
23.3734197616577,0,1.23271656036377,0,0.464644551277161,0,3.30312120914459,0,1.26756680011749,0,0,0,0.919910073280334,0,3.04421505331993,0,1.42485237121582,0,0.735337257385254,0,2.59900218248367,0,0,0,0,0,0,0,89.6167343556881,0,0.969973087310791,0,0.870720714330673,0,63.6051875650883,61.1790007948875,1377.34709784389,25.3648896813393,1795.44632577896,0.953093647956848,328.636315584183,0,828.953543514013,162.522758066654,581.237977832556,13.9557436108589,5337.25986656547,9.51988351345062,850.854811698198,1.50697410106659,2352.6605682373,0,2400.87409758568,0,0,11.0864391922951,1.69871416687965,0,21.554172962904,0,39.3611099421978,0,7.76102092862129,0,43.9225435554981,0,313.793595224619,136.889290034771,0,0,8.01466974616051,0.927205502986908,180.466591477394,0,12.7142372727394,0.579345226287842,262.168001741171,0.757632970809937,0,0,72.1594783365726,0,120.513192653656,0,456.834581822157,0,728.466627031565,0,4282.03130409122,1.98349094390869,41.8991986811161,0,0,0,6.89675861597061,0,9.62615016102791,0,211.514874279499,0,0,0,0,0,0.81635719537735,0,0,0,0,1.59132134914398,0,0,0,0,0,0
0,0.392591238021851,0,0,0,12.1545015573502,0,4.31241023540497,0,7.97140258550644,0,0,0,0,0,14.328225851059,0,2.33652830123901,0,0,0,4.14887034893036,0,0,0,2.16868525743484,0,2.41417235136032,2.09006857872009,24.8161630630493,0,0,0,5.13689637184143,21.135769456625,40.8219230473042,20.5693746805191,1373.27441428602,2.08436036109924,1685.42373853922,0,1033.58248963952,110.525297641754,558.088512927294,53.5620433986187,637.365782350302,39.7483769357204,4693.16436678171,15.5685661435127,306.793390929699,27.2147224545479,1003.71839401126,5.18305277824402,2382.07433977723,11.0864391922951,0,0,2.68788599967957,0.899088025093079,2.55111739039421,2.08144235610962,6.31843838095665,0,2.53390598297119,0,17.5989000499249,71.0101578235626,242.228107184172,0,0,1.56597602367401,12.5546270012856,1.78430891036987,170.566011220217,1.19632816314697,18.480603069067,10.7400564551353,191.542554736137,0,0,0,18.3860703110695,0,153.571394443512,3.27695775032043,506.457771480083,0,567.746445536613,6.86313915252686,4071.93719398975,0,8.88320577144623,0,0,0,4.14066338539124,0,0,0,349.662133038044,0,0,0,0,0,0,0,0,0,1.3070513010025,0,0,0,0,0,0
11515.7214026451,112.638015598059,421.558209836483,28.6864604949951,0,0,239.644193947315,14.7304881513119,1.86539483070374,0,257.1338506639,0,249.380968928337,0,11.0787562131882,0,2162.30771273375,13.9795588254929,517.117151319981,150.767161101103,0,0,17.8218524456024,0,0,0,0,0,1391.41533124447,3.57104980945587,3.66432845592499,0,44.8470708727837,69.0691059231758,13.75817912817,2.13033705949783,328.141016662121,9.38754284381866,205.372913002968,4.6633095741272,5.10646969079971,2.23118615150452,0,0,2.67223632335663,0,13.2212293148041,0.599430739879608,7.88887846469879,0,27.2071525454521,0,1.77679860591888,0,1.69871416687965,0,0,123.617572069168,1320.37358081341,45.0634776949883,6601.90017083287,15.4836140573025,2595.34584927559,81.3312783837318,161.954264134169,0,437.412578165531,224.8146879673,1364.98374778032,132.47626003623,1679.55994448066,32.0899728536606,1395.18475264311,31.5079264640808,369.597072213888,10.9094179272652,2764.71708896756,135.806727260351,93.2313146591187,3.25886279344559,390.889960169792,9.60278880596161,11.3597176969051,0,426.556796938181,0,1.20054805278778,0,109.596775650978,0,0,0,0,0,146.161402493715,0,33.1714617609978,0,0,0,0,0,1.3767192363739,0,12.9998480677605,1.16157591342926,6.26614850759506,0,8.80936178565025,16.4406376481056,0,0,0,0,0,0.788755238056183
22.5897042453289,13310.1452974975,1.51090344786644,537.294005781412,0,0,0,957.631259799004,0,4.95270144939423,1.39163172245026,269.182642132044,0,135.284534901381,0,16.1565209627151,7.09214985370636,2629.95765420794,56.3959946632385,493.997111529112,0,0,0,37.702585041523,0,0,0,0,20.5635653138161,368.368027418852,2.62084978818893,0,67.9711141586304,84.5794763565063,2.69964277744293,2.69063925743103,8.23124420642853,248.641442924738,10.2929679751396,114.579536795616,0,2.31229919195175,0,0,1.61630684137344,7.77078393101692,1.4816826581955,61.1561237573624,0,26.2575641870499,0,127.593244493008,0,0.540714204311371,0,2.68788599967957,123.617572069168,0,81.6962879896164,638.52157574892,67.1364997625351,2858.25212037563,57.0420719981194,2893.74301114678,0,341.156475096941,491.854567497969,319.105995774269,125.4519071877,2103.79956489801,45.1025938391685,576.022798985243,17.6774303615093,1834.60783526301,4.94421482086182,403.006622582674,204.774177372456,1935.65978518128,2.47209590673447,14.014376938343,13.23450922966,195.90604531765,0,0.462368160486221,1.45149731636047,79.2719465792179,0,0,0,77.0664865970612,0,0,0,0,2.60862302780151,152.478483557701,1.78452664613724,2.72382509708405,0,3.62956511974335,0,0,0,0,2.01709219813347,22.7194115519524,1.80018925666809,0.589471578598022,22.1960457265377,44.3970142900944,1.44990420341492,0,0,0,0,2.81569668650627
529.463831454515,12.7531577646732,369.455671668053,0.625167727470398,0,0,94.8392278850079,0.927493512630463,0,0,53.4566983878613,0,48.3988793194294,0,0,0,121.71042495966,5.45520901679993,337.798599720001,5.18213254213333,0,0,2.19232702255249,0,0,0,0,0,600.356182336807,9.91442513465881,6.64855509996414,1.43579745292664,13.5367691516876,45.8803399503231,61.622792750597,49.9224557578564,323.397242307663,63.2449828982353,156.509311646223,2.9441699385643,25.5154814720154,0.714574038982391,19.7132766544819,48.2362175583839,179.970034897327,44.2334510087967,52.5609963536263,18.2152332663536,597.262114852667,24.0780224204063,1036.56088370085,15.8004640042782,13.4138415455818,0,21.554172962904,0.899088025093079,1320.37358081341,81.6962879896164,0,124.688404083252,4007.47005039454,55.1370395123959,457.284109801054,90.2756840586662,577.796084165573,27.3669596910477,1064.79213935137,674.103564739227,120.539826124907,29.6289348304272,171.051470249891,14.4303199350834,428.364269167185,72.6801363825798,68.1101907491684,9.71520256996155,821.219294518232,136.122611701488,88.647966504097,11.0194228887558,499.277572453022,34.9357812404633,25.824940174818,0,350.326965123415,7.06582510471344,3.08864158391953,0,137.000558793545,3.25493907928467,0,0,0,0,57.0170658528805,2.05728030204773,23.2597268819809,0,0,0,0,0,0,0,3.63949882984161,0,5.58464348316193,0,0,14.897677063942,0,0,0,0,0,0.652839243412018
1.43102544546127,329.942405641079,0,136.840900301933,0,0,0,113.113601863384,0,0,0,33.3672975897789,0,11.9868135750294,0,0,0,82.6189529001713,8.26099324226379,263.564035147429,0,0,0,3.41271609067917,0,0,0,0,42.5097804665565,189.590792536736,0.7726731300354,0,30.5245852172375,82.9829792380333,15.2679787874222,5.43153396248817,68.1756969690323,162.295272916555,2.55897605419159,83.5444021821022,0,10.7651065587997,8.42393720149994,4.78863430023193,12.3157085180283,96.6286846101284,2.44967156648636,44.0648988187313,6.58014753460884,346.239589184523,3.06946521997452,327.03987467289,0,1.02371823787689,0,2.55111739039421,45.0634776949883,638.52157574892,124.688404083252,0,148.554216474295,1033.85059824586,70.8039300143719,412.655571043491,5.32710158824921,539.504397571087,547.558828681707,378.582465410233,10.7513808608055,160.755923658609,32.0450566112995,116.149029195309,28.6054821014404,565.721559166908,1.90901809930801,156.390167802572,145.041507899761,804.673122346401,8.60531538724899,61.8463070690632,31.0983898639679,484.48306363821,0,8.81471914052963,3.3192510008812,109.86286008358,0,0,0,51.5939158201218,0,0,0,0,0,106.497496813536,0.636124908924103,0,0,0,0,0,0,0,0,7.74128502607346,0,0,10.7036564648151,21.4420628249645,0,0,0,0,0,0
2271.59358763695,15.3271223604679,143.243265211582,0,0,0,392.840910464525,0,0,0,408.538708150387,0,208.970686942339,0,1.78203111886978,0,567.067881166935,4.6707392334938,47.00837880373,5.98867619037628,0,0,0.536462306976318,0,0,0,0,0,374.428512603045,9.40312194824219,0.653056561946869,0.807497262954712,5.08462250232697,16.8164508342743,65.6866089105606,40.792433142662,356.014068633318,64.1292585134506,78.8118524849415,0,37.0839484333992,1.88256573677063,11.3826271295547,9.92471420764923,82.4162195622921,28.8338848352432,48.3084336221218,15.3131015300751,634.982272624969,24.9086430966854,1212.86728006601,7.6200847029686,22.090662509203,1.77948689460754,39.3611099421978,2.08144235610962,6601.90017083287,67.1364997625351,4007.47005039454,148.554216474295,0,85.9314548373222,4314.36399829388,66.6890382170677,2874.82664698362,57.9435143172741,727.902802795172,753.493163943291,11.6496633887291,10.5981519818306,355.691086620092,16.5779213309288,367.056756287813,78.7041867375374,51.6882431507111,18.1308676600456,914.775944590569,143.513727009296,28.9767763018608,6.56042420864105,529.192730277777,44.9498311877251,55.104804456234,0,1695.95288223028,1.49744594097137,17.5439201891422,0,452.514316469431,1.15688693523407,0,0,0,0,32.1179546117783,2.00931978225708,8.71867182850838,0,0,0,0,0,0,0,2.0118772983551,0,1.70976316928864,0,1.2539473772049,5.96438556909561,0,0,0,0,0,1.97173190116882
0,981.928923159838,0,180.67800450325,0,0,1.07485640048981,604.590240359306,0,7.49345278739929,0,598.393727183342,0,347.54297208786,0,9.21037858724594,0,352.118221402168,3.54078304767609,73.115346044302,0,0,0,11.0612983703613,0,0,0,0,7.09194201231003,125.461756676435,1.02810847759247,0,4.47564709186554,7.22901871800423,6.0157807469368,11.0554229021072,52.3167860507965,79.5094205737114,2.82529890537262,44.7113546133041,1.47143125534058,7.3091693520546,0,4.03809827566147,11.2245030403137,57.0542857050896,7.01867890357971,26.0923622250557,3.74064648151398,328.0144520998,1.34409987926483,698.897448122501,0,0,0,6.31843838095665,15.4836140573025,2858.25212037563,55.1370395123959,1033.85059824586,85.9314548373222,0,29.5346358418465,3101.43324756622,7.57810711860657,3195.96172463894,205.865448445082,209.244259089231,3.43818926811218,5.30973452329636,7.09238618612289,114.33919686079,14.9305717349052,257.744581490755,0,35.1365528106689,74.7509874999523,241.044383645058,1.95457339286804,33.1784839332104,12.2535395920277,357.259863764048,0,1.77858328819275,2.20931893587112,344.845893621445,0,0,0,141.390701144934,0,0,0,0,0,21.8329441249371,0,0,0,0,0,0,0,0,0,2.14154690504074,0,0,0.691994190216064,0.483849883079529,0,0,0,0,0,0
503.690146058798,16.9648167192936,61.7249118983746,0.986862182617188,0,0,127.866533517838,0.571582734584808,0.74980217218399,0,529.349396824837,0,420.53650200367,0,1.82933074235916,0,1662.54167488217,2.07317823171616,46.3188735544682,3.01500630378723,0,0,5.8954501748085,0,0,0,0,0,744.637350916862,2.47586780786514,0,0,4.5865843296051,15.6083382368088,27.3157923817635,10.9287171363831,126.859158396721,30.4276394844055,51.7058197259903,0,2.89010745286942,0,8.47638326883316,0,24.0072698891163,4.51624751091003,14.4415167570114,7.27841854095459,66.7412588596344,10.4053927659988,103.684101223946,2.59226197004318,2.19078397750854,0,7.76102092862129,0,2595.34584927559,57.0420719981194,457.284109801054,70.8039300143719,4314.36399829388,29.5346358418465,0,46.5734920203686,555.078623086214,18.3211849927902,421.879394680262,359.466344922781,44.7674221396446,22.9099981784821,296.871735751629,11.8338947892189,228.113900899887,32.0024468302727,25.335896551609,7.45100617408752,567.102725237608,62.2245995700359,195.947486281395,6.27561938762665,3255.3448036015,14.507964193821,55.7075453698635,0,1635.25500670075,0,7.39276522397995,0,107.577833533287,1.14128410816193,2.5388765335083,0,0,0,27.1399802267551,0,12.1440826654434,0,0,0,0,0,0,0,0.913418829441071,0,0,0,0.74920529127121,3.35294261574745,0,0,0,0,0,0
2.17902779579163,498.659832537174,0,254.638780504465,0,1.53863441944122,0,309.447252780199,0,13.7714926600456,0,789.370161890984,0,525.636938214302,0,46.3213898539543,1.00303304195404,2537.27426999807,2.96475905179977,69.501915037632,0,1.74739217758179,0,39.6598160266876,0,0,0,0,16.0647713541985,586.78587436676,0.998154878616333,0,19.9667665958405,14.5952926576138,11.903420984745,16.031898021698,19.5427982807159,28.7116528153419,0,18.3341761827469,0,4.6022675037384,0,1.3998082280159,5.99820154905319,47.0365366339684,0.579152584075928,10.9512107372284,2.14986789226532,127.768410235643,1.49990940093994,135.703481376171,0,1.25839495658875,0,2.53390598297119,81.3312783837318,2893.74301114678,90.2756840586662,412.655571043491,66.6890382170677,3101.43324756622,46.5734920203686,0,4.49090492725372,1425.93489593267,351.206651449203,415.047105580568,15.7723813354969,57.1875525712967,21.1492035984993,251.219336390495,15.7322809100151,621.551515966654,2.32223612070084,32.4689384698868,142.914815932512,272.837294667959,2.1652250289917,64.3835259079933,19.2713652849197,2449.75977265835,0,6.61928063631058,2.3712831735611,675.901328623295,0,1.91080343723297,0,87.1823817193508,0,0,0,0,0,22.2795986831188,0,0,0,0,0,0,0,0,0,1.07925057411194,0,0,0.547539710998535,1.39757215976715,0,0,0,0,0,0
473.546876013279,0,35.1366149783134,0,0,0,126.396736085415,0,0,0,47.6777369976044,0,37.4573287367821,0,0,0,30.1636750102043,0,8.06517887115479,0,0.598988652229309,0,0,0,0,0,0,0,78.5228155553341,0,0,0,0,0.546929061412811,8.80203431844711,5.81985557079315,176.755075216293,14.5941379666328,17.7357801795006,1.77130198478699,22.1060543656349,0,2.95153546333313,4.40336036682129,15.3596895337105,9.56279671192169,16.0290542244911,1.17662584781647,67.4147363603115,2.46263355016708,658.177315801382,3.45657229423523,37.1832400560379,0,43.9225435554981,0,161.954264134169,0,577.796084165573,5.32710158824921,2874.82664698362,7.57810711860657,555.078623086214,4.49090492725372,0,18.8995848894119,84.3877901732922,109.056687951088,0.495827823877335,0.487532109022141,56.6735982596874,1.15872800350189,155.614317566156,3.62924945354462,25.4283297657967,0.562757134437561,177.224247455597,22.8911173939705,4.32123708724976,1.48615443706512,625.315767377615,1.50362551212311,46.1451559960842,0,4985.82875141501,0,22.8924763798714,0,724.159865736961,0.88859361410141,0,0,0,0,8.60242819786072,0,4.38016772270203,0,0,0,0,0,0,0,0.426538228988647,0,0,0,0,0.756664037704468,0,0,0,0,0,0
0,568.827132582664,0,133.819653660059,0,0,0,827.642060339451,0,1.06881821155548,0,379.89381057024,0,354.469342082739,0,2.10383349657059,1.09271323680878,72.9405847191811,0,59.0046610236168,0,2.05560171604156,0,8.9320028424263,0,0,0,0,10.1521985530853,85.1379663646221,0,0,0,2.96088707447052,30.074898660183,34.9364734888077,67.2823668122292,181.981332182884,3.04743540287018,43.6518696844578,0,15.2842946052551,4.61857175827026,6.6820809841156,20.2784001231194,162.44480407238,7.09425842761993,29.775222837925,19.6521503031254,884.416599214077,14.201486825943,2066.82026305795,0,0,0,17.5989000499249,0,341.156475096941,27.3669596910477,539.504397571087,57.9435143172741,3195.96172463894,18.3211849927902,1425.93489593267,18.8995848894119,0,190.367570191622,212.089764535427,0,4.5317647755146,4.59505817294121,67.5041518211365,19.9723396897316,339.034394860268,0,73.9184930920601,59.2456170916557,319.532072991133,0.937989950180054,38.0617978870869,3.43581056594849,1900.29974457622,0,16.5103623867035,7.37949711084366,2845.95597532392,0,0,3.48251509666443,642.689313203096,0,0,0,0,0,23.8989469408989,0,0,0,0,0,0,0,0,0,5.50472289323807,0,0,1.69868755340576,0.651688277721405,0.746201276779175,0,0,0,0,0
194.807143688202,298.757193386555,340.6262832582,38.1461401879787,3.87007164955139,0,58.5670156180859,19.4012142419815,0,0,56.637424826622,0.705065369606018,28.5570369958878,0,8.75854444503784,0,90.4769694805145,48.1511407792568,3472.24991133809,483.694331377745,6.65309351682663,1.29837369918823,724.442196846008,0.969953894615173,20.3231491446495,0,12.0963338017464,0,433.886551886797,34.6483772397041,723.534193843603,27.4636017680168,4312.29398912191,817.511787652969,1763.29917621613,356.85032132268,944.86316627264,416.560913562775,853.396959960461,68.8389616310596,77.7579408884048,29.6675364971161,1948.08185237646,569.14281642437,2259.35418060422,873.682242006063,2009.72932776809,307.082657456398,867.653327047825,339.714801281691,416.545400887728,206.113212645054,53.6892458200455,145.918317615986,313.793595224619,71.0101578235626,437.412578165531,491.854567497969,1064.79213935137,547.558828681707,727.902802795172,205.865448445082,421.879394680262,351.206651449203,84.3877901732922,190.367570191622,0,4129.99879142642,2398.94949692488,551.448314875364,410.813560903072,117.080025911331,499.578182607889,280.443655133247,90.5039165914059,85.2713514566422,1780.27465879917,763.396577566862,83.3097874820232,22.6506060957909,627.680407196283,238.520343184471,49.4314206242561,0.885504364967346,296.066415965557,31.6432304978371,37.8655099272728,0.758309721946716,355.336374908686,61.0033968687057,0.568752408027649,0,0,0,61.9545561373234,15.0871179103851,68.2366004884243,0,1.14425885677338,6.72218507528305,2.07503056526184,0,0,0,4.28964477777481,0,4.77961122989655,0,4.14032191038132,17.3788012862206,0,0,0,0,0,1.32137823104858
42.2630589902401,113.242442041636,16.0825932025909,220.481849163771,0,1.53193372488022,3.40609768033028,8.50390776991844,0,0.731332421302795,1.60963380336761,17.4948348999023,0,3.32018792629242,0,4.95890629291534,10.0951618552208,65.784436583519,150.514209061861,1829.18412214518,6.49614006280899,5.799789249897,1.11308607459068,470.766842335463,0,4.42173647880554,0,5.66430044174194,245.497715383768,115.586565792561,31.48650598526,814.328713923693,289.072828501463,4793.57239106297,324.935165464878,1608.11288934946,796.703586190939,1141.90353757143,122.88801574707,1070.58890587091,65.5776286125183,101.338722884655,523.291803896427,1703.1122302115,1021.2101674974,3485.1642588973,405.042821526527,1487.16155517101,579.106328636408,608.73653459549,533.573029458523,352.559874147177,60.3161516189575,114.930386871099,136.889290034771,242.228107184172,224.8146879673,319.105995774269,674.103564739227,378.582465410233,753.493163943291,209.244259089231,359.466344922781,415.047105580568,109.056687951088,212.089764535427,4129.99879142642,0,195.504935353994,868.859750419855,119.196482986212,146.995113581419,262.15319699049,464.333108335733,9.20460957288742,149.948406815529,839.700251609087,1233.33635991812,35.4120853543282,83.3841395974159,247.824054837227,820.751204043627,8.66653043031693,19.7806559205055,133.627364188433,240.507330209017,2.98463159799576,20.1111271679401,270.173825263977,160.343170195818,0,0.597490072250366,0,0,4.75879615545273,111.628014087677,8.91531670093536,0,0,7.03515845537186,0,0,0,0,0,10.7287181615829,0,0,6.10092860460281,22.4512909352779,0,0,0,0,0,0
790.00434705615,543.134800225496,183.248451471329,80.9874038696289,0,0,37.321865350008,53.0413802862167,0,0,42.6647506058216,6.10106897354126,48.3349351882935,0,1.12747800350189,0,109.663930594921,15.1598450541496,2886.91012364626,788.620715081692,0,0,2.35226821899414,2.70971781015396,0,0,0,0,220.078516125679,0.714131414890289,20.8499777317047,7.07892841100693,681.179421186447,334.523461312056,0.629100501537323,0.822000622749329,236.416671305895,10.4488879442215,184.645091116428,5.31793630123138,0.645977258682251,0,0,0,0,0,2.09604489803314,0.7870192527771,0,0,0,0,0,0,0,0,1364.98374778032,125.4519071877,120.539826124907,10.7513808608055,11.6496633887291,3.43818926811218,44.7674221396446,15.7723813354969,0.495827823877335,0,2398.94949692488,195.504935353994,0,356.666564911604,697.98009544611,84.815163642168,520.15545591712,39.076888024807,259.798048198223,13.8889449834824,2240.55538496375,198.658017814159,3.33776885271072,0,11.7860405147076,0,0.84714275598526,0,0.632120251655579,0,0,0,0,0,0,0,0,0,114.775565713644,0,30.0967625677586,0,0,0,0,0,0,0,7.23915562033653,0,2.90363156795502,0,0,18.0229751467705,0,0,0,0,0,3.87874945998192
54.5303903520107,1194.81918174028,6.09940931200981,309.988470524549,0,0,0,17.4563059806824,0,0,3.65093630552292,20.1628571748734,0,1.39498978853226,0,0,10.6030542850494,128.093557447195,144.722645163536,2783.3182169795,0,0,0,9.11630064249039,0,0,0,0,12.4813917279243,26.3028804063797,5.24039077758789,1.489386677742,179.451904058456,578.610869377851,6.66358414292336,0,8.68485963344574,77.3039932250977,5.29671055078506,30.6257381439209,0,0.828704714775085,0.835868954658508,0,1.94185328483582,0,3.23149186372757,9.70386406779289,0,1.44109278917313,0,3.74752819538116,0,0,0,0,132.47626003623,2103.79956489801,29.6289348304272,160.755923658609,10.5981519818306,5.30973452329636,22.9099981784821,57.1875525712967,0.487532109022141,4.5317647755146,551.448314875364,868.859750419855,356.666564911604,0,37.5166652500629,212.041593134403,22.1086432933807,239.924900978804,4.10860580205917,92.5892036855221,90.7122965157032,1082.8838237226,2.19680005311966,0.597500383853912,2.22072809934616,9.25683033466339,0,0,0,0,0,0,0,0.648652136325836,0,0,0,0,0.490010559558868,57.5121710300446,0,0,0,0,0,0,0,0,0,5.7172304391861,0,0,17.4846648573875,17.151655882597,0,0,0,0,0,2.78938323259354
4833.39603865147,169.62953555584,2401.10728260875,404.127887248993,1068.49628210068,263.478713780642,4159.49610063434,466.755814671516,2006.25700211525,280.402003258467,747.963293761015,40.1737425923347,2240.48933133483,76.6767491102219,1412.6957988739,133.685946553946,331.458407700062,15.1672350168228,2101.17561081052,560.015848726034,442.633870840073,196.417030453682,2697.16881546378,1244.23992103338,454.759189039469,369.425428688526,755.850418746471,346.879605472088,619.821679532528,16.3292076587677,733.146981656551,352.430079370737,209.269351065159,161.772321760654,37.7650155425072,7.43188834190369,433.647719502449,18.6607500314713,247.190752148628,9.98037105798721,205.553039610386,80.2537394165993,17.8994734883308,0,8.30788072943687,2.51076239347458,32.0504747331142,0.689625084400177,13.6290907561779,1.26299571990967,25.6368630230427,0,3.13771694898605,0,8.01466974616051,1.56597602367401,1679.55994448066,45.1025938391685,171.051470249891,32.0450566112995,355.691086620092,7.09238618612289,296.871735751629,21.1492035984993,56.6735982596874,4.59505817294121,410.813560903072,119.196482986212,697.98009544611,37.5166652500629,0,545.996909797192,4702.05662471056,151.899859279394,3261.62418547273,130.307176589966,7437.61637574434,346.531626164913,26.0619129240513,1.21353483200073,139.925385206938,12.0096051692963,38.1347315907478,1.60991722345352,186.848154783249,8.43200957775116,17.9873237609863,4.29335427284241,63.6449756920338,5.50942200422287,32.0844240784645,17.9431718587875,37.0614921748638,3.45053005218506,330.91060769558,47.5501106083393,98.284223139286,9.32186436653137,32.7927906513214,6.85141980648041,33.9184466004372,4.43009340763092,45.5831619501114,29.8969259858131,112.923921108246,41.8301191031933,20.5855064988136,8.14423990249634,96.0317004621029,71.3563865125179,12.0123156309128,0,4.56312933564186,2.45323979854584,1.04290509223938,31.5221253633499
103.899961769581,2853.79890456796,357.852043181658,2287.80736604333,118.527553528547,779.968644976616,408.812757372856,3555.67220616341,119.701902329922,1909.96014213562,11.4909040927887,596.655038684607,88.2478885650635,1127.81953179836,49.7298604846001,1153.76602011919,3.05425369739532,329.842532396317,502.761102408171,1079.23626643419,75.6355905532837,441.809294819832,1154.20333874226,2471.25081425905,174.176191300154,557.259753674269,159.219232141972,783.912492543459,33.5828788876534,162.145080447197,229.724366366863,349.828589975834,102.934241116047,156.074952721596,4.89752745628357,5.62474226951599,26.5523781776428,348.4096365273,10.0034148693085,40.2607234120369,35.4715924859047,247.545967400074,3.90648183226585,4.88869205117226,2.66923832893372,11.5043008029461,1.34067857265472,26.3065218031406,0,5.45129942893982,0,16.0197035968304,0,1.56044635176659,0.927205502986908,12.5546270012856,32.0899728536606,576.022798985243,14.4303199350834,116.149029195309,16.5779213309288,114.33919686079,11.8338947892189,251.219336390495,1.15872800350189,67.5041518211365,117.080025911331,146.995113581419,84.815163642168,212.041593134403,545.996909797192,0,167.883114337921,4698.76199427247,42.8376690745354,4965.06164371967,164.93800291419,7790.66243603826,1.2165539264679,0,6.8205109834671,63.7365477085114,0,6.46225064992905,7.18613505363464,109.226649999619,3.70987617969513,12.2242950201035,0.559510707855225,64.7193914651871,13.8167607784271,40.4392736554146,25.7512961626053,31.2352970540524,32.8126457035542,247.987156152725,18.9426306784153,12.7564612030983,14.9386808276176,16.8974751830101,15.2669080495834,14.6527106761932,33.1091734170914,90.8213590979576,55.762421131134,155.260274738073,14.7709094882011,8.80469515919685,273.073606222868,76.3436052799225,26.4194124937057,0,3.29189944267273,1.77715647220612,12.5650560855865,51.0139405429363
2031.60945212841,44.2082034349442,1993.53486257792,115.916963458061,761.728923887014,8.25820827484131,1422.56071999669,78.7857593894005,1564.35910016298,34.6967571675777,378.048822164536,7.23227471113205,1670.9854888916,8.14908796548843,2857.68456459045,7.7065681219101,383.910862773657,9.79932063817978,1216.86666423082,254.573216021061,217.108297765255,2.4006422162056,1426.85447719693,382.272651612759,199.626284986734,41.6994642019272,288.44079169631,7.94934928417206,2033.92572504282,10.477971971035,89.8834502100945,100.129578411579,75.5352236330509,58.6338709592819,44.9426176846027,29.7652066349983,566.079738795757,60.850466966629,150.28412848711,1.7079975605011,718.560995638371,21.5527564287186,254.594918936491,29.0173579454422,216.494156301022,13.2444500923157,445.917205065489,11.4708132147789,303.389519989491,4.25499790906906,521.381825715303,6.07413816452026,86.690497726202,0,180.466591477394,1.78430891036987,1395.18475264311,17.6774303615093,428.364269167185,28.6054821014404,367.056756287813,14.9305717349052,228.113900899887,15.7322809100151,155.614317566156,19.9723396897316,499.578182607889,262.15319699049,520.15545591712,22.1086432933807,4702.05662471056,167.883114337921,0,31.6287778019905,2168.35106563568,42.0274928808212,2405.99456113577,50.9366421103477,26.4086747765541,0,295.296989649534,13.2334908246994,211.438174366951,0,302.714344203472,2.27295279502869,67.0676200985909,0,227.389053493738,0,35.2616836726665,15.5982344150543,27.1783992052078,2.63121497631073,142.825002878904,14.4892064929008,40.0817002058029,0.812153041362762,25.1860449314117,2.8363184928894,13.3465238213539,0.775034606456757,26.7628103196621,15.9184408783913,41.9535229802132,14.9577519893646,6.41208133101463,0,49.7146610319614,37.584114998579,4.3325757086277,0,0,0,0.417911499738693,19.6424651443958
50.4188489615917,2089.88078135252,76.9620336592197,2982.91082653403,27.7321834266186,457.12606677413,86.7390275001526,1905.63220956922,30.375004529953,1030.59681379795,7.80245661735535,799.417634248734,4.60805433988571,2286.89618214965,4.94088584184647,2638.80826973915,3.9344345331192,1523.82585445046,231.202308773994,1000.94291982055,9.48740392923355,223.689609825611,260.392500817776,1808.16424447298,27.1107727885246,154.057424634695,32.6018969118595,248.512985408306,8.55559894442558,3394.3318502903,63.6966672539711,79.7765056490898,31.2180283665657,85.3440117537975,23.5140959024429,60.9340746998787,87.2723925113678,419.294404804707,14.8119834661484,71.8554703295231,11.5221109986305,1237.69836050272,80.2520726323128,246.564433038235,23.2780894637108,416.704401344061,30.3438746929169,628.435815602541,17.0378847718239,338.152639716864,20.728204369545,572.00826895237,0,216.842781424522,0,170.566011220217,31.5079264640808,1834.60783526301,72.6801363825798,565.721559166908,78.7041867375374,257.744581490755,32.0024468302727,621.551515966654,3.62924945354462,339.034394860268,280.443655133247,464.333108335733,39.076888024807,239.924900978804,151.899859279394,4698.76199427247,31.6287778019905,0,22.1687397360802,2348.06360936165,114.589863359928,1394.06859850883,2.06995844841003,216.013652294874,16.9196761250496,1437.17922690511,0,543.682973980904,2.08369374275208,1164.62783876061,0,138.96363645792,0,526.478031128645,4.58558851480484,21.7364740967751,5.6768656373024,5.32412940263748,9.92590832710266,55.5973416864872,6.29712480306625,1.24050176143646,6.18501329421997,58.6044937372208,1.02557975053787,5.26979422569275,8.89660581946373,22.2728777229786,3.76499357819557,33.7178338170052,7.47326064109802,3.43481397628784,40.024546444416,12.1571047306061,2.76113039255142,0,0.757350385189056,0.867118716239929,0.56026691198349,8.43127012252808
676.1308349967,8.85801309347153,538.651450306177,21.1978498697281,38.1432446241379,0,367.691941320896,12.8525530695915,116.354857772589,0.622154772281647,89.4523581266403,0,315.470662951469,2.0080406665802,302.706341385841,1.0815201997757,61.1516180634499,0.726852178573608,366.988911807537,60.6858949065208,11.9568268656731,1.03250288963318,318.153378427029,45.081323325634,13.3537586331367,0,3.82564866542816,0.543068945407867,96.2980012893677,0.585859835147858,22.8579527139664,15.9140995144844,9.92455077171326,12.5188428163528,4.26661515235901,0,1202.99104580283,30.3514774143696,139.220966607332,7.55887454748154,401.260369837284,12.8962704539299,4.32853108644485,0,7.96826958656311,0,12.1925010681152,0,10.8828254342079,1.19473683834076,18.5298216640949,0,1.57567453384399,0,12.7142372727394,1.19632816314697,369.597072213888,4.94421482086182,68.1101907491684,1.90901809930801,51.6882431507111,0,25.335896551609,2.32223612070084,25.4283297657967,0,90.5039165914059,9.20460957288742,259.798048198223,4.10860580205917,3261.62418547273,42.8376690745354,2168.35106563568,22.1687397360802,0,68.1626183986664,1657.91953203082,48.0620923936367,1.85805147886276,0,18.4294210076332,1.71376705169678,2.45280832052231,1.67673963308334,36.2591427564621,0,8.2793647646904,0,36.0478593409061,0,66.8136187791824,120.465024381876,100.396332353354,23.4294270277023,330.719473987818,71.3460184037685,101.72151184082,22.9326692819595,64.2374781370163,30.3174755573273,50.1083092987537,35.0408977270126,89.3703175187111,140.033490121365,149.936292678118,83.5053564012051,27.1260420084,10.4527814090252,111.829863220453,82.8244682848454,20.2998231053352,1.26181387901306,5.19940006732941,1.10294091701508,1.47084313631058,50.1606646478176
19.525437951088,978.128115057945,29.1726245880127,976.102427989244,0,37.5413348674774,14.934558570385,833.365242213011,4.45522958040237,214.211845457554,1.54118728637695,96.1238557696342,2.90148371458054,362.106608748436,0,289.742364615202,0,84.3332145810127,88.1590095758438,481.135299324989,12.4362275004387,8.54824900627136,68.3473261296749,651.43717828393,6.93911927938461,22.5063214302063,4.075619161129,11.0793494582176,2.17378145456314,46.6938127875328,18.755320250988,20.4974988102913,15.8546926379204,28.9699545204639,7.34169146418571,6.14397764205933,65.4977622628212,1273.9352787137,48.7660820782185,88.548196464777,46.9278408288956,504.554867148399,5.84152260422707,40.3142718970776,0.989064812660217,95.1882303059101,4.09794110059738,75.9000498652458,3.66092932224274,69.3343898653984,2.22879683971405,114.42723736167,0,27.834912031889,0.579345226287842,18.480603069067,10.9094179272652,403.006622582674,9.71520256996155,156.390167802572,18.1308676600456,35.1365528106689,7.45100617408752,32.4689384698868,0.562757134437561,73.9184930920601,85.2713514566422,149.948406815529,13.8889449834824,92.5892036855221,130.307176589966,4965.06164371967,42.0274928808212,2348.06360936165,68.1626183986664,0,73.08409512043,1507.79088872671,0,7.28450036048889,0,66.1499738097191,1.62863790988922,5.70264852046967,0,124.085404366255,4.90048307180405,13.1635440587997,3.74222147464752,79.1288768351078,122.394585043192,83.9314827620983,139.758769124746,34.845231115818,52.0390878021717,207.764811128378,57.8034717440605,29.2727255821228,73.2316799759865,32.5879302620888,70.8130291700363,24.8849362432957,131.863121330738,178.094235420227,117.211394995451,211.01183962822,28.6760521531105,20.6647513508797,190.68239197135,37.9034942388535,38.9194340109825,1.09809648990631,4.53332012891769,2.29006147384644,11.6057004928589,35.6810428202152
3822.17592546344,395.795765072107,2167.50779923797,140.670762211084,32.3990382254124,0,2148.54905802011,136.343788534403,209.956684112549,0,401.170682698488,17.6781582832336,1300.21054905653,6.25232833623886,458.149114519358,0.581926763057709,397.288643121719,44.7506042122841,3052.54503437877,674.750059902668,16.7503470182419,2.58108389377594,1077.68364179134,127.659670233727,20.7177706360817,0,5.42490136623383,2.10364180803299,514.792457848787,21.5034008622169,123.536145627499,67.8427777886391,139.575762927532,117.96332603693,330.02446731925,82.6028900742531,4312.54928401113,114.898202240467,356.387121766806,22.047262609005,272.523919820786,0.754686713218689,426.780807286501,40.5640946626663,507.029335439205,30.5982755124569,784.375864595175,34.7860949337482,605.774941951036,26.5252114832401,662.365535289049,10.9630233943462,135.452998816967,0,262.168001741171,10.7400564551353,2764.71708896756,204.774177372456,821.219294518232,145.041507899761,914.775944590569,74.7509874999523,567.102725237608,142.914815932512,177.224247455597,59.2456170916557,1780.27465879917,839.700251609087,2240.55538496375,90.7122965157032,7437.61637574434,164.93800291419,2405.99456113577,114.589863359928,1657.91953203082,73.08409512043,0,363.419100701809,31.4598554372787,12.0451575517654,340.02043068409,77.8558411002159,93.0944103002548,0,267.822867870331,11.8459629416466,160.639119267464,0,235.51792666316,6.47677463293076,81.2665747404099,52.0566831827164,131.446274876595,16.9412142038345,1012.39798268676,60.0326000750065,413.803494304419,5.16950857639313,66.5501917898655,22.7035497426987,79.1593690812588,14.4376066923141,174.216161489487,48.4510897397995,401.292941629887,113.464316368103,72.8732522130013,10.6282811164856,635.661708891392,1249.02662813663,29.5018143355846,0,18.2791214585304,22.3097822070122,5.95355075597763,149.499115765095
140.77106025815,5297.53975048661,62.8387994766235,3233.73754933476,0.986336946487427,43.8706408441067,49.0090175569057,2655.60809898376,9.20760136842728,349.670615196228,7.0862939953804,350.626568466425,10.9721582531929,846.174305617809,0.68019038438797,277.493535101414,13.6878041028976,251.401886671782,383.082091242075,2755.72023892403,15.506411075592,8.93731224536896,79.7928699553013,1603.60177862644,3.81300234794617,21.8737087249756,7.1921501159668,10.1657079160213,50.1736415028572,97.5894167423248,45.8362649083138,53.6686895191669,71.4001190662384,209.845756530762,48.8409734666348,163.73750859499,192.589908629656,4895.11577704549,69.623941719532,219.055161297321,2.68204164505005,168.317746281624,79.3288562297821,258.253333806992,35.6949317157269,775.416439175606,30.765596807003,1095.10085940361,38.0529541671276,465.085625082254,19.8944551348686,565.999816298485,3.21877026557922,165.743249714375,0.757632970809937,191.542554736137,135.806727260351,1935.65978518128,136.122611701488,804.673122346401,143.513727009296,241.044383645058,62.2245995700359,272.837294667959,22.8911173939705,319.532072991133,763.396577566862,1233.33635991812,198.658017814159,1082.8838237226,346.531626164913,7790.66243603826,50.9366421103477,1394.06859850883,48.0620923936367,1507.79088872671,363.419100701809,0,11.9398914575577,12.3253240585327,54.7804947495461,164.143827050924,1.05250191688538,37.9866191148758,9.48705357313156,283.386473745108,0,49.2817976474762,6.56769847869873,319.601783365011,87.3742425739765,181.078233391047,117.166936993599,115.866980075836,110.864151388407,694.537199735641,81.6286509037018,42.7097874879837,78.7607361972332,67.4779603779316,55.0439804196358,29.4450155496597,98.3139980733395,330.540207237005,136.470640450716,423.85826125741,37.0447940826416,15.438848555088,735.066228866577,1045.28832554817,71.7477498948574,3.33557909727097,17.9157438874245,20.6420992910862,46.58724629879,121.263668894768
15.2523806095123,0,7.54671639204025,0,0,0,7.59439939260483,0,0,0,20.8904187083244,0,31.1324343085289,0,0.430108278989792,0,327.034383118153,0,4.31056562066078,0,0,0,0.667933225631714,0,0,0,0,0,394.91549757123,0,0.791584849357605,0,0,1.25268149375916,0.702808260917664,0.674345254898071,6.49303674697876,0,1.90030634403229,0,0,0,0,0,2.50581157207489,0.842970669269562,0.628536820411682,0,5.75035804510117,0.85627806186676,8.50912350416183,0,0,0,0,0,93.2313146591187,2.47209590673447,88.647966504097,8.60531538724899,28.9767763018608,1.95457339286804,195.947486281395,2.1652250289917,4.32123708724976,0.937989950180054,83.3097874820232,35.4120853543282,3.33776885271072,2.19680005311966,26.0619129240513,1.2165539264679,26.4086747765541,2.06995844841003,1.85805147886276,0,31.4598554372787,11.9398914575577,0,0,673.896331518888,1.77388644218445,3.47853511571884,0,17.3161665797234,0,0,0,1.14942014217377,0,0,0,0,0,3.8025296330452,0,0,0,0,0,0,0,0,0,1.04536724090576,0,0,0,0,0,0,0,0,0,0,0
0,8.55685490369797,0,5.48221057653427,0,0,0,2.4302105307579,0,0,0,0.664427816867828,0,3.00191754102707,0,0.771201312541962,0,148.294374704361,0,1.49642062187195,0,0,0,0.762218058109283,0,0,0,0,1.91468662023544,315.709636121988,0,0,0,0,6.12142860889435,2.81879723072052,10.6951514482498,2.54670077562332,0,1.09704554080963,0,0,1.27111864089966,1.61467087268829,1.27436900138855,10.7951249182224,0,0.682744801044464,0,31.6903666257858,0,28.0567370653152,0,0,0,0,3.25886279344559,14.014376938343,11.0194228887558,61.8463070690632,6.56042420864105,33.1784839332104,6.27561938762665,64.3835259079933,1.48615443706512,38.0617978870869,22.6506060957909,83.3841395974159,0,0.597500383853912,1.21353483200073,0,0,216.013652294874,0,7.28450036048889,12.0451575517654,12.3253240585327,0,0,3.04407489299774,1215.50672364235,0,0,0,15.3606951832771,0,2.96111762523651,0,2.80060759186745,0,0,0,0,0,0,0,0,0,0,0,0,0,0,0,0,0,0,0.805431425571442,0,0,0,0,0,0,0
225.874269545078,1.14070463180542,51.4599234759808,0,0,0,104.098312556744,0,2.16722905635834,0,421.344752669334,0,547.960090667009,0,10.1011210680008,0,1324.81760418415,1.60837662220001,42.8032385706902,0.647813141345978,0,0,8.39090737700462,0,0,0,0,0,1185.45067816973,0,2.42548936605453,2.13412570953369,1.714439868927,10.1682434082031,63.6575889289379,32.3016400933266,166.328770339489,40.9188054203987,50.9918379485607,1.2499897480011,14.8242449164391,0,115.133875519037,10.1408894658089,251.322428911924,4.4177628159523,147.041457563639,11.3097004890442,484.261583298445,2.4846208691597,714.472890406847,0.9855797290802,51.7173232734203,0,72.1594783365726,0,390.889960169792,13.23450922966,499.277572453022,31.0983898639679,529.192730277777,12.2535395920277,3255.3448036015,19.2713652849197,625.315767377615,3.43581056594849,627.680407196283,247.824054837227,11.7860405147076,2.22072809934616,139.925385206938,6.8205109834671,295.296989649534,16.9196761250496,18.4294210076332,0,340.02043068409,54.7804947495461,673.896331518888,3.04407489299774,0,9.85060977935791,1206.39742848277,0,5046.35629749298,0,115.09226411581,0,183.671530604362,1.26192367076874,0,0,1.34986054897308,0,12.5869724154472,0,9.01185417175293,0,1.92084413766861,0,0,0,1.49082279205322,0,0,0,0,0,0,3.52459740638733,0,0,0,0,0,0
0,58.0441050231457,0,98.1447449028492,0,2.53128319978714,0,181.019680142403,0,6.64859849214554,0,189.774887859821,0,182.686564326286,0,32.9943246245384,0,732.432600677013,0,23.3460692167282,0,1.09799289703369,0,33.0081599354744,0,0,0,0.666700601577759,7.73209381103516,1122.98995506763,1.10286605358124,0,4.35406869649887,8.85305243730545,48.2711324691772,50.1814737319946,60.7359802722931,102.213060110807,0,32.9735070466995,0,41.8527172803879,12.5651172995567,80.4880131483078,19.738833039999,615.104567229748,5.70625221729279,106.632037162781,1.77370405197144,578.251790106297,2.05579835176468,1314.43920943141,0,50.8202169537544,0,18.3860703110695,9.60278880596161,195.90604531765,34.9357812404633,484.48306363821,44.9498311877251,357.259863764048,14.507964193821,2449.75977265835,1.50362551212311,1900.29974457622,238.520343184471,820.751204043627,0,9.25683033466339,12.0096051692963,63.7365477085114,13.2334908246994,1437.17922690511,1.71376705169678,66.1499738097191,77.8558411002159,164.143827050924,1.77388644218445,1215.50672364235,9.85060977935791,0,0,1561.75507417321,0.612213790416718,6229.09089225531,0,194.350252747536,0,252.136844992638,0,2.34112811088562,0,0,0,10.9589196443558,0,0,0,2.83395847678185,0,0,0,2.47124379873276,0.561853051185608,1.43024396896362,0,0,0.688923001289368,0,0,0,0,0,0,0
22.9144431650639,0,27.2459421753883,1.22279906272888,9.78641092777252,0,11.7194445729256,0,16.1692487597466,0,76.8939919471741,0,27.3781245648861,0,78.0696236491203,0,50.5700565576553,0,26.295031607151,9.5529391169548,2.91087245941162,0,4.36839002370834,0.813820481300354,0,0,0,0,888.629330068827,0,2.05507338047028,0,0,0,8.41275310516357,6.89039325714111,389.630572915077,0,108.301408469677,0,726.005380511284,0,107.519327282906,1.36076104640961,79.5803478956223,0,248.664116501808,0,179.774724185467,0,309.5752569139,0,44.5927498340607,0,120.513192653656,0,11.3597176969051,0,25.824940174818,0,55.104804456234,0,55.7075453698635,0,46.1451559960842,0,49.4314206242561,8.66653043031693,0.84714275598526,0,38.1347315907478,0,211.438174366951,0,2.45280832052231,1.62863790988922,93.0944103002548,1.05250191688538,3.47853511571884,0,1206.39742848277,0,0,0,611.628557056189,0,952.818006515503,0,115.073193073273,0,1.3242435157299,0,0,0,0,0,0.646049022674561,0,2.90634936094284,0,0,0,0,0,0,0,0,0,0,0,0.912690460681915,0,0,0,0,0
0,0,0,3.51335483789444,0.797687590122223,31.2541874051094,0,0,0,44.6828366518021,0,0,0,7.26091408729553,0,77.4997480511665,0,1.67639243602753,0,0,0,80.9983452558517,1.39346593618393,2.68455749750137,2.14069545269012,2.46021169424057,0,21.8423012495041,0,647.721859544516,0,0.866825044155121,0,0,0.934823572635651,3.57930701971054,0,225.22628107667,0,194.960354804993,0.887611448764801,1057.00688290596,3.49585688114166,44.528717726469,0.495773375034332,48.9164830446243,0.542092502117157,85.7038418352604,0,37.7288464605808,0,108.475137919188,0,30.1454994976521,0,153.571394443512,0,0.462368160486221,0,8.81471914052963,0,1.77858328819275,0,6.61928063631058,0,16.5103623867035,0.885504364967346,19.7806559205055,0,0,1.60991722345352,6.46225064992905,0,543.682973980904,1.67673963308334,5.70264852046967,0,37.9866191148758,0,0,0,1561.75507417321,0,0,0,722.128204494715,0,631.153921753168,0,199.763156324625,0,0,0,0,0,0.809107065200806,0,0,0,7.80311661958694,0,0,0,0,0,0,0,0,0,0,0,0,0,0,0,0
1251.05254536867,0,82.5126420855522,0,0,0,555.491478979588,0,9.27594870328903,0,408.679380476475,0,447.723604559898,0,15.6493582725525,0,226.12821239233,0,29.6017211079597,0,4.53304558992386,0,1.10314404964447,0,0.772216618061066,0,0.699528872966766,0,374.185358524323,0,3.00580483675003,0,1.06338846683502,2.89463841915131,56.0740439593792,39.079026222229,273.51765742898,18.3214502930641,53.7978106439114,0,54.2637127935886,0,331.515661001205,33.2001528143883,302.969519048929,10.9764995574951,501.134975999594,7.34283149242401,633.387967765331,0.962937533855438,5110.02529403567,5.92389822006226,486.866289645433,0,456.834581822157,3.27695775032043,426.556796938181,1.45149731636047,350.326965123415,3.3192510008812,1695.95288223028,2.20931893587112,1635.25500670075,2.3712831735611,4985.82875141501,7.37949711084366,296.066415965557,133.627364188433,0.632120251655579,0,186.848154783249,7.18613505363464,302.714344203472,2.08369374275208,36.2591427564621,0,267.822867870331,9.48705357313156,17.3161665797234,0,5046.35629749298,0.612213790416718,611.628557056189,0,0,0,622.374872982502,0,4564.95542290807,0,4.59069475531578,0,0,0,13.1620067954063,0,3.89528167247772,0,13.342492878437,0,0,0,0,0,0,0,0,0,0,2.16452443599701,0,0,0,0,0,0
0,194.876936286688,0,84.1958626806736,0,37.0021303296089,0,658.674672216177,0.959991037845612,38.9909492135048,0,270.169914662838,0,247.20682990551,0,83.6590120792389,0,91.5359356105328,0,11.3073378503323,0.635945379734039,18.7790268063545,0,4.49649971723557,0,4.38826775550842,0,12.5029943585396,0,281.866182893515,3.11990791559219,2.90802681446075,1.14172995090485,0,16.6067357063293,38.8059900403023,30.8134383559227,508.065908789635,0,73.1736589074135,0,440.170498281717,62.9143932461739,285.383137226105,9.53173935413361,659.129301011562,8.7026270031929,737.17916110158,0.759324371814728,567.340298742056,8.28707802295685,6676.1106185317,0,538.263386577368,0,506.457771480083,0,79.2719465792179,7.06582510471344,109.86286008358,1.49744594097137,344.845893621445,0,675.901328623295,0,2845.95597532392,31.6432304978371,240.507330209017,0,0,8.43200957775116,109.226649999619,2.27295279502869,1164.62783876061,0,124.085404366255,11.8459629416466,283.386473745108,0,15.3606951832771,0,6229.09089225531,0,722.128204494715,0,0,0,894.049540698528,1.90844559669495,7251.0267893672,0,1.35424968600273,0,0,0,7.12965974211693,0,0.833535194396973,0,49.646704941988,0,0,0,0,0,0,0,0,0.605356335639954,1.43136990070343,0,0,0,0,0,0
0,0,2.15374571084976,0,9.7697725892067,0,0.605891585350037,0,11.478827893734,0,0,0,9.95759576559067,0,55.3530517220497,0,0,0,0,0,2.68451941013336,0,3.41623109579086,0,0,0,2.52748274803162,0,333.548785835505,0,0,0,0,0,14.1341589689255,2.87690156698227,1310.13861405849,1.83440208435059,146.837493181229,0,1146.83975660801,0,53.973213404417,0,10.560339063406,0,303.40590262413,0,30.5371970534325,0,107.289284199476,0,21.3568994104862,0,728.466627031565,0,1.20054805278778,0,3.08864158391953,0,17.5439201891422,0,7.39276522397995,0,22.8924763798714,0,37.8655099272728,2.98463159799576,0,0,17.9873237609863,3.70987617969513,67.0676200985909,0,8.2793647646904,4.90048307180405,160.639119267464,0,0,0,115.09226411581,0,952.818006515503,0,622.374872982502,0,0,0,1522.612480551,0,3.79331061244011,0,0,0,1.91887578368187,0.527063488960266,0.625002086162567,0,4.37841242551804,0,0,0,0,0,0,0,0,0,0,0,0,0,0,0,0,0
0,0,0,2.93806952238083,1.44083851575851,23.506644308567,0,0,0,12.8708585202694,0,0,0,2.33774280548096,0,27.4928070306778,0,0,0,0,0,30.0727568268776,0,0.680562019348145,0,0,0.965559124946594,10.2562220692635,0,91.4359576702118,1.43464827537537,0.952584385871887,0,0,0,1.87572026252747,0,570.477702915668,0,93.8358182311058,0,1422.93528881669,1.30385565757751,16.2977707982063,0,6.48258838057518,0,57.745889633894,0,5.3111075758934,0,32.5883103907108,0,4.67532497644424,0,567.746445536613,0,0,0,0,0,0,0,1.91080343723297,0,0,0.758309721946716,20.1111271679401,0,0,4.29335427284241,12.2242950201035,0,138.96363645792,0,13.1635440587997,0,49.2817976474762,0,2.96111762523651,0,194.350252747536,0,631.153921753168,0,894.049540698528,0,0,0,2310.37805692852,0,0,0,0,0,0.537327826023102,0,0,0,2.84600245952606,0,0,0,0,0,0.68533593416214,0,0,0,0,0,0,0,0,0,0
403.771235048771,0,30.8733510077,0,1.07821404933929,0,163.806905806065,0,2.70603051781654,0,43.7490440011024,0,47.83327293396,0,26.2883717119694,0,29.8095740973949,0,4.87482559680939,0,1.99491667747498,0,0,0,0.571024417877197,0,0,0,170.210510790348,0,0,0,0.847677648067474,1.12142264842987,78.5380869805813,86.4554134905338,939.43449023366,68.0276611149311,319.593391478062,1.45063358545303,130.179671406746,0.825162589550018,552.672232449055,171.663419157267,337.732743352652,23.4820557832718,1141.06376597285,37.2204802036285,494.896529555321,2.36301243305206,2227.02754089236,0,638.825429022312,0,4282.03130409122,6.86313915252686,109.596775650978,0,137.000558793545,0,452.514316469431,0,107.577833533287,0,724.159865736961,3.48251509666443,355.336374908686,270.173825263977,0,0,63.6449756920338,0.559510707855225,227.389053493738,0,36.0478593409061,3.74222147464752,235.51792666316,6.56769847869873,1.14942014217377,0,183.671530604362,0,115.073193073273,0,4564.95542290807,1.90844559669495,1522.612480551,0,0,1.90903913974762,5.37007892131805,0,0,0,5.18659836053848,0,6.40809720754623,0,18.6663133203983,0,0,0,1.00399565696716,0,0.454182386398315,0,0,0,0,1.65002638101578,0,0,0,0,0,0
0,139.976193755865,0,26.0477907657623,0,13.4605394005775,0,484.018508791924,0,17.9966694712639,0,46.1875587105751,0,27.7915772795677,0,30.8619384467602,0,30.1244366168976,0,1.11305344104767,1.46944653987885,7.6317104101181,0,0.683601856231689,0,3.59064918756485,0,3.2063649892807,2.32529187202454,50.4083755016327,1.32933437824249,0,0,0,25.6699950695038,42.1353055238724,19.6613809168339,1123.10949701071,0,224.663128465414,1.22704756259918,700.443271458149,97.0366979539394,306.859736204147,18.0339974761009,566.405261933804,25.963480681181,984.07611978054,11.5898142457008,377.481444776058,22.0273439288139,2890.94521632791,0,1400.07249960303,1.98349094390869,4071.93719398975,0,77.0664865970612,3.25493907928467,51.5939158201218,1.15688693523407,141.390701144934,1.14128410816193,87.1823817193508,0.88859361410141,642.689313203096,61.0033968687057,160.343170195818,0,0.648652136325836,5.50942200422287,64.7193914651871,0,526.478031128645,0,79.1288768351078,6.47677463293076,319.601783365011,0,2.80060759186745,1.26192367076874,252.136844992638,0,199.763156324625,0,7251.0267893672,0,2310.37805692852,1.90903913974762,0,0,5.75495040416718,0,0,0,4.24285879731178,0,0,0,86.6665779948235,0,0,0,0,2.36945390701294,0,0,0,0,1.07584345340729,0,0,0,0,0,0
0,0,0,0,0,0,0,0,0,0,0,0,0,0,0,0,0,0,0,0,0.949933171272278,0,0,0,0,0,0,0.995965480804443,3.83240342140198,0,0,0,0,0,1.89135885238647,1.05502951145172,69.1238923072815,92.8361097574234,225.869756519794,45.4929845035076,1.45352077484131,0,48.5259175896645,0,3.44665053486824,0,105.929527252913,0,3.58588162064552,0,53.7828246057034,0,26.9391359090805,0,41.8991986811161,0,0,0,0,0,0,0,2.5388765335083,0,0,0,0.568752408027649,0,0,0,32.0844240784645,13.8167607784271,35.2616836726665,4.58558851480484,66.8136187791824,122.394585043192,81.2665747404099,87.3742425739765,0,0,0,0,1.3242435157299,0,4.59069475531578,0,3.79331061244011,0,5.37007892131805,0,0,387.999535322189,4788.35850179195,53.340819388628,303.147389501333,197.207075059414,2881.43137717247,58.7530498802662,3148.34430894256,169.462502866983,836.221698850393,127.143189579248,511.085828512907,424.059707790613,516.946386992931,171.336232125759,792.889359116554,52.59475466609,23.9612253308296,11.2482000589371,130.000340044498,14.6995463967323,4.95609825849533,0.728807091712952,2.58302217721939,20.5706481933594
0,0,0,0,0,0,0,0,0,0,0,0,0,0,0,0,0,0,0,0,0,0,0,0,0,0,0,0,0,0.910241544246674,0,0,0,0,0,0,127.642208665609,114.953344345093,207.54676181078,58.0148530006409,0.920389115810394,0.375158220529556,0,3.42532658576965,0,0,0,33.2567700147629,0,0.554647922515869,0,1.41062438488007,0,0.670936822891235,0,8.88320577144623,0,0,0,0,0,0,0,0,0,0,0,0.597490072250366,0,0,17.9431718587875,40.4392736554146,15.5982344150543,21.7364740967751,120.465024381876,83.9314827620983,52.0566831827164,181.078233391047,0,0,0,2.34112811088562,0,0,0,1.35424968600273,0,0,0,5.75495040416718,387.999535322189,0,325.317013561726,2526.6195102334,84.5685229897499,1119.58679679036,274.256393432617,880.397512197495,231.428439766169,2628.57625174522,165.457182705402,404.191262215376,314.311659574509,1896.88513123989,186.784708052874,1076.95899122953,134.51605656743,401.209148913622,106.226608604193,40.5564431250095,358.442865967751,54.6380588412285,61.8610834479332,8.31244152784348,71.6349513232708,62.0598737299442
0.626725733280182,0,0,0,0,0,0,0,0,0,0,0,0,0,0,0,0,0,0,0,0,0,0,0,0,0,0,0,2.51417556405067,0,0,0,0,0,0,0,87.4506865739822,74.36394110322,196.405781447887,42.1037964224815,2.5285177230835,0,0,0,0,0,0,2.63857913017273,0,0,0,0,0,0,0,0,0,0,0,0,0,0,0,0,0,0,0,0,0,0,37.0614921748638,25.7512961626053,27.1783992052078,5.6768656373024,100.396332353354,139.758769124746,131.446274876595,117.166936993599,0,0,1.34986054897308,0,0,0,0,0,0,0,0,0,4788.35850179195,325.317013561726,0,56.841299623251,384.304491311312,138.135796636343,977.161014705896,64.06424883008,474.260444581509,122.695393532515,640.973669677973,140.914351433516,704.844535887241,524.884084433317,826.338279783726,202.78128811717,506.330785125494,62.8194170296192,30.9711253643036,13.351690351963,176.999032467604,15.7398772835732,14.8868710398674,14.1261537671089,4.98103410005569,34.1206263005733
0,0,0,0,0,0,0,0,0,0,0,0,0,0,0,0,0,0,0,0,0,0,0,0,0,0,0,0,0,0,0,0,0,0,0,0,19.0682952404022,31.9293932318687,26.0052015781403,24.2585889101028,1.08929491043091,2.16693687438965,0,0,0,0,0,1.59528067708015,0,0,0,0,0,0,0,0,0,0,0,0,0,0,0,0,0,0,0,0,0,0,3.45053005218506,31.2352970540524,2.63121497631073,5.32412940263748,23.4294270277023,34.845231115818,16.9412142038345,115.866980075836,0,0,0,0,0,0,0,0,0,0,0,0,53.340819388628,2526.6195102334,56.841299623251,0,33.1827628016472,281.289649128914,60.1407744288445,165.636645227671,48.0284408330917,247.362407773733,30.455063521862,524.0791220963,61.5269668698311,1507.30857896805,46.575224250555,700.181753307581,40.8973194956779,119.930232107639,91.276980638504,36.4316159188747,326.897403180599,32.0654725432396,53.817046046257,29.302151799202,113.191727638245,79.9940030276775
171.280770003796,12.856707572937,118.287170410156,11.3232753574848,0,0.519720315933228,78.7443241775036,5.0010279417038,8.81157141923904,1.56342196464539,13.4917381107807,0,47.2823312282562,0.602382779121399,16.9996849298477,0.936903059482574,13.0428887307644,0,136.422366410494,9.88766711950302,0,0,53.9230414330959,5.030133664608,2.04553359746933,0,0,1.38945853710175,24.1418063044548,0,5.1668204665184,1.92271476984024,2.27830848097801,5.4691835641861,7.89075535535812,1.07177937030792,141.763708472252,31.6689798533916,91.6525087058544,9.64432835578918,8.50712749361992,0,10.8317809700966,0.888596534729004,20.1590906977654,0,25.7969273924828,2.89202350378036,31.6810784339905,0,33.0316520035267,0,1.31902122497559,0,6.89675861597061,0,146.161402493715,2.60862302780151,57.0170658528805,0,32.1179546117783,0,27.1399802267551,0,8.60242819786072,0,61.9545561373234,4.75879615545273,114.775565713644,0.490010559558868,330.91060769558,32.8126457035542,142.825002878904,9.92590832710266,330.719473987818,52.0390878021717,1012.39798268676,110.864151388407,3.8025296330452,0,12.5869724154472,0,0,0,13.1620067954063,0,1.91887578368187,0,5.18659836053848,0,303.147389501333,84.5685229897499,384.304491311312,33.1827628016472,0,129.330443680286,1029.33518391848,17.6126540005207,297.67899620533,25.7174953818321,285.918779939413,13.9053330719471,537.340534567833,102.95096129179,773.802280679345,169.396608859301,180.2640619874,16.3344829976559,120.815178155899,443.783660918474,258.284280121326,6.79065406322479,71.1882561445236,91.419097840786,17.5500467419624,264.98970451951
4.53063601255417,202.799636483192,3.60781574249268,100.837161928415,0,2.54632490873337,3.96097141504288,57.1920301020145,0.805789530277252,16.2461367249489,1.49152266979218,7.86469623446465,0.787496268749237,20.898856818676,1.75536513328552,5.44176313281059,1.74129092693329,5.41662520170212,7.05614760518074,69.8271273672581,0,0,3.31637746095657,33.9524439275265,0,0,0,0,1.30805480480194,7.59656715393066,2.48619484901428,1.52202939987183,4.22888004779816,6.71052151918411,6.42416125535965,8.22191667556763,45.683562874794,161.9074395895,91.1751157045364,31.5188185870647,0,7.76347583532333,1.87685978412628,25.8298967182636,2.65634125471115,59.6128932535648,2.23022240400314,52.7535569965839,0,37.5832412838936,0,52.9514571428299,0,13.6616261601448,0,4.14066338539124,0,152.478483557701,2.05728030204773,106.497496813536,2.00931978225708,21.8329441249371,0,22.2795986831188,0,23.8989469408989,15.0871179103851,111.628014087677,0,57.5121710300446,47.5501106083393,247.987156152725,14.4892064929008,55.5973416864872,71.3460184037685,207.764811128378,60.0326000750065,694.537199735641,0,0,0,10.9589196443558,0,0.809107065200806,0,7.12965974211693,0.527063488960266,0.537327826023102,0,4.24285879731178,197.207075059414,1119.58679679036,138.135796636343,281.289649128914,129.330443680286,0,124.521245896816,948.05850404501,99.2640674114227,829.289054870605,60.8122474849224,100.547379076481,78.6415028870106,616.234083235264,92.8489028513432,540.518353313208,31.3077408075333,53.6906360089779,89.9825936257839,388.32580935955,371.24164685607,21.5341684222221,32.8688159584999,19.6228846311569,49.4820917546749,67.8836892843246
31.0836615860462,2.30394673347473,20.0711383223534,0.790045320987701,0,0,11.8826389610767,1.36568605899811,1.24019175767899,0,6.57939034700394,0,3.72999569773674,1.00984370708466,1.19764053821564,0,4.63436233997345,0,31.7366336584091,2.02587991952896,0,0,8.7636142373085,0,0,0,0.891497790813446,0,3.69190779328346,0,2.19901043176651,1.47204673290253,1.07217487692833,0,2.89523130655289,1.63680911064148,113.580821037292,48.9049474895,132.233863770962,25.24164301157,2.31203228235245,0,18.1719482541084,0,41.8729887902737,1.64381945133209,55.5542073249817,0.707627177238464,27.7084360122681,0,25.3501413464546,0.521804511547089,0.492969632148743,0,9.62615016102791,0,33.1714617609978,1.78452664613724,23.2597268819809,0.636124908924103,8.71867182850838,0,12.1440826654434,0,4.38016772270203,0,68.2366004884243,8.91531670093536,30.0967625677586,0,98.284223139286,18.9426306784153,40.0817002058029,6.29712480306625,101.72151184082,57.8034717440605,413.803494304419,81.6286509037018,0,0,9.01185417175293,0,0.646049022674561,0,3.89528167247772,0,0.625002086162567,0,6.40809720754623,0,2881.43137717247,274.256393432617,977.161014705896,60.1407744288445,1029.33518391848,124.521245896816,0,57.3013910055161,3632.85122305155,92.9117920398712,352.810239553452,77.6855100691319,452.844511508942,298.192766577005,656.80778208375,158.028823524714,380.088270395994,26.7603782713413,42.9342155754566,178.767944842577,333.560534179211,19.8993056416512,64.5881133377552,17.3314526081085,13.2461580634117,82.49067735672
0,0,0,0.627998292446136,0,0,0,0,0,0,0,0,0,0,0,0,0,0,0,0,0,0,0,0,0,0,0,0,0,0,0,0,0,0,0,0,22.4776059985161,20.1014950275421,17.8721261024475,15.2630445361137,0,2.31288939714432,0,0,0,0,0,1.92466580867767,0,0,0,0,0,0,0,0,0,2.72382509708405,0,0,0,0,0,0,0,0,0,0,0,0,9.32186436653137,12.7564612030983,0.812153041362762,1.24050176143646,22.9326692819595,29.2727255821228,5.16950857639313,42.7097874879837,0,0,0,0,0,0,0,0.833535194396973,0,0,0,0,58.7530498802662,880.397512197495,64.06424883008,165.636645227671,17.6126540005207,948.05850404501,57.3013910055161,0,47.698004335165,2648.03284534812,27.1676658987999,32.945966988802,55.6584779918194,239.078124195337,36.1887407898903,204.796853095293,26.2560205161572,282.674306452274,17.5068696737289,11.8043637871742,448.151896774769,39.1956369280815,72.8322557806969,5.12391918897629,17.8896835148335,10.4086773991585
2.73446726799011,0,0,0,0,0,0,0,0,0,0,0,0,0,0,0,0,0,0,0,0,0,0,0,0,0,0,0,4.02022725343704,0,0,0,0,0,1.65061187744141,0,68.4860064983368,43.5223858952522,119.043537914753,17.4874663352966,3.42551138997078,0,142.583447873592,1.29300820827484,8.8562892973423,0,186.638251036406,0.597680449485779,6.09307968616486,0,4.19087782502174,0,14.5834615528584,0,211.514874279499,0,0,0,0,0,0,0,0,0,0,0,1.14425885677338,0,0,0,32.7927906513214,14.9386808276176,25.1860449314117,6.18501329421997,64.2374781370163,73.2316799759865,66.5501917898655,78.7607361972332,0,0,1.92084413766861,0,2.90634936094284,0,13.342492878437,0,4.37841242551804,0,18.6663133203983,0,3148.34430894256,231.428439766169,474.260444581509,48.0284408330917,297.67899620533,99.2640674114227,3632.85122305155,47.698004335165,0,95.1757759749889,174.707786470652,70.3417338728905,187.806448101997,336.139649569988,253.009969353676,129.952974528074,182.604564905167,16.8404617011547,14.5552899539471,5.44950866699219,216.944137871265,33.0092363357544,10.312403023243,2.19209504127502,4.00551626086235,8.20990526676178
0,0,0,0,0,0,0,0,0,0,0,0,0,0,0,0,0,0,0,0.716697871685028,0,0,0,0,0,0,0,0,0.857273578643799,4.49835062026978,0,0,0,0,0.597295343875885,3.46787679195404,32.6382772326469,72.9724772274494,64.8166972696781,28.6027199327946,0,19.396096855402,18.5065259933472,64.1640122234821,1.72411453723907,25.5163397490978,1.25821578502655,678.989970654249,0,17.0932348966599,0,46.0020190477371,0,88.7551679909229,0,349.662133038044,0,3.62956511974335,0,0,0,0,0,0,0,0,6.72218507528305,7.03515845537186,0,0,6.85141980648041,16.8974751830101,2.8363184928894,58.6044937372208,30.3174755573273,32.5879302620888,22.7035497426987,67.4779603779316,0,0,0,2.83395847678185,0,7.80311661958694,0,49.646704941988,0,2.84600245952606,0,86.6665779948235,169.462502866983,2628.57625174522,122.695393532515,247.362407773733,25.7174953818321,829.289054870605,92.9117920398712,2648.03284534812,95.1757759749889,0,73.2326256632805,29.45936653018,95.6374281346798,217.459949791431,61.6545159816742,197.720270812511,39.3191524147987,469.383690357208,10.2761777937412,5.15182894468307,251.82053938508,82.584970831871,198.406830906868,1.42322564125061,10.4227306842804,13.3383978009224
0,0,0,0,0,0,0.484689563512802,0,0,0,0,0,0,0,0,0,0,0,0,0,2.50788056850433,0,0,0,0,0,0,0,2.85746669769287,0,0,0,0,0,0,0,54.5338976681232,42.3697766661644,92.8321454226971,32.6147989034653,1.19351017475128,0,0,0,0,0,0.958940804004669,0,0,0,0,0,0,0,0,0,0,0,0,0,0,0,0,0,0,0,2.07503056526184,0,0,0,33.9184466004372,15.2669080495834,13.3465238213539,1.02557975053787,50.1083092987537,70.8130291700363,79.1593690812588,55.0439804196358,0,0,0,0,0,0,0,0,0,0,0,0,836.221698850393,165.457182705402,640.973669677973,30.455063521862,285.918779939413,60.8122474849224,352.810239553452,27.1676658987999,174.707786470652,73.2326256632805,0,86.7497512698174,1529.90157210827,374.938860118389,775.346262812614,118.556947529316,309.126849025488,27.8796395361423,31.3091470301151,11.7030485570431,75.7162391841412,4.24436157941818,12.0230314135551,10.5613259077072,6.37216198444366,22.8669729232788
0,0,0,0,0,0,0,0,0,0,0,0,0,0,0,0,0,0,0,0,0,0,0,0,0,0,0,0,0,0,0,0,0,0,0,0,36.1809621751308,27.247338116169,28.3375611007214,19.4179926216602,0.5751091837883,2.45488035678864,0,0,0,0,0,0,0,0,0,0,0,0,0,0,0,0,0,0,0,0,0,0,0,0,0,0,0,0,4.43009340763092,14.6527106761932,0.775034606456757,5.26979422569275,35.0408977270126,24.8849362432957,14.4376066923141,29.4450155496597,0,0,0,0,0,0,0,0,0,0,0,0,127.143189579248,404.191262215376,140.914351433516,524.0791220963,13.9053330719471,100.547379076481,77.6855100691319,32.945966988802,70.3417338728905,29.45936653018,86.7497512698174,0,140.134566217661,786.013803631067,61.9717128872871,364.043983191252,41.7816317677498,77.6789655685425,12.539537191391,1.38315379619598,31.4421049356461,0.88564920425415,4.87357982993126,0.73552018404007,18.4593917131424,13.8587914705276
0,1.8609631061554,0,0,0,0,0,0,0,0,0,0,0,0,0,0,0,0,0,0,0,0,0,0,0,0,0,0,0,0,0,0,0,0,0.898785531520844,0,78.2016277313232,57.5178819596767,149.840226769447,43.354718118906,1.39645072817802,0,0,0,0,0,3.54227828979492,0,0,0,0.802128076553345,0,0,0,0,0,1.3767192363739,0,0,0,0,0,0,0,0,0,0,0,0,0,45.5831619501114,33.1091734170914,26.7628103196621,8.89660581946373,89.3703175187111,131.863121330738,174.216161489487,98.3139980733395,0,0,1.49082279205322,0,0,0,0,0,0,0,1.00399565696716,0,511.085828512907,314.311659574509,704.844535887241,61.5269668698311,537.340534567833,78.6415028870106,452.844511508942,55.6584779918194,187.806448101997,95.6374281346798,1529.90157210827,140.134566217661,0,703.933292031288,4337.80720093846,204.849077433348,510.019713103771,60.8141032159328,115.944758415222,46.033824712038,498.511849403381,24.5738396048546,68.2327986359596,546.477427005768,107.757400333881,195.075084149837
0,1.00043937563896,0,1.59023141860962,0,0,0,0.688280880451202,0,0,0,0,0,0,0,0,0,0.819269776344299,0,0,0,0,0,0,0,0,0,0,0,0.410124093294144,0,0,0,0,0,0.906494677066803,87.4546205401421,121.156499356031,134.289690643549,90.0108803510666,1.37264806032181,2.32507583498955,0,0,0,0,0,4.52293315529823,0,0,0,0.658323705196381,0,0,0,0,0,0,0,0,0,0,0,0,0,0,0,0,0,0,29.8969259858131,90.8213590979576,15.9184408783913,22.2728777229786,140.033490121365,178.094235420227,48.4510897397995,330.540207237005,0,0,0,2.47124379873276,0,0,0,0,0,0,0,0,424.059707790613,1896.88513123989,524.884084433317,1507.30857896805,102.95096129179,616.234083235264,298.192766577005,239.078124195337,336.139649569988,217.459949791431,374.938860118389,786.013803631067,703.933292031288,0,274.293586850166,5592.60527291894,202.862136095762,409.500870972872,265.005429416895,77.732521623373,587.208179563284,45.6320808529854,138.560663789511,307.072251796722,337.531596958637,246.7549302876
18.8070878982544,5.73922908306122,13.3114573657513,2.1419677734375,0,0,9.7905381321907,1.31140828132629,0.49061581492424,0,0.771086394786835,0,6.0860048532486,0,0,0,0.771115720272064,1.4640177488327,12.6673434972763,0.74878191947937,0,0,1.99116593599319,0,0,0,0,0,1.99799725413322,2.44017100334167,0,0,0,0,0.733742713928223,0,67.2503547370434,32.2687955796719,77.8613457679749,22.5534759759903,9.19202160835266,0.56082820892334,0,0,0,0,3.19459438323975,1.02230396866798,0.563695847988129,0,2.44267976284027,0,0,0,0.81635719537735,0,12.9998480677605,2.01709219813347,3.63949882984161,0,2.0118772983551,0,0.913418829441071,0,0.426538228988647,0,4.28964477777481,0,7.23915562033653,0,112.923921108246,55.762421131134,41.9535229802132,3.76499357819557,149.936292678118,117.211394995451,401.292941629887,136.470640450716,1.04536724090576,0,0,0.561853051185608,0,0,0,0,0,0,0.454182386398315,2.36945390701294,516.946386992931,186.784708052874,826.338279783726,46.575224250555,773.802280679345,92.8489028513432,656.80778208375,36.1887407898903,253.009969353676,61.6545159816742,775.346262812614,61.9717128872871,4337.80720093846,274.293586850166,0,491.121095269918,692.284357190132,30.982155919075,123.454899340868,31.5006958246231,244.616778939962,16.6192380785942,37.9023884534836,30.6768843829632,28.0698659718037,221.024413347244
1.82438707351685,75.5248512625694,3.06936144828796,23.8026418685913,0,0,2.69859343767166,21.9471776783466,0,2.21928131580353,2.70020151138306,1.89250683784485,0,5.85620003938675,0,1.14624094963074,0,0,1.84150165319443,15.6761451363564,0,0,0,2.28456151485443,0,0,0,0,0,2.37233951687813,0,0,0,0,2.6452648639679,1.20760083198547,48.4279880821705,91.4847973883152,50.0881261825562,62.5926277935505,0,0.50975227355957,0,0,0,0.937952935695648,0,5.81123006343842,0,0,0,5.70413008332253,0,0,0,0,1.16157591342926,22.7194115519524,0,7.74128502607346,0,2.14154690504074,0,1.07925057411194,0,5.50472289323807,0,10.7287181615829,0,5.7172304391861,41.8301191031933,155.260274738073,14.9577519893646,33.7178338170052,83.5053564012051,211.01183962822,113.464316368103,423.85826125741,0,0,0,1.43024396896362,0,0,0,0,0,0.68533593416214,0,0,171.336232125759,1076.95899122953,202.78128811717,700.181753307581,169.396608859301,540.518353313208,158.028823524714,204.796853095293,129.952974528074,197.720270812511,118.556947529316,364.043983191252,204.849077433348,5592.60527291894,491.121095269918,0,82.7653835713863,499.596755295992,242.998566389084,56.3438402414322,457.935171037912,20.3689261972904,81.4379781484604,32.0154520571232,333.374842613935,296.349903166294
11.2182339429855,4.03210854530334,1.44278371334076,0,0,0,0,1.32206952571869,0,0,1.00499653816223,0,0,0,0,0,1.30553162097931,0,0.595426499843597,3.33417904376984,0,0,0,0,0,0,0,0,0,0,1.30345249176025,0.408691585063934,0,0,0,0,12.9906969368458,19.8268964290619,35.8622985780239,8.1237016916275,0.560144007205963,0,0,0,0,0,1.44275605678558,0,0,0,0,0,0,0,0,0,6.26614850759506,1.80018925666809,5.58464348316193,0,1.70976316928864,0,0,0,0,0,4.77961122989655,0,2.90363156795502,0,20.5855064988136,14.7709094882011,6.41208133101463,7.47326064109802,27.1260420084,28.6760521531105,72.8732522130013,37.0447940826416,0,0,0,0,0,0,0,0,0,0,0,0,792.889359116554,134.51605656743,506.330785125494,40.8973194956779,180.2640619874,31.3077408075333,380.088270395994,26.2560205161572,182.604564905167,39.3191524147987,309.126849025488,41.7816317677498,510.019713103771,202.862136095762,692.284357190132,82.7653835713863,0,15.1647440195084,30.5953284502029,9.16804587841034,63.5995554029942,3.93129020929337,12.2737157940865,4.11842483282089,9.00743708014488,36.5774482190609
0,1.50000596046448,0,0,0,0,0,0,0,0.831900298595428,0,0,0,0,0,0,0,0,0,2.7383189201355,0,0,0,0,0,0,0,0,0,0.660579204559326,0,0,0,0,0,0,7.3781703710556,9.94428730010986,5.01483184099197,5.80820482969284,0,0,0,0,0,0,0,1.75834333896637,0,0,0,0,0,0,0,0,0,0.589471578598022,0,0,0,0,0,0,0,0,0,0,0,0,8.14423990249634,8.80469515919685,0,3.43481397628784,10.4527814090252,20.6647513508797,10.6282811164856,15.438848555088,0,0,0,0,0,0,0,0,0,0,0,0,52.59475466609,401.209148913622,62.8194170296192,119.930232107639,16.3344829976559,53.6906360089779,26.7603782713413,282.674306452274,16.8404617011547,469.383690357208,27.8796395361423,77.6789655685425,60.8141032159328,409.500870972872,30.982155919075,499.596755295992,15.1647440195084,0,6.72315591573715,1.1780709028244,45.4674764871597,0.591989576816559,2.84695822000504,0,13.8508442938328,18.2008627057076
18.6291695833206,105.691914945841,40.8032442927361,87.7534212768078,0.534103393554688,0.51586651802063,34.6944535970688,61.6253015100956,4.23746764659882,10.4911529123783,2.10014116764069,6.34141379594803,15.5787818133831,20.8387441635132,5.46171456575394,9.93074956536293,0,4.35600483417511,33.2860194444656,67.1152831912041,0,0,18.8754512667656,48.7229404747486,0,0,0,0,4.1768656373024,0.515358448028564,1.85059058666229,1.08921384811401,2.04923850297928,0.745582938194275,0,0,14.028817653656,15.5247132480145,14.4769210219383,3.6295548081398,5.16484576463699,1.22477185726166,0,0,0,2.28462210297585,0,7.24003052711487,0,0,0,1.67111229896545,0,0,0,0,8.80936178565025,22.1960457265377,0,10.7036564648151,1.2539473772049,0.691994190216064,0.74920529127121,0.547539710998535,0,1.69868755340576,4.14032191038132,6.10092860460281,0,17.4846648573875,96.0317004621029,273.073606222868,49.7146610319614,40.024546444416,111.829863220453,190.68239197135,635.661708891392,735.066228866577,0,0.805431425571442,0,0.688923001289368,0,0,0,0.605356335639954,0,0,0,0,23.9612253308296,106.226608604193,30.9711253643036,91.276980638504,120.815178155899,89.9825936257839,42.9342155754566,17.5068696737289,14.5552899539471,10.2761777937412,31.3091470301151,12.539537191391,115.944758415222,265.005429416895,123.454899340868,242.998566389084,30.5953284502029,6.72315591573715,0,115.374276280403,172.702023297548,6.55010765790939,108.256726443768,209.647042185068,68.4751371145248,229.081824153662
21.6892490983009,47.0742058157921,25.8662188649178,22.7336823940277,0,0,12.081220895052,13.9507940411568,3.11429443955421,2.85415256023407,4.54384022951126,3.55996942520142,10.0100879669189,4.90648460388184,2.92284870147705,2.92732840776443,1.67312604188919,1.29650926589966,23.2584046721458,19.168805450201,0,1.37933361530304,4.50573697686195,12.0007101893425,0,0,0.945574164390564,0,2.91389429569244,0.676738023757935,0,1.84446597099304,0,0.721971094608307,5.18123888969421,0.706000506877899,44.8776554167271,28.5302251875401,4.39815974235535,2.81889614462852,3.15069699287415,1.08920097351074,2.34393894672394,0.600514590740204,8.2865903377533,2.04256743192673,62.4910635352135,76.4650495648384,15.6735794246197,3.94490599632263,11.7302189171314,0.798015773296356,1.78674191236496,0.444665044546127,1.59132134914398,1.3070513010025,16.4406376481056,44.3970142900944,14.897677063942,21.4420628249645,5.96438556909561,0.483849883079529,3.35294261574745,1.39757215976715,0.756664037704468,0.651688277721405,17.3788012862206,22.4512909352779,18.0229751467705,17.151655882597,71.3563865125179,76.3436052799225,37.584114998579,12.1571047306061,82.8244682848454,37.9034942388535,1249.02662813663,1045.28832554817,0,0,3.52459740638733,0,0,0,2.16452443599701,1.43136990070343,0,0,1.65002638101578,1.07584345340729,11.2482000589371,40.5564431250095,13.351690351963,36.4316159188747,443.783660918474,388.32580935955,178.767944842577,11.8043637871742,5.44950866699219,5.15182894468307,11.7030485570431,1.38315379619598,46.033824712038,77.732521623373,31.5006958246231,56.3438402414322,9.16804587841034,1.1780709028244,115.374276280403,0,460.886210858822,2.80594611167908,62.0507591962814,140.581426382065,25.7563170790672,139.379263997078
0,2.44173473119736,0,0,0,0,0,1.47341358661652,0,0,0,0,0,0,0,0,0,0,0,0,0,0,0,0,0,0,0,0,0.771590530872345,2.12613052129745,0,0,0,0,1.45113229751587,0,15.2740290760994,20.5478099286556,22.6492369771004,12.1337423622608,0.862509369850159,0,0,0,0,0,0,2.86680248379707,0,0,0,0,0,0,0,0,0,1.44990420341492,0,0,0,0,0,0,0,0.746201276779175,0,0,0,0,12.0123156309128,26.4194124937057,4.3325757086277,2.76113039255142,20.2998231053352,38.9194340109825,29.5018143355846,71.7477498948574,0,0,0,0,0.912690460681915,0,0,0,0,0,0,0,130.000340044498,358.442865967751,176.999032467604,326.897403180599,258.284280121326,371.24164685607,333.560534179211,448.151896774769,216.944137871265,251.82053938508,75.7162391841412,31.4421049356461,498.511849403381,587.208179563284,244.616778939962,457.935171037912,63.5995554029942,45.4674764871597,172.702023297548,460.886210858822,0,272.464220702648,519.815014064312,596.109206914902,231.641616672277,826.597254902124
0,0,0,0,0,0,0,0,0,0,0,0,0,0,0,0,0,0,0,0,0,0,0,0,0,0,0,0,0,0,0,0,0,0,0,0,0.775538742542267,0,0,0,0,0,0,0,0,0,0,0,0,0,0,0,0,0,0,0,0,0,0,0,0,0,0,0,0,0,0,0,0,0,0,0,0,0,1.26181387901306,1.09809648990631,0,3.33557909727097,0,0,0,0,0,0,0,0,0,0,0,0,14.6995463967323,54.6380588412285,15.7398772835732,32.0654725432396,6.79065406322479,21.5341684222221,19.8993056416512,39.1956369280815,33.0092363357544,82.584970831871,4.24436157941818,0.88564920425415,24.5738396048546,45.6320808529854,16.6192380785942,20.3689261972904,3.93129020929337,0.591989576816559,6.55010765790939,2.80594611167908,272.464220702648,0,90.1358489394188,76.3138030171394,10.524744361639,32.8119830489159
0,0,0,0,0,0,0,0,0,0,0,0,0,0,0,0,0,0,0,0,0,0,0,0,0,0,0,0,0,0,0,0,0,0,0,0,2.13810420036316,2.14207059144974,6.02314949035645,1.34210801124573,0,0,0,0,0,0,0,0,0,0,0,0,0,0,0,0,0,0,0,0,0,0,0,0,0,0,0,0,0,0,4.56312933564186,3.29189944267273,0,0.757350385189056,5.19940006732941,4.53332012891769,18.2791214585304,17.9157438874245,0,0,0,0,0,0,0,0,0,0,0,0,4.95609825849533,61.8610834479332,14.8868710398674,53.817046046257,71.1882561445236,32.8688159584999,64.5881133377552,72.8322557806969,10.312403023243,198.406830906868,12.0230314135551,4.87357982993126,68.2327986359596,138.560663789511,37.9023884534836,81.4379781484604,12.2737157940865,2.84695822000504,108.256726443768,62.0507591962814,519.815014064312,90.1358489394188,0,312.114477813244,83.7581571042538,334.012249439955
0,0,0,1.7724437713623,0,0,0,0,0,0,0,0,0,1.48199343681335,0,0,0,0,0,0,0,0,0,0,0,0,0,0,0,0,0,0,0,0,0,0,0,0,0,1.09171867370605,0.457956492900848,0,0,0,0,0,0,0.699145078659058,0,0,0,0,0,0,0,0,0,0,0,0,0,0,0,0,0,0,0,0,0,0,2.45323979854584,1.77715647220612,0,0.867118716239929,1.10294091701508,2.29006147384644,22.3097822070122,20.6420992910862,0,0,0,0,0,0,0,0,0,0,0,0,0.728807091712952,8.31244152784348,14.1261537671089,29.302151799202,91.419097840786,19.6228846311569,17.3314526081085,5.12391918897629,2.19209504127502,1.42322564125061,10.5613259077072,0.73552018404007,546.477427005768,307.072251796722,30.6768843829632,32.0154520571232,4.11842483282089,0,209.647042185068,140.581426382065,596.109206914902,76.3138030171394,312.114477813244,0,569.551847875118,1034.47966182232
0,1.15698218345642,0,0,0,0,0,0,0,0,0,0,0,0,0,0,0,0,0,1.45787870883942,0,0,0,0,0,0,0,0,0,0,0,0,0,3.20105093717575,0,0,2.91006147861481,8.31422173976898,3.1453600525856,3.00484058260918,0,0,0,0,0,0,0,0.60727334022522,0,0,0,0,0,0,0,0,0,0,0,0,0,0,0,0,0,0,0,0,0,0,1.04290509223938,12.5650560855865,0.417911499738693,0.56026691198349,1.47084313631058,11.6057004928589,5.95355075597763,46.58724629879,0,0,0,0,0,0,0,0,0,0,0,0,2.58302217721939,71.6349513232708,4.98103410005569,113.191727638245,17.5500467419624,49.4820917546749,13.2461580634117,17.8896835148335,4.00551626086235,10.4227306842804,6.37216198444366,18.4593917131424,107.757400333881,337.531596958637,28.0698659718037,333.374842613935,9.00743708014488,13.8508442938328,68.4751371145248,25.7563170790672,231.641616672277,10.524744361639,83.7581571042538,569.551847875118,0,323.697546124458
11.6834554970264,17.3794508576393,9.49064454436302,15.2071467936039,0,0,9.55209678411484,7.20062512159348,0,1.71982377767563,0,1.36100590229034,8.86486756801605,1.57980239391327,2.26817911863327,2.06263357400894,0.408650755882263,0,13.2409895062447,15.5014835000038,0,0,2.29708850383759,4.71826666593552,0,0,0,0,0,0,0,0,0,0,3.12419867515564,0,19.8627201318741,6.20449274778366,17.3854277729988,5.72483748197556,3.35181623697281,0,0,0,0,0,0,2.268430352211,0,0,0,0.50273460149765,0,0,0,0,0.788755238056183,2.81569668650627,0.652839243412018,0,1.97173190116882,0,0,0,0,0,1.32137823104858,0,3.87874945998192,2.78938323259354,31.5221253633499,51.0139405429363,19.6424651443958,8.43127012252808,50.1606646478176,35.6810428202152,149.499115765095,121.263668894768,0,0,0,0,0,0,0,0,0,0,0,0,20.5706481933594,62.0598737299442,34.1206263005733,79.9940030276775,264.98970451951,67.8836892843246,82.49067735672,10.4086773991585,8.20990526676178,13.3383978009224,22.8669729232788,13.8587914705276,195.075084149837,246.7549302876,221.024413347244,296.349903166294,36.5774482190609,18.2008627057076,229.081824153662,139.379263997078,826.597254902124,32.8119830489159,334.012249439955,1034.47966182232,323.697546124458,0
