replicate,delta_r
0,-0.021745233122327234
1,-0.020300192226874278
2,-0.04134792751858951
3,-0.026164429416389523
4,-0.054559239343502874
5,-0.05737941318136461
6,-0.040705915956245065
7,0.0053938875011596
8,-0.01937251207834284
9,-0.005373739696602153
10,-0.022720595484317967
11,0.007267116232873877
12,-0.009134876106468903
13,-0.0032840254857542106
14,0.0019495510765042065
15,-0.045126313005850294
16,-0.0094312728318941
17,-0.01645841251188067
18,-0.024703491197158478
19,0.006966140920704078
20,-0.0013373938540433006
21,-0.03493234359881939
22,-0.02143526183421146
23,-0.006600484943766374
24,-0.02493980033113863
25,-0.040812337340672106
26,-0.014099322172353712
27,-0.03178206736811176
28,-0.011852313924420765
29,-0.01914359440805083
30,0.013783663840479965
31,-0.009160580966958376
32,-0.04049715694796008
33,-0.015114411377527726
34,-0.014124095924310798
35,-0.019183178010539856
36,-0.00029017234697858996
37,-0.016819342169785312
38,-0.018030712582369435
39,-0.01831554488968251
40,-0.018053784220489866
41,-0.019018563657484527
42,-0.002355242785953962
43,-0.008295846752159636
44,-0.011356532869159053
45,-0.02918282658073884
46,-0.006791081311001548
47,-0.008475686680873881
48,-0.004654161649302518
49,0.008694546893379451
50,-0.021521465135744322
51,-0.042412003257657926
52,-0.015861791712014628
53,-0.02460916944038708
54,-0.05867781836556188
55,-0.0007763734781903037
56,-0.028174158914715253
57,-0.030534521198662234
58,-0.010514552033552949
59,-0.03743382909619623
60,-0.03878684992237447
61,-0.029837682193072257
62,-0.02715838289769229
63,-0.021179873446002973
64,-0.0291640654548328
65,-0.003411811622270819
66,-0.01683082603188859
67,-0.022479559534566457
68,-0.0009561048622869772
69,-0.019449350288086587
70,-0.002840413687304838
71,-0.05180025617478584
72,-0.03425750598028446
73,-0.015077650263058573
74,-0.010020352799577387
75,-0.03086496424936591
76,-0.029068919400322538
77,-0.0090005131218239
78,-0.014472273398043967
79,-0.016748678683314824
80,0.01418876871325081
81,0.0008644703366745277
82,0.008784709450051581
83,0.0002609203405469773
84,-0.040641458631656247
85,-0.0497827828193379
86,-0.04342430867457342
87,-0.018390286140634614
88,-0.03171151903527755
89,-0.00948942262299654
90,-0.024875611469927672
91,-0.02939150407334902
92,-0.007616222929921562
93,-0.05532145966268165
94,-0.027625080582627526
95,-0.038097416190346484
96,-0.008625201093462487
97,-0.016006869794834677
98,-0.01473164835645352
99,0.0024271934505034204
100,-0.00017275716212550307
101,-0.019605083213567215
102,-0.026718558640905082
103,-0.017464169548400577
104,-0.03483987477685638
105,-0.0057751261201408055
106,-0.023193767183228076
107,-0.01330548901644471
108,-0.010679976409686542
109,-0.03164668736369204
110,-0.028025418897921095
111,-0.011797364582472283
112,-0.0091574114459569
113,-0.02384005953613408
114,-0.00745585042374633
115,-0.011238711954340896
116,-0.003947086422968732
117,-0.013354661992976025
118,-0.03418486187632348
119,-0.01214020926933257
120,-0.03987592380388344
121,-0.011288850917191035
122,0.0073421279226853625
123,-0.04578145409123814
124,-0.016112886306245133
125,-0.01014863627618423
126,0.011101202088357645
127,-0.024528237392871216
128,-0.03328295141180285
129,-0.040231823977330494
130,0.006688250750847724
131,-0.017427183638583824
132,-0.0030243536546629146
133,-0.025999412287522866
134,-0.007498788840440862
135,-0.047280122486102416
136,-0.0012760298730420533
137,-0.022248320601661542
138,-0.022523392195036046
139,-0.020706871998245224
140,-0.015094212594586237
141,-0.00691559687222959
142,-0.02813376399624551
143,-0.010019580096254588
144,-0.03676497263646539
145,-0.047456685274342936
146,-0.006322802781882228
147,-0.03460725861801889
148,-0.01683876682296853
149,-0.016265145662849263
150,-0.0002904734815870058
151,-0.016237006189269487
152,-0.03194250032967716
153,-0.017910689981972427
154,0.003107609870582534
155,0.00035197015300114654
156,-0.019456769041227256
157,-0.004551826502716405
158,-0.007467118727872146
159,0.006227352296330521
160,-0.009193330591745374
161,0.017528009874387254
162,-0.0004540394948282789
163,-0.029509798422140743
164,-0.026103745629355135
165,-0.016299809877280247
166,-0.0123156171364745
167,-0.029073719373257367
168,-0.0304996869285708
169,-0.019020993219695526
170,-0.03540482788750131
171,-0.019060875399691285
172,0.00041767228863484607
173,-0.03290692344295254
174,-0.019500175553403762
175,-0.008724891112906669
176,-0.026697000245486713
177,-0.048270255896549874
178,-0.009380651017060149
179,-0.006786534990408988
180,0.007692770837609053
181,-0.0002401818738788919
182,-0.05296670975974499
183,0.005268955052666197
184,-0.0010117152898816983
185,-0.0007432912160641597
186,-0.01977331455604106
187,-0.049110690024092435
188,-0.013347909902052861
189,-0.013187525640826925
190,-0.02982343978030244
191,-0.010944982456827956
192,-0.013545366264546221
193,-0.009861386863796201
194,-0.01802354397953901
195,-0.010179447028542343
196,-0.02576604648606897
197,-0.023167666523057046
198,-0.004217890947739347
199,-0.023400519672599762
200,-0.02860737669667371
201,-0.011721635657376162
202,-0.017510149107490998
203,0.014616716114093209
204,-0.02371693665110486
205,-0.0061813184334744975
206,-0.018394509204920917
207,-0.014618020746912819
208,-0.0030316448973656818
209,-0.03494750562405949
210,0.010460780703593464
211,-0.03260505422376331
212,-0.005971945775840648
213,-0.01600080216304442
214,-0.013441743575135473
215,-0.008881678110312874
216,-0.0021387638879603876
217,-0.015180297335209786
218,-0.04676375116851378
219,-0.028298738185283168
220,-0.0055346742546429906
221,-0.0016240742166472588
222,-0.03269824995567536
223,-0.024795085606561906
224,0.012244388156946354
225,-0.056258540505062904
226,-0.020432403428897433
227,-0.021356349562040244
228,-0.007419896883781724
229,-0.015130804803732835
230,0.00511229183911821
231,-0.03515363621635709
232,-0.005715914445525494
233,-0.03158622791972389
234,-0.03145583587572662
235,-0.023479900870037693
236,-0.010329718387532452
237,-0.015826931322201976
238,-0.02947639281929515
239,0.01105920653396733
240,-0.003451329347887111
241,-0.009143185590789804
242,-0.030911746890860736
243,0.0017855052239444807
244,0.009712620566995372
245,-0.015691441171686554
246,-0.05771219841530978
247,-0.061617989707723086
248,-0.031171273545281764
249,-0.0006032675374088581
250,-0.015239481086829876
251,-0.007185657782390886
252,-0.03793436838614658
253,-0.020985328369992257
254,-0.010611222850885199
255,-0.02960334967705397
256,-0.05034156022937933
257,-0.02434680279372259
258,0.013585950309277783
259,-0.037688734363778426
260,-0.02052370842893042
261,-0.026806272592901262
262,-0.013052058981642134
263,-0.03938108319176448
264,-0.03290040925049531
265,-0.021912424770617223
266,-0.014172724922330793
267,-0.0004441140072087568
268,-0.010552188718878641
269,-0.01685219471772631
270,-0.009814562250658299
271,-0.030964663124244007
272,-0.006466481155202708
273,-0.0022817966458634764
274,-0.020811666805447798
275,-0.020734438840769254
276,-0.0271039130455272
277,-0.03384685420027478
278,-0.0042529959896087655
279,-0.018709732862489947
280,0.014273758154804583
281,-0.049655482431592485
282,-0.012317095014770574
283,-0.015450906634006938
284,-0.024353498064574985
285,-0.022140236046234052
286,-0.048622779585289266
287,-0.0355831973727658
288,-0.009400543519458515
289,-0.04382957760756262
290,-3.249424838921988e-05
291,0.005593186569357478
292,-0.00918223873651608
293,-0.023714362548841406
294,-0.040322523835621016
295,-0.021975294176025922
296,-0.025438312687217426
297,-0.02741362857542884
298,-0.04396612720507134
299,-0.020420400183863624
300,-0.010639149261037595
301,-0.010251388467512113
302,-0.03788063299052449
303,-0.035824453781473135
304,-0.033965446074968875
305,-0.0340639883627783
306,-0.020780582060232894
307,-0.03468798836141902
308,-0.01572451158249788
309,-0.03133160562944359
310,0.0013040370008246815
311,-0.041233468850657
312,-0.02134389613190557
313,-0.005660750020922034
314,-0.0343611353146121
315,-0.020954189557852755
316,0.01673162408967438
317,-0.0028840581750328442
318,-0.015714707144530965
319,0.002496654641338608
320,-0.01723546686399935
321,-0.041323311071180785
322,-0.036799599658137394
323,0.010397798056379526
324,-0.02441687477270177
325,-0.003167492378557485
326,-0.00738444995745044
327,-0.028491116981875814
328,-0.02211759502282759
329,-0.019630709381378092
330,-0.04483657436487176
331,-0.04595486711700772
332,-0.006444318859432752
333,-0.029251596419604148
334,-0.051633494252416055
335,-0.024201976400455655
336,-0.005489716386092053
337,0.009235824276149635
338,-0.02894056948765006
339,-0.021326323954411083
340,-0.014583211106002358
341,-0.0266946410373287
342,-0.009582577863276896
343,-0.013075279904919357
344,-0.012920085977492737
345,-0.043064853478571724
346,-0.0282901717827021
347,-0.015519059922602357
348,-0.01667490064497082
349,-0.03147283717013877
350,0.004706824521137909
351,-0.0021805856850845573
352,-0.03264754658073629
353,-0.014496716802688797
354,-0.010983012616963134
355,-0.01952876928397161
356,-0.05250784001382963
357,0.006069170587126499
358,-0.0331627693184649
359,-0.03317275131686298
360,-0.04592101342665536
361,0.00730315268847535
362,-0.021955995140279735
363,-0.03356382612390135
364,-0.03894320072544294
365,-0.031380982190789164
366,-0.0012856440913224312
367,-0.032039748610215385
368,-0.019205283532870987
369,-0.011385292306026418
370,-0.03868700278215076
371,-0.01902155248642104
372,0.010086686629501351
373,-0.016601527466382937
374,-0.024941486154584677
375,-0.030867736990127903
376,-0.0009134478549112091
377,-0.005561111998549889
378,-0.041606131140757924
379,-0.01822474229793923
380,-0.008181409981450075
381,-0.07334626185479187
382,-0.006496512046859498
383,-0.036976088190726925
384,-0.01861335300278949
385,-0.0160311020308017
386,-0.03982856241390398
387,-0.05897953012676142
388,-0.028861570089087546
389,-0.019891884698364698
390,-0.05252607922260852
391,-0.026002138945305286
392,-0.021076215412581145
393,-0.018313717764273152
394,-0.005658256546737905
395,-0.04429189632638285
396,0.009131456206978583
397,-0.01730456108302246
398,-0.04624898557991686
399,-0.022450714201441457
400,-0.01574535746341918
401,-0.025525012766218713
402,-0.011154229876631006
403,-0.008834691270234854
404,-0.00941096800054414
405,-0.01195795714802278
406,-0.031740896048308154
407,-0.0228504546202159
408,-0.013140120277999268
409,0.008252399570014848
410,-0.02646705614247427
411,-0.013921609010878855
412,0.00406657449046334
413,-0.004316798088908558
414,-0.009112685417622168
415,-0.017274852375899263
416,-0.009367581182572277
417,-0.011067778362990499
418,-0.03163712346867603
419,-0.05172670405917043
420,-0.011629002809369737
421,0.001989481402925236
422,0.008308060022070796
423,0.0040853220171249705
424,-0.014129001604582914
425,-0.02844909934142187
426,-0.014733171401513007
427,-0.02378528860186191
428,0.0031136940399198454
429,-0.012692443217462684
430,-0.03136066182556713
431,-0.007006833941399532
432,-0.0032715555446312383
433,-0.0379083021435625
434,-0.0014427264674079787
435,0.00877232357089397
436,-0.005597841516158164
437,-0.018927210179538412
438,-0.03603712902985973
439,0.015447412484009604
440,-0.03938559071469026
441,-0.01523867128358028
442,-0.01162068965383109
443,-0.014779166629703078
444,-0.025522022181514503
445,0.00386867179627165
446,-0.010908582546281548
447,-0.005964974718100452
448,-0.0372886229158412
449,-0.024090524486437864
450,-0.03326731129159308
451,-0.02051171390258283
452,-0.01493557856054939
453,-0.04216183212666552
454,-0.01246821044036156
455,-0.017981981562847138
456,-0.013272119252341313
457,-0.026178625603623495
458,-0.019630439760257884
459,-0.025872076009402556
460,-0.010416012815429504
461,-0.0016573172656097201
462,-0.01813554960755298
463,-0.014509083181040827
464,-0.02379672168300033
465,-0.017496366856731088
466,-0.01240987556635828
467,-0.007898698441259178
468,-0.041428266563238614
469,0.0041722941327135
470,0.016046371221566644
471,-0.05996809912925316
472,-0.012645967748297238
473,-0.03936516342356755
474,-0.023922229052620855
475,1.1400832810926076e-05
476,-0.017210845811172992
477,-0.015148264559244784
478,-0.007231710029482072
479,-0.033463033233906064
480,-0.00479654077526484
481,-0.027117586033082702
482,-0.03074571191621367
483,-0.03384899675435987
484,-0.019679744980015346
485,0.009455587823272715
486,-0.0205630122114496
487,-4.873546066680445e-05
488,-0.03340818872353585
489,-0.006660196124140205
490,-0.01467895525553542
491,-0.003559934723566416
492,-0.004029114140897294
493,-0.03783403535724966
494,-0.026667558605874317
495,-0.03666755803668531
496,-0.01056749875690248
497,-0.01969436354394344
498,-0.016917304361802776
499,-0.020534469122038712
500,-0.03593206373456728
501,-0.020944201016781766
502,-0.023228825416970023
503,0.003153423806113026
504,-0.01459792796371262
505,-0.002651696579637007
506,-0.02629053134691625
507,-0.001892533404246416
508,-0.03701763305938938
509,-0.026409317134539062
510,-0.030703138906450378
511,-0.015134052929549002
512,-0.03867670416006591
513,-0.0004454884730766828
514,-0.014776782287704418
515,-0.01395812025246429
516,-0.02403968827118108
517,0.003515504247950274
518,-0.021058392611980725
519,-0.017269465349703805
520,-0.005540562557942275
521,-0.02711262675777798
522,-0.013182280816227153
523,-0.02272434758337301
524,-0.022767184298386367
525,0.0007696656063123641
526,-0.033954051966004345
527,-0.04442006626872386
528,-0.018825991828772426
529,-0.0004998700470649486
530,-0.002180456655576146
531,0.02383620664126205
532,-0.012869830221662742
533,-0.02433221039543787
534,-0.017959058882934947
535,-0.017396631343796848
536,-0.039536797428961684
537,-0.02185498746954498
538,0.00814210444762388
539,-0.015548431376466776
540,-0.005864959725606966
541,-0.022210151050329724
542,0.01328785858360873
543,-0.014869885549683881
544,-0.018975386932576138
545,-0.03193671595962172
546,0.0021171520523471377
547,-0.04186066291542284
548,-0.0520908812440625
549,-0.026776027365877225
550,-0.012353121853625249
551,-0.013976114902895187
552,-0.04950954660173134
553,-0.04065699213147553
554,-0.03913624276751233
555,-0.027992065396132408
556,-0.028887265648351798
557,-0.013809619222649172
558,-0.02438222026723902
559,-0.04234370852960334
560,0.012581436903838394
561,-0.02078421009467056
562,-0.016511623301733808
563,0.0005671856997447322
564,-0.032845966708728525
565,-0.0023730515070027186
566,-0.008472485277800035
567,-0.04021406765252444
568,-0.05226293715788438
569,-0.019917620161343547
570,0.0034331565344388054
571,-0.006195872148716447
572,-0.012466192671174992
573,-0.007472982462637667
574,-0.0030592692901587615
575,0.004987588452147071
576,-0.04163852561786058
577,-0.022219830640609062
578,0.008658263149480983
579,-0.01145932813070405
580,-0.04827253634123907
581,-0.04656833551368887
582,-0.01223136889791615
583,-0.016533814112478562
584,-0.019906223127756584
585,-0.012036222203376551
586,-0.03698759748381597
587,-0.02096132593803765
588,0.013267120555862155
589,-0.015078373425659958
590,-0.03420380733101974
591,-0.0338978994898847
592,-0.025878801413966507
593,-0.026357901460170613
594,0.016886237764730992
595,-0.017404354262750277
596,-0.01140013259258879
597,-0.01302984282380476
598,-0.03281980871423591
599,-0.0007835438285218599
600,-0.016075771957406004
601,-0.019766269890350824
602,0.00022812595241139544
603,-0.033597056938440756
604,-0.02531010522487437
605,-0.036674491645069224
606,-0.03008120676178061
607,-0.007078672925871804
608,-0.02165211854500404
609,-0.02993670884419347
610,-0.004500220993922943
611,-0.028027813936601725
612,-0.024065129826104814
613,-0.014250907973062055
614,-0.04543034206318425
615,-0.004219137939372231
616,0.01165332253211053
617,-0.0027481060993300166
618,-0.03635422404153962
619,0.005153243018975434
620,-0.018791721845661337
621,-0.03220984099477263
622,-0.023561610827757623
623,0.007702073209137031
624,-0.03767925168795783
625,0.01978358083363871
626,-0.009278179082043814
627,-0.052396216361009884
628,-0.024185080848002832
629,-0.01875354700033488
630,-0.03388374789356548
631,-0.006057319917556259
632,-0.0019353002650824708
633,-0.04901994643018798
634,-0.01239525366333799
635,-0.01005904920818651
636,-3.9321924192092794e-05
637,-0.00024817503576193833
638,-0.012927441445694021
639,-0.010268749301752644
640,-0.0033017917735632396
641,-0.05818349991600706
642,-0.012239869006128334
643,0.008524022471697063
644,-0.01608651392650584
645,-0.02044852226855559
646,-0.03169539154429152
647,-0.004184400781112069
648,-0.04726235499592901
649,0.006219774835173192
650,-0.015437916321506845
651,-0.006079930145395873
652,0.0010722639628457376
653,0.0027978247015010838
654,-0.020714828207091286
655,-0.018271636196848906
656,-0.020596326745889737
657,-0.009550670698752484
658,-0.036302314736101016
659,-0.00014597074218780648
660,-0.015574498372764534
661,-0.03354330466926464
662,0.00022093278962165286
663,-0.004710329038603411
664,-0.0208773215537654
665,-0.027614175830022264
666,-0.001031918868906856
667,-0.024675305321651776
668,-0.014439895143997683
669,-0.011297989769638306
670,-0.05742125512220081
671,-0.008782454254280175
672,0.006738954299422201
673,-0.028953164586060787
674,0.0035640045406998
675,-0.0056494501123249136
676,-0.008378773923037874
677,-0.007005752433767096
678,-0.03350585274481288
679,-0.0010971340695516973
680,-0.04162945909909882
681,-0.03216588721221664
682,-0.0026437385337624297
683,0.010652821695144837
684,-0.013501152511144029
685,-0.03614774659736597
686,0.021365123350348764
687,-0.028261688363400927
688,-0.02121538728560657
689,-0.020698827820158194
690,-0.005414958345029891
691,-0.020751709316554304
692,-0.03232100366456256
693,-0.022947054266881678
694,-0.017227958985167935
695,-0.025460334909454374
696,-0.03546536229898606
697,-0.03220629211876358
698,-0.009620046381063035
699,-0.03441073006912915
700,-0.005025124474798831
701,-0.026832919187006837
702,-0.014603467975313283
703,-0.008819905510370318
704,-0.022516786755691465
705,-0.04722475142854499
706,-0.006374388886914356
707,-0.027434657158014783
708,-0.018992658896350573
709,-0.036426590701112704
710,-0.04236880865728266
711,-0.023002299335593113
712,-0.04444073309039831
713,-0.03445864523451046
714,-0.009835934773843785
715,-0.021188328218980507
716,-0.01950768071009204
717,-0.029685390970758285
718,-0.007730764729217243
719,-0.023982312311364884
720,-0.003912563236854016
721,-0.029337862543867554
722,-0.02334226507223304
723,-0.021216999424771787
724,-0.017057428460924035
725,-0.001321360571532204
726,-0.006960616582029983
727,-0.024522351960226202
728,-0.0070821619455581075
729,-0.01119434072636541
730,-0.013579048801863669
731,-0.021335087044612316
732,-0.02089389950472187
733,-0.030247889761590346
734,-0.014360454230002456
735,-0.04009426204318664
736,0.010100896907796392
737,0.0015232565195202608
738,-0.0040516440674207566
739,-0.0306766268587903
740,0.0006082558385135106
741,0.0073792035406470835
742,-0.05934678825602541
743,-0.014338059981307882
744,-0.035624172595037834
745,-0.032446168858271424
746,-0.05224771124927883
747,0.010734267867972602
748,0.02548798433290922
749,-0.02273922352610594
750,-0.004089536022651941
751,-0.01407258724357996
752,-0.03376760024942416
753,0.006468715426178884
754,-0.005479380601890904
755,-0.02369501307360483
756,-0.023421574184230853
757,-0.01884630138312038
758,-0.021376048648615087
759,-0.016702375026990207
760,0.0007590720417707982
761,-0.02738984755945284
762,-0.022500097113320447
763,-0.035128327582305025
764,-0.026819923156419068
765,-0.006842783079288192
766,-0.016964649859345968
767,-0.012982226361560822
768,-0.0010689280108748256
769,-0.022947345643509087
770,-0.015425019989049826
771,-0.020044254031195807
772,0.007165263335960709
773,0.0032429437106815014
774,-0.005377299230741095
775,-0.01556464336097304
776,-0.027271069156155167
777,-0.01880356410014139
778,-0.011796279746353333
779,-0.047365015726715476
780,-0.01965131847394478
781,-0.006378360194652544
782,-0.002321472611398867
783,-0.028342756652139006
784,0.005414055878436297
785,-0.02570423291436713
786,-0.007400430354666393
787,0.0035323330592163804
788,-0.0002756846828895626
789,-0.0003166195729167598
790,-0.003980166107787592
791,-0.01916431181932232
792,-0.03739174342655921
793,-0.026606955103375733
794,-0.013863898574764916
795,-0.01793345147981723
796,-0.03623296291009577
797,-0.04107922410813569
798,-0.017912445409260375
799,-0.022564667346430756
800,-0.028774266008648325
801,-0.01830600754929171
802,-0.0202593286456359
803,-0.04157989863834621
804,-0.019191504162361622
805,-0.030003365596677822
806,-0.01150873512879845
807,-0.01407443928072799
808,-0.002683792097095239
809,0.007612118253767564
810,-0.013833461005016173
811,0.0019390759339239783
812,-0.023357166763846957
813,-0.014727904842218809
814,-0.01543568547349286
815,0.010180733631620864
816,-0.012358289930670147
817,-0.03418123898101244
818,-0.03854386758481221
819,-0.04584971845194352
820,0.005331612391034246
821,-0.019344472008510416
822,-0.008919940782430968
823,-0.008757994315092305
824,-0.02947064809112676
825,-0.019072607410151016
826,-0.034188664389337986
827,-0.024419536388070012
828,-0.010312002554116045
829,-0.0002082702210974008
830,-0.0005555287281431842
831,-0.026284718352041048
832,-0.006509308248275891
833,-0.01057845851837147
834,-0.011337366575194359
835,-0.007497440656686533
836,0.0010104677400162715
837,-0.001793999114056033
838,-0.048128418297623626
839,-0.035908580192808154
840,-0.018351417204348686
841,-0.04073547261503986
842,-0.017946205463926293
843,-0.04270008486343041
844,-0.029403877282130564
845,-0.0222134034231235
846,-0.0006224662894376842
847,-0.031265964124216505
848,-0.026662052882507004
849,-0.022858910610458527
850,-0.008585946596108118
851,-0.05958387916655175
852,-0.029964001385081096
853,-0.011866789708485384
854,-0.024504666502537492
855,-0.007360422567422115
856,-0.02503041077694529
857,0.0018676976129745892
858,-0.0055496066505408
859,-0.018276030867387664
860,-0.012224573274670886
861,-0.012747838984491666
862,-0.010911044844734902
863,-0.013446621211988918
864,-0.0018977864256350674
865,-0.038242446597963276
866,-0.01824705883482247
867,-0.012538892277091263
868,-0.047129084934685456
869,-0.037297003489305036
870,0.0036443950878634335
871,-0.018989769395279854
872,-0.009789077928597845
873,-0.015158050306770227
874,-0.016946824396194368
875,-0.016841565478083742
876,-0.022332186305479396
877,-0.011032326513130686
878,-0.03258940770191168
879,-0.02434363730093754
880,-0.027528326659769134
881,-0.0046654282010414605
882,0.00508958985286323
883,-0.019606307558207192
884,-0.0006167601981552015
885,-0.013184679210912681
886,-0.018847173768157865
887,-0.007626768473872142
888,-0.05014831030126851
889,-0.03175352707544338
890,-0.008654085393484223
891,0.002602923555076131
892,-0.04013440856876549
893,-0.00019053896796134007
894,0.0023886524767808004
895,-0.04277011874067471
896,0.01918365433917943
897,-0.04362834477416622
898,-0.03959005219390002
899,-0.013690887925689732
900,-0.016043543520689568
901,-0.029193892172501457
902,-0.004143908820862852
903,8.167429340794063e-05
904,-0.0004646684140547086
905,-0.022238852336612935
906,-0.01727874457493811
907,-0.02671572070574707
908,0.0011915779177556624
909,-0.024663481883150373
910,-0.02110523224447583
911,-0.00041753497259511274
912,0.010200592558933824
913,-0.05266088947336903
914,0.004543295013486437
915,-0.013589176919853396
916,0.025922890690066258
917,-0.022944128907654182
918,-0.029836707491235362
919,-0.002022124176014106
920,-0.02200966265485388
921,-0.004863968822675591
922,-0.01730851593553745
923,-0.0029635133373583644
924,-0.04653404855529364
925,-0.004502905064665358
926,-0.030926394689114983
927,-0.028371591078988456
928,-0.015572483235799683
929,-0.020633472971708533
930,-0.017655686406254756
931,0.016359449924520417
932,-0.04448665187590284
933,6.94949959507557e-05
934,-0.049179287142222264
935,-0.034091262290339666
936,-0.028643890979062225
937,-0.014880717347753702
938,-0.020771949249912852
939,-0.021148073723355892
940,-0.025354940085154848
941,-0.017445663399574707
942,0.0007151268711959313
943,-0.02814599748928015
944,-0.01584202462904659
945,-0.045845889700571574
946,-0.0073759942050237726
947,-0.03538919447287858
948,-0.033344012498699616
949,-0.017018090929712765
950,-0.04026459235420668
951,-0.022681738440908955
952,-0.028681689958672096
953,-0.026533431818272835
954,0.008893730933488775
955,-0.011256109149520688
956,-0.029781527630476146
957,-0.017701660575484085
958,-0.011991921274731837
959,-0.022087718566752235
960,-0.015555986142167466
961,0.0161588168202568
962,0.008546043350159155
963,-0.019312702036420992
964,-0.029164888812171108
965,-0.01996247670490811
966,-0.04565223599358015
967,-0.028255050894458386
968,0.005792675372003453
969,0.00037045836194740667
970,-0.024542370372672817
971,-0.007171472018945246
972,-0.020680280653900845
973,-0.023172308624546722
974,-0.008196875153438643
975,-0.028915377401832837
976,-0.02265382555645748
977,-0.0177079557067239
978,-0.006180503948372218
979,-0.005364826504443976
980,-0.014040562286828193
981,-0.014171397313501768
982,-0.025426498409023335
983,-0.030143380789404844
984,0.006088923013453998
985,-0.011982011601948173
986,-0.04876833370464351
987,-0.014471394041452812
988,0.0016730454619033608
989,-0.028270688131662336
990,-0.015770652870067736
991,-0.008428040251829888
992,9.561789042597524e-05
993,-0.018976472477879314
994,-0.03616568005434234
995,-0.022448064497651105
996,-0.003466023702933793
997,-0.02839586827094312
998,-0.02450647244400983
999,0.01644244509048895
1000,-0.032007582200394125
1001,-0.009990496752057654
1002,-0.036189299699179805
1003,-0.0041377172115101835
1004,0.009201708942791278
1005,-0.025081096908926515
1006,-0.024312808198131752
1007,0.009927348864717023
1008,-0.02400342865425595
1009,0.007064344720380963
1010,-0.014362699178458838
1011,0.002373159986581934
1012,-0.03676604794360627
1013,-0.01036261329783833
1014,-0.017921895947069
1015,-0.013903743824910775
1016,0.006774263282578838
1017,-0.03405550650691418
1018,-0.023059165738844756
1019,-0.02476288670214033
1020,-0.009762765143452257
1021,-0.05344776990479086
1022,0.02437748035522061
1023,-0.026442565706152443
1024,-0.008655326870778815
1025,-0.0020909970975207665
1026,-0.013135041248829415
1027,-0.038728502615835464
1028,-0.004063994977754486
1029,-0.018525632194630243
1030,-0.02756307782735451
1031,-0.028819672224132842
1032,-0.03135247535862036
1033,-0.03270588789750792
1034,-0.01513252682390049
1035,-0.028749547717155877
1036,-0.007675773489200097
1037,-0.003938061580181396
1038,-0.020105612135719264
1039,-0.021064607167034066
1040,-0.04424786471301778
1041,-0.04407229875648139
1042,-0.011417809596146716
1043,0.0034619157607561624
1044,0.018927420535000933
1045,-0.02987153897743955
1046,-0.004381978246197238
1047,-0.004816556430452923
1048,-0.016890605996298665
1049,-0.012922756742600683
1050,-0.04409319444146004
1051,-0.020046823753437304
1052,-0.03765245202031721
1053,0.0018330800535537317
1054,0.003841603791472581
1055,-0.019164024025723092
1056,-0.00498204148852964
1057,-0.022386153503502197
1058,-0.019960689636351503
1059,-0.055584632721294436
1060,-0.04190427517711501
1061,-0.007425500495803455
1062,-0.018188397234309345
1063,-0.04506025178460585
1064,-0.03122302830563592
1065,-0.014048450556884695
1066,-0.014467898188056827
1067,0.00933347473271004
1068,-0.04373568794411642
1069,-0.023255795651524525
1070,-0.0144094984121419
1071,-0.02676212408441156
1072,-0.04396801930907618
1073,-0.015741626424936594
1074,-0.01014405911749211
1075,0.0036425841132384784
1076,0.004223072581730866
1077,-0.02992154392515877
1078,-0.021930727989908166
1079,-0.013770109735625181
1080,0.0057956929712497385
1081,-0.027532240596938706
1082,-0.026293765084152987
1083,-0.002954938752818881
1084,-0.04331990431167328
1085,0.004252723057634911
1086,-0.0034476666401173223
1087,-0.0015242423419239148
1088,-0.03609328185783106
1089,-0.03061020100988221
1090,-0.017666890365365062
1091,-0.019077608327701584
1092,-0.007287184250924693
1093,0.022966027277901035
1094,-0.03420703234675221
1095,-0.02972844340392361
1096,-0.0031632505617337214
1097,-0.014559339831744511
1098,-0.02729670852149574
1099,0.011396687042915993
1100,-0.028962599641036146
1101,-0.010610718523933999
1102,-0.01008676456618246
1103,-0.010008078902322859
1104,-0.0273747137629083
1105,-0.011882339662937835
1106,0.009695702659311412
1107,-0.01920513715995459
1108,-0.006126623242898976
1109,-0.03525931286545088
1110,-0.015454828508024404
1111,-0.00785452866884398
1112,-0.01997111014033448
1113,-0.010116918150524096
1114,-0.019866442645933666
1115,-0.039721856867077965
1116,-0.002628394476423407
1117,-0.02436704995830072
1118,-0.04208375620521004
1119,-0.01864077163097022
1120,-0.01442486703747145
1121,-0.043651358466071745
1122,-0.02624402651067373
1123,-0.0028326228374382922
1124,-0.012444030461866179
1125,-0.020740169536375225
1126,-0.026768902109711445
1127,-0.027325529399458565
1128,-0.018769588069526583
1129,-0.019194322695446492
1130,-0.028859002237930587
1131,-0.028624782678009178
1132,-0.028643380805992602
1133,-0.028026885127298992
1134,-0.019418861602384457
1135,0.011853472766363518
1136,-0.020888531774612168
1137,-0.029400433320236757
1138,-0.006715247464451235
1139,-0.02732132885605891
1140,-0.021684776335464506
1141,-0.02432060269893519
1142,-0.020224619204979005
1143,-0.026995400642193378
1144,0.010791539595603666
1145,-0.0002867073662021352
1146,-0.03172533793789831
1147,-0.0164526992356141
1148,-0.02575909512032759
1149,-0.002348311477164272
1150,0.020637761356388305
1151,-0.02656082403816229
1152,-0.01726783982367186
1153,0.0009858581360116525
1154,-0.02475265711982938
1155,-0.023515394230222253
1156,-0.005565386392687638
1157,-0.01176719393030666
1158,-0.0208295999648222
1159,-0.015124690393487211
1160,-0.04331235174441636
1161,-0.027497815682327564
1162,0.002702105082220678
1163,-0.03441543628765048
1164,0.000732632121523108
1165,-0.03260627504305797
1166,-0.02913866829110462
1167,-0.0320966124992228
1168,-0.018019331300420993
1169,-0.02301582669958835
1170,-0.016113864618761062
1171,-0.007785334095866958
1172,0.013065810581929613
1173,-0.028199335466674524
1174,0.0001549411389112909
1175,-0.041536121548213845
1176,-0.019767196486176697
1177,-0.015587364366209083
1178,-0.03489539834597377
1179,-0.026872058604561516
1180,-0.04944993558319194
1181,-0.006290507960300951
1182,-0.011307403853063558
1183,-0.04714014145097434
1184,-0.026673063843735356
1185,-0.011765076387015683
1186,-0.024389472761697117
1187,0.0038521084300526254
1188,-0.020171763721576058
1189,-0.03061726168506827
1190,0.009770931013862158
1191,-0.04447313072662429
1192,-0.019256886783304117
1193,0.002023570352432308
1194,-0.04708875199804921
1195,-0.002844789629416422
1196,-0.017871429067313038
1197,-0.03592170179245634
1198,-0.00919097216643816
1199,-0.005306706233723424
1200,-0.02215985583139038
1201,-0.019326368258842902
1202,-0.023111807275472657
1203,-0.025780029424714884
1204,-0.028812314599354974
1205,-0.016355592587771445
1206,0.004722129796242314
1207,-0.02205165201157841
1208,-0.02338101523276162
1209,-0.010216855351961623
1210,-0.04494619646740172
1211,0.0010659432359687027
1212,-0.0004287589216077914
1213,0.005241745332993902
1214,0.005301095494763874
1215,-0.022811786235125864
1216,-0.0109813079244191
1217,0.005183637260646232
1218,-0.03399656795312428
1219,-0.041537729744663215
1220,-0.010071357954348381
1221,-0.023028549773304346
1222,-0.020693273493600978
1223,-0.006888634209862132
1224,-0.015127976655288589
1225,-0.03838494435596318
1226,-0.01444848604034199
1227,-0.025473227436462687
1228,-0.009608420146191565
1229,-0.03155152013105267
1230,0.013681856841936735
1231,-0.011720228063869603
1232,-0.024042497899065818
1233,-0.00839570544144902
1234,-0.055897837819861906
1235,-0.010278046738609298
1236,-0.002713692893383385
1237,-0.016075324264906196
1238,0.009931668466982096
1239,-0.010748280298960827
1240,-0.024396892371038398
1241,-0.00668659581640435
1242,-0.026751308437538895
1243,-0.014871006293810773
1244,-0.010314382060622018
1245,-0.0069366494795686795
1246,-0.028343308469152284
1247,-0.0008176917129554401
1248,-0.027453653113577364
1249,-0.012798009976774771
1250,-0.024102713252047187
1251,-0.03952100810285572
1252,0.004155957066175525
1253,-0.020928735189519848
1254,-0.02195068838859729
1255,-0.014274842369245588
1256,-0.028225933845418688
1257,-0.01893963347592953
1258,-0.00023795778795412947
1259,-0.023809142202521366
1260,-0.014062978940858006
1261,-0.03519818242762765
1262,-0.01784826446183163
1263,-0.022524310586625435
1264,-0.026117909279456702
1265,-0.018602241236925415
1266,-0.017000780264665186
1267,-0.034696487604425674
1268,-0.00833373139566801
1269,-0.02077468175762226
1270,-0.02387794188444875
1271,-0.010714601611124974
1272,-0.02602051469033545
1273,-0.005354676758711152
1274,-0.00847146390889017
1275,-0.016042414150182843
1276,-0.02987423517780763
1277,-0.037880170665692714
1278,-0.030853750091795154
1279,-0.013900912753324883
1280,0.008501366101952929
1281,-0.02893082230297922
1282,-0.054149398799811066
1283,-0.01948141530152339
1284,-0.03294080965806544
1285,0.004860206282306767
1286,-0.016964868010198864
1287,-0.016865940972559
1288,-0.003468804667716846
1289,-0.000537821442649411
1290,-0.019247308092354087
1291,-0.02304311190648889
1292,-0.007065737853914289
1293,-0.021052552006333047
1294,-0.017964657974795017
1295,0.00146995912180653
1296,-0.03805742234338405
1297,-0.02282846126664878
1298,-0.017968798081273774
1299,-0.0015735689270586772
1300,-0.023342745026859346
1301,-0.01380200191334581
1302,-0.034648873946015096
1303,0.004112371850573546
1304,-0.009902762218011646
1305,-0.0009559471202187364
1306,0.0012207573397794436
1307,-0.020021714707446847
1308,-0.025266317123534582
1309,-0.020372492251290175
1310,-0.04316262833558354
1311,-0.013341235384568051
1312,-0.019594735710791483
1313,-0.023064950998090833
1314,-0.045275350223753424
1315,-0.02412965082721044
1316,0.010938724863441024
1317,-0.03931740356998645
1318,-0.011340420272434149
1319,-0.017129195744240336
1320,-0.004208425085683587
1321,0.0023945000509628667
1322,-0.04452300651696289
1323,0.01852239984848769
1324,0.005132521632196949
1325,-0.014167496884795877
1326,-0.03605340418582989
1327,-0.05393898365841088
1328,0.0008933486050269612
1329,-0.02076798564611726
1330,-0.010527701541623635
1331,-0.05434262492615702
1332,-0.02791674472018499
1333,-0.031112336587139036
1334,-0.00817599526954571
1335,-0.015531527680249568
1336,-0.020497182113365348
1337,-0.036423311956861104
1338,-0.03206161943051
1339,-0.012292370229611077
1340,-0.027873412174781287
1341,-0.0009816712452675562
1342,-0.04102652761627168
1343,-0.030394344948012367
1344,-0.021476395867299422
1345,-0.007429455343197694
1346,-0.014662625728512235
1347,0.017362158942997787
1348,-0.029054144564706175
1349,0.006018369583998262
1350,-0.011013554841365875
1351,-0.007287571724557355
1352,-0.02042944314865272
1353,0.0034886080202810588
1354,-0.05545000520052726
1355,0.015906947182713516
1356,-0.028865479228887242
1357,0.007713002189816229
1358,-0.020297581163205514
1359,-0.000270600967040735
1360,0.0011436661920920799
1361,-0.006630391007570902
1362,-0.021710867249505605
1363,0.004178867875791803
1364,-0.000438050549173008
1365,0.004171224218014802
1366,-0.003897330525031953
1367,-0.00644251367466811
1368,-0.015258800183922228
1369,-0.018394914603248463
1370,0.011714521255705851
1371,-0.020707202162900423
1372,-0.03302149574482577
1373,-0.02834403318567466
1374,-0.004970829120577752
1375,-0.008194257272028549
1376,-0.030946479480413458
1377,-0.021000144796349055
1378,0.005029862817598069
1379,-0.04427115169119655
1380,-0.01837652537094811
1381,-0.0032858435180040946
1382,-0.022867251546296846
1383,-0.031803136283652916
1384,-0.013040328512639476
1385,-0.01776388939142176
1386,-0.05485321185669506
1387,-0.0029488631076722283
1388,0.007413887231546429
1389,-0.004509686121048878
1390,0.012007979447618083
1391,-0.02772320582468324
1392,-0.011913618556826877
1393,-0.05501188710009208
1394,-0.020485946617749586
1395,-0.04750219613601092
1396,-0.02538341055824135
1397,-0.014243752724635794
1398,0.006224477871579828
1399,-0.0018048148395380381
1400,-0.004703152791263154
1401,-0.018480461857563094
1402,-0.0023960274118118574
1403,-0.02356181771577026
1404,-0.01973777833244708
1405,0.008550690274311754
1406,0.013644639165102793
1407,-0.000592883232738789
1408,0.007904273514428906
1409,-0.02252391338376114
1410,-0.017959565972037267
1411,-0.019402188517926314
1412,-0.008722702503391883
1413,-0.02976591608642512
1414,-0.007931236687946097
1415,0.005979786642531043
1416,-0.050233087686016066
1417,-0.023329178696616285
1418,-0.023107190587525778
1419,-0.019338970519573784
1420,-0.0008175259298041082
1421,0.003265864596001533
1422,-0.025188168479625267
1423,-0.03505644403335756
1424,-0.02477192394355343
1425,-0.006811023098593771
1426,-0.03679181760261968
1427,-0.005424031482442804
1428,-0.020455115100644378
1429,-0.019496468001367645
1430,-0.013166013578039731
1431,-0.013359684581132666
1432,0.006435215148090256
1433,-0.009989714625778634
1434,-0.028706832396806395
1435,-0.03046222613682331
1436,-0.03437824515416499
1437,-0.050316614676615024
1438,-0.009459883834138622
1439,-0.02538419015272103
1440,-0.055154583200986484
1441,-0.038855901336690146
1442,-0.02282929009179658
1443,-0.004540502423589748
1444,-0.03465046351493084
1445,-0.03249620672208753
1446,-0.005459032838620204
1447,-0.014523669932151567
1448,-0.019640603918754385
1449,-0.01325083305885616
1450,-0.01899020535250978
1451,0.012912451173805684
1452,-0.0001719963380804601
1453,0.0002541606145493036
1454,-0.011955802533357013
1455,-0.015890995157038124
1456,-0.04059495612435485
1457,0.002386029483652824
1458,-0.027293808995412838
1459,-0.008019513799151418
1460,-0.022408164138932873
1461,-0.03474846248964458
1462,-0.05718746015400569
1463,-0.019002440764053913
1464,0.005833821902681387
1465,-0.0072471794508057324
1466,-0.01431051959921037
1467,-0.03312454679493049
1468,0.023943205016580815
1469,-0.03642961811366449
1470,-0.009011618069341504
1471,-0.006130888683694297
1472,-0.010756206713360111
1473,-0.03345817074420765
1474,-0.02733134824241841
1475,-0.0033583874111590695
1476,0.006657893051325803
1477,-0.04967263263200539
1478,0.005361810699489544
1479,-0.01273331073142378
1480,-0.03306943724725178
1481,-0.034621451977364576
1482,0.0015567270270951394
1483,-0.026981761223841938
1484,0.004235174797264485
1485,-0.018694005583001994
1486,-0.0044188127539802335
1487,-0.011357687089261714
1488,-0.023811509683773657
1489,-0.0040945422469508
1490,0.0038758731676128144
1491,-0.029869950019843217
1492,-0.02261100033618247
1493,0.01115993892362685
1494,-0.037017821564926334
1495,-0.027480216773361127
1496,-0.022303918086946095
1497,-0.01601761018816717
1498,-0.029503844118796724
1499,-0.02490680360095826
1500,-0.012715538231941312
1501,-0.022194647454712307
1502,-0.028004557735575974
1503,-0.04262905744782819
1504,-0.04851595981688206
1505,0.00623398557370633
1506,0.002451275015449589
1507,-0.021689315066775322
1508,-0.034407680018683606
1509,-0.017277375456810296
1510,-0.0057942141784862455
1511,-0.043979895081017226
1512,-0.010932939097835326
1513,-0.008656958701589057
1514,0.02338424948678622
1515,-0.018980306954630766
1516,-0.004469089635700418
1517,-0.01788415883572636
1518,-0.04489031665674237
1519,-0.019888732871237685
1520,-0.0005351725894287007
1521,-0.021449221564355803
1522,-0.014075807863684897
1523,-0.03488295696004026
1524,-0.041155404229921005
1525,-0.034080219879721305
1526,-0.03543538072045049
1527,-0.03280277434112322
1528,-0.012359634317952284
1529,-0.0026648717011189815
1530,-0.03249411728514345
1531,0.008893493424894539
1532,-0.014012239624413891
1533,-0.02988243598564122
1534,0.0023052701664248096
1535,-0.01360253748868362
1536,-0.011422916095844352
1537,0.00819619501623775
1538,-0.03240180365024492
1539,-0.01970830904838844
1540,-0.02504369331186565
1541,-0.010661309378544537
1542,-0.01422857843325993
1543,-0.011674629872541809
1544,-0.01978146898157243
1545,-0.0002688850555009467
1546,-0.0024389162849508816
1547,-0.009215927185658779
1548,-0.03632745218320532
1549,-0.026074227781415646
1550,-0.011746142534997006
1551,-0.006311030810856544
1552,0.0013581889150374449
1553,-0.0015302448207777652
1554,-0.004403989995161645
1555,-0.030089818158525183
1556,-0.01267806088846632
1557,-0.01614025315861578
1558,-0.02159987727311738
1559,-0.03183058682004602
1560,-0.028700803769876326
1561,-0.009572519194948809
1562,-0.03520014265265686
1563,-0.017666511891090253
1564,0.007059674439709895
1565,-0.001657111894035057
1566,-0.0035559033459057476
1567,-0.0020859133767844873
1568,-0.015006238942028127
1569,-0.042127544091090596
1570,-0.009004917299933857
1571,-0.005284958205743345
1572,-0.03449924116756864
1573,0.005629529377738363
1574,-0.05392665301059432
1575,-0.026020829342439267
1576,-0.02943113866256561
1577,-0.0032976693023345494
1578,-0.012041785929752802
1579,-0.0399136869897769
1580,-0.03857739584349039
1581,-0.015134082655783865
1582,-0.04202357833234541
1583,0.009931174148122186
1584,-0.03339764019146746
1585,-0.014902581220581232
1586,-0.019498135005482586
1587,-0.04209590660627999
1588,-0.03446828738206936
1589,-0.014516076688762675
1590,-0.006353774144894547
1591,-0.0360741302244392
1592,0.02039226406743172
1593,-0.0031877073452517557
1594,-0.009845531422969345
1595,-0.025778002130756178
1596,-0.011045241101453523
1597,-0.0032916470856897695
1598,-0.024827803907838848
1599,-0.02617428223431867
1600,-0.03609036571762453
1601,-0.017745691109944062
1602,-0.043043091280652174
1603,-0.015467354297226954
1604,0.010247297337355438
1605,0.022379868292452254
1606,-0.03485254542824506
1607,0.0004600573500962435
1608,-0.035929362263046716
1609,0.0017549193183404865
1610,-0.01623920128938333
1611,0.0036198274218607607
1612,-0.026561525537844022
1613,0.015269803614714791
1614,-0.027826113302515137
1615,-0.008442708545320393
1616,-0.03521400073837411
1617,-0.040284031049953484
1618,-0.022848555113877955
1619,-0.014139532188193804
1620,-0.0011277771041931159
1621,-0.013487368678881784
1622,-0.018580650907370863
1623,-0.005362482824456644
1624,-0.02894419855571928
1625,-0.03130709878600237
1626,-0.01776924431239646
1627,-0.005665532617326885
1628,-0.008455416248393216
1629,-0.022849083451931457
1630,-0.0019444066885272449
1631,-0.04367314472084596
1632,-0.02535325708844506
1633,-0.018003442835967803
1634,0.010660971518487272
1635,-0.05335233084074188
1636,-0.00042081010639685723
1637,-0.007089980381003856
1638,-0.02884472389851722
1639,-0.03346591476903532
1640,-0.022667835404479184
1641,-0.03241096137853594
1642,-0.01391898994359786
1643,-0.026895020579998097
1644,-0.025425137211402576
1645,-0.0074489899086200295
1646,-0.0360963991748543
1647,0.020776633843488324
1648,-0.023867709900500383
1649,-0.020807061267546376
1650,-0.02642987652546186
1651,-0.01851955204106772
1652,-0.013772862110336292
1653,-0.019008291688984408
1654,-0.020755334098027822
1655,0.006025565898056438
1656,-0.0056327374282610365
1657,-0.012457460656375013
1658,-0.02367058656045662
1659,-0.033361449628518225
1660,-0.018238735902277453
1661,-0.034015077203900956
1662,-0.035850952773331723
1663,-0.026954753629674005
1664,0.00631449796046718
1665,-0.026403823546553074
1666,-0.007059285370654145
1667,0.0041881379138135055
1668,-0.009247330549205957
1669,-0.027605522983183306
1670,-0.03484092884220635
1671,-0.02173106082470161
1672,-0.009887919402361306
1673,-0.023517593636272427
1674,-0.0399436171034378
1675,-0.028130113394604778
1676,-0.023580537604132673
1677,-0.03227952231429489
1678,-0.0033118788460211046
1679,0.006636361434401661
1680,-0.014090480605045363
1681,0.01215249680495388
1682,-0.04390898441728894
1683,-0.03141032516947387
1684,-0.024211624710978513
1685,0.007074301775698483
1686,-0.028066656192397788
1687,-0.03145373273586988
1688,0.029012705562659447
1689,-0.022007401943643257
1690,-0.0043245818799227675
1691,-0.03522834160930938
1692,-0.05174820074325029
1693,-0.03474327553416845
1694,-0.02047247317508455
1695,0.003698792002959417
1696,-0.02717395819214767
1697,-0.018578480455893887
1698,0.03305625611311669
1699,-0.014293856511569919
1700,-0.034650635770881955
1701,-0.010355435033196747
1702,-0.0032200793736300026
1703,-0.02893746050501872
1704,-0.008969938657293286
1705,-0.005904031033221006
1706,-0.02624620009856879
1707,-0.015416716470970732
1708,-0.0164182984476509
1709,-0.005623136602671039
1710,-0.014261094228986249
1711,0.016508344000763092
1712,0.006131983213589376
1713,-0.019762702994654907
1714,-0.029368816701958678
1715,-0.036911916102901704
1716,-0.015212556061636504
1717,-0.025179259192639303
1718,-0.014550304976564676
1719,-0.03125892586823534
1720,-0.026314605340415742
1721,0.0029725434489656366
1722,-0.011265032221550286
1723,-0.036368821289013906
1724,-0.007048994498051131
1725,-0.03297359098472514
1726,-0.017431637733937133
1727,-0.039812587096280716
1728,-0.01393265900981347
1729,-0.0007018658768646879
1730,0.021521277696248148
1731,0.03292112958554619
1732,-0.044352125944851106
1733,-0.019393740010360427
1734,0.014192788205181078
1735,0.004090313880818236
1736,0.0016842083880374004
1737,-0.027171521059530242
1738,-0.010049605962802244
1739,-0.03762379858780568
1740,-0.02134078169939857
1741,-0.02802978710634932
1742,-0.010972248537051366
1743,-0.001197894001851968
1744,-0.02189712440823252
1745,-0.010050720407698333
1746,-0.005274664160524467
1747,-0.009823229650611803
1748,-0.0045167656471763185
1749,-0.021907969299074487
1750,-0.027065590444333654
1751,-0.018421280058323136
1752,-0.002402660306679863
1753,-0.0357340085322545
1754,0.003519110337571185
1755,-0.036908858656841875
1756,-0.002402733259078277
1757,-0.026868639905332788
1758,-0.04462817665478305
1759,-0.025548442756081702
1760,-0.062319033179998484
1761,-0.014620216710962919
1762,-0.017723479999336295
1763,-0.009604735286761368
1764,-0.00829552377593859
1765,-0.017955262278915494
1766,-0.04104012974909971
1767,0.0037721135382089432
1768,-0.04607791861011992
1769,-0.025433060094254112
1770,-0.034051688750781794
1771,-0.016484628934443413
1772,-0.01342115188571108
1773,-0.015377851466219061
1774,0.005352543615478156
1775,-0.035773527057289256
1776,-0.018241595325558302
1777,-0.023449610021774425
1778,-0.023966345260490268
1779,-0.012575467263727408
1780,-0.000938807084808313
1781,-0.017043219604822024
1782,-0.02321896321702005
1783,0.010510591300036249
1784,-0.04098852489584828
1785,0.02344770775083785
1786,-0.0001894213259825278
1787,-0.03925100994343941
1788,-0.02735358017221229
1789,-0.027120119903514484
1790,-0.010624987317434387
1791,-0.014643847872347154
1792,-0.02420303487857431
1793,-0.0065596868617627535
1794,-0.04668617549242671
1795,0.002251401680259224
1796,-0.02701293247426992
1797,0.010331518667392126
1798,-0.018330180559221615
1799,-0.0141490505146801
1800,-0.0019262516599045931
1801,0.016283840407152528
1802,-0.026535701685879244
1803,-0.008668950810194476
1804,-0.019368083812111914
1805,-0.0652481141345509
1806,-0.024106834911187563
1807,-0.019961352653504127
1808,-0.02316809769247291
1809,-0.03240254402854603
1810,-0.029507369873763928
1811,-0.011539943782781587
1812,-0.039494264148944025
1813,0.0016040897028370745
1814,-0.025651893883718302
1815,0.005627598654683097
1816,-0.008962834831603678
1817,-0.005537771448757833
1818,-0.014860303554966425
1819,-0.04202886558909397
1820,-0.007314933940684609
1821,-0.003430294329591549
1822,-0.040201837552616554
1823,-0.0483826679976867
1824,-0.015163993817040256
1825,-0.04181671475952253
1826,-0.017128004026383842
1827,-0.012886201172535638
1828,-0.018060755780500704
1829,-0.013003022294704208
1830,0.007350370762863434
1831,0.0028777760648965867
1832,-0.03220366815476092
1833,0.013320979849979375
1834,-0.023328734624342845
1835,-0.06195120883727251
1836,-0.01582632116165758
1837,-0.007069895765721201
1838,-0.012034196309267359
1839,-0.013299078650465368
1840,-0.024099284945884508
1841,-0.0022392572098139385
1842,-0.02033622473991474
1843,-0.013814033899964467
1844,-0.020897240018050656
1845,0.003232498167462322
1846,-0.010624896149648233
1847,-0.023330412339145346
1848,-0.02240840744806477
1849,-0.014115572687834588
1850,-0.02233860081842884
1851,-0.031105392414501963
1852,0.0033236066104389214
1853,-0.018915799053724147
1854,-0.02609692581320383
1855,-0.033092576978991206
1856,-0.014005624130649486
1857,0.009756504160765761
1858,0.0018949581708419538
1859,-0.013839040844772554
1860,-0.0388613103106442
1861,-0.0022416883344681393
1862,-0.013470900783008215
1863,-0.04079937731233324
1864,-0.001414775648459543
1865,0.0054321867822055
1866,-0.028155541943882492
1867,-0.027274707840106993
1868,-0.0065768974262327695
1869,-0.038107728766504104
1870,-0.00730927904223358
1871,-0.01221500709993703
1872,-0.014396098674686317
1873,-0.015004627194193196
1874,-0.012658999639811486
1875,-0.026836601121653203
1876,-0.00046042560873313376
1877,-0.01245895285747245
1878,-0.00486367492554432
1879,-0.028988543315170257
1880,-0.01870028499855919
1881,-0.034587849801615916
1882,-0.03136460119940859
1883,-0.045340222364466026
1884,-0.020804534732756563
1885,-0.035158844032494974
1886,-0.009386570037753311
1887,-0.03500684882686528
1888,0.0005303677187580014
1889,-0.02738985166009364
1890,-0.027422530362076536
1891,-0.01379285737416569
1892,-0.028746051338524592
1893,-0.017786645309845528
1894,-0.02093702432509119
1895,-0.021460484460748525
1896,-0.014355442841150756
1897,-0.017641870747095667
1898,-0.030906501634943323
1899,-0.023384335789629673
1900,-0.048899576765698755
1901,-0.0138073510889406
1902,-0.038727461398391505
1903,-0.019944764836551387
1904,0.0019190508792655686
1905,-0.02976118910520631
1906,-0.0260696384615835
1907,-0.023625312219831968
1908,-0.03450678909554378
1909,-0.018100384006728587
1910,-0.05357513088031417
1911,-0.027050541368589254
1912,-0.01899576091688071
1913,-0.04583784140811331
1914,-0.0010550620176759118
1915,-0.003641370100716232
1916,-0.001782064526428151
1917,-0.021568108266897534
1918,-0.011563991835122717
1919,-0.012332031559927917
1920,-0.06999264128207433
1921,-0.02279733050969185
1922,-0.02777312229633172
1923,-0.03713536071784107
1924,-0.03638481783151254
1925,-0.014771201126366457
1926,-0.01106145550514187
1927,0.005217970591166937
1928,-0.02320902836085169
1929,-0.037652629346356395
1930,-0.02379461628652421
1931,-0.009320853819256791
1932,-0.014264955243894262
1933,-0.013276066611174031
1934,-0.02841609625192988
1935,0.002359442664773004
1936,-0.018258050710839385
1937,-0.026996315080230288
1938,-0.0001940576084741158
1939,-0.04033893275547959
1940,-0.013951321455273502
1941,-0.011368349327926464
1942,-0.001137176304660037
1943,-0.005251740828823209
1944,-0.01805014525613588
1945,-0.031519263246982177
1946,-0.02775313993939063
1947,-0.0296342038748727
1948,-0.014138017460058536
1949,0.00361632159530606
1950,-0.022147653159278247
1951,-0.006565989550232923
1952,-0.040992256684203726
1953,-0.05082945042257914
1954,-0.008028856720448618
1955,-0.01571376060342955
1956,-0.00306800051399872
1957,0.007192433843401458
1958,-0.03833317211291515
1959,-0.01772725550171328
1960,-0.042596144793675274
1961,0.0073471916666082715
1962,0.0035850096819604604
1963,-0.011265284353977598
1964,-0.02061671579801718
1965,0.004529932679579185
1966,0.0029069262711973326
1967,-0.005671960167286924
1968,-0.031136453508553263
1969,-0.024078606857802498
1970,-0.01573072848598292
1971,-0.013266174526514657
1972,-0.008575834173627839
1973,-0.021040557582296837
1974,-0.05529628156125985
1975,-0.035659364201895305
1976,-0.009136186607047903
1977,-0.018870205756861963
1978,-0.04488687398197766
1979,-0.01950665095682258
1980,-0.028688817633490127
1981,0.005542883404919624
1982,-0.02075933034954272
1983,-0.047382460911772145
1984,-0.014502436472604019
1985,-0.033450191870043305
1986,-0.015628150306447985
1987,-0.007116894383140698
1988,0.009020584175040161
1989,0.025664668369742377
1990,-0.030749275443282376
1991,0.006646421088046042
1992,-0.04224650939697383
1993,-0.0010683165155349894
1994,-0.016830628541622372
1995,-0.02193920581062532
1996,-0.036883086794618936
1997,-0.02120724761805648
1998,-0.029388499249660388
1999,-0.0013833241523759643
2000,-0.015459604502284813
2001,-0.004108590131913479
2002,-0.020966942038477515
2003,-0.037888324187963396
2004,-0.012734550112561555
2005,0.033615404768100654
2006,-0.028662772142185766
2007,-0.024989085384038295
2008,-0.00529972100063919
2009,-0.00603457223696216
2010,-0.014151573683342106
2011,-0.0406130909437874
2012,-0.018599573364560973
2013,-0.02505130940340572
2014,-0.02644665714442007
2015,-0.029411691589732114
2016,-0.022731767375610584
2017,-0.026121456373395163
2018,-0.030884709863185547
2019,-0.01351004603635153
2020,-0.024114478338969826
2021,-0.02075265326965814
2022,-0.01789940910838539
2023,0.0066588338122616775
2024,0.016090242393741627
2025,-0.016682228737484955
2026,-0.025743286666722043
2027,-0.009466246437043024
2028,-0.015477282316515711
2029,-0.0351262034287817
2030,-0.03208636706635398
2031,-0.03801677297769135
2032,-0.018157774577869157
2033,-0.052817308115215095
2034,-0.03645977981676973
2035,-0.03305196537390914
2036,-0.03555380524730242
2037,-0.034555936003841825
2038,-0.01796688017418019
2039,-0.018730879391256117
2040,-0.04344793737097821
2041,-0.043933479521081786
2042,0.012740495881401942
2043,-0.015533000734890653
2044,-0.017192548201317756
2045,-0.02438041623125639
2046,-0.0219538729353759
2047,-0.005736877680064034
2048,-0.00957662794966918
2049,-0.04545279900772928
2050,-0.004370659896672374
2051,-0.011220039839449497
2052,0.001884536200383674
2053,-0.03494123798379002
2054,-0.01227030185576572
2055,-0.02112699566936227
2056,-0.03972152010937327
2057,-0.01615844054534734
2058,0.0021181293283202285
2059,-0.018781970443626173
2060,-0.03460871307213903
2061,-0.02282177120765999
2062,-0.012637034610449793
2063,-0.022498695880839137
2064,0.010465305315486909
2065,-0.02336947949822131
2066,-0.048235406191017544
2067,-0.016472960605090584
2068,-0.03319206742184183
2069,-0.014002107003794645
2070,-0.002212913126100613
2071,0.018604485245021618
2072,0.010879897151136658
2073,-0.003963049659576709
2074,-0.0012462193981392644
2075,0.0003376515858325435
2076,-0.03429629397883219
2077,-0.0064479850012185425
2078,-0.041688702835654914
2079,-0.014583890928058313
2080,-0.02046836679281766
2081,-0.013056344257466546
2082,-0.02092154156956344
2083,-0.020203888520107863
2084,-0.0600792736224442
2085,0.004804887273343467
2086,-0.02939835581014516
2087,-0.01970276663403353
2088,-0.005609569109032098
2089,-0.024132499400059904
2090,0.012379215695327489
2091,0.01879606444247195
2092,-0.00016669925018131249
2093,-0.024701249795212044
2094,-0.004241014847904678
2095,0.0008459204929215092
2096,0.01883510618462797
2097,-0.020141440974525276
2098,-0.015114531976403778
2099,-0.04602837039995261
2100,0.011126104965271444
2101,-0.030305183107185746
2102,-0.018123210487981857
2103,-0.016442318604908135
2104,-0.02432685170039945
2105,0.006321152815400521
2106,0.0024913706186016904
2107,-0.008808613436604495
2108,-0.026778858335607947
2109,-0.016087355581276774
2110,-0.03518818233597834
2111,-0.02435120990141862
2112,-0.029382802650686046
2113,-0.025954482874298024
2114,-0.02159507852951769
2115,-0.0196874582227472
2116,0.023666457835102905
2117,-0.016570434209624674
2118,-0.03167391026278109
2119,-0.01616742710618871
2120,-0.019630418063856347
2121,-0.05105066168260586
2122,-0.01863400025170414
2123,-0.023049120159596273
2124,-0.004328971100261023
2125,-0.051751294639985845
2126,-0.050948950311832275
2127,-0.005778925702837223
2128,-0.024998192503703748
2129,-0.007221638183058127
2130,0.016466537326248143
2131,0.03155521827261232
2132,-0.02808890272846265
2133,0.002162110855083721
2134,-0.013319730737109459
2135,-0.01154398878228774
2136,-0.005323589224491498
2137,-0.014179264212768078
2138,0.002827636951897583
2139,-0.0301270822043245
2140,-0.021363518347290028
2141,-0.044436307502541156
2142,-0.030544745833820497
2143,-0.01737916077429602
2144,-0.018524351634304895
2145,-0.026155167335945417
2146,-0.036428106444045316
2147,-0.01647846540823608
2148,-0.0011132308302160554
2149,-0.027908833208013434
2150,-0.03528248558336558
2151,-0.017961236359343297
2152,-0.020283915765581972
2153,-0.013606773145935974
2154,-0.03219404863208891
2155,-0.022649035336253343
2156,-0.001923273045742857
2157,-0.024785862400004355
2158,-0.014349674529588706
2159,-0.013090271214627691
2160,-0.016096356488241037
2161,0.008298338818583495
2162,0.010022673842070645
2163,-0.03129754387677158
2164,-0.027385077757935916
2165,-0.010710001557852844
2166,-0.020871471701173844
2167,0.004060116627308347
2168,-0.016911291707450732
2169,-0.03748711743903832
2170,-0.02440614376044374
2171,-0.026917104439662942
2172,-0.0308090232889488
2173,-0.033176636645705
2174,-0.010140458724714502
2175,0.026922353776847652
2176,-0.004053993878425477
2177,-0.011466415872853339
2178,-0.008442399390778954
2179,-0.02798510185380579
2180,-0.004888307749826293
2181,-0.015311868789148864
2182,-0.019199567878070867
2183,-0.015515567845059641
2184,-0.01855610124002194
2185,-0.0008025973872401448
2186,-0.016379048169516082
2187,-0.016417464974891216
2188,-0.041632868268838774
2189,0.0025078565249442575
2190,-0.039068917388193514
2191,-0.01361078404617258
2192,-0.013130111495456342
2193,-0.03663094774381159
2194,-0.02389789389553465
2195,0.009895807898464976
2196,-0.021700286625606788
2197,0.005092476562883835
2198,-0.015333024575277021
2199,-0.01670064446862069
2200,-0.03187181301710601
2201,0.0040452769167884095
2202,-0.01297245374376535
2203,-0.019331062141019845
2204,0.003360494242854284
2205,-0.02504567548398079
2206,-0.0005186531839521669
2207,-0.020328219378395906
2208,-0.039496374292226216
2209,0.004025405297025053
2210,-0.02467167070882678
2211,0.01237600380584744
2212,-0.01993712817965765
2213,-0.0365895949895734
2214,-0.03965554715270325
2215,-0.0015828545639174352
2216,-0.014977287368881681
2217,-0.02866416803279545
2218,-0.0037921542765554095
2219,-0.00900356604355182
2220,-0.03592721574928484
2221,-0.0318933499189748
2222,-0.007639059124017661
2223,-0.014324820298828367
2224,-0.01870718122068446
2225,-0.01863050840545072
2226,-0.006071550902474965
2227,-0.01854800848497709
2228,-0.029448280763027024
2229,-0.029392102572654955
2230,-0.012249072141951117
2231,-0.0036132810755591382
2232,-0.013952867281523701
2233,0.011964538659407692
2234,-0.004135087083480954
2235,-0.008879907986631408
2236,-0.028510297095266368
2237,-0.019929241040440082
2238,-0.030035139684229994
2239,-0.011566843087984946
2240,-0.03501589385333376
2241,-0.004179407658090342
2242,-0.03040875820247757
2243,-0.028874816188358604
2244,-0.022565285245453703
2245,-0.020588441815149017
2246,-0.006942397879857537
2247,-0.012183893080098818
2248,-0.0018544168772170189
2249,-0.0070818932556130365
2250,-0.03211273083791874
2251,-0.010440508381731523
2252,-0.022052794714257057
2253,-0.004972530789000673
2254,-0.022809877851213634
2255,-0.023562768537465584
2256,0.0031640640155924382
2257,-0.010577265594933667
2258,-0.01570190224265572
2259,-0.03283768103955775
2260,-0.02068882156848964
2261,-0.01795015223685567
2262,-0.03200245418275888
2263,-0.034979817447768846
2264,-0.019837920387960728
2265,-0.0009590862834626401
2266,-0.05357096036775982
2267,-0.019150136467968842
2268,-0.03420997182665081
2269,-0.02075964670750252
2270,-0.00901484312926526
2271,-0.05140260182045667
2272,-0.0522464671723305
2273,0.009757216083808473
2274,-0.012885101346373246
2275,0.015838641868302528
2276,-0.044733473387377515
2277,-0.004727646411279179
2278,-0.01436961412082205
2279,0.009154648750312952
2280,-0.013531459096400078
2281,-0.010556430813143114
2282,-0.028854186780066515
2283,-0.018736953785242372
2284,-0.002967332227209185
2285,-0.0004619469152700728
2286,0.01212468094214808
2287,-0.020142979741573898
2288,-0.011388794962225043
2289,-0.0075264611811675375
2290,-0.023410658305923343
2291,-0.012120258361812547
2292,0.013297124599026294
2293,-0.021471874050625006
2294,0.004985140212202976
2295,-0.019466924396213003
2296,-0.016025090918858065
2297,0.004031758593189272
2298,-0.015286612813306996
2299,-0.023944109917912404
2300,0.01408422060539874
2301,-0.009313175912711927
2302,-0.0368676651361966
2303,-0.019041606645062187
2304,-0.008425634002373714
2305,-0.01756877693376868
2306,0.010474098532345544
2307,-0.0005727761366578488
2308,-0.0113157691950444
2309,-0.032270581327483894
2310,0.012969741714368904
2311,-0.01125374330944831
2312,0.010931617597132362
2313,-0.017434429429737552
2314,-0.015446391751581745
2315,-0.01948160082937203
2316,-0.012945020058535761
2317,-0.024141087641783257
2318,-0.021247622149820455
2319,0.0014151969880419335
2320,-0.02452302197529671
2321,-0.017004292984261232
2322,-0.010737511576189726
2323,-0.016794031674646416
2324,-0.03402131041676201
2325,-0.020904692277623926
2326,-0.02670626632221701
2327,-0.03154337360803475
2328,-0.030033756390380195
2329,-0.026118681255832575
2330,-0.039181961456231984
2331,-0.021108789027160207
2332,-0.04021966459616458
2333,-0.0227629343059228
2334,-0.005656348182746594
2335,-0.010980952835517283
2336,0.004291929253726651
2337,0.002955813619329173
2338,-0.04025665549036567
2339,-0.04461107766132273
2340,-0.025883433993391602
2341,-0.012590063402487472
2342,0.00039003091086914354
2343,-0.009902935698515303
2344,-0.00026540103742564436
2345,0.0010254780085061505
2346,-0.015963067693320454
2347,-0.0019395781317400884
2348,-0.02565642176906774
2349,0.0067009351352529944
2350,-0.01151219156181818
2351,0.014478268500563718
2352,-0.010131301760524458
2353,-0.016185037743521508
2354,-0.01870259429715032
2355,0.008087952744349956
2356,-0.014133207696102212
2357,-0.022330730205235183
2358,-0.020617250296759343
2359,-0.014464377034524162
2360,-0.03018921801008348
2361,-0.027509176126811252
2362,-0.005204096412483039
2363,0.0028421909159983237
2364,-0.0047325125954837954
2365,-0.030167949168684247
2366,-0.03679252699533549
2367,-0.02224406504161952
2368,-0.006677371749423705
2369,-0.031021084524416542
2370,-0.03179756839269193
2371,-0.012094751630920941
2372,0.020960741424483134
2373,-0.017306705426651955
2374,-0.012157062716736389
2375,-0.020889813430920043
2376,-0.03599601152208677
2377,-0.025211537138594337
2378,0.0071890247945392005
2379,-0.03332552393786925
2380,-0.027480242544802795
2381,-0.00713133034819996
2382,-0.0062510868199299185
2383,-0.028729190606025162
2384,-0.04301713286885356
2385,-0.02793416226769263
2386,-0.016394620994336195
2387,-0.017978813153048057
2388,-0.02239789602250597
2389,0.011197244177678756
2390,-0.019791880953990648
2391,0.0031827537127784716
2392,-0.03831433662510003
2393,0.0029163413940765937
2394,-0.03957096979955496
2395,-0.005197345929435479
2396,0.00870670601196255
2397,-0.022311038618335676
2398,-0.02685058035998819
2399,-0.003938200094284944
2400,-0.005476954670245893
2401,-0.030878117554725082
2402,0.01046597433241099
2403,-0.012601272510758654
2404,-0.0016849371511069161
2405,-0.0024141843613119662
2406,0.004807412804985534
2407,-0.04185386413954484
2408,-0.017990178112342048
2409,0.02541951665721351
2410,0.0061986213597347295
2411,-0.021470673605759716
2412,-0.05197075557820857
2413,0.001007853315701912
2414,-0.026291741919952316
2415,-0.001978712382186165
2416,-0.02405533717302305
2417,-0.0011178183981444545
2418,-0.024187801526085812
2419,-0.01494250313064446
2420,0.00483113864123344
2421,-0.03162709818163478
2422,-0.008819016326384335
2423,-0.03145182534980062
2424,-0.03401340925192747
2425,-0.01899094825984171
2426,-0.01707564680096557
2427,-0.012970489130161578
2428,-0.03618478190647459
2429,-0.029237386930607442
2430,-0.026182453228934754
2431,0.004248044720314717
2432,0.009597231608278245
2433,-0.02114367455721851
2434,-0.016930451833463117
2435,-0.026996082553912226
2436,-0.01815925630549814
2437,0.001958777462279432
2438,-0.005961986910579947
2439,-0.0188657074251819
2440,-0.012370496632675893
2441,-0.026106498273178735
2442,-0.027826143550359922
2443,0.0030799022757947367
2444,-0.010716510208266777
2445,-0.021234903117628184
2446,-0.022058928906521807
2447,-0.04081623166826054
2448,-0.007677114942998914
2449,-0.030049650331905514
2450,-0.0037838743785434115
2451,-0.023216789942515276
2452,-0.0028660011878888086
2453,-0.01951779201999182
2454,-0.027404281825952975
2455,-0.039947857095395806
2456,-0.06456627274664581
2457,-0.02174231735924198
2458,-0.0028786721705728047
2459,-0.00016408813525667365
2460,-0.0292637375918752
2461,-0.026892276396027565
2462,-0.013134782604654838
2463,-0.005660652587636289
2464,0.002286700548803644
2465,-0.013080272223789435
2466,-0.00858436888921249
2467,-0.0019199991970157426
2468,-0.054994531772116495
2469,-0.017811739586859193
2470,-0.018366251301979997
2471,-0.023570423701665066
2472,0.0031104911587666595
2473,-0.020538262801654744
2474,-0.0047244638702140795
2475,0.0008140404067912832
2476,-0.01569965775548421
2477,-0.0031489338793842525
2478,-0.02366867825592875
2479,-0.0036851716777102084
2480,-0.021173889844746135
2481,0.003831097019670354
2482,-0.009992813594523989
2483,-0.015271177878008801
2484,-0.0068030370066006485
2485,-0.028525079565819178
2486,-0.023303730287577706
2487,-0.016934500217084536
2488,-0.03809876481189842
2489,0.007712349469883029
2490,-0.0051867033458500855
2491,-0.004081749247768163
2492,-0.03064981615199852
2493,-0.01243758698926778
2494,-0.031196361286090435
2495,-0.03119525937876813
2496,-0.02423941852331446
2497,0.004689072175447867
2498,-0.00520902011228086
2499,-0.011131019149547533
2500,0.0006501307250391108
2501,0.0052269658721184956
2502,-0.015128664484273802
2503,-0.024458720978437543
2504,-0.048498586565239754
2505,-0.005478579503353398
2506,-0.04032709608320684
2507,-0.024538089357797943
2508,-0.011938765209524083
2509,0.0016551173209294057
2510,-0.045187210651699616
2511,-0.02756679533980738
2512,-0.02895620028749019
2513,-0.0216118336462002
2514,-0.040462274025877626
2515,-0.014658996330636734
2516,-0.036780799500288675
2517,-0.034919649891143933
2518,-0.0268462605911865
2519,-0.015105887695707254
2520,0.00980381646836917
2521,-0.033717296255793394
2522,-0.005052480394457111
2523,-0.012918231873140201
2524,-0.04695991146135753
2525,-0.0397377227831586
2526,-0.021870096044108958
2527,-0.043403698698660516
2528,-0.018647112613085777
2529,-0.03728700221280659
2530,-0.02931607361077823
2531,-0.009516844977664696
2532,-0.020474205106198573
2533,0.0017207013177288344
2534,-0.01818271818469408
2535,-0.011530514436394041
2536,-0.02946912286675707
2537,-0.027432328693462404
2538,-0.04405180208720538
2539,0.014851300837809153
2540,-0.02544410747305137
2541,-0.016448469591841597
2542,-0.06272902968142854
2543,-0.017230524248729118
2544,-0.011006633868738347
2545,-0.004779942710683202
2546,-0.02949330946469958
2547,-0.019952822862579045
2548,-0.027930518655863656
2549,-0.0018607814112595739
2550,-0.024879497266183492
2551,-0.042814345169541745
2552,-0.013807423889443116
2553,-0.03558830687590288
2554,-0.012008342276188688
2555,-0.011194304271774369
2556,-0.009248879646058916
2557,-0.019758842272734833
2558,-0.0069933481458883395
2559,-0.048328353703463056
2560,-0.024415623195070846
2561,-0.015420186293481075
2562,-0.0075965842758357605
2563,-0.011749412321290106
2564,-0.004925032091355086
2565,-0.031601235500109126
2566,-0.048401522916651084
2567,-0.04373684871712513
2568,-0.020260591701690894
2569,-0.009203875237544346
2570,-0.019118422586617667
2571,-0.009431846815150649
2572,-0.010126977513624263
2573,0.0004444040548919892
2574,-0.008761160881385816
2575,-0.01858660165502242
2576,-0.03253066055920467
2577,-0.002421527316593508
2578,-0.03503285209640877
2579,-0.0029012501815250114
2580,-0.0010448513968720763
2581,-0.010321256374758475
2582,-0.006390431632311261
2583,-0.03314173987886049
2584,-0.007843385550657472
2585,-0.03126082803199068
2586,-0.012454281359853714
2587,0.006921878195361761
2588,-0.0050663810800597175
2589,-0.01678142294588332
2590,-0.016101734983743912
2591,-0.00916297939753595
2592,-0.00527817142550302
2593,-0.014288639471747105
2594,0.0026529820048439012
2595,-0.03257205654830084
2596,-0.032547916315441704
2597,-0.024866623225388046
2598,-0.009212416880505336
2599,-0.022740794371872708
2600,-0.0027186455867956594
2601,-0.011870882806658545
2602,0.010123451508304071
2603,-0.028118598585401666
2604,-0.036578491965314014
2605,-0.0055360905051938525
2606,-0.041653679651879466
2607,-0.007232910093133926
2608,-0.029882060597177407
2609,0.013905378304619298
2610,-0.04864742968796798
2611,0.004299260703828231
2612,-0.034537710435667335
2613,-0.016115080849291474
2614,-0.013515683168232262
2615,-0.02454492396652938
2616,-0.019999883197014873
2617,0.0025713060304475843
2618,-0.024825703568477964
2619,0.0033991911264186214
2620,0.008656299292301342
2621,-0.00011805909087492239
2622,-0.02644367514330795
2623,-0.004675775334195775
2624,-0.030437693046639125
2625,-0.026836328400533432
2626,-0.03249543907047481
2627,-0.00018322094500394098
2628,-0.025640577585856916
2629,-0.04277993346955228
2630,-0.007997093168678623
2631,-0.015613691765950177
2632,-0.027628933813253785
2633,0.002178349347175701
2634,-0.03434267906885477
2635,-0.013530070472381
2636,-0.010191165105802744
2637,-0.019031892845718934
2638,-0.014898824947449457
2639,-0.027738697406979262
2640,0.012910137497983393
2641,-0.025782422220948648
2642,-0.007156877703259762
2643,-0.03499454633135202
2644,0.005020241189663183
2645,-0.019247555271447447
2646,-0.01820883204631582
2647,-0.036965553179040656
2648,-0.02849987139948218
2649,-0.020271004531636605
2650,-0.03710620499371803
2651,-0.02625351666685788
2652,-0.020142840731326106
2653,-0.041917148111411895
2654,-0.03455261909402271
2655,-0.041654714929310444
2656,-0.017667002617884037
2657,-0.008422202829510034
2658,-0.025989289009099414
2659,0.002087803098207393
2660,-0.008511286516319966
2661,-0.034432186602527864
2662,-0.022730100638881312
2663,-0.02646001130671978
2664,0.002662315400320095
2665,-0.02521867311201484
2666,-0.06034685249799632
2667,-0.05277734972394221
2668,-0.02631706450580415
2669,0.025407061220944327
2670,-0.016868680454349833
2671,-0.027654550106330195
2672,-0.020624967443791165
2673,-0.04499109817620158
2674,0.01596943995765604
2675,0.018815160649599427
2676,-0.026486003774592485
2677,-0.044207031944426725
2678,-0.005323259982611135
2679,-0.006801712725331643
2680,0.00823288585123265
2681,-0.004000024404833297
2682,-0.026608732411151137
2683,-0.018976968230226474
2684,-0.01909228253085954
2685,-0.021403858288376043
2686,-0.02076731815924775
2687,-0.006289961751549639
2688,0.0028798064732796502
2689,-0.03614437207729848
2690,-0.027191019317431564
2691,0.0046433991266208036
2692,-0.04968186467898264
2693,-0.0004959305347720933
2694,-0.02656685348097837
2695,-0.036833362989316776
2696,0.01796176684511866
2697,-0.015564222761924373
2698,-0.015610453680458602
2699,-0.012450539095444819
2700,-0.00480788120834541
2701,-0.004712651024092462
2702,-0.015141693947523183
2703,-0.02628376714663691
2704,-0.013626922173801709
2705,-0.03184470416658072
2706,-0.009685948395599248
2707,-0.007272273607040497
2708,-0.014985468488991294
2709,-0.02496079598303841
2710,-0.000369317444631756
2711,-0.03695136489599897
2712,-0.001152893744044925
2713,-0.033232037233410505
2714,0.0015351616291499615
2715,-0.05282531846145702
2716,-0.028140844035747542
2717,-0.035881368313603335
2718,0.01459747286232893
2719,-0.017527105652907937
2720,-0.01488569464149845
2721,0.009590102050821031
2722,-0.009551505590180198
2723,-0.020285299903149145
2724,-0.004476709248126473
2725,-0.009889550539839503
2726,-0.012553967660790394
2727,-0.02226090163925115
2728,0.025739876809963674
2729,-0.03461800104220314
2730,-0.02054699638783608
2731,-0.025386905113715712
2732,-0.02226155759678422
2733,-0.023288316651987745
2734,-0.035632173800169115
2735,-0.06315026120206971
2736,-0.03237541729469798
2737,-0.008715435562533236
2738,-0.04331922715025305
2739,-0.004107139233590795
2740,0.0019686440073302114
2741,-0.00016328687502364936
2742,-0.000911157789829975
2743,-0.03154949927334588
2744,0.01509092050790739
2745,-0.0352011401958405
2746,-0.007464215720940609
2747,-0.021786186794572365
2748,-0.03294348250470447
2749,-0.0178882235965952
2750,-0.01574548758435851
2751,-0.022771272827100453
2752,0.0006361404539553528
2753,-0.04301822913280587
2754,-0.03865584031005326
2755,-0.04735529813506928
2756,-0.03661197331081453
2757,-0.02439566950090416
2758,-0.04561486161057776
2759,-0.027385254113642593
2760,-0.05434003011305069
2761,-0.0380573058269181
2762,-0.03780843051593835
2763,-0.027347210639807662
2764,-0.009499000804676916
2765,-0.017637370194819202
2766,-0.012549489906554079
2767,-0.014252212366324513
2768,-0.02832121896807832
2769,0.01292463603942734
2770,-0.008448807062885283
2771,-0.011234004221109872
2772,-0.01734031651487894
2773,-0.023523821222953073
2774,-0.01907874207724361
2775,0.00015452509469490727
2776,-0.021502158593001586
2777,0.008347648640825878
2778,-0.043490221346921404
2779,-0.0024908711777450465
2780,-0.04330125338209301
2781,-0.011004209644726468
2782,0.0036410833077169247
2783,-0.019014306569841717
2784,-0.01470314450830812
2785,0.006238317443357705
2786,-0.019106350404692884
2787,-0.0104337434868928
2788,-0.023753343213208045
2789,-0.02361737030713719
2790,-0.04418820661379644
2791,-0.02350904497302264
2792,-0.0012861438071593012
2793,-0.014130442029506946
2794,-0.011134932578052925
2795,-0.007865272486360791
2796,-0.022553177997694074
2797,-0.023759206168312508
2798,-0.016734556674843935
2799,-0.0023987720833870685
2800,0.028055089428787525
2801,-0.016783946988673984
2802,-0.015727364603648236
2803,-0.024921731252942086
2804,0.012962953692033208
2805,-0.028695842282203066
2806,0.010819912613118876
2807,-0.031939887464728034
2808,0.005682480640675364
2809,-0.003603421853108857
2810,-0.026304806979134954
2811,0.0015345764131638184
2812,-0.008979114114733039
2813,-0.02316339309409371
2814,-0.03287349324541261
2815,-0.0364976490530777
2816,-0.021973511184278094
2817,-0.0012537197204409156
2818,-0.015340798334803785
2819,-0.020884999950649824
2820,-0.016622100284786973
2821,0.005183977203679246
2822,-0.03726148378517835
2823,-0.019886182628950602
2824,-0.025251456244914205
2825,-0.057169027759795904
2826,-0.022256163196405443
2827,-0.03388409770937029
2828,-0.017485407815111098
2829,-0.0014030727741820015
2830,-0.03672901318826827
2831,-0.03611966420099649
2832,-0.0121856370533307
2833,0.009006416422746952
2834,-0.008669753663508167
2835,-0.04511292655362448
2836,0.0018275023656412204
2837,-0.0488512299264251
2838,-0.01047033471456632
2839,-0.0005946974113446024
2840,-0.0212913125351087
2841,-0.025003457027529458
2842,-0.00012527292767688936
2843,-0.036881003149739106
2844,-0.01716198518634532
2845,-0.00799037904284583
2846,0.000674648179971371
2847,-0.04081733991521114
2848,-0.005857804812305703
2849,-0.03046895614253317
2850,-0.008875644309957742
2851,-0.04214704571152375
2852,-0.02603464813514103
2853,-0.027252487553679705
2854,-0.012425700518122557
2855,-0.03407790881250705
2856,-0.011446856808428454
2857,-0.010956998734085954
2858,-0.027626087287270257
2859,-0.004743715196297238
2860,-0.008964841670458745
2861,-0.006921236899961186
2862,-0.004222660301691633
2863,-0.018155503137939677
2864,-0.034514302766620514
2865,-0.014022952649866333
2866,-0.0010626980664046326
2867,-0.009776085340664542
2868,-0.008701705839138305
2869,-0.010523605434191258
2870,-0.04251673570926143
2871,-0.01639533112664332
2872,-0.048144623959913535
2873,-0.0222061958165585
2874,-0.01840832515441454
2875,0.007284964306387837
2876,-0.05326866480731912
2877,-0.030374279525670816
2878,-0.017128918030176986
2879,-0.031247555360385315
2880,0.015281552714238651
2881,-0.023536865869041246
2882,-0.022880973963812057
2883,-0.012776247434364646
2884,0.020105690975666973
2885,-0.016400273289428224
2886,-0.024790674270769614
2887,-0.0019485992993927836
2888,-0.027708925290079844
2889,0.018905448513438824
2890,-0.004339919472501785
2891,-0.02114966119220238
2892,-0.01671130534084181
2893,-0.0004568474643648346
2894,-0.014045235174511533
2895,-0.008946815697896016
2896,-0.0002820806949773158
2897,-0.021904733343587404
2898,-0.015040835614312964
2899,-0.03679696989841902
2900,-0.027983930656535705
2901,-0.016308267110235197
2902,0.007197144084190588
2903,-0.007728154311132107
2904,-0.02371483025674226
2905,-0.021248569240443993
2906,-0.03500351848473815
2907,-0.024966199497624977
2908,-0.012937000086073736
2909,0.008276611073125717
2910,0.008078024386034055
2911,-0.01233486768872194
2912,-0.004715902740899031
2913,-0.02649596781631952
2914,-0.02182211016699631
2915,-0.0224523319544932
2916,0.04107627480111542
2917,-0.007693144740109598
2918,-0.0319327540909294
2919,-0.025558373410500004
2920,-0.014285557791496484
2921,-0.02156121869209271
2922,-0.02449650896841385
2923,-0.012319549368668276
2924,-0.005075723772066332
2925,-0.027324478217438053
2926,-0.031281669888580804
2927,0.01602562783174049
2928,-0.007444818082186264
2929,-0.020697643378685765
2930,-0.03598078337617916
2931,-0.025598576709218862
2932,-0.01706136441041123
2933,0.009619588503203769
2934,-0.03433129579129304
2935,-0.025245979543633723
2936,-0.022921170751304967
2937,-0.013280914299318658
2938,-0.020616970750666902
2939,-0.033901922840135545
2940,-0.017696977484131297
2941,-0.02372394523970761
2942,0.01385994787613426
2943,-0.03866025026351039
2944,-0.01402406698886588
2945,-0.010609138936032145
2946,-0.01007719753366658
2947,-0.009766091275929367
2948,-0.016469131560239825
2949,-0.0005221512223103353
2950,-0.012122994239503748
2951,-0.01578941032943415
2952,0.003192309358980752
2953,-0.021702473381958187
2954,-0.020993568510759536
2955,-0.041565568622539656
2956,0.009433375608055128
2957,-0.0034520154477254428
2958,0.0037675450946730443
2959,-0.008460541090238527
2960,-0.010728584018624449
2961,-0.01032020579644144
2962,-0.022058466970423213
2963,-0.005662137282444635
2964,-0.004525147301604471
2965,-0.02502796367689103
2966,-0.017960161929338414
2967,-0.0180035263047012
2968,-0.01875394584447962
2969,-0.004626534114544445
2970,-0.03325591692088642
2971,-0.021294934008892208
2972,-0.012362622521359917
2973,0.022796585535847447
2974,0.010749827811287083
2975,-0.013846627098806824
2976,-0.021198228572081035
2977,0.01142236617607173
2978,-0.03542568023198821
2979,-0.027049411474562524
2980,-0.03356455409240397
2981,-0.026722649140958885
2982,-0.010668606311016376
2983,-0.006944688467448168
2984,0.020284709276471025
2985,-0.03495866148363336
2986,0.0007769473585956255
2987,-0.019342523176610033
2988,-0.012330578358937541
2989,0.01201118933809367
2990,-0.011621994643853356
2991,-0.026689482378796092
2992,0.00756023968319075
2993,0.004401390384871279
2994,-0.003825485194463074
2995,-0.029047264406696124
2996,-0.03565500699142107
2997,-0.020189466522627902
2998,0.007355355408454806
2999,-0.035408031768754206
3000,-0.021862110203900192
3001,-0.009433643090832292
3002,0.011987243412750648
3003,-0.030161413685114158
3004,-0.038894058202142895
3005,-0.029898049183829434
3006,-0.003524528142012366
3007,-0.010010353400262073
3008,-0.00213231290819077
3009,-0.030055474118515668
3010,-0.007144425275480537
3011,-0.007023251197241148
3012,0.01619057977265112
3013,-0.026901050548129482
3014,-0.034374699562751104
3015,-0.0350833118031964
3016,-0.004992410785512824
3017,-0.016516230497415185
3018,-0.015318386056255184
3019,-0.016217471268341777
3020,-0.016641892165842567
3021,-0.017483238225740577
3022,-0.051121087114075425
3023,-0.01424031621438187
3024,0.012988055605512291
3025,-0.021361718223954648
3026,-0.014596521073714508
3027,-0.010078329150022214
3028,0.0019815805005150566
3029,-0.025254334504001302
3030,-0.011220492708459706
3031,-0.037608648864492195
3032,0.003017977906175612
3033,-0.020683521794228915
3034,-0.032983246234892016
3035,-0.04030420922740022
3036,-0.0261378865898787
3037,0.017285479032598278
3038,-0.0015936398845547983
3039,-0.014970252786266458
3040,-0.0008145673003051024
3041,-0.011633165357566477
3042,0.0017537512814602696
3043,-0.015387931728753468
3044,-0.041832023134385665
3045,-0.037709456527500906
3046,-0.033429479384913585
3047,0.0008123767887835143
3048,-0.016935443213896187
3049,0.005602755232005069
3050,-0.018471695916033676
3051,-0.013324626078957819
3052,-0.016752804999975168
3053,-0.03154937659387386
3054,-0.009167483738562632
3055,-0.04511405386357975
3056,-0.028369147717510534
3057,-0.02232203114473552
3058,-0.033266446160020655
3059,-0.020117772253918698
3060,-0.015527500213354417
3061,-0.013365383192283531
3062,-0.00943653153122076
3063,-0.02616013937981093
3064,0.0123357370826859
3065,0.015083872166590406
3066,-0.02548117820108181
3067,-0.009265449663157288
3068,-0.005594150239582485
3069,0.01127574684882016
3070,-2.3573671415089148e-05
3071,-0.01020025464632654
3072,-0.011286350656928124
3073,-0.02306389704474024
3074,-0.03212213719349344
3075,-0.059762259643954985
3076,-0.03466062437217507
3077,-0.009027283806723976
3078,-0.01126358828984822
3079,0.0003128228270511957
3080,-0.0163339292950217
3081,-0.002465907601426176
3082,-0.020503970392150545
3083,-0.035746666077639294
3084,-0.0023398632534787633
3085,-0.04300205164960008
3086,-0.027081923765032268
3087,-0.014534254589994439
3088,-0.021061691693237156
3089,-0.03965899857887531
3090,-0.017183013104197786
3091,-0.016279088138713205
3092,-0.01883042939997287
3093,-0.019344118168711677
3094,-0.013846006616125728
3095,-0.008600112636731216
3096,-0.02313106130155873
3097,-0.017269504531395474
3098,-0.02417452653352603
3099,-0.021374744676220303
3100,0.019027788817814167
3101,-0.000357265238557003
3102,-0.018151631158742798
3103,-0.023454052739061593
3104,0.01805560827409297
3105,-0.012956628383887114
3106,-0.02396420832470897
3107,-0.02514643997330568
3108,-0.020132403318617917
3109,-0.01303197622453478
3110,-0.015895885376143448
3111,-0.010054787529516773
3112,-0.04999555393027679
3113,-0.03262028094188893
3114,-0.037991927681773785
3115,-0.01808309897353516
3116,-0.03204641597644248
3117,-0.005805499197698433
3118,-0.015297405649527196
3119,-0.006203799225145967
3120,0.0012179228711609869
3121,-0.0028656396574950616
3122,-0.04487004920786025
3123,-0.004306945770788162
3124,-0.013473248188039952
3125,-0.011596418311295043
3126,-0.02632594608177749
3127,-0.00826202320954214
3128,-0.02937479428647216
3129,-0.044878281802604655
3130,-0.03282656325155053
3131,-0.03043818526135944
3132,-0.03508099593090614
3133,-0.024535598813145154
3134,-0.014139550821026109
3135,-0.012491494402715658
3136,0.010624994006332517
3137,-0.007194906269161028
3138,-0.019119009926514025
3139,-0.0017248402982918687
3140,-0.04315264011000573
3141,-0.022452752991900138
3142,-0.03317886554266472
3143,-0.007707169859033691
3144,-0.005835616825155876
3145,-0.0037127353355151937
3146,-0.0063780560352244
3147,-0.03276602670709128
3148,-0.053434505522905185
3149,-0.03049272999579211
3150,-0.03407604005694946
3151,0.008899022576037391
3152,-0.019065202052188646
3153,-0.0003359095358628217
3154,-0.012629666580799281
3155,-0.004289512145099192
3156,-0.0165781710887499
3157,0.006098049381853654
3158,-0.014189110277690264
3159,-0.007930690010259644
3160,0.017970326570508843
3161,-0.015412513869508704
3162,0.00010569866522933125
3163,-0.0027638546558204566
3164,-0.0160262242555195
3165,-0.017046464105899856
3166,0.0074974431911951425
3167,-0.020165883892651823
3168,-0.0172488936913415
3169,-0.009078143399521954
3170,-0.0356999596011191
3171,-0.05073374024152463
3172,-0.01101786162147217
3173,-0.052942326149519825
3174,-0.06041503579032917
3175,-0.006516002437302076
3176,-0.0012532085730635745
3177,-0.021931065790212062
3178,-0.019358936386449532
3179,-0.016311954408450763
3180,-0.01276301025209331
3181,-0.010159017690310718
3182,-0.04473337385346732
3183,-0.012499396533718399
3184,-0.020868545889701662
3185,-0.023843024330636883
3186,-0.03974272678082333
3187,0.0016909136602696606
3188,-0.007401346336556185
3189,-0.0029082642343910142
3190,-0.027229285434103495
3191,-0.0026821694902947613
3192,0.014799679873220114
3193,-0.005321316372730811
3194,-0.010849531725662831
3195,-0.02812321022600439
3196,-0.02672640642529739
3197,-0.016401069668491586
3198,-0.004425029382647827
3199,-0.02158062488141438
3200,-0.015963690247806958
3201,0.0002087889824101824
3202,-0.020925126428862934
3203,-0.006767285879375778
3204,-0.01552966852076769
3205,0.007645117356050404
3206,-0.040221544636027284
3207,-0.004803300945735028
3208,-0.014424674295647671
3209,-0.02470213316895692
3210,0.01544998530336772
3211,-0.03613093159874381
3212,-0.008116721305343466
3213,-0.0038014498630401933
3214,-0.03253349727871391
3215,-0.03340936510551051
3216,-0.009885906466596081
3217,0.005184917687077333
3218,-0.041086315044733035
3219,-0.022084584734182122
3220,-0.0021833669748965723
3221,-0.021612290496387798
3222,-0.057610676672182864
3223,-0.007696306302624436
3224,-0.016931250827835087
3225,0.021155731489371887
3226,0.00029637222903403093
3227,-0.014415636330838422
3228,-0.015664185479270676
3229,-0.006434321627700357
3230,-0.011616492814213675
3231,0.003296498094668643
3232,-0.0144512976709269
3233,-0.01802560828197397
3234,-0.01673320153002955
3235,-0.011538496170778116
3236,-0.034944390878135556
3237,-0.02325157220532914
3238,-0.015374804492517602
3239,-0.021080990414962975
3240,-0.007591284583785107
3241,-0.012888048990337811
3242,-0.02089416318798938
3243,0.004964667320723537
3244,-0.007203116158191497
3245,-0.048308394060508464
3246,-0.021398911689554212
3247,-0.04606670841736413
3248,-0.017030616636792256
3249,-0.03879062187025065
3250,-0.03390217022684075
3251,-0.02403226245539064
3252,-0.005566089827575976
3253,-0.010890573129294312
3254,0.001438202255095375
3255,0.0075544628365202815
3256,-0.0345275834754227
3257,-0.010669193850862457
3258,-0.013553610205205402
3259,-0.005570928588122692
3260,-0.010065768567402017
3261,-0.006144891452093737
3262,0.0024033828436216542
3263,-0.008205748560975584
3264,-0.027985121618422704
3265,0.007956492988082944
3266,-0.05464502025083315
3267,-0.02427116059058204
3268,0.005435225682483183
3269,-0.02431345975957013
3270,-0.04903450726224559
3271,-0.025987496991692838
3272,0.01807785296303991
3273,-0.044377125895672075
3274,-0.006896770985235973
3275,-0.027908694062524886
3276,-0.003144818604394889
3277,-0.027724005728099244
3278,0.0004727385007517737
3279,-0.019561275069350376
3280,-0.028191706881279865
3281,-0.03245500814608332
3282,-0.01675411500663615
3283,-0.04197205585453068
3284,-0.045017713194710235
3285,-0.0009835771316306918
3286,-0.02926742180611544
3287,0.0061256405494955896
3288,-0.046266748571327496
3289,0.0008209169389125914
3290,-0.02015591792052603
3291,-0.03488536813653742
3292,-0.007291751166878024
3293,-0.017279802708027897
3294,0.009033298007153828
3295,0.004191168497715669
3296,-0.021695783049507034
3297,0.010273524121315492
3298,-0.013614179394538746
3299,-0.024108066797458375
3300,-0.0055112617440605804
3301,-0.007237742807083114
3302,-0.00015588929506230031
3303,-0.0009754784531655902
3304,-0.02037986618724641
3305,-0.018431976780616866
3306,-0.01938723202920256
3307,-0.008302707039012147
3308,0.0009943493854649987
3309,0.003558146998973888
3310,-0.015082772283201151
3311,-0.046328473828629146
3312,0.011397543390172515
3313,-0.020254969633969763
3314,-0.010735619540904545
3315,-0.028407521709653938
3316,-0.02141488888754567
3317,-0.01498398112640803
3318,-0.02283464036614183
3319,-0.021764329246971192
3320,-0.01669527193553072
3321,-0.04059213697107218
3322,0.014655848009395261
3323,-0.04286557299956251
3324,-0.03766314543960528
3325,-0.0023314199688623527
3326,-0.03439478602762058
3327,-0.023352571784782422
3328,0.011527719352254828
3329,-0.015322157801141836
3330,-0.03321231074990011
3331,0.010016504616520427
3332,-0.02818207884271015
3333,-0.034410662479876925
3334,-0.012938332699204358
3335,-0.0031623268389519843
3336,-0.025847681779119253
3337,-0.006136166513789024
3338,-0.03290698343577103
3339,-0.004277295544401538
3340,0.0008875002839533741
3341,-0.011702474235854576
3342,-0.004227360165339922
3343,-0.0349620685210007
3344,-0.015468460269398687
3345,-0.030980885010241016
3346,-0.053220106218902996
3347,-0.024507737294413467
3348,0.04224387321599321
3349,-0.04423131579011974
3350,-0.008849033519685273
3351,-0.03226946573015416
3352,-0.029482098233851894
3353,-0.021499248977588037
3354,-0.025499523245218703
3355,-0.016146103234182557
3356,0.00044853581705835144
3357,-0.022416410039240442
3358,-0.05516027726240996
3359,-0.009350579806747222
3360,-0.030685658092271223
3361,-0.015117281836713375
3362,-0.0078544025831917
3363,-0.005098485844883149
3364,-0.013992406227313042
3365,-0.009693301697354106
3366,-0.03936241084925529
3367,-0.012013465861755251
3368,-0.039831544859796175
3369,-0.007667709761346619
3370,-0.009127220852687135
3371,-0.026538882483364626
3372,-0.03142855862485641
3373,-0.028094157550419663
3374,-0.024059101314477423
3375,-0.022873845095895934
3376,-0.016781109203206412
3377,0.0015811056198850593
3378,-0.019204314232056804
3379,-0.05372423653361558
3380,-0.028252973287107075
3381,-0.05344055035624287
3382,-0.007511802230456197
3383,-0.016197925659614545
3384,0.0009428203120139741
3385,-0.024069389538639158
3386,-0.00405024604423837
3387,-0.007381478643375683
3388,-0.0033045370765019885
3389,-0.03577540899748649
3390,-0.03779436227354677
3391,-0.012511867438359518
3392,0.01294149633555669
3393,-0.015521753761089635
3394,-0.009202523292537068
3395,-0.010148679924441434
3396,0.007072787577960149
3397,-0.0210464660666127
3398,-0.03814964868040055
3399,-0.02278539282036941
3400,-0.04127069170632047
3401,-0.01440262712544721
3402,-0.0011748469483002233
3403,-0.0035785756166018257
3404,-0.03806403078053239
3405,-0.020016212228272684
3406,-0.029829135896561665
3407,-0.023357794734153975
3408,-0.018721835544605048
3409,-0.02547850875771046
3410,-0.014609828268731445
3411,-0.017646465408175105
3412,-0.011087078686159907
3413,-0.04239422342770426
3414,-0.027344700587328297
3415,0.021397945126755837
3416,-0.01672086630673919
3417,-0.010577521150750946
3418,-0.04183273894752301
3419,-0.05035742016534875
3420,-0.0006896952533001488
3421,-0.02961349449550127
3422,-0.04421114299628923
3423,-0.03801670610295896
3424,-0.005978055831585977
3425,-0.00708068491754657
3426,-0.01040102790813055
3427,-0.0002398568682306368
3428,-0.026188797734435665
3429,-0.02808769823047605
3430,-0.02716629620632245
3431,-0.015822639436262942
3432,-0.011235393022931223
3433,-0.027549716804744606
3434,-0.03139624225202675
3435,-0.018570786602538664
3436,-0.010451671348927383
3437,-0.01564833312650163
3438,-0.01335788426047435
3439,-0.029947568250191958
3440,-0.012915490633447518
3441,-0.019169465565359367
3442,-0.04172554236981235
3443,0.0038921664878342893
3444,-0.0022466035296589693
3445,-0.04083022426369981
3446,-0.012428296306747716
3447,-0.032237702859960526
3448,-0.012699988695186792
3449,-0.02420442125289432
3450,-0.01877282577405094
3451,0.009481632348038838
3452,-0.02914169847321784
3453,-0.035321844101236094
3454,-0.024825048069092748
3455,0.0034726823128064105
3456,-0.05007712044754886
3457,-0.016652923837358807
3458,0.015269022427457646
3459,-0.013352783947910563
3460,-0.08220114522089556
3461,-0.011747323693261813
3462,-0.019763918134592134
3463,-0.006155959930211535
3464,-0.010845744220189218
3465,0.015543984966663288
3466,-0.0034394792546607322
3467,-0.0027798721729032083
3468,-0.020316390253099725
3469,-0.003462698060526362
3470,-0.038302758011811044
3471,0.012755211322139831
3472,-0.022085184965203314
3473,-0.020051532108015968
3474,-0.0012233447560534572
3475,-0.04173636730692709
3476,-0.0035258483905488136
3477,-0.011486571351123798
3478,-0.0033216649988235813
3479,-0.007339345765056432
3480,-0.024750884032472442
3481,-0.0007960641697067616
3482,-0.0036594675512467423
3483,-0.021199257507302366
3484,-0.05605961161289735
3485,-0.020309172490229038
3486,-0.026211293304417294
3487,-0.022743371323167283
3488,-0.031317647355070255
3489,0.0020331491673943047
3490,-0.01845139410728197
3491,-0.025088967451039168
3492,-0.0027471405761257672
3493,-0.0009849660553064021
3494,-0.0014771379405351115
3495,0.007090214492079527
3496,-0.03043861202471254
3497,-0.001252031128657266
3498,-0.019038715215024427
3499,-0.03682934036556956
3500,-0.02434006285298221
3501,-0.00842364537631618
3502,-0.006817705707241939
3503,-0.027977801701311145
3504,-0.04366015795191519
3505,-0.049753581560883164
3506,-0.019560714214111763
3507,-0.029315144664761872
3508,-0.01093825856724362
3509,-0.006267671845622075
3510,-0.017583803022076072
3511,-0.016781512257622033
3512,-0.03380458388383237
3513,-0.027127044082666446
3514,-0.024957908520726713
3515,-0.020960049891731447
3516,0.003803233168108329
3517,-0.03441929449033469
3518,-0.021379880104234326
3519,-0.029877466138174436
3520,-0.03905706594101399
3521,-0.038671332483919435
3522,-0.015404284816177505
3523,0.0019702860123155252
3524,0.014919886317144831
3525,-0.00798890326006596
3526,-0.026756201671352425
3527,-0.027203725638117626
3528,-0.003442561952232026
3529,-0.01681418842413948
3530,-0.0116707042891116
3531,-0.031003668857707722
3532,-0.011043262093109657
3533,-0.04315575614302308
3534,-0.009894836013364466
3535,-0.003488218057138809
3536,-0.03194050366676657
3537,-0.017677383962917848
3538,-0.019867714060516767
3539,0.0017470231053617058
3540,-0.03996953408298859
3541,-0.024118138587837956
3542,-0.01603407141304042
3543,-0.003079139224399091
3544,-0.02411876650465744
3545,-0.018934682616173704
3546,0.00011701955869689029
3547,-0.016493731739748593
3548,-0.03416177088459968
3549,-0.034709810320751905
3550,-0.01831080289241599
3551,-0.04001910479408033
3552,-0.020627826929918602
3553,-0.013872101386790792
3554,-0.020065039366089013
3555,-0.0217191947480197
3556,0.0018495104119487238
3557,-0.0076543296353591694
3558,-0.04807945817314224
3559,-0.03963877004866968
3560,-0.03004107495912578
3561,-0.035975452702895816
3562,-0.019019796113759924
3563,-0.022096696564344875
3564,-0.03186521405576634
3565,-0.026510831447870642
3566,0.012279281426795657
3567,0.0022037657086077522
3568,0.013274045430229087
3569,-0.023390425100316914
3570,-0.0015879971891659267
3571,-0.011829128153352783
3572,-0.03877335772244617
3573,0.010134815027329186
3574,-0.0453716418949527
3575,-0.011866055966449823
3576,-0.01605196585739538
3577,-0.022153788677166747
3578,0.0016730528436386463
3579,-0.0013358048688201507
3580,-0.028483045395388595
3581,-0.011556615889828536
3582,0.021713810093137026
3583,-0.017387294333014863
3584,-0.02780667829918962
3585,-0.040252840833403525
3586,-0.02408293379889176
3587,-0.011649276270379011
3588,0.037424296113680144
3589,-0.03919435011398392
3590,-0.031159754629504155
3591,-0.02839752463071809
3592,-0.005675291252802028
3593,-0.005516896855600695
3594,0.002367048855728693
3595,-0.020402789677735067
3596,0.0011443445146551434
3597,-0.016890495896097535
3598,-0.016737243390298973
3599,-0.022999852092215445
3600,-0.016205288528139836
3601,0.03357507616759242
3602,-0.017251853027113517
3603,-0.010805980629813694
3604,0.002753083658985439
3605,-0.015509506632183312
3606,-0.038828259516985174
3607,-0.0048100979409634315
3608,-0.03744448527668223
3609,-0.03313906106036413
3610,-0.034989228943329564
3611,-0.013486962064472335
3612,-0.00299513308428187
3613,0.007206783993415414
3614,0.006761566484576653
3615,0.011403877107553015
3616,-0.03399265333138829
3617,-0.01540889827833386
3618,0.004800138373966423
3619,-0.03611065312781711
3620,-0.0044441555431917745
3621,-0.05015238690329599
3622,-0.020083764057157255
3623,-0.010484484176989994
3624,-0.017365587239578997
3625,0.00178613778605817
3626,0.006122012908007568
3627,-0.011920367358563111
3628,-0.0367591919048218
3629,-0.0014318576433257624
3630,-0.018728483384728933
3631,-0.006468315378815356
3632,-0.02099759623579539
3633,0.001565451627859843
3634,-0.006957689386498073
3635,-0.022030864756267893
3636,-0.033516386746751003
3637,-0.01587858976059503
3638,-0.012731223273864167
3639,-0.005763877507463433
3640,-0.021934843709256108
3641,-0.028545668867205415
3642,-0.04585479987881749
3643,-0.0280884514326509
3644,-0.02314900097997924
3645,0.004568844744874123
3646,-0.022909446958303076
3647,-0.021602113424634
3648,0.01106507264675105
3649,-0.0028048658822532324
3650,-0.010122645122303545
3651,-0.03306233358027319
3652,0.006670166131687222
3653,-0.0373003165294255
3654,-0.002130352090003257
3655,-0.021169530936165137
3656,-0.010013066926411907
3657,-0.006317048195291997
3658,0.012444350992650677
3659,-0.013450334732982239
3660,-0.032944457759917
3661,-0.017431156091780864
3662,-0.03667141120051187
3663,-0.030237611539980447
3664,-0.03602840542303676
3665,0.0120865628035364
3666,-0.01918971965346944
3667,-0.04833919342966775
3668,-0.023463230234605947
3669,-0.01799293441747235
3670,-0.016332413615339325
3671,-0.030114547636343025
3672,-0.03606934728981803
3673,-0.011935194675394695
3674,-0.00724103553461089
3675,0.006260762683776899
3676,-0.028070924527095864
3677,-0.004200527421100636
3678,0.0027513654912794394
3679,0.0016434825549707273
3680,-0.016380832806780238
3681,-0.0042551288744202
3682,-0.007771493887427455
3683,-0.017328528932846532
3684,-0.0007608270849225052
3685,-0.031884138752725166
3686,-0.003371949953522052
3687,0.0007546286465595353
3688,-0.026234003618646487
3689,-0.035848859059174065
3690,0.013771677124646428
3691,-0.0027020725244053523
3692,-0.0063353304056328885
3693,-0.009659232296638315
3694,-0.027765990496466775
3695,-0.02375676148039918
3696,-0.010997866495996392
3697,-0.004603814873984702
3698,-0.011633578167631442
3699,-0.03552290767657873
3700,-0.02566329343271767
3701,-0.030804855707342843
3702,-0.017081915417171772
3703,-0.02380742039621786
3704,-0.030989626970175155
3705,-0.01778122124004905
3706,-0.008858634738292043
3707,-0.012128836220097888
3708,-0.01215371113122328
3709,-0.02329410709900867
3710,-0.0425231796860881
3711,-0.028922697064752034
3712,-0.006314893606027661
3713,-0.04567837312448543
3714,-0.023339772001325143
3715,-0.033593830654082016
3716,-0.02396787833885114
3717,-0.04998034375807614
3718,-0.006824192713161981
3719,-0.012209957500742663
3720,-0.035441936728952295
3721,-0.0030860553941156332
3722,-0.02484319001085311
3723,-0.00038911383865961047
3724,0.000491565462012733
3725,-0.023082116048806278
3726,-0.024785928444320017
3727,-0.02234518750738826
3728,-0.03694167639900585
3729,-0.006203672629677914
3730,-0.033446639817001494
3731,-0.0007296339894320159
3732,-0.04682351370152313
3733,-0.020136997481284225
3734,0.009905992483268039
3735,-0.002364270350651676
3736,-0.03018982705206466
3737,-0.022792809630254263
3738,-0.028078535218725692
3739,-0.012339506659981903
3740,-0.029876212865279667
3741,-0.06168608137952897
3742,-0.022566847255322847
3743,-0.022263690530664626
3744,-0.03851604737476905
3745,-0.050225858241481625
3746,-0.034436627174899787
3747,-0.021641330999634778
3748,-0.028525642824165476
3749,-0.015453238164957972
3750,-0.018928937726756887
3751,-0.03322348823507776
3752,-0.016118997019717307
3753,-0.021040510534631574
3754,0.010596644563509394
3755,-0.043948404616361514
3756,-0.03164244588228346
3757,-0.0339463880288208
3758,-0.016441979314769484
3759,-0.03572776378313003
3760,-0.046746130511153366
3761,-0.04502883739827765
3762,-0.010623046042914974
3763,-0.017235577894646692
3764,0.008511479678726064
3765,-0.03512830662958427
3766,-0.01085228848689912
3767,-0.015193720938743382
3768,-0.023659578780664103
3769,-0.01902926241331375
3770,-0.015835895098050112
3771,-0.03534024857762613
3772,0.010288294195597437
3773,0.0054157699343128085
3774,0.005925087365857784
3775,-0.009748360670583434
3776,0.031326970677996696
3777,-0.034883943706126824
3778,-0.014119485335386844
3779,-0.023394204102937466
3780,-0.030353294798446603
3781,-0.027029231251129826
3782,-0.02622502116994568
3783,-0.023910454255002878
3784,-0.023006112074506077
3785,0.011989490367632277
3786,0.005923389182831751
3787,-0.013697455372519096
3788,-0.0011904304494203821
3789,-0.06475282556512503
3790,0.020857899494146737
3791,-0.00721194743359313
3792,-0.03471796213561579
3793,-0.01012958761297339
3794,-0.02910924919643046
3795,-0.036207898196529864
3796,-0.04831578949379717
3797,-0.03504476041243004
3798,-0.026327277701009205
3799,0.0026777353912310897
3800,-0.011459787423445
3801,-0.011418509585867473
3802,-0.01565982086323403
3803,-0.029722563900009907
3804,0.00839806839647432
3805,0.00302974311881965
3806,-0.030943257233103705
3807,-0.004460991090301236
3808,-0.030929726216053693
3809,-0.02451092630934998
3810,-0.01775519581336682
3811,-0.030927723938373057
3812,-0.025867079384552544
3813,-0.022155380320130036
3814,-0.017245671263334428
3815,-0.026464183533208285
3816,0.005170147415231502
3817,-0.041009875630508064
3818,-0.03195408413578127
3819,0.016609513437108897
3820,-0.010776449814449973
3821,-0.03875013772861624
3822,-0.02808340419501204
3823,-0.017530869787260706
3824,-0.0021890285024939726
3825,-0.0269770482543652
3826,-0.029882377463621712
3827,-0.026009919220007477
3828,0.009108133832468474
3829,-0.041482470581649444
3830,-0.03989635871738284
3831,0.00918350886975744
3832,-0.010936427678733596
3833,-0.007433478471963406
3834,-0.029911871102898807
3835,-0.009942760592795696
3836,-0.0022521891992451915
3837,-0.006852863747950411
3838,0.011729786944251752
3839,-0.015082048417215221
3840,-0.036018258193327546
3841,-0.026129175023042073
3842,-0.014155833145886199
3843,0.00034204866132686584
3844,0.019206837370183333
3845,-0.01716702293912062
3846,-0.0005641810116122081
3847,-0.05899446960351973
3848,-0.0008113923041166426
3849,-0.02760561343097989
3850,-0.05024190593922204
3851,-0.016326254919761557
3852,0.0022457349088994827
3853,-0.003990300321461748
3854,-0.03305365726488246
3855,-0.03569632888174168
3856,0.005309489719976246
3857,-0.0026077959863284456
3858,0.00660999687671264
3859,-0.03112884666990015
3860,-0.02414431838577419
3861,-0.015174466955972132
3862,-0.010092833898905362
3863,-0.024249505759116996
3864,-0.022312177650417403
3865,-0.020288214092204243
3866,0.0038001194332192845
3867,-0.010854164445502135
3868,-0.0021240054368979466
3869,-0.03509517026465481
3870,-0.04560044912863942
3871,-0.02975300150550486
3872,-0.022136070369439376
3873,-0.018540146383750566
3874,-0.029510409649520356
3875,-0.029269088243643854
3876,-0.023188601285869914
3877,-0.0155329649716109
3878,-0.022591612735623857
3879,-0.02046474426652678
3880,-0.02739137139662426
3881,-0.04017438855933314
3882,-0.013747132173790415
3883,-0.0031059420590487177
3884,-0.035282354476652344
3885,-0.014973096165681071
3886,-0.016132869539976114
3887,-0.016102602271658134
3888,-0.016744700944454932
3889,-0.024888380775755364
3890,-0.017952219732466426
3891,-0.018646432392207812
3892,-0.0299781272217663
3893,-0.015524027801915218
3894,-0.023564223763883313
3895,-0.050650756538603736
3896,-0.02036511427197371
3897,-0.015241716479354434
3898,-0.003930050451438176
3899,-0.004740667579555109
3900,-0.009132518999737493
3901,-0.0013552903647642
3902,-0.013946140144000807
3903,0.018259823783468215
3904,-0.01942828452876247
3905,-0.020394358503276533
3906,-0.028432807956807665
3907,-0.018461648033033073
3908,-0.004965304246421165
3909,0.0024587921036013927
3910,-0.029733436918197145
3911,-0.06299431378202426
3912,0.0032083261820406023
3913,-0.03628819411074982
3914,-0.02614287614989816
3915,-0.03415711386901983
3916,-0.006400281403909774
3917,-0.006971494149664886
3918,-0.026558007605644446
3919,0.003959307120242894
3920,-0.02597084700333166
3921,0.008548258173893056
3922,-0.04340671817155853
3923,-0.013147038712090192
3924,-0.0401694074324933
3925,-0.045923540280589814
3926,-0.010711343767919046
3927,-0.03136674814943374
3928,-0.0042753555512483055
3929,-0.01154766747311578
3930,-0.015141437633616028
3931,-0.013922594599171667
3932,-0.03541254417564196
3933,0.00018681009015583672
3934,0.0014852028278826979
3935,-0.007496973200241036
3936,-0.023356545247131655
3937,-0.01464260343957334
3938,-0.011315173045519655
3939,-0.015342212545762124
3940,-0.032321947999334605
3941,-0.03213993378075636
3942,-0.00814628618455139
3943,-0.04991489039236399
3944,-0.021798480602241627
3945,-0.024162007103438993
3946,-0.0414491601929866
3947,-0.0003980747635740356
3948,-0.008072475537668045
3949,-0.029987369332484484
3950,-0.03040270939397055
3951,-0.029202985576522636
3952,-0.014599863962181714
3953,-0.02394965697572079
3954,-0.017330796892900013
3955,-0.02622194799454486
3956,-0.034755791463776206
3957,-0.022888304472107796
3958,-0.029604896800656547
3959,-0.013441902991172889
3960,0.01513442095523762
3961,-0.015874631426158026
3962,-0.009547607946182597
3963,0.008886002779944946
3964,-0.021673359762011568
3965,-0.01634312621639925
3966,-0.0106740814442704
3967,-0.02467564792661639
3968,-0.05521655151031371
3969,-0.011155174322411254
3970,-0.012142502557158596
3971,0.005236590882972507
3972,-0.044108905501109893
3973,0.004755551381196932
3974,-0.026552785621362082
3975,-0.0018815974518681666
3976,-0.032568938303602454
3977,0.0033818252724896747
3978,-0.026191166820730333
3979,-0.02506013373837293
3980,-0.03186770979912834
3981,-0.00513771649771419
3982,-0.017863499967000984
3983,-0.01644300181220104
3984,-0.012596595707020486
3985,0.03132102188680563
3986,-0.03594587042791006
3987,-0.02440297471272245
3988,-0.002763806058213511
3989,-0.012694087510371932
3990,-0.039522410326512936
3991,-0.011843691355130193
3992,-0.009318014347785397
3993,-0.017371391910481038
3994,-0.01473768597925526
3995,-0.028904754154824047
3996,-0.008370392092216627
3997,-0.020059428291856363
3998,-0.012954735963193298
3999,-0.011655338701040421
4000,-0.033738071721559015
4001,-0.02138475727065048
4002,-0.007765150004195032
4003,-0.017794123476977453
4004,-0.016436669125829445
4005,-0.05374234456162885
4006,-0.026992333301053884
4007,-0.0008776684740966489
4008,-0.0072209190080776975
4009,-0.02468648214163846
4010,-0.02403139643422092
4011,-0.005241571772168108
4012,-0.04083891259015726
4013,-0.020236481008969145
4014,-0.04593932192234418
4015,-0.015245146496567434
4016,-0.027527943999380772
4017,-0.017471048967297953
4018,-0.020103496636584117
4019,-0.020776003285491867
4020,-0.028550293794479195
4021,-0.018918090755312582
4022,-0.01821869367159762
4023,-0.007128500991248454
4024,-0.018135878230743113
4025,-0.014295598207267418
4026,-0.020344743858546788
4027,-0.010746178410452056
4028,-0.02205619995705299
4029,-0.014273986289369184
4030,-0.003664090772166756
4031,-0.006580604030767934
4032,-0.040878967673358385
4033,-0.019960690003250497
4034,-0.017089127200566337
4035,0.0018480842315124202
4036,-0.005689282362245085
4037,0.020360545823168374
4038,0.004832776470081401
4039,-0.012160574884660907
4040,-0.018217964594907418
4041,-0.022616198131015546
4042,-0.015433347123534835
4043,0.022975081076045012
4044,-0.02697791814712236
4045,-0.03377076773866644
4046,-0.005643457698808196
4047,0.004783854142433763
4048,-0.005833943763120436
4049,-0.02003241949793
4050,-0.02096326262471887
4051,-0.04190163049789428
4052,-0.01795022739953067
4053,-0.006734127639719534
4054,-0.04427400240052298
4055,-0.015547350734349097
4056,-0.012941609545092964
4057,-0.026384185394400683
4058,-0.04979035501681807
4059,-0.015572325524811137
4060,-0.005995439246510581
4061,-0.03006239911630837
4062,-0.009486346747351104
4063,-0.007683541591037846
4064,-0.0018469228518491199
4065,-0.016920300873931843
4066,-0.0179317901550278
4067,-0.030536479487281526
4068,-0.03876251818274311
4069,-0.041437092477819876
4070,-0.014966909244492468
4071,0.003150462607863669
4072,-0.0319987138423011
4073,0.004603099216489881
4074,-0.018307723132846454
4075,-0.05541655678667315
4076,-0.03640876935608381
4077,-0.020653395202493707
4078,0.008640126763875239
4079,-0.03713583589821767
4080,-0.019413548690639798
4081,-0.04464714452070655
4082,-0.014306562230222086
4083,-0.017326838001137837
4084,-0.027928751502290267
4085,-0.04603419355864735
4086,-0.01783288891872148
4087,-0.013336087173696887
4088,-0.003960603772237975
4089,0.006308720286996916
4090,-0.029392408209739172
4091,-0.011329123635213795
4092,0.0071213082467264655
4093,-0.0035554342731003163
4094,-0.0016579921342368409
4095,-0.02071366363895566
4096,-0.031025144629626772
4097,-0.0030106588877919505
4098,-0.05052805542240421
4099,-0.017934414317307246
4100,-0.019952594166453758
4101,-0.019161007262290045
4102,-0.01236240335417782
4103,-0.007028530479296358
4104,-0.018647405664681982
4105,-0.003046420799184768
4106,-0.02843590381056213
4107,-0.009017064042975143
4108,-0.020046848041780807
4109,-0.009455992144464603
4110,-0.03383937156336861
4111,-0.005185945603627812
4112,-0.03176550575290152
4113,-0.03751160111022819
4114,-0.011868844696636127
4115,-0.03415461807672425
4116,-0.027537396440625417
4117,-0.014546377681964873
4118,-0.03173515020763104
4119,-0.0021561017017602824
4120,-0.016723871937883272
4121,-0.019382120691035953
4122,0.0052608245322693925
4123,-0.016835763375333934
4124,0.005960830759590391
4125,-0.011825643543485309
4126,0.004082761365207591
4127,-0.03960805001353293
4128,0.005776263517334748
4129,0.013353827922424955
4130,-0.041653539205072865
4131,-0.01038780603600628
4132,-0.022019346874371404
4133,-0.022937165431332562
4134,-0.025038998265703605
4135,0.028819099828552353
4136,-0.014785291087363178
4137,-0.05061036758320571
4138,-0.029521918896921406
4139,0.0011706432864563576
4140,-0.04408244991658927
4141,-0.005423325009229346
4142,-0.01443723203213626
4143,-0.01449335679442254
4144,-0.018170929152937054
4145,-0.021879888463786634
4146,-0.03527123167848148
4147,-0.01294740540924702
4148,-0.01018390405051453
4149,-0.027766770113904937
4150,-0.02165373520056338
4151,0.001800268154414919
4152,-0.010204075377647656
4153,-0.039254056305803614
4154,0.001233529576278758
4155,-0.03854740474999552
4156,-0.059084360741206154
4157,-0.013258154302598496
4158,-0.014082275918721555
4159,-0.006709973101351796
4160,-0.023754650651647058
4161,-0.03995291594654887
4162,-0.02602408596015443
4163,-0.018428865058681243
4164,-0.011773169854650323
4165,-0.040039692321604814
4166,0.0009747774767102924
4167,-0.0110620558416068
4168,-0.010283746223113732
4169,-0.03621671630379661
4170,-0.0187888406089034
4171,-0.020228718888774075
4172,0.00019021980167988062
4173,-0.016239317911305923
4174,-0.032451447643289055
4175,-0.030356937986349253
4176,-0.02809175523947341
4177,-0.003401571541514159
4178,-0.033597707725203346
4179,-0.016510920502866733
4180,-0.002726088826563236
4181,-0.023127568035320928
4182,0.003327203249184618
4183,-0.007728592942175344
4184,-0.011396470072415787
4185,-0.010729424274606547
4186,-0.006171244650153909
4187,-0.01298420793213828
4188,0.0021987044300222636
4189,-0.008102284289443845
4190,-0.00661478973143978
4191,-0.0322452823247707
4192,-0.00023138173585596222
4193,0.005274729999593997
4194,0.0038294342010761484
4195,-0.025761746507209693
4196,-0.031329958653937895
4197,-0.02361720737903933
4198,-0.010952140026007445
4199,-0.013156531098283908
4200,-0.00552872299384375
4201,-0.009070479280017502
4202,-0.022099997166911522
4203,0.0026418545870268706
4204,-0.01316274915602536
4205,0.006612738376390814
4206,-0.0483668607497546
4207,-0.03182547693470361
4208,-0.02647981016076177
4209,-0.028903255652109855
4210,-0.0070572730687161744
4211,-0.029607773014068334
4212,-0.040883655147627845
4213,-0.00573066397289318
4214,-0.018849371886070027
4215,-0.02087253828806085
4216,-0.019315827717803546
4217,-0.014287202899398221
4218,-0.04330136104747648
4219,-0.01726365898153251
4220,-0.020099371458007803
4221,-0.01665352827219567
4222,-0.012257732180947167
4223,-0.0278600842408534
4224,-0.01844427183025879
4225,-0.017101865992546816
4226,0.0006822234778278979
4227,-0.03664385136034401
4228,-0.026148178324607058
4229,-0.04377756887482506
4230,-0.005617522390796381
4231,-0.007136121541304732
4232,-0.044240611858577084
4233,0.0065652580810795225
4234,-0.002411457277529283
4235,-0.04427334071388622
4236,0.009304238652857566
4237,0.004756517638099617
4238,-0.02796319670524533
4239,-0.002170151761016051
4240,-0.002569219775729159
4241,0.005556039880381114
4242,0.003173995295129267
4243,-0.0027829358529503634
4244,0.0001889712166013302
4245,-0.02276710469774984
4246,-0.06547416708105534
4247,-0.0075569344886498024
4248,-0.024624543198911164
4249,-0.011939607733246746
4250,-0.033868298515298045
4251,-0.017131629352359512
4252,-0.02056979407216214
4253,-0.01753745355695574
4254,-0.0029647553082727818
4255,-0.03400766066198535
4256,-0.03332616200024203
4257,0.000309728573808038
4258,-0.032541050346631906
4259,0.0024073594033034995
4260,-0.04040594078893439
4261,-0.013566799824164533
4262,-0.002464478937305503
4263,-0.01548630533723637
4264,-0.0009797724616417147
4265,-0.008632192301180452
4266,-0.0004266147723145097
4267,0.01248504975937692
4268,-0.028082611600908303
4269,-0.01814160366053255
4270,-0.02107910170596894
4271,-0.008010762311717025
4272,-0.009453535584992234
4273,-0.004485537710015891
4274,0.0019118301463177598
4275,0.0003402762636290635
4276,-0.0035826462776365198
4277,-0.03295237505390039
4278,0.002406808954009826
4279,-0.008624354333948703
4280,-0.023221766893002982
4281,-0.004349204922478395
4282,0.01487912949660979
4283,-0.008617664228283
4284,-0.0075361238855807255
4285,0.0002737406000768855
4286,-0.019969295427793438
4287,-0.04171730173679375
4288,-0.03367257360332088
4289,0.003965529759118819
4290,-0.040705095272003805
4291,-0.015226491553581661
4292,-0.011688943761202858
4293,-0.007975533732378831
4294,-0.006481077712476635
4295,-0.01684756416278141
4296,-0.003578282396470525
4297,-0.017497426977374816
4298,-0.010591937260702733
4299,-0.004847657967199631
4300,-0.01835690749604578
4301,-0.004063360157619211
4302,-0.02036152630595034
4303,0.0020693793983339315
4304,0.01097886602754733
4305,0.006348310532879417
4306,0.02560791582232247
4307,0.01178053916252099
4308,-0.017233918969241258
4309,-0.001447811905746249
4310,-0.045865052839946796
4311,0.005311406540872823
4312,-0.04958534543516407
4313,-0.03907931002341375
4314,-0.00551217905407711
4315,-0.011826007599160263
4316,-0.009395097588209028
4317,-0.05287256503450605
4318,-0.02055017381540216
4319,-0.01677122937870487
4320,-0.012269254517955214
4321,-0.011001494641514675
4322,-0.005407399093276713
4323,-0.01434272786349508
4324,-0.012482133380129767
4325,-0.03485735566427273
4326,-0.006638309230538847
4327,-0.019346311317794407
4328,0.00024990437389116327
4329,-0.012967968624200576
4330,-0.01296901647495885
4331,0.013243111459299878
4332,-0.008846147092106044
4333,-0.04434143678456737
4334,-0.06692513048532583
4335,-0.004658560244321652
4336,0.00309999814409484
4337,0.011677284687536593
4338,-0.010561174489399083
4339,0.0037980895877303134
4340,-0.005356434491252296
4341,-0.041237150415117274
4342,-0.01590983797891421
4343,-0.05341770365896406
4344,-0.00706045662496757
4345,-0.02009512235659404
4346,-0.012625638739929057
4347,-0.03591381433807722
4348,-0.014075577171827114
4349,0.011899472872840988
4350,-0.012151131193928827
4351,-0.015897043472318045
4352,0.0025170499774321287
4353,-0.04233108361261734
4354,-0.015670340239649083
4355,-0.021369541261289204
4356,-0.02257157724284882
4357,-0.0005099051150956324
4358,0.006655408129049412
4359,-0.00819082813966579
4360,-0.023957172221586165
4361,-0.010255127305430711
4362,-0.03032312289374761
4363,-0.008418866494946109
4364,-0.01214993539701617
4365,-0.009454463640088062
4366,-0.0005504306393403491
4367,-0.019504942902823535
4368,-0.016162870259439244
4369,-0.019357352630758093
4370,-0.011736003677709328
4371,-0.015293465785877314
4372,-0.0027873211852193144
4373,-0.0012024267630388885
4374,-0.03783109800937515
4375,-0.023324219951513653
4376,-0.03489845130850999
4377,-0.0038720801305632824
4378,0.0024839947317532307
4379,0.003601949037891683
4380,0.007338175434566219
4381,-0.043847492258114434
4382,0.006556664943500878
4383,-0.03222162717015964
4384,-0.00865306881088121
4385,-0.03656963676813965
4386,-0.014510821435831434
4387,0.007259197839042442
4388,-0.020120146963601593
4389,-0.03032476318430012
4390,0.011021020343071952
4391,-0.03072195779872755
4392,-0.035774966502571226
4393,0.014034246813058565
4394,0.004039451161770291
4395,-0.03553334707791972
4396,0.021523179374957194
4397,0.002460019756401144
4398,-0.0004396799749668556
4399,-0.009080068244544104
4400,-0.042012008364399
4401,-0.03280876581013452
4402,-0.020896179512559815
4403,-0.01278854356531911
4404,-0.013790244139915253
4405,-0.001412675264679003
4406,-0.03619977759084769
4407,-0.018339043734710667
4408,-0.0409249292030216
4409,0.0011739148718701298
4410,-0.03861356646972244
4411,-0.004128803211434329
4412,-0.018779566249345847
4413,-0.01071530382996247
4414,-0.007703654038113628
4415,-0.01991178599112653
4416,-0.011109847627127967
4417,-0.008723102334354714
4418,-0.03211154806312613
4419,-0.03599706030527941
4420,0.003985238441685968
4421,-0.0003220138370546577
4422,-0.024698311985611787
4423,-0.018088801113752773
4424,-0.029670591831289117
4425,-0.039717907587266406
4426,-0.017339058927669293
4427,0.00021956068261112793
4428,-0.04805208377971815
4429,-0.0013067359167353576
4430,-0.01680813339681081
4431,0.004600168164404617
4432,0.0004647669942196564
4433,-0.021464439919305814
4434,-0.00968574042572258
4435,-0.015567273880616517
4436,-0.0008334920089386189
4437,-0.04322748907703822
4438,-0.01638981312364174
4439,-0.0074287203422855885
4440,-0.011765588428230764
4441,0.006635618230298266
4442,-0.003285253053725179
4443,-0.0028331804873736773
4444,-0.053913151832433504
4445,-0.004771364327648714
4446,-0.03384669346820196
4447,-0.020480518388422908
4448,0.0009742645895154112
4449,-0.02703284183467214
4450,0.00016733370434834915
4451,0.004859162509251225
4452,-0.04525206650753433
4453,-0.02533759443593117
4454,0.002789378973313543
4455,-0.021402270491531677
4456,-0.030234399543370344
4457,-0.019283436421070166
4458,-0.01558212552182614
4459,-0.024227898734151286
4460,-0.04359774072691647
4461,-0.011981184796157618
4462,0.0023741460115303814
4463,0.006493277419802157
4464,0.009247547721239646
4465,-0.0009015417268027071
4466,-0.0027487095454923616
4467,-0.02581282074038449
4468,-0.004722608116957669
4469,-0.0057246587337262955
4470,-0.004442680549931105
4471,-0.0037501990301846977
4472,-0.02801976754198314
4473,-0.022974504056559902
4474,-0.01032958176020974
4475,-0.006916028499361515
4476,0.016466921304391202
4477,0.01796355125606519
4478,-0.008765328780161341
4479,-0.028481758487895414
4480,-0.03424107629152651
4481,-0.008871605809572775
4482,-0.0084744663074251
4483,-0.0008675584836554118
4484,-0.03730893137253359
4485,-0.0025256234644202014
4486,0.004902304976855093
4487,-0.008639126897870164
4488,0.002581889234268109
4489,-0.0018885701081524028
4490,0.0016667574286029496
4491,-0.010725017359069375
4492,-0.01036763309120009
4493,-0.01629799955104072
4494,-0.021838656690389202
4495,-0.019925300317023137
4496,0.009483597344807582
4497,-0.014610133059581754
4498,-0.012712028384643206
4499,-0.00918324228031206
4500,-0.011499816171836041
4501,-0.030073491269544478
4502,-0.014926637889008249
4503,-0.041459359020823094
4504,0.009970035085811318
4505,-0.033864706675251044
4506,-0.015625239411332426
4507,-0.032012839674736726
4508,-0.02487666394318247
4509,-0.022330534314582207
4510,0.012150207825373238
4511,-0.036568528572499426
4512,-0.020735353674518425
4513,-0.013012109736495747
4514,-0.037784661554572885
4515,-0.031804861416573904
4516,-0.03246589435193828
4517,-0.038933470558507655
4518,-0.017904970221897853
4519,-0.022687315434248338
4520,-0.021836100124520585
4521,-0.0020428921895551955
4522,-0.011652619541318882
4523,-0.015871676678393565
4524,0.0016638614141227803
4525,-0.01630862991281702
4526,-0.018493168854469333
4527,-0.00950755626848615
4528,-0.014419039757187363
4529,-0.0341622835167634
4530,-0.043574746454099256
4531,-0.005058636336297162
4532,-0.01333218389175729
4533,-0.01939951870119109
4534,-0.019865104362256414
4535,-0.031036224430559728
4536,-0.0040350625767758
4537,0.015346263502943769
4538,0.006607338905395013
4539,-0.01952432649187777
4540,-0.01391494501747087
4541,-0.02479399305949498
4542,-0.01191876959146465
4543,-0.02345114125327652
4544,-0.012619559837695603
4545,-0.0055040443575346265
4546,-0.023635799953601627
4547,0.01053485219787259
4548,-0.02251821076717335
4549,-0.02258079014388792
4550,-0.011545674560059033
4551,0.003945253853508274
4552,-0.014592294194748459
4553,-0.03426869206764443
4554,-0.010267742088772569
4555,-0.02542660052073492
4556,-0.006309196447385201
4557,-0.02018396642644149
4558,-0.04170291648039173
4559,-0.03288423080833598
4560,-0.04993285598947911
4561,-0.032007574730560706
4562,0.009622985889993538
4563,-0.020049914720084938
4564,-0.015348982597969102
4565,-0.01365546674417184
4566,-0.022699724087665518
4567,-0.015025728717802611
4568,0.004107988775322424
4569,-0.014978043343749026
4570,-0.03626483534868449
4571,-0.03515792763308473
4572,-0.03002052866500604
4573,-0.00809685958647302
4574,-0.01949441891830811
4575,-0.02386526191226207
4576,-0.01586901835704914
4577,-0.0367951602515566
4578,0.0006635018168961726
4579,0.006621258168882899
4580,-0.021755632051276952
4581,-0.024271596243206794
4582,-0.02880280508703481
4583,-0.02690104548541805
4584,0.010945654660302423
4585,-0.013040082037099388
4586,-0.005343535478651601
4587,0.010159562218447882
4588,-0.005191235344803015
4589,-0.0026854268314903673
4590,-0.03586427662706071
4591,-0.03487670109502094
4592,-0.022386785025643233
4593,-0.01179891541954528
4594,-0.028945747198969196
4595,-0.025229703555556857
4596,0.006154782814367529
4597,0.004539238678688856
4598,-0.005210682681445755
4599,-0.021206602727061263
4600,0.010944945968578743
4601,-0.03564479749621546
4602,-0.017940542576010826
4603,-0.035462539919800085
4604,-0.02939948541125298
4605,-0.04456183953052975
4606,0.014832553447421945
4607,0.011330057953383502
4608,-0.0314551799516281
4609,-0.004025862746333153
4610,-0.025837953723670204
4611,-0.03983252741811995
4612,-0.03263451087039482
4613,-0.005914298061613699
4614,-0.031372566369165966
4615,-0.043102159529642636
4616,-0.024093887907325473
4617,-0.0002059965965195698
4618,0.01254107312246834
4619,-0.019753653682956063
4620,0.009365727348006447
4621,-0.018376050739835448
4622,-0.03710875647058552
4623,-0.03644945268541604
4624,-0.008436379222206053
4625,-0.008970363307731821
4626,-0.0051049751602596505
4627,-0.02613846984451501
4628,-0.020289405086975076
4629,-0.02554409708261307
4630,-0.014762710186844247
4631,-0.010410773971038068
4632,-0.03635341991818716
4633,-0.0014784178666649161
4634,0.0009494946933796128
4635,-0.04081451827194686
4636,-0.01778005009430611
4637,-0.013268797365679458
4638,-0.0179587370830937
4639,-0.011216787370056935
4640,-0.02295893322342943
4641,0.00023083516106489968
4642,-0.004418462997608105
4643,0.013035238543686378
4644,-0.018217268886344368
4645,-0.010201216246298273
4646,-0.031561014854647004
4647,-0.02908807708116823
4648,-0.029596700140480187
4649,-0.016421120008465073
4650,-0.015873244998042473
4651,-0.019695370225397135
4652,-0.0059913457326948305
4653,-0.0026113340607766267
4654,-0.014989537773280215
4655,-0.02638834894099501
4656,-0.0028286564735269804
4657,-0.04256567067311723
4658,-0.03451315393230989
4659,-0.019102224981257174
4660,-0.012068085890817398
4661,-0.022874937206762425
4662,-0.004489919302465582
4663,-0.019363544314187256
4664,-0.0028395809916459402
4665,-0.026885732750815072
4666,-0.021288629078570126
4667,-0.022014266166234697
4668,-0.008796301165357304
4669,-0.021506663548726823
4670,0.001737698276887828
4671,-0.007938887284637416
4672,-0.028380560373868324
4673,-0.025148430393188786
4674,-0.030078322087825737
4675,-0.00378610080598607
4676,-0.026740486266460098
4677,-0.012243347268263094
4678,0.0305595831525296
4679,-0.006548835564528399
4680,-0.020951119744234137
4681,-0.008725532254198892
4682,-0.010746046565577316
4683,-0.016955084415707616
4684,-0.028828898492882102
4685,-0.021085496651986613
4686,-0.027031920425738293
4687,-0.02769120573631123
4688,-0.019621137587621518
4689,-0.018813664376644973
4690,-0.0022640342108863343
4691,-0.03582960149424502
4692,-0.031199433679380523
4693,-0.013494357349427805
4694,-0.01408143984229318
4695,-0.011303356481425109
4696,-0.0012414349552886395
4697,-0.018468084147499175
4698,0.007341618472394812
4699,-0.046952195682988335
4700,-0.0040070989114236455
4701,0.02644920282333335
4702,-0.028892194697665435
4703,-0.03859200674327162
4704,-0.03093899098979508
4705,-0.035091150788857856
4706,-0.018275603106502974
4707,-0.019162416795286713
4708,0.0045124939410339515
4709,-0.0173981418828493
4710,0.002878906157534944
4711,-0.027896119531969465
4712,0.0049222670197726845
4713,0.006509835069468617
4714,-0.013572781555483221
4715,-0.0025392103995633547
4716,-0.018076306905966233
4717,0.002487308772444685
4718,-0.003031172992863568
4719,-0.055188287857087015
4720,-0.02080469709127719
4721,-0.002279340267773877
4722,-0.020801111699636124
4723,0.01954853992133311
4724,-0.029401843928902216
4725,-0.003604509957017249
4726,-0.014404572603569532
4727,-0.022018379791077708
4728,-0.020316817484001465
4729,-0.018582970872697585
4730,-0.019400687336170508
4731,-0.02588533261491599
4732,0.0058547699795965386
4733,-0.032224741860277295
4734,-0.019993126946016182
4735,-0.0377436408416266
4736,-0.040282510190680104
4737,-0.022619168789353772
4738,-0.014076578611552398
4739,-0.021277046862864468
4740,-0.03180262974378589
4741,-0.015717345263397964
4742,-0.026999256937237925
4743,-0.012064209952851124
4744,-0.0035500222913041196
4745,-0.015151001085671884
4746,0.02450073288650545
4747,-0.028011028363241736
4748,-0.056413086552522196
4749,-0.004169294841620277
4750,-0.013832247928393493
4751,-0.04460475735046879
4752,-0.028771435993888816
4753,-0.042815710499506554
4754,-0.03231886655754532
4755,-0.008845499401415657
4756,-0.032146279140713
4757,-0.029680528052735133
4758,0.008855893787973412
4759,-0.004143777983905694
4760,-0.0218336739008802
4761,-0.007936152181660328
4762,-0.015052978895293334
4763,-0.02272302787107354
4764,-0.01763750694587929
4765,-0.04004812849919753
4766,-0.012206626334646073
4767,-0.02928825870760035
4768,-0.019803064778268493
4769,-0.011686359026226355
4770,-0.03039120653408231
4771,-0.022562769524676896
4772,-0.0267382126889959
4773,-0.014762649684255391
4774,-0.024025729814988683
4775,-0.05554242482975125
4776,-0.02259545166859167
4777,-0.018291068698183865
4778,-0.02996310223406995
4779,-0.030500491038829652
4780,-0.020882276715254652
4781,0.010634342163490906
4782,0.011939061123054151
4783,-0.003469785730776359
4784,-0.008516538157329154
4785,-0.009986091243828654
4786,-0.021382578285246562
4787,0.0016234809543003992
4788,-0.03269948471059381
4789,-0.03127521569040906
4790,-0.010857351707303897
4791,-0.026424770296832795
4792,-0.025145581789235566
4793,0.010646130915529795
4794,-0.011875054351679931
4795,-0.017985550344930323
4796,-0.022017562847594624
4797,-0.021134262270258913
4798,-0.010863644857304233
4799,0.003307212223018746
4800,-0.04039146184902259
4801,-0.0226797411991021
4802,-0.02502563320500778
4803,-0.0406044063693657
4804,-0.019243042571132546
4805,-0.004476125742286036
4806,-0.025099731242583523
4807,-0.01797674117637099
4808,-0.04783765536133716
4809,-0.010215208760405992
4810,-0.040795356825874915
4811,-0.010100127409916893
4812,-0.006132955175331661
4813,-0.03555306816476622
4814,-0.020248877079605113
4815,-0.03532909464754089
4816,-0.04387827782996062
4817,-0.03475675427777883
4818,-0.03300118176654776
4819,-0.025831429801300293
4820,0.018101030861742362
4821,-0.027245968944209498
4822,-0.04379660849029088
4823,-0.04676455077006844
4824,0.008527162856988041
4825,-0.034904304744395154
4826,-0.04968210219314545
4827,-0.0239168050517502
4828,-0.040626304587633943
4829,-0.029318849196828756
4830,-0.02944192709885629
4831,-0.009132739200390039
4832,-0.017277768444778865
4833,-0.007046325558890509
4834,-0.032519535436013186
4835,-0.02753738068810377
4836,-0.0265045267065529
4837,-0.03753178582258182
4838,-0.007639102582722275
4839,-0.04665244653701375
4840,-0.023585645272855893
4841,-0.014381931332021397
4842,-0.014174405043875293
4843,0.015504955175617258
4844,-0.024175465514226113
4845,-0.040243944646459195
4846,-0.04633900376572411
4847,-0.023812550697459717
4848,-0.03944092783254072
4849,-0.030947582515848816
4850,-0.013498044086294458
4851,-0.018222895414499493
4852,-0.04369897524090008
4853,-0.04698516064510403
4854,-0.014212569801510033
4855,-0.02105364277425051
4856,-0.020141856638110855
4857,-0.015539122117973203
4858,-0.03591856649045133
4859,-0.019807276203950064
4860,-0.01494398866009261
4861,-0.009365323074261467
4862,-0.013045628782785978
4863,-0.022322956656274595
4864,-0.028467444720005397
4865,-0.012412042338638074
4866,-0.004136667828342322
4867,-0.009322661648594244
4868,-0.019997171517027346
4869,-0.015079118016627046
4870,-0.00747115599622003
4871,-0.014166783109915329
4872,-0.055884355688684495
4873,-0.006842024052507327
4874,-0.024047129101561718
4875,-0.0047429803971756335
4876,-0.017472787669827912
4877,-0.016385949071387268
4878,-0.024634845779128778
4879,-0.03821300286039783
4880,0.013716814965331725
4881,-0.02640163648779248
4882,-0.018012732613717636
4883,-0.0061334940248573555
4884,-0.04629219093455095
4885,-0.007442531439222355
4886,-0.024625062919888724
4887,-0.018217924797595653
4888,-0.009211391487861015
4889,-0.02682638090966105
4890,-0.02355351859191876
4891,-0.02624440730129804
4892,-0.003289201421052046
4893,-0.013900727303721438
4894,-0.010883784800574725
4895,-0.03150010953896419
4896,-0.013757699114372524
4897,-0.03561901056739045
4898,-0.028903019420392723
4899,-0.02106906071978016
4900,-0.00931859581216729
4901,0.0007138290901426148
4902,-0.04237163058419424
4903,-0.013438954694231842
4904,-0.007875540696112515
4905,-0.02226220647383803
4906,0.001718359563309152
4907,-0.026065608442898625
4908,-0.016953510277098488
4909,0.009979146408646361
4910,-0.03620131086624401
4911,-0.007775136676917621
4912,-0.014935208983233639
4913,-0.01453224622646368
4914,0.006214351252888106
4915,-0.0012279507628503161
4916,-0.06325842107118446
4917,-0.015436165358935189
4918,-0.05189289348651083
4919,-0.004218493975666676
4920,-0.0028464065499007873
4921,-0.019038739306615177
4922,-0.006264904249327741
4923,-0.019025430027694856
4924,-0.05238557380556502
4925,-0.02524912529854184
4926,-0.030170615058956907
4927,-0.020252074261030373
4928,-0.01865463363613204
4929,-0.011030238980577964
4930,-0.021349573704031954
4931,-0.005900656316695285
4932,-0.01469683856807838
4933,-0.006634980226452869
4934,-0.01728421531272578
4935,-0.016991147228830245
4936,-0.010286441760875786
4937,-0.004422634115377466
4938,-0.008846086196342307
4939,-0.021874697426495227
4940,-0.0261608767399841
4941,-0.027147131389352597
4942,-0.03479722446259961
4943,-0.0330491971898661
4944,-0.013712801694201054
4945,-0.020122839468764864
4946,-0.010140299264593589
4947,-0.028098804198394722
4948,-0.012765673693340307
4949,-0.035161084917175574
4950,-0.03248460852680843
4951,-0.007366149268487693
4952,-0.0030154221071406404
4953,-0.028272748137392667
4954,-0.014329501181547064
4955,-0.018522355058637502
4956,-0.031325411693851696
4957,0.025885446516972943
4958,-0.010091917977105735
4959,0.00029479055546044464
4960,-0.013505925284271861
4961,-0.009058563551951171
4962,-0.019707989939105774
4963,-0.011175403933933126
4964,-0.013125573131439777
4965,-0.02070656835551568
4966,-0.060443281614302874
4967,-0.009656263313252977
4968,-0.04200369357406272
4969,-0.013067735291241445
4970,-0.03967288666418564
4971,-0.010270950060352974
4972,-0.017317590652366932
4973,0.008584120576982539
4974,-0.01836675509163116
4975,-0.031214958370284818
4976,-0.04086334139709641
4977,-0.025886077949961048
4978,-0.0066947612861792405
4979,-0.04158711322228176
4980,0.006337226879255808
4981,-0.014288794444996727
4982,-0.021615956723474827
4983,-0.03259825876353205
4984,-0.0276565765059536
4985,-0.0201798029209313
4986,-0.007548044547769167
4987,-0.04797454087281067
4988,-0.036911097354796585
4989,-0.0467149002154863
4990,-0.03039440901290691
4991,-0.023564926282636844
4992,-0.015568839131032602
4993,-0.025110771784678992
4994,-0.01836750760853309
4995,0.003917456696382188
4996,-0.008758870110277456
4997,-0.0114089707994241
4998,-0.03657591122634374
4999,0.027024667325962426
5000,-0.006891965856143711
5001,-0.017325945183359448
5002,0.008174555100284586
5003,-0.010782841733184001
5004,-0.02396109008600994
5005,0.016575998273838086
5006,0.01673231801268299
5007,-0.019669672162331314
5008,-0.007858678677624575
5009,-0.02453578376461102
5010,-0.04482094677650811
5011,-0.00014280878524913776
5012,0.0010390754826495319
5013,-0.00045802735881786405
5014,0.015888675262337643
5015,-0.029828386593203388
5016,-0.05039356850734694
5017,-0.009686065796701754
5018,-0.007991108322930068
5019,-0.03516742035443837
5020,-0.013280071287987527
5021,-0.0025532268581769935
5022,-0.050447286189232096
5023,-0.02718218456899328
5024,-0.002032156411742203
5025,-0.038730804316478656
5026,-0.010285151915174262
5027,-0.0009024598879948664
5028,-0.021165393934241272
5029,-0.02853938677534565
5030,0.0033198666863500648
5031,-0.004212346377916183
5032,-0.020426086570312876
5033,-0.03606316259291725
5034,-0.04685457746604381
5035,-0.004946612744925694
5036,-0.020016699339829302
5037,-0.010355080184924412
5038,-0.012877736439503018
5039,-0.010366100043024434
5040,-0.027380116146263206
5041,-0.013107653737664288
5042,0.0044485388575952745
5043,-0.000970428757035624
5044,-0.012107994037117318
5045,-0.003500921553872105
5046,-0.001871498480355116
5047,-0.03615474685652875
5048,-0.024346191210141366
5049,-0.01650220663346369
5050,-0.037612825380976544
5051,-0.00927775630122013
5052,-0.03985183017758148
5053,-0.003697388007562502
5054,-0.02512159206285916
5055,-0.013523844468609103
5056,-0.03892267475656823
5057,-0.04745002182055867
5058,-0.03070507723233007
5059,-0.020101801231219185
5060,-0.02392293100095265
5061,-0.012846662401191214
5062,-0.03381100560156852
5063,-0.038483424070451244
5064,-0.019158170169407157
5065,-0.008976666250675391
5066,0.013241073494638142
5067,-0.03817539320361224
5068,-0.027695983218888637
5069,0.012168594509421538
5070,-0.015161295593795365
5071,-0.031997508896312865
5072,-0.022659691578121283
5073,-0.0025932804371576745
5074,-0.016695063553427057
5075,-0.012574502988829811
5076,-0.02773648835996753
5077,-0.01279950292428382
5078,-0.04780006843505427
5079,-0.031543287651558366
5080,-0.009793675100570047
5081,-0.045950087678251594
5082,-0.02448456041291462
5083,-0.026260590304845455
5084,-0.00891029561271195
5085,-0.008484305245860552
5086,-0.009906432975127444
5087,-0.03756976048023458
5088,-0.015367512381754989
5089,-0.008118241578862317
5090,-0.022426023095500652
5091,-0.002723816782079669
5092,-0.0253842587105777
5093,-0.02641806282582751
5094,-0.00879402844586094
5095,-0.044510486084880396
5096,-0.019033452043481724
5097,-0.020509510041110013
5098,-0.019050859614038573
5099,-0.034851152516325035
5100,-0.03501025708827203
5101,-0.016133574891017743
5102,-0.024730988846678237
5103,-0.022768743073188324
5104,-0.02437081418340914
5105,-0.010982190287362414
5106,-0.007819095685858035
5107,0.0011642669549818338
5108,-0.020768910982886413
5109,-0.011731738901698596
5110,-0.0347135769607763
5111,-0.03775024260698495
5112,-0.053515038512400026
5113,0.0023988526348985018
5114,-0.0437428255052526
5115,-0.023890321148600874
5116,0.0009057936363225938
5117,-0.014333389096473248
5118,-0.004837798557254774
5119,-0.02707235210383188
5120,0.014593714535192204
5121,-0.026656270819092998
5122,-0.03178231915861962
5123,-0.011612784844088675
5124,-0.02124109504912225
5125,-0.042655003963291166
5126,-0.006842093061096344
5127,-0.030179199200203802
5128,-0.0007459107584252556
5129,-0.01875680644306732
5130,0.02078973262144169
5131,-0.05014900416535176
5132,-0.02907053532948367
5133,-0.01947451241279652
5134,-0.03382052077350161
5135,-0.024781771848155137
5136,-0.022820342229050272
5137,-0.03707694977528131
5138,-0.01954920692452483
5139,-0.02664623592306009
5140,-0.027421110624924028
5141,-0.005032039546603473
5142,-0.022606880353131197
5143,-0.028201947260784066
5144,-0.017818363456700542
5145,-0.02463123225077113
5146,0.021385907301928908
5147,-0.034449650228761564
5148,0.009652448575655725
5149,0.009584201375087753
5150,-0.012925864041212348
5151,-0.021301718769720174
5152,-0.02839672546275708
5153,0.008350039682521238
5154,-0.030826081652840648
5155,-0.015272972152877692
5156,-0.017695129854161898
5157,-0.003033874572622941
5158,0.013536924280988905
5159,-0.02325082670650508
5160,-0.013689719117770727
5161,-0.0036737531952940605
5162,-0.048039967398544076
5163,-0.004688730458358548
5164,-0.0041098277865468935
5165,-0.033985771029402645
5166,-0.031396631273630404
5167,-0.017360301573015796
5168,0.01260165876130065
5169,-0.007595834127096801
5170,-0.026990747066132803
5171,-0.01562734446306177
5172,0.004780399715458572
5173,-0.012911407510079576
5174,-0.03177226726399865
5175,-0.002025465813279087
5176,-0.015617401933373659
5177,0.0032226754759710347
5178,0.002083930032478809
5179,-0.018750488536511734
5180,0.002104727187504707
5181,0.005249652901970658
5182,-0.02945906600968129
5183,-0.0105146916557044
5184,-0.01856129070833909
5185,-0.03475010525107075
5186,-0.012922699220584671
5187,0.003939130446436845
5188,-0.023395817483234493
5189,-0.029198018286866717
5190,-0.016958296462405847
5191,-0.023373101687277548
5192,-0.035099159689852666
5193,-0.029310216213458862
5194,0.0003981594395172927
5195,-0.025995537564099808
5196,-0.021782910440561465
5197,-0.02774183524026011
5198,-0.016152747069000883
5199,-0.007168030094738417
5200,-0.012776055346376068
5201,0.00808000892593641
5202,-0.008489299394134953
5203,-0.021652614392147274
5204,-0.012026000698226597
5205,0.007236046548427841
5206,-0.019623462835007127
5207,-0.036878102352910266
5208,-0.030099366867891924
5209,-0.005273233115631146
5210,-0.024209738942102807
5211,-0.0053056043359479554
5212,-0.0563840644970581
5213,0.004105969454780645
5214,-0.00655067709478957
5215,-0.006472503325164802
5216,-0.019710829099050586
5217,-0.056052533044844643
5218,-0.032846743923144045
5219,0.003149562652660892
5220,-0.024217978334200585
5221,-0.010861988464895556
5222,-0.015588315728394198
5223,-0.028673207267269074
5224,-0.00252840070964358
5225,-0.0023677582863599334
5226,-0.016812960846634195
5227,-0.03462628051393779
5228,-0.004235823541442113
5229,-0.00995930653055535
5230,-0.009006446431979814
5231,-0.01769129281244372
5232,-0.029488523996829302
5233,-0.013315607535510643
5234,-0.014595503350920802
5235,-0.052552428877195356
5236,-0.045914962261408565
5237,-0.04512158407476016
5238,-0.02871200624383277
5239,-0.01897546058718374
5240,-0.03610044286774666
5241,-0.009452872662472106
5242,-0.02975030223865227
5243,-0.005724321531762999
5244,-0.03347328558074955
5245,-0.0005619933517639342
5246,-0.022335601262026328
5247,-0.0037208698185207806
5248,-0.02562615397335999
5249,-0.013431202396092412
5250,-0.01029748505980646
5251,-0.047464507186264715
5252,-0.014191678460589718
5253,-0.013450571442209458
5254,-0.02143743431858325
5255,-0.006411638019234778
5256,0.01504575959116683
5257,-0.010478954313885014
5258,-0.014426840784014155
5259,-0.028775696418918167
5260,0.012081958504248508
5261,0.023117461991758487
5262,-0.01386080403967993
5263,-0.02118643644373991
5264,0.0023381158991251927
5265,0.0036529100985078777
5266,-0.022873917227772822
5267,-0.037626898528334285
5268,-0.01715264167292485
5269,0.0035718459782570627
5270,-0.004834003504641776
5271,0.01661874985552529
5272,-0.006014236128664474
5273,-0.011298343770655528
5274,-0.014863379529581722
5275,-0.031336158160107624
5276,-0.014857288620162487
5277,-0.02570892711569476
5278,-0.027937351960284157
5279,-0.019418767361511352
5280,-0.009102317041299574
5281,-0.04826150714204086
5282,-0.02501898484366688
5283,-0.034998318197599965
5284,-0.046567399237374296
5285,-0.014956361811955449
5286,-0.016770626460577587
5287,-0.034571208432999545
5288,-0.0025585487812693486
5289,0.003011777260806564
5290,-0.027132136721100826
5291,-0.04645850988496558
5292,-0.015348908469585837
5293,-0.024350013018912625
5294,-0.006098366755546647
5295,-0.020566804892136636
5296,-0.015582143111732116
5297,-0.03566210461318104
5298,-0.016779999357631067
5299,-0.013058065300627253
5300,-0.02324498520560561
5301,-0.0163352747065775
5302,-0.008358319312789214
5303,-0.016248967158169314
5304,-0.0026595654797609836
5305,-0.02117154521128453
5306,0.017337302863564774
5307,-0.005172223204774673
5308,-0.033716051807194114
5309,-0.0012878105947248253
5310,-0.01920124068473863
5311,-0.037195249413974035
5312,-0.009582410067438568
5313,-0.013530861680396522
5314,-0.028968248531906715
5315,-0.0014680866321145625
5316,-0.016687234113630184
5317,-0.035973348370937464
5318,-0.015902274595656296
5319,-0.015680551165609735
5320,-0.02532817303425966
5321,0.0016920837471427613
5322,-0.029473978813640833
5323,-0.021996656790491398
5324,0.002057919900932792
5325,-0.00824296610209746
5326,-0.030068873893086046
5327,-0.05866621090579449
5328,-0.04161896701813783
5329,-0.005160776000222744
5330,-0.03381045945052477
5331,-0.016514330388508663
5332,-0.021017055215295982
5333,-0.042757639679319226
5334,-0.022791470405920063
5335,-0.021066761163256315
5336,-0.01735425084770359
5337,-0.002776627216636157
5338,-0.02361744946118527
5339,-0.000952701432706704
5340,0.007811761205899617
5341,-0.027457963538819075
5342,-0.024888615902763117
5343,-0.019873329775754067
5344,-0.03602594874352923
5345,-0.05089487258870329
5346,-0.02700324310829952
5347,-0.015895930701491978
5348,-0.019938577579411407
5349,-0.03330641442073262
5350,-0.00023338666912997574
5351,-0.031232491825412323
5352,-0.0341609869699927
5353,-0.017401926814066562
5354,-0.013966707018294361
5355,-0.022508167808386464
5356,-0.032997090673868607
5357,-0.0251925976558581
5358,0.004484846937067244
5359,-0.011816143878636609
5360,-0.01141228144466358
5361,-0.03860918457142262
5362,0.006992742046174616
5363,-0.03482689980700371
5364,-0.012730499266631778
5365,-0.0422948610256563
5366,0.005556605812147619
5367,-0.019452017423029766
5368,-0.044263476354515205
5369,-0.007649536645323196
5370,-0.040369673947977
5371,-0.05291198751674392
5372,-0.03386529782003356
5373,-0.03896108451882338
5374,-0.03011000096978428
5375,-0.03651788127281688
5376,0.005317376674112362
5377,-0.046902327174370484
5378,-0.00818693966738998
5379,-0.016294451756302564
5380,0.0019499760728979854
5381,0.0036852249013471228
5382,-0.03684201093020956
5383,0.0064272034486125285
5384,-0.005107539719377524
5385,-0.024991817740877914
5386,-0.010127254587533843
5387,-0.02034604460902273
5388,-0.03506621580966629
5389,-0.00861156546693772
5390,-0.02713665704843618
5391,-0.02775871286185011
5392,-0.02629549544566881
5393,-0.0198486944377404
5394,-0.006109535631054652
5395,-0.0002753061869988638
5396,-0.020143099470463055
5397,-0.025841947082714464
5398,-0.02407826647255959
5399,-0.05044738707022778
5400,-0.017862273452614236
5401,-0.03554240590764757
5402,-0.02244392035579082
5403,0.0030150819061798284
5404,-0.009705272391397568
5405,-0.022745267815198103
5406,-0.021903671072816308
5407,-0.020981828174946954
5408,-0.04375565351384525
5409,-0.0278060323758125
5410,0.0004975867414860613
5411,-0.024980693835577883
5412,-0.012702510951792118
5413,8.863770298661588e-05
5414,-0.011726420420075379
5415,-0.0406375111168327
5416,-0.05693864428161041
5417,-0.011967420523742889
5418,-0.04769756059375349
5419,-0.011417080322167011
5420,0.002657522020506925
5421,0.0033739380906626093
5422,-0.026651450173976604
5423,0.008057031157931216
5424,-0.020336581527613307
5425,-0.00715602942716187
5426,-0.01955608775315576
5427,-0.04002466281737524
5428,0.007963858965196635
5429,-0.014142615436379291
5430,-0.014997480858448486
5431,-0.016097618597937513
5432,-0.008376840167294258
5433,-0.01240578746273939
5434,-0.019277807568415628
5435,-0.01593211422607456
5436,-0.027532583763042046
5437,-0.016874221012081553
5438,-0.01432984274664359
5439,-0.008297250902545461
5440,-0.0027917469501634873
5441,-0.036566287251181426
5442,-0.025262471129584213
5443,-0.01541169649636634
5444,-0.0021578372175497795
5445,0.021138187312808962
5446,-0.023255472372768538
5447,-0.05279766795213203
5448,-0.03734218117209234
5449,-0.033670585993852045
5450,-0.04431090694080336
5451,-0.014135034241841926
5452,-0.02286872224363995
5453,-0.021762083169732133
5454,-0.03513475256291637
5455,-0.042663925223447835
5456,-0.035408419419317855
5457,-0.013783830796455954
5458,-0.01701843406135739
5459,-0.001968974431805659
5460,-0.006529632074161795
5461,-0.0068117354069408
5462,0.002709881740842829
5463,-0.017275262094993346
5464,-0.033512413344038455
5465,-0.017347563033330682
5466,-0.0458659946479347
5467,-0.01615803661432466
5468,-0.004535546624021697
5469,-0.04276632005466591
5470,-0.01354524568879803
5471,-0.026551764347856235
5472,0.013100809871764485
5473,-0.003805649488168167
5474,-0.0010295915677723255
5475,-0.020266053750319757
5476,-0.03984139448023455
5477,-0.005943344626533911
5478,-0.029429702864191
5479,0.012880860600075372
5480,-0.006011057745944598
5481,-0.015030670305845484
5482,-0.024567237227808097
5483,-0.010315384257686688
5484,0.012035974023836396
5485,-0.02081974615615434
5486,-0.01788061895359283
5487,-0.018963356231503192
5488,-0.021356091673106453
5489,-0.012356332158563771
5490,0.011455067557366506
5491,-0.009533072603957637
5492,-0.016147591728392946
5493,-0.013182360694718814
5494,-0.004687356718688751
5495,-0.02782010736815302
5496,-0.013872620666138896
5497,0.001448313552234376
5498,-0.031840306271043506
5499,-0.032142488082673504
5500,-0.003946371978455265
5501,-0.029020271517311125
5502,-0.02308309995921637
5503,-0.052778790720942936
5504,-0.03218291223593131
5505,-0.022661338284472407
5506,-0.0373618125268515
5507,-0.008649210601915702
5508,-0.007237514842198617
5509,-0.03679953393588037
5510,-0.005109708932680923
5511,-0.01340396312692893
5512,-0.030190470194238844
5513,-0.03836893538835939
5514,0.0038160391775694524
5515,-0.018904855522526465
5516,0.009207464907591834
5517,-0.034954848835759444
5518,-0.0013839981371703836
5519,0.0030283939119961356
5520,-0.02510733736998967
5521,-0.020295087689414293
5522,0.014167362227220148
5523,-0.02311915824895161
5524,-0.0035282019689994726
5525,-0.017756730167812373
5526,-0.011616477066178646
5527,-0.029914722732730298
5528,-0.019124042246470407
5529,-0.02876422317446735
5530,-0.017492799326485953
5531,-0.03355496159166792
5532,-0.011567088039570933
5533,-0.010905058366441622
5534,-0.025262268800535254
5535,-0.013098433268736026
5536,-0.03391393513607768
5537,-0.01499632011405061
5538,-0.03336770607021339
5539,-0.03066880851703538
5540,-0.004344167459046422
5541,-0.042670796302200664
5542,-0.028829728500936957
5543,0.03686893340427079
5544,0.00748884370951125
5545,0.0013257431638906692
5546,-0.02922943830722924
5547,-0.010550678662643032
5548,-0.026682408035379857
5549,-0.027314654489149895
5550,0.003938578853023532
5551,-0.017905196396180156
5552,-0.015427488541227885
5553,-0.018825360251757628
5554,-0.03511053987073148
5555,-0.05284176477959121
5556,-0.0011667433962826435
5557,-0.019257948966252658
5558,-0.030451740335403932
5559,-0.015218441424934948
5560,-0.021370899931019288
5561,-0.01640984178415772
5562,-0.04217249148462204
5563,0.0021917720445693845
5564,-0.015458211221407517
5565,-0.026038481071365638
5566,-0.020720935808332036
5567,-0.022215263748147085
5568,-0.0029684216802634555
5569,-0.02135863691216683
5570,-0.02596748679513583
5571,0.0013374534098397756
5572,-0.02371474723723499
5573,-0.008352535595843563
5574,-0.00608837846232213
5575,-0.04947894042151278
5576,-0.045485053866349205
5577,-0.006027042393792384
5578,-0.013086144621451246
5579,-0.022412494890499624
5580,-0.03970416785292208
5581,-0.008631179292576119
5582,-0.03462862670268829
5583,-0.006809455109409515
5584,0.011773205014429605
5585,0.0002516139644257731
5586,0.012180835724596037
5587,-0.02366916975034436
5588,-0.023186735696975658
5589,-0.030607460857267454
5590,-0.012453963487267308
5591,-0.00044370758622272466
5592,-0.024832673217787343
5593,-0.016593472739355603
5594,-0.03728703678591935
5595,0.0027361716545551973
5596,-0.033573897475995235
5597,-0.0012671208749984487
5598,0.009502691908794464
5599,-0.03359044710112092
5600,-0.001685384511301652
5601,-0.053163205213405285
5602,-0.03854077033630032
5603,-0.027608440944612067
5604,-0.01478081192124664
5605,-0.0005649808662241962
5606,-0.0342055818200126
5607,-0.007746887367585262
5608,-0.021833311705869662
5609,-0.019333269465310138
5610,-0.03852803970095728
5611,-0.05442038408832697
5612,-0.0014459187287145514
5613,-0.013078836050178178
5614,-0.004060609975122087
5615,-0.046623310932651124
5616,-0.0140206977704177
5617,-0.003343497177434429
5618,-0.042323987306374544
5619,-0.026734910006473794
5620,-0.019908252567075846
5621,-0.0033721575068229592
5622,-0.022175284506098458
5623,-0.00649277341676463
5624,-0.018868932405551486
5625,-0.00411378983010513
5626,-0.008901448424755931
5627,-5.991927671764041e-05
5628,-0.036594472419871404
5629,0.0070099410002738075
5630,0.0022198374527588327
5631,-0.02361372786345542
5632,-0.03188826663713157
5633,-0.02208341389805385
5634,-0.0004470717886757847
5635,-0.02528426011237181
5636,-0.004564460401343826
5637,-0.0239636555095169
5638,-0.040851936459277205
5639,0.009795538448700458
5640,-0.030270392918704175
5641,-0.029222653542720273
5642,-0.028193634843980325
5643,-0.036311697180882785
5644,-0.019167920054977472
5645,-0.012590714690235538
5646,-0.008217590058015978
5647,-0.03963707088274632
5648,-0.011216291035972964
5649,-0.03682583798643144
5650,-0.009642864385845662
5651,-0.034104479398561094
5652,-0.00913639207046879
5653,0.0005236338394140061
5654,-0.014572390205406127
5655,-0.011827508980443768
5656,-0.005018624386303849
5657,-0.01952485383622703
5658,0.004539965525318185
5659,-0.035270608348508536
5660,-0.03242604729512394
5661,-0.007748548810587326
5662,-0.049493475624272476
5663,0.0088888095105078
5664,-0.026521130926977457
5665,-0.007187583285210769
5666,-0.012309711988584604
5667,0.0006989881737169412
5668,-0.010191706251807084
5669,-0.01900887196363854
5670,0.005769211795652651
5671,0.0003636861575606054
5672,-0.0347357271437409
5673,-0.003155691741502986
5674,-0.027544823417238296
5675,-0.03331901011170302
5676,-0.013052778704795154
5677,-0.0243609583362763
5678,-0.01277663610694249
5679,0.0009057756840318704
5680,0.009865646531324379
5681,-0.03160662011473295
5682,-0.029559779591445456
5683,-0.03571859386889806
5684,-0.021468398709486136
5685,-0.03468238196943438
5686,-0.03142205935368908
5687,-0.01678997514075692
5688,-0.028928996431565324
5689,0.010314331101131141
5690,-0.0180125811255957
5691,-0.01960844684965933
5692,0.0018911482008456548
5693,-0.016502353138084958
5694,-0.022499412853500905
5695,-0.011408638234620738
5696,-0.0038995836811243634
5697,-0.01415782502780838
5698,-0.010749451749603844
5699,0.0005049742673347707
5700,0.015009322541202519
5701,-0.03202732661097768
5702,-0.04480847304409552
5703,-0.030837477516433842
5704,-0.023088608986095438
5705,-0.017911780097666308
5706,-0.004768794719512526
5707,-0.025021323811812157
5708,-0.021916272596440856
5709,-0.011253833412142422
5710,-0.009161796093450858
5711,0.012004590443476765
5712,-0.001213509992892603
5713,-0.015875650094686444
5714,-0.006118321351650899
5715,-0.03379912644727501
5716,-0.02129656413892786
5717,-0.03132138781982083
5718,-0.016507911746034665
5719,0.010790620186076738
5720,-0.018672624522741613
5721,-0.03221110081802658
5722,-0.025045021560985342
5723,0.005269926091466232
5724,-0.014114819140566698
5725,-0.0194194925421175
5726,-0.012505208786978889
5727,-0.03941447783487219
5728,-0.0012341361239952275
5729,-0.020170332343878383
5730,-0.011814375248227565
5731,0.004250076216402443
5732,-0.0073261120713308675
5733,-0.05036144340087581
5734,-0.056176307638281076
5735,-0.028031133005610498
5736,-0.013164169478966592
5737,-0.032119370154404144
5738,-0.017082821025709793
5739,-0.02237996365720285
5740,-0.03541462808021956
5741,0.0007322251891641596
5742,-0.022101742665756638
5743,0.0154809084373417
5744,0.0016296130604906839
5745,-0.015171449059814962
5746,-0.046444849723587506
5747,-0.01842029998798511
5748,0.004477099752282082
5749,-0.015035147778801251
5750,-0.027093351194688947
5751,-0.012199141185027018
5752,-0.041298495065317076
5753,-0.017065521631907138
5754,-0.02279993250607487
5755,-0.007868547726423147
5756,-0.05010179605880366
5757,-0.008992860915316259
5758,-0.004983227052335587
5759,-0.028976207962358835
5760,-0.011201380080314072
5761,-0.028207178731598614
5762,-0.024970820420266743
5763,-0.04495778013319665
5764,0.010912196048592511
5765,-0.009861996465876294
5766,-0.03935313648166397
5767,-0.007131813826799588
5768,-0.012844126372378112
5769,-0.015731937156927556
5770,-0.004556283193881752
5771,-0.020608333435764847
5772,-0.010401903526549378
5773,-0.017912124874559066
5774,0.007133713984625367
5775,-0.017578856620346
5776,-0.007875943239713468
5777,-0.0312338718219064
5778,-0.016928068314142897
5779,-0.05396218644912609
5780,-0.026799946792338714
5781,0.002888695002777164
5782,-0.014644592407464366
5783,-0.031155664219659457
5784,-0.024501516116411756
5785,-0.009102197423761227
5786,-0.010735471348516379
5787,-0.005825404233077536
5788,-0.0066598758773510625
5789,-0.027914000575258918
5790,-0.000970030391368476
5791,-0.03805364227729019
5792,-0.026323454082499753
5793,-0.0188806637679437
5794,-0.023428187824884872
5795,-0.006985288978573118
5796,-0.020997478875646403
5797,-0.047330187062137596
5798,-0.014413081697598196
5799,-0.05613129165102693
5800,-0.04113146394909872
5801,-0.028731826794236276
5802,-0.010280525107593336
5803,-0.01565019250606231
5804,0.0023419152508109553
5805,-0.023105016163569914
5806,-0.021424029824188173
5807,-0.03210796314921776
5808,-0.005409313002664118
5809,-0.03637294368074431
5810,-0.039867252891659696
5811,-0.0036809815406108892
5812,-0.017174072703879332
5813,-0.0339225185858224
5814,-0.0018833536751852037
5815,0.02244769973145533
5816,-0.033577198587516344
5817,-0.03583067209658902
5818,-0.020937699300281637
5819,0.011975019486183625
5820,-0.03804779039598544
5821,-0.005532310289384654
5822,0.011770884088694838
5823,-0.016525404793164944
5824,0.008631723392987956
5825,0.004812186365868998
5826,-0.013262313688333971
5827,0.001266955060709729
5828,-0.01984157983621415
5829,-0.0020123486872047625
5830,-0.00998585682598363
5831,-0.012216520650673385
5832,-0.014940852151734185
5833,0.008434379150192545
5834,-0.024573071083661163
5835,0.0008513563251854595
5836,-0.023654304619225422
5837,-0.014919358315458459
5838,-0.038545699706278
5839,-0.008149653294779943
5840,-0.01222200659977074
5841,0.003029543860542022
5842,-0.01887332333444952
5843,2.889655429705318e-05
5844,0.008634016999775534
5845,-0.015583373668293543
5846,-0.05461244927322867
5847,-0.028118078744633068
5848,-0.044251099699269186
5849,-0.035937079163214924
5850,-0.024392503961298606
5851,-0.049997718537057895
5852,-0.008675057403363579
5853,-0.014222347039728744
5854,-0.02541576464319334
5855,-0.005054369662636837
5856,-0.011261571368528622
5857,-0.005932283110884784
5858,0.009555048495960616
5859,-0.016346969470007494
5860,-0.023288188944262447
5861,0.015570883899864607
5862,0.0007024263457668656
5863,-0.03055306667878764
5864,-0.03633189043221666
5865,-0.015875003403533927
5866,-0.031129830824154048
5867,-0.0054798650399529025
5868,-0.013692192493596642
5869,-0.03160060939737913
5870,-0.05237111283217949
5871,-0.02277714965064212
5872,-0.01207124331208434
5873,-0.013826491386925821
5874,-0.010419038487691823
5875,-0.04735624311844111
5876,-0.022423265581965154
5877,-0.0020306928795377766
5878,-0.028473392290579488
5879,-0.008040872174600477
5880,0.0017837374268130368
5881,-0.008833844448632652
5882,-0.029429876563000057
5883,-0.02331266599949855
5884,-0.03510529270787194
5885,-0.01545754513945563
5886,-0.008103770306702382
5887,-0.02913852932365177
5888,-0.03691585383469129
5889,-0.01695789032995293
5890,-0.04392353797337198
5891,1.5253988743049035e-05
5892,0.002390936108610714
5893,-0.014263737585450437
5894,-0.013497187780124376
5895,-0.031590100753186245
5896,-0.012646007108766733
5897,0.011086456387952817
5898,-0.03266531931134553
5899,-0.023145744923730394
5900,-0.003484140130304181
5901,-0.021546541505280396
5902,-0.0028272828636975583
5903,-0.016187873300207364
5904,-0.01926079235762057
5905,-0.01761468698507876
5906,-0.023438896750922922
5907,-0.013779630178886643
5908,-0.033088510642759014
5909,-0.009095261645857555
5910,-0.0319052010420158
5911,-0.006810540614257815
5912,0.011618625688684797
5913,0.002253600084937829
5914,-0.024606813599387142
5915,-0.00804676301285126
5916,-0.021110891685395816
5917,0.0009675138856020671
5918,-0.015140141155524894
5919,-0.03428035649115785
5920,-0.04026630343639931
5921,-0.039666593314558934
5922,-0.03740409702180414
5923,0.013710677340490196
5924,-0.0015739882035579605
5925,-0.0051997737113251355
5926,-0.022686598380470102
5927,-0.02974272177445786
5928,-0.011787479116364075
5929,-0.0013270868185481233
5930,0.0030543947905283253
5931,-0.016588297935701823
5932,-0.009817245888404658
5933,-0.011340411417268048
5934,-0.02587892840487693
5935,-0.00680518583437556
5936,-0.022294566865595222
5937,-0.003480170042911457
5938,-0.01663217075799925
5939,-0.029500164952095065
5940,-0.022652732382728136
5941,-0.007281442977081609
5942,-0.026765984752902316
5943,-0.020433594927481757
5944,-0.029595639594906964
5945,-0.02687059565673125
5946,0.0007131049282152191
5947,-0.005051747502032536
5948,0.014742325659402367
5949,-0.028873480101931942
5950,-0.03193097141078555
5951,-0.04049903280423156
5952,-0.014037629104411975
5953,-0.0009457566452723276
5954,-0.022084016868404666
5955,-0.020768991115951707
5956,-0.034242430611295005
5957,-0.03079229603623905
5958,-0.024764241739285486
5959,-0.01169649046237542
5960,-0.01812263248565482
5961,0.02102990124954919
5962,-0.0012700049108991252
5963,-0.009451424324292024
5964,-0.03318704889452165
5965,-0.0304498603298739
5966,0.0006655899698167905
5967,-0.03816488695826592
5968,0.006934715246240286
5969,-0.015714922933379477
5970,-0.0017195579006732131
5971,-0.04238978239342972
5972,-0.028648179291427656
5973,-0.028246946929456285
5974,-0.03094535017328115
5975,-0.019522087736420224
5976,-0.035189466904041705
5977,-0.01778923647265561
5978,-0.036340663769561576
5979,0.002931686774409331
5980,-0.018042988958986733
5981,-0.03609430015367332
5982,-0.017435607792592844
5983,-0.005494535294580327
5984,0.02261864778921683
5985,-0.030564541882931368
5986,0.0012244020097643138
5987,-0.023394198902421323
5988,-0.037879558044819295
5989,-0.0045619401959099
5990,-0.06182469039542127
5991,0.015718152337459435
5992,-0.021683629570103224
5993,-0.010523218242277532
5994,-0.04028307545667875
5995,-0.028827379638210013
5996,-0.017148522767471974
5997,-0.04014807521503111
5998,-0.008506332256389807
5999,-0.031110776979840882
6000,-0.04807398187113576
6001,-0.06288659652754637
6002,-0.00977858752638918
6003,-0.024423723636968014
6004,0.0009311269471604655
6005,-0.019059722233205928
6006,-0.014960032007843321
6007,-0.008302631454771753
6008,-0.01434242532641461
6009,-0.027562758751436434
6010,-0.009309295235934073
6011,-0.012434548476330229
6012,-0.0039815736355084674
6013,-0.007164353067258544
6014,0.0014082870481715581
6015,0.013995333848090735
6016,-0.01470966483462352
6017,-0.0012705004697068922
6018,-0.02301008028335011
6019,-0.0054994661239748666
6020,0.0008324068929732309
6021,-0.04314743330628851
6022,-0.029969875370177895
6023,-0.0018647042255691137
6024,0.003974529795404039
6025,-0.0048562928755000595
6026,-0.017738534480806534
6027,-0.034629255804344616
6028,0.026076365249881106
6029,-0.040836452605922696
6030,-0.006854185689568415
6031,-0.0017015206103255104
6032,-0.029380308402150848
6033,0.017680363971882315
6034,-0.012027312460965223
6035,-0.04014299109700836
6036,-0.022155034424856543
6037,-0.010675707665154466
6038,-0.062453594907907986
6039,-0.002816803218728209
6040,-0.017272811173734276
6041,0.0007812914394575154
6042,0.004246981376154257
6043,-0.05461407983764227
6044,-0.025702174764894753
6045,-0.01449441048635497
6046,-0.0007322049435775635
6047,-0.017625618516977914
6048,-0.039747747893598195
6049,-0.03549592253781908
6050,-0.03504159997284895
6051,-0.007632834499198327
6052,-0.007009963568442912
6053,-0.02206076426330994
6054,-0.008818806985976285
6055,-0.04033860012410931
6056,-0.02243867227042412
6057,-0.014773129322891994
6058,-0.04108897136031314
6059,-0.04319348277562693
6060,-0.04977566318340321
6061,-0.01474229683265603
6062,-0.002006491465201543
6063,0.0055439816158562305
6064,-0.016800783845288936
6065,-0.0035404824758664133
6066,0.012102124821706806
6067,-0.024247568854516455
6068,-0.01489858956557677
6069,-0.0516620281527303
6070,-0.039815393536490884
6071,0.011558901747331984
6072,-0.010703152012299905
6073,-0.03427713736451851
6074,-0.02534546220653806
6075,-0.01593629349068032
6076,-0.013361082619797932
6077,-0.014554072683661129
6078,-0.029327950059358926
6079,-0.019716229552262682
6080,-0.014099744202637238
6081,-0.00359799463889518
6082,-0.03141770580186859
6083,0.0035724940555959817
6084,-0.02372284047439832
6085,-0.014087922934691854
6086,-0.016413776603376506
6087,0.0077806903440453545
6088,-0.000623401053946801
6089,-0.018911941548840988
6090,-0.03782537656501345
6091,-0.012372569919400916
6092,-0.020924870072304258
6093,-0.01572211027122372
6094,-0.02396628806243284
6095,-0.003574943914608837
6096,-0.030164383771004666
6097,-0.024080933191623244
6098,-0.016800335791057497
6099,0.026802529688891963
6100,-0.008155500061128834
6101,-0.004666105004308252
6102,-0.01048317187708911
6103,-0.038476983476024615
6104,-0.01573244066755275
6105,0.008416563069859356
6106,-0.008648683450300454
6107,-0.012163646001525426
6108,-0.009174140362471411
6109,-0.05330868563471988
6110,-0.02129487654736331
6111,-0.008309934030276148
6112,-0.04451027549217551
6113,-0.015721893448300578
6114,-0.009489467250753059
6115,-0.015995715452073678
6116,-0.0032229802859424506
6117,-0.013171730463063636
6118,-0.01127404872290208
6119,0.001330759349407705
6120,-0.007614869870606
6121,-0.04434388961155948
6122,0.00926843771757857
6123,-0.02347065303616408
6124,-0.01632504061475834
6125,-0.048673503217612435
6126,-0.01427198851985867
6127,0.017938087178101025
6128,-0.014833172343932777
6129,-0.01404520902941786
6130,-0.015472059167228241
6131,0.004757692866255159
6132,-0.05801897136725301
6133,-0.031814325716814
6134,-0.014302452441431412
6135,-0.009907216920195971
6136,-0.028484868012172593
6137,-0.007819032807872994
6138,-0.007605152425807088
6139,-0.030342888930738526
6140,0.0040331466828935625
6141,0.00023300537884396455
6142,-0.018301501869082137
6143,-0.007939274378190475
6144,-0.017320827456237642
6145,-0.03260083095756447
6146,-0.021919326111332654
6147,-0.04413275048631639
6148,0.006825342096228551
6149,-0.01648528913875308
6150,-0.039713047424169035
6151,0.01771112974850164
6152,0.0051281572067052306
6153,-0.01037691068038335
6154,-0.018895415585468617
6155,-0.03862089782927182
6156,0.004413432855575855
6157,-0.0010194354318817656
6158,-0.011470804276571045
6159,-0.0038962323685219624
6160,-0.004720899813576651
6161,-0.010386365515921939
6162,0.006764038478826312
6163,-0.03515268597935634
6164,-0.03750682666048595
6165,-0.006607377191327424
6166,-0.028948026927158227
6167,-0.016875718469540557
6168,-0.05138127177295898
6169,-0.017485240164568816
6170,-0.009159168494356051
6171,-0.014305553907844742
6172,-0.00858132715330373
6173,-0.0017813750535903283
6174,-0.01101983512690044
6175,-0.0003652896700417213
6176,-0.026823497332476354
6177,-0.0070166951700685876
6178,-0.00015038910774799186
6179,-0.028525053446690235
6180,-0.025321354389735123
6181,-0.0011294068433441717
6182,-0.017781456254262556
6183,0.00326988272932463
6184,-0.025949401166229145
6185,-0.0031546761733015627
6186,-0.03255578909015472
6187,-0.04117191662338038
6188,-0.013459955489912967
6189,-0.013738657926840508
6190,-0.004742670908087908
6191,0.004890686738149186
6192,-0.019896203338906238
6193,-0.04143617178337666
6194,-0.002005195088176537
6195,-0.01317690069399291
6196,-0.007903326275732661
6197,-0.04296971035600394
6198,-0.03117596605929912
6199,-0.019814304103572433
6200,-0.01872233104147933
6201,-0.012156416284142768
6202,-0.013440479005785905
6203,-0.03445002778866968
6204,0.0057566941743572575
6205,-0.02493373135686644
6206,-0.01280492341499092
6207,-0.014434691669360455
6208,0.013747765630008027
6209,-0.037340796072826254
6210,-0.0228495377601904
6211,-0.024797726758663347
6212,-0.02886502222741255
6213,-0.0010956378157174762
6214,-0.013815383406822979
6215,-0.00835515750568247
6216,-0.01149954909624576
6217,-0.00547825114318351
6218,-0.0072752635441647034
6219,-0.024391575410582095
6220,-0.006347270430389573
6221,-0.021900139158999438
6222,0.015143039126051638
6223,-0.00858035104351934
6224,-0.0037613761657667166
6225,-0.015049568819026166
6226,0.005164152421633483
6227,-0.041727458559861236
6228,0.011400888212035082
6229,0.006292321359321618
6230,-0.010511316814738408
6231,-0.004739916612117423
6232,-0.008935213253040697
6233,-0.035843202031599825
6234,-0.04562080886792311
6235,-0.0010235581040101693
6236,0.0033493334884855397
6237,-0.007222769675044538
6238,-0.006904941034677148
6239,-0.020893044327360527
6240,-0.004336156568242405
6241,-0.009735097353425648
6242,-0.024842894166570484
6243,-0.044245726627447246
6244,-0.0074955647877825715
6245,0.003750826471695723
6246,-0.024050914660580375
6247,-0.00271636736338407
6248,-0.021851078161594317
6249,-0.033572438533306936
6250,-0.009543209916232365
6251,-0.02565285773537007
6252,-0.005335043684958907
6253,-0.006337127593036181
6254,-0.05467324729794415
6255,-0.015865610242903005
6256,-0.01802227674299428
6257,-0.015031996880199822
6258,-0.0012264205387402805
6259,-0.01917966934705191
6260,-0.012796522593318677
6261,-0.038417228793036884
6262,0.0014860541483718015
6263,0.010509595273241135
6264,-0.02927049050930247
6265,-0.006274693887528049
6266,-0.023075417896874895
6267,-0.01015468167851269
6268,-0.018402684793526608
6269,-0.03258565762432769
6270,-0.021734428480965774
6271,-0.05190688827085044
6272,-0.02906199046458305
6273,-0.042292624967644854
6274,-0.006817383526513773
6275,-0.010844406582222132
6276,-0.0183104035755135
6277,0.0118970644198505
6278,-0.023322432439831065
6279,0.002412233474230363
6280,-0.0417749581475233
6281,0.004046807433477323
6282,-0.016071197260336123
6283,-0.019674455961915638
6284,-0.02990830265961486
6285,-0.029592678653994148
6286,-0.029610976703415573
6287,-0.02663769266045396
6288,-0.023882418456817656
6289,-0.01848191540822
6290,-0.0351218240052773
6291,-0.028738274906859734
6292,-0.027675764946426776
6293,-0.003927429133031346
6294,-0.006679261696455829
6295,-0.01680601291945505
6296,-0.02130325485434187
6297,0.002951011341193882
6298,-0.014474450182597617
6299,-0.02000825617954749
6300,0.005013920948740591
6301,-0.028670766053819297
6302,-0.038348001125417086
6303,-0.009791177643729096
6304,-0.016894464153367456
6305,-0.038008573613245056
6306,-0.005152977414837945
6307,-0.03186698197310771
6308,-0.02195784298381187
6309,-0.035548011567146376
6310,-0.010835401211330503
6311,-0.027541814372359953
6312,-0.024264405877293282
6313,-0.026109050069603373
6314,-0.019840847206254925
6315,-0.023870027204955235
6316,-0.006647647471772267
6317,-0.019065079248118233
6318,-0.026061099078416416
6319,-0.006549854254119275
6320,-0.00892754203434909
6321,-0.013674918816065904
6322,-0.03387655595660803
6323,-0.024130103283846488
6324,-0.020250310325457432
6325,-0.04219225176634114
6326,-0.021854155936594656
6327,-0.02225321016376533
6328,-0.014949743944638494
6329,-0.01970430294926362
6330,-0.015844098082373248
6331,-0.0294362226863589
6332,0.008884083219471595
6333,-0.014420317267206259
6334,0.004263271672058505
6335,0.003270591152437302
6336,-0.06361153260523753
6337,-0.0017657747588999406
6338,0.006098920365657873
6339,0.003928928586567515
6340,-0.016690766164047827
6341,-0.010002892071812652
6342,-0.027100888180035393
6343,-0.023842503650806174
6344,-0.00856102030416972
6345,-0.031177813660037357
6346,-0.016208427939626735
6347,-0.01426946574161353
6348,-0.010578177080744239
6349,-0.00950530428836191
6350,-0.04433052709007776
6351,0.005557585718353408
6352,-0.01246042173319667
6353,-0.01840153704114389
6354,-0.0005109665016903991
6355,0.003018442722170167
6356,-0.009023940634863281
6357,-0.0474639961493068
6358,-0.013342341281513292
6359,-0.017400021434244656
6360,-0.005184236769574024
6361,-0.021790401053755133
6362,-0.02381422171585372
6363,-0.025793572829730133
6364,-0.022208699487733935
6365,-0.03112431603061433
6366,-0.0217562361606482
6367,-0.011395219903551801
6368,-0.02319996536399041
6369,0.001990818906676309
6370,-0.009673089686448033
6371,-0.03138797227931983
6372,-0.03839935262506712
6373,-0.020285537154891592
6374,0.011093211903661429
6375,-0.02746355772710002
6376,-0.0038356039527452646
6377,-0.005409525585288066
6378,-0.005732679846209454
6379,0.003247213499976642
6380,-0.01476041270180839
6381,-0.05499710757394928
6382,-0.047517998678875795
6383,-0.005339930002587756
6384,-0.043033810448442136
6385,-0.05742686759414381
6386,-0.026783444216959162
6387,0.0001732753563103151
6388,-0.02566086170143486
6389,-0.01908973142768952
6390,-0.0011296838735508352
6391,-0.03199584603670513
6392,-0.01684341601255923
6393,-0.0009605296418917636
6394,-0.0492092737060581
6395,-0.02725353120613394
6396,-0.032493315950593016
6397,-0.03748379261885296
6398,0.0053275622446956605
6399,-0.027104914951283726
6400,-0.023950995920217127
6401,-0.02704190375352558
6402,0.0013498567134790918
6403,-0.00037013641695213956
6404,-0.027693025032943686
6405,-0.02844395390339105
6406,-0.04618805566325054
6407,-0.06126345647931536
6408,-0.012877487306735602
6409,-0.03373639692936464
6410,-0.019714524223638175
6411,-0.04806931266134867
6412,0.020450922867238597
6413,-0.03347529380164649
6414,-0.01513032896231406
6415,-0.027509191357022678
6416,-0.015168110233299587
6417,0.002877897596152326
6418,-0.026651223178360592
6419,-0.042740817969645184
6420,-0.04027291270294403
6421,-0.010403007295537114
6422,-0.023725633513059757
6423,-0.005271927374351559
6424,0.013405805805074222
6425,-0.016464275071743417
6426,-0.015822298488051584
6427,-0.03561654217115692
6428,-0.005061932785429407
6429,-0.061848192839463606
6430,-0.02339505770312722
6431,-0.021588755796950326
6432,-0.010946284425471131
6433,-0.01532396803803937
6434,-0.039453285001892505
6435,-0.02128311125419205
6436,-0.02191697678323143
6437,-0.018618499293516194
6438,-0.036913125388932794
6439,-0.03291977228131221
6440,-0.024848415520952294
6441,-0.03160440015518268
6442,-0.008169492550784418
6443,-0.03605358339291942
6444,0.017032005420226093
6445,-0.012589139340630426
6446,-0.022481151175799685
6447,-0.011604395468158363
6448,0.009263533622085887
6449,-0.029023253737401195
6450,-0.024503970463565783
6451,-0.020184298481168095
6452,-0.012359560542389264
6453,-0.003726635753856039
6454,-0.005865648229836318
6455,-0.02604252588116346
6456,-0.039787933965465816
6457,0.025258331852435922
6458,-0.005022707883623662
6459,-0.005349313727009558
6460,-0.02672270200360846
6461,-0.019797048648811738
6462,-0.019547755226638458
6463,-0.023062150868021103
6464,0.001296847494869302
6465,-0.0440584057215212
6466,0.012968943739495004
6467,0.019209175526451183
6468,-0.031904446065278785
6469,-0.03867515884874173
6470,-0.025674510872870357
6471,0.000804508959837788
6472,-0.031682643441296204
6473,-0.01205457548028159
6474,-0.011995118621316109
6475,0.00890585703483776
6476,-0.029327183878359614
6477,-0.015228637069229375
6478,-0.032597144257420996
6479,-0.013474405999854645
6480,-0.0230216263572173
6481,-0.025177897092048124
6482,-0.013596281490639711
6483,-0.032335996702732406
6484,0.010204957731858755
6485,-0.02442789289931062
6486,-0.0004284435675099285
6487,0.0146663459988291
6488,-0.01337268654295426
6489,0.005099763404675439
6490,-0.03238256858068139
6491,-0.04822769601004687
6492,-0.013615771093656137
6493,-0.025945845593906405
6494,-0.013927388796600437
6495,-0.0216156766238894
6496,-0.02893006523954289
6497,-0.04399106013929982
6498,-0.021695127044079485
6499,-0.010659149218814806
6500,-0.010023814604306236
6501,-0.025685877858736883
6502,-0.03912137573576441
6503,-0.02455260410953186
6504,-0.006113637437805242
6505,-0.014193248052730811
6506,-0.0064239740658647015
6507,-0.009810663924761986
6508,0.005548830605898253
6509,0.004284774291901994
6510,-0.016876874452625173
6511,-0.019323615878418743
6512,-0.0018036341631866848
6513,-0.028483975887112767
6514,-0.029703811151111863
6515,-0.03980702683274004
6516,-0.0331612720114009
6517,-0.012824311506946018
6518,-0.0161670424061294
6519,-0.012306608878034225
6520,-0.04371030134232731
6521,0.0019788582838457525
6522,-0.02060805144265787
6523,0.008941035406959275
6524,-0.00045264920457219193
6525,-0.019023082266067026
6526,-0.006782233945913818
6527,-0.032763606597459416
6528,-0.01122386598240388
6529,-0.024021911611088687
6530,-0.018356257126049658
6531,-0.00908036394099454
6532,0.0049050503909830595
6533,-0.0354149445102242
6534,-0.002130257817670067
6535,-0.007859450725422823
6536,-0.06267476308966055
6537,-0.037183705709298784
6538,0.004649604873241106
6539,-0.017909680360517266
6540,0.00728271809114954
6541,-0.03352812083646281
6542,-0.03854071383723515
6543,-0.006702579964863925
6544,-0.004321286566887572
6545,-0.0014610283250497402
6546,-0.0013907376405914718
6547,0.006282387119902935
6548,-0.02908598325071316
6549,0.019215063636744356
6550,-0.019692132382085753
6551,-0.014576785051162083
6552,-0.0034804798301310835
6553,-0.03460203586925936
6554,0.004159770441357666
6555,-0.03684500935483134
6556,-0.044609851413296875
6557,-0.0019695177797867114
6558,-0.04048602013425928
6559,0.005958241407313852
6560,-0.03326395600556398
6561,-0.03520754417828888
6562,-0.007393055031716389
6563,-0.023797774162667165
6564,-0.0303386180249407
6565,0.010600977983466264
6566,-0.011921599770164548
6567,-0.022905394450150884
6568,-0.0347154960887647
6569,-0.03340296422812111
6570,0.0018382774409730351
6571,-0.052767334594394644
6572,-0.04163624649777045
6573,-0.0008469595586697853
6574,-0.014799989011354708
6575,-0.018412408756555365
6576,-0.023979568581400934
6577,-0.04076385359788934
6578,-0.023676447715562515
6579,-0.020906385365147412
6580,-0.016705343326177097
6581,-0.011093768557337513
6582,-0.020921529488432067
6583,-0.008811867984860222
6584,-0.01767447458873559
6585,-0.027641949112684805
6586,-0.003388112448343042
6587,-0.034347994836193746
6588,-0.026827043916621385
6589,0.014497684726880455
6590,0.0060432873309380075
6591,-0.023977169758436
6592,-0.008042663766016145
6593,-0.02956687889807344
6594,-0.02002167397066923
6595,0.010250249207800599
6596,-0.03309480476330007
6597,0.009653183619786287
6598,-0.034974715620870456
6599,-0.03263948232788996
6600,-0.02209657007981833
6601,-0.009726392382419
6602,-0.005691508973289988
6603,-0.016824074425326935
6604,-0.01470900867521266
6605,-0.026302509003299196
6606,-0.013521131029142847
6607,0.0024598937212781113
6608,-0.031662419865692015
6609,-0.017918176274816455
6610,-0.001971177067053423
6611,-0.004102344704266514
6612,-0.021819887745775285
6613,-0.01692058296665931
6614,-0.02336926621379995
6615,-0.009160888474130963
6616,-0.017053969938044727
6617,0.017489683666407383
6618,-0.004250960658831848
6619,-0.044188907906913016
6620,0.017249277680563113
6621,-0.0025443576311116323
6622,-0.040457602107473734
6623,-0.033086811330254984
6624,-0.023286183219719647
6625,0.01962869939960303
6626,-0.03046467743578135
6627,-0.014119711718207306
6628,0.01059661746059836
6629,-0.017270147191173812
6630,-0.007914020340681754
6631,-0.03040981757795025
6632,-0.0004137054508072946
6633,-0.05190429452706635
6634,-0.003061450237978769
6635,-0.0011400989628249925
6636,-0.03630773475721158
6637,-0.020261435171725295
6638,-0.021760240869354297
6639,-0.008345283862796149
6640,0.0028441435113519264
6641,-0.026731125095586977
6642,-0.007433373052061321
6643,-0.02537688443469932
6644,-0.01755546720606746
6645,0.002425746804335327
6646,-0.018142906813512605
6647,-0.044514629884391615
6648,-0.029843268497275394
6649,-0.021454302837249167
6650,-0.0039125041268460795
6651,-0.018888883745353302
6652,-0.013586417034447254
6653,-0.035175947819368836
6654,-0.0016903504300208039
6655,-0.01676784155015515
6656,-0.01955537265764873
6657,-0.011335248939503939
6658,-0.06192356130426843
6659,-0.02436071958629396
6660,-0.031033373828373956
6661,-0.011531743122573324
6662,0.003973977660176153
6663,-0.01688499686515335
6664,-0.0026157309056273337
6665,0.007320025367849786
6666,-0.024136613956857837
6667,-0.017333945713943477
6668,0.013726790993990129
6669,-0.04068377771464496
6670,-0.017474981225526764
6671,-0.017854033635853528
6672,0.006021920802435715
6673,-0.030272291881698887
6674,-0.015377942704220965
6675,-0.01919029334693456
6676,-0.01946083165782443
6677,-0.03539202722724724
6678,-0.03203065424872417
6679,0.015268952296196934
6680,-0.015540171733230843
6681,-0.005576537413072069
6682,-0.016071265560893666
6683,-0.006031955168106062
6684,-0.012360245216646748
6685,-0.03194085596556756
6686,-0.02487591799943667
6687,0.003277036157078486
6688,-0.02652065826468597
6689,-0.039663744390043526
6690,-0.022468972015728617
6691,-0.0009017570003257702
6692,0.00047910638055997934
6693,0.003178816776740978
6694,0.017074506233423176
6695,-0.024987643239073376
6696,-0.04213925501398727
6697,-0.0028355581631592797
6698,0.006118006088279143
6699,-0.0286285870834405
6700,-0.04560183301031431
6701,-0.004218634387186872
6702,-0.017054486210201947
6703,-0.014250094906480493
6704,-0.038095898027917185
6705,-0.005630788784135449
6706,-0.0005398844548334392
6707,-0.014912674129602732
6708,-0.025507859987045522
6709,0.013761363094623197
6710,-0.04770768589329017
6711,0.0036132211630029026
6712,-0.0010591041658974294
6713,-0.014089188421534171
6714,-0.022066321810881445
6715,-0.046500469441111525
6716,-0.00024378621138537726
6717,-0.004460337558433225
6718,-0.009438869843609164
6719,-0.01687665662639709
6720,-0.03581591428784936
6721,-0.04811667024248012
6722,-0.03609399583564553
6723,-0.03929330401399067
6724,-0.0461441618410664
6725,-0.013744197100642452
6726,-0.0023176092274581686
6727,0.006479899246216808
6728,-0.05031034774220097
6729,-0.037147358258154684
6730,0.0009483246738132833
6731,0.0031869233840881583
6732,0.004068568316532378
6733,-0.02033859735820276
6734,-0.033289057435228864
6735,-0.008104223599514626
6736,-0.04842586870547036
6737,-0.03918379509807185
6738,0.01276174544124814
6739,0.0018853763255359535
6740,-0.020424153897089486
6741,-0.0138129739285551
6742,0.023267776905717463
6743,-0.014325471127287881
6744,0.002331524168868865
6745,-0.020251881662679327
6746,-0.0006846470306965946
6747,-0.016489446618776854
6748,0.01644913397647474
6749,-0.014725125193020328
6750,-0.03774639216208242
6751,-0.020003281576534443
6752,-0.04329738336489275
6753,-0.009759047198821723
6754,-0.020764095710658653
6755,-0.007418741228557596
6756,-0.04245155655359448
6757,-0.0077483205857919735
6758,-0.026198688032756712
6759,-0.012240107898761066
6760,0.0007665058240030054
6761,-0.02521996915037386
6762,-0.030009829809867966
6763,-0.031050860131101088
6764,-0.01989565428992346
6765,-0.049890894312896256
6766,-0.0071164952129740555
6767,-0.00679400739794922
6768,-0.000512224333651834
6769,-0.029617188744387596
6770,-0.026091647275855445
6771,-0.0028291683348132812
6772,-0.015417889035219214
6773,-0.009489081689061596
6774,-0.004043107437310012
6775,-0.011211072812392295
6776,-0.0037930133270479005
6777,0.008525272710285053
6778,-0.002371166569010097
6779,0.01006353751572242
6780,-0.01920006895879703
6781,-0.010890036062785713
6782,-0.035905560408172915
6783,-0.018455641931502703
6784,-0.018340105737383178
6785,-0.00878450632954697
6786,-0.0010873449511109856
6787,0.002447507694084722
6788,-0.006388929947228034
6789,-0.006369076586589806
6790,-0.020789891859457232
6791,-0.0046981471501382766
6792,-0.03893199627167376
6793,-0.032510886916584714
6794,-0.0009972817404822754
6795,-0.00805115957067186
6796,-0.01702117408189946
6797,-0.005898415651232752
6798,-0.029835246514873376
6799,0.0019594954936069386
6800,-0.010243591172227534
6801,-0.014300231605993141
6802,-0.016402798652442374
6803,-0.02426006590474375
6804,-0.00511163017663363
6805,-0.017971491156440755
6806,-0.00991368900044226
6807,-0.05037467301852791
6808,-0.017421826110940786
6809,0.0031834419407679726
6810,-0.01683168525548824
6811,-0.007202465690857446
6812,-0.01015204097857765
6813,-0.021400586309826414
6814,-0.03061541724280409
6815,-0.023738181996659447
6816,-0.023394925871041528
6817,-0.021515100679934132
6818,-0.02031895520566354
6819,-0.016937572863201578
6820,-0.018544476372318652
6821,-0.01263329202483987
6822,-0.02500332724683106
6823,-0.02308543304370453
6824,-0.019512999081643
6825,-0.017092519137472645
6826,-0.010612583279365595
6827,0.010562098435625278
6828,-0.03200191044779539
6829,-0.04205823622911446
6830,-0.02249581396896333
6831,-0.03988390186161256
6832,-0.012584079770577801
6833,-0.0066578569687962
6834,-0.019214067872475316
6835,-0.019477037280517973
6836,-0.04819947376627706
6837,-0.00551174133026977
6838,0.020257061048007813
6839,-0.006831945739536327
6840,-0.013605483916563507
6841,-0.0003427825327904088
6842,-0.007968163342702894
6843,-0.02058161817868623
6844,-0.015351021427665229
6845,0.0013466905081910285
6846,-0.016368066843135187
6847,-0.006513436542313095
6848,-0.02264877259659645
6849,-0.012913705936124037
6850,0.0006493084310141561
6851,-0.007839594918880727
6852,-0.010225259089531258
6853,-0.023359268316291287
6854,-0.036392555345321376
6855,-0.042097877131472825
6856,-0.04961087289859567
6857,-0.029317966634333156
6858,-0.03145476837327699
6859,-0.0204439707896254
6860,-0.027811236546859894
6861,-0.012251721272183075
6862,-0.01651192931820411
6863,-0.035760718146910675
6864,-0.0054340402525213105
6865,-0.03093521385917114
6866,-0.009470627509325646
6867,-0.026803570835796764
6868,-0.018220509141091634
6869,-0.03151307289353583
6870,-0.04004394861139751
6871,-0.020075075350939886
6872,0.006623578357447615
6873,-0.01791156102894062
6874,-0.029041737869656692
6875,-0.03708813485340584
6876,-0.022344499973175558
6877,-0.023293377091600342
6878,-0.028337147050928907
6879,-0.0100442619792597
6880,-0.01286050822883647
6881,-0.02337497770303093
6882,-0.01914273711889844
6883,-0.010791393375934294
6884,-0.015101790147384053
6885,-0.02825138000593619
6886,-0.005388322062064459
6887,-0.01331736224485329
6888,-0.030007845111854614
6889,-0.03198066346712941
6890,0.02124497151954735
6891,-0.00026445077672576645
6892,-0.03148487529877303
6893,-0.017884059102541185
6894,-0.04622302018963348
6895,-0.003250680792851804
6896,0.005111132382500591
6897,-0.026322585608978544
6898,-0.01579191328049992
6899,-0.021278174919881487
6900,-0.02674467658836048
6901,-0.034672972972915495
6902,-0.02894348459094126
6903,-0.020098646141372772
6904,0.009825189301501447
6905,-0.036502506599552176
6906,-0.03123817655866981
6907,-0.04681880017301726
6908,-0.012601784416913037
6909,-0.016726872230998488
6910,-0.05758594072310336
6911,0.01190264231529442
6912,-0.013055739823864793
6913,-0.04046842511170429
6914,-0.031571000061118314
6915,-0.008540482276555461
6916,-0.048492617695460705
6917,-0.02115719236703928
6918,-0.010267179776539431
6919,-0.016043056123287547
6920,-0.003063205262420321
6921,-0.005531243325489363
6922,0.022134075945887722
6923,0.004549023563350553
6924,-0.014026868636016251
6925,-0.03548456616183458
6926,0.0015436079979577744
6927,-0.018729807983275004
6928,-0.054207755606335416
6929,-0.022736018115009693
6930,-0.0543437090477375
6931,-0.025799731907971746
6932,-0.023260636978437
6933,-0.027927896570302757
6934,-0.03161607755622774
6935,0.021451118356429252
6936,-0.021499706571693977
6937,-0.057204583259931385
6938,-0.0003706633888697908
6939,-0.05433981315032621
6940,0.0006224271698632433
6941,0.008800056041985832
6942,-0.03235672674461648
6943,0.0026552465888376453
6944,-0.016948559619178627
6945,-0.02441199837860608
6946,-0.04131573338731209
6947,-0.025742236763954818
6948,-0.02616938819455747
6949,-0.022768878442872925
6950,-0.024182239686550214
6951,-0.025096851967919026
6952,-0.02271507469985043
6953,-0.03523642477472606
6954,-0.024096700734666604
6955,-0.01787058183954021
6956,-0.040819342889447746
6957,-0.012508978907310633
6958,-0.01906555516554634
6959,-0.00506660178202234
6960,-0.019129202706113152
6961,0.012380808859668802
6962,0.016447411374970133
6963,-0.002658552889999277
6964,-0.014844081380727514
6965,-0.04289739430213607
6966,-0.03011783333953598
6967,-0.018867379476466495
6968,-0.036177474971509985
6969,0.007108538189498914
6970,-0.016612418145613872
6971,-0.0050464336979016144
6972,-0.017082883295332446
6973,-0.016352704976994592
6974,-0.018830245328772394
6975,-0.008779791993020536
6976,-0.05694890520278251
6977,-0.004013867129959575
6978,-0.023001720950704352
6979,0.004100864609483473
6980,-0.017978828995119267
6981,0.01254974178256818
6982,-0.0005358661420943878
6983,0.0022556347938833543
6984,-0.03586646750572564
6985,-0.025312213888616014
6986,-0.021486429582214972
6987,-0.0268225271112294
6988,-0.020021710029518885
6989,-0.012926435125114516
6990,-0.04295352638268646
6991,-0.03508271572560884
6992,-0.03301577571020842
6993,-0.017618768183985445
6994,-0.017667349035025648
6995,-0.02872959373054157
6996,-0.016406838605832363
6997,0.015528807040494197
6998,0.016732435189281247
6999,0.0025486829563958757
7000,0.002878992910242517
7001,-0.03092969785556038
7002,-0.020149654518432092
7003,-0.020500253745399377
7004,-0.027034103383487607
7005,-0.034450459668406416
7006,-0.015780632975521236
7007,-0.014372298314267389
7008,-0.03439637935399062
7009,0.020847161093505817
7010,-0.0017492428110472413
7011,-0.01483755287747638
7012,-0.0060394493522067105
7013,-0.02835062996255408
7014,-0.061197030071990566
7015,-0.023846939218649166
7016,-0.041289652042894504
7017,-0.050034015355063355
7018,-0.033529715903463875
7019,-0.03602138085158152
7020,0.006475683632523002
7021,-0.040657853492042095
7022,-0.05288661301839201
7023,-0.01737088769399725
7024,-0.026993499459158743
7025,-0.001007417614048045
7026,-0.007304907932084437
7027,-0.010073989241692477
7028,-0.013031040335987308
7029,-0.01932906516930516
7030,0.012087480666204964
7031,-0.018057816157995954
7032,0.007707564316431242
7033,-0.02893948727820478
7034,-0.009192266953369221
7035,-0.019401630620348748
7036,-0.014494536107631684
7037,-0.04488733132666506
7038,-0.02051768412258284
7039,0.003324323208116653
7040,0.0006439026823703651
7041,-0.034967752136278396
7042,-0.021940050175820805
7043,-0.005956594708473942
7044,0.017050380364783416
7045,-0.060343571639835114
7046,-0.016582896718081608
7047,-0.03155945425730708
7048,0.005779394694689466
7049,-0.0307238803255159
7050,-0.02180279635306516
7051,-0.020355667852675785
7052,0.030118477899162915
7053,0.013579326729489645
7054,0.02070965956579751
7055,-0.015220125167196952
7056,-0.02093342276864161
7057,-0.03615206755491396
7058,-0.03326929264844322
7059,-0.01928884061681735
7060,-0.014891519682671439
7061,-0.0293260974338172
7062,-0.02634514413487804
7063,0.015114621537148015
7064,-0.008413321438408394
7065,-0.018535370950061497
7066,-0.049222363527668414
7067,-0.013403614147813186
7068,-0.014956319051060318
7069,-0.051187279688007306
7070,-0.014370875876164924
7071,-0.01675172518361487
7072,-0.03915946157146183
7073,-0.022930227799671434
7074,-0.016747896388240924
7075,-0.020573763931079764
7076,-0.03554306723031414
7077,-0.01862954068913089
7078,-0.035683777558262325
7079,-0.022161757444629282
7080,-0.016755426428205378
7081,-0.022454874596053276
7082,-0.01200402126973045
7083,-0.012741199424956384
7084,0.0012197667458670458
7085,-0.013175265834058703
7086,0.00906733615818646
7087,-0.00603440994741733
7088,-0.014260956737491393
7089,-0.04211791087598643
7090,-0.021045241142556112
7091,-0.011232142556932959
7092,-0.035937698830026725
7093,-0.02789674034630743
7094,-0.030123111267220476
7095,-0.017249396513981552
7096,-0.012776606558919323
7097,-0.002800662624247663
7098,-0.005315783223023535
7099,-0.007287106418125633
7100,-0.002028783550720309
7101,-0.01364303267449099
7102,-0.008746743272688873
7103,-0.024661198217186514
7104,-0.02296572942712488
7105,-0.030239478857091495
7106,-0.022935194146489257
7107,-0.03552858892830246
7108,0.0010723114829795377
7109,-0.003393604401578529
7110,-0.015458827260738078
7111,-0.0137532141226413
7112,-0.039092515401921935
7113,-0.02665871745817383
7114,-0.030436030198964792
7115,-0.023337725105203544
7116,-0.029703798865211045
7117,0.000807038018315942
7118,-0.013735341006422652
7119,0.015188677602522738
7120,-0.019774661647145253
7121,-0.026816476154683272
7122,-0.011843694146670108
7123,0.0005074681544944282
7124,-0.024365480203756423
7125,-0.0034981650269678144
7126,-0.00041504285144333686
7127,-0.006818094845352229
7128,-0.01962976581669318
7129,-0.0161356284143781
7130,-0.0060425480199324255
7131,-0.02886214894621103
7132,-0.04553497622523875
7133,-0.012545835800339411
7134,-0.036227024948057684
7135,-0.02224847043052297
7136,-0.005961220169211967
7137,-0.015390127846600238
7138,-0.027829585248034916
7139,-0.02892168987938548
7140,-0.02885004690663842
7141,-0.0033266409393673813
7142,-0.04470727566951349
7143,-0.009473303975855135
7144,-0.045939768907574924
7145,-0.01958641044274266
7146,-0.031168139155158647
7147,-0.026015473405882616
7148,-0.02087256878518301
7149,-0.020095688511682697
7150,-0.006764786598821321
7151,-0.023435244570290448
7152,-0.023434680616214454
7153,-0.01203042571473617
7154,-0.006594610526997002
7155,-0.012413955075038563
7156,-0.013932538338661288
7157,-0.008315007503731209
7158,-0.006676929120500774
7159,-0.024922955636279748
7160,0.0016107029753393287
7161,-0.020651585074822867
7162,-0.012935847571446002
7163,0.008528994685373714
7164,-0.016720651347781668
7165,-0.01886986711618943
7166,-0.04388646211032368
7167,-0.0429829826839747
7168,-0.01983233453926242
7169,-0.009738021658897034
7170,-0.019509592834352163
7171,-0.0003846963645725704
7172,-0.007366143248261431
7173,-0.006051414532811217
7174,-0.026249153184146112
7175,-0.027088914587090507
7176,-0.015824937162835173
7177,0.01948876936095416
7178,-0.03343641875238379
7179,-0.03711834469917891
7180,-0.013673213874494758
7181,-0.026386505981664976
7182,-0.025589243220438984
7183,-0.026296786675748918
7184,-0.029332599104619467
7185,0.008041362779533878
7186,0.0038358468580903388
7187,-0.03164918665342828
7188,0.0037984478787094766
7189,-0.007390718918220962
7190,-0.005422503615982094
7191,-0.0033391270864635836
7192,-0.009917690123754819
7193,-0.002811476839774091
7194,-0.04235839187984625
7195,-0.023161078455477283
7196,-0.03202309428554917
7197,-0.008946047642566929
7198,-0.02613673219387508
7199,-0.0062494972118983805
7200,-0.02717210122950084
7201,0.004588820035973121
7202,-0.030234291693633286
7203,-0.02940901464184903
7204,-0.025263552634828823
7205,-0.040887451990198304
7206,-0.010053071609621933
7207,-0.025337529302913657
7208,-0.04591889960986696
7209,-0.024511669547700565
7210,-0.02164784558377461
7211,-0.008886772876859489
7212,-0.02620435850564176
7213,-0.01305849853512403
7214,-0.026902615991249434
7215,-0.005911110861612667
7216,-0.022578112764388647
7217,0.0010677034076160552
7218,-0.034596746619208224
7219,-0.0059259089196893044
7220,-0.02989199101709128
7221,-0.023918618504952638
7222,-0.025626287129173364
7223,0.006485899249736221
7224,-0.038174710355564564
7225,-0.013822150466423933
7226,-0.0289608400485023
7227,-0.021940439778239132
7228,0.001048969875636515
7229,-0.023278927031430946
7230,-0.016902555221483068
7231,-0.014534716025917632
7232,-0.012919911208315149
7233,-0.006423085040279081
7234,-0.0019129977018788602
7235,-0.006314647901730475
7236,-0.01168306937760799
7237,-0.033756915480983
7238,-0.014843491356434202
7239,0.0022964687230599967
7240,-0.017040741097808287
7241,-0.01730061917108977
7242,0.007849186811433845
7243,-0.009160222160931847
7244,-0.002304567816383718
7245,-0.002108870624195333
7246,-0.016725738246079105
7247,-0.02932888903142236
7248,-0.03620276895990393
7249,-0.028238966157088388
7250,-0.007290238979409891
7251,-0.031016027080099984
7252,-0.017701080361201882
7253,0.0014043241237552684
7254,-0.008467252030459865
7255,-0.053445464297449785
7256,-0.014026603410370708
7257,-0.018794946324851014
7258,-0.010311296476647192
7259,-0.04225795633900231
7260,-0.009264518291773577
7261,-0.003090433858958311
7262,-0.0073884876412302625
7263,-0.001376841640092219
7264,-0.032117570895981745
7265,0.00762243148024494
7266,-0.02091989235812558
7267,-0.06102187298496267
7268,-0.034832136812054965
7269,-0.010325213555822638
7270,-0.021222908718279823
7271,-0.026505864483794106
7272,-0.031844357201918055
7273,-0.013425295476580945
7274,-0.008492671469102486
7275,-0.014135692309602904
7276,-0.008778245107356974
7277,-0.011052548534410955
7278,-0.020866823100782292
7279,-0.018167528125401955
7280,-0.017128405028499757
7281,-0.030805812381826142
7282,-0.030275192758605463
7283,-0.017066227112790204
7284,-0.03140847863144282
7285,-0.008805983338841375
7286,-0.03600346622590145
7287,-0.011671527939215887
7288,-0.007303223193107389
7289,0.008362244879223019
7290,0.01184212053577166
7291,-0.024482199045173944
7292,-0.04050310903499532
7293,-0.012076317774467882
7294,-0.038229142938114025
7295,-0.010499673364597145
7296,-0.04786788114241003
7297,-0.015486089636080863
7298,-0.03613123293365009
7299,-0.027535766851836896
7300,-0.038264855424301636
7301,-0.006561410501329246
7302,-0.003767891072238544
7303,0.00363091147254635
7304,-0.012060946663120908
7305,0.008363295250536973
7306,-0.04795679607666214
7307,0.008291688207692993
7308,-0.016388323285691925
7309,-0.05603427571162177
7310,-0.008427710735694594
7311,-0.013813753777721732
7312,-0.02948193895747224
7313,-0.007383811227731102
7314,-0.021801100285376795
7315,-0.033617100930912164
7316,0.015674038286876114
7317,-0.013519731267950946
7318,-0.034365759674084784
7319,-0.000448780463482068
7320,0.015434481679581322
7321,-0.03361091309575823
7322,-0.04059119506700862
7323,0.006790368400784175
7324,-0.02409659315258983
7325,-0.011261567360377367
7326,-0.014812203485013872
7327,-0.011294258692485334
7328,-0.007496635103520388
7329,-0.032117964108875574
7330,-0.02296619166223607
7331,-0.012967288738885974
7332,-0.029935082605554705
7333,-0.012288998118883898
7334,-0.0035051906076244976
7335,0.005322550567817538
7336,-0.025499039827515002
7337,-0.028438154100999286
7338,-0.035357638994168605
7339,-0.03200942595604278
7340,-0.0016471546501627965
7341,-0.0018925856243824923
7342,-0.016137536293890364
7343,-0.016133591331407793
7344,0.0001282893475701985
7345,-0.008361630798737925
7346,-0.018764298687820535
7347,-0.0437325561890094
7348,-0.0320656398654503
7349,-0.017691785102845553
7350,-0.009820109496966795
7351,-0.039231619145844554
7352,-0.000803803594357666
7353,0.008623230700204959
7354,-0.029992981299956145
7355,-0.004045645063160158
7356,-0.018256922175959464
7357,-0.019315132977521743
7358,-0.014462063435076722
7359,-0.026279181754060466
7360,-0.010903017719444158
7361,-0.010320475693583464
7362,-0.02439382227352027
7363,-0.009310888073277894
7364,-0.02786057616978002
7365,0.007618511436213671
7366,-0.046604806229735174
7367,0.0022706656823850424
7368,-0.04475741917392506
7369,-0.013458455381095247
7370,-0.0011023345747379898
7371,-0.02485348779694216
7372,-0.021977994623147618
7373,-0.0033353909088427447
7374,-0.016853818268138865
7375,-0.028958447317647712
7376,-0.015074889247356754
7377,-0.023844420934132762
7378,0.014349347142024904
7379,-0.012789791085343588
7380,-0.03679746648854824
7381,-0.02440047622487021
7382,-0.03531331588396572
7383,-0.01305609445730796
7384,-0.028093981061914852
7385,-0.037383150117268546
7386,-0.017123645301728246
7387,-0.005197652320531931
7388,-0.04257948452021432
7389,-0.01865031796149072
7390,0.018438181356953437
7391,0.005639530099084189
7392,-0.02264390954757245
7393,0.0110735228624953
7394,-0.011732429757949747
7395,-0.016767057937544183
7396,-0.03411242908234957
7397,-0.0289344047979192
7398,-0.036000227438546056
7399,-0.016417645382009197
7400,-0.007945358496281849
7401,-0.010613318923093654
7402,-0.02097700594331299
7403,-0.02515581642658226
7404,-0.02871815543482306
7405,-0.020730523257676714
7406,-0.00782723596816226
7407,-0.023471117995688018
7408,-0.028389113038902708
7409,-0.027009106904303082
7410,-0.010977726084839462
7411,-0.00457320090069948
7412,-0.007875161568632522
7413,-0.04798304260536096
7414,-0.02826169778295881
7415,-0.012763844155251391
7416,-0.010242094698844614
7417,-0.0014057852654210667
7418,-0.011733224234405398
7419,-0.0048035875323647476
7420,-0.005018617117921287
7421,0.01460231713993751
7422,-0.04250679883144565
7423,-0.023311478180608608
7424,-0.020114130993937107
7425,-0.013754195342033045
7426,-0.031058822450440338
7427,-0.011662241459348771
7428,-0.027501825338356656
7429,-0.006217433344244225
7430,-0.00841211696789157
7431,-0.015502340447481555
7432,-0.020666697101987652
7433,-0.005572484648556114
7434,-0.014253283844154141
7435,-0.012831910416984338
7436,-0.020457453282325483
7437,-0.05394039855813568
7438,-0.026124441692225164
7439,-0.03240326069849832
7440,-0.019466918208934814
7441,0.00438563436991421
7442,-0.0012849563617417584
7443,-0.0353783276782342
7444,-0.02992544990447832
7445,-0.03484435357016863
7446,-0.022960404012016745
7447,-0.032697323007724016
7448,-0.017813436502401164
7449,-0.011576003796042844
7450,-0.0028471780259881063
7451,-0.009199032568514731
7452,-0.016679617532128238
7453,-0.04619573381298624
7454,-0.004094325649365488
7455,-0.014514710773807726
7456,-0.02450361654893434
7457,-0.02145050703747986
7458,-0.047829724848509836
7459,-0.005533721132138458
7460,0.013968199403580725
7461,-0.03669766025320015
7462,-0.02329285955462053
7463,-0.0294298509227712
7464,-0.012093144229253422
7465,-0.010720933024840965
7466,-0.013364071901174501
7467,-0.021906673929497633
7468,-0.001083995505655147
7469,-0.029753846299525932
7470,-0.02097775934762966
7471,-0.02335939438096829
7472,-0.02408211850843755
7473,-0.004981676090359738
7474,-0.009708894124820233
7475,-0.045056657042455206
7476,-0.03250956465472232
7477,0.007336915463812488
7478,-0.028670972772981168
7479,-0.009886724156254911
7480,-0.024706252443260912
7481,-0.009762728417813837
7482,-0.007341173514974014
7483,-0.029553363623756324
7484,-0.023450466383898083
7485,-0.01965704171838409
7486,-0.0007616192492788526
7487,0.0059415352004606875
7488,-0.0019308020819576166
7489,-0.0068136443708977645
7490,-0.008463543280826102
7491,-0.039187742134509346
7492,-0.02946554148216804
7493,-0.0033510455667321304
7494,-0.012495974499726614
7495,-0.048612886934553214
7496,-0.0166941217513972
7497,-0.03815154078538957
7498,-0.01589460609117712
7499,-0.021084270335226862
7500,-0.004100441780663822
7501,-0.025415791949297994
7502,-0.010876958593529829
7503,-0.00849440073049787
7504,-0.03066385326648592
7505,-0.008485197369276998
7506,-0.017141931726115972
7507,-0.04474138240611092
7508,0.0016615100062101623
7509,-0.031942549659946445
7510,-0.029525161323986915
7511,-0.03588425951914198
7512,-0.055721401193154274
7513,0.005412441800146772
7514,-0.03896198580956717
7515,-0.022695653617150646
7516,-0.01865562265028599
7517,-0.02635397060562611
7518,-0.006760375598383134
7519,-0.015123206731647826
7520,-0.013104787903572362
7521,0.003643484250876454
7522,-0.001647643937566723
7523,-0.0698454132370935
7524,-0.03183928138468928
7525,0.0025816845381513853
7526,-0.01983765205925847
7527,-0.009058064885241995
7528,0.010539855387568783
7529,-0.06208258315090734
7530,-0.0047741728056205635
7531,0.01726981188187046
7532,-0.029148621996646834
7533,-0.009231742000987808
7534,-0.017390017783899592
7535,-0.03895504677899822
7536,-0.02223141050233971
7537,-0.005323566710647695
7538,-0.006285595371487818
7539,-0.047890929559843115
7540,0.005751317838906894
7541,-0.02305981171931698
7542,-0.042661893812781404
7543,-0.0006797684175537944
7544,-0.025486678022552278
7545,0.01314059573298327
7546,-0.013037435602634234
7547,-0.024200112554503383
7548,-0.0313961652444312
7549,-0.014438531264573173
7550,-0.0140358692863356
7551,-0.007889055122036762
7552,-0.031495519911339614
7553,-0.025183174321442903
7554,-0.030901428905432293
7555,-0.020450962801810912
7556,8.093519963126017e-05
7557,-0.019587622684292344
7558,-0.029266942025841375
7559,-0.020475237218152476
7560,-0.040657822695518306
7561,0.001576849633054725
7562,-0.011938012163546702
7563,-0.03269532108093971
7564,-0.019026048782696314
7565,-0.022359230057774515
7566,-0.01569100721406655
7567,0.010242601634568055
7568,-0.02012754936176292
7569,-0.03978586108136009
7570,0.009316788762753991
7571,-0.031347592725609
7572,-0.05451242185520119
7573,-0.04223047651243328
7574,-0.031222949513309506
7575,-0.031032461421377833
7576,0.001702392538978692
7577,-0.0026764390098884816
7578,-0.017272003296551375
7579,-0.029458274728468858
7580,-0.012527323837846494
7581,0.015288693612846072
7582,7.106686491376024e-05
7583,-0.022010145309920237
7584,-0.020707889145877068
7585,0.006567514261014928
7586,-0.02805554413871708
7587,-0.022215610522664908
7588,-0.03908413439371092
7589,0.005316192048460788
7590,-0.0026973632283972537
7591,-0.030798527238980945
7592,-0.021469611887776713
7593,-0.02109820540042251
7594,-0.021526366625919585
7595,-0.01963454809467141
7596,-0.003428467885369463
7597,0.012326012588712687
7598,-0.03314790865261438
7599,-0.03506950274974273
7600,-0.036062637894741234
7601,-0.02704277427368551
7602,-0.010321539544973612
7603,-0.015190661047511156
7604,0.01960575168161935
7605,-0.016277013149545272
7606,-0.013998761413821115
7607,-0.037006685955097346
7608,-0.010404814658113715
7609,-0.02295973972881997
7610,-0.029105215861517625
7611,0.012838673446677884
7612,0.015172265433854117
7613,-0.0046251517072184445
7614,-0.03368016534404211
7615,0.011774264309229454
7616,-0.020758497296113093
7617,-0.001222943801853199
7618,-0.018589087234117396
7619,-0.019030451704202783
7620,-0.02515878534451052
7621,-0.01964273546671358
7622,-0.02272499164748204
7623,-0.02054575177979784
7624,-0.027268672759363344
7625,-0.008527158555323155
7626,-0.01969975905448562
7627,-0.024542026114708654
7628,-0.02839330927821479
7629,-0.023997983772994946
7630,-0.007327688853904286
7631,-0.03022987902498228
7632,-0.04342085040373192
7633,-0.024182117048275262
7634,-0.01826225218677094
7635,-0.014180571261597913
7636,-0.047937890095739955
7637,-0.003754297413272406
7638,-0.001119527511891677
7639,-0.022979955313473896
7640,-0.031542600787844766
7641,-0.009471839365900847
7642,-0.0020179282134609178
7643,-0.01677409092950899
7644,-0.004449996045874802
7645,-0.031432008958855784
7646,0.002828171891162884
7647,-0.029728391321721948
7648,-0.01885885383975333
7649,-0.0008337034807057719
7650,-0.02154314810734617
7651,-0.01734748468481609
7652,0.00017935728050616495
7653,-0.021256765327820698
7654,-0.0007631939147146882
7655,0.0016688106576362438
7656,-0.003554916546126441
7657,-0.01588171903123871
7658,-0.03287817316033867
7659,-0.0036133605138435505
7660,-0.026682952472208643
7661,-0.035597814696219934
7662,-0.03874788543571184
7663,0.017372449763396705
7664,0.017482141296823822
7665,-0.00687906143476219
7666,-0.05592632212400306
7667,-0.010308508211460676
7668,-0.008753040874248885
7669,-0.038614423698617784
7670,-0.027843953496361984
7671,-0.011629483289476154
7672,-0.026751946003218716
7673,0.00229402761349895
7674,-0.029560807563416308
7675,-0.015020123257934809
7676,-0.0328247976955795
7677,-0.017693636792025152
7678,-0.013725423786184465
7679,-0.02414558454088578
7680,-0.027316142320465198
7681,-0.022546251530959766
7682,0.0031265038320274913
7683,-0.014509679557706323
7684,-0.03490976443516908
7685,-0.014107577305111973
7686,-0.0069044616303411965
7687,-0.015202188035259884
7688,-0.0145402753434975
7689,5.027289059329754e-05
7690,-0.016928504540037692
7691,-0.02546533716576728
7692,-0.021724171180916546
7693,-0.00772968650003536
7694,-0.024300360650006708
7695,-0.026990173224233777
7696,0.007043227010879338
7697,-0.015098358009728974
7698,-0.005933022740859051
7699,-0.015811751274298375
7700,0.007877515788215772
7701,-0.01874055209908218
7702,-0.03275383027280787
7703,-0.02576236053844648
7704,-0.005853170733941315
7705,-0.02241493798611799
7706,-0.027056151115957577
7707,-0.010012150783298146
7708,-0.0037468674480145014
7709,0.005443340701631036
7710,0.032263518979821104
7711,-0.004655704985438658
7712,-0.03191031413335685
7713,-0.011691324915136608
7714,-0.018775559862416497
7715,0.018742614649065514
7716,-0.0554076975893632
7717,-0.02477213244318975
7718,-3.373748531784737e-05
7719,-0.021350303057229514
7720,0.017337300527361432
7721,-0.013340451397048037
7722,0.0002438715032328509
7723,-0.006866138717272874
7724,-0.016613681517721024
7725,-0.009100395553629681
7726,-0.014466065672633921
7727,-0.032335904741622706
7728,-0.03160222433917831
7729,-0.045312932268161465
7730,-0.02006143083452655
7731,-0.022668246060698533
7732,-0.005853254986487838
7733,-0.019064729329164795
7734,-0.005840430000936592
7735,-0.0175846231113395
7736,0.0015284610901503126
7737,-0.00038685994946710545
7738,-0.016590518987518538
7739,-0.005366323042509197
7740,-0.009890009213145534
7741,-0.02502141658039314
7742,-0.01679550290040177
7743,-0.016386615261563153
7744,-0.01137784942123582
7745,-0.012137795321770617
7746,-0.021480009307346934
7747,-0.02030778192322144
7748,-0.03370068290418213
7749,-0.03345407968449132
7750,-0.005551770928745259
7751,-0.04772847862196375
7752,-0.0022688976020046048
7753,-0.04005281527962398
7754,-0.014695390927395413
7755,-0.005728192301325763
7756,0.011977922220808679
7757,-0.02462785676414342
7758,0.0031473594565381013
7759,-0.023273674106032066
7760,-0.0447689665774996
7761,-0.042319653985496794
7762,-0.01837014781268942
7763,-0.015594492767878443
7764,-0.04744045206263303
7765,-0.0009151135254400755
7766,-0.005998987429439162
7767,-0.015752648372295508
7768,-0.01683711404170224
7769,-0.012514918835804745
7770,-0.026208936460193455
7771,-0.020416249048287705
7772,0.0020355094761611084
7773,-0.014350459964078577
7774,-0.031377974052471905
7775,-0.015499835464399675
7776,0.006022184845248607
7777,0.016041582198665555
7778,-0.03802173228723216
7779,-0.03997341702376809
7780,-0.034881497291440716
7781,-0.0005212450473841279
7782,-0.0027837924577062134
7783,-0.03186971037133982
7784,0.007503243923991432
7785,-0.019072966209793214
7786,-0.03719405420028957
7787,0.005773358822397684
7788,-0.008145884686320493
7789,-0.017830837667571403
7790,-0.0278722646641201
7791,-0.03611373268348542
7792,-0.0067820146605217235
7793,-0.023094455063301364
7794,-0.0399717650118821
7795,-0.046219429079721014
7796,-0.03633883680307076
7797,-0.005154107918790923
7798,-0.014475515393165356
7799,-0.02426635604366925
7800,-0.018117960666867994
7801,0.0022227431751543347
7802,-0.007485405296669745
7803,-0.03800554868710704
7804,-0.007633169304330778
7805,-0.00028209859009961646
7806,0.003185462134111597
7807,0.0021994982542694608
7808,-0.013612852846750706
7809,-0.021356746323009906
7810,0.006848899651341445
7811,-0.0174497130586454
7812,-0.021411654119331047
7813,-0.06354957625187457
7814,-0.003218299494925081
7815,-0.018209495651779345
7816,-0.009299221064866053
7817,-0.03907861899600942
7818,-0.04773738169676192
7819,-0.04215631450201762
7820,-0.017917214444373025
7821,-0.015055551584054028
7822,-0.013762960167445548
7823,0.004874495852323246
7824,-0.013145991259894185
7825,0.0008318001571800959
7826,-0.016620180171479426
7827,-0.023026350688824276
7828,-0.05574889408174066
7829,-0.023596809397372548
7830,-0.005825193292314443
7831,-0.013311666768707209
7832,0.0012427337879921674
7833,0.0010954988995798276
7834,0.022265480179492148
7835,-0.02441282346673143
7836,-0.0020472687141593407
7837,-0.01570859426045923
7838,-0.03775658794220754
7839,0.0006828845440038367
7840,-0.02174542070088245
7841,-0.02822700022738553
7842,-0.006769589093549466
7843,-0.023608330883326978
7844,-0.010591753655896402
7845,-0.022375210007909985
7846,-0.00395123890071733
7847,-0.01775813045026342
7848,-0.026470593704091355
7849,-0.014211178749746804
7850,-0.030002241066981544
7851,-0.0253797735172121
7852,0.0069245958205709605
7853,-0.01726031763170144
7854,-0.0006505240224712328
7855,-0.00710688702312362
7856,-0.012755450322607387
7857,-0.012807404259978117
7858,-0.006766063913879017
7859,-0.007314701628737208
7860,-0.0009535397737277795
7861,0.004586084327533768
7862,-0.011769116074851177
7863,-0.022648712222828105
7864,0.0047307374953999
7865,-0.00448200064222723
7866,-0.038712327937844876
7867,-0.04721305533314179
7868,-0.014363307196673614
7869,-0.018856384512567048
7870,-0.04776519286198294
7871,-0.02954882562273653
7872,0.002621226548039257
7873,-0.015650012361212662
7874,-0.03633548728824637
7875,-0.02270356121880339
7876,-0.043559427688593944
7877,-0.033085574830240716
7878,-0.021643499385076592
7879,-0.010904289278715756
7880,-0.009133805469844575
7881,-0.032163292655094156
7882,-0.020717534981801372
7883,0.005317617621796403
7884,-0.022055054469021784
7885,-0.03179981031754281
7886,-0.017118246187819097
7887,-0.015026571550605161
7888,-0.02898785585184399
7889,-0.02509301376912565
7890,-0.004759247214876056
7891,-0.02665347731847406
7892,-0.023692607777784314
7893,-0.023598635110073762
7894,-0.0229137995349461
7895,-0.010860338952546345
7896,-0.0136998873877687
7897,0.004557921051258074
7898,-0.0188088404316491
7899,-0.018499983807194642
7900,-0.03681585132497053
7901,-0.030026252772873963
7902,-0.03699824543221
7903,-0.040775696789914606
7904,0.001353309301839467
7905,0.0013568103187488745
7906,-0.061142525905603526
7907,-0.021729962429271554
7908,0.025522506763300944
7909,-0.020018044742366237
7910,-0.0028712346817366396
7911,0.02537551618606175
7912,-0.011561070295999648
7913,0.006996533705766861
7914,-0.017444331897616183
7915,0.0003548162450118242
7916,-0.05754480994873805
7917,-0.016860370552984588
7918,-0.035635608290318865
7919,-0.027919144883408964
7920,-0.021560116116557268
7921,-0.029414827678032496
7922,-0.023798916934519243
7923,-0.004783956144858631
7924,-0.02095723081566106
7925,-0.01854712076886575
7926,-0.01962466404482685
7927,-0.012029912118289854
7928,-0.005268996758941935
7929,-0.01726775320058266
7930,-0.04279119656360267
7931,-0.01579895586438862
7932,-0.05066607160436079
7933,-0.04931619070350084
7934,-0.03424547511160922
7935,-0.020620815202131937
7936,-0.028119684289359792
7937,-0.003243535563440564
7938,0.005782659891715142
7939,-0.010663104253847533
7940,-0.030482507456462027
7941,-0.03366399502444606
7942,0.0026376630825070413
7943,-0.053859776876109655
7944,-0.04125665183690512
7945,0.01283210196307645
7946,-0.012464978484920286
7947,-0.012377375512583458
7948,-0.026797776174446897
7949,-0.05656943799314301
7950,-0.024707401546082974
7951,-0.01073971073744559
7952,-0.01718309788802369
7953,-0.021630789739323475
7954,-0.030020879552513924
7955,-0.021010606968583992
7956,-0.03589085854144869
7957,-0.022599803618478104
7958,-0.006125103419937994
7959,-0.02328316744026729
7960,-0.06289093697240844
7961,-0.041964954117814396
7962,-0.0353675663994002
7963,0.003591071915083316
7964,-0.06605792449721604
7965,0.004930482511099177
7966,-0.02474366509602463
7967,-0.021197096815421423
7968,0.02000635179713152
7969,-0.028436031470829987
7970,0.004214347117858369
7971,-0.016942269356687162
7972,-0.03232543501043719
7973,-0.039922322856499826
7974,-0.026341262273060106
7975,-0.028564385390825495
7976,-0.0015913002899284323
7977,-0.02203563191519342
7978,-0.012531289754870084
7979,-0.02887500067844706
7980,-0.04055701652626498
7981,-0.01514677024184316
7982,0.009801893039095816
7983,0.008087258550563414
7984,-0.036246181982205
7985,-0.022660531385701926
7986,-0.007618713952017131
7987,-0.002690718281733173
7988,-0.010679161541498283
7989,0.011829975254389974
7990,-0.03700133176689709
7991,-0.01638522189002841
7992,-0.04493319535728751
7993,0.007046834905717891
7994,-0.02783247025988994
7995,-0.009615210144888031
7996,-0.02658559204526434
7997,-0.019681729943976385
7998,-0.01689421562455623
7999,-0.022875884868298613
8000,-0.010084308251574137
8001,-0.05678678552959868
8002,-0.033175010981147626
8003,-0.016598478378823445
8004,0.01897853811617753
8005,-0.032579065675445246
8006,0.00053292024782714
8007,-0.020495864205156117
8008,-0.016531363023117973
8009,0.0025351901696865006
8010,-0.015841669809610243
8011,-0.006793464635401203
8012,-0.025832325278236812
8013,-0.02230910034506453
8014,-0.004216279185828578
8015,-0.0027808730777390545
8016,-0.011743922698950526
8017,0.003957475795568044
8018,-0.0032826405083658805
8019,-0.03035601461014764
8020,0.001568153507009451
8021,-0.006458955663781046
8022,0.0009496352651378048
8023,-0.028876646157054764
8024,-0.017855562186946006
8025,-0.014044796046428443
8026,-0.017159501543568267
8027,-0.018373932458356557
8028,-0.01733937962812987
8029,-0.01504947561323125
8030,-0.014951989013534596
8031,-0.028248488152681814
8032,-0.049738628020425724
8033,-0.009119937238432185
8034,0.005657597073994838
8035,-0.030233263477940836
8036,-0.03592402982533868
8037,0.005854906849878383
8038,-0.06018078689778317
8039,0.012587496719947994
8040,-0.03423415977861416
8041,0.004537290053576143
8042,0.005851588074055281
8043,-0.027718491141511425
8044,-0.03259166005143049
8045,0.0032338413204588967
8046,-0.02240285672564793
8047,-0.016638602529537583
8048,-0.020601447524212058
8049,-0.0176701666357178
8050,-0.04318853897678465
8051,-0.024012406312948403
8052,-0.008574211463682646
8053,-0.007933428859057456
8054,-0.017294566865829808
8055,0.005691663430365784
8056,-0.0179631611640641
8057,-0.019192759366084458
8058,-0.013256477943022149
8059,-0.02548309772449764
8060,-0.02219691286997391
8061,0.007370106492972428
8062,-0.0012482058516642414
8063,-0.021506220058464254
8064,-0.023037312519880393
8065,-0.03233211842190298
8066,-0.018232024870210736
8067,-0.01830291216780261
8068,-0.04014895589592374
8069,-0.029968158023822855
8070,-0.03969153166543936
8071,-0.011144016879440055
8072,-0.06076241810793222
8073,-0.029806059327660783
8074,-0.03424835830024839
8075,-0.011395244525805204
8076,-0.01990926518582234
8077,-0.024263825177069653
8078,-0.025673824672207385
8079,-0.039370038244083944
8080,-0.0063186459434720135
8081,-0.02553568067398093
8082,-0.0009641591819002371
8083,-0.022896491236068628
8084,0.020135590941318032
8085,-3.961290472738466e-05
8086,-0.020163577495884377
8087,-0.014370395354967508
8088,-0.05095777957617684
8089,-0.03102306067856414
8090,-0.0033043061254160733
8091,-0.005465720787531492
8092,-0.012667801173337878
8093,-0.02192038032654503
8094,-0.034513113569719533
8095,0.008687360309198089
8096,-0.02146853094219875
8097,0.004460533582693271
8098,-0.007311758799774026
8099,-0.017259069765055507
8100,-0.01875886015135575
8101,-0.006786296500562644
8102,-0.008251068503698555
8103,-0.008426955465710817
8104,-0.0231324960492387
8105,-0.032659531449444085
8106,-0.013748967230136744
8107,-0.011304548589201963
8108,-0.03127895550312765
8109,0.01772200242216701
8110,0.001082362934034617
8111,-0.0056011934611193415
8112,-0.027717092866899357
8113,-0.0011428650394265105
8114,0.0025551702771734602
8115,-0.0371581171934872
8116,-0.016197946845265765
8117,-0.03614960946738993
8118,-0.01779640328940374
8119,-0.01431779643870204
8120,-0.0005098179096648808
8121,-0.030521928216258543
8122,0.0009166633151124204
8123,-0.009861980551926539
8124,-0.036798477172717656
8125,-0.018653060509838115
8126,-0.03557377810456608
8127,0.001745625605164558
8128,-0.01848443731402588
8129,-0.011365178235923173
8130,0.0004320234934915568
8131,-0.019154249905735554
8132,0.0050899639485780385
8133,-0.03422875879326159
8134,-0.0008804014602249166
8135,-0.017192929482377828
8136,-0.010968852524529504
8137,-0.026625331525909873
8138,-0.055081737095232175
8139,-0.026844487780599835
8140,-0.006307148582711267
8141,-0.014439604037798426
8142,-0.029075284937363638
8143,-0.005932904812849499
8144,-0.022280095449271564
8145,-0.025590028453923608
8146,-0.026213411267293096
8147,-0.01846457833238674
8148,0.012907785142595316
8149,-0.026656911207242562
8150,-0.030192876755790965
8151,-0.00481883020181903
8152,-0.009101522613456037
8153,-0.0005250353429062382
8154,-0.008470631062773626
8155,-0.019467052280880637
8156,-0.013398939278772226
8157,-0.0038922261280492088
8158,0.014111156662997504
8159,-0.023247354220263694
8160,-0.012788250712189142
8161,-0.029626966326026682
8162,-0.019694007526401575
8163,-0.023505372018739285
8164,-0.025390094215454406
8165,-0.04556422004475005
8166,-0.011324517711426882
8167,-0.04211563463213605
8168,-0.005258885759690593
8169,-0.020769460469503565
8170,-0.022875057692333167
8171,-0.03330072433593545
8172,-0.025074214825240054
8173,-0.010835175203776748
8174,0.011761897236114982
8175,-1.563672616554379e-05
8176,-0.021166208410207887
8177,-0.03798968525215335
8178,-0.020999339438716902
8179,-0.037858445487060216
8180,-0.02317170695419718
8181,-0.02263197400852468
8182,-0.026007979227067213
8183,-0.004101541635114614
8184,-0.015739725747477173
8185,-0.007866233128934363
8186,-0.016789571528059488
8187,-0.03276944676495169
8188,-0.021341495159020465
8189,-0.013689203964913021
8190,-0.007539874159874199
8191,-0.02426525654553241
8192,-0.03048062666749049
8193,-0.016180792841123254
8194,-0.01921913266418679
8195,-0.03226457486133233
8196,-0.028386974445523516
8197,-0.03764834436662695
8198,-0.0036675829555639083
8199,-0.02512257067297448
8200,-0.007039298187167531
8201,-0.026621312527604968
8202,-0.03379361708700607
8203,-0.015171394092260482
8204,-0.0224874883245183
8205,-0.009439998579475445
8206,-0.02490559343957348
8207,-0.04291258990431382
8208,-0.007494544135434059
8209,-0.010432523879132294
8210,-0.030397190563213328
8211,0.0022995318717545787
8212,-0.008654827136513984
8213,-0.03003939015410584
8214,-0.019923047023246765
8215,-0.01341167182334052
8216,-0.028377407301260288
8217,-0.02626867177199113
8218,-0.003453186772365585
8219,-0.018360024853846385
8220,-0.012459073281712113
8221,-0.03414971865126479
8222,-0.0019942303535662176
8223,-0.0025842313165544695
8224,-0.01958404213328721
8225,-0.009009643480719531
8226,0.002171010336201179
8227,-0.0023475013611709006
8228,-0.029771385300936565
8229,-0.0412583879508821
8230,-0.024086610828231297
8231,0.015377268262416366
8232,-0.01748202776920857
8233,-0.008918237110884047
8234,0.023581238513401215
8235,-0.001624829832919339
8236,-0.010624449672335307
8237,-0.00545805304303662
8238,0.004345237373546446
8239,-0.02349429286900223
8240,-0.017879111405410812
8241,-0.03612453863081258
8242,-0.030918648311872923
8243,-0.03224800879303713
8244,-0.01953186631433268
8245,-0.03165417405786697
8246,-0.024076658143441385
8247,-0.028194636909925463
8248,-0.014930981178491759
8249,-0.026044599879176844
8250,-0.017075282295726704
8251,-0.021442254132795213
8252,-0.00683028577966438
8253,-0.05403552653259683
8254,-0.023426566759508216
8255,-0.027790808546901136
8256,0.005968420257308954
8257,-0.018485781644683813
8258,-0.013203873144512934
8259,0.010959052445514372
8260,-0.004260345042439044
8261,-0.008592153506473736
8262,-0.014095530344098495
8263,-0.016072496576591766
8264,-0.02819057600654687
8265,-0.020360633700534314
8266,-0.015407808976942772
8267,-0.008760294504491561
8268,-0.008116885031129117
8269,-0.03296955629933329
8270,-0.030919662809691217
8271,0.00316855259639498
8272,-0.0037863919873555585
8273,-0.027312068169239367
8274,0.00416965095803104
8275,-0.027708881892516586
8276,-0.012118575942579035
8277,-0.0006803571292035571
8278,-0.028838940206775313
8279,0.00035545299631586924
8280,-0.003497572130094051
8281,0.013082869131370911
8282,-0.024276814489035584
8283,-0.023074245889426026
8284,-0.03041166726755698
8285,-0.019536061285490847
8286,-0.026115541634671696
8287,-0.017726293383531877
8288,-0.021037822154938407
8289,-0.0011274578677162306
8290,-0.03167638428071795
8291,-0.01693757763266259
8292,-0.0203455917122366
8293,-0.026439905965978255
8294,-0.06087393935995436
8295,-0.039198501167050474
8296,-0.04090356854509422
8297,-0.044836642509008984
8298,-0.017161787195784484
8299,-0.003054464119076117
8300,0.0007543806930446206
8301,-0.036253216122509646
8302,-0.045701501033878544
8303,-0.016730195802643795
8304,-0.043359879307194316
8305,-0.020160520842567572
8306,0.0005195293907571119
8307,-0.01489098143071449
8308,-0.026175332561567427
8309,-0.02066374941682586
8310,-0.02461133349020267
8311,-0.010477256727540352
8312,-0.04436411259582462
8313,-0.0212001508869116
8314,-0.011670789697769662
8315,-0.011910591160967904
8316,-0.023369402441982517
8317,0.006688966085381359
8318,0.006733714244728198
8319,-0.028660733817758632
8320,-0.012173346700816823
8321,-0.031718635927875126
8322,-0.0405861431566828
8323,-0.027473822814459148
8324,-0.012794317401963184
8325,-0.020809390508154724
8326,-0.0037889088930779524
8327,-0.006126861838219838
8328,-0.009764174520609126
8329,-0.01204658161821534
8330,-0.03912349429616696
8331,-0.02008640482314214
8332,-0.033564191865442045
8333,0.005816380986404829
8334,0.00356060036148087
8335,0.0004200996545080937
8336,-0.002683091337935428
8337,0.009388970085201023
8338,-0.01172056855606285
8339,0.022388177030138026
8340,-0.027264345814057567
8341,-0.023502660513270934
8342,-0.007137552753794671
8343,-0.00862974793125304
8344,-0.027505392336816648
8345,4.171550871985563e-05
8346,-0.020614876865506726
8347,-0.024767568843766324
8348,-0.007503823015966665
8349,-0.011505026471132579
8350,0.004824196745455173
8351,-0.02758439498110507
8352,-0.0064652247966608956
8353,-0.01985442875732446
8354,-0.029586063387545908
8355,-0.016442469657330705
8356,-0.027071057134057996
8357,-0.0186644145031008
8358,-0.005097864510710259
8359,-0.008229011312968604
8360,-0.029856176868569895
8361,-0.009066219105306361
8362,-0.04897433690278148
8363,-0.0438620586130716
8364,-0.02342053660378904
8365,-0.015393249136264997
8366,-0.0005208254031784931
8367,-0.03214127425395971
8368,-0.03805200806832315
8369,0.0013097262807764687
8370,-0.0048320790670412506
8371,-0.033722932762221935
8372,-0.0346053113457902
8373,-0.03154047939779464
8374,-0.01760826764108671
8375,-0.026687870691144464
8376,0.004901115000376936
8377,-0.031153098801437573
8378,-0.036982234069599135
8379,-0.004087530154795974
8380,-0.024519187136441967
8381,-0.040395603227162125
8382,-0.01723400487883353
8383,-0.025132051127095212
8384,-0.02834325897497944
8385,-0.006805450172738481
8386,-0.01856137070082986
8387,-0.031126315259596957
8388,-0.030935537390363366
8389,-0.026573711711731896
8390,-0.025840651512299473
8391,-0.02667087522382794
8392,-0.007511066096710983
8393,-0.03435961665969495
8394,-0.032092097135833525
8395,-0.00455909914028757
8396,-0.003936632965449771
8397,-0.04178591553195965
8398,-0.0015249069324854425
8399,-0.020487178162068687
8400,-0.023118740578404184
8401,-0.009510047418309242
8402,-0.031546196209789656
8403,-0.014888640274422271
8404,-0.004432058043024434
8405,-0.011106340875140341
8406,-0.01045440815557458
8407,-0.014968779840046631
8408,0.010006629155553393
8409,0.000976995679280418
8410,-0.012828207306994632
8411,-0.03217249041527914
8412,-0.008154682475717628
8413,-0.01743602382605708
8414,-0.024304685385894476
8415,0.018006681387554985
8416,-0.02682797480178095
8417,-0.002172531686235865
8418,0.0034952138176597147
8419,-0.02081999362235112
8420,-0.014312053672292435
8421,-0.030053305950723752
8422,-0.020569180299003315
8423,-0.06079510276001568
8424,-0.044555947482872164
8425,0.003296887502104783
8426,-0.020568513958713786
8427,-0.03251726585241965
8428,-0.009365397383621188
8429,-0.011894408781569187
8430,-0.0035032780890906223
8431,-0.0031588192497577217
8432,-0.02799695073452269
8433,-0.04547329931004265
8434,-0.006362967034272887
8435,-0.0057345280921861225
8436,-0.018017672647148042
8437,-0.03394921349491399
8438,-0.027489544934956187
8439,-0.029618545487271858
8440,-0.03308249448095049
8441,0.004619411276557628
8442,-0.043232509254964746
8443,-0.011943957039341313
8444,-0.01020037412673766
8445,-0.033617123026506435
8446,-0.03126904644901429
8447,-0.04278758210207484
8448,-0.019847863188904004
8449,-0.0063212749464423845
8450,-0.019361526051648648
8451,-0.022840227363907332
8452,-0.027165150286353135
8453,-0.0004398079614608211
8454,-0.03302289022030616
8455,-0.015686706028643305
8456,-0.019632234509993685
8457,-0.033759899828661344
8458,-0.004478436980683065
8459,-0.030874201499727333
8460,-0.02252894078974979
8461,-0.0258010283222969
8462,-0.019398077787875306
8463,-0.012733974823969485
8464,-0.02417005217391839
8465,-0.033410104909362415
8466,-0.011318221174728665
8467,-0.0510402669828563
8468,-0.036002975083172406
8469,-0.013225513716659004
8470,-0.02766306493451734
8471,-0.02240678239849514
8472,-0.04577375073074007
8473,-0.012393163876121271
8474,-0.019474513761868928
8475,-0.005574006072830817
8476,-0.03722795123648348
8477,-0.04167025396230878
8478,-0.01657220551004196
8479,-0.021842561986152906
8480,0.025390627424439982
8481,-0.022231743296492412
8482,-0.012835580612088449
8483,-0.012783644458596685
8484,-0.004920659120306536
8485,-0.019903023872576378
8486,4.960619735955296e-05
8487,-0.03426474157191945
8488,-0.01410957282534031
8489,-0.032380917216496496
8490,-0.0146958297115653
8491,-0.010101849351970282
8492,0.01970884762105854
8493,-0.0032266773470630006
8494,-0.05251529957048531
8495,-0.01901170738070279
8496,-0.03610069635773283
8497,0.005666538841664792
8498,-0.02792267588029812
8499,-0.022281039368768907
8500,-0.0070480877644809314
8501,-0.011994353351669013
8502,-0.045282253080303286
8503,0.014719228702978038
8504,-0.016690480321086137
8505,-0.0016038519497823256
8506,-0.023095290876641694
8507,-0.04813956629436569
8508,-0.020921981128141753
8509,-0.03348779188163281
8510,-0.025430369186199064
8511,-0.03868789142417159
8512,-0.059311850574943994
8513,-0.04200136528093515
8514,-0.026078930226407667
8515,-0.03247049745993466
8516,-0.04622903514092547
8517,-0.008465353954685867
8518,-0.018261932528842978
8519,-0.024095445611108574
8520,-0.005957272399687297
8521,-0.019356251931765378
8522,-0.013032204338569567
8523,-0.008755930445778937
8524,-0.00143637953715825
8525,-0.041171972367962606
8526,-0.02372147369953856
8527,-0.02885983565243122
8528,-0.009272927721547558
8529,0.016153334359081645
8530,-0.025514840061240718
8531,-0.03299358532753932
8532,-0.044114395875235524
8533,-0.023412795188628183
8534,-0.018306314921044703
8535,-0.03647844281311867
8536,-0.021944317309745054
8537,-0.019727493851741884
8538,-0.013601738734268454
8539,-0.0025070944171594334
8540,0.015605909666147194
8541,-0.009155334106800389
8542,-0.016286631983092603
8543,-0.011467871930295762
8544,-0.035152284864096744
8545,0.0025859142511492628
8546,-0.030442232736802577
8547,-0.01532103791874423
8548,-0.02680096310251523
8549,0.004652425826427664
8550,0.005112227072815861
8551,-0.02287065734213961
8552,0.00393582110211621
8553,-0.022508755515438128
8554,-0.023643587276348875
8555,-0.03608141678678456
8556,-0.01554182705432021
8557,5.758376630368711e-05
8558,-0.011956995595447079
8559,-0.04310747230712053
8560,-0.03224142957277015
8561,-0.017921094909987306
8562,-0.012183200727076487
8563,-0.00694599121612105
8564,-0.017648521631991557
8565,-0.016128899936238922
8566,-0.01793056545073951
8567,-0.019131569804699072
8568,-0.011060192825630255
8569,-0.0503137608792977
8570,-0.04140252970728869
8571,-0.03127961541125155
8572,-0.015210805297451502
8573,-0.016419732166252046
8574,-0.0037105684587011023
8575,-0.02274420729772958
8576,-0.0005065782459306584
8577,-0.0070975981058291615
8578,-0.004020504528893548
8579,-0.00766323523072715
8580,-0.02207562904713828
8581,-0.03020083163629058
8582,-0.03996910118018507
8583,-0.022753490131959098
8584,-0.037616087547042903
8585,-0.011136311685863265
8586,-0.008358239453334193
8587,-0.020908596621042705
8588,-0.0647507137329866
8589,-0.04159660305916435
8590,-0.02790440761533869
8591,-0.024505071157770508
8592,-0.01860876951147053
8593,-0.01935319843014255
8594,-0.0020164985911129696
8595,-0.03183454725601359
8596,-0.02332042470720408
8597,0.020468657655335003
8598,-0.014276082493566905
8599,-0.030249328169385345
8600,-0.021634616056514788
8601,-0.022085806085548415
8602,-0.03623365461577105
8603,0.012150454653299753
8604,-0.04723612986324585
8605,-0.022622428004741624
8606,-0.009772818022287355
8607,-0.02536890903168529
8608,-0.013764998929559902
8609,-0.034692216676748544
8610,-0.0022161147709319484
8611,0.010110035164471926
8612,-0.009706228345796708
8613,-0.013511659555110092
8614,0.0028722374873195733
8615,-0.04754011170437275
8616,-0.004800890231712762
8617,-0.012025412651833073
8618,-0.002679074366560702
8619,-0.03549075609478608
8620,-0.010922266360190586
8621,-0.012016596550969622
8622,-0.014201079391597676
8623,-0.017913528011203245
8624,-0.03432922811465153
8625,0.007170462172801123
8626,-0.016128713814190815
8627,-0.01880564515744418
8628,-0.019667419521182117
8629,-0.041630765566684436
8630,-0.02102001653534258
8631,-0.05748888662380924
8632,0.0077972225637990555
8633,-0.020756262696459388
8634,-0.03494167401337152
8635,-0.021140040955336045
8636,-0.024077320939774216
8637,-0.008687962404214239
8638,-0.03018369627380435
8639,-0.045741186376192844
8640,-0.03809239949455272
8641,-0.0172680202754098
8642,-0.037046234061226146
8643,-0.03756851654774404
8644,-0.004798046164457198
8645,-0.018682582654717228
8646,-0.04402442228981507
8647,-0.03366370788762807
8648,-0.012371426066020312
8649,-0.025503437274128737
8650,0.0006985616497799108
8651,-0.02463668759036955
8652,-0.03983415791325649
8653,-0.011598808803750082
8654,-0.029709053349524672
8655,-0.01688097151494783
8656,-0.011834577329341234
8657,-0.036780217432223594
8658,-0.01957968232291657
8659,-0.009555734772806218
8660,-0.012527121321156354
8661,-0.006368856736528095
8662,-0.021428954593566807
8663,-0.00416807897798227
8664,-0.018384599764620146
8665,-0.017151819699616794
8666,0.030220731135409233
8667,-0.004960220736068666
8668,-0.010916872316227108
8669,-0.039175245119757104
8670,-0.0315307582368517
8671,0.02235302450362353
8672,-0.033083243152770225
8673,-0.00985822721570856
8674,-0.015608416260274566
8675,-0.008991859679303618
8676,0.018806445128532828
8677,-0.026417129810927698
8678,-0.027210859888532363
8679,-0.013509811682030332
8680,-0.02861068078760659
8681,-0.017393881685305868
8682,-0.03540649691729458
8683,0.00310618082912939
8684,-0.03905236289875458
8685,0.0029633448465796186
8686,-0.013662752037173959
8687,-0.031092530707558935
8688,-0.013228980312766037
8689,0.007886629849610645
8690,-0.03545700798342419
8691,-0.04296878334927795
8692,0.006279046842883662
8693,-0.029546720284775008
8694,-0.03270423744475842
8695,-0.007021742888838528
8696,-0.02698921907565091
8697,0.00941085652882706
8698,-0.009719441130791234
8699,0.014078043002758667
8700,-0.008634280588149135
8701,-0.033536044196335546
8702,-0.005855497569431711
8703,0.024222698153884323
8704,-0.010567351122643398
8705,-0.02318934143336726
8706,-0.021141056263451474
8707,-0.017781427473223643
8708,0.01592429910108334
8709,-0.0064719119779327455
8710,0.008383411668168583
8711,-0.024907565384754526
8712,-0.044034718230212405
8713,-0.017831375384045778
8714,0.006343640425238162
8715,0.0006284511885952526
8716,-0.0036822264919341256
8717,-0.030543743564130754
8718,-0.02177978352061158
8719,-0.02290452276574012
8720,-0.015429211856702374
8721,-0.028455509966075515
8722,-0.0246327527692487
8723,-0.028736150324470133
8724,-0.03433582825212045
8725,-0.046991364090286786
8726,-0.01308224889686116
8727,-0.0260551760584094
8728,-0.009601643897597906
8729,0.0022879526063066258
8730,-0.014167254735360152
8731,-0.03387509075038622
8732,-0.013143072277685963
8733,-0.0038549086412445477
8734,-0.023062329264293968
8735,-0.011114111666500767
8736,0.003153649284593385
8737,-0.023100987458914146
8738,-0.038436521135860435
8739,-0.00827986764404734
8740,-0.001809800439659462
8741,-0.04674567547289818
8742,0.003054085714216559
8743,-0.038274765211981754
8744,-0.038273654739547816
8745,-0.026775092245241106
8746,-0.008025788400454481
8747,-0.015841328433320145
8748,-0.018184314125548107
8749,-0.06088742996700369
8750,-0.023676203777608762
8751,-0.038109961220199495
8752,-0.05070730044061847
8753,-0.02174331496423315
8754,-0.010905978438614017
8755,-0.019752926954151817
8756,0.0009059325175964639
8757,-0.02362616064210557
8758,-0.014710096803563277
8759,-0.012031592059962709
8760,-0.03466673527178707
8761,-0.029128588814906903
8762,-0.04916002782758637
8763,-0.025044144515795008
8764,-0.004739503685998889
8765,-0.0367461613268511
8766,-0.013293896060775273
8767,-0.01473717503208316
8768,-0.027255302439407214
8769,-0.04167576226789248
8770,-0.010641185964805552
8771,-0.035234710828088656
8772,0.0006383095733150657
8773,-0.029534962788361985
8774,-0.022747953879527022
8775,-0.011686820603960396
8776,-0.01690667431611126
8777,-0.017514181256964217
8778,-0.027346845377091866
8779,0.0005665468507852489
8780,-0.034949505938641434
8781,-0.016068450939386553
8782,-0.011980149866099798
8783,-0.017819673379257932
8784,-0.018309975379822374
8785,-0.034215616111136604
8786,0.001264789853252346
8787,-0.02092304765286082
8788,-0.036333711976852257
8789,-0.008707598492669166
8790,-0.03353474653857241
8791,-0.010202277849363284
8792,-0.0192894891376756
8793,-0.038926743155620724
8794,-0.020451666039965455
8795,-0.03144412384798653
8796,-0.02980089837077793
8797,-0.03408879447910504
8798,-0.031754866735294734
8799,-0.03067344811975589
8800,-0.023297844091894726
8801,-0.016356590272141786
8802,-0.04968499589456757
8803,-0.012785086996278977
8804,-0.005927316357069667
8805,-0.019944524923566465
8806,-0.02146793691026941
8807,-0.004398887007478647
8808,-0.015047130258623947
8809,-0.024426940152535187
8810,-0.018206216106609663
8811,0.012592896383301244
8812,-0.004087145319266683
8813,-0.00600543581089652
8814,-0.022704036244205805
8815,-0.02694533633447102
8816,-0.008441243311997165
8817,-0.022224737253291438
8818,-0.011339577132373546
8819,-0.012622703482799605
8820,-0.0016925786695334288
8821,-0.032008140832487764
8822,-0.006654846871082809
8823,-0.012586289096340991
8824,-0.03888384404422629
8825,-0.053725846762573165
8826,-0.02681610129681461
8827,-0.03024728373981035
8828,-0.02245581222380777
8829,-0.043679494590249834
8830,0.004696487759376672
8831,-0.04050521140369032
8832,-0.01122287818607165
8833,0.004556751363510025
8834,-0.032154216898165916
8835,-0.03832687452050554
8836,0.0030425599918342816
8837,-0.02457206030323733
8838,-0.031173893416607756
8839,0.00015299666573451165
8840,-0.01820892990995926
8841,-0.010605490696748737
8842,-0.03832873445026347
8843,-0.03868833909400111
8844,-0.03182209695545868
8845,-0.03256840418662532
8846,-0.02423847925760747
8847,-0.022678367511902636
8848,-0.019373149196112383
8849,-0.0022435047286548937
8850,-0.03422872400041753
8851,0.0014729417236429981
8852,-0.0050323811159296294
8853,-0.03787802662875189
8854,0.01353836786622159
8855,-0.011716370477361099
8856,-0.051962309754039815
8857,0.0070109843565546726
8858,-0.011852470805201742
8859,-0.014035883944992833
8860,-0.014464039365248538
8861,-0.014530430591782606
8862,-0.019211066960054313
8863,-0.007741115844994734
8864,-0.003619483504172294
8865,-0.03886645042317988
8866,0.012795980472019595
8867,-0.026885934496724495
8868,-0.02477594790289639
8869,0.0012336912017558571
8870,-0.0056530409867004
8871,-0.012610939068018079
8872,-0.02052182809685138
8873,-0.02407220586997713
8874,-0.02888151440603394
8875,-0.013835065332446148
8876,-0.016203846834657032
8877,0.01499523341436279
8878,-0.009959863280881193
8879,-0.018503341719744965
8880,-0.05104752598045048
8881,-0.023758091850230173
8882,-0.009481076122106899
8883,-0.0389208529689066
8884,-0.022924606644070533
8885,-0.03533839118990861
8886,-0.022388605354348334
8887,-0.01651228047139286
8888,0.003992478736588978
8889,0.004697145640150363
8890,-0.02222264991104511
8891,-0.003698135313716794
8892,-0.031855879519951585
8893,-0.016503436472605576
8894,-0.028563688142610365
8895,0.006428854161732306
8896,-0.03356970414283461
8897,0.019804286857220604
8898,-0.011811271182879973
8899,-0.04531153760063983
8900,0.008093532474352932
8901,-0.031567369127286665
8902,-0.011226747484004485
8903,-0.01879338981370135
8904,-0.021201256129484543
8905,-0.022245654671633863
8906,-0.009354674381542916
8907,-0.025959615730754226
8908,-0.04539696905303309
8909,0.0024125700709777542
8910,-0.021743165638587192
8911,-0.00727633718833981
8912,0.007935020086398181
8913,-0.035038860135267524
8914,0.0013465284298798674
8915,-0.025821482599089007
8916,0.011025155850620583
8917,-0.021939140519148637
8918,-0.0027283917735588664
8919,-0.030580817444491232
8920,-0.025438124386999966
8921,0.012972503492427845
8922,-0.004818038897835608
8923,-0.04449616396481254
8924,-0.015141977173846577
8925,-0.02277093798631255
8926,-0.0060979374783201035
8927,-0.03874553989773266
8928,-0.0036315827684479385
8929,-0.018406831013396352
8930,0.006481146815794647
8931,-0.017102016969693795
8932,-0.04177259298380817
8933,-0.03815498960459092
8934,-0.0036708344127864417
8935,-0.013120184445925637
8936,-0.013950014266303379
8937,-0.03310174730399543
8938,-0.019764765806203843
8939,-0.029359351580371507
8940,-0.015493497278222912
8941,-0.014700073365996852
8942,-0.014096809401151683
8943,-0.027948556570742328
8944,-0.034996895251457744
8945,-0.027094851278055387
8946,-0.03194747029977607
8947,-0.0228530428543178
8948,-0.026021779377141563
8949,-0.02467209097608436
8950,-0.03109344164511607
8951,-0.026059201101457326
8952,-0.014513350513172929
8953,0.00401197933921385
8954,-0.013112736721137108
8955,-0.0394767716982348
8956,-0.026092555444466176
8957,-0.0057155387708153205
8958,-0.013692254842118584
8959,-0.0349129320344265
8960,-0.02512499405204202
8961,-0.01501308662243267
8962,-0.04404568927271266
8963,-0.012179302789223329
8964,-0.007896915827194817
8965,-0.04714638903718771
8966,-0.0022886566243645982
8967,-0.016544316376287893
8968,-0.02008336098579444
8969,0.006440049037407192
8970,-0.009229644980299045
8971,-0.02789040574846452
8972,-0.024077440790985227
8973,-0.027128572970096188
8974,-0.019338612165348823
8975,-0.010554791437526856
8976,-0.01157618084296394
8977,0.0004402479950263716
8978,-0.0086128770692879
8979,0.004586886799273368
8980,-0.02182725808492239
8981,-0.019218325948272802
8982,-0.034917581660863256
8983,-0.034813386325171
8984,-0.023513883391299895
8985,-0.03245227150314048
8986,-0.007990259643874759
8987,-0.03326028522628724
8988,0.00185014473721834
8989,0.0015012672004526273
8990,-0.021644825158221692
8991,-0.035033797590395654
8992,-0.0017486128653054767
8993,0.005846450719423347
8994,-0.01126666248623015
8995,-0.00352522071792144
8996,-0.01598633830363705
8997,-0.009668263808320837
8998,-0.0036965835962785576
8999,-0.03607296482585354
9000,-0.011776936397171645
9001,-0.006853345988812598
9002,0.00413405089844418
9003,-0.016174582896441053
9004,-0.03409103924899043
9005,-0.03084182478047305
9006,-0.031111977019097306
9007,-0.030878159548080153
9008,-0.014184322142716477
9009,-0.011241163683855193
9010,-0.013700665997682882
9011,-0.03134617348629759
9012,-0.05067691724434495
9013,-0.00014009272412696117
9014,-0.02330968013326213
9015,-0.039938898209027685
9016,-0.02811990504270867
9017,-0.022106406033110426
9018,-0.03162342066294235
9019,-0.02424747688614337
9020,-0.04156613836483286
9021,-0.020287132311252537
9022,-0.002744777410519983
9023,-0.017094454941631226
9024,-0.0030688360063104714
9025,-0.025699060622121808
9026,-0.0062451090512528895
9027,-0.04180689125686726
9028,-0.03957134854428368
9029,-0.02292413424860487
9030,-0.018790449940317366
9031,-0.022517305833132384
9032,-0.027905189892957705
9033,0.002432004366492324
9034,-0.0067798173102854575
9035,-0.003944167397637588
9036,-0.007335534043150599
9037,-0.016736501269879245
9038,-0.025586534677201178
9039,-0.004878099763355237
9040,-0.02848402624563283
9041,-0.0009174976602821655
9042,-0.026489560578979277
9043,-0.0025152729142340347
9044,-0.02293227070451792
9045,-0.009403151921742903
9046,-0.031454370645174506
9047,-0.018805329453774222
9048,-0.01579349918929715
9049,-5.681301954846285e-05
9050,-0.008283623191787312
9051,0.021737643819176866
9052,-0.015033091787135466
9053,-0.040877184652473975
9054,-0.01191043080896631
9055,0.0013468210194027969
9056,-0.017166442662302994
9057,-0.03005724683582034
9058,-0.013139231287517955
9059,-0.013229098293761066
9060,-0.00633504150937203
9061,-0.027554441022587722
9062,-0.03986906639529131
9063,-0.018693365552611585
9064,-0.017703019327495795
9065,-0.007875278026378413
9066,-0.012241336335812203
9067,-0.0033061995548678003
9068,-0.027062559809312353
9069,-0.030341653550696318
9070,-0.023378608481985946
9071,-0.004040817522706339
9072,-0.018387551072628003
9073,-0.03101774035192356
9074,-0.02661348367969997
9075,-0.014056545227504352
9076,-0.010308568159296233
9077,-0.01678467539487849
9078,-0.01049498073760026
9079,-0.004012865003067981
9080,-0.03079295025799466
9081,0.0047394851141985515
9082,-0.03002916923588751
9083,-0.01650292081974901
9084,-0.03854940742444506
9085,0.008247949548445155
9086,-0.012835957678085597
9087,-0.028049439671543552
9088,-0.019561180342658524
9089,-0.018075563376952847
9090,-0.01395734024348455
9091,-0.011401467686047773
9092,-0.025499108671923676
9093,-0.003285368650929061
9094,-0.03626706185702119
9095,0.024422227250371867
9096,-0.003376996393398418
9097,-0.0045490775924153515
9098,-0.00030302224487677165
9099,0.001990978246442371
9100,-0.04503809290097094
9101,-0.01777864703572793
9102,-0.044551281911528184
9103,-0.008719449101262683
9104,-0.015355616045545556
9105,-0.005835011905716225
9106,-0.026886611460532783
9107,-0.002398844247035521
9108,-0.03688125009691612
9109,-0.03988433744566039
9110,-0.008482246073705235
9111,-0.012664210648613783
9112,0.01886667106220563
9113,-0.037707823767852006
9114,-0.03155737248877649
9115,-0.018109074323994778
9116,0.009429887387079505
9117,-0.04832734799137714
9118,-0.013795122022666202
9119,0.0009058323248494204
9120,-0.05038215091299875
9121,-0.013374889257702749
9122,-0.012978441300535964
9123,-0.017394641586445173
9124,0.013644571395438565
9125,-0.006972774228187595
9126,-0.019033436662357905
9127,-0.0113843534681759
9128,-0.01399935947415848
9129,-0.007393212489563539
9130,-0.012717636657271693
9131,0.012929795673214617
9132,-0.0014564008352966895
9133,0.009521810031885097
9134,-0.0306894475612286
9135,-0.037733642982446566
9136,-0.017062234792452946
9137,-0.037150546209440444
9138,-0.028321651288252744
9139,-0.024043238804397404
9140,-0.015491465286676526
9141,-0.02943694949619663
9142,-0.034748826144675116
9143,-0.015155940601388751
9144,-0.017406888141009658
9145,-0.041460662573473084
9146,-0.01931161324611183
9147,-0.05578832198660577
9148,-0.015345330499460848
9149,-0.028865470969954204
9150,-0.019102994649182914
9151,-0.0028083403100941304
9152,0.014378678485882451
9153,-0.015851897001825488
9154,-0.013667086183082267
9155,-0.015377002148699359
9156,-0.03770542762602799
9157,-0.007660910457127544
9158,0.0022858070920983298
9159,-0.014697085626961148
9160,-0.006827225548767635
9161,-0.0051569802200563675
9162,-0.014924263434976132
9163,-0.007029534239303581
9164,-0.00183085465229188
9165,-0.017166262807480293
9166,-0.0364388080842493
9167,-0.04238059961069268
9168,0.013228382791425686
9169,0.004002548610303164
9170,-0.007381903485694369
9171,-0.011324604144666628
9172,0.001992810602838152
9173,-0.0229282761971929
9174,-0.06326799331985597
9175,-0.02294467418535867
9176,-0.03028774012795052
9177,-0.023506612090607976
9178,-0.058012813119432766
9179,-0.004666436023061826
9180,0.012970058693635919
9181,-0.01900343915842155
9182,-0.010830045041713893
9183,-0.007867698110341825
9184,-0.004438076861636969
9185,-0.04136545681915332
9186,0.006358049862519699
9187,-0.06601633127275802
9188,-0.022087314681975168
9189,-0.011805668301977795
9190,-0.0023174855829774244
9191,-0.020637937778486437
9192,-0.006195711325785225
9193,-0.0260342886690286
9194,0.0013538252846302945
9195,-0.002481899868362558
9196,-0.010741044310488501
9197,-0.0075149773471515635
9198,-0.014521532581983965
9199,-0.010434670596938998
9200,-0.02683934953255407
9201,-0.02568948662393422
9202,-0.029516487505172884
9203,-0.018209069739560352
9204,-0.054420583761199966
9205,-0.023978967355270678
9206,-0.009888797108928371
9207,-0.01294944977539736
9208,-0.03746783986204476
9209,-0.01507952230632062
9210,-0.03138633023752267
9211,-0.03237620279592099
9212,-0.005210000467890136
9213,-0.032165599394537114
9214,-0.013705381402861982
9215,-0.0005812895788548378
9216,0.008387025080948792
9217,-0.010693820609826432
9218,-0.005115987610843822
9219,-0.05126181764283311
9220,-0.014672397145351512
9221,-0.0038719205846513005
9222,0.017261014351889453
9223,-0.0300611414685803
9224,-0.016622948183315944
9225,-0.015245153978219461
9226,0.006880179520285079
9227,-0.01265423860836526
9228,-0.03880865566513525
9229,-0.005271636590189754
9230,-0.03520092363287233
9231,-0.015972572277956815
9232,-0.027186210634785768
9233,-0.025731846161079916
9234,-0.021000052420311277
9235,-0.012409492502164665
9236,-0.014245613221777455
9237,-0.005594276828055911
9238,-0.012584808821131832
9239,-0.00632640243230298
9240,-0.06442660503255596
9241,-0.025997722338701942
9242,-0.014579482357199719
9243,-0.0020195891155884715
9244,0.00011975951636265109
9245,-0.035069365202872516
9246,-0.008750512826883716
9247,-0.012628422373972215
9248,-0.02947944946431799
9249,-0.024722673839102427
9250,-0.02124669648119315
9251,-0.009711563877376178
9252,0.008521295816604324
9253,-0.024806015944424525
9254,-0.02510269711052804
9255,-0.029628362629798954
9256,-0.019522455703001353
9257,-0.028321735193842484
9258,0.004586914361810301
9259,-0.007972560960194996
9260,-0.03288560068553231
9261,-0.029622622351195074
9262,-0.024342693547899974
9263,-0.024733159314893158
9264,-0.0345730801281062
9265,-0.012213526964026222
9266,-0.03721347522350407
9267,0.0026775736353537027
9268,-0.003107251693334895
9269,-0.02578462078945945
9270,-0.03867854274652943
9271,-0.018065817743387114
9272,0.017511519789842583
9273,0.006265741188513335
9274,-0.033278097892210805
9275,-0.008656734048404363
9276,0.007417263157382989
9277,-0.05664872291907838
9278,-0.013723033590418293
9279,-0.027365115412241514
9280,-0.04194967068517491
9281,-0.006095914895435574
9282,-0.003722184047278837
9283,-0.005507943235835033
9284,-0.005781190794685975
9285,-0.0031376288170886224
9286,-0.012850840548707082
9287,-0.01718292315488268
9288,-0.005435407885313381
9289,-0.009336443560759605
9290,-0.04340827029333544
9291,-0.023310702330426564
9292,-0.05317015644381792
9293,-0.04423006287041531
9294,-0.03093700032083105
9295,0.012763106544476405
9296,-0.022050240203867477
9297,-0.015974587691802586
9298,-0.029596164951569442
9299,-0.008660036156513312
9300,-0.037189683283009756
9301,-0.03418818460410644
9302,-0.006645522551633171
9303,-0.04268324533868348
9304,-0.009533659824546403
9305,0.0034926110794167298
9306,0.034277214942244914
9307,-0.028696121276115094
9308,-0.040083984245031734
9309,-0.03328965041564515
9310,-0.01664423475481383
9311,-0.021261776699954507
9312,-0.0273502090958182
9313,-0.022079464376803137
9314,-0.01586104388526005
9315,0.007928822579307951
9316,-0.028103040902370646
9317,-0.011976195521964828
9318,0.003081102397700791
9319,-0.028323709311907974
9320,-0.008638645135203682
9321,-0.007352911975068932
9322,0.00522249416342338
9323,-0.022715765362515655
9324,-0.03610716032894304
9325,0.013121544077476038
9326,-0.0208577285342888
9327,-0.012924948288939642
9328,-0.024165121354594254
9329,-0.027643175293829286
9330,0.003113887837450924
9331,-0.006132065865140535
9332,-0.03775737324276912
9333,-0.035719942762496765
9334,-0.027156871688390205
9335,-0.013134195223449996
9336,-0.045428234115501856
9337,-0.0029064142327545617
9338,-0.03304198921715341
9339,-0.006894368548205104
9340,-0.02484834185991997
9341,-0.03423939509277635
9342,0.011270654024895993
9343,-0.020837767275589947
9344,-0.01786913254711503
9345,0.0016641369792335936
9346,-0.018705319842508006
9347,-0.02274627973670648
9348,-0.018163438343045124
9349,-0.015676284206139826
9350,-0.03233846436506302
9351,-0.01435725944034695
9352,-0.0168765216770579
9353,0.0006285687280604413
9354,0.004641741303125918
9355,-0.0030926412650476576
9356,0.0005099006571177567
9357,0.0007931917831723589
9358,0.010827825089269813
9359,-0.036784976320414886
9360,-0.016312653197706112
9361,-0.0465322609423767
9362,-0.02098694366486914
9363,-0.007701369489107185
9364,-0.009798241754623571
9365,-0.044076349577018115
9366,-0.018413953502821268
9367,-0.008630883339986184
9368,-0.014265256696117667
9369,-0.02855741017656832
9370,0.012062113150097808
9371,-0.022188660130363635
9372,-0.00785814654302558
9373,-0.019240454259177253
9374,-0.020432124627989434
9375,0.001709024044163232
9376,-0.018458483359044583
9377,-0.038646829411078
9378,-0.004697916695243498
9379,-0.016538974750231944
9380,0.0030919403477017993
9381,-0.022013480990078993
9382,-0.03156713240740988
9383,-0.009421909226690284
9384,-0.02816739428944684
9385,-0.007486178497935626
9386,-0.008962783646633443
9387,-0.022190353355190512
9388,-0.06368163916961639
9389,0.006710210519201121
9390,-0.028036443464939775
9391,-0.015517287518489908
9392,-0.004243618674033112
9393,0.011836392667506607
9394,-0.020238571375272518
9395,0.002077283022588139
9396,-0.0026429846107788035
9397,-0.02031564017516091
9398,0.012048243543621731
9399,-0.03512818331154918
9400,-0.0007376925483443542
9401,-0.025429902870014676
9402,-0.0048694365499165615
9403,-0.00809307936542164
9404,-0.025603418391923205
9405,0.029017133605862694
9406,-0.04035980844689954
9407,-0.047572019405394406
9408,-0.017327771378977508
9409,-0.029884678529987108
9410,-0.03608768372368573
9411,0.010108061736992913
9412,-0.023738632872304655
9413,-0.026287129773321316
9414,-0.008628317622189213
9415,-0.018796261289899585
9416,-0.014206838198128596
9417,-0.02095356057914352
9418,-0.04000733836523458
9419,-0.0034598565844524004
9420,-0.03829374297306637
9421,-0.01493601214164518
9422,-0.008865237314422347
9423,-0.027492171780083813
9424,-0.0294510619906036
9425,-0.048290082858201744
9426,-0.0035790229082829084
9427,-0.01780014739890662
9428,0.018386015075324946
9429,-0.042548050053994785
9430,-0.021417061925439934
9431,-0.02487251751969355
9432,-0.011179039182604295
9433,-0.028594739179507278
9434,-0.03320793649342582
9435,-0.005904704482438777
9436,-0.01858637424686138
9437,-0.009235988153601882
9438,-0.0016458535110868977
9439,-0.022084485422748157
9440,-0.06424261076115691
9441,0.0005060182438891281
9442,-0.00778917351824876
9443,-0.007639223164368325
9444,-0.030524158616524022
9445,-0.008797530839730172
9446,-0.022005494739312854
9447,-0.02854416957246092
9448,0.013387388535174544
9449,-0.01453107604918455
9450,-0.030089680555629883
9451,-0.008609174928208757
9452,0.015891224527646845
9453,-0.016060969107848266
9454,-0.036950008793697836
9455,-0.024590172434932927
9456,-0.02722054539567069
9457,-0.002490085239836015
9458,-0.014070302089878833
9459,-0.030299148153422967
9460,-0.027794004455412843
9461,-0.010754362383027183
9462,0.004239935831269026
9463,-0.04005758021942024
9464,-0.01864100007593711
9465,-0.020194393849651632
9466,-0.002128417572735797
9467,-0.023293402245893047
9468,-0.03415837951587192
9469,-0.05750226324398611
9470,-0.00858134783949091
9471,-0.03201346172764796
9472,-0.015048096920794285
9473,-0.017911127838785013
9474,-0.01723240342370852
9475,-0.02535014257344989
9476,-0.022020242556663155
9477,-0.004358360982861173
9478,-0.028456774397453408
9479,-0.02604336006626759
9480,0.0008599005613258714
9481,-0.003267611783149965
9482,-0.013310945417914555
9483,0.011157172386038638
9484,-0.001023255864757211
9485,-0.017952405801872434
9486,-0.006470472609722722
9487,-0.02132975851736603
9488,-0.0027273300298505387
9489,-0.018805813768432322
9490,-0.048697398321007446
9491,-0.021263010956488304
9492,-0.008177128142048407
9493,-0.017926629312032566
9494,0.005600673014429694
9495,-0.03952823493081825
9496,-0.034189408272957265
9497,-0.012320295585830976
9498,-0.003971517217662368
9499,-0.022676863653906032
9500,0.006366267775592016
9501,0.011035826025121875
9502,-0.04395657739460157
9503,-0.007531034778924417
9504,-0.011612172476314297
9505,0.0021347126016205142
9506,-0.019995236550903878
9507,-0.029386143376669893
9508,-0.008203397588701478
9509,-0.026110606108425236
9510,-0.0025753166112624792
9511,-0.0026670064147431144
9512,-0.022492738036822224
9513,0.015475050241918115
9514,6.175658086610136e-05
9515,-0.042277394352911446
9516,-0.037327144937338186
9517,-0.04011431307082769
9518,-0.0160162742262472
9519,-0.025640168932346816
9520,-0.021128888940454393
9521,-0.011579059351489243
9522,-0.014494041376590522
9523,-0.025151557546419775
9524,-0.021671858762919965
9525,0.0026782269360169364
9526,-0.022787446493453295
9527,-0.002674305753389894
9528,-0.05349341088086159
9529,-0.023568961150212023
9530,-0.011174517549289553
9531,-0.024242603036076324
9532,-0.05107893920723766
9533,-0.03107170383353347
9534,0.007900394457110743
9535,-0.012124472450524768
9536,-0.014644181271721124
9537,-0.016555318557853
9538,0.0031173934838396034
9539,-0.048592130143887136
9540,-0.0195038119813431
9541,-0.030057262676468938
9542,-0.03898527969580978
9543,0.004613403596556057
9544,-0.03384462324929935
9545,-0.019971568030618114
9546,0.013344567332156165
9547,-0.044401315157412524
9548,-0.00409639466700637
9549,0.0163532566187007
9550,-0.014487778502878829
9551,-0.006749453965125829
9552,-0.028469562177485294
9553,-0.014771327916849403
9554,-0.006430459780754294
9555,-0.0016617170561884775
9556,-0.02842887421684258
9557,-0.01477439025413757
9558,0.018989576306904114
9559,-0.020245295828580784
9560,-0.003656701258173356
9561,-0.0054820441795227215
9562,-0.03944662175384547
9563,-0.01543273628668157
9564,-0.0016553988051762336
9565,-0.0005605798931822281
9566,-0.02066496966406195
9567,-0.028134054221332375
9568,-0.018188799832387303
9569,0.00951431213972899
9570,-0.030021068414746117
9571,-0.005111394964967417
9572,0.007142267691767401
9573,-0.022291202128433163
9574,0.0012670307615242626
9575,-0.007557382094423859
9576,-0.015591886291919627
9577,-0.038914482268499875
9578,-0.029504867508737848
9579,-0.012995153726799213
9580,-0.016090995282061454
9581,-0.029729782618635736
9582,-0.053537970701230175
9583,-0.0352453990918436
9584,-0.0033374633456740854
9585,0.0016837349962374182
9586,-0.004428668615989312
9587,-0.01809539535115419
9588,-0.017266193215230208
9589,-0.01611295772232188
9590,-0.004227380840329621
9591,-0.013565880408196368
9592,-0.038893202045742314
9593,0.006187399911424529
9594,-0.019506036189132894
9595,-0.036284233117208395
9596,-0.019528670096922274
9597,-0.005082824219966059
9598,-0.03075005217391985
9599,-0.03675694923918579
9600,-0.027058415562359696
9601,-0.0021916204225066738
9602,-0.004389190042664581
9603,-0.027414749346250322
9604,-0.00813407085710885
9605,-0.0065405822081752996
9606,-0.055701906000419854
9607,-0.01449548460018743
9608,-0.05226032678690853
9609,-0.04114045851812448
9610,-0.02331876091548085
9611,-0.009877458010311424
9612,-0.020338023166188518
9613,-0.024548008257884724
9614,-0.022549095599276647
9615,-0.01603395615867212
9616,-0.011518325679456765
9617,-0.005239824888098515
9618,-0.010694572008344727
9619,0.0019861334724627366
9620,-0.015160549922351552
9621,-0.022350896959112937
9622,0.00330394102843265
9623,-0.02234710089763023
9624,0.0037679639546865373
9625,-0.02478790591909641
9626,-0.032162020330671476
9627,-0.028472404038421106
9628,-0.03333342754500335
9629,-0.04615511109418258
9630,-0.016549370639622307
9631,-0.0028174360294834777
9632,-0.005725790075955556
9633,-0.03773937911653069
9634,-0.028185906263305194
9635,-0.046436460816497604
9636,-0.02452324038768182
9637,-0.0167276695410348
9638,-0.025189483222582666
9639,-0.014465184608038556
9640,-0.019543406611758296
9641,0.0013842685085968809
9642,-0.03254913320473529
9643,-0.02229152439404053
9644,-0.023805178222869566
9645,0.007193682472868404
9646,-0.007103215527819562
9647,-0.02366870532351273
9648,-0.025951359377757777
9649,-0.0040591438057086815
9650,-0.01748959949258505
9651,-0.01593857757404868
9652,-0.02359372086423167
9653,-0.021662662820342682
9654,-0.018090974053241116
9655,-0.0227971144306493
9656,-0.02863730929291869
9657,-0.024826975724311376
9658,-0.04491433816666146
9659,-0.014513160206274689
9660,0.0028400927617126537
9661,0.006191328069037549
9662,-0.010552001464600808
9663,-0.031729811299727295
9664,-0.01808583041992068
9665,-0.016191896057422772
9666,-0.010338168555448307
9667,-0.019238485352244858
9668,0.0015084519519469874
9669,-0.008767389504291817
9670,-0.020741824308724288
9671,-0.025380345547693917
9672,-0.02158875542851607
9673,-0.029831383645031684
9674,-0.040667455587051704
9675,0.00821526288281485
9676,-0.01771031706054832
9677,-0.02126731132695006
9678,-0.00474086532564405
9679,-0.006844335532462165
9680,-0.013566143728996699
9681,0.007271320768587386
9682,0.006699254965254999
9683,0.021579925558577046
9684,-0.013472219263341634
9685,-0.030782457750096914
9686,-0.02850667924865999
9687,-0.025352322478474187
9688,-0.018072999320818406
9689,-0.021073452718396224
9690,-0.022877167290339312
9691,-0.023267922045654532
9692,-0.03032521182359932
9693,0.014000898482791263
9694,-0.04498512412397829
9695,-0.005652439178970736
9696,-0.02423056105221147
9697,-0.018949063929998372
9698,-0.018095116985541837
9699,-0.03612008541551098
9700,-0.011316569952555172
9701,-0.01030119385971287
9702,-0.008265655803753491
9703,-0.04146616858139386
9704,-0.02622812391026713
9705,0.0006187409374878716
9706,-0.035540704572406434
9707,-0.01939375376734445
9708,0.005126150688333803
9709,-0.05932325086489654
9710,-0.04496761127150739
9711,-0.018461143229441368
9712,-0.014895700487729702
9713,-0.025482041989308313
9714,-0.01891862382536859
9715,-0.017596073270907252
9716,-0.012359574362373199
9717,0.010001135059454769
9718,-0.05650428324146156
9719,-0.050507953713235854
9720,-0.026263296603311947
9721,0.002000775235625696
9722,-0.019770205162591092
9723,-0.006154467427482768
9724,-0.01188075845412373
9725,-0.030368379155941636
9726,0.003806779086071993
9727,-0.03629122869623391
9728,-0.038801071778388985
9729,-0.021498182222354195
9730,-0.04802579180099131
9731,-0.014713666858103852
9732,0.015352800261450916
9733,-0.027633855990248646
9734,-0.020253797801496887
9735,-0.011054978652417169
9736,-0.01573699456036684
9737,-0.005653858839873321
9738,-0.012595745374086142
9739,-0.016729036907584968
9740,-0.00410474813143033
9741,-0.01489842252286705
9742,-0.012688805393128694
9743,-0.016153488892300644
9744,-0.01724863088294165
9745,0.004106492934295266
9746,-0.015641986013770426
9747,-0.014764881286623677
9748,0.00975271149808321
9749,0.010782625462766995
9750,-0.009800811646190698
9751,0.00588909928099246
9752,-0.01520618997361034
9753,0.0012261816509485102
9754,-0.03938824216547629
9755,0.002090764353509078
9756,-0.032557657178263644
9757,-0.036902164861916054
9758,-0.031667473439094374
9759,-0.0066970322045864505
9760,-0.004136219547822895
9761,-0.010543671008227187
9762,-0.041753836071040745
9763,0.0028754921396453303
9764,-0.018746972037059606
9765,0.002380212041476426
9766,0.0025329881274470945
9767,-0.052680215749259934
9768,-0.04917029553826313
9769,-0.014188934820285923
9770,-0.02261069536421184
9771,-0.0072215704141723736
9772,-0.02548809481105352
9773,-0.044978276583890364
9774,-0.024763568175745765
9775,-0.012265972043902736
9776,-0.0679419965967977
9777,0.013041867001040375
9778,-0.02004980486268168
9779,-0.018951760652552857
9780,0.0015260519691227548
9781,-0.02843458510711251
9782,-0.06180338810547392
9783,-0.01967113511266111
9784,-0.031976050985230375
9785,-0.006532172484190267
9786,-0.013202748927901936
9787,-0.048994352768684815
9788,-0.044433152727383365
9789,-0.011961985184103713
9790,-0.018130408761373576
9791,-0.020635327182317142
9792,-0.042017445690976846
9793,-0.016741827094050116
9794,-0.014905956484350363
9795,-0.013395677369250458
9796,-0.03626818106670121
9797,-0.0404150003566249
9798,0.020377603221498786
9799,-0.033160438812701934
9800,0.0005040963148588151
9801,-0.012305070809903174
9802,0.021695567611084654
9803,-0.020924347767975526
9804,-0.041078141925687095
9805,-0.014923932639482107
9806,-0.020428567177751156
9807,-0.03023483128838883
9808,-0.030834884754269973
9809,-0.02696475149416583
9810,-0.008267276360917064
9811,-0.014615379307545973
9812,-0.013133072965070089
9813,0.009594289881148466
9814,-0.007928690093369328
9815,-0.018777991565359753
9816,-0.01326458115446938
9817,-0.007240745778981705
9818,-0.0280520005546524
9819,-0.01584559953900133
9820,6.345793277945377e-05
9821,-0.03080479270789363
9822,-0.011002981851327254
9823,-0.017619485555215225
9824,-0.05205579539016386
9825,-0.05498289725135641
9826,-0.015260894377045794
9827,-0.0072089075286746185
9828,-0.044025499772831544
9829,-0.01163795113077043
9830,-0.017049967479516953
9831,-0.006175463017028593
9832,-0.02560378183475434
9833,-0.02104789743499033
9834,-0.01661452169635358
9835,-0.0133565032568147
9836,-0.001126983363369971
9837,-0.025062278266352378
9838,-0.04186947523800809
9839,-0.00914475527303757
9840,-0.02833712109297823
9841,-0.002150316246471329
9842,-0.01195941483674888
9843,-0.009685680986711881
9844,0.00834190757761416
9845,-0.0077042248163530225
9846,-0.035415198698939776
9847,-0.03016618044475909
9848,-0.039301348600680505
9849,-0.015913311985325918
9850,-0.029046202733684856
9851,-0.023468022839357533
9852,-0.017092332497634213
9853,-0.0379444199840866
9854,0.022060739630449314
9855,-0.023488117177386914
9856,-0.006823607307056223
9857,-0.04078464122355585
9858,-0.011928021322518467
9859,-0.027443253062158335
9860,-0.018740382050671286
9861,-0.017576896218932825
9862,-0.020437960688137247
9863,-0.0446065465074702
9864,-0.02160024148613679
9865,-0.028798674896117538
9866,-0.03567992652766272
9867,-0.010907832023831221
9868,-0.00783186679686429
9869,0.004692120641927061
9870,-0.03310850748708166
9871,-0.028470964423385814
9872,-0.03862523361417472
9873,-0.011309856489888526
9874,0.005973223649975712
9875,-0.010932296893327864
9876,-0.03806390871824017
9877,-0.03468402625547545
9878,-0.012295658735292841
9879,-0.020174128575828065
9880,-0.019216585006527426
9881,0.0017909091590205262
9882,-0.0004960442592979869
9883,0.0019194978124510709
9884,-0.012141931883288576
9885,-0.017564600756323795
9886,-0.007847582198378028
9887,-0.008104009430692807
9888,-0.04605774999054836
9889,-0.021931836810526753
9890,-0.022390644209681343
9891,-0.03296267804479036
9892,-0.014071880600474637
9893,-0.012402083545796194
9894,-7.042090540537727e-05
9895,-0.050560078649432405
9896,-0.02486124202938536
9897,-0.004558811459297318
9898,-0.008167251158261744
9899,-0.02764227137505354
9900,0.0024629124814733033
9901,-0.002161657140722306
9902,-0.05629196364348873
9903,-0.009786512809030201
9904,0.003765913199704124
9905,-0.022328776805379313
9906,-0.020633896945215807
9907,-0.03437738875686752
9908,-0.006853835333884728
9909,0.008461157530357644
9910,-0.041021276187234196
9911,-0.01949720412487954
9912,-0.01922651925563046
9913,-0.012457825604746814
9914,-0.037800368864991135
9915,-0.011039120355899962
9916,-0.0263184714389611
9917,0.020858366043400495
9918,-0.00888568685443844
9919,-0.009167405649387061
9920,-0.041785818277986185
9921,-0.0034194378589517266
9922,-0.02894253984914008
9923,-0.020323337569365246
9924,-0.024020594947635282
9925,-0.010487743324373605
9926,-0.007077253144201434
9927,-0.017541453061706354
9928,-0.02940481156657762
9929,-0.006398801291087268
9930,-0.014560893947633657
9931,-0.0004288023999571289
9932,-0.00832856548639882
9933,-0.012562401545799046
9934,-0.016164369334035977
9935,-0.017158170517405605
9936,-0.0358078344741721
9937,-0.05126904398483734
9938,-0.028076769770787713
9939,-0.019803766946683343
9940,-0.025190914155082234
9941,-0.03765451457770613
9942,-0.029533825821726034
9943,-0.023333784087964535
9944,-0.03209084760511899
9945,0.016413288922987185
9946,-0.025599585748154352
9947,-0.02046676384417992
9948,-0.025442339563210375
9949,-0.009860094242276296
9950,-0.028475383610324492
9951,-0.04491428713901302
9952,-0.03302117320431061
9953,0.020447898074611535
9954,-0.014643062627256953
9955,-0.028471986342140723
9956,-0.007965104132725886
9957,-0.02462663647727914
9958,0.015580840706844373
9959,0.014111465643897314
9960,-0.015454933508081886
9961,-0.018834937752268438
9962,-0.010332245443229027
9963,-0.011975781312180453
9964,-2.748610243619165e-05
9965,-0.024963463861411073
9966,-0.027049740739369332
9967,-0.030251098472709015
9968,-0.027403616957243693
9969,-0.007212064227954368
9970,-0.002657071255225841
9971,-0.02221675139803811
9972,0.019406228447551986
9973,-0.04596427286220145
9974,0.006388252929875188
9975,-0.027239358024671034
9976,-0.018118368668252116
9977,-0.03262296637315831
9978,0.005036885614009792
9979,-0.03127357170253395
9980,-0.046996088133230085
9981,-0.013759435148946703
9982,-0.009317142598812889
9983,-0.027245179503892963
9984,-0.00042676172710043314
9985,0.00017801982266019145
9986,0.0046758888495260775
9987,-0.026586675689979564
9988,-0.01660545291494296
9989,-0.006214573494035591
9990,-0.03480247342913653
9991,-0.02609951190869067
9992,-0.029088380477952314
9993,0.006235424126585905
9994,-0.01613746694170884
9995,-0.010202933999472863
9996,-0.015205674870591102
9997,-0.044600323895846644
9998,-0.010895489078868004
9999,0.00938091857718365
