0,523.385908812284,3881.37571018934,291.490954786539,3.51296752691269,0,4225.69992852211,182.467009961605,10.5942041277885,0,2787.5033428967,21.2129020094872,1599.20029625297,0.705857336521149,16.6130983233452,0,472.549966782331,5.66801205277443,1738.2385109067,1399.71926540136,0,0,32.9959796369076,0,0,0,0,0,516.599717020988,3.88787740468979,11.844997048378,18.2545706033707,89.6092109084129,206.581812113523,0.458771407604218,0,228.570628643036,1.23476779460907,59.5413363873959,0,6.99065724015236,0,0.680198073387146,0,3.37566381692886,0,10.1689321994781,1.72875094413757,4.47457110881805,0,421.596509665251,0,91.5699260234833,0,81.1115223169327,0,10200.7394035161,10.2950398027897,407.998849719763,1.43474054336548,1101.6102308929,0,81.441929936409,0,1354.03357884288,0,190.123741239309,29.3249346911907,1362.63282769918,155.321070283651,3342.07217487693,162.937313497066,1482.7714433074,58.0806841254234,574.749328672886,14.3290485739708,2312.18668472767,362.868792235851,20.604451417923,0,272.21159812808,0,61.9859015643597,0,1120.52899909019,0,1.84927594661713,0,1769.36664369702,0,0,0,0,0,130.858241558075,1.88215225934982,14.1869811415672,0,1.52045738697052,0,0,0,0,0,3.18346589803696,0,1.06534898281097,0,30.7244373559952,20.5446000695229,0,0,0,0,0,1.81593397259712
523.385908812284,0,72.4034601449966,3779.39406311512,0,1.48430892825127,28.8497743308544,5124.5202267766,0,14.100657582283,3.33375036716461,2769.14488220215,1.73693209886551,1290.4429897666,0,47.4256037473679,2.89482122659683,1719.07423231006,613.941790670156,2051.72370186448,1.17808663845062,0,1.10433840751648,27.2731699347496,0,0,0,1.43706011772156,34.2687555551529,155.232683718204,9.12896889448166,18.4153069853783,93.1211660504341,206.662002563477,0.741021633148193,1.71122241020203,0.853081405162811,425.275244086981,0,222.069556295872,0,2.44484609365463,0,4.73705911636353,0,1.24458837509155,0,15.0633642077446,0,2.28787046670914,0,161.559693694115,0,0,0,17.1466429829597,71.5255310833454,11530.7173504233,3.02225264906883,284.842439979315,1.37228909134865,1161.6466242671,0,593.052339553833,0,1003.15003508329,173.005547225475,124.990691393614,480.708441764116,1726.3459919095,341.53621929884,3386.81716310978,97.0720843076706,2573.22057282925,23.4535326361656,854.589352697134,428.017169564962,3974.48509055376,0,23.2990664243698,0,47.6236807703972,2.04005837440491,0,0,261.028683543205,0,0,0,203.508076190948,0,0,0,0,1.76511746644974,202.088254541159,9.14927339553833,2.55361461639404,0,0,0,0,0,0,0,6.88641634583473,0,1.96607893705368,15.2478195130825,18.3157296180725,0,0,0,0,0,0
3881.37571018934,72.4034601449966,0,407.7189925313,1862.57255515456,69.5245905220509,11706.542268455,365.575735449791,770.747549295425,37.1250997185707,846.526858568192,49.4945101737976,1038.67586621642,37.3093299269676,280.310459196568,18.2917474508286,179.081921339035,9.07503461837769,2318.63142094016,442.522996664047,3.76836976408958,2.36775326728821,3443.26275855303,845.038760125637,62.7639671564102,78.6191423535347,14.5946667790413,69.2190791666508,745.840320020914,9.41108298301697,133.609037280083,239.858931660652,81.021170258522,180.900904774666,11.4948038458824,0,73.2453242540359,0.660942614078522,20.8044680655003,0,9.72069275379181,0.84030818939209,3.35430949926376,0,0,0,4.26583278179169,0,0,0,26.5360303521156,0,0,0,0,0,263.180279880762,0,197.372759789228,0,61.9428171217442,0,12.6231944561005,0,47.1116256415844,0,207.332136154175,3.39554607868195,116.836821109056,5.97033077478409,2380.02713814378,485.875080943108,1352.1566400528,166.387044966221,336.41268107295,29.8860700726509,1394.32405790687,132.186789602041,6.26240354776382,0,8.5101158618927,0,108.703248500824,0,9.357754945755,0,1.49485778808594,0,9.70958977937698,0,0,0,0,0,64.1407516300678,3.06455853581429,8.48228204250336,0,0,0,0,0,0,0,0.857677578926086,0,0,0,16.4005661606789,12.0080891251564,0,0,0,0,0,1.1788182258606
291.490954786539,3779.39406311512,407.7189925313,0,58.3066166043282,760.607296675444,235.573111414909,13949.8134952188,46.790108859539,576.527279049158,46.5855436325073,931.235288590193,59.8382214009762,1042.69179427624,30.8784708380699,208.731294095516,8.16184586286545,234.098884642124,679.469745516777,2901.79756811261,1.27775633335114,5.50667285919189,800.521719396114,3437.09795582294,22.1472690999508,74.4338917136192,27.2199066281319,22.6720319390297,90.6778798997402,218.013267278671,200.114957660437,306.124918848276,135.99713820219,99.1938277482986,0.610162794589996,7.62326908111572,0,80.4340302050114,0,18.6606710553169,0,6.24689769744873,0,0,0,0,0.766589283943176,9.92925935983658,0,0,0,11.8858096599579,0,0,0,0,13.2117704451084,306.200359463692,0,63.7716189622879,0,72.1432562470436,0,117.194508910179,0,85.7435840964317,13.901328086853,84.1240590214729,41.7111929059029,51.5366761088371,706.765152096748,2401.13300901651,188.770071715117,1536.46731516719,26.555675804615,421.259474724531,120.347833126783,2010.58850544691,0,6.45025372505188,0,32.8961045145988,8.1290043592453,0.708106398582458,0,24.9136715531349,0,0,0,15.0116921067238,0,0,0,0,1.65094941854477,68.5267731845379,4.37492555379868,0,0,0,0,0,0,0,0,0.990977346897125,0,0,10.4185300469398,8.9868500828743,0,0,0,0,0,0
3.51296752691269,0,1862.57255515456,58.3066166043282,0,99.7727504074574,866.109070152044,4.64761459827423,2654.22062575817,26.4869963228703,1.79381370544434,0,60.3079871535301,0,2124.59056225419,31.1205837130547,0,0,5.06233966350555,0,222.769123256207,28.1225710809231,794.959417551756,290.971677362919,317.675638705492,153.06332886219,1156.91371655464,136.632573157549,416.629386931658,0.626158952713013,186.516879826784,113.902777224779,20.2217479646206,7.65405514836311,5.01951071619987,0,49.1982413828373,1.09388494491577,2.68849477171898,0,133.848406672478,1.60144537687302,0,0,0,0,6.38263359665871,0,1.04704403877258,0,0,0,0,0,3.27311670780182,0,0.583672881126404,0,0,0,0,0,0,0,0,0,2.49055576324463,0,0,0,1008.04302716255,187.90078613162,696.32093423605,21.6970785856247,26.8419915139675,1.27422952651978,39.9330392181873,0,0,0,1.839694917202,0,157.910189300776,0,12.1499222815037,0,65.1296446621418,0,19.9999521970749,0,0,0,0,0,1.34648770093918,0,0,0,0,0,0,0,0,0,0,0,0,0,1.0484504699707,0,0,0,0,0,0,0
0,1.48430892825127,69.5245905220509,760.607296675444,99.7727504074574,0,13.4667773246765,424.479565799236,64.7389003932476,1604.48990878463,0,1.8883700966835,7.40852326154709,14.4610198140144,52.2481374740601,1727.69682210684,0,1.24298560619354,0,4.24562987685204,14.7069392204285,259.453961402178,222.798379451036,289.693186670542,87.634415358305,458.538724839687,115.453740954399,2242.33559143543,3.16484242677689,311.663623332977,99.6350828707218,158.286455333233,1.02576804161072,27.8914017379284,0,3.70211046934128,0,50.1492056250572,0,5.59905076026917,1.09828662872314,324.465361744165,0,2.3750604391098,0,0,0,0.637859702110291,0,0,0,0,0,0,0,6.38819846510887,0,0,0,0,0,0,0,0,0,0,0,2.3427329659462,0,0,217.221596747637,1295.95517909527,33.7680822014809,1072.17430481315,0.554387092590332,52.0846711099148,0,143.821463674307,0,0,0.603790402412415,17.756215184927,1.96185249090195,245.401336461306,0,51.8438059687614,0.686251163482666,49.6064173579216,0,24.7356899082661,0,0,0,0,0,5.6376701593399,0,0,0,0,0,0,0,0,0,0,0,0,5.04122173786163,0.701100587844849,0,0,0,0,0,0
4225.69992852211,28.8497743308544,11706.542268455,235.573111414909,866.109070152044,13.4667773246765,0,320.387361109257,1277.29860818386,8.93176633119583,1178.60484564304,47.6841765940189,4646.73832508922,21.4247192144394,156.472365707159,2.96922290325165,60.9527553319931,1.7891446352005,464.441490769386,486.629358202219,0,0,349.918644011021,313.689482748508,0,13.6825239658356,0.834590673446655,3.15050381422043,320.800719588995,6.45373529195786,52.9337400197983,48.4795998930931,19.9907253980637,120.233226746321,6.30693578720093,1.45432102680206,23.3677490949631,1.15694162249565,9.84511104226112,0,1.43327128887177,0,0.984649181365967,0,0,0,8.17365053296089,0,0,0,330.169359177351,0,70.1901414692402,0,45.2465536892414,0,565.334992140532,0,83.5870459079742,0,204.372786343098,0,3.84684574604034,0,628.393081575632,0,44.8102626204491,0,26.8360248208046,1.64983439445496,2770.16425469518,237.86994934082,662.187708646059,79.7145463228226,102.687381893396,17.096640586853,776.5521492064,108.759899258614,2.55406600236893,0,16.1043908298016,0,32.2301026582718,0,348.455245673656,0,0,0,513.974944919348,0,0,0,0,0,26.2809092104435,0,0.761480867862701,0,0,0,0,0,0,0,0,0,0,0.849465906620026,13.4085683822632,2.47642153501511,0,0,0,0,0,0
182.467009961605,5124.5202267766,365.575735449791,13949.8134952188,4.64761459827423,424.479565799236,320.387361109257,0,9.5972575545311,1103.94105884433,50.812228679657,1900.92725977302,45.7568758428097,4754.37906596065,1.35699677467346,165.840536803007,9.46469074487686,75.7457029521465,711.234306424856,414.034494519234,0.586848437786102,0.663761973381042,458.322261095047,487.968056768179,2.12879282236099,2.02090358734131,1.26212406158447,2.78468543291092,78.2473652362823,142.364442199469,118.945031136274,72.3766939938068,73.8605996966362,73.1403599083424,0,1.43304115533829,0,50.0632193684578,0,6.0628707408905,0,0.49089914560318,0,2.94300246238708,0,0.794116675853729,0,2.13286465406418,0,2.39409232139587,0,163.121411025524,0,0,0,15.1743824481964,8.19465616345406,542.077125757933,0,74.2899709939957,0,569.230386346579,0,318.103571951389,0,855.42138427496,2.97842615842819,34.2547895014286,30.6854009628296,12.9792845249176,723.078728526831,3807.36529371142,129.763684123755,941.072301894426,14.3527880907059,224.363909810781,120.069279670715,1672.29575002193,0,6.57024651765823,0,50.4994897246361,9.61142754554749,0,0,295.57041066885,0,0,0,182.792906343937,0,0,0,0,1.27289617061615,28.3528563976288,0,0,0,0,0,0,0,0,0,1.78093498945236,0,0,5.96193164587021,1.73925983905792,0,0,0,0,0,0
10.5942041277885,0,770.747549295425,46.790108859539,2654.22062575817,64.7389003932476,1277.29860818386,9.5972575545311,0,16.1603674590588,22.2686699926853,0,768.32448887825,0,2216.25554987788,32.3748263418674,0.662628829479218,0,13.0338077843189,0,62.8385325670242,12.8267033696175,251.45561248064,304.143716305494,63.7141869366169,136.730566740036,394.809277027845,95.6243701279163,244.33581212163,0.557115137577057,73.7422584891319,85.7354463636875,4.99366283416748,6.22270888090134,0,0,31.2059895992279,0,3.99341082572937,0,59.572466135025,0.559100151062012,0,0,0,0,2.46827054023743,0,0,0,0,0,0,0,0,0,0,0,0,0,0.712078094482422,0,0,0,0,0,0,0,0,0,1083.40382167697,98.6983062028885,928.326946914196,11.4147661328316,60.2568998932838,1.47643303871155,119.523754417896,0,0,0,6.13967496156693,0,57.4620006084442,0.728580117225647,8.56014454364777,0,30.0316428542137,0,11.1370481848717,0,0,0,0,0,6.50880444049835,0,0,0,0,0,0,0,0,0,0,0,0,0,0.973874986171722,0,0,0,0,0,0,0
0,14.100657582283,37.1250997185707,576.527279049158,26.4869963228703,1604.48990878463,8.93176633119583,1103.94105884433,16.1603674590588,0,0,20.2492206096649,4.51354217529297,164.211563646793,6.60051172971725,2252.64833638072,0,1.18738532066345,0,25.0414764881134,4.0923033952713,20.5610516667366,135.387701570988,288.447090893984,20.3838133215904,66.1547690331936,17.9492168724537,188.756790727377,4.21580398082733,137.299528837204,27.8769459724426,67.3363878130913,1.44200438261032,7.94896030426025,0,1.04649257659912,0,20.3366456329823,0,1.10153222084045,0,82.7106016278267,0,0,0,0,0,1.54285907745361,0,0,0,0,0,0,0,3.27202719449997,0,3.9508670270443,0,0,0,0,0,5.61449390649796,0,0,0,0,0,0,95.0807792246342,1213.80125439167,10.3989186286926,1297.16634863615,0,139.64882054925,0,332.273585230112,0,0,0,4.29444140195847,0,30.2354948818684,0,6.14956140518188,0,11.5981083512306,0,6.92578786611557,0,0,0,0,0,11.6029496788979,0,0,0,0,0,0,0,0,0,0,0,0,0.573119580745697,0,0,0,0,0,0,0
2787.5033428967,3.33375036716461,846.526858568192,46.5855436325073,1.79381370544434,0,1178.60484564304,50.812228679657,22.2686699926853,0,0,3.15073013305664,2580.89821583033,1.3589996099472,101.378242880106,0,378.454613596201,0,803.111622452736,204.492625832558,0,0,122.91394329071,24.9083230495453,0,0.769991993904114,0,0,723.379479140043,2.97856736183167,36.7036867439747,35.6700352430344,22.1808883547783,70.6896767616272,2.13004177808762,1.18371272087097,14.2569181919098,0,6.30938893556595,0,1.74255752563477,0,0.669373631477356,0,0,0,1.1998872756958,0,0,0,6.19674998521805,0,3.76991355419159,0,9.43795788288116,0,297.462023079395,0,51.1977519989014,0,140.931623220444,0,84.5587621331215,0,84.9948193132877,0,39.1759558320045,0.664225935935974,63.3678714036942,2.44693231582642,850.456184417009,59.0778955817223,269.271634787321,16.3953654766083,39.9590275287628,1.76661932468414,310.941079586744,26.027396440506,19.8949093222618,0,475.139550060034,0,273.578129410744,0,263.629675686359,0,0,0,424.146950334311,0,0,0,0,0,3.57234388589859,0,0.659260094165802,0,0,0,0,0,0,0,0,0,0,0,4.14566040039062,5.75861668586731,0,0,0,0,0,0
21.2129020094872,2769.14488220215,49.4945101737976,931.235288590193,0,1.8883700966835,47.6841765940189,1900.92725977302,0,20.2492206096649,3.15073013305664,0,4.45735210180283,4730.30993226171,0,77.3628373146057,0,1025.58854955435,304.718995302916,691.673883080482,0,0,35.5741474032402,56.9808893799782,0,0,0,0,9.93057662248611,1077.7846904397,31.6494411230087,59.0515677332878,28.7439030408859,52.9443461894989,1.12041056156158,1.61626744270325,0,5.68662589788437,0,4.48133397102356,0,0,0,0,0,0,0,0.802458345890045,0,0,0,8.82125902175903,0,0,0,1.4224396944046,0,364.571549803019,0,20.4464432895184,0,546.595258593559,0,1018.30651777983,0,175.336133658886,0,11.1118360757828,1.58849734067917,12.3541635274887,130.11231559515,785.884693652391,15.1774104833603,726.711000740528,0,39.1364486217499,14.5780014395714,221.188256263733,0,13.2655099630356,0,189.734954953194,0,1.77771162986755,0,197.093093812466,0,0,0,42.062784075737,0,1.70410001277924,0,0,0,9.46670627593994,0,0,0,0,0,0,0,0,0,0,0,0,0,0,0,0,0,0,0,1.50064194202423
1599.20029625297,1.73693209886551,1038.67586621642,59.8382214009762,60.3079871535301,7.40852326154709,4646.73832508922,45.7568758428097,768.32448887825,4.51354217529297,2580.89821583033,4.45735210180283,0,2.42523634433746,2657.82912552357,0.952845931053162,97.2716588973999,0,476.089974731207,74.7408434152603,1.20903348922729,0,298.370874106884,148.339793026447,3.66056722402573,11.9836341738701,1.24001085758209,7.03337740898132,2031.26879733801,2.9313890337944,56.2633086740971,46.9672287106514,46.5201368033886,50.748646736145,5.76496198773384,0,17.3120832443237,0,3.48543724417686,0,4.28350633382797,0,0,0,0,0,2.48416167497635,0,0,0,0,0,1.46920871734619,0,2.63013190031052,0,100.500524163246,0,6.08663725852966,0,28.3599403500557,0,25.7262977957726,0,18.2265578508377,0,15.5969431102276,0,35.1505356132984,0,1879.02562442422,103.728535950184,1377.32481369376,18.930951833725,148.127442598343,2.83007824420929,682.786968827248,13.03054946661,9.65574848651886,0,127.146348536015,0,79.1693129241467,0,72.9041855335236,0,0.636565744876862,0,46.9528627097607,0,0,0,0,0,17.8320363163948,0,1.43362784385681,0,0,0,0,0,0,0,0,0,0,0,4.89612537622452,0.799784302711487,0,0,0,0,0,0
0.705857336521149,1290.4429897666,37.3093299269676,1042.69179427624,0,14.4610198140144,21.4247192144394,4754.37906596065,0,164.211563646793,1.3589996099472,4730.30993226171,2.42523634433746,0,0,1664.64822459221,0,89.2219433188438,82.6865151822567,533.268190473318,0,0,90.8757049441338,247.123747527599,0,0.554049611091614,0,1.01795923709869,6.13575059175491,1452.54149523377,41.9900553822517,55.1693666577339,9.32498320937157,43.6459845006466,0,2.22867822647095,0,7.13591128587723,0,1.4227055311203,0,2.35047203302383,0,0,0,0,0,0.800814986228943,0,0,0,8.97040319442749,0,0,0,0,0,116.839314520359,0,11.6730713844299,0,382.773472428322,0,772.0767608881,0,152.148981273174,0,7.51555627584457,0,11.4867886304855,118.976401239634,1294.09140947461,20.6055894494057,977.600156128407,0,122.578961759806,8.31401562690735,577.616859555244,0,2.81402063369751,0,163.026249885559,0,0,0,113.980125367641,0,0,0,19.810954451561,0,0,0,0,0,12.3676097393036,1.23941600322723,0,0,0,0,0,0,0,0,1.04842054843903,0,0,0,0,0,0,0,0,0,0
16.6130983233452,0,280.310459196568,30.8784708380699,2124.59056225419,52.2481374740601,156.472365707159,1.35699677467346,2216.25554987788,6.60051172971725,101.378242880106,0,2657.82912552357,0,0,15.1886539757252,5.67462515830994,0,39.0788955688477,0,146.829711556435,11.6128678917885,271.957019507885,141.25720256567,121.233247309923,73.0565990209579,597.967162251472,71.3632935583591,2086.33946189284,2.62215095758438,136.196791678667,69.3944646120071,17.3343078494072,1.61238390207291,2.93676534295082,0,63.6608728766441,0,8.41725280880928,0,99.8816654682159,0,0,0,0,0,7.55738514661789,0,0,0,1.02028906345367,0,0,0,3.02924156188965,0,0,0,0.674069166183472,0,0,0,0,0,0.857928216457367,0,0.658752262592316,0,0,0,1576.06552889943,95.5236557722092,2251.7875880301,8.89877945184708,155.136231690645,0,359.549864709377,0,0,0,38.1415429711342,0,210.98952665925,0,27.4612443447113,0,78.8666282594204,0,35.0329593718052,0,0,0,0,0,18.1501980423927,0,2.83884537220001,0,0,0,0,0,0,0,0,0,0,0,4.18035212159157,0,0,0,0,0,0,0
0,47.4256037473679,18.2917474508286,208.731294095516,31.1205837130547,1727.69682210684,2.96922290325165,165.840536803007,32.3748263418674,2252.64833638072,0,77.3628373146057,0.952845931053162,1664.64822459221,15.1886539757252,0,0,29.8542000949383,0,45.8505873084068,1.97031420469284,116.721614092588,62.919204056263,213.040246278048,23.3084054291248,77.9342242777348,32.2010909318924,465.617812722921,2.05282670259476,2695.66450676322,23.5840936303139,82.307510972023,0.777254819869995,14.4946020841599,0,2.32307040691376,0,48.2956596910954,0,3.39296007156372,1.29264104366302,228.036616325378,0,1.36433202028275,0,0,0.829162836074829,0.500753045082092,0,0,0,0,0,0,0,3.82571762800217,0,17.1483369469643,0,0,0,7.19908356666565,0,65.9759151935577,0,0,0,3.00928550958633,0,0.432115197181702,93.3517674207687,1242.71733313799,4.42962837219238,3119.52972209454,0,215.704780727625,3.44154059886932,450.218690365553,0,2.22383308410645,0,39.9671186804771,0,163.702980339527,0,34.6859568059444,0,36.9930868446827,0,23.9871147274971,0,0,0,0,0,17.6182156801224,0,0,0,0,0,0,0,0,0,0,0,0,3.36089870333672,0,0,0,0,0,0,0
472.549966782331,2.89482122659683,179.081921339035,8.16184586286545,0,0,60.9527553319931,9.46469074487686,0.662628829479218,0,378.454613596201,0,97.2716588973999,0,5.67462515830994,0,0,0,246.817793637514,64.3738769292831,0,0,4.27032148838043,1.19955313205719,0,0,0,0,2780.89764147997,1.04695272445679,7.65656810998917,5.26425701379776,3.92791211605072,30.3668810129166,13.465296715498,3.54291620850563,29.5772058367729,3.54650276899338,7.9134356379509,0,5.31183958053589,0,1.34287244081497,0,0,0,2.68248498439789,0,5.61930882930756,0,30.4283875226974,0,2.1653995513916,0,4.23886200785637,0,2164.68977102637,5.68103444576263,194.357303053141,1.4062072634697,907.710501551628,0,706.7261942029,0,144.811778366566,0,136.441676288843,7.52423965930939,74.372143894434,2.0096822977066,340.356547474861,16.4714912772179,327.486335277557,3.06730371713638,46.6924257278442,0,265.184878468513,20.1841517090797,471.845744669437,0,1440.67824888229,0,203.011914610863,0,225.901457279921,0,4.31287920475006,0,237.522590786219,0,0,0,0,0,9.31880295276642,0,1.8334846496582,0,0,0,0,0,0,0,0,0,0,0,1.82976651191711,1.53544092178345,0,0,0,0,0,0
5.66801205277443,1719.07423231006,9.07503461837769,234.098884642124,0,1.24298560619354,1.7891446352005,75.7457029521465,0,1.18738532066345,0,1025.58854955435,0,89.2219433188438,0,29.8542000949383,0,0,54.4790757894516,209.986588954926,0,0,0,8.07300788164139,0,0,0,0,4.41861027479172,2844.56015688181,1.73810577392578,6.26132750511169,4.83611613512039,15.8750830292702,0.702290594577789,2.15076330304146,1.18382263183594,12.7190471291542,2.31952595710754,6.62915688753128,0,0,0,0.792642593383789,0,0,0,0,0,0,0,14.2959753572941,0,0,0,0,1.26023918390274,3498.55346828699,1.15836274623871,106.400477945805,0,336.44425162673,0,3170.77522626519,0,74.79416847229,9.92804554104805,47.6593810915947,4.98732697963715,33.3773552775383,32.0502665042877,383.344412177801,2.04857754707336,1040.96697866917,1.47782421112061,50.3003830313683,39.8023633360863,200.378017097712,0,615.547154009342,0,932.194048494101,0,22.2148433923721,0,116.135673522949,0,0,0,28.4641752243042,0,0,0,0,0,9.08847600221634,0,0,0,0,0,0,0,0,0,0,0,0,0,0,0,0,0,0,0,0
1738.2385109067,613.941790670156,2318.63142094016,679.469745516777,5.06233966350555,0,464.441490769386,711.234306424856,13.0338077843189,0,803.111622452736,304.718995302916,476.089974731207,82.6865151822567,39.0788955688477,0,246.817793637514,54.4790757894516,0,3595.93748769164,0,0.515922069549561,1655.72883787751,306.101800441742,4.30651497840881,0,0.558172881603241,0.472841501235962,501.234176069498,50.6144755482674,342.889843374491,203.723584830761,2412.46551150084,1036.32854712009,69.7189841866493,0.986901342868805,78.031586587429,12.8590214252472,22.4115352928638,0.541141629219055,6.28651088476181,0,19.7366839051247,0,1.19966244697571,0,14.7475723028183,0.897598683834076,0,0,14.5331417918205,0,0,0,0,0,247.792329996824,16.0387144684792,226.548856377602,1.01200592517853,27.5778257548809,0,7.75003981590271,0,11.4032298326492,0,1916.44931587577,68.461074411869,2055.20809522271,178.120191693306,1510.18264892697,567.126904010773,722.356796830893,338.141179293394,271.058413386345,92.6226336658001,1678.25576096773,750.610634535551,4.8790739774704,0,6.1315898001194,0,164.118659436703,0,3.77090346813202,0,0,0,0,0,0,0,0,0,68.4013383388519,0.613963544368744,5.11152017116547,0,0,0,0,0,0,0,0,0,0,0,29.9021508097649,12.8570616841316,0,0,0,0,0,1.97375774383545
1399.71926540136,2051.72370186448,442.522996664047,2901.79756811261,0,4.24562987685204,486.629358202219,414.034494519234,0,25.0414764881134,204.492625832558,691.673883080482,74.7408434152603,533.268190473318,0,45.8505873084068,64.3738769292831,209.986588954926,3595.93748769164,0,0.628315806388855,0,261.441320121288,1367.23948836327,0,4.4033362865448,0,0,224.092822372913,119.300730228424,230.519936859608,368.546944200993,502.568073987961,3964.3589913249,4.85552167892456,15.8926334381104,14.2624056339264,89.2783749103546,1.55786645412445,20.0720472335815,0,2.08347105979919,0.629251301288605,0,0,0,0,6.35395246744156,0,0,0,3.14980661869049,0,0,0,0,83.3846705853939,838.958081781864,0,186.301309645176,0,27.281543135643,0,48.6641038954258,0,56.973261654377,243.772146344185,959.573434054852,729.793618261814,3762.42555272579,974.354366540909,983.436963826418,354.23379778862,678.980416715145,92.2180907726288,301.149787247181,647.157641738653,1863.56937628984,0,2.49020957946777,0,16.4772853255272,32.0154941678047,0,0,16.9879132509232,0,0,0,5.57804107666016,0,0,0,0,0.901202201843262,69.2363950908184,1.10063230991364,0,0,0,0,0,0,0,0,1.55450892448425,0,0,13.1129488945007,5.86410868167877,0,0,0,0,0,0
0,1.17808663845062,3.76836976408958,1.27775633335114,222.769123256207,14.7069392204285,0,0.586848437786102,62.8385325670242,4.0923033952713,0,0,1.20903348922729,0,146.829711556435,1.97031420469284,0,0,0,0.628315806388855,0,49.1557863354683,136.906116873026,17.1275011897087,265.528703838587,20.6500776708126,1237.62349760532,56.4801469147205,59.9884042143822,1.0864485502243,1037.06795507669,28.5598061680794,66.4121854305267,0,31.6716026961803,0,89.5706067085266,12.8770669698715,13.7026957273483,0,116.970196545124,0.889352381229401,1.7391494512558,0,0.916405081748962,0,6.11359399557114,0,0,0,0,0,0,0,0.712766170501709,0,0,0,0,0,0,0,0,0,0,0,21.5451023876667,0,0,0,746.725860714912,51.7811391949654,145.600183665752,2.75005003809929,21.7434958219528,2.74490833282471,15.5152329802513,7.73834466934204,0,0,0,0,14.7523023486137,0,0,0,6.77608838677406,0,8.82491755485535,0,0.643255710601807,0,0,0,0,0,0,0,0,0,0,0,0,0,0,0,0,0,0,0.889653861522675,0,0,0,0,0,0
0,0,2.36775326728821,5.50667285919189,28.1225710809231,259.453961402178,0,0.663761973381042,12.8267033696175,20.5610516667366,0,0,0,0,11.6128678917885,116.721614092588,0,0,0.515922069549561,0,49.1557863354683,0,60.297180891037,63.4405654966831,61.020369052887,223.352145016193,142.722594290972,2112.83653366566,2.43133062124252,186.226435661316,93.28064468503,955.600693404675,11.4958492815495,74.1650335490704,4.18670192360878,22.7373630702496,24.5580145120621,52.8946049809456,1.42251205444336,6.98259246349335,2.59519326686859,154.256840586662,0,0.617600083351135,0,0,0,3.04774785041809,0,0,0.908907532691956,0,0,0,0,1.11830103397369,0,0,0,0,0,0,0,0,0,0,1.22052308917046,5.78047308325768,0,0,41.3972246646881,507.803981781006,6.07165968418121,128.80908960104,4.8414221405983,9.12336820363998,3.89715766906738,34.0519298315048,0,0,0,1.84547156095505,1.44849860668182,59.8690035641193,0,4.36926174163818,0,6.09860813617706,0,4.6010782122612,0,1.54209578037262,0,0,0,1.38148361444473,1.09886193275452,0,0,0,0,0,0,0,0,0,0,0,0,0,0,0,0,0,0,0
32.9959796369076,1.10433840751648,3443.26275855303,800.521719396114,794.959417551756,222.798379451036,349.918644011021,458.322261095047,251.45561248064,135.387701570988,122.91394329071,35.5741474032402,298.370874106884,90.8757049441338,271.957019507885,62.919204056263,4.27032148838043,0,1655.72883787751,261.441320121288,136.906116873026,60.297180891037,0,3670.96035182476,1413.22547376156,380.609676301479,421.721520632505,344.909892261028,332.557618230581,23.3678324818611,4460.32901579142,1083.03487589955,1298.72864812613,433.776210695505,363.039579898119,0,16.4412145018578,1.83257639408112,1.79073596000671,0,9.30608224868774,2.98350888490677,25.4898510873318,0,3.72206601500511,0,15.0923867821693,0,0,0,0,0,0,0,0.434859573841095,0,2.82147693634033,0,2.96124345064163,0,0,0,0,0,0,0,625.894190609455,0,21.2362194657326,0,2294.58657306433,1064.04079961777,966.477171361446,378.113589286804,122.189933925867,48.5377420783043,478.693138539791,135.673779010773,0,0,2.96747994422913,0,13.8226215541363,0,0,0,1.77264881134033,0,1.40618443489075,0,0,0,0,0,14.8483739495277,0,0,0,0,0,0,0,0,0,0,0,0,0,4.30473244190216,4.7116733789444,0,0,0,0,0,0
0,27.2731699347496,845.038760125637,3437.09795582294,290.971677362919,289.693186670542,313.689482748508,487.968056768179,304.143716305494,288.447090893984,24.9083230495453,56.9808893799782,148.339793026447,247.123747527599,141.25720256567,213.040246278048,1.19955313205719,8.07300788164139,306.101800441742,1367.23948836327,17.1275011897087,63.4405654966831,3670.96035182476,0,170.449510186911,1623.83009311557,178.705244600773,645.856202542782,119.049488425255,89.661296069622,743.235064297915,2968.03770285845,107.6334810853,2020.46142596006,4.18566811084747,128.448968619108,1.23759198188782,19.2694050073624,0,0,0.703778743743896,21.3027554154396,0,1.51986509561539,0,0,0,10.2761691808701,0,0,0,0,0,0,0,0.486939191818237,0,18.3125115036964,0,5.54157200455666,0,1.16402494907379,0,5.99975579977036,0,0,0,384.292486846447,2.41140633821487,53.8138725757599,1512.50575202703,2409.66818642616,489.000217109919,1007.09459236264,30.5034673810005,234.55211904645,47.4084556698799,712.701475650072,0,2.58363687992096,0,11.9328356981277,1.26990103721619,3.87835115194321,0,0.592339336872101,0,0.982422679662704,0,0.533326923847198,0,0,0,0,0,18.1691410541534,0,0,0,0,0,0,0,0,0,0,0,0,4.28534972667694,0.682070732116699,0,0,0,0,0,0
0,0,62.7639671564102,22.1472690999508,317.675638705492,87.634415358305,0,2.12879282236099,63.7141869366169,20.3838133215904,0,0,3.66056722402573,0,121.233247309923,23.3084054291248,0,0,4.30651497840881,0,265.528703838587,61.020369052887,1413.22547376156,170.449510186911,0,153.693888247013,1065.31350496411,148.986100167036,33.0414736866951,3.18952804803848,774.20678088069,109.294137865305,47.2874454855919,4.89993032813072,24.0203822553158,0,2.73851603269577,0.586461246013641,0,0,15.3294749259949,2.80690139532089,0,0,0,0,0,0,0,0,0,0,0,0,0,0,0,0,0,0,0,0,0,0,0,0,6.83565258979797,0,0,0,437.682614117861,144.912928253412,135.223813295364,13.5681442320347,4.56001353263855,0,3.10354042053223,0,0,0,0,0,5.49848404526711,0,1.6682243347168,0,2.31222885847092,0,1.40736997127533,0,0,0,0,0,0,0,0,0,0,0,0,0,0,0,0,0,0,0,0,0,0,0,0,0,0,0
0,0,78.6191423535347,74.4338917136192,153.06332886219,458.538724839687,13.6825239658356,2.02090358734131,136.730566740036,66.1547690331936,0.769991993904114,0,11.9836341738701,0.554049611091614,73.0565990209579,77.9342242777348,0,0,0,4.4033362865448,20.6500776708126,223.352145016193,380.609676301479,1623.83009311557,153.693888247013,0,177.908137768507,2093.38056662679,12.1585051417351,8.68059632182121,138.998280465603,778.694346517324,2.51958310604095,92.9882571697235,1.10840135812759,23.2774641513824,3.39308881759644,7.63182753324509,0,0,2.77938967943192,23.8781518638134,0,0,0,0,0,0.394743621349335,0,0,0,0,0,0,0,0,0,0,0,0,0,0,0,0,0,0,0,14.9905577898026,0,0,235.966822236776,396.088780075312,45.3019075095654,122.333854705095,0,6.76716083288193,0,13.301566183567,0,0,1.3677384853363,0,0.667275130748749,10.823709487915,0,3.40819007158279,0,2.38896787166595,0,4.0906049311161,0,0,0,0,0,0.968240946531296,0,0,0,0,0,0,0,0,0,0,0,0,0,0,0,0,0,0,0,0
0,0,14.5946667790413,27.2199066281319,1156.91371655464,115.453740954399,0.834590673446655,1.26212406158447,394.809277027845,17.9492168724537,0,0,1.24001085758209,0,597.967162251472,32.2010909318924,0,0,0.558172881603241,0,1237.62349760532,142.722594290972,421.721520632505,178.705244600773,1065.31350496411,177.908137768507,0,318.988527625799,115.537545591593,2.51622155308723,761.145528972149,105.864044457674,56.459536999464,5.60232919454575,17.2976632714272,1.74731147289276,164.444506585598,83.7031515836716,47.275541305542,0,74.2609405815601,3.18766298890114,0,0,0,0,5.19656223058701,3.58291232585907,0,0,0,0,0,0,0.676954329013824,0,0,0,0,0,0,0,0,0,0,0,7.53952100872993,0.70086407661438,0,0,713.468247056007,256.228476524353,212.621369034052,23.667513102293,23.1014348566532,5.46962797641754,24.643581867218,13.6842809915543,0,0,0.787956357002258,0,65.8357200324535,0.635342538356781,5.62315887212753,0,37.0228015184402,0.95466810464859,8.45046931505203,0.733343839645386,0.9317227602005,0,0,0,1.88755226135254,4.48072183132172,0,0,1.49091851711273,0,0,0,0,0,0.633385479450226,0,0,0,0,0,0,0,0,0,0,0
0,1.43706011772156,69.2190791666508,22.6720319390297,136.632573157549,2242.33559143543,3.15050381422043,2.78468543291092,95.6243701279163,188.756790727377,0,0,7.03337740898132,1.01795923709869,71.3632935583591,465.617812722921,0,0,0.472841501235962,0,56.4801469147205,2112.83653366566,344.909892261028,645.856202542782,148.986100167036,2093.38056662679,318.988527625799,0,7.74400329589844,95.4154423475266,149.921893626451,551.533332586288,5.09490162134171,68.4445850253105,0,16.8074251413345,79.0890142917633,149.240729063749,17.1899067759514,4.2646718621254,1.84854090213776,276.065359026194,0,0,0,0,0.94750714302063,5.26437270641327,0,0,0,0.744149744510651,0,0,0,5.09794044494629,0,0,0,0,0,0,0,0,0,0,0,4.28492474555969,0,0,272.407903760672,1066.22392883897,41.6529850363731,462.582662701607,13.0363169908524,14.3813365697861,11.9912457466125,68.0684826672077,0,0,0.790117740631104,3.55321544408798,0.930520713329315,176.983580291271,0,36.7175984978676,0,37.4051950871944,0,17.4887375831604,0,0.581150710582733,0,0,0,3.33099257946014,0,0,0,0,0,0,0,0,0,0,0,0,0,1.58139038085938,0,0,0,0,0,0
516.599717020988,34.2687555551529,745.840320020914,90.6778798997402,416.629386931658,3.16484242677689,320.800719588995,78.2473652362823,244.33581212163,4.21580398082733,723.379479140043,9.93057662248611,2031.26879733801,6.13575059175491,2086.33946189284,2.05282670259476,2780.89764147997,4.41861027479172,501.234176069498,224.092822372913,59.9884042143822,2.43133062124252,332.557618230581,119.049488425255,33.0414736866951,12.1585051417351,115.537545591593,7.74400329589844,0,5.95043933391571,83.4416354894638,53.4301034212112,46.5109142661095,84.1455867886543,34.6701948344707,32.7646824121475,203.482716143131,25.2151988148689,49.1851289272308,0,160.225049316883,0,93.2545455992222,4.78340864181519,57.263339728117,0,142.710156947374,1.20965886116028,98.0665602684021,0,249.29239282012,0,35.1533726155758,0,62.6787736415863,0,944.777312666178,16.6397577524185,456.285059630871,7.19195237755775,191.919256478548,0,177.962792545557,0.872673571109772,89.7012086510658,0,403.409558057785,79.9475283622742,153.803332060575,17.1208223104477,1068.70604735613,100.689242631197,2583.62597215176,24.3205804228783,134.90358453989,5.68792420625687,628.55457919836,75.820074647665,451.65501332283,0,930.506293594837,1.75037801265717,1866.14212748408,0,252.497076630592,0,206.208924531937,0,223.073603719473,0,10.2902308106422,0,0,0,35.7947445511818,0,6.54356604814529,0,3.94700121879578,0,0,0,2.61961793899536,0,3.94114381074905,1.73308119177818,1.11562168598175,1.73086428642273,15.6549041867256,5.98517149686813,1.39277946949005,0,0,0,0,1.56339824199677
3.88787740468979,155.232683718204,9.41108298301697,218.013267278671,0.626158952713013,311.663623332977,6.45373529195786,142.364442199469,0.557115137577057,137.299528837204,2.97856736183167,1077.7846904397,2.9313890337944,1452.54149523377,2.62215095758438,2695.66450676322,1.04695272445679,2844.56015688181,50.6144755482674,119.300730228424,1.0864485502243,186.226435661316,23.3678324818611,89.661296069622,3.18952804803848,8.68059632182121,2.51622155308723,95.4154423475266,5.95043933391571,0,9.8774296939373,31.4034752845764,3.40374821424484,24.0706315934658,10.5581325292587,5.7693367600441,0.875049948692322,143.336004972458,0,44.5951398015022,0,329.068963766098,4.54081267118454,40.8591350615025,2.00621885061264,38.8240489959717,0,66.2891835570335,0,63.1404555439949,0,92.9640955328941,0,20.3713219761848,0,24.7919464111328,2.06048500537872,395.215823352337,1.47413599491119,91.6559381484985,1.13334608078003,78.9881134033203,0,612.371446251869,0,80.1270446181297,20.0450597405434,79.7149740755558,2.31244599819183,6.25060617923737,33.9584070444107,362.821707397699,10.2870139479637,4156.67775806785,0,53.0871943235397,19.9294199943542,166.68399938941,0,434.788725376129,1.27557051181793,802.479939699173,0,983.437037080526,0,174.118707120419,0,63.8048120141029,0,28.542139351368,0,0,0,1.16863572597504,0,11.6273313164711,0,0,1.3739378452301,9.2435308098793,0,0,0,0,0,0,0,0,0,0,1.42754852771759,0,0,0,0,0
11.844997048378,9.12896889448166,133.609037280083,200.114957660437,186.516879826784,99.6350828707218,52.9337400197983,118.945031136274,73.7422584891319,27.8769459724426,36.7036867439747,31.6494411230087,56.2633086740971,41.9900553822517,136.196791678667,23.5840936303139,7.65656810998917,1.73810577392578,342.889843374491,230.519936859608,1037.06795507669,93.28064468503,4460.32901579142,743.235064297915,774.20678088069,138.998280465603,761.145528972149,149.921893626451,83.4416354894638,9.8774296939373,0,417.967282474041,1508.02001672983,230.157569646835,435.441730588675,3.73788332939148,8.74830406904221,0,5.61999875307083,0,8.9909445643425,3.69427311420441,46.0234662294388,0.424394130706787,11.4646825492382,0,19.1438477933407,0,0,0,0,0,0,0,0,0,0,6.78442865610123,1.38453936576843,0,0,1.03769898414612,0,3.85883259773254,0.554641246795654,1.34431052207947,1154.04453575611,17.3245704770088,12.1459791660309,7.25944918394089,1362.55163350701,367.285174310207,201.945850878954,73.6639551222324,32.6200160384178,30.5606496930122,150.559394091368,146.377249956131,0,1.332359790802,4.34376633167267,1.21523082256317,19.0486644506454,0.825323700904846,1.28484272956848,0,3.36352980136871,1.30007481575012,2.01533377170563,0.864836156368256,0,0,0,0,6.21944692730904,3.02889782190323,0,0,0,0,0,0,0,0,0,0,0,0,8.3121138215065,0.871601223945618,0,0,0,0,0,0.668598234653473
18.2545706033707,18.4153069853783,239.858931660652,306.124918848276,113.902777224779,158.286455333233,48.4795998930931,72.3766939938068,85.7354463636875,67.3363878130913,35.6700352430344,59.0515677332878,46.9672287106514,55.1693666577339,69.3944646120071,82.307510972023,5.26425701379776,6.26132750511169,203.723584830761,368.546944200993,28.5598061680794,955.600693404675,1083.03487589955,2968.03770285845,109.294137865305,778.694346517324,105.864044457674,551.533332586288,53.4301034212112,31.4034752845764,417.967282474041,0,90.3119745850563,2216.37678587437,16.970552444458,331.742240428925,6.9014276266098,9.41597336530685,1.24163901805878,2.51621127128601,1.75941300392151,10.0567680001259,0,7.49537694454193,0,0,1.41822719573975,32.3380517363548,0,0,0,2.25372904539108,0,0,0,0,0,10.8292542099953,1.05030238628387,1.1089146733284,0,0.794231951236725,0,13.2680231332779,0,3.08223384618759,29.8827027082443,839.298073530197,7.95093965530396,23.1356795430183,425.257767468691,929.546468317509,174.75519657135,219.097409427166,25.1967415809631,31.8074356913567,71.7652870416641,265.12326541543,0,0,1.96195328235626,3.45499294996262,3.81369185447693,3.44647318124771,0,5.88498622179031,1.06128060817719,1.1073831319809,0,5.21543109416962,0,0,0,0,4.16513252258301,10.0378049015999,0.60376501083374,0,0,0,0,0,0,0,0,0.409033805131912,0,0,6.24639391899109,1.15358832478523,0,0,0,0,0,0
89.6092109084129,93.1211660504341,81.021170258522,135.99713820219,20.2217479646206,1.02576804161072,19.9907253980637,73.8605996966362,4.99366283416748,1.44200438261032,22.1808883547783,28.7439030408859,46.5201368033886,9.32498320937157,17.3343078494072,0.777254819869995,3.92791211605072,4.83611613512039,2412.46551150084,502.568073987961,66.4121854305267,11.4958492815495,1298.72864812613,107.6334810853,47.2874454855919,2.51958310604095,56.459536999464,5.09490162134171,46.5109142661095,3.40374821424484,1508.02001672983,90.3119745850563,0,364.623252689838,798.228054702282,10.3283231854439,8.58022969961166,3.64225083589554,7.23693680763245,1.95338916778564,0,0,49.4517246484756,2.78142023086548,16.0513706207275,0,15.6029261350632,7.23449105024338,0,1.95491796731949,0,0.822958827018738,0,0,0,0,31.0185974240303,44.7022280693054,21.8951255977154,17.4103829562664,2.84346795082092,0,0.8863126039505,1.90314674377441,0.980538606643677,0,4140.24610584974,133.273668766022,568.049517601728,151.612810075283,400.90779876709,130.066988348961,82.7217776477337,43.4605072140694,17.3558731079102,14.0979858636856,131.113073319197,106.096140861511,1.82995188236237,0,1.28058403730392,0,0,2.06207203865051,1.55579698085785,0,0,0,0,0,0,0,0,0,2.46147006750107,2.0693963766098,0,0,0,0,0,0,0,0,1.35469323396683,0,0,0,0,0,0,0,0,0,0,0
206.581812113523,206.662002563477,180.900904774666,99.1938277482986,7.65405514836311,27.8914017379284,120.233226746321,73.1403599083424,6.22270888090134,7.94896030426025,70.6896767616272,52.9443461894989,50.748646736145,43.6459845006466,1.61238390207291,14.4946020841599,30.3668810129166,15.8750830292702,1036.32854712009,3964.3589913249,0,74.1650335490704,433.776210695505,2020.46142596006,4.89993032813072,92.9882571697235,5.60232919454575,68.4445850253105,84.1455867886543,24.0706315934658,230.157569646835,2216.37678587437,364.623252689838,0,89.2522196769714,1032.76638764143,15.2504768967628,7.06078571081161,10.5297377109528,24.2664397656918,0,1.42353922128677,7.97263902425766,19.4938207566738,4.83386790752411,1.51453721523285,1.63379848003387,118.622387826443,0,1.11600804328918,8.01115763187408,11.8887898921967,0,0,0,1.85531848669052,92.1866194009781,280.340494215488,56.5200586616993,53.88031488657,11.3989889621735,3.18226337432861,9.56648683547974,14.3013144731522,3.53354680538177,14.5403775572777,821.158630788326,4498.40003490448,374.262697845697,1194.03548306227,306.070401906967,383.963332861662,144.021132439375,122.839940339327,27.0427494645119,29.1903222799301,260.018456399441,235.100517094135,1.09339666366577,0,7.5745245218277,3.69303750991821,14.6493856906891,0,0,11.7231202125549,0,0,0,7.41435837745667,0,0,0,0,6.71936982870102,7.23681747913361,0,0,0,0,0,0,0,0,0,2.46964871883392,1.27396249771118,0,1.26230144500732,2.91940003633499,0,0,0,0,0,0
0.458771407604218,0.741021633148193,11.4948038458824,0.610162794589996,5.01951071619987,0,6.30693578720093,0,0,0,2.13004177808762,1.12041056156158,5.76496198773384,0,2.93676534295082,0,13.465296715498,0.702290594577789,69.7189841866493,4.85552167892456,31.6716026961803,4.18670192360878,363.039579898119,4.18566811084747,24.0203822553158,1.10840135812759,17.2976632714272,0,34.6701948344707,10.5581325292587,435.441730588675,16.970552444458,798.228054702282,89.2522196769714,0,240.879413813353,230.393006235361,117.779897421598,59.4318514168262,33.3125226199627,9.95818191766739,4.96350878477097,418.944624364376,475.412305921316,281.797418057919,616.891548663378,229.106644630432,156.30265006423,167.612319231033,352.254384666681,156.2002851367,79.0106025934219,11.2841955423355,12.9567104578018,36.9645185470581,27.207217246294,4.18524259328842,12.6422756910324,61.1141811907291,143.027870684862,19.2494498193264,16.1482759714127,12.8647806048393,28.4678165316582,5.33356195688248,26.7733345627785,3469.28434118629,689.902925878763,0.983079373836517,5.7396844625473,118.89695841074,8.15752050280571,86.390689343214,41.4528241753578,11.6216253340244,10.0659816861153,281.034858733416,105.077719271183,7.41600179672241,10.9635629057884,68.0198024809361,24.5736348927021,12.3418017625809,15.442088842392,24.7300884723663,29.0425740480423,6.59632840752602,0,37.2995339035988,21.0672090649605,0,0,0,0,22.8706153035164,8.40340143442154,7.58486831188202,0,3.08527135848999,2.76629817485809,0,0,0,0,1.32454109191895,0,0,0,0.508153259754181,0.447733968496323,4.52383774518967,0,0,0,0,0
0,1.71122241020203,0,7.62326908111572,0,3.70211046934128,1.45432102680206,1.43304115533829,0,1.04649257659912,1.18371272087097,1.61626744270325,0,2.22867822647095,0,2.32307040691376,3.54291620850563,2.15076330304146,0.986901342868805,15.8926334381104,0,22.7373630702496,0,128.448968619108,0,23.2774641513824,1.74731147289276,16.8074251413345,32.7646824121475,5.7693367600441,3.73788332939148,331.742240428925,10.3283231854439,1032.76638764143,240.879413813353,0,156.967168658972,143.415102899075,29.0000272989273,78.3445701599121,14.4940418601036,10.110424041748,289.576000750065,353.902200102806,541.527395933867,349.108573198318,123.01013982296,292.919328391552,343.532081335783,174.537527859211,243.202494442463,55.8844214081764,9.74863481521606,3.50741624832153,23.1752349734306,20.9100798368454,6.58608663082123,2.20965510606766,111.892861902714,73.8799860477448,14.2909680008888,9.92003244161606,1.78866708278656,15.9058561325073,4.0619920194149,10.4778479933739,617.993798881769,2186.33996775746,6.73853212594986,0,14.222925722599,37.7083726227283,94.134686589241,47.7897309064865,10.1630839705467,7.03659528493881,133.966906011105,189.742909729481,4.18348389863968,3.05985736846924,42.0917201638222,34.8383675813675,4.78245443105698,18.2364473342896,39.9625965356827,34.4188550710678,11.7004253268242,0.683381199836731,57.6896783709526,23.5541029572487,6.19292253255844,0,0,0,9.37587383389473,2.71589434146881,3.18154180049896,0,1.15731084346771,3.61016058921814,0,0,0,0,0,0.732790887355804,0,0,0,1.95102086663246,3.15601277351379,0,0,0,0,0
228.570628643036,0.853081405162811,73.2453242540359,0,49.1982413828373,0,23.3677490949631,0,31.2059895992279,0,14.2569181919098,0,17.3120832443237,0,63.6608728766441,0,29.5772058367729,1.18382263183594,78.031586587429,14.2624056339264,89.5706067085266,24.5580145120621,16.4412145018578,1.23759198188782,2.73851603269577,3.39308881759644,164.444506585598,79.0890142917633,203.482716143131,0.875049948692322,8.74830406904221,6.9014276266098,8.58022969961166,15.2504768967628,230.393006235361,156.967168658972,0,300.807888239622,1311.11331808567,55.268618106842,792.417095154524,6.07407286763191,607.709049701691,366.648091435432,260.608812898397,311.048693835735,1584.09856927395,123.840130746365,455.528369128704,201.28568649292,778.964267581701,46.0740149617195,96.9732061326504,5.40601825714111,770.834706932306,13.7436966001987,218.057624965906,8.64945638179779,232.822109162807,61.9732294678688,79.5457631647587,5.87874794006348,21.0824117064476,15.0603291392326,37.290638178587,22.230976164341,778.66233175993,748.658723413944,197.386543571949,2.55034375190735,599.147208482027,34.0076988339424,898.522277802229,27.7719189524651,1067.76814445853,34.4234738349915,4399.30393749475,211.849714577198,10.9278354644775,4.63861018419266,118.746766865253,8.13947457075119,547.589436590672,0,179.977496147156,8.90432959794998,1351.01411837339,1.09297800064087,880.781793177128,4.65885943174362,97.5643402636051,86.46030408144,15.7705968618393,27.4015891253948,216.441614031792,49.7136861681938,97.3369697630405,19.1098448634148,58.6731580495834,28.0949976444244,17.4452873766422,11.2671276330948,19.2634360790253,42.9387466907501,32.0948814451694,40.7903657853603,13.2818192243576,29.6193962097168,24.2505288422108,60.0522982180119,18.2289237678051,4.61837151646614,1.64848712086678,0.469973683357239,0.930716454982758,8.50396528840065
1.23476779460907,425.275244086981,0.660942614078522,80.4340302050114,1.09388494491577,50.1492056250572,1.15694162249565,50.0632193684578,0,20.3366456329823,0,5.68662589788437,0,7.13591128587723,0,48.2956596910954,3.54650276899338,12.7190471291542,12.8590214252472,89.2783749103546,12.8770669698715,52.8946049809456,1.83257639408112,19.2694050073624,0.586461246013641,7.63182753324509,83.7031515836716,149.240729063749,25.2151988148689,143.336004972458,0,9.41597336530685,3.64225083589554,7.06078571081161,117.779897421598,143.415102899075,300.807888239622,0,51.5816533863544,1051.64271643758,5.96605831384659,531.465489625931,89.8234859704971,378.849409252405,53.3878038525581,278.359516441822,67.19716578722,903.738619089127,42.8157454133034,394.915705323219,51.3550869822502,402.430841088295,0,111.153702735901,3.72326242923737,1364.39309594035,1.90222197771072,202.680131554604,69.7824405431747,191.684444606304,30.7383189797401,20.6489877700806,3.90520626306534,24.4181478321552,5.8496453166008,160.761020988226,549.191579818726,668.79306152463,1.37127363681793,62.8524600863457,33.759561419487,465.304063469172,56.8960356116295,497.254070699215,24.6246346831322,487.16064324975,260.132256597281,4566.94894292951,2.59333956241608,4.02631002664566,30.3711119294167,102.983452886343,0,530.095274955034,2.60033094882965,451.306234627962,0,689.760564804077,6.09777480363846,1160.62594786286,44.8351172208786,72.9116308391094,8.47650974988937,30.0546891093254,28.2577474117279,244.164060711861,23.2003411948681,19.6988226771355,17.2176712155342,77.126721650362,14.198361992836,10.498334646225,16.5946610569954,33.1845302283764,11.8726889789104,33.9131129086018,11.1267646551132,22.8008355498314,19.7883798480034,35.5340747237206,17.5308689773083,4.25263985991478,1.47713369131088,0.3995101749897,3.40804713964462,3.44279614090919
59.5413363873959,0,20.8044680655003,0,2.68849477171898,0,9.84511104226112,0,3.99341082572937,0,6.30938893556595,0,3.48543724417686,0,8.41725280880928,0,7.9134356379509,2.31952595710754,22.4115352928638,1.55786645412445,13.7026957273483,1.42251205444336,1.79073596000671,0,0,0,47.275541305542,17.1899067759514,49.1851289272308,0,5.61999875307083,1.24163901805878,7.23693680763245,10.5297377109528,59.4318514168262,29.0000272989273,1311.11331808567,51.5816533863544,0,35.0164697170258,418.411565452814,0,545.399363279343,37.5141552090645,232.107472091913,2.91231495141983,1235.25057634711,7.65394407510757,139.40834236145,0.898132622241974,99.3364282846451,0,20.0810581445694,0,1601.79416692257,4.51948875188828,99.2759479880333,0,93.47131934762,0,16.8764753341675,0,2.24317932128906,0,10.9456074237823,0,685.201749593019,62.5775721073151,71.5587872862816,0,116.960659056902,21.1211161017418,203.644627898932,6.57664602994919,166.139253556728,19.8841270804405,313.734519988298,74.5895215272903,1.36608147621155,0,14.6554877758026,0,132.577808439732,0,15.3563734292984,0,195.783214062452,0,256.005301386118,0,117.117101103067,142.895714759827,19.6493188142776,35.1447792947292,47.8793728649616,70.2390378713608,81.0706272125244,32.3792949020863,59.9808755517006,32.9689797461033,23.7834980785847,15.5923111140728,31.105081140995,31.3184987306595,26.8875112235546,26.1235862076283,23.6926452517509,16.226846575737,7.07799381017685,13.279678940773,16.7455812990665,13.156458735466,6.82856559753418,3.05360987782478,3.00584632158279,2.25523859262466
0,222.069556295872,0,18.6606710553169,0,5.59905076026917,0,6.0628707408905,0,1.10153222084045,0,4.48133397102356,0,1.4227055311203,0,3.39296007156372,0,6.62915688753128,0.541141629219055,20.0720472335815,0,6.98259246349335,0,0,0,0,0,4.2646718621254,0,44.5951398015022,0,2.51621127128601,1.95338916778564,24.2664397656918,33.3125226199627,78.3445701599121,55.268618106842,1051.64271643758,35.0164697170258,0,0,1083.45614764094,29.5834903717041,536.826858520508,12.373099386692,258.480196833611,31.9285849332809,794.561548471451,2.10735845565796,156.105851739645,0,153.620498329401,0,41.9886620342731,0,1577.03673407435,0,155.392739057541,1.25721704959869,83.9532135128975,0,3.85995942354202,0,1.5767275094986,0,27.445986032486,75.2019167244434,852.833654046059,0,36.6616861820221,15.6673845648766,123.341465175152,7.23361045122147,77.540617287159,4.84307643771172,72.2248268723488,19.30835044384,234.329783588648,0,1.89182484149933,1.44627845287323,5.42244464159012,0,208.836252182722,0,53.3504537940025,0,109.367918610573,0,239.24606642127,65.4650333821774,50.4264866113663,5.46451169252396,19.1673866510391,2.10918506979942,63.6230669021606,47.5468289256096,21.7231866419315,29.9935492575169,21.2406811416149,0.485162258148193,9.15417850017548,8.51905882358551,17.2712805569172,7.77737528085709,14.5567445158958,7.99665704369545,11.6470086574554,6.43239492177963,2.95157712697983,9.14694833755493,2.24534064531326,4.52832877635956,0,0.623291611671448,1.84519815444946
6.99065724015236,0,9.72069275379181,0,133.848406672478,1.09828662872314,1.43327128887177,0,59.572466135025,0,1.74255752563477,0,4.28350633382797,0,99.8816654682159,1.29264104366302,5.31183958053589,0,6.28651088476181,0,116.970196545124,2.59519326686859,9.30608224868774,0.703778743743896,15.3294749259949,2.77938967943192,74.2609405815601,1.84854090213776,160.225049316883,0,8.9909445643425,1.75941300392151,0,0,9.95818191766739,14.4940418601036,792.417095154524,5.96605831384659,418.411565452814,0,0,9.01568019390106,66.8498120605946,0,11.906637609005,0,176.511991769075,0,21.2985951900482,0,45.8411845862865,0,7.81031167507172,0,135.228439390659,0,3.52148443460464,0,4.07202035188675,0,2.69184994697571,0,3.39287376403809,0,4.2737335562706,0,37.8409779667854,3.68348658084869,3.1743683218956,0,456.497851878405,37.1611033678055,1144.79373759031,5.31320577859879,432.768800288439,26.0100384950638,452.480264812708,4.91481748223305,0,0,16.1672013998032,0,574.064223587513,0,44.4075256288052,0,560.932443767786,0.665485024452209,143.885017067194,0,14.7285548448563,3.18552356958389,0,0,23.4713329076767,7.1294279396534,4.60973191261292,0.612420201301575,10.5018147230148,1.85990464687347,0,1.4471880197525,0,0,4.03964832425117,3.05922654271126,1.47396343946457,0,30.3703266680241,8.41449081897736,0,0,1.73565882444382,0,0,4.46206161379814
0,2.44484609365463,0.84030818939209,6.24689769744873,1.60144537687302,324.465361744165,0,0.49089914560318,0.559100151062012,82.7106016278267,0,0,0,2.35047203302383,0,228.036616325378,0,0,0,2.08347105979919,0.889352381229401,154.256840586662,2.98350888490677,21.3027554154396,2.80690139532089,23.8781518638134,3.18766298890114,276.065359026194,0,329.068963766098,3.69427311420441,10.0567680001259,0,1.42353922128677,4.96350878477097,10.110424041748,6.07407286763191,531.465489625931,0,1083.45614764094,9.01568019390106,0,9.41654950380325,111.104556113482,0.635501325130463,52.4971032142639,0,284.815437585115,0,132.211776643991,0,119.870359838009,0,39.1469044089317,0,634.97748875618,0,2.12886726856232,0,14.0370172262192,0,0,0,10.7647916078568,0,27.0857056379318,7.07287979125977,68.9629458487034,0,0.629809617996216,43.1893590688705,261.786854594946,25.4055656194687,1287.46689355373,7.29293966293335,368.902844071388,1.10776782035828,222.749440282583,0,0,0,37.0718412697315,0,1977.08406376839,0,289.624183803797,0,956.823679000139,0.660803616046906,466.819461852312,2.51596879959106,3.78619581460953,0,0,0,24.9869818985462,0,0,1.2117931842804,23.5107678174973,0,0.412556946277618,0,0.899817556142807,4.99433612823486,4.00260084867477,0,0,1.94563871622086,5.14163112640381,0,0,0,0,0,0
0.680198073387146,0,3.35430949926376,0,0,0,0.984649181365967,0,0,0,0.669373631477356,0,0,0,0,0,1.34287244081497,0,19.7366839051247,0.629251301288605,1.7391494512558,0,25.4898510873318,0,0,0,0,0,93.2545455992222,4.54081267118454,46.0234662294388,0,49.4517246484756,7.97263902425766,418.944624364376,289.576000750065,607.709049701691,89.8234859704971,545.399363279343,29.5834903717041,66.8498120605946,9.41654950380325,0,2434.64646729827,7812.69675374031,1902.13540929556,8474.65159550309,1185.97080460191,2142.16016092896,585.635154187679,1793.04070463777,117.582762926817,461.000351279974,23.8709554672241,400.711161762476,37.784932076931,0.50242006778717,0,88.718976765871,103.673154652119,2.63446980714798,2.57729548215866,1.73530194163322,1.51400983333588,1.71983405947685,3.75473856925964,3017.01493605971,897.195668131113,0,0.857405424118042,7.0891829431057,0.420701235532761,387.639998346567,28.0555291771889,8.36649256944656,11.1019526422024,330.969843089581,61.1826381385326,1.34232926368713,0,69.9776638150215,6.50987511873245,13.6228095889091,1.85069227218628,69.1570351719856,10.2714365720749,28.8995512127876,0.683629989624023,614.667293280363,15.5639846026897,149.9343726933,0,0,0,12.244931936264,1.9330125451088,2.93283271789551,0.512756943702698,92.9191583991051,79.6585863232613,0,0,0,0,0,0,0,0,0,0,10.4101252257824,0,0,0,0,0
0,4.73705911636353,0,0,0,2.3750604391098,0,2.94300246238708,0,0,0,0,0,0,0,1.36433202028275,0,0.792642593383789,0,0,0,0.617600083351135,0,1.51986509561539,0,0,0,0,4.78340864181519,40.8591350615025,0.424394130706787,7.49537694454193,2.78142023086548,19.4938207566738,475.412305921316,353.902200102806,366.648091435432,378.849409252405,37.5141552090645,536.826858520508,0,111.104556113482,2434.64646729827,0,592.142586052418,7662.04057773948,117.260485649109,7291.78516548872,334.899313062429,1915.34445089102,149.606375277042,895.750821173191,11.9614030122757,1235.76677769423,20.6530799269676,315.319966942072,0.722735464572906,0,83.8200472593307,116.138167798519,12.8775104284286,1.49126744270325,0,1.21512138843536,7.54892420768738,1.58087754249573,745.116766303778,3168.11974224448,1.17680394649506,0,1.81110000610352,2.26993185281754,12.0576564371586,271.939184099436,0,41.0082101523876,115.432043433189,261.522146165371,1.10298478603363,0,5.89573603868484,57.2893972098827,0,62.5509817302227,24.0921235084534,176.037573695183,0,25.511674195528,12.9875673055649,255.43714338541,0,4.0462611913681,0,0,0,36.9678440093994,0,7.44212612509727,0,329.7324257195,0,0,0,0,0,0,0,0,0,1.83159059286118,0,0,0,0,0,0
3.37566381692886,0,0,0,0,0,0,0,0,0,0,0,0,0,0,0,0,0,1.19966244697571,0,0.916405081748962,0,3.72206601500511,0,0,0,0,0,57.263339728117,2.00621885061264,11.4646825492382,0,16.0513706207275,4.83386790752411,281.797418057919,541.527395933867,260.608812898397,53.3878038525581,232.107472091913,12.373099386692,11.906637609005,0.635501325130463,7812.69675374031,592.142586052418,0,408.354295402765,1419.39266502857,103.281297504902,5084.5972802639,48.0689796507359,1175.73181793094,17.3042333126068,153.877509981394,0,176.472070991993,5.02792075276375,1.30975067615509,0,239.671447396278,31.8841365873814,7.8861608505249,1.21896457672119,3.18983906507492,1.47461023926735,11.6929723620415,3.75455233454704,2039.81669211388,938.745596349239,0,0,2.42291295528412,0.683555245399475,210.450979024172,4.88725405931473,16.4488925635815,0.684791326522827,199.72704860568,18.5143435001373,9.77762699127197,0,185.058146744967,0.371887147426605,3.40117794275284,0,79.9510617852211,2.76602733135223,3.31399056315422,0,191.124333024025,0.751383125782013,11.5506848692894,0,0,0,19.6925734579563,0.51110428571701,1.03859144449234,1.22162592411041,8.67390021681786,0.518218457698822,0,0,0,0,0,0,0,0,0,1.22295063734055,9.53118431568146,0,0,0,0,0
0,1.24458837509155,0,0,0,0,0,0.794116675853729,0,0,0,0,0,0,0,0,0,0,0,0,0,0,0,0,0,0,0,0,0,38.8240489959717,0,0,0,1.51453721523285,616.891548663378,349.108573198318,311.048693835735,278.359516441822,2.91231495141983,258.480196833611,0,52.4971032142639,1902.13540929556,7662.04057773948,408.354295402765,0,42.9285658597946,3500.81804010272,89.6915568113327,5207.26927086711,38.9605193138123,847.478892475367,0,180.598866164684,7.51829040050507,456.725724339485,0,3.00444185733795,5.30216419696808,257.233981609344,0,1.08570754528046,0,0.65984696149826,0,6.73325556516647,787.471502512693,1818.5274451673,0,0,0,1.19454222917557,0,258.006466835737,0,51.7387914657593,57.3866309821606,286.010021179914,0,3.50505912303925,0,108.004982441664,0,36.1406171321869,4.94336557388306,235.234566241503,0,11.950952231884,0,218.412601619959,0,0.833618640899658,0,0,0,47.8401774168015,0,8.25103932619095,0,54.4283733963966,0,0,0,0,0,0,0,0,0,2.88002353906631,3.00300925970078,0,0,0,0,0
10.1689321994781,0,4.26583278179169,0.766589283943176,6.38263359665871,0,8.17365053296089,0,2.46827054023743,0,1.1998872756958,0,2.48416167497635,0,7.55738514661789,0.829162836074829,2.68248498439789,0,14.7475723028183,0,6.11359399557114,0,15.0923867821693,0,0,0,5.19656223058701,0.94750714302063,142.710156947374,0,19.1438477933407,1.41822719573975,15.6029261350632,1.63379848003387,229.106644630432,123.01013982296,1584.09856927395,67.19716578722,1235.25057634711,31.9285849332809,176.511991769075,0,8474.65159550309,117.260485649109,1419.39266502857,42.9285658597946,0,81.6864079236984,841.160857319832,22.158241212368,3380.14926406741,5.20425140857697,2763.40023496747,1.27789223194122,3113.4848151207,3.13786947727203,9.10481244325638,2.08386564254761,60.0194714963436,17.9678794741631,9.81709554791451,1.63161683082581,5.12818264961243,3.69656574726105,3.84264773130417,0,1696.37328907847,325.35624808073,1.26591396331787,1.22144055366516,56.0074607431889,3.58063334226608,486.968617737293,5.82826381921768,20.23060131073,1.80883252620697,630.347810804844,65.400009572506,3.13834810256958,1.91279816627502,137.392943412066,0,77.720144122839,0,188.357781857252,0,280.26854121685,0,1563.49481707811,0,312.635319918394,0.445427030324936,0,0.866093844175339,29.3782719373703,11.3662568330765,63.0572456717491,0,284.646068036556,0,0,0,0.784282803535461,0.65962153673172,3.04334437847137,1.91774159669876,0,0,0,125.015635550022,10.6483775377274,0,0,0,0.404031544923782,0
1.72875094413757,15.0633642077446,0,9.92925935983658,0,0.637859702110291,0,2.13286465406418,0,1.54285907745361,0,0.802458345890045,0,0.800814986228943,0,0.500753045082092,0,0,0.897598683834076,6.35395246744156,0,3.04774785041809,0,10.2761691808701,0,0.394743621349335,3.58291232585907,5.26437270641327,1.20965886116028,66.2891835570335,0,32.3380517363548,7.23449105024338,118.622387826443,156.30265006423,292.919328391552,123.840130746365,903.738619089127,7.65394407510757,794.561548471451,0,284.815437585115,1185.97080460191,7291.78516548872,103.281297504902,3500.81804010272,81.6864079236984,0,22.6590327620506,838.835044711828,25.9477921724319,667.473369061947,0,1584.33806347847,1.35902428627014,2611.12757572532,4.08106940984726,14.8817673623562,18.7924636602402,59.9902201294899,0.915812253952026,1.43674468994141,0,2.07199054956436,0.75479131937027,19.979100048542,266.602444112301,1428.65083521605,9.28238928318024,2.31275588274002,8.97349935770035,19.3829153776169,6.2825870513916,379.970140486956,2.85823410749435,65.3661462962627,64.5706167817116,767.903219044209,1.03377485275269,5.43229389190674,2.71628940105438,38.7575879991055,0,88.049510627985,0,394.893772572279,0,82.0846802294254,3.0379895567894,586.446410477161,0,65.8443996012211,0,0.407798677682877,5.62094950675964,49.730249017477,4.16993421316147,28.4947902262211,0,1383.36191472411,0,0,0.570737898349762,1.11676785349846,3.25156116485596,3.60199868679047,0.578495383262634,0.875249743461609,2.9058164358139,95.930112272501,5.25908660888672,0,0,0,0,1.12555575370789
4.47457110881805,0,0,0,1.04704403877258,0,0,0,0,0,0,0,0,0,0,0,5.61930882930756,0,0,0,0,0,0,0,0,0,0,0,98.0665602684021,0,0,0,0,0,167.612319231033,343.532081335783,455.528369128704,42.8157454133034,139.40834236145,2.10735845565796,21.2985951900482,0,2142.16016092896,334.899313062429,5084.5972802639,89.6915568113327,841.160857319832,22.6590327620506,0,29.7634164690971,7452.93917319179,8.44583594799042,387.549382835627,0,343.526895552874,0,0.452560424804688,0,807.925837486982,18.3528777956963,69.6492249965668,0,2.90711650252342,0,19.7174789011478,1.83861255645752,1006.37307682633,657.97119218111,0,0,0.969077706336975,0,381.709875553846,1.30279266834259,27.0136515796185,0,410.399479329586,9.85320687294006,10.3987562358379,0,343.004129976034,1.42908763885498,9.80783954262733,0,230.275955408812,0,1.38708102703094,0,414.632140547037,0,33.0997027158737,0,0,0,43.4134300947189,0,17.4439867436886,0,9.07077288627625,0,0,0,0,0,0,0,0,0,0,1.63731527328491,13.7753252387047,0,0,0,0,0
0,2.28787046670914,0,0,0,0,0,2.39409232139587,0,0,0,0,0,0,0,0,0,0,0,0,0,0,0,0,0,0,0,0,0,63.1404555439949,0,0,1.95491796731949,1.11600804328918,352.254384666681,174.537527859211,201.28568649292,394.915705323219,0.898132622241974,156.105851739645,0,132.211776643991,585.635154187679,1915.34445089102,48.0689796507359,5207.26927086711,22.158241212368,838.835044711828,29.7634164690971,0,8.38970983028412,4248.57899394631,0,628.624895483255,2.47947406768799,997.928437739611,0,3.47008949518204,8.41992419958115,732.607563406229,0,1.96626669168472,0,2.86298036575317,0,280.687549352646,511.705514371395,765.883477985859,0,1.099045753479,0.921195030212402,0.558233737945557,0,533.611395448446,0,85.7520072460175,31.1341909766197,468.340975910425,0,4.18456310033798,0,199.825057536364,0,74.6060001850128,3.50364947319031,529.703575909138,0,14.6356357932091,0,483.277455985546,0,0,0,0,0,92.2532767653465,0,2.30922138690948,0,23.7258329689503,0,0,0,0,0,0,0,0,0,6.53966826200485,2.27479016780853,0,0,0,0,0
421.596509665251,0,26.5360303521156,0,0,0,330.169359177351,0,0,0,6.19674998521805,0,0,0,1.02028906345367,0,30.4283875226974,0,14.5331417918205,0,0,0.908907532691956,0,0,0,0,0,0,249.29239282012,0,0,0,0,8.01115763187408,156.2002851367,243.202494442463,778.964267581701,51.3550869822502,99.3364282846451,0,45.8411845862865,0,1793.04070463777,149.606375277042,1175.73181793094,38.9605193138123,3380.14926406741,25.9477921724319,7452.93917319179,8.38970983028412,0,3.7736399769783,3864.37362751365,0,1206.53984364867,0,111.509764045477,0,2090.99867618084,4.64498949050903,768.357758581638,0,36.1094928383827,0,1842.45982420444,0,1165.32334083319,403.357324719429,5.45549237728119,0,35.6499446332455,1.0852597951889,864.108332842588,0,64.666013866663,0,817.364137679338,20.1375125050545,54.8488779962063,0,958.149834394455,0,79.6821346879005,0,4389.73231315613,0,97.8135322630405,0,2565.3437589705,0,146.940674871206,0,0,0,79.7617152631283,0,14.9215687215328,0,14.3863298892975,0,0,0,0,0,0,0,0,0,0,3.58354240655899,3.89914083480835,0,0,0,0,0
0,161.559693694115,0,11.8858096599579,0,0,0,163.121411025524,0,0,0,8.82125902175903,0,8.97040319442749,0,0,0,14.2959753572941,0,3.14980661869049,0,0,0,0,0,0,0,0.744149744510651,0,92.9640955328941,0,2.25372904539108,0.822958827018738,11.8887898921967,79.0106025934219,55.8844214081764,46.0740149617195,402.430841088295,0,153.620498329401,0,119.870359838009,117.582762926817,895.750821173191,17.3042333126068,847.478892475367,5.20425140857697,667.473369061947,8.44583594799042,4248.57899394631,3.7736399769783,0,0,4608.5991230011,0,1794.66418486834,0,143.616469919682,2.64592266082764,1949.45705488324,0,51.1686301827431,0,82.1937001049519,0,1537.66319653392,102.19039863348,1146.27303248644,0,6.35912400484085,1.90079033374786,41.3516051769257,0,595.344739824533,0,105.990483283997,12.5692287683487,554.372284352779,0,73.7078636884689,0,624.810221046209,0,284.829210311174,1.48326182365417,4434.73980292678,0,40.624133259058,0,2323.00329181552,0,0.469774127006531,0,0,0,100.243750572205,0,0.938614785671234,0,36.1261101365089,0,0,0,0,0,0,0,0,0,3.55557543039322,0,0,0,0,0,0
91.5699260234833,0,0,0,0,0,70.1901414692402,0,0,0,3.76991355419159,0,1.46920871734619,0,0,0,2.1653995513916,0,0,0,0,0,0,0,0,0,0,0,35.1533726155758,0,0,0,0,0,11.2841955423355,9.74863481521606,96.9732061326504,0,20.0810581445694,0,7.81031167507172,0,461.000351279974,11.9614030122757,153.877509981394,0,2763.40023496747,0,387.549382835627,0,3864.37362751365,0,0,0,1924.87957507372,0,24.5637333989143,0,22.9817406237125,0,8.28601461648941,0,5.02563285827637,0,53.7820471823215,0,83.3317529559135,38.7095868587494,0,0,1.30600023269653,0,135.015174329281,0,8.43288892507553,0,71.5560254752636,0.766116976737976,3.01183861494064,0,65.1554530858994,0,5.43211913108826,0,245.893010139465,0,14.6053667366505,0,944.014309763908,0,58.1988806724548,0,0,0,5.91025227308273,0,0.535346269607544,0,11.2782459259033,0,0,0,0,0,0,0,0,0,0,0,0,0,0,0,0,0
0,0,0,0,0,0,0,0,0,0,0,0,0,0,0,0,0,0,0,0,0,0,0,0,0,0,0,0,0,20.3713219761848,0,0,0,0,12.9567104578018,3.50741624832153,5.40601825714111,111.153702735901,0,41.9886620342731,0,39.1469044089317,23.8709554672241,1235.76677769423,0,180.598866164684,1.27789223194122,1584.33806347847,0,628.624895483255,0,4608.5991230011,0,0,0,2316.25652244687,0,0,0,23.6430665254593,0,0,0,0,0,0.843354880809784,0.863281309604645,33.8505218327045,0,0,0,0,0,102.017820745707,0,13.2047166526318,1.28810727596283,66.4568635225296,0,0,0,20.4051415324211,0,10.6653255820274,0,434.099211513996,0,8.8261653482914,0,1217.9708545804,0,5.73562741279602,0,0,0,7.51119381189346,0,1.08409214019775,0,122.245115727186,0,0,0,0,0,0,0,0,0,0,0,0,0,0,0,0
81.1115223169327,0,0,0,3.27311670780182,0,45.2465536892414,0,0,0,9.43795788288116,0,2.63013190031052,0,3.02924156188965,0,4.23886200785637,0,0,0,0.712766170501709,0,0.434859573841095,0,0,0,0.676954329013824,0,62.6787736415863,0,0,0,0,0,36.9645185470581,23.1752349734306,770.834706932306,3.72326242923737,1601.79416692257,0,135.228439390659,0,400.711161762476,20.6530799269676,176.472070991993,7.51829040050507,3113.4848151207,1.35902428627014,343.526895552874,2.47947406768799,1206.53984364867,0,1924.87957507372,0,0,0,18.4418763816357,0,27.4234500229359,0,10.5686168670654,0,8.73157203197479,0,30.4652179479599,0,178.189156681299,70.5603877305984,0,0,4.96643257141113,0,121.947375863791,0,11.9363508224487,0,105.539171397686,22.1360015273094,4.33469009399414,0,71.2739741206169,0,147.609400063753,0,100.164425671101,0,810.70478540659,0,3875.93094810843,0,142.494238227606,0,0,0,1.10508793592453,0,0.755317568778992,0,118.848645597696,0,0,0,0,0,0,0,0,0,0,0.498190701007843,0,0,0,0,0,0
0,17.1466429829597,0,0,0,6.38819846510887,0,15.1743824481964,0,3.27202719449997,0,1.4224396944046,0,0,0,3.82571762800217,0,0,0,0,0,1.11830103397369,0,0.486939191818237,0,0,0,5.09794044494629,0,24.7919464111328,0,0,0,1.85531848669052,27.207217246294,20.9100798368454,13.7436966001987,1364.39309594035,4.51948875188828,1577.03673407435,0,634.97748875618,37.784932076931,315.319966942072,5.02792075276375,456.725724339485,3.13786947727203,2611.12757572532,0,997.928437739611,0,1794.66418486834,0,2316.25652244687,0,0,0,12.3903570175171,3.41334426403046,117.671106427908,0,2.14819496870041,0,5.70348340272903,0,49.4913754463196,28.9566034674644,174.103468447924,0,0,0,8.18541902303696,0,159.907897412777,0,22.4750121831894,10.9465809464455,164.800455093384,0,1.30222648382187,0,44.361359834671,0,262.093704819679,0,667.257374286652,0,789.910916060209,0,2344.0117918849,0,3.65482586622238,0,0,0,8.08293771743774,0,8.72404503822327,0,176.790114760399,0,0,0,0,0,0,0,0,0,2.59535598754883,0,0,0,0,0,0
10200.7394035161,71.5255310833454,263.180279880762,13.2117704451084,0.583672881126404,0,565.334992140532,8.19465616345406,0,0,297.462023079395,0,100.500524163246,0,0,0,2164.68977102637,1.26023918390274,247.792329996824,83.3846705853939,0,0,2.82147693634033,0,0,0,0,0,944.777312666178,2.06048500537872,0,0,31.0185974240303,92.1866194009781,4.18524259328842,6.58608663082123,218.057624965906,1.90222197771072,99.2759479880333,0,3.52148443460464,0,0.50242006778717,0.722735464572906,1.30975067615509,0,9.10481244325638,4.08106940984726,0.452560424804688,0,111.509764045477,0,24.5637333989143,0,18.4418763816357,0,0,51.7662764191628,2334.91129302979,17.531636595726,4539.4082840085,0,2647.50681191683,0.703195750713348,520.495297670364,0,625.858725517988,127.368751853704,2130.26885122061,78.9684658646584,950.462849974632,63.9999340176582,1169.95338317752,11.9491188526154,328.283421516418,3.70567113161087,1665.67691242695,136.694260150194,213.823162972927,0,492.869308561087,0,73.0550572872162,0,295.495171189308,0,6.80596739053726,0,453.162366181612,0,0,0,0,0,113.038535565138,1.15164029598236,14.2265169024467,0,0,0,0,0,0,0,0.739945888519287,0,0,0,8.06486827135086,15.7755102515221,0,0,0,0,0,1.04325342178345
10.2950398027897,11530.7173504233,0,306.200359463692,0,0,0,542.077125757933,0,3.9508670270443,0,364.571549803019,0,116.839314520359,0,17.1483369469643,5.68103444576263,3498.55346828699,16.0387144684792,838.958081781864,0,0,0,18.3125115036964,0,0,0,0,16.6397577524185,395.215823352337,6.78442865610123,10.8292542099953,44.7022280693054,280.340494215488,12.6422756910324,2.20965510606766,8.64945638179779,202.680131554604,0,155.392739057541,0,2.12886726856232,0,0,0,3.00444185733795,2.08386564254761,14.8817673623562,0,3.47008949518204,0,143.616469919682,0,0,0,12.3903570175171,51.7662764191628,0,28.8760603666306,2317.16926690936,16.0503083467484,2497.44507780671,2.99074447154999,4793.13444054127,0,1128.99543517828,273.027200609446,768.445064425468,42.8182418048382,2812.70220050216,158.658036828041,1006.87098026276,40.9627628326416,1826.20754808187,6.40750956535339,443.803261876106,438.37319162488,2015.11930775642,6.84371429681778,165.447394698858,5.5482851266861,199.037558555603,0,4.93335685133934,0,285.349454283714,0,0,0,172.128789514303,0,0,0,0,0,112.261518985033,0,0.826113283634186,0,1.34261524677277,0,0,0,0,0,2.45886725187302,0,0,0,5.13327243924141,0,0,0,0,0,0
407.998849719763,3.02225264906883,197.372759789228,0,0,0,83.5870459079742,0,0,0,51.1977519989014,0,6.08663725852966,0,0.674069166183472,0,194.357303053141,1.15836274623871,226.548856377602,0,0,0,2.96124345064163,0,0,0,0,0,456.285059630871,1.47413599491119,1.38453936576843,1.05030238628387,21.8951255977154,56.5200586616993,61.1141811907291,111.892861902714,232.822109162807,69.7824405431747,93.47131934762,1.25721704959869,4.07202035188675,0,88.718976765871,83.8200472593307,239.671447396278,5.30216419696808,60.0194714963436,18.7924636602402,807.925837486982,8.41992419958115,2090.99867618084,2.64592266082764,22.9817406237125,0,27.4234500229359,3.41334426403046,2334.91129302979,28.8760603666306,0,17.197659522295,6453.45397058129,0,358.884972214699,0.529685914516449,1156.89084234834,3.18805968761444,3645.79904618859,462.149718672037,355.271022260189,21.0545269846916,113.652338564396,28.4740357995033,477.878642141819,12.3260358572006,68.8727804124355,0,686.890252441168,109.028012990952,116.678600251675,1.18647968769073,405.613313853741,1.34993374347687,24.9845044314861,0,108.725082039833,0,2.18473690748215,0,89.4520206749439,0,0,0,0,0,64.7914735376835,0,12.6477541923523,0,0,0,0,0,0,0,0,0,0,0,2.0111203789711,2.87075024843216,0,0,0,0,0,0
1.43474054336548,284.842439979315,0,63.7716189622879,0,0,0,74.2899709939957,0,0,0,20.4464432895184,0,11.6730713844299,0,0,1.4062072634697,106.400477945805,1.01200592517853,186.301309645176,0,0,0,5.54157200455666,0,0,0,0,7.19195237755775,91.6559381484985,0,1.1089146733284,17.4103829562664,53.88031488657,143.027870684862,73.8799860477448,61.9732294678688,191.684444606304,0,83.9532135128975,0,14.0370172262192,103.673154652119,116.138167798519,31.8841365873814,257.233981609344,17.9678794741631,59.9902201294899,18.3528777956963,732.607563406229,4.64498949050903,1949.45705488324,0,23.6430665254593,0,117.671106427908,17.531636595726,2317.16926690936,17.197659522295,0,20.2843478918076,2049.45616921782,1.19427359104156,733.23881855607,0.785431861877441,2917.90115255117,387.849687904119,2904.11146837473,6.94660502672195,103.426033735275,34.2427565157413,123.817601501942,20.313074529171,386.432703346014,1.91558682918549,84.2849961221218,172.161700427532,649.302349597216,2.92164278030396,98.5611561536789,11.3781534433365,257.638029068708,0,45.0271701216698,7.51146030426025,245.530844390392,0,4.14109742641449,0,134.470675498247,0,0,0,0,0,59.5141269862652,0,0,0,0,0,0,0,0,0,0,0,0,0,1.31280106306076,0,0,0,0,0,0
1101.6102308929,1.37228909134865,61.9428171217442,0,0,0,204.372786343098,0,0.712078094482422,0,140.931623220444,0,28.3599403500557,0,0,0,907.710501551628,0,27.5778257548809,0,0,0,0,0,0,0,0,0,191.919256478548,1.13334608078003,0,0,2.84346795082092,11.3989889621735,19.2494498193264,14.2909680008888,79.5457631647587,30.7383189797401,16.8764753341675,0,2.69184994697571,0,2.63446980714798,12.8775104284286,7.8861608505249,0,9.81709554791451,0.915812253952026,69.6492249965668,0,768.357758581638,0,8.28601461648941,0,10.5686168670654,0,4539.4082840085,16.0503083467484,6453.45397058129,20.2843478918076,0,0,3885.33344790339,0,3546.40379932523,0,784.195525079966,109.614096462727,63.7881292402744,13.5694344043732,126.170878499746,14.1721935272217,214.368801027536,2.90890896320343,28.3675667047501,0,321.218869864941,63.4817065596581,85.0680959820747,0,679.118385225534,0.820885181427002,72.4051510095596,0,618.515532582998,0,22.7967466115952,0,284.022172451019,0,0,0,0,0,22.1210850775242,0,4.48517769575119,0,0,0,0,0,0,0,0,0,0,0,0,1.46919584274292,0,0,0,0,0,0
0,1161.6466242671,0,72.1432562470436,0,0,0,569.230386346579,0,0,0,546.595258593559,0,382.773472428322,0,7.19908356666565,0,336.44425162673,0,27.281543135643,0,0,0,1.16402494907379,0,0,0,0,0,78.9881134033203,1.03769898414612,0.794231951236725,0,3.18226337432861,16.1482759714127,9.92003244161606,5.87874794006348,20.6489877700806,0,3.85995942354202,0,0,2.57729548215866,1.49126744270325,1.21896457672119,1.08570754528046,1.63161683082581,1.43674468994141,0,1.96626669168472,0,51.1686301827431,0,0,0,2.14819496870041,0,2497.44507780671,0,2049.45616921782,0,0,0,3138.12724873424,0,2152.64343756437,8.44452267885208,160.542051494122,0,3.9605627655983,21.365453183651,139.340294152498,1.59790015220642,131.224082112312,0,23.9043351411819,19.740284383297,80.6646861732006,0,28.3160604834557,0,127.830473601818,0,10.6823778152466,0,243.591678708792,0,0,0,101.862387180328,0,0,0,0,0,8.20991533994675,0,0,0,0,0,0,0,0,0,0,0,0,0,1.29981756210327,0,0,0,0,0,0
81.441929936409,0,12.6231944561005,0,0,0,3.84684574604034,0,0,0,84.5587621331215,0,25.7262977957726,0,0,0,706.7261942029,0,7.75003981590271,0,0,0,0,0,0,0,0,0,177.962792545557,0,0,0,0.8863126039505,9.56648683547974,12.8647806048393,1.78866708278656,21.0824117064476,3.90520626306534,2.24317932128906,0,3.39287376403809,0,1.73530194163322,0,3.18983906507492,0,5.12818264961243,0,2.90711650252342,0,36.1094928383827,0,5.02563285827637,0,8.73157203197479,0,2647.50681191683,2.99074447154999,358.884972214699,1.19427359104156,3885.33344790339,0,0,0,549.104704797268,0,215.847699552774,20.6207071840763,23.8511271774769,4.98047685623169,50.7837136387825,10.3462453484535,57.1955405473709,1.36546981334686,10.9181211590767,0,131.434886366129,17.198809325695,145.585558176041,0,2415.79532405734,1.24945282936096,44.5182186365128,0,384.565758854151,0,22.4670135378838,0,219.046074390411,0,0,0,0,0,1.56910085678101,0,1.31273317337036,0,0,0,0,0,0,0,0,0,0,0,0,0,0,0,0,0,0,1.41170835494995
0,593.052339553833,0,117.194508910179,0,0,0,318.103571951389,0,5.61449390649796,0,1018.30651777983,0,772.0767608881,0,65.9759151935577,0,3170.77522626519,0,48.6641038954258,0,0,0,5.99975579977036,0,0,0,0,0.872673571109772,612.371446251869,3.85883259773254,13.2680231332779,1.90314674377441,14.3013144731522,28.4678165316582,15.9058561325073,15.0603291392326,24.4181478321552,0,1.5767275094986,0,10.7647916078568,1.51400983333588,1.21512138843536,1.47461023926735,0.65984696149826,3.69656574726105,2.07199054956436,0,2.86298036575317,0,82.1937001049519,0,0,0,5.70348340272903,0.703195750713348,4793.13444054127,0.529685914516449,733.23881855607,0,3138.12724873424,0,0,0,1548.37392154336,23.3040312230587,258.751001209021,0,7.41783946752548,14.6959799528122,289.194890528917,2.27032536268234,486.741998314857,1.43482041358948,17.3653280735016,49.6145620942116,144.619267761707,0.728197336196899,133.61917167902,1.21418404579163,2181.08058023453,0,66.8545658886433,0,979.977629005909,0,1.71549391746521,0,182.500318795443,0,0,0,0,0,2.32167547941208,0,0,0,0,0,0,0,0,0,0,0,0,0,0,0,0,0,0,0,0
1354.03357884288,0,47.1116256415844,0,0,0,628.393081575632,0,0,0,84.9948193132877,0,18.2265578508377,0,0.857928216457367,0,144.811778366566,0,11.4032298326492,0,0,0,0,0,0,0,0,0,89.7012086510658,0,0.554641246795654,0,0.980538606643677,3.53354680538177,5.33356195688248,4.0619920194149,37.290638178587,5.8496453166008,10.9456074237823,0,4.2737335562706,0,1.71983405947685,7.54892420768738,11.6929723620415,0,3.84264773130417,0.75479131937027,19.7174789011478,0,1842.45982420444,0,53.7820471823215,0,30.4652179479599,0,520.495297670364,0,1156.89084234834,0.785431861877441,3546.40379932523,0,549.104704797268,0,0,0,237.770727097988,11.6838150918484,11.5873157083988,0,62.5763964056969,0.559282839298248,120.827226340771,0,18.5885148048401,0,96.3004415929317,10.0465526580811,18.2219689488411,0,1267.08796033263,0,40.1203619837761,0,4610.84168550372,0,46.3341274559498,0,1098.50099658966,0,0,0,0,0,8.13964700698853,0,0.68206113576889,0,0,0,0,0,0,0,0,0,0,0,0,0.948532074689865,0,0,0,0,0,0
0,1003.15003508329,0,85.7435840964317,0,0,0,855.42138427496,0,0,0,175.336133658886,0,152.148981273174,0,0,0,74.79416847229,0,56.973261654377,0,0,0,0,0,0,0,0,0,80.1270446181297,1.34431052207947,3.08223384618759,0,14.5403775572777,26.7733345627785,10.4778479933739,22.230976164341,160.761020988226,0,27.445986032486,0,27.0857056379318,3.75473856925964,1.58087754249573,3.75455233454704,6.73325556516647,0,19.979100048542,1.83861255645752,280.687549352646,0,1537.66319653392,0,0.843354880809784,0,49.4913754463196,0,1128.99543517828,3.18805968761444,2917.90115255117,0,2152.64343756437,0,1548.37392154336,0,0,34.8817987143993,947.720285624266,0,13.7462346553802,24.7759328782558,192.415659070015,1.11814916133881,414.923629820347,0,74.2061374187469,25.8928504884243,402.326790571213,0,141.406387478113,0,1113.79565650225,0,132.980028361082,0,3603.31921899319,0,8.31855261325836,0,899.039238423109,0,0,0,0,0,55.5557886064053,0,0,0,0,0,0,0,0,0,0,0,1.2942818403244,0,5.88961309194565,0,0,0,0,0,0
190.123741239309,173.005547225475,207.332136154175,13.901328086853,2.49055576324463,0,44.8102626204491,2.97842615842819,0,0,39.1759558320045,0,15.5969431102276,0,0.658752262592316,0,136.441676288843,9.92804554104805,1916.44931587577,243.772146344185,21.5451023876667,1.22052308917046,625.894190609455,0,6.83565258979797,0,7.53952100872993,0,403.409558057785,20.0450597405434,1154.04453575611,29.8827027082443,4140.24610584974,821.158630788326,3469.28434118629,617.993798881769,778.66233175993,549.191579818726,685.201749593019,75.2019167244434,37.8409779667854,7.07287979125977,3017.01493605971,745.116766303778,2039.81669211388,787.471502512693,1696.37328907847,266.602444112301,1006.37307682633,511.705514371395,1165.32334083319,102.19039863348,83.3317529559135,0.863281309604645,178.189156681299,28.9566034674644,625.858725517988,273.027200609446,3645.79904618859,387.849687904119,784.195525079966,8.44452267885208,215.847699552774,23.3040312230587,237.770727097988,34.8817987143993,0,3792.1483797431,1763.29332721233,520.33958363533,511.805382609367,220.695420384407,759.957746565342,157.159369826317,120.586451202631,25.4325179457664,1598.21904063225,770.608814299107,105.009115934372,15.2169929146767,629.336484074593,19.5440790057182,30.5664731860161,0,135.94463711977,5.95777589082718,25.2475577294827,0,179.402912348509,4.90949493646622,13.6960552334785,0,0,0,114.097299516201,4.04207897186279,27.0427466332912,0,7.79208332300186,0.680025935173035,0,0,0,0,0,0,0,0,1.40987324714661,10.4184046983719,7.40523397922516,0,0,0,0,0
29.3249346911907,124.990691393614,3.39554607868195,84.1240590214729,0,2.3427329659462,0,34.2547895014286,0,0,0.664225935935974,11.1118360757828,0,7.51555627584457,0,3.00928550958633,7.52423965930939,47.6593810915947,68.461074411869,959.573434054852,0,5.78047308325768,0,384.292486846447,0,14.9905577898026,0.70086407661438,4.28492474555969,79.9475283622742,79.7149740755558,17.3245704770088,839.298073530197,133.273668766022,4498.40003490448,689.902925878763,2186.33996775746,748.658723413944,668.79306152463,62.5775721073151,852.833654046059,3.68348658084869,68.9629458487034,897.195668131113,3168.11974224448,938.745596349239,1818.5274451673,325.35624808073,1428.65083521605,657.97119218111,765.883477985859,403.357324719429,1146.27303248644,38.7095868587494,33.8505218327045,70.5603877305984,174.103468447924,127.368751853704,768.445064425468,462.149718672037,2904.11146837473,109.614096462727,160.542051494122,20.6207071840763,258.751001209021,11.6838150918484,947.720285624266,3792.1483797431,0,218.432928621769,637.966430604458,224.395460695028,233.550681650639,254.790187835693,514.263438344002,41.9246098101139,130.91671231389,1012.9585558176,1134.12078136206,23.2503842711449,93.3022536933422,85.0196905434132,388.563004404306,0,116.400556832552,19.6596595644951,388.40263196826,0.835101187229156,18.523790448904,30.4109466671944,181.960578352213,2.20138335227966,0,0,0,3.05057924985886,117.567364662886,0,3.5389689207077,0,10.6158868968487,0,0,0,0,0,0.61365133523941,1.12587666511536,0,1.5715423822403,3.95662331581116,2.27319002151489,0,0,0,0,0
1362.63282769918,480.708441764116,116.836821109056,41.7111929059029,0,0,26.8360248208046,30.6854009628296,0,0,63.3678714036942,1.58849734067917,35.1505356132984,0,0,0,74.372143894434,4.98732697963715,2055.20809522271,729.793618261814,0,0,21.2362194657326,2.41140633821487,0,0,0,0,153.803332060575,2.31244599819183,12.1459791660309,7.95093965530396,568.049517601728,374.262697845697,0.983079373836517,6.73853212594986,197.386543571949,1.37127363681793,71.5587872862816,0,3.1743683218956,0,0,1.17680394649506,0,0,1.26591396331787,9.28238928318024,0,0,5.45549237728119,0,0,0,0,0,2130.26885122061,42.8182418048382,355.271022260189,6.94660502672195,63.7881292402744,0,23.8511271774769,0,11.5873157083988,0,1763.29332721233,218.432928621769,0,556.124999701977,851.398009955883,63.2985010743141,558.942698955536,20.3145028352737,309.633550971746,6.22753649950027,1603.98296871781,167.357511103153,11.7012475728989,0,8.7281237244606,0,9.85244458913803,0,0,0,0,0,1.25182700157166,0,0,0,0,0,83.0132079422474,0.6375532746315,12.0822837948799,0,0,0,0,0,0,0,0,0,0.93466579914093,0,19.6099057197571,11.4536585509777,0,0,0,0,0,1.00637626647949
155.321070283651,1726.3459919095,5.97033077478409,51.5366761088371,0,0,1.64983439445496,12.9792845249176,0,0,2.44693231582642,12.3541635274887,0,11.4867886304855,0,0.432115197181702,2.0096822977066,33.3773552775383,178.120191693306,3762.42555272579,0,0,0,53.8138725757599,0,0,0,0,17.1208223104477,6.25060617923737,7.25944918394089,23.1356795430183,151.612810075283,1194.03548306227,5.7396844625473,0,2.55034375190735,62.8524600863457,0,36.6616861820221,0,0.629809617996216,0.857405424118042,0,0,0,1.22144055366516,2.31275588274002,0,1.099045753479,0,6.35912400484085,0,0,0,0,78.9684658646584,2812.70220050216,21.0545269846916,103.426033735275,13.5694344043732,3.9605627655983,4.98047685623169,7.41783946752548,0,13.7462346553802,520.33958363533,637.966430604458,556.124999701977,0,209.562287330627,564.499376773834,62.0436267852783,199.727504491806,24.8050171732903,76.8257824480534,254.794666349888,759.756767213345,0.735459804534912,0.968091070652008,1.06385362148285,3.87807238101959,0,0,0,3.25895059108734,0,0,0,0,0,0,0,0,0,29.431262999773,0,0,0,0,0,0,0,0,0,0,0,0,0,3.82989913225174,0,0,0,0,0,0
3342.07217487693,341.53621929884,2380.02713814378,706.765152096748,1008.04302716255,217.221596747637,2770.16425469518,723.078728526831,1083.40382167697,95.0807792246342,850.456184417009,130.11231559515,1879.02562442422,118.976401239634,1576.06552889943,93.3517674207687,340.356547474861,32.0502665042877,1510.18264892697,974.354366540909,746.725860714912,41.3972246646881,2294.58657306433,1512.50575202703,437.682614117861,235.966822236776,713.468247056007,272.407903760672,1068.70604735613,33.9584070444107,1362.55163350701,425.257767468691,400.90779876709,306.070401906967,118.89695841074,14.222925722599,599.147208482027,33.759561419487,116.960659056902,15.6673845648766,456.497851878405,43.1893590688705,7.0891829431057,1.81110000610352,2.42291295528412,0,56.0074607431889,8.97349935770035,0.969077706336975,0.921195030212402,35.6499446332455,1.90079033374786,1.30600023269653,0,4.96643257141113,0,950.462849974632,158.658036828041,113.652338564396,34.2427565157413,126.170878499746,21.365453183651,50.7837136387825,14.6959799528122,62.5763964056969,24.7759328782558,511.805382609367,224.395460695028,851.398009955883,209.562287330627,0,973.597271084785,7783.92796748877,310.041267842054,3347.84456691146,115.239669889212,7982.27535203099,542.101784527302,11.9415129721165,1.41055572032928,53.9538818597794,4.96348297595978,194.720586657524,5.47326803207397,31.2479248046875,15.278544485569,24.2008579969406,1.66440379619598,65.5242494046688,4.18228840827942,13.4346689879894,19.3213607668877,1.38640940189362,0.435602754354477,315.828359365463,39.7130693793297,41.4033189117908,4.24491238594055,13.1631580889225,3.86687064170837,6.41613063216209,4.67206346988678,6.86039179563522,9.09010124206543,50.995364844799,18.6415795981884,15.5442039966583,10.8642299771309,106.457528680563,42.2064702212811,10.023553609848,3.96555721759796,0.85995876789093,1.82921481132507,0.975782454013824,23.8383255004883
162.937313497066,3386.81716310978,485.875080943108,2401.13300901651,187.90078613162,1295.95517909527,237.86994934082,3807.36529371142,98.6983062028885,1213.80125439167,59.0778955817223,785.884693652391,103.728535950184,1294.09140947461,95.5236557722092,1242.71733313799,16.4714912772179,383.344412177801,567.126904010773,983.436963826418,51.7811391949654,507.803981781006,1064.04079961777,2409.66818642616,144.912928253412,396.088780075312,256.228476524353,1066.22392883897,100.689242631197,362.821707397699,367.285174310207,929.546468317509,130.066988348961,383.963332861662,8.15752050280571,37.7083726227283,34.0076988339424,465.304063469172,21.1211161017418,123.341465175152,37.1611033678055,261.786854594946,0.420701235532761,2.26993185281754,0.683555245399475,1.19454222917557,3.58063334226608,19.3829153776169,0,0.558233737945557,1.0852597951889,41.3516051769257,0,0,0,8.18541902303696,63.9999340176582,1006.87098026276,28.4740357995033,123.817601501942,14.1721935272217,139.340294152498,10.3462453484535,289.194890528917,0.559282839298248,192.415659070015,220.695420384407,233.550681650639,63.2985010743141,564.499376773834,973.597271084785,0,262.355774611235,6093.58399558067,56.2687160372734,4232.75043925643,288.827118515968,9936.69797861576,2.55344140529633,33.0864542126656,7.803835272789,186.935133218765,8.49082908034325,72.870633482933,1.74891710281372,227.883627742529,2.50590705871582,13.2028250694275,3.97239792346954,179.90147075057,21.7214825749397,55.5883781611919,0.856433868408203,10.9810954332352,37.5977929830551,342.867407798767,43.234076499939,12.0696066021919,15.7530787587166,22.091190636158,4.91244828701019,12.0790656507015,3.24865752458572,34.909465610981,27.0961041748524,81.5244367718697,13.845858424902,30.1256376802921,90.4519031047821,39.9458512663841,12.6012128591537,7.03062510490417,1.00762328505516,0,4.57099321484566,9.16707766056061
1482.7714433074,97.0720843076706,1352.1566400528,188.770071715117,696.32093423605,33.7680822014809,662.187708646059,129.763684123755,928.326946914196,10.3989186286926,269.271634787321,15.1774104833603,1377.32481369376,20.6055894494057,2251.7875880301,4.42962837219238,327.486335277557,2.04857754707336,722.356796830893,354.23379778862,145.600183665752,6.07165968418121,966.477171361446,489.000217109919,135.223813295364,45.3019075095654,212.621369034052,41.6529850363731,2583.62597215176,10.2870139479637,201.945850878954,174.75519657135,82.7217776477337,144.021132439375,86.390689343214,94.134686589241,898.522277802229,56.8960356116295,203.644627898932,7.23361045122147,1144.79373759031,25.4055656194687,387.639998346567,12.0576564371586,210.450979024172,0,486.968617737293,6.2825870513916,381.709875553846,0,864.108332842588,0,135.015174329281,0,121.947375863791,0,1169.95338317752,40.9627628326416,477.878642141819,20.313074529171,214.368801027536,1.59790015220642,57.1955405473709,2.27032536268234,120.827226340771,1.11814916133881,759.957746565342,254.790187835693,558.942698955536,62.0436267852783,7783.92796748877,262.355774611235,0,100.07187885046,2643.29075717926,55.0347084999084,3771.12637746334,163.508953928947,48.5668787360191,1.54869556427002,361.932227879763,0,503.987493574619,0.669951856136322,236.32048612833,0,215.343822181225,1.58074271678925,345.942345499992,0,67.264033973217,28.4072005748749,11.8072525858879,6.78154969215393,339.482480227947,22.7829194068909,67.3223076164722,7.81509360671043,25.7471671402454,9.59605866670609,3.73501062393188,1.48275595903397,12.7329592108727,15.52729845047,40.9573746621609,20.7318182885647,18.0803603827953,5.50503718852997,69.5077368021011,48.6138305962086,5.85274291038513,1.34920412302017,0.47145664691925,0,1.10962826013565,12.8793446421623
58.0806841254234,2573.22057282925,166.387044966221,1536.46731516719,21.6970785856247,1072.17430481315,79.7145463228226,941.072301894426,11.4147661328316,1297.16634863615,16.3953654766083,726.711000740528,18.930951833725,977.600156128407,8.89877945184708,3119.52972209454,3.06730371713638,1040.96697866917,338.141179293394,678.980416715145,2.75005003809929,128.80908960104,378.113589286804,1007.09459236264,13.5681442320347,122.333854705095,23.667513102293,462.582662701607,24.3205804228783,4156.67775806785,73.6639551222324,219.097409427166,43.4605072140694,122.839940339327,41.4528241753578,47.7897309064865,27.7719189524651,497.254070699215,6.57664602994919,77.540617287159,5.31320577859879,1287.46689355373,28.0555291771889,271.939184099436,4.88725405931473,258.006466835737,5.82826381921768,379.970140486956,1.30279266834259,533.611395448446,0,595.344739824533,0,102.017820745707,0,159.907897412777,11.9491188526154,1826.20754808187,12.3260358572006,386.432703346014,2.90890896320343,131.224082112312,1.36546981334686,486.741998314857,0,414.923629820347,157.159369826317,514.263438344002,20.3145028352737,199.727504491806,310.041267842054,6093.58399558067,100.07187885046,0,17.0378787517548,1238.31973439455,132.294669806957,1379.0454005003,0,331.254460692406,1.50761616230011,970.982874333858,2.78620111942291,790.57817453146,0,486.530482411385,0,196.187159001827,0,276.405440449715,9.10099399089813,26.5357376933098,0.994851052761078,4.00453045964241,13.1822779476643,138.449289023876,22.7408022880554,7.47656047344208,14.2258298993111,42.6111815869808,0,3.6990579366684,4.60146808624268,17.9218792617321,8.92868375778198,22.1186750531197,3.74758070707321,5.87078511714935,25.8647301793098,5.70070195198059,4.54669868946075,5.25138747692108,0.66635000705719,0,1.67813193798065,2.79819482564926
574.749328672886,23.4535326361656,336.41268107295,26.555675804615,26.8419915139675,0.554387092590332,102.687381893396,14.3527880907059,60.2568998932838,0,39.9590275287628,0,148.127442598343,0,155.136231690645,0,46.6924257278442,1.47782421112061,271.058413386345,92.2180907726288,21.7434958219528,4.8414221405983,122.189933925867,30.5034673810005,4.56001353263855,0,23.1014348566532,13.0363169908524,134.90358453989,0,32.6200160384178,25.1967415809631,17.3558731079102,27.0427494645119,11.6216253340244,10.1630839705467,1067.76814445853,24.6246346831322,166.139253556728,4.84307643771172,432.768800288439,7.29293966293335,8.36649256944656,0,16.4488925635815,0,20.23060131073,2.85823410749435,27.0136515796185,0,64.666013866663,0,8.43288892507553,0,11.9363508224487,0,328.283421516418,6.40750956535339,68.8727804124355,1.91558682918549,28.3675667047501,0,10.9181211590767,1.43482041358948,18.5885148048401,0,120.586451202631,41.9246098101139,309.633550971746,24.8050171732903,3347.84456691146,56.2687160372734,2643.29075717926,17.0378787517548,0,32.6538839638233,1578.98161801696,89.6247149407864,1.13196015357971,0,12.4355817437172,0,13.0534517168999,1.41471409797668,13.8194011449814,0,9.47820335626602,0,37.8077086508274,0,62.3083056211472,168.583361536264,25.5799521803856,38.9148128926754,331.088202208281,65.759197562933,63.1041090190411,28.6996099352837,45.6434753239155,47.8470515608788,18.5282756388187,25.0078630447388,27.3474133312702,54.4445956647396,80.9900942742825,50.3695806264877,31.1890397965908,30.0087008178234,113.234028726816,58.6506027281284,30.2740678191185,5.14187887310982,3.85983210802078,0.550673186779022,2.00601813197136,20.2746664583683
14.3290485739708,854.589352697134,29.8860700726509,421.259474724531,1.27422952651978,52.0846711099148,17.096640586853,224.363909810781,1.47643303871155,139.64882054925,1.76661932468414,39.1364486217499,2.83007824420929,122.578961759806,0,215.704780727625,0,50.3003830313683,92.6226336658001,301.149787247181,2.74490833282471,9.12336820363998,48.5377420783043,234.55211904645,0,6.76716083288193,5.46962797641754,14.3813365697861,5.68792420625687,53.0871943235397,30.5606496930122,31.8074356913567,14.0979858636856,29.1903222799301,10.0659816861153,7.03659528493881,34.4234738349915,487.16064324975,19.8841270804405,72.2248268723488,26.0100384950638,368.902844071388,11.1019526422024,41.0082101523876,0.684791326522827,51.7387914657593,1.80883252620697,65.3661462962627,0,85.7520072460175,0,105.990483283997,0,13.2047166526318,0,22.4750121831894,3.70567113161087,443.803261876106,0,84.2849961221218,0,23.9043351411819,0,17.3653280735016,0,74.2061374187469,25.4325179457664,130.91671231389,6.22753649950027,76.8257824480534,115.239669889212,4232.75043925643,55.0347084999084,1238.31973439455,32.6538839638233,0,56.3567026853561,1104.24861389399,1.40532147884369,4.31592762470245,0,31.0074195861816,0,22.3418084979057,0,47.852109670639,0,16.8886700868607,0,47.5431391596794,97.9641625285149,108.843032926321,17.8113954663277,31.956815123558,48.9779188334942,313.459560394287,51.7284126579762,21.8946501016617,36.8679745495319,30.6649612486362,19.9547346532345,20.9688005447388,24.2941357791424,50.9267843067646,40.016301035881,83.5083907842636,33.6895940601826,31.9958427548409,46.6334248185158,35.9132375121117,21.2021776437759,14.2068049013615,6.05191132426262,3.66924977302551,2.4281998872757,17.2449336051941
2312.18668472767,428.017169564962,1394.32405790687,120.347833126783,39.9330392181873,0,776.5521492064,120.069279670715,119.523754417896,0,310.941079586744,14.5780014395714,682.786968827248,8.31401562690735,359.549864709377,3.44154059886932,265.184878468513,39.8023633360863,1678.25576096773,647.157641738653,15.5152329802513,3.89715766906738,478.693138539791,47.4084556698799,3.10354042053223,0,24.643581867218,11.9912457466125,628.55457919836,19.9294199943542,150.559394091368,71.7652870416641,131.113073319197,260.018456399441,281.034858733416,133.966906011105,4399.30393749475,260.132256597281,313.734519988298,19.30835044384,452.480264812708,1.10776782035828,330.969843089581,115.432043433189,199.72704860568,57.3866309821606,630.347810804844,64.5706167817116,410.399479329586,31.1341909766197,817.364137679338,12.5692287683487,71.5560254752636,1.28810727596283,105.539171397686,10.9465809464455,1665.67691242695,438.37319162488,686.890252441168,172.161700427532,321.218869864941,19.740284383297,131.434886366129,49.6145620942116,96.3004415929317,25.8928504884243,1598.21904063225,1012.9585558176,1603.98296871781,254.794666349888,7982.27535203099,288.827118515968,3771.12637746334,132.294669806957,1578.98161801696,56.3567026853561,0,764.719951212406,29.7614567279816,17.9157162308693,198.768311709166,30.7118645906448,134.221986293793,6.6595561504364,157.739990472794,18.8689710795879,204.526912987232,0,259.889112234116,5.85186889767647,84.6389828622341,61.1277112960815,31.3745218515396,17.0943816304207,858.127968192101,117.078064858913,402.398859143257,8.16722786426544,23.1427486240864,13.612180352211,12.588633865118,12.3405463695526,47.4225316047668,37.5678913295269,244.753655999899,99.5467403829098,52.7979386746883,41.9480205774307,592.489590108395,771.041776865721,46.0829825699329,2.51079243421555,4.43098646402359,3.81655555963516,8.16870102286339,98.9887678623199
362.868792235851,3974.48509055376,132.186789602041,2010.58850544691,0,143.821463674307,108.759899258614,1672.29575002193,0,332.273585230112,26.027396440506,221.188256263733,13.03054946661,577.616859555244,0,450.218690365553,20.1841517090797,200.378017097712,750.610634535551,1863.56937628984,7.73834466934204,34.0519298315048,135.673779010773,712.701475650072,0,13.301566183567,13.6842809915543,68.0684826672077,75.820074647665,166.68399938941,146.377249956131,265.12326541543,106.096140861511,235.100517094135,105.077719271183,189.742909729481,211.849714577198,4566.94894292951,74.5895215272903,234.329783588648,4.91481748223305,222.749440282583,61.1826381385326,261.522146165371,18.5143435001373,286.010021179914,65.400009572506,767.903219044209,9.85320687294006,468.340975910425,20.1375125050545,554.372284352779,0.766116976737976,66.4568635225296,22.1360015273094,164.800455093384,136.694260150194,2015.11930775642,109.028012990952,649.302349597216,63.4817065596581,80.6646861732006,17.198809325695,144.619267761707,10.0465526580811,402.326790571213,770.608814299107,1134.12078136206,167.357511103153,759.756767213345,542.101784527302,9936.69797861576,163.508953928947,1379.0454005003,89.6247149407864,1104.24861389399,764.719951212406,0,9.97962021827698,47.6985535025597,34.8035917282104,193.714616894722,4.95667791366577,107.423302292824,2.37426719069481,295.510656058788,2.85651010274887,80.1867629885674,4.33224022388458,232.619895339012,80.3512871265411,185.630285203457,19.5767599344254,90.3296045958996,175.943674862385,956.411572128534,124.693293124437,42.2606941461563,41.663648635149,43.3401935696602,28.2449788451195,36.4438737630844,24.9717396497726,105.702223032713,126.977072775364,422.561918497086,43.8870104551315,67.9654110074043,520.572830736637,1050.29199966788,49.7849167883396,13.121533960104,17.43599614501,6.70003828406334,15.3840081691742,86.3457410633564
20.604451417923,0,6.26240354776382,0,0,0,2.55406600236893,0,0,0,19.8949093222618,0,9.65574848651886,0,0,0,471.845744669437,0,4.8790739774704,0,0,0,0,0,0,0,0,0,451.65501332283,0,0,0,1.82995188236237,1.09339666366577,7.41600179672241,4.18348389863968,10.9278354644775,2.59333956241608,1.36608147621155,0,0,0,1.34232926368713,1.10298478603363,9.77762699127197,0,3.13834810256958,1.03377485275269,10.3987562358379,0,54.8488779962063,0,3.01183861494064,0,4.33469009399414,0,213.823162972927,6.84371429681778,116.678600251675,2.92164278030396,85.0680959820747,0,145.585558176041,0.728197336196899,18.2219689488411,0,105.009115934372,23.2503842711449,11.7012475728989,0.735459804534912,11.9415129721165,2.55344140529633,48.5668787360191,0,1.13196015357971,1.40532147884369,29.7614567279816,9.97962021827698,0,0,1123.09849140048,0,49.8653086423874,0,21.9439288973808,0,0.726897716522217,0,15.7166440486908,0,0,0,0,0,0,0,0,0,0,0,0,0,0,0,0,0,0,0,0,0,0,0,0,0,0,0
0,23.2990664243698,0,6.45025372505188,0,0,0,6.57024651765823,0,0,0,13.2655099630356,0,2.81402063369751,0,2.22383308410645,0,615.547154009342,0,2.49020957946777,0,0,0,2.58363687992096,0,0,0,0,0,434.788725376129,1.332359790802,0,0,0,10.9635629057884,3.05985736846924,4.63861018419266,4.02631002664566,0,1.89182484149933,0,0,0,0,0,3.50505912303925,1.91279816627502,5.43229389190674,0,4.18456310033798,0,73.7078636884689,0,0,0,1.30222648382187,0,165.447394698858,1.18647968769073,98.5611561536789,0,28.3160604834557,0,133.61917167902,0,141.406387478113,15.2169929146767,93.3022536933422,0,0.968091070652008,1.41055572032928,33.0864542126656,1.54869556427002,331.254460692406,0,4.31592762470245,17.9157162308693,47.6985535025597,0,0,0,1635.77923965454,0,214.091749161482,0,33.2830821275711,0,1.39473259449005,0,9.28696393966675,0,0,0,0,0,2.0920569896698,0,0,0,0,0,0,0,0,0,0,0,0,0,0,0,0,0,0,0,0
272.21159812808,0,8.5101158618927,0,1.839694917202,0.603790402412415,16.1043908298016,0,6.13967496156693,0,475.139550060034,0,127.146348536015,0,38.1415429711342,0,1440.67824888229,0,6.1315898001194,0,0,0,2.96747994422913,0,0,1.3677384853363,0.787956357002258,0.790117740631104,930.506293594837,1.27557051181793,4.34376633167267,1.96195328235626,1.28058403730392,7.5745245218277,68.0198024809361,42.0917201638222,118.746766865253,30.3711119294167,14.6554877758026,1.44627845287323,16.1672013998032,0,69.9776638150215,5.89573603868484,185.058146744967,0,137.392943412066,2.71628940105438,343.004129976034,0,958.149834394455,0,65.1554530858994,0,71.2739741206169,0,492.869308561087,5.5482851266861,405.613313853741,11.3781534433365,679.118385225534,0,2415.79532405734,1.21418404579163,1267.08796033263,0,629.336484074593,85.0196905434132,8.7281237244606,1.06385362148285,53.9538818597794,7.803835272789,361.932227879763,1.50761616230011,12.4355817437172,0,198.768311709166,34.8035917282104,1123.09849140048,0,0,2.79177165031433,1539.0307123065,0,5484.36454510689,0,167.131650626659,0,361.380962044001,0,10.4144412875175,0,0,0,9.58934551477432,0,0.524724423885345,0,2.94608414173126,0,0,0,0,0,0.902395069599152,0,0,0,0,2.27910155057907,0,0,0,0,0,0
0,47.6236807703972,0,32.8961045145988,0,17.756215184927,0,50.4994897246361,0,4.29444140195847,0,189.734954953194,0,163.026249885559,0,39.9671186804771,0,932.194048494101,0,16.4772853255272,0,1.84547156095505,0,11.9328356981277,0,0,0,3.55321544408798,1.75037801265717,802.479939699173,1.21523082256317,3.45499294996262,0,3.69303750991821,24.5736348927021,34.8383675813675,8.13947457075119,102.983452886343,0,5.42244464159012,0,37.0718412697315,6.50987511873245,57.2893972098827,0.371887147426605,108.004982441664,0,38.7575879991055,1.42908763885498,199.825057536364,0,624.810221046209,0,20.4051415324211,0,44.361359834671,0,199.037558555603,1.34993374347687,257.638029068708,0.820885181427002,127.830473601818,1.24945282936096,2181.08058023453,0,1113.79565650225,19.5440790057182,388.563004404306,0,3.87807238101959,4.96348297595978,186.935133218765,0,970.982874333858,0,31.0074195861816,30.7118645906448,193.714616894722,0,1635.77923965454,2.79177165031433,0,0,3335.72757348418,0,5266.59281897545,0,106.788329541683,0,208.290378838778,0,0,0,0,0,6.15356582403183,0,0,0,1.54716527462006,0,0,0,0,0,0,0,0,0,1.82950937747955,0,0,0,0,0,0
61.9859015643597,2.04005837440491,108.703248500824,8.1290043592453,157.910189300776,1.96185249090195,32.2301026582718,9.61142754554749,57.4620006084442,0,273.578129410744,0,79.1693129241467,0,210.98952665925,0,203.011914610863,0,164.118659436703,32.0154941678047,14.7523023486137,1.44849860668182,13.8226215541363,1.26990103721619,5.49848404526711,0.667275130748749,65.8357200324535,0.930520713329315,1866.14212748408,0,19.0486644506454,3.81369185447693,0,14.6493856906891,12.3418017625809,4.78245443105698,547.589436590672,0,132.577808439732,0,574.064223587513,0,13.6228095889091,0,3.40117794275284,0,77.720144122839,0,9.80783954262733,0,79.6821346879005,0,5.43211913108826,0,147.609400063753,0,73.0550572872162,0,24.9845044314861,0,72.4051510095596,0,44.5182186365128,0,40.1203619837761,0,30.5664731860161,0,9.85244458913803,0,194.720586657524,8.49082908034325,503.987493574619,2.78620111942291,13.0534517168999,0,134.221986293793,4.95667791366577,49.8653086423874,0,1539.0307123065,0,0,0,601.066387832165,0,728.652406960726,0,182.332872360945,0,2.32298171520233,0,0,0,6.81162452697754,0,0,0,2.73200586438179,0,0,0,0,0,0,0,0,0,2.40324568748474,0,0,0,0,0,0,0
0,0,0,0.708106398582458,0,245.401336461306,0,0,0.728580117225647,30.2354948818684,0,1.77771162986755,0,0,0,163.702980339527,0,22.2148433923721,0,0,0,59.8690035641193,0,3.87835115194321,0,10.823709487915,0.635342538356781,176.983580291271,0,983.437037080526,0.825323700904846,3.44647318124771,2.06207203865051,0,15.442088842392,18.2364473342896,0,530.095274955034,0,208.836252182722,0,1977.08406376839,1.85069227218628,62.5509817302227,0,36.1406171321869,0,88.049510627985,0,74.6060001850128,0,284.829210311174,0,10.6653255820274,0,262.093704819679,0,4.93335685133934,0,45.0271701216698,0,10.6823778152466,0,66.8545658886433,0,132.980028361082,0,116.400556832552,0,0,5.47326803207397,72.870633482933,0.669951856136322,790.57817453146,1.41471409797668,22.3418084979057,6.6595561504364,107.423302292824,0,214.091749161482,0,3335.72757348418,0,0,0,988.593503326178,0,1129.7352283597,0,394.489663243294,0,0,0,0,0,10.7265579104424,0,0,0,7.2582899928093,0,0,0,0,0,0,0,0,0,0,0,0,0,0,0,0
1120.52899909019,0,9.357754945755,0,12.1499222815037,0,348.455245673656,0,8.56014454364777,0,263.629675686359,0,72.9041855335236,0,27.4612443447113,0,225.901457279921,0,3.77090346813202,0,0,0,0,0,1.6682243347168,0,5.62315887212753,0,252.497076630592,0,1.28484272956848,0,1.55579698085785,0,24.7300884723663,39.9625965356827,179.977496147156,2.60033094882965,15.3563734292984,0,44.4075256288052,0,69.1570351719856,24.0921235084534,79.9510617852211,4.94336557388306,188.357781857252,0,230.275955408812,3.50364947319031,4389.73231315613,1.48326182365417,245.893010139465,0,100.164425671101,0,295.495171189308,0,108.725082039833,7.51146030426025,618.515532582998,0,384.565758854151,0,4610.84168550372,0,135.94463711977,19.6596595644951,0,0,31.2479248046875,1.74891710281372,236.32048612833,0,13.8194011449814,0,157.739990472794,2.37426719069481,21.9439288973808,0,5484.36454510689,0,601.066387832165,0,0,0,606.682056814432,0,4540.41368964314,0,4.50726562738419,0,0,0,6.26940828561783,0,1.0223993062973,0,6.27983671426773,0,0,0,0,0,0,0,0,0,0,0,0,0,0,0,0,0
0,261.028683543205,0,24.9136715531349,0,51.8438059687614,0,295.57041066885,0,6.14956140518188,0,197.093093812466,0,113.980125367641,0,34.6859568059444,0,116.135673522949,0,16.9879132509232,0,4.36926174163818,0,0.592339336872101,0,3.40819007158279,0,36.7175984978676,0,174.118707120419,0,5.88498622179031,0,11.7231202125549,29.0425740480423,34.4188550710678,8.90432959794998,451.306234627962,0,53.3504537940025,0,289.624183803797,10.2714365720749,176.037573695183,2.76602733135223,235.234566241503,0,394.893772572279,0,529.703575909138,0,4434.73980292678,0,434.099211513996,0,667.257374286652,0,285.349454283714,0,245.530844390392,0,243.591678708792,0,979.977629005909,0,3603.31921899319,5.95777589082718,388.40263196826,0,3.25895059108734,15.278544485569,227.883627742529,0,486.530482411385,0,47.852109670639,18.8689710795879,295.510656058788,0,33.2830821275711,0,5266.59281897545,0,988.593503326178,0,0,0,1000.33862969279,0,6375.4693569839,0,2.24962735176086,0,0,0,28.1767035126686,0,0.390622228384018,0,41.4946363866329,0,0,0,0,0,0,0,0,0,1.33917051553726,0,0,0,0,0,0
1.84927594661713,0,1.49485778808594,0,65.1296446621418,0.686251163482666,0,0,30.0316428542137,0,0,0,0.636565744876862,0,78.8666282594204,0,4.31287920475006,0,0,0,6.77608838677406,0,1.77264881134033,0,2.31222885847092,0,37.0228015184402,0,206.208924531937,0,3.36352980136871,1.06128060817719,0,0,6.59632840752602,11.7004253268242,1351.01411837339,0,195.783214062452,0,560.932443767786,0,28.8995512127876,0,3.31399056315422,0,280.26854121685,0,1.38708102703094,0,97.8135322630405,0,14.6053667366505,0,810.70478540659,0,6.80596739053726,0,2.18473690748215,0,22.7967466115952,0,22.4670135378838,0,46.3341274559498,0,25.2475577294827,0.835101187229156,0,0,24.2008579969406,2.50590705871582,215.343822181225,0,9.47820335626602,0,204.526912987232,2.85651010274887,0.726897716522217,0,167.131650626659,0,728.652406960726,0,606.682056814432,0,0,0,2362.06858026981,0,0,0,0,0,12.6235651373863,0,4.67584973573685,0,6.58818745613098,0,0,0,0,0,0,0,0,0,0,1.93547660112381,1.18767106533051,0,0,0,0,0
0,0,0,0,0,49.6064173579216,0,0,0,11.5981083512306,0,0,0,0,0,36.9930868446827,0,0,0,0,0,6.09860813617706,0,0.982422679662704,0,2.38896787166595,0.95466810464859,37.4051950871944,0,63.8048120141029,1.30007481575012,1.1073831319809,0,0,0,0.683381199836731,1.09297800064087,689.760564804077,0,109.367918610573,0.665485024452209,956.823679000139,0.683629989624023,25.511674195528,0,11.950952231884,0,82.0846802294254,0,14.6356357932091,0,40.624133259058,0,8.8261653482914,0,789.910916060209,0,0,0,4.14109742641449,0,0,0,1.71549391746521,0,8.31855261325836,0,18.523790448904,0,0,1.66440379619598,13.2028250694275,1.58074271678925,196.187159001827,0,16.8886700868607,0,80.1867629885674,0,1.39473259449005,0,106.788329541683,0,1129.7352283597,0,1000.33862969279,0,0,0,2398.6044459641,0,0,0,0,0,5.66719788312912,0,0,0,2.46908068656921,0,0,0,0,0,0,0,0,0,0.677052557468414,0,0,0,0,0,0
1769.36664369702,0,9.70958977937698,0,19.9999521970749,0,513.974944919348,0,11.1370481848717,0,424.146950334311,0,46.9528627097607,0,35.0329593718052,0,237.522590786219,0,0,0,8.82491755485535,0,1.40618443489075,0,1.40736997127533,0,8.45046931505203,0,223.073603719473,0,2.01533377170563,0,0,0,37.2995339035988,57.6896783709526,880.781793177128,6.09777480363846,256.005301386118,0,143.885017067194,0.660803616046906,614.667293280363,12.9875673055649,191.124333024025,0,1563.49481707811,3.0379895567894,414.632140547037,0,2565.3437589705,0,944.014309763908,0,3875.93094810843,0,453.162366181612,0,89.4520206749439,0,284.022172451019,0,219.046074390411,0,1098.50099658966,0,179.402912348509,30.4109466671944,1.25182700157166,0,65.5242494046688,3.97239792346954,345.942345499992,0,37.8077086508274,0,259.889112234116,4.33224022388458,15.7166440486908,0,361.380962044001,0,182.332872360945,0,4540.41368964314,0,2362.06858026981,0,0,0,98.0095331072807,0,0,0,9.10624226927757,0,0.583618104457855,0,71.2868183255196,0,0,0,0,0,0,0,0,0,0,1.15709066390991,0,0,0,0,0,0
0,203.508076190948,0,15.0116921067238,0,24.7356899082661,0,182.792906343937,0,6.92578786611557,0,42.062784075737,0,19.810954451561,0,23.9871147274971,0,28.4641752243042,0,5.57804107666016,0,4.6010782122612,0,0.533326923847198,0,4.0906049311161,0.733343839645386,17.4887375831604,0,28.542139351368,0.864836156368256,5.21543109416962,0,7.41435837745667,21.0672090649605,23.5541029572487,4.65885943174362,1160.62594786286,0,239.24606642127,0,466.819461852312,15.5639846026897,255.43714338541,0.751383125782013,218.412601619959,0,586.446410477161,0,483.277455985546,0,2323.00329181552,0,1217.9708545804,0,2344.0117918849,0,172.128789514303,0,134.470675498247,0,101.862387180328,0,182.500318795443,0,899.039238423109,4.90949493646622,181.960578352213,0,0,4.18228840827942,179.90147075057,0,276.405440449715,0,47.5431391596794,5.85186889767647,232.619895339012,0,9.28696393966675,0,208.290378838778,0,394.489663243294,0,6375.4693569839,0,2398.6044459641,0,0,0,0.847675681114197,0,0,0.949692487716675,9.92955023050308,0,0,0,54.0472592115402,0,0,0,0,0,0,0,0,0,0,0,0,0,0,0,0
0,0,0,0,0,0,0,0,0,0,0,0,0,0,0,0,0,0,0,0,0.643255710601807,0,0,0,0,0,0.9317227602005,0,10.2902308106422,0,0,0,0,0,0,6.19292253255844,97.5643402636051,44.8351172208786,117.117101103067,65.4650333821774,14.7285548448563,2.51596879959106,149.9343726933,0,11.5506848692894,0,312.635319918394,0,33.0997027158737,0,146.940674871206,0,58.1988806724548,0,142.494238227606,0,0,0,0,0,0,0,0,0,0,0,13.6960552334785,2.20138335227966,0,0,13.4346689879894,21.7214825749397,67.264033973217,9.10099399089813,62.3083056211472,97.9641625285149,84.6389828622341,80.3512871265411,0,0,10.4144412875175,0,2.32298171520233,0,4.50726562738419,0,0,0,98.0095331072807,0,0,684.231115043163,2358.8867354393,118.799441099167,561.90418189764,276.76422342658,1576.28361603618,343.444936782122,2717.84744408727,216.950278222561,604.531076639891,84.4961335659027,613.928419619799,333.606596052647,984.141491502523,177.365716099739,448.905216604471,84.6562391221523,44.4762057363987,38.6470000445843,194.295244336128,60.4438957571983,99.1465010344982,15.1840759813786,42.235048532486,42.951944321394
0,0,0,0,0,0,0,0,0,0,0,1.70410001277924,0,0,0,0,0,0,0,0,0,1.54209578037262,0,0,0,0,0,0.581150710582733,0,0,0,0,0,0,0,0,86.46030408144,72.9116308391094,142.895714759827,50.4264866113663,3.18552356958389,3.78619581460953,0,4.0462611913681,0,0.833618640899658,0.445427030324936,65.8443996012211,0,0,0,0.469774127006531,0,5.73562741279602,0,3.65482586622238,0,0,0,0,0,0,0,0,0,0,0,0,0,0,19.3213607668877,55.5883781611919,28.4072005748749,26.5357376933098,168.583361536264,108.843032926321,61.1277112960815,185.630285203457,0,0,0,0,0,0,0,2.24962735176086,0,0,0,0.847675681114197,684.231115043163,0,113.023497283459,1467.70767641068,169.81400719285,940.461006253958,508.334105342627,813.137948691845,452.043971955776,1565.57980334759,125.632144033909,223.75177025795,183.344553291798,609.945186555386,158.215495407581,1093.38199698925,167.302314698696,274.294839441776,103.383618146181,157.208596855402,505.902465611696,154.201500087976,404.541775226593,40.7420888245106,159.96739667654,41.7261685729027
0,0,0,0,0,0,0,0,0,0,0,0,0,0,0,0,0,0,0,0,0,0,0,0,0,0,0,0,0,0,0,0,0,0,0,0,15.7705968618393,8.47650974988937,19.6493188142776,5.46451169252396,0,0,0,0,0,0,0,0,0,0,0,0,0,0,0,0,0,0,0,0,0,0,0,0,0,0,0,0,0,0,1.38640940189362,0.856433868408203,11.8072525858879,0.994851052761078,25.5799521803856,17.8113954663277,31.3745218515396,19.5767599344254,0,0,0,0,0,0,0,0,0,0,0,0,2358.8867354393,113.023497283459,0,86.6891848742962,405.75248259306,89.2257361710072,562.154223948717,60.1155427694321,225.550548762083,39.7387316226959,1561.44691249728,17.2003579735756,1515.44185715914,84.7154467105865,1164.17238092422,71.9879173636436,353.975843936205,49.1967029869556,58.5655374228954,46.2784582674503,212.705135524273,56.1220194101334,282.936675786972,56.1364142298698,75.1210432350636,54.355588555336
0,0,0,0,0,0,0,0,0,0,0,0,0,0,0,0,0,0,0,0,0,0,0,0,0,0,0,0,0,1.16863572597504,0,0,0,0,0,0,27.4015891253948,30.0546891093254,35.1447792947292,19.1673866510391,0,0,0,0,0,0,0.866093844175339,0.407798677682877,0,0,0,0,0,0,0,0,0,0,0,0,0,0,0,0,0,0,0,0,0,0,0.435602754354477,10.9810954332352,6.78154969215393,4.00453045964241,38.9148128926754,31.956815123558,17.0943816304207,90.3296045958996,0,0,0,0,0,0,0,0,0,0,0,0,118.799441099167,1467.70767641068,86.6891848742962,0,63.9666059613228,375.383917659521,166.708918243647,161.66766923666,77.4735151827335,116.688926100731,33.8580935895443,920.223758071661,81.3018003106117,1207.80992108583,59.9478228390217,953.016641885042,46.2250994741917,143.387791246176,90.2850357294083,117.056989043951,305.541216552258,58.4705336391926,350.529159724712,59.7944422662258,174.350868493319,50.0965858697891
130.858241558075,1.76511746644974,64.1407516300678,1.65094941854477,1.34648770093918,0,26.2809092104435,1.27289617061615,6.50880444049835,0,3.57234388589859,0,17.8320363163948,0,18.1501980423927,0,9.31880295276642,0,68.4013383388519,0.901202201843262,0,0,14.8483739495277,0,0,0,1.88755226135254,0,35.7947445511818,0,6.21944692730904,4.16513252258301,2.46147006750107,6.71936982870102,22.8706153035164,9.37587383389473,216.441614031792,28.2577474117279,47.8793728649616,2.10918506979942,23.4713329076767,0,12.244931936264,0,19.6925734579563,0,29.3782719373703,5.62094950675964,43.4134300947189,0,79.7617152631283,0,5.91025227308273,0,1.10508793592453,0,113.038535565138,0,64.7914735376835,0,22.1210850775242,0,1.56910085678101,0,8.13964700698853,0,114.097299516201,3.05057924985886,83.0132079422474,0,315.828359365463,37.5977929830551,339.482480227947,13.1822779476643,331.088202208281,48.9779188334942,858.127968192101,175.943674862385,0,0,9.58934551477432,0,6.81162452697754,0,6.26940828561783,0,12.6235651373863,0,9.10624226927757,0.949692487716675,561.90418189764,169.81400719285,405.75248259306,63.9666059613228,0,236.896200060844,1475.43257245421,44.6928783357143,245.801498562098,32.2897558510303,130.182831138372,37.1173303127289,495.016520947218,93.8552588820457,804.821718156338,128.108720690012,168.186754077673,39.2407315671444,217.191208034754,1010.86285540462,722.895352333784,92.7936379313469,66.3567063808441,88.5997823178768,30.6920377314091,151.475695371628
1.88215225934982,202.088254541159,3.06455853581429,68.5267731845379,0,5.6376701593399,0,28.3528563976288,0,11.6029496788979,0,9.46670627593994,0,12.3676097393036,0,17.6182156801224,0,9.08847600221634,0.613963544368744,69.2363950908184,0,1.38148361444473,0,18.1691410541534,0,0.968240946531296,4.48072183132172,3.33099257946014,0,11.6273313164711,3.02889782190323,10.0378049015999,2.0693963766098,7.23681747913361,8.40340143442154,2.71589434146881,49.7136861681938,244.164060711861,70.2390378713608,63.6230669021606,7.1294279396534,24.9869818985462,1.9330125451088,36.9678440093994,0.51110428571701,47.8401774168015,11.3662568330765,49.730249017477,0,92.2532767653465,0,100.243750572205,0,7.51119381189346,0,8.08293771743774,1.15164029598236,112.261518985033,0,59.5141269862652,0,8.20991533994675,0,2.32167547941208,0,55.5557886064053,4.04207897186279,117.567364662886,0.6375532746315,29.431262999773,39.7130693793297,342.867407798767,22.7829194068909,138.449289023876,65.759197562933,313.459560394287,117.078064858913,956.411572128534,0,2.0920569896698,0,6.15356582403183,0,10.7265579104424,0,28.1767035126686,0,5.66719788312912,0,9.92955023050308,276.76422342658,940.461006253958,89.2257361710072,375.383917659521,236.896200060844,0,243.59433978796,1195.078040272,116.39840900898,406.65798202157,56.1765290498734,167.490490406752,81.7561178803444,377.786807090044,128.747411340475,488.479411691427,56.3346417546272,111.606775462627,216.360705673695,630.222707003355,770.864587515593,96.6964278519154,77.0806126594543,53.4925465881824,81.4199000000954,63.5106417834759
14.1869811415672,9.14927339553833,8.48228204250336,4.37492555379868,0,0,0.761480867862701,0,0,0,0.659260094165802,0,1.43362784385681,1.23941600322723,2.83884537220001,0,1.8334846496582,0,5.11152017116547,1.10063230991364,0,1.09886193275452,0,0,0,0,0,0,6.54356604814529,0,0,0.60376501083374,0,0,7.58486831188202,3.18154180049896,97.3369697630405,23.2003411948681,81.0706272125244,47.5468289256096,4.60973191261292,0,2.93283271789551,0,1.03859144449234,0,63.0572456717491,4.16993421316147,17.4439867436886,0,14.9215687215328,0,0.535346269607544,0,0.755317568778992,0,14.2265169024467,0,12.6477541923523,0,4.48517769575119,0,1.31273317337036,0,0.68206113576889,0,27.0427466332912,0,12.0822837948799,0,41.4033189117908,43.234076499939,67.3223076164722,22.7408022880554,63.1041090190411,51.7284126579762,402.398859143257,124.693293124437,0,0,0.524724423885345,0,0,0,1.0223993062973,0,4.67584973573685,0,0.583618104457855,0,1576.28361603618,508.334105342627,562.154223948717,166.708918243647,1475.43257245421,243.59433978796,0,151.890806734562,2214.22170186043,145.616091996431,178.393755197525,83.1761201918125,448.221546798944,205.093100935221,649.308484911919,124.51312738657,241.787927985191,67.1696366369724,36.7754049897194,536.178545296192,1130.62316638231,205.195602238178,222.530999779701,75.9491637945175,32.4317117035389,40.2769420146942
0,2.55361461639404,0,0,0,0,0,0,0,0,0,0,0,0,0,0,0,0,0,0,0,0,0,0,0,0,0,0,0,0,0,0,0,0,0,0,19.1098448634148,19.6988226771355,32.3792949020863,21.7231866419315,0.612420201301575,0,0.512756943702698,7.44212612509727,1.22162592411041,8.25103932619095,0,28.4947902262211,0,2.30922138690948,0,0.938614785671234,0,1.08409214019775,0,8.72404503822327,0,0.826113283634186,0,0,0,0,0,0,0,0,0,3.5389689207077,0,0,4.24491238594055,12.0696066021919,7.81509360671043,7.47656047344208,28.6996099352837,21.8946501016617,8.16722786426544,42.2606941461563,0,0,0,0,0,0,0,0.390622228384018,0,0,0,0,343.444936782122,813.137948691845,60.1155427694321,161.66766923666,44.6928783357143,1195.078040272,151.890806734562,0,166.38527187705,1139.6691980958,42.3388022780418,51.1029430925846,56.3734481930733,127.565705418587,32.95877841115,130.272975593805,32.4336696863174,125.212780296803,34.7315337657928,58.6120918393135,1139.7056274116,346.807276308537,165.67520609498,40.7748475670815,28.318111538887,14.3194489181042
1.52045738697052,0,0,0,0,0,0,0,0,0,0,0,0,0,0,0,0,0,0,0,0,0,0,0,0,0,1.49091851711273,0,3.94700121879578,1.3739378452301,0,0,0,0,3.08527135848999,1.15731084346771,58.6731580495834,17.2176712155342,59.9808755517006,29.9935492575169,10.5018147230148,1.2117931842804,92.9191583991051,0,8.67390021681786,0,284.646068036556,0,9.07077288627625,0,14.3863298892975,0,11.2782459259033,0,118.848645597696,0,0,0,0,0,0,0,0,0,0,0,7.79208332300186,0,0,0,13.1631580889225,15.7530787587166,25.7471671402454,14.2258298993111,45.6434753239155,36.8679745495319,23.1427486240864,41.663648635149,0,0,2.94608414173126,0,2.73200586438179,0,6.27983671426773,0,6.58818745613098,0,71.2868183255196,0,2717.84744408727,452.043971955776,225.550548762083,77.4735151827335,245.801498562098,116.39840900898,2214.22170186043,166.38527187705,0,125.585666000843,51.2260384559631,70.6632384955883,54.30331787467,140.308925807476,120.578184902668,55.2646477222443,76.5810502767563,27.002338051796,6.43276438117027,5.70315605401993,246.53830075264,184.499800980091,129.817003875971,6.231878221035,5.64063987135887,5.34777867794037
0,0,0,0,0,0,0,0,0,0,0,0,0,0,0,0,0,0,0,0,0,0,0,0,0,0,0,0,0,9.2435308098793,0,0,0,0,2.76629817485809,3.61016058921814,28.0949976444244,77.126721650362,32.9689797461033,21.2406811416149,1.85990464687347,23.5107678174973,79.6585863232613,329.7324257195,0.518218457698822,54.4283733963966,0,1383.36191472411,0,23.7258329689503,0,36.1261101365089,0,122.245115727186,0,176.790114760399,0,1.34261524677277,0,0,0,0,0,0,0,0,0.680025935173035,10.6158868968487,0,0,3.86687064170837,22.091190636158,9.59605866670609,42.6111815869808,47.8470515608788,30.6649612486362,13.612180352211,43.3401935696602,0,0,0,1.54716527462006,0,7.2582899928093,0,41.4946363866329,0,2.46908068656921,0,54.0472592115402,216.950278222561,1565.57980334759,39.7387316226959,116.688926100731,32.2897558510303,406.65798202157,145.616091996431,1139.6691980958,125.585666000843,0,48.0420907437801,12.2918622493744,71.3749313950539,73.1130224764347,37.9883116483688,56.9586191475391,36.0293066799641,325.136926561594,10.8808062672615,12.616474032402,133.861852616072,400.2610437572,252.866245239973,24.9467102885246,8.35362336039543,12.2116959691048
0,0,0,0,0,0,0,0,0,0,0,0,0,0,0,0,0,0,0,0,0,0,0,0,0,0,0,0,0,0,0,0,0,0,0,0,17.4452873766422,14.198361992836,23.7834980785847,0.485162258148193,0,0,0,0,0,0,0,0,0,0,0,0,0,0,0,0,0,0,0,0,0,0,0,0,0,0,0,0,0,0,6.41613063216209,4.91244828701019,3.73501062393188,0,18.5282756388187,19.9547346532345,12.588633865118,28.2449788451195,0,0,0,0,0,0,0,0,0,0,0,0,604.531076639891,125.632144033909,1561.44691249728,33.8580935895443,130.182831138372,56.1765290498734,178.393755197525,42.3388022780418,51.2260384559631,48.0420907437801,0,24.7589121460915,1686.35352578759,72.6319172084332,769.643539965153,47.5789311230183,268.398305743933,26.2657941579819,11.3791762888432,16.7927893996239,57.1465438306332,9.2332983314991,28.9717850387096,10.5728121995926,13.8073773086071,14.7165775597095
0,0,0,0,0,0,0,0,0,0,0,0,0,0,0,0,0,0,0,0,0,0,0,0,0,0,0,0,0,0,0,0,0,0,0,0,11.2671276330948,10.498334646225,15.5923111140728,9.15417850017548,1.4471880197525,0.412556946277618,0,0,0,0,0,0,0,0,0,0,0,0,0,0,0,0,0,0,0,0,0,0,0,0,0,0,0,0,4.67206346988678,12.0790656507015,1.48275595903397,3.6990579366684,25.0078630447388,20.9688005447388,12.3405463695526,36.4438737630844,0,0,0,0,0,0,0,0,0,0,0,0,84.4961335659027,223.75177025795,17.2003579735756,920.223758071661,37.1173303127289,167.490490406752,83.1761201918125,51.1029430925846,70.6632384955883,12.2918622493744,24.7589121460915,0,36.9788766503334,1147.64631941915,27.0632440745831,676.492468744516,33.4698564708233,82.9615241289139,25.7380660772324,44.1604328155518,75.5587922334671,6.68610656261444,26.2979937195778,13.4041618406773,69.1657637655735,12.4053926169872
0,0,0,0,0,0,0,0,0,0,0,0,0,0,0,0,0,0,0,0,0,0,0,0,0,0,0,0,2.61961793899536,0,0,0,0,0,0,0,19.2634360790253,16.5946610569954,31.105081140995,8.51905882358551,0,0,0,0,0,0,0.784282803535461,0.570737898349762,0,0,0,0,0,0,0,0,0,0,0,0,0,0,0,0,0,0,0,0,0,0,6.86039179563522,3.24865752458572,12.7329592108727,4.60146808624268,27.3474133312702,24.2941357791424,47.4225316047668,24.9717396497726,0,0,0,0,0,0,0,0,0,0,0,0,613.928419619799,183.344553291798,1515.44185715914,81.3018003106117,495.016520947218,81.7561178803444,448.221546798944,56.3734481930733,54.30331787467,71.3749313950539,1686.35352578759,36.9788766503334,0,273.841328769922,5465.72625568509,187.069237321615,386.483752757311,53.3489951193333,106.19603535533,89.6028350293636,335.539467662573,54.2610330283642,110.7339168787,548.416627049446,489.697878718376,159.900357067585
0,0,0,0,0,0,0,0,0,0,0,0,0,0,0,0,0,0,0,0,0,0,0,0,0,0,0,0,0,0,0,0,0,0,0,0,42.9387466907501,33.1845302283764,31.3184987306595,17.2712805569172,0,0.899817556142807,0,0,0,0,0.65962153673172,1.11676785349846,0,0,0,0,0,0,0,0,0,0,0,0,0,0,0,0,0,0,0,0,0,0,9.09010124206543,34.909465610981,15.52729845047,17.9218792617321,54.4445956647396,50.9267843067646,37.5678913295269,105.702223032713,0,0,0,0,0,0,0,0,0,0,0,0,333.606596052647,609.945186555386,84.7154467105865,1207.80992108583,93.8552588820457,377.786807090044,205.093100935221,127.565705418587,140.308925807476,73.1130224764347,72.6319172084332,1147.64631941915,273.841328769922,0,92.1321519911289,5844.1985411644,65.4501542747021,253.735201090574,96.7584607899189,156.753036499023,268.664726257324,35.5848242640495,116.018270283937,313.571404844522,272.065787404776,54.698626935482
3.18346589803696,0,0.857677578926086,0,0,0,0,0,0,0,0,0,0,0,0,0,0,0,0,0,0,0,0,0,0,0,0.633385479450226,0,3.94114381074905,0,0,0,1.35469323396683,0,1.32454109191895,0,32.0948814451694,11.8726889789104,26.8875112235546,7.77737528085709,4.03964832425117,4.99433612823486,0,0,0,0,3.04334437847137,3.25156116485596,0,0,0,0,0,0,0,0,0.739945888519287,0,0,0,0,0,0,0,0,0,0,0,0,0,50.995364844799,27.0961041748524,40.9573746621609,8.92868375778198,80.9900942742825,40.016301035881,244.753655999899,126.977072775364,0,0,0.902395069599152,0,0,0,0,0,0,0,0,0,984.141491502523,158.215495407581,1164.17238092422,59.9478228390217,804.821718156338,128.747411340475,649.308484911919,32.95877841115,120.578184902668,37.9883116483688,769.643539965153,27.0632440745831,5465.72625568509,92.1321519911289,0,2652.33122083545,749.70640873909,40.1476482748985,190.265803873539,284.943704456091,697.541832983494,80.7633737325668,80.8520360589027,257.55020621419,1689.42475348711,516.412340283394
0,6.88641634583473,0,0.990977346897125,0,0,0,1.78093498945236,0,0,0,0,0,1.04842054843903,0,0,0,0,0,1.55450892448425,0,0,0,0,0,0,0,0,1.73308119177818,0,0,0.409033805131912,0,2.46964871883392,0,0.732790887355804,40.7903657853603,33.9131129086018,26.1235862076283,14.5567445158958,3.05922654271126,4.00260084867477,0,0,0,0,1.91774159669876,3.60199868679047,0,0,0,0,0,0,0,0,0,2.45886725187302,0,0,0,0,0,0,0,0,0,0.61365133523941,0,0,18.6415795981884,81.5244367718697,20.7318182885647,22.1186750531197,50.3695806264877,83.5083907842636,99.5467403829098,422.561918497086,0,0,0,0,0,0,0,0,0,0,0,0,177.365716099739,1093.38199698925,71.9879173636436,953.016641885042,128.108720690012,488.479411691427,124.51312738657,130.272975593805,55.2646477222443,56.9586191475391,47.5789311230183,676.492468744516,187.069237321615,5844.1985411644,2652.33122083545,0,47.8689720630646,540.309151142836,292.799741059542,309.453195184469,617.37089368701,65.7169553637505,72.9608173072338,327.324053168297,1532.51887133718,363.402459830046
1.06534898281097,0,0,0,0,0,0,0,0,0,0,0,0,0,0,0,0,0,0,0,0,0,0,0,0,0,0,0,1.11562168598175,0,0,0,0,1.27396249771118,0,0,13.2818192243576,11.1267646551132,23.6926452517509,7.99665704369545,1.47396343946457,0,0,0,0,0,0,0.578495383262634,0,0,0,0,0,0,0,0,0,0,0,0,0,0,0,0,0,0,0,1.12587666511536,0.93466579914093,0,15.5442039966583,13.845858424902,18.0803603827953,3.74758070707321,31.1890397965908,33.6895940601826,52.7979386746883,43.8870104551315,0,0,0,0,0,0,0,0,0,0,0,0,448.905216604471,167.302314698696,353.975843936205,46.2250994741917,168.186754077673,56.3346417546272,241.787927985191,32.4336696863174,76.5810502767563,36.0293066799641,268.398305743933,33.4698564708233,386.483752757311,65.4501542747021,749.70640873909,47.8689720630646,0,36.7640478909016,12.7467094063759,22.0221617519855,131.259398460388,22.6694746017456,33.4705672562122,14.7771490216255,8.79738774895668,22.5661320388317
0,1.96607893705368,0,0,0,0,0.849465906620026,0,0,0,0,0,0,0,0,0,0,0,0,0,0,0,0,0,0,0,0,0,1.73086428642273,0,0,0,0,0,0,0,29.6193962097168,22.8008355498314,16.226846575737,11.6470086574554,0,0,0,0,0,0,0,0.875249743461609,0,0,0,0,0,0,0,0,0,0,0,0,0,0,0,0,0,1.2942818403244,0,0,0,0,10.8642299771309,30.1256376802921,5.50503718852997,5.87078511714935,30.0087008178234,31.9958427548409,41.9480205774307,67.9654110074043,0,0,0,0,0,0,0,0,0,0,0,0,84.6562391221523,274.294839441776,49.1967029869556,143.387791246176,39.2407315671444,111.606775462627,67.1696366369724,125.212780296803,27.002338051796,325.136926561594,26.2657941579819,82.9615241289139,53.3489951193333,253.735201090574,40.1476482748985,540.309151142836,36.7640478909016,0,38.7045286893845,40.564290702343,108.808819651604,27.6250922381878,28.7242185473442,9.28810220956802,20.530601888895,22.5771993994713
30.7244373559952,15.2478195130825,16.4005661606789,10.4185300469398,1.0484504699707,5.04122173786163,13.4085683822632,5.96193164587021,0.973874986171722,0.573119580745697,4.14566040039062,0,4.89612537622452,0,4.18035212159157,3.36089870333672,1.82976651191711,0,29.9021508097649,13.1129488945007,0,0,4.30473244190216,4.28534972667694,0,0,0,0,15.6549041867256,0,8.3121138215065,6.24639391899109,0,1.26230144500732,0.508153259754181,0,24.2505288422108,19.7883798480034,7.07799381017685,6.43239492177963,30.3703266680241,1.94563871622086,0,0,0,0,0,2.9058164358139,0,0,0,0,0,0,0,0,8.06486827135086,0,2.0111203789711,0,0,0,0,0,0,0,1.40987324714661,1.5715423822403,19.6099057197571,0,106.457528680563,90.4519031047821,69.5077368021011,25.8647301793098,113.234028726816,46.6334248185158,592.489590108395,520.572830736637,0,0,0,0,2.40324568748474,0,0,0,0,0,0,0,44.4762057363987,103.383618146181,58.5655374228954,90.2850357294083,217.191208034754,216.360705673695,36.7754049897194,34.7315337657928,6.43276438117027,10.8808062672615,11.3791762888432,25.7380660772324,106.19603535533,96.7584607899189,190.265803873539,292.799741059542,12.7467094063759,38.7045286893845,0,332.473286300898,524.335367769003,32.7293831706047,72.0879487991333,151.367246508598,100.751325011253,540.092167973518
20.5446000695229,18.3157296180725,12.0080891251564,8.9868500828743,0,0.701100587844849,2.47642153501511,1.73925983905792,0,0,5.75861668586731,0,0.799784302711487,0,0,0,1.53544092178345,0,12.8570616841316,5.86410868167877,0.889653861522675,0,4.7116733789444,0.682070732116699,0,0,0,1.58139038085938,5.98517149686813,0,0.871601223945618,1.15358832478523,0,2.91940003633499,0.447733968496323,1.95102086663246,60.0522982180119,35.5340747237206,13.279678940773,2.95157712697983,8.41449081897736,5.14163112640381,0,1.83159059286118,1.22295063734055,2.88002353906631,125.015635550022,95.930112272501,1.63731527328491,6.53966826200485,3.58354240655899,3.55557543039322,0,0,0.498190701007843,2.59535598754883,15.7755102515221,5.13327243924141,2.87075024843216,1.31280106306076,1.46919584274292,1.29981756210327,0,0,0.948532074689865,5.88961309194565,10.4184046983719,3.95662331581116,11.4536585509777,3.82989913225174,42.2064702212811,39.9458512663841,48.6138305962086,5.70070195198059,58.6506027281284,35.9132375121117,771.041776865721,1050.29199966788,0,0,2.27910155057907,1.82950937747955,0,0,0,1.33917051553726,1.93547660112381,0.677052557468414,1.15709066390991,0,38.6470000445843,157.208596855402,46.2784582674503,117.056989043951,1010.86285540462,630.222707003355,536.178545296192,58.6120918393135,5.70315605401993,12.616474032402,16.7927893996239,44.1604328155518,89.6028350293636,156.753036499023,284.943704456091,309.453195184469,22.0221617519855,40.564290702343,332.473286300898,0,1117.90656125546,46.4123428165913,56.7973277270794,160.985590904951,87.4945343136787,248.183501750231
0,0,0,0,0,0,0,0,0,0,0,0,0,0,0,0,0,0,0,0,0,0,0,0,0,0,0,0,1.39277946949005,1.42754852771759,0,0,0,0,4.52383774518967,3.15601277351379,18.2289237678051,17.5308689773083,16.7455812990665,9.14694833755493,0,0,10.4101252257824,0,9.53118431568146,3.00300925970078,10.6483775377274,5.25908660888672,13.7753252387047,2.27479016780853,3.89914083480835,0,0,0,0,0,0,0,0,0,0,0,0,0,0,0,7.40523397922516,2.27319002151489,0,0,10.023553609848,12.6012128591537,5.85274291038513,4.54669868946075,30.2740678191185,21.2021776437759,46.0829825699329,49.7849167883396,0,0,0,0,0,0,0,0,1.18767106533051,0,0,0,194.295244336128,505.902465611696,212.705135524273,305.541216552258,722.895352333784,770.864587515593,1130.62316638231,1139.7056274116,246.53830075264,133.861852616072,57.1465438306332,75.5587922334671,335.539467662573,268.664726257324,697.541832983494,617.37089368701,131.259398460388,108.808819651604,524.335367769003,1117.90656125546,0,664.235512524843,500.10522633791,660.369864672422,280.402139902115,513.083159565926
0,0,0,0,0,0,0,0,0,0,0,0,0,0,0,0,0,0,0,0,0,0,0,0,0,0,0,0,0,0,0,0,0,0,0,0,4.61837151646614,4.25263985991478,13.156458735466,2.24534064531326,0,0,0,0,0,0,0,0,0,0,0,0,0,0,0,0,0,0,0,0,0,0,0,0,0,0,0,0,0,0,3.96555721759796,7.03062510490417,1.34920412302017,5.25138747692108,5.14187887310982,14.2068049013615,2.51079243421555,13.121533960104,0,0,0,0,0,0,0,0,0,0,0,0,60.4438957571983,154.201500087976,56.1220194101334,58.4705336391926,92.7936379313469,96.6964278519154,205.195602238178,346.807276308537,184.499800980091,400.2610437572,9.2332983314991,6.68610656261444,54.2610330283642,35.5848242640495,80.7633737325668,65.7169553637505,22.6694746017456,27.6250922381878,32.7293831706047,46.4123428165913,664.235512524843,0,215.019756674767,390.982404053211,85.8276296854019,63.275047659874
0,0,0,0,0,0,0,0,0,0,0,0,0,0,0,0,0,0,0,0,0,0,0,0,0,0,0,0,0,0,0,0,0,0,0,0,1.64848712086678,1.47713369131088,6.82856559753418,4.52832877635956,1.73565882444382,0,0,0,0,0,0,0,0,0,0,0,0,0,0,0,0,0,0,0,0,0,0,0,0,0,0,0,0,0,0.85995876789093,1.00762328505516,0.47145664691925,0.66635000705719,3.85983210802078,6.05191132426262,4.43098646402359,17.43599614501,0,0,0,0,0,0,0,0,0,0,0,0,99.1465010344982,404.541775226593,282.936675786972,350.529159724712,66.3567063808441,77.0806126594543,222.530999779701,165.67520609498,129.817003875971,252.866245239973,28.9717850387096,26.2979937195778,110.7339168787,116.018270283937,80.8520360589027,72.9608173072338,33.4705672562122,28.7242185473442,72.0879487991333,56.7973277270794,500.10522633791,215.019756674767,0,325.897872507572,123.919045209885,116.556942880154
0,0,0,0,0,0,0,0,0,0,0,0,0,0,0,0,0,0,0,0,0,0,0,0,0,0,0,0,0,0,0,0,0,0,0,0,0.469973683357239,0.3995101749897,3.05360987782478,0,0,0,0,0,0,0,0,0,0,0,0,0,0,0,0,0,0,0,0,0,0,0,0,0,0,0,0,0,0,0,1.82921481132507,0,0,0,0.550673186779022,3.66924977302551,3.81655555963516,6.70003828406334,0,0,0,0,0,0,0,0,0,0,0,0,15.1840759813786,40.7420888245106,56.1364142298698,59.7944422662258,88.5997823178768,53.4925465881824,75.9491637945175,40.7748475670815,6.231878221035,24.9467102885246,10.5728121995926,13.4041618406773,548.416627049446,313.571404844522,257.55020621419,327.324053168297,14.7771490216255,9.28810220956802,151.367246508598,160.985590904951,660.369864672422,390.982404053211,325.897872507572,0,460.869628340006,371.989895939827
0,0,0,0,0,0,0,0,0,0,0,0,0,0,0,0,0,0,0,0,0,0,0,0,0,0,0,0,0,0,0,0,0,0,0,0,0.930716454982758,3.40804713964462,3.00584632158279,0.623291611671448,0,0,0,0,0,0,0.404031544923782,0,0,0,0,0,0,0,0,0,0,0,0,0,0,0,0,0,0,0,0,0,0,0,0.975782454013824,4.57099321484566,1.10962826013565,1.67813193798065,2.00601813197136,2.4281998872757,8.16870102286339,15.3840081691742,0,0,0,0,0,0,0,0,0,0,0,0,42.235048532486,159.96739667654,75.1210432350636,174.350868493319,30.6920377314091,81.4199000000954,32.4317117035389,28.318111538887,5.64063987135887,8.35362336039543,13.8073773086071,69.1657637655735,489.697878718376,272.065787404776,1689.42475348711,1532.51887133718,8.79738774895668,20.530601888895,100.751325011253,87.4945343136787,280.402139902115,85.8276296854019,123.919045209885,460.869628340006,0,208.116835147142
1.81593397259712,0,1.1788182258606,0,0,0,0,0,0,0,0,1.50064194202423,0,0,0,0,0,0,1.97375774383545,0,0,0,0,0,0,0,0,0,1.56339824199677,0,0.668598234653473,0,0,0,0,0,8.50396528840065,3.44279614090919,2.25523859262466,1.84519815444946,4.46206161379814,0,0,0,0,0,0,1.12555575370789,0,0,0,0,0,0,0,0,1.04325342178345,0,0,0,0,0,1.41170835494995,0,0,0,0,0,1.00637626647949,0,23.8383255004883,9.16707766056061,12.8793446421623,2.79819482564926,20.2746664583683,17.2449336051941,98.9887678623199,86.3457410633564,0,0,0,0,0,0,0,0,0,0,0,0,42.951944321394,41.7261685729027,54.355588555336,50.0965858697891,151.475695371628,63.5106417834759,40.2769420146942,14.3194489181042,5.34777867794037,12.2116959691048,14.7165775597095,12.4053926169872,159.900357067585,54.698626935482,516.412340283394,363.402459830046,22.5661320388317,22.5771993994713,540.092167973518,248.183501750231,513.083159565926,63.275047659874,116.556942880154,371.989895939827,208.116835147142,0
