0,1137.22424682975,4099.2166711688,388.688429832458,0,0,6870.56566286087,247.322442531586,2.14556711912155,0,2723.32510480285,117.356104016304,2051.82703185081,1.71551698446274,10.4013256430626,0,560.921293526888,21.2255521416664,2495.12609004974,1203.65396487713,0,0,17.5340291559696,4.14383256435394,0,0,0,0,823.665557980537,0,11.5716002583504,17.1720960140228,27.5085425674915,249.925812661648,0.688838005065918,0,528.572318613529,1.13260638713837,107.79071778059,0.934388875961304,4.50209730863571,0,0,0,0,0,1.03669536113739,0.5021852850914,5.94510817527771,0,308.06712731719,0,0.680634558200836,0,1.16653180122375,0,11528.6913903058,62.4623865187168,326.658454120159,0,834.583710730076,0,168.783593595028,4.14845606684685,159.33868843317,0,247.842912912369,7.98906320333481,2467.0168736279,106.869357854128,3384.53961429,141.788308292627,2774.16094049811,68.2054894268513,854.850925415754,25.943063467741,3841.33400630951,151.738478899002,5.67641258239746,0,16.5776544809341,0.768644332885742,1.39585500955582,0,324.324992209673,0,0,0,34.6815172433853,0,0,0,0,0,312.093411058187,3.08408588171005,33.6632676422596,0,2.60208207368851,0,0,0,0,0,15.1563860476017,1.41049325466156,10.7397775650024,0,14.5404645800591,8.25087112188339,0,0,0,1.26073777675629,0,5.27600580453873
1137.22424682975,0,313.625224798918,7156.50007042289,0,0,98.0691855847836,4902.91598144174,0,0,40.3759129345417,3567.03954023123,7.83024549484253,561.991861462593,0,11.3103318214417,10.7642782330513,621.8321865201,1581.63161495328,3792.07933005691,0,0,1.20127391815186,15.9917513728142,0,0,0,0,29.1715444028378,62.8190202116966,5.76956737041473,9.00893670320511,231.045531868935,304.283883035183,4.27277004718781,0,8.06206327676773,146.057985186577,8.04908365011215,74.2908345162868,0,0,0,0,0,0,1.24390912055969,24.3953685760498,0,1.91129541397095,0,60.8430631756783,0,0,0,1.95881199836731,294.611997634172,12928.3830876946,5.13045397400856,249.787077218294,6.33274018764496,684.203547716141,3.40392798185349,613.648017942905,0,489.824276715517,252.570777982473,55.1953702867031,1151.8125654161,1284.08702176809,260.877080887556,2776.14738422632,134.544235646725,2017.18652591109,30.1954458653927,856.201297968626,1488.81402933598,5028.41425219178,1.41543591022491,7.58309435844421,0.885009109973907,35.3579612374306,0,0,0,117.464509725571,0,0,0,18.9883848428726,0,0,0,0,14.9459356069565,206.622670412064,6.07148694992065,7.79366910457611,0,0,0,0,0,0,0,12.345212996006,1.59808433055878,1.11073124408722,28.9388198256493,30.5807445645332,0,0,0,0,1.30427980422974,9.53001219034195
4099.2166711688,313.625224798918,0,1026.84652662277,681.293506681919,79.6848044395447,9911.5961805582,1090.52466252446,563.154868990183,53.6495587825775,874.84878963232,247.34780818224,1523.22574967146,144.098574012518,288.525547683239,10.5626167058945,168.652414977551,45.6742586791515,3349.43350356817,1038.80133065581,3.20539113879204,7.45491075515747,2957.95120176673,1280.58092314005,68.9402485787868,70.1483383178711,7.51116752624512,25.8751804828644,1395.33800446987,11.576334297657,116.030944079161,476.520420372486,102.570530235767,364.437230288982,8.89397180080414,0.507269501686096,122.373556762934,3.4670147895813,11.0073249936104,0,9.55615323781967,0,0,0,1.28848320245743,0,1.78425961732864,0,5.75507593154907,0,22.6128054261208,0,0,0,0,0,462.417580932379,9.85693275928497,112.277574837208,0,73.575374186039,0,17.2990351319313,0,19.6622521579266,0,376.781740039587,1.85869258642197,283.707327365875,11.0384907126427,1948.76035019755,411.987403512001,1939.23528000712,171.019622892141,560.101552307606,60.2146839797497,2184.90050259233,282.457411378622,0,0,2.18593108654022,0,19.8511824607849,0,55.7494816184044,0,0,0,6.68849563598633,0,0,0,0,0,115.474047958851,4.61081373691559,4.11304914951324,0,0,0,0,0,0,0,10.6288964748383,2.40477418899536,1.36895358562469,0,35.4522779583931,5.83743703365326,0,0,0,0,0,6.22853404283524
388.688429832458,7156.50007042289,1026.84652662277,0,168.598868459463,1024.73503544927,1360.09172528982,13406.748499006,126.408290565014,264.350311249495,169.024603366852,1733.63154006004,376.226079970598,1173.77077013254,48.7747679650784,190.834590911865,15.4309175610542,327.04466548562,1398.58195450902,3229.79226642847,3.85911950469017,3.8229498565197,1346.92403528094,3181.7855604291,156.034303307533,98.9713079333305,24.4591284990311,18.3201377987862,165.104483157396,155.863836050034,207.233060210943,333.604718804359,234.595470547676,291.320043116808,2.15782195329666,3.5462426841259,4.9737536907196,67.7098771035671,2.60647231340408,13.3928329944611,0,9.0284805893898,0,0.790039241313934,0,0,0,2.72143715620041,0,2.04893350601196,0,4.28402256965637,0,0,0,1.47193074226379,67.345855653286,614.229576081038,0.625000774860382,44.6586083769798,0,93.114434748888,0,170.06192445755,0,77.86706122756,11.5669285356998,166.85077676177,69.3607464432716,129.477484077215,942.110290586948,2206.41836342216,340.318609029055,2566.91118571162,67.9737922847271,660.666518777609,413.976578712463,2814.09324333072,0,0.482944458723068,0,22.7309624552727,5.526700258255,0.622933804988861,0,8.87152636051178,0,0,0,2.88252913951874,0,0,0,0,10.0163809657097,74.4436902403831,0,0,0,0,0,0,0,0.899146258831024,0.825606346130371,7.56355631351471,0,0,70.9241994321346,21.4619752168655,0,0,0,0,0,28.6434673070908
0,0,681.293506681919,168.598868459463,0,225.615668863058,79.617309898138,76.2259931862354,2168.52621200681,83.8150152862072,0,0,50.787227421999,0.579938113689423,2227.07631698251,37.3695795238018,0,0,0.818338662385941,0.768565893173218,134.4303599298,167.50023496151,237.656877249479,383.804393619299,266.978694856167,441.260486006737,746.5491964221,291.652746319771,886.761377811432,6.29744833707809,69.9673725366592,215.666968464851,21.1722196638584,6.97176307439804,3.83676815032959,0,26.7611827254295,0.813650369644165,3.9441921710968,2.34321177005768,131.848053216934,3.41676896810532,1.09373950958252,0,0,0,19.4668729305267,0,0,0,15.9535265266895,0,2.93940794467926,0,9.6226914525032,0,0,0,3.72137677669525,0,1.248859167099,0,2.65020024776459,0,1.11778128147125,0,1.85665947198868,0,0,0,1269.62905195355,170.600118368864,831.004932940006,20.1341121196747,25.2174515426159,2.44540649652481,134.792811244726,0,0,0,2.3129471540451,0,212.596389710903,0,18.8864525556564,0,26.8777951598167,0,25.0117779970169,0,0,0,0,0,3.82220298051834,0,0,0,0,0,0,0,0,0,0,0,0,0,1.91770303249359,0,0,0,0,0,0,0
0,0,79.6848044395447,1024.73503544927,225.615668863058,0,44.4157475233078,1096.03088453412,74.7496821880341,2286.95926424861,0,1.2925865650177,10.4428668618202,24.5802398324013,51.8555843830109,1507.90501618385,0,0,0,0.517309248447418,6.78753024339676,217.703088968992,173.163499295712,66.2436811029911,265.616954594851,453.383316487074,144.177506715059,1212.89176270366,14.4238092899323,128.458287894726,65.9335056245327,84.0096688866615,1.44613844156265,4.71048673987389,0,0,0,38.2252315878868,0,9.7198694050312,1.11880314350128,70.8624772131443,0,0,0,0,0,0.834916412830353,0,0,0,0,0,0,0,1.78298759460449,0,0,0,0,0,0,0,0.807129800319672,0,0,0,0,0,0,299.255406975746,1088.3257856369,21.5820284485817,779.385237932205,3.21222162246704,37.1781961917877,0,48.2458611130714,0,0,0,0,2.7929493188858,89.7989740967751,0,2.19042539596558,0,8.68803310394287,0,0.429329067468643,0,0,0,0,0,1.13546106219292,0,0,0,0,0,0,0,0,0,0.531014323234558,0,0,0.442681819200516,0,0,0,0,0,0,0
6870.56566286087,98.0691855847836,9911.5961805582,1360.09172528982,79.617309898138,44.4157475233078,0,1965.45630833507,1136.42779922485,26.9810346364975,1279.12978386879,359.563025802374,7875.6674926579,343.716420412064,185.920708417892,3.72171425819397,40.6346805095673,25.6728394329548,539.285614609718,1130.55138930678,0,2.37354385852814,553.894460886717,1376.88565868139,5.47574359178543,38.3619788885117,1.00019681453705,6.87181383371353,967.048743993044,28.1300466060638,46.2846285700798,325.38388222456,43.5065720975399,345.363450437784,1.28793859481812,0,43.3627806901932,4.89844900369644,0.730185747146606,1.45178735256195,8.01641565561295,0,0,0,0,0,2.81352970004082,0,14.9165097475052,0,386.664797514677,0,4.11905610561371,0,0.75547331571579,0,771.325450390577,3.96655735373497,233.262231260538,0,341.926562041044,1.01175570487976,19.8042027950287,0,132.462332010269,0,144.74882119894,3.62219676375389,34.8246897161007,2.73904517292976,4782.27708667517,630.054001152515,1285.44586730003,297.715156286955,285.866968840361,78.9677354693413,1751.34716975689,372.428703069687,4.54148238897324,0,5.96506875753403,0,4.53911018371582,0,180.04975733161,0,0,0,14.2089157700539,0,1.02833998203278,0,0,0,49.0676783919334,2.42533278465271,2.0481064915657,1.42588317394257,0,0,0,0,0,0,5.44534307718277,1.46613597869873,3.22001111507416,0,15.9447117745876,1.71294504404068,0,0,0,0,0,17.2326258420944
247.322442531586,4902.91598144174,1090.52466252446,13406.748499006,76.2259931862354,1096.03088453412,1965.45630833507,0,80.0590218305588,675.107272326946,156.072712808847,4092.09482014179,571.440878033638,7535.76812526584,38.0301536619663,168.029589354992,15.0233151316643,121.823023676872,1007.35354223847,319.441578149796,3.79468348622322,2.59434485435486,1476.08020600677,427.956272244453,47.6489356160164,17.5115764439106,12.4867860674858,2.29503893852234,181.521182537079,99.2360570728779,160.294877916574,82.0590313673019,141.016089707613,46.4882904887199,0.907448351383209,0,1.06884384155273,31.4102510213852,0,0,0,3.31949746608734,0,0,0,0,0,0,0,6.40101391077042,0,92.4061337709427,0,0,0,2.5666446685791,30.2720088362694,813.623053014278,0,205.914862900972,2.39161461591721,234.08775421977,0,113.523191034794,0,628.976130157709,8.98768669366837,40.6860035061836,59.9883351325989,8.67668175697327,1221.05131211877,4542.23936396837,292.787133336067,1481.74216380715,55.6475313305855,389.111736774445,385.39222189784,1855.11486154795,0,0,0,12.6226319670677,3.49302136898041,0,0,149.018604576588,0,0.985288083553314,0,10.0203751325607,0,0,0,0,2.6252453327179,26.7530615925789,0,0.730471014976501,0,1.07619535923004,0,0,0,0,1.15184092521667,4.58591878414154,1.82060623168945,1.92559349536896,36.8585976660252,8.98462009429932,0,0,0,0,0,9.42647606134415
2.14556711912155,0,563.154868990183,126.408290565014,2168.52621200681,74.7496821880341,1136.42779922485,80.0590218305588,0,28.2326698303223,2.60924607515335,0,961.875388622284,3.24386417865753,2900.54450777173,8.52035838365555,0,0,2.82466965913773,1.28173720836639,10.4057492315769,2.54045408964157,66.9638148248196,198.833157330751,40.6646767854691,111.525971591473,33.3522389829159,36.5624698996544,427.468301266432,0.562535464763641,17.9814622402191,98.5413329601288,0.64106160402298,0.42631408572197,0,0,6.56469702720642,0,1.19682681560516,0,8.96496683359146,0,0,0,0,0,1.55545520782471,0,0,0,0,0,0,0,0,0,0,0,0,0,0,0,0,0,0,0,0,0,0,0,795.098737329245,64.0305479764938,940.523178040981,7.5077982544899,44.9813020825386,0,229.081349760294,1.24118673801422,0,0,0,0,292.61686232686,0.472803205251694,0,0,1.45641672611237,0,1.36596596240997,0,0,0,0,0,3.92480427026749,0,0,0,0,0,0,0,0,0,0,0.776360929012299,0,0,1.91902655363083,1.19649487733841,0,0,0,0,0,0
0,0,53.6495587825775,264.350311249495,83.8150152862072,2286.95926424861,26.9810346364975,675.107272326946,28.2326698303223,0,0,13.032628595829,8.92124229669571,866.280234217644,17.8268927335739,2494.83690035343,0,0,0,1.85392612218857,1.47208905220032,57.0343407988548,72.6263958215714,24.099476903677,88.0312323868275,47.0074502229691,38.8022921979427,216.730253219604,6.04505252838135,94.35603505373,24.4034832119942,26.3752427697182,0,1.89902091026306,0,0,0,22.1121530234814,0,3.45045673847198,0,82.9792787432671,0,0,0,0,0,0,0,0,0,0,0,0,0,2.6637167930603,0,0,0,0,0,0,0,0,0,0,0,0.510241389274597,0,0,156.34331715107,1320.22149580717,14.8014618754387,1057.81435754895,0,67.6089973449707,0,90.1829988360405,0,0,0,0,1.92186260223389,52.1046484708786,0,2.25977039337158,0,10.0327282547951,0,0,0,0,0,0,0,2.05356186628342,0,0,0,0,0,0,0,0,0,0,0,0,3.26749163866043,0,0,0,0,0,0,0
2723.32510480285,40.3759129345417,874.84878963232,169.024603366852,0,0,1279.12978386879,156.072712808847,2.60924607515335,0,0,46.0898214578629,2522.78507223725,4.49537831544876,10.0415226221085,0,987.264695763588,4.49295681715012,685.8562040627,456.969571620226,0,0,12.3182473182678,10.069566488266,0,0,0,0,1556.75518649817,1.82773023843765,33.6670826077461,27.3889734447002,31.9333524107933,129.144331783056,0.802095592021942,0,20.8580005764961,0,4.65650737285614,0,0,0,0,0,0,0,0,0,3.9304673075676,0,117.366002738476,0,6.43787240982056,0,0.777373790740967,0,903.873743355274,0,93.0071874260902,0,818.112757176161,0,679.541870296001,0,91.303542137146,0,160.791326314211,0,48.9307396411896,0,1245.82699480653,38.2208265662193,310.253708928823,22.1999526023865,58.8548040390015,4.93790310621262,328.283410817385,33.0642763972282,6.45283418893814,0,202.105961322784,0,6.48314261436462,0,1344.67397269607,0,0,0,181.245913088322,0,0,0,0.9929319024086,0,9.43686544895172,0,1.04249441623688,0,0,0,0,0,0,0,0,0,0,0,0,0,0,0,0,0,0,0
117.356104016304,3567.03954023123,247.34780818224,1733.63154006004,0,1.2925865650177,359.563025802374,4092.09482014179,0,13.032628595829,46.0898214578629,0,84.5298371016979,5904.46787375212,0,184.357285737991,3.39412289857864,1640.04124855995,492.858053296804,644.343273937702,1.19176232814789,0,173.872008353472,119.239282906055,0,0.73421174287796,0,0.780554175376892,35.6598479449749,804.147949874401,23.6153740286827,37.198601603508,57.4761546254158,95.5891372561455,0,0,1.33298802375793,13.0708830952644,0,3.55320155620575,0,0,0,0,0,0,0,0,0,0.454523026943207,0,17.8136831521988,0,0,0,0,9.21317344903946,693.102646827698,0,47.8685645759106,0,726.835485816002,0,1197.67381677032,0,437.391557365656,0,28.2516866326332,8.08305388689041,12.8565334379673,221.801449239254,1264.48052752018,53.6966771185398,1344.69583967328,8.38279342651367,105.199910789728,169.647249341011,478.939397364855,0,2.48949217796326,0,82.8466441035271,0,0,0,105.395546704531,0,0,0,13.3851573467255,0,0,0,0,0,8.72663730382919,0,0,0,0,0,0,0,0,0,3.48543560504913,0,0,4.37058418989182,4.07341730594635,0,0,0,0,0,2.37090158462524
2051.82703185081,7.83024549484253,1523.22574967146,376.226079970598,50.787227421999,10.4428668618202,7875.6674926579,571.440878033638,961.875388622284,8.92124229669571,2522.78507223725,84.5298371016979,0,114.320960700512,2986.25469133258,1.3432469367981,117.160837471485,1.06129133701324,611.767350852489,305.854776144028,0,0,434.450042396784,374.963390141726,0,10.1889561414719,0,1.12800967693329,3781.86620390415,2.00013738870621,36.2697304785252,148.24113330245,39.859302431345,143.433626145124,1.28107142448425,0,26.3937648236752,0,5.45668482780457,0,3.21635895967484,0,0,0,0,0,2.03074884414673,0,0,0,122.29506868124,0,2.36902642250061,0,0,0,430.503799021244,0,18.5957193374634,0,370.707325786352,0,305.203640937805,0,86.2932730019093,0,24.3606241345406,0,15.8329012691975,0,3836.62916049361,208.183245927095,1009.32211628556,42.4903203845024,138.871694028378,13.3891630768776,1089.95236420631,61.5214830040932,3.09017843008041,0,157.865062773228,0,59.750555574894,0,915.137627661228,0,0,0,139.741403102875,0,0,0,0,0,30.2142515182495,0.463983207941055,0,0,0,0,0,0,0,0,0,0,0,0,5.00633788108826,0,0,0,0,0,0,0.717521488666534
1.71551698446274,561.991861462593,144.098574012518,1173.77077013254,0.579938113689423,24.5802398324013,343.716420412064,7535.76812526584,3.24386417865753,866.280234217644,4.49537831544876,5904.46787375212,114.320960700512,0,1.57518780231476,2256.65316414833,0,197.336206257343,87.4431809186935,272.401625037193,1.30486071109772,0,301.52033406496,295.750954568386,2.98113667964935,0,0,3.33362829685211,29.4508308768272,1146.1838209033,48.0116706490517,44.0294392704964,37.1603927612305,43.588665664196,0,1.501309633255,0,10.5970718860626,0,0,0,3.8815735578537,0,0,0,0,0,0,0,0,0,8.65397143363953,0,0,0,0,0,80.2541231811047,0,6.37344548106194,0,199.115014046431,0,377.600494027138,0,195.820582151413,0,6.81524273753166,0,1.8300918340683,284.027647852898,2228.84099918604,36.3049788475037,2081.49943038821,4.70486634969711,279.911333978176,20.7348663806915,672.745090335608,0,1.87380963563919,0,49.5375345349312,0,0,0,50.649495780468,0,0,0,2.02111113071442,0,0,0,0,2.24740070104599,8.76616236567497,0,0,0,0,0,0,0,0,0,0.481555104255676,0,0,11.1167579293251,4.54022324085236,0,0,0,0,0,3.82389390468597
10.4013256430626,0,288.525547683239,48.7747679650784,2227.07631698251,51.8555843830109,185.920708417892,38.0301536619663,2900.54450777173,17.8268927335739,10.0415226221085,0,2986.25469133258,1.57518780231476,0,9.34368801116943,1.07851076126099,0,10.7950785756111,0,336.974084943533,106.18406611681,136.618074148893,123.868500590324,224.136195123196,102.621929228306,520.778033524752,102.141102135181,2547.83415824175,0,66.9592288434505,68.4773173034191,15.8486475050449,2.12399119138718,1.04750370979309,0,12.5510166883469,0,2.86884266138077,0.955619871616364,20.0246537923813,2.93968141078949,0,0,0,0,2.68046224117279,0,0,0,0.54276704788208,0,0,0,0.627876400947571,0,2.09552264213562,0,0,0,0,0,1.13919806480408,0,0,0,0.739311277866364,0,0,0,1679.80459204316,91.9513866901398,1524.68275123835,8.97265875339508,124.650993287563,0.840186774730682,505.521434575319,0,0,0,3.92770659923553,0,1101.47462776303,0,6.65711969137192,0,4.44897556304932,0.892208397388458,5.14032757282257,0,0,0,0,0,15.4154679775238,0,0,0,0,0,0,0,0,0,0,0.575032413005829,0,0,5.02573782205582,1.54203313589096,1.71265590190887,0,0,0,0,2.39839881658554
0,11.3103318214417,10.5626167058945,190.834590911865,37.3695795238018,1507.90501618385,3.72171425819397,168.029589354992,8.52035838365555,2494.83690035343,0,184.357285737991,1.3432469367981,2256.65316414833,9.34368801116943,0,0,41.5908580422401,0,16.5721683502197,4.63266754150391,176.925986200571,24.6043882369995,57.2843863368034,52.2819595634937,115.985408991575,58.288735896349,474.973847568035,2.49073052406311,2303.00759941339,20.3218451142311,56.3554728627205,3.72385799884796,4.33046913146973,0,0,0,60.2435082793236,0,14.5074241161346,1.21249341964722,219.611098080873,0,1.50443279743195,0,0,0,0.88332861661911,0,0,0,0,0,0.382966548204422,0,15.8371471762657,0,5.10135078430176,0,0,0,2.80846071243286,0,26.7990896105766,0,0.738151490688324,0,0,0,0,92.3886361420155,1260.5150436759,5.88162302970886,3354.51212120056,0,178.238276541233,1.08788681030273,224.365769505501,0,0,0,15.6592079401016,0,240.543055385351,0,9.66854178905487,0,29.6327414512634,0,3.54903435707092,0,0,0,0,0.420140236616135,4.97102496027946,0,0,0,0,0,0,0,0,0,0.897145926952362,0,0,3.1244803071022,0.636995434761047,0,0,0,0,0,1.28056919574738
560.921293526888,10.7642782330513,168.652414977551,15.4309175610542,0,0,40.6346805095673,15.0233151316643,0,0,987.264695763588,3.39412289857864,117.160837471485,0,1.07851076126099,0,0,1.0941596031189,81.1745045185089,65.3979784548283,0,0,0.685703456401825,0,0,0,0,0,3140.14451897144,0,1.04975557327271,0,4.42139959335327,23.4208253026009,0,0,24.0537987947464,0,3.11588609218597,0,2.28759765625,0,0,0,1.1420333981514,0,0,0,4.7566280066967,0,31.8616830706596,0,0,0,0,0,2300.65821045637,12.0764397978783,95.4255644381046,2.64368832111359,619.880580723286,0,1202.4450455904,7.51590311527252,12.2474749684334,1.46155023574829,80.2138307094574,16.2719581723213,24.3560805916786,3.98768186569214,220.232822209597,5.93667662143707,243.058727025986,6.21230095624924,22.0266618728638,2.00711905956268,134.417608618736,11.0324117839336,311.70789039135,3.02374970912933,1354.13592770696,2.81817865371704,52.9000096321106,0,196.342827141285,0,1.37085634469986,0,9.21502256393433,0,0,0,0,0,11.4874610900879,0,1.86753380298615,0,0,0,0,0,0.672368347644806,0,0,0,0,0,0,0,0,0,0,0,0,0
21.2255521416664,621.8321865201,45.6742586791515,327.04466548562,0,0,25.6728394329548,121.823023676872,0,0,4.49295681715012,1640.04124855995,1.06129133701324,197.336206257343,0,41.5908580422401,1.0941596031189,0,110.889889329672,186.603128135204,0,0,6.26633709669113,25.4206317663193,0,0,0,0.573499798774719,2.75327974557877,1711.0554471612,3.9800940155983,11.8095672726631,11.3394061923027,47.1577205061913,0,0,0,3.80997788906097,1.42912626266479,3.09203886985779,0,0,0,0,0,2.48498994112015,0,0.514001131057739,0,0,0,6.48945069313049,0,0,0,0,5.62834534049034,1850.78074944019,0,32.5821745097637,0,188.7378654778,1.86962080001831,2138.46812641621,0,41.7933466136456,2.86273977160454,15.1498217582703,3.03788354992867,19.3745884299278,32.0093041658401,266.248484939337,10.9849411249161,1917.35172432661,3.44876229763031,88.1207914352417,56.7291359603405,209.482366323471,0,230.090340226889,0,779.937045276165,0,6.23863825201988,0,18.489898443222,0,0,0,3.78840273618698,0,0,0,0,0,9.97607660293579,0,0,0,0,0,0,0,0,0,2.41487950086594,1.48145091533661,0,5.04937154054642,1.9311934709549,0,0,0,0,0,0
2495.12609004974,1581.63161495328,3349.43350356817,1398.58195450902,0.818338662385941,0,539.285614609718,1007.35354223847,2.82466965913773,0,685.8562040627,492.858053296804,611.767350852489,87.4431809186935,10.7950785756111,0,81.1745045185089,110.889889329672,0,4833.83604991436,0.485459089279175,0,769.313890039921,235.315973460674,1.41473925113678,0,0,0,601.451424926519,31.4430501759052,350.074493616819,492.02825525403,4151.93469625711,1889.09270036221,40.0165052115917,2.04747742414474,93.6452007293701,9.8914567232132,10.6404876112938,1.42903500795364,6.67374885082245,0,2.14466768503189,0,9.80081409215927,0,8.94878888130188,0,1.32694721221924,0,8.46066647768021,0,0,0,0,0,262.912291884422,114.178585469723,102.101953566074,6.5976647734642,18.0362379848957,0,4.18198519945145,4.21958100795746,9.22212868928909,1.61382961273193,1433.71207031608,74.229003816843,1961.66964513063,220.866896510124,841.3429043293,476.00728943944,887.48028832674,291.281488448381,327.749465227127,105.821572810411,1617.08914005756,701.924394965172,0,0,2.66756820678711,0,1.1002711057663,0,21.2773562073708,0,0,0,0,0,0,0,0,0,97.9644648432732,4.79665237665176,1.37524735927582,0,1.35535514354706,0,0,0,0,0,5.84504294395447,0,0,0,33.1801865100861,1.24855133891106,0,0,0,0,0,7.54388511180878
1203.65396487713,3792.07933005691,1038.80133065581,3229.79226642847,0.768565893173218,0.517309248447418,1130.55138930678,319.441578149796,1.28173720836639,1.85392612218857,456.969571620226,644.343273937702,305.854776144028,272.401625037193,0,16.5721683502197,65.3979784548283,186.603128135204,4833.83604991436,0,1.75812721252441,1.20082879066467,443.383876055479,1036.20402491093,5.50248020887375,0,0,0,206.930992275476,57.2386735677719,174.378168791533,526.803133010864,954.998672097921,6323.31028547883,9.35903161764145,6.56676918268204,24.4627959132195,35.0775396227837,3.31425809860229,7.69735813140869,0,0,0,0.619220733642578,0,0,0.975419104099274,0.796115696430206,0.960953295230865,0,0,0.552048563957214,0,0,0,0,210.99190852046,722.684170663357,17.6232508718967,47.2618525922298,1.86307924985886,44.7986906766891,0,62.1456138491631,0.771720349788666,35.9679438769817,417.473911345005,415.181715011597,833.800372213125,2556.67638149858,646.40667501092,618.030077278614,430.078558117151,651.063056975603,123.525897920132,251.779687851667,982.692281752825,1569.24140569568,0,0,0,4.43882870674133,1.01424503326416,0,0,8.20877593755722,0,0,0,0,0,0,0,0,8.42128026485443,31.1339305043221,1.8321433365345,0.672981381416321,0,0,0,0,0,0,1.48888385295868,7.38451153039932,0,4.64562833309174,32.2683981359005,11.3663635849953,0,0,0,0,0,8.81448408961296
0,0,3.20539113879204,3.85911950469017,134.4303599298,6.78753024339676,0,3.79468348622322,10.4057492315769,1.47208905220032,0,1.19176232814789,0,1.30486071109772,336.974084943533,4.63266754150391,0,0,0.485459089279175,1.75812721252441,0,47.0593044161797,11.9623205959797,33.4032960534096,166.481932580471,20.3342388868332,523.196631848812,29.8401569128036,54.4758803248405,0,814.568553924561,36.9848521947861,86.9837138354778,2.86268174648285,16.6476134359837,0,11.4632642865181,3.68652474880219,4.22155177593231,0,107.995589137077,1.82954883575439,0,0,0,0,1.25667369365692,0.948767006397247,0.903107583522797,0,0,0,0,0,2.66229319572449,0,0,0,0,0,0,0,0,0,0,0,1.96826165914536,0,0.528600454330444,0,922.961685121059,41.0865449309349,261.873049736023,1.97957932949066,13.1764857769012,2.8990815281868,5.67710071802139,0,0,0,0,0,0,2.3949111700058,0,1.24880981445312,3.78791910409927,0,5.59522861242294,0,0,0,0,0,0,0,0,0,0,0,0,0,0,0,0,0,0,0,0,0,0,0,0,0,0,0
0,0,7.45491075515747,3.8229498565197,167.50023496151,217.703088968992,2.37354385852814,2.59434485435486,2.54045408964157,57.0343407988548,0,0,0,0,106.18406611681,176.925986200571,0,0,0,1.20082879066467,47.0593044161797,0,17.3490262031555,38.532083183527,75.2562471926212,230.021684765816,226.278241872787,1067.97017458081,27.7393145561218,90.5368961691856,133.490056633949,1089.05105233192,13.7369109392166,24.4080531001091,2.06224799156189,0,9.99969041347504,33.1154207587242,4.00493979454041,14.9654912948608,1.09214067459106,175.409150868654,0,0,0.874275028705597,0,0,2.76225382089615,0,0,0,0.800482869148254,0,1.04032111167908,0,0.869897425174713,0,0,0,0,1.85988688468933,0,0,0,0,0,0.91812264919281,0.527634739875793,0,0,211.728697478771,707.525718569756,4.91427540779114,128.37092512846,0,3.18625569343567,0.890520036220551,16.7060700654984,0,0,0,0,0.561584293842316,116.662562549114,0,1.43722951412201,0,16.8726812005043,0,0,0,0,0,0,0.656086921691895,1.34986913204193,0,0,0,0,0,0,0,0,0,0,0,0,0,0,0,0,0,0,0,0
17.5340291559696,1.20127391815186,2957.95120176673,1346.92403528094,237.656877249479,173.163499295712,553.894460886717,1476.08020600677,66.9638148248196,72.6263958215714,12.3182473182678,173.872008353472,434.450042396784,301.52033406496,136.618074148893,24.6043882369995,0.685703456401825,6.26633709669113,769.313890039921,443.383876055479,11.9623205959797,17.3490262031555,0,3054.82890060544,888.523016035557,306.645098417997,44.0359522402287,61.7776195704937,585.819541215897,5.83982968330383,2637.14158537984,1593.35973989964,1152.4164429307,596.971749097109,396.014545679092,1.94532722234726,13.0657395720482,3.49650800228119,0,0,3.5644616484642,0,11.0461950600147,0,20.0020521879196,0,13.3694117069244,0,0,0,0.556761145591736,0,0,0,0,0,5.82138705253601,1.07992458343506,1.15745878219604,0,0,0,0,0,0,0,391.237238526344,0,27.6263574957848,0,1166.08184245229,649.18885242939,836.005778580904,287.785652399063,138.574851602316,112.793189048767,770.593638211489,352.453785955906,0,0,1.04066443443298,0,15.8726981878281,0,0,0,0,0,0,0,0,0,0,0,39.6377087235451,0.956938147544861,0,0,0,0,0,0,0,0,0,0,0,0,11.7320578694344,0.56192809343338,0,0,0,0,0,0.718176364898682
4.14383256435394,15.9917513728142,1280.58092314005,3181.7855604291,383.804393619299,66.2436811029911,1376.88565868139,427.956272244453,198.833157330751,24.099476903677,10.069566488266,119.239282906055,374.963390141726,295.750954568386,123.868500590324,57.2843863368034,0,25.4206317663193,235.315973460674,1036.20402491093,33.4032960534096,38.532083183527,3054.82890060544,0,625.551287531853,711.654674559832,109.217088192701,96.4770040512085,170.587587535381,31.8521726131439,648.767600476742,3152.16209354997,192.620379507542,1802.45315331221,0,30.9961671829224,1.58696389198303,8.42575722932816,0,0,1.15246963500977,1.7872554063797,0,0.866551041603088,0,0,0,1.81617343425751,0,0,0,0,0,0,0,0,0,3.53493189811707,0,0,0,0,0,13.6834105849266,0,0,0,124.898492515087,0,11.738274037838,1102.85013788939,1120.2022742331,390.385992974043,747.135323733091,49.7251225709915,248.087179601192,102.020711958408,629.365311980247,0,0,0,2.20976489782333,5.80222278833389,0,0,0,0,0,0,0,0,0,0,0,2.0412175655365,3.55532237887383,0,0,0,0,0,0,0,0,0,0,0,0,12.3777376413345,5.38739705085754,0,0,0,0,0,2.29606795310974
0,0,68.9402485787868,156.034303307533,266.978694856167,265.616954594851,5.47574359178543,47.6489356160164,40.6646767854691,88.0312323868275,0,0,0,2.98113667964935,224.136195123196,52.2819595634937,0,0,1.41473925113678,5.50248020887375,166.481932580471,75.2562471926212,888.523016035557,625.551287531853,0,845.891664296389,955.067445009947,269.494183927774,60.3862009942532,12.9317157864571,993.654247760773,478.041059374809,165.349334031343,13.3626534640789,27.5632761716843,0,0,0,0,0.689599931240082,4.29172950983047,1.29313534498215,0,0,0,0,0,0,0,0,0,0,0,0,0,0,0,0,0,0,0,0,0,0,0,0,6.79252392053604,0,0,0,540.915289402008,155.041147053242,169.056934028864,21.5889671444893,6.33441126346588,7.03877252340317,30.1308004260063,2.12915861606598,0,0,2.18272966146469,0,26.2914725840092,0,0,0.820869386196136,0,0,0,0,0,0,0,0,1.25118100643158,0,0,0,0,0,0,0,0,0,0,0,0,0,0.468659430742264,0,0,0,0,0,0,0
0,0,70.1483383178711,98.9713079333305,441.260486006737,453.383316487074,38.3619788885117,17.5115764439106,111.525971591473,47.0074502229691,0,0.73421174287796,10.1889561414719,0,102.621929228306,115.985408991575,0,0,0,0,20.3342388868332,230.021684765816,306.645098417997,711.654674559832,845.891664296389,0,597.597560405731,1831.7628583014,30.5751026272774,17.3135123550892,212.277844727039,679.209238827229,18.1682820916176,10.3026070892811,0,0,0,2.92366346716881,0,0.534975588321686,0,17.6631877720356,0,0,0,0,0,0,0,0,0,0,0,0,0,0,0,0,0,0,0,0,0,0,0,0,0,0,0,0,541.270665049553,543.413757860661,38.3470652103424,167.785194844007,1.66877323389053,4.14034390449524,2.85397839546204,11.8436201810837,0,0,0,0,8.54016619920731,10.2490205466747,0,0.610719501972198,0,1.70234444737434,0,0,0,0,0,0,0,0.489907205104828,0,0,0,0,0,0,0,0,0,0,0,0,0,0,0,0,0,0,0,0
0,0,7.51116752624512,24.4591284990311,746.5491964221,144.177506715059,1.00019681453705,12.4867860674858,33.3522389829159,38.8022921979427,0,0,0,0,520.778033524752,58.288735896349,0,0,0,0,523.196631848812,226.278241872787,44.0359522402287,109.217088192701,955.067445009947,597.597560405731,0,553.743100613356,85.7299508154392,2.13541948795319,401.87975564599,357.809558808804,28.8352892100811,4.48219940066338,1.5600683093071,0,210.933767914772,94.4905765652657,61.0049269199371,6.48153215646744,20.5672060847282,7.91305446624756,0,1.00357294082642,0,0,6.80163925886154,7.22306728363037,0.935042977333069,0,5.64693677425385,2.16123533248901,0,0,0.630545616149902,0,2.76763558387756,0,0.969090104103088,0,0,0,0,0,0,1.09060776233673,3.27318692207336,0,0,0,605.353166103363,133.466974765062,105.503729999065,20.8909240067005,26.7326193451881,5.89164972305298,14.675056874752,28.1785569190979,0,0,0,0,18.9050846397877,6.8881910443306,0,0,0.652337193489075,1.96276944875717,1.43717831373215,0,0,0,0,0,0.920339941978455,0.741424739360809,0.886602997779846,0,0,1.0369873046875,0,0,0,0,0.832683205604553,0,0,0,0,0,0,0,0,0,0,0
0,0,25.8751804828644,18.3201377987862,291.652746319771,1212.89176270366,6.87181383371353,2.29503893852234,36.5624698996544,216.730253219604,0,0.780554175376892,1.12800967693329,3.33362829685211,102.141102135181,474.973847568035,0,0.573499798774719,0,0,29.8401569128036,1067.97017458081,61.7776195704937,96.4770040512085,269.494183927774,1831.7628583014,553.743100613356,0,24.1855934858322,32.9073199629784,121.369793504477,286.304893225431,10.3349591493607,6.5534807741642,0,0.465394616127014,92.0007335543633,253.806118518114,28.5325737595558,22.9045182168484,5.80139493942261,53.1915943324566,0,0.581813216209412,0,0,0,11.8654038310051,1.04416763782501,3.3342080116272,1.1834237575531,0.853422284126282,0,1.35220411419868,0,1.72955277562141,0.83917909860611,1.41124439239502,0.415042579174042,0,0,0.710660576820374,1.88075959682465,1.12406980991364,0,3.87061661481857,0,0.681865990161896,0,0,381.594238251448,959.770371764898,24.852653503418,269.437722176313,18.7611634731293,14.6720572113991,12.0315235853195,112.008889585733,0,0,0,0,2.20157361030579,50.0608368813992,0,6.61805897951126,0,8.25250789523125,0,0,0,0,0,0,3.81166958808899,6.85573774576187,0,0,0,1.19923543930054,0,0,0,0.642913579940796,0.739432036876678,0,0,0,0,0,0,0,0,0,0,0
823.665557980537,29.1715444028378,1395.33800446987,165.104483157396,886.761377811432,14.4238092899323,967.048743993044,181.521182537079,427.468301266432,6.04505252838135,1556.75518649817,35.6598479449749,3781.86620390415,29.4508308768272,2547.83415824175,2.49073052406311,3140.14451897144,2.75327974557877,601.451424926519,206.930992275476,54.4758803248405,27.7393145561218,585.819541215897,170.587587535381,60.3862009942532,30.5751026272774,85.7299508154392,24.1855934858322,0,0.815759062767029,62.8208200335503,123.400856107473,44.5468752384186,99.3549469411373,22.3695092201233,17.647419154644,282.210841476917,2.16165485978127,53.0760721564293,0,472.361279904842,3.79148197174072,31.3340527117252,0,48.8058103919029,0,264.152675002813,0,109.036185115576,0,580.039493203163,0,54.5156254470348,0,125.20127427578,7.96728444099426,1611.25407412648,21.4664047062397,620.686316043139,9.14045137166977,530.351516127586,1.38129150867462,696.599664956331,6.23257979750633,77.4650573432446,1.01226878166199,331.575445860624,51.0321362614632,80.3225999474525,16.991837054491,1224.42825174332,80.4970477223396,2071.39300072193,19.4712082445621,93.1506095528603,7.89595061540604,516.095678806305,41.7132875323296,309.149635374546,0,1339.40840050578,3.41992604732513,1126.35800606012,0,690.688415557146,0,289.091206967831,0,300.044791519642,0,0.679189383983612,0,0,0,24.4580460786819,1.39994633197784,3.7096266746521,0,6.72048038244247,0,0,0,0,0,2.63878273963928,0,1.48648846149445,1.35214138031006,1.41140747070312,1.36107510328293,0,0,0,0,0,2.33651888370514
0,62.8190202116966,11.576334297657,155.863836050034,6.29744833707809,128.458287894726,28.1300466060638,99.2360570728779,0.562535464763641,94.35603505373,1.82773023843765,804.147949874401,2.00013738870621,1146.1838209033,0,2303.00759941339,0,1711.0554471612,31.4430501759052,57.2386735677719,0,90.5368961691856,5.83982968330383,31.8521726131439,12.9317157864571,17.3135123550892,2.13541948795319,32.9073199629784,0.815759062767029,0,1.72379314899445,9.41142266988754,2.02749234437943,6.97472929954529,2.32472902536392,2.66436588764191,0.821959376335144,117.462491810322,0,11.0044510364532,0,195.993763267994,3.09973394870758,15.6632252931595,1.77273607254028,22.6869474053383,0.992568373680115,34.0485047996044,0,34.8518853187561,0,58.4378943443298,0,51.184721082449,0,46.5785006582737,3.40767157077789,173.394516795874,0,65.1953032612801,0,47.6170306801796,0,457.063919097185,0,38.2310451865196,3.9102258682251,51.1207664906979,2.19920855760574,8.05229485034943,19.7279939055443,138.167358338833,2.7372899055481,5328.6627291441,1.0197731256485,26.8281520009041,11.8897492587566,59.8164213895798,0,161.378095328808,0,433.527302831411,0,495.16593003273,0,96.1961735486984,0,51.2932397425175,0,29.3932054638863,1.9391838312149,0,0,0,0,2.02438861131668,0,0,0,7.30411165952682,2.535151720047,0,0,0,0,0,1.53639709949493,0,0,0,0,0,0,0,0,0
11.5716002583504,5.76956737041473,116.030944079161,207.233060210943,69.9673725366592,65.9335056245327,46.2846285700798,160.294877916574,17.9814622402191,24.4034832119942,33.6670826077461,23.6153740286827,36.2697304785252,48.0116706490517,66.9592288434505,20.3218451142311,1.04975557327271,3.9800940155983,350.074493616819,174.378168791533,814.568553924561,133.490056633949,2637.14158537984,648.767600476742,993.654247760773,212.277844727039,401.87975564599,121.369793504477,62.8208200335503,1.72379314899445,0,719.426403939724,1917.32044517994,284.52033367753,344.80225995183,3.04976737499237,2.58358526229858,0,2.86067068576813,1.71340662240982,3.50070941448212,1.72177863121033,8.16455924510956,0,20.939786195755,0,5.68348556756973,0,0,0,0,0,0,0,0,0,1.0264518558979,0.910284876823425,2.00415363907814,0,0.871249794960022,0,0,1.43720006942749,0,1.18896555900574,380.45864996314,7.98569211363792,18.3795202076435,2.76213264465332,997.976034849882,198.762802422047,84.0065494775772,57.6060502529144,22.106237590313,15.178338766098,94.2085777521133,81.2326248884201,0,0,0.816641390323639,1.27746140956879,0.592711806297302,0.78085845708847,0,0,0,0,0,0,0,0,0,0,7.6272981762886,2.79278641939163,0,0,0,0,0,0,0,0,0,0.735578060150146,0,0,0.791248321533203,0,0,0,0,0,0,1.05147016048431
17.1720960140228,9.00893670320511,476.520420372486,333.604718804359,215.666968464851,84.0096688866615,325.38388222456,82.0590313673019,98.5413329601288,26.3752427697182,27.3889734447002,37.198601603508,148.24113330245,44.0294392704964,68.4773173034191,56.3554728627205,0,11.8095672726631,492.02825525403,526.803133010864,36.9848521947861,1089.05105233192,1593.35973989964,3152.16209354997,478.041059374809,679.209238827229,357.809558808804,286.304893225431,123.400856107473,9.41142266988754,719.426403939724,0,262.531687319279,2961.27681863308,5.63209617137909,109.579095005989,5.51567316055298,4.51374584436417,0,1.30947464704514,0,5.00146573781967,1.84885317087173,3.31617087125778,0.837438404560089,0.788967132568359,0.716326892375946,19.8326413631439,0,0,1.08293914794922,1.53914499282837,0,0,0,0,0,10.4755829274654,0,1.24968713521957,0.50131893157959,1.2315171957016,0,8.04081255197525,0,0,23.6021393537521,456.370418429375,3.16834950447083,19.9190397262573,504.391938745975,373.423403769732,213.794081747532,110.383762538433,41.2622842788696,38.9340698719025,226.504978895187,233.106036901474,0,0,0,2.56850689649582,6.16874206066132,3.53196972608566,0,0,0,0,0,0,0,0,0,0,3.43871504068375,2.98417234420776,0,0,0,0,0,0,0,0,0,1.22184205055237,0.64695006608963,0,6.10001248121262,0,0,0,0,0,0,0.964286327362061
27.5085425674915,231.045531868935,102.570530235767,234.595470547676,21.1722196638584,1.44613844156265,43.5065720975399,141.016089707613,0.64106160402298,0,31.9333524107933,57.4761546254158,39.859302431345,37.1603927612305,15.8486475050449,3.72385799884796,4.42139959335327,11.3394061923027,4151.93469625711,954.998672097921,86.9837138354778,13.7369109392166,1152.4164429307,192.620379507542,165.349334031343,18.1682820916176,28.8352892100811,10.3349591493607,44.5468752384186,2.02749234437943,1917.32044517994,262.531687319279,0,753.93408498168,1043.69343990088,17.1962231397629,14.8967015743256,10.1999910771847,7.58706486225128,0.589584052562714,0,0,20.8663828969002,0.469816654920578,164.607844948769,0,11.1002955436707,0.598677396774292,2.83161628246307,0,2.67564958333969,1.7244371175766,0,0,1.38304555416107,0,14.8815368711948,99.6391731798649,10.1893801689148,19.4099524319172,0.787944972515106,3.30776607990265,1.52511215209961,27.5630933046341,0,6.78708627820015,2932.68365687132,195.547632038593,743.710382014513,155.14798411727,232.727692484856,104.080883800983,61.3080399632454,50.8502208292484,19.8370263576508,14.7991788983345,118.671051323414,142.422130793333,0,3.06562262773514,2.07299828529358,13.2668745517731,0,0,1.19722831249237,2.10310584306717,0,0,0.802381455898285,0,0,0,0,0,3.83197444677353,3.1938790678978,0,0,0,0,0,0,0,0,0,1.32402348518372,0,0,0,0.713967502117157,0,0,0,0,0,0
249.925812661648,304.283883035183,364.437230288982,291.320043116808,6.97176307439804,4.71048673987389,345.363450437784,46.4882904887199,0.42631408572197,1.89902091026306,129.144331783056,95.5891372561455,143.433626145124,43.588665664196,2.12399119138718,4.33046913146973,23.4208253026009,47.1577205061913,1889.09270036221,6323.31028547883,2.86268174648285,24.4080531001091,596.971749097109,1802.45315331221,13.3626534640789,10.3026070892811,4.48219940066338,6.5534807741642,99.3549469411373,6.97472929954529,284.52033367753,2961.27681863308,753.93408498168,0,166.439070165157,1155.0590352416,42.4548870921135,29.7417034208775,16.0550044775009,21.3820766806602,6.6998245716095,3.46745163202286,22.0136987566948,25.7276412546635,22.9545179903507,4.14483231306076,20.8315843343735,88.4365446567535,7.21054399013519,0.881162583827972,27.2473904490471,5.64968711137772,0,0,8.03315830230713,9.7692608833313,120.702492445707,441.948735326529,121.544135302305,62.6558105051517,80.694912135601,17.1470782160759,30.9737122058868,53.8717319071293,12.0627293586731,15.506475508213,1557.76191365719,4378.98841914535,588.818721562624,1024.06958895922,233.907279849052,208.322813868523,164.546356528997,125.504942953587,69.8145876526833,44.4848542511463,412.015846520662,377.875644356012,2.07926863431931,0,30.4965512156487,37.7167862951756,2.91141760349274,1.53422904014587,36.4497828483582,23.7309027314186,0,0.611338794231415,28.4244211912155,6.94963324069977,0,0,0,0,12.8162146508694,12.5436521172523,0.816563785076141,0,0,1.71919012069702,0,0,0,0.802056610584259,1.48885548114777,2.49369752407074,0,2.82057839632034,1.32535421848297,2.05292141437531,0,0,0.584304392337799,2.5120735168457,0,8.33340093493462
0.688838005065918,4.27277004718781,8.89397180080414,2.15782195329666,3.83676815032959,0,1.28793859481812,0.907448351383209,0,0,0.802095592021942,0,1.28107142448425,0,1.04750370979309,0,0,0,40.0165052115917,9.35903161764145,16.6476134359837,2.06224799156189,396.014545679092,0,27.5632761716843,0,1.5600683093071,0,22.3695092201233,2.32472902536392,344.80225995183,5.63209617137909,1043.69343990088,166.439070165157,0,377.33715030551,124.656216800213,133.028370916843,54.5891202092171,35.984620153904,17.3703191876411,5.66764158010483,422.682585835457,338.956967681646,757.530016213655,318.068580925465,413.526499122381,137.350043833256,245.946298122406,224.253651708364,336.637136459351,156.292819678783,68.051460146904,175.098881721497,93.8181958794594,91.5986166894436,0.932020723819733,36.3673759698868,74.5026012659073,59.0191376805305,8.01703602075577,7.79414641857147,2.80200672149658,3.14603996276855,5.63352197408676,5.74349999427795,3595.63343551755,626.919852226973,0,22.3905785679817,47.5856272578239,3.17812770605087,22.4023517370224,36.7487325370312,3.6643026471138,4.15914130210876,98.8897647559643,45.9920380711555,0.829528331756592,0,14.9742114543915,5.07183021306992,0.636321306228638,0,30.8986397981644,20.4071090221405,3.81951898336411,0.762714803218842,155.581161201,38.579498142004,2.39099252223969,0,0,0,1.10177063941956,0.537129938602448,0.731059968471527,0,7.55499351024628,7.97163832187653,0,0,0,0,0,0,0,0,0,0,0,0,0,0,0,0
0,0,0.507269501686096,3.5462426841259,0,0,0,0,0,0,0,0,0,1.501309633255,0,0,0,0,2.04747742414474,6.56676918268204,0,0,1.94532722234726,30.9961671829224,0,0,0,0.465394616127014,17.647419154644,2.66436588764191,3.04976737499237,109.579095005989,17.1962231397629,1155.0590352416,377.33715030551,0,107.411114007235,283.630381703377,44.4396685361862,95.2355380058289,27.1200412511826,10.4226961135864,406.234476268291,312.887460768223,609.598169833422,381.59080696106,285.302323192358,123.381248772144,275.430085510015,216.466160535812,357.398518443108,115.767625451088,70.4480445384979,98.7815752029419,72.1586299836636,77.5630669891834,0.864712774753571,0,112.343316912651,42.5283378362656,33.3889297842979,1.35632920265198,3.66535586118698,2.43369033932686,11.2738134860992,4.87112784385681,942.31823644042,2221.63982751966,2.74080389738083,1.32497334480286,8.50825220346451,3.29955476522446,14.6967564821243,31.0923514962196,0.7564417719841,3.53866577148438,78.0441257953644,169.28238004446,0,0,13.7161376476288,16.3339300751686,3.39575231075287,1.93076741695404,51.7859205901623,21.1069219708443,4.58396971225739,1.4524781703949,145.493480920792,39.7752152383327,6.17775964736938,0,0,0,6.77026563882828,0,0,0,7.20974743366241,10.0672637820244,0,0,0,0,0,0,0,0,0,0,0,0,0,0,0,0
528.572318613529,8.06206327676773,122.373556762934,4.9737536907196,26.7611827254295,0,43.3627806901932,1.06884384155273,6.56469702720642,0,20.8580005764961,1.33298802375793,26.3937648236752,0,12.5510166883469,0,24.0537987947464,0,93.6452007293701,24.4627959132195,11.4632642865181,9.99969041347504,13.0657395720482,1.58696389198303,0,0,210.933767914772,92.0007335543633,282.210841476917,0.821959376335144,2.58358526229858,5.51567316055298,14.8967015743256,42.4548870921135,124.656216800213,107.411114007235,0,431.06086447835,2086.05566871166,99.7852872610092,735.728524595499,38.3743608593941,254.671710968018,193.619127810001,285.059956282377,95.9796530604362,1563.15166556835,101.972254484892,555.47830671072,71.4116305112839,1161.98971131444,83.2184557616711,184.206278055906,85.442945599556,2118.4390757978,119.519445449114,397.242619663477,8.78625464439392,477.702326983213,52.4377546310425,310.299962759018,12.3450567126274,111.78134906292,4.04101729393005,111.236356019974,9.23260980844498,668.519163310528,477.066050380468,223.780598044395,1.57436990737915,545.563460916281,46.5246529281139,388.797721326351,38.7970176041126,1417.69574338198,47.7142793834209,4537.37840420008,119.15733987093,0,0,90.0618698596954,7.09090614318848,257.712815076113,0.988124251365662,301.902454584837,8.76060819625854,606.987323254347,4.83317685127258,1495.18181464076,35.7541291117668,76.1220836043358,148.446067750454,32.8026999533176,61.7165468335152,171.949284017086,57.2391220033169,106.645252794027,26.3449314832687,44.2203078269958,58.2299888730049,21.2357618808746,21.5008298754692,34.6278261840343,78.1358064711094,52.2688802182674,39.1546852588654,36.7726846933365,27.7921198010445,26.7432959675789,36.1607139706612,18.044748544693,1.41230905056,3.99694842100143,2.26322996616364,5.04704934358597,6.14478799700737
1.13260638713837,146.057985186577,3.4670147895813,67.7098771035671,0.813650369644165,38.2252315878868,4.89844900369644,31.4102510213852,0,22.1121530234814,0,13.0708830952644,0,10.5970718860626,0,60.2435082793236,0,3.80997788906097,9.8914567232132,35.0775396227837,3.68652474880219,33.1154207587242,3.49650800228119,8.42575722932816,0,2.92366346716881,94.4905765652657,253.806118518114,2.16165485978127,117.462491810322,0,4.51374584436417,10.1999910771847,29.7417034208775,133.028370916843,283.630381703377,431.06086447835,0,100.523747622967,2211.08894228935,23.2796274125576,719.422109752893,69.6189444065094,190.209014266729,32.1591542065144,372.914505660534,183.944917410612,470.661715149879,35.269479572773,382.397491753101,102.486274123192,458.597925543785,8.0754753947258,299.551068007946,41.1675106883049,1848.3746047914,8.82966983318329,203.016878724098,319.241112947464,549.940318793058,233.343548893929,301.466972321272,39.2379653453827,51.8061057925224,49.011698693037,475.058072566986,821.945337235928,933.44903293252,0,16.3052195012569,69.9562797546387,287.806186914444,37.8226732611656,511.539081543684,42.2983969151974,376.568025052547,356.268058598042,4348.81608998775,2.11948895454407,4.22770142555237,18.2425879836082,167.003449946642,0,381.348231911659,82.6323900818825,572.635718047619,1.9014168381691,1248.70978826284,67.8476366996765,2212.21558991075,32.5623034238815,25.1706797778606,6.93883764743805,11.6246836185455,23.0849445164204,100.928460866213,29.7999681532383,8.59101685881615,20.2234365046024,43.3750967383385,7.9997064769268,4.46865916252136,12.7130564451218,39.7361485958099,12.3208784759045,23.027572453022,14.8405126929283,7.75044363737106,6.64870771765709,13.2885894179344,5.34411969780922,0,0,0.665124654769897,0,3.85829448699951
107.79071778059,8.04908365011215,11.0073249936104,2.60647231340408,3.9441921710968,0,0.730185747146606,0,1.19682681560516,0,4.65650737285614,0,5.45668482780457,0,2.86884266138077,0,3.11588609218597,1.42912626266479,10.6404876112938,3.31425809860229,4.22155177593231,4.00493979454041,0,0,0,0,61.0049269199371,28.5325737595558,53.0760721564293,0,2.86067068576813,0,7.58706486225128,16.0550044775009,54.5891202092171,44.4396685361862,2086.05566871166,100.523747622967,0,61.7305383980274,662.09339427948,3.32260406017303,468.876931339502,14.1727235913277,421.082542210817,0,1321.3440143466,8.09882783889771,222.729111492634,1.10437107086182,203.480599045753,0,45.4208633005619,0,1860.70478138328,7.18883323669434,141.57244771719,10.230498790741,179.417184770107,22.3618062734604,36.2983463406563,6.59583449363708,50.5652926564217,0,14.5097957849503,1.58833634853363,429.97700175643,90.3706767559052,72.0140147209167,4.46859562397003,89.2636290788651,32.6385932266712,57.8340483307838,6.28324979543686,139.580669850111,22.440197467804,230.667153060436,74.77088996768,0,0,18.8071088194847,1.43663477897644,211.159955859184,0,56.9136885106564,0,145.254853278399,0,535.998562842607,0,250.952990829945,555.969352215528,77.2750889360905,183.435864388943,63.5911029577255,118.894196003675,80.0599539577961,41.8806351721287,67.0799289345741,130.139185994864,56.2370110154152,39.5290220081806,49.159821331501,135.345351606607,24.4819314181805,36.3908608257771,26.2181385755539,31.9969956874847,4.89176213741302,4.35416483879089,17.0364117920399,1.68352085351944,4.43429318070412,0,2.8558195233345,1.46875470876694
0.934388875961304,74.2908345162868,0,13.3928329944611,2.34321177005768,9.7198694050312,1.45178735256195,0,0,3.45045673847198,0,3.55320155620575,0,0,0.955619871616364,14.5074241161346,0,3.09203886985779,1.42903500795364,7.69735813140869,0,14.9654912948608,0,0,0.689599931240082,0.534975588321686,6.48153215646744,22.9045182168484,0,11.0044510364532,1.71340662240982,1.30947464704514,0.589584052562714,21.3820766806602,35.984620153904,95.2355380058289,99.7852872610092,2211.08894228935,61.7305383980274,0,0,988.302881091833,25.5045026838779,548.945554792881,7.97567906975746,342.683141171932,39.9474442601204,797.977864652872,4.56416368484497,111.407253235579,4.49993544816971,87.3931696116924,1.56968402862549,128.864840388298,1.28669440746307,2660.51722562313,1.63976681232452,125.216021418571,6.28179043531418,73.9961594343185,9.98865652084351,26.0988466739655,0,16.5497160553932,0,33.5989834070206,53.1062193512917,710.108411163092,0,15.4895824193954,11.1135058403015,77.2614567875862,3.20622050762177,38.2967859506607,32.7579298317432,27.6052818894386,84.5720819830894,235.225377261639,0,1.61650884151459,0,16.9048383831978,0,86.4958049952984,0,98.4327076375484,1.06664037704468,175.628956764936,0.892205536365509,566.868813842535,52.227084338665,55.7258943319321,7.40570157766342,14.2643814086914,8.85220265388489,25.5133118033409,27.0412908196449,11.8103685975075,13.7862027287483,30.6371268630028,8.65337181091309,2.86070281267166,9.06897205114365,13.3960657119751,11.863129556179,4.93833816051483,7.13920244574547,4.35770642757416,2.99108636379242,0,0.641762793064117,0,0,0,1.14922714233398,0
4.50209730863571,0,9.55615323781967,0,131.848053216934,1.11880314350128,8.01641565561295,0,8.96496683359146,0,0,0,3.21635895967484,0,20.0246537923813,1.21249341964722,2.28759765625,0,6.67374885082245,0,107.995589137077,1.09214067459106,3.5644616484642,1.15246963500977,4.29172950983047,0,20.5672060847282,5.80139493942261,472.361279904842,0,3.50070941448212,0,0,6.6998245716095,17.3703191876411,27.1200412511826,735.728524595499,23.2796274125576,662.09339427948,0,0,51.1783195137978,38.7242522239685,0,22.4067813158035,0,239.670599907637,0,68.074314057827,0,215.220916539431,0,35.8487712144852,0,325.68841907382,2.17611122131348,3.88670194149017,0,62.0137473940849,0,55.5531905293465,0,9.75830370187759,0,37.0591863393784,0,81.1887793838978,9.2992998957634,0,0,432.006505072117,49.9593788981438,1134.8418776989,10.8746894598007,349.248850405216,42.3903204798698,417.571029990911,5.32529067993164,0,0,16.4508950710297,0,878.887383341789,1.26832902431488,102.248589217663,2.6017861366272,944.091869235039,19.2293447256088,284.508941680193,7.77536207437515,6.04912370443344,0,2.86594945192337,2.45603743195534,17.2769321203232,0.901079773902893,1.8390092253685,0,9.60593956708908,0,6.00683218240738,0,2.02464461326599,0.928193181753159,7.53628477454185,3.12243753671646,3.07183429598808,0.602539598941803,5.55606389045715,2.72972923517227,0.639056444168091,0,0,0,0,4.36488121747971
0,0,0,9.0284805893898,3.41676896810532,70.8624772131443,0,3.31949746608734,0,82.9792787432671,0,0,0,3.8815735578537,2.93968141078949,219.611098080873,0,0,0,0,1.82954883575439,175.409150868654,0,1.7872554063797,1.29313534498215,17.6631877720356,7.91305446624756,53.1915943324566,3.79148197174072,195.993763267994,1.72177863121033,5.00146573781967,0,3.46745163202286,5.66764158010483,10.4226961135864,38.3743608593941,719.422109752893,3.32260406017303,988.302881091833,51.1783195137978,0,4.80658251047134,22.8766222894192,0,31.4733276963234,1.2691997885704,63.7624707520008,0,36.5536458790302,0,56.7431267499924,0,61.6877763271332,12.7980163097382,632.932118147612,0,1.95172506570816,0,60.9505102932453,0,8.54802203178406,0,1.38178396224976,0,40.1004622578621,4.63030076026917,101.343336522579,0,0,27.7837266325951,319.628264665604,35.0273745059967,1057.67829161882,37.4723443388939,295.280270576477,22.1293268501759,139.901706635952,0,1.08269894123077,0,27.3493531942368,2.84019124507904,1884.72022369504,0,162.049999952316,7.92708122730255,1838.57390660048,21.7637835144997,333.499895781279,0,0,0,0.56535542011261,0.573121905326843,4.5357386469841,0,0,0,7.09936356544495,0,0,0.568922758102417,0.612122714519501,1.18094074726105,0.665548622608185,0,0,0,1.48325371742249,0,0,0,0,0,0.702265679836273
0,0,0,0,1.09373950958252,0,0,0,0,0,0,0,0,0,0,0,0,0,2.14466768503189,0,0,0,11.0461950600147,0,0,0,0,0,31.3340527117252,3.09973394870758,8.16455924510956,1.84885317087173,20.8663828969002,22.0136987566948,422.682585835457,406.234476268291,254.671710968018,69.6189444065094,468.876931339502,25.5045026838779,38.7242522239685,4.80658251047134,0,3192.16228866577,8702.17980116606,1417.19171786308,7796.61397314072,1195.35440659523,2640.78766980767,447.338882178068,3870.48142942786,102.979198932648,547.768157988787,81.7006226480007,499.216942846775,90.8897131383419,0,1.87900120019913,47.5446217656136,35.1627048254013,0.495527774095535,0,1.71554899215698,0,0.798406302928925,0,2324.30043676496,724.082746326923,0,1.79701268672943,2.85101521015167,0,74.6502927541733,11.7794357538223,7.43167135119438,2.01922541856766,182.300198853016,15.8518207371235,0,0,21.3844218552113,1.13086768984795,4.60108205676079,1.6278310418129,34.0606447160244,5.89437162876129,1.90983211994171,0.461963683366776,122.275145888329,13.9234434366226,68.9168338775635,0,0,0,0.900803804397583,0,1.15846568346024,0,336.369809657335,167.662913143635,0,0,0,0,0,0,0,0,0,0,0,0,0,0,0,0
0,0,0,0.790039241313934,0,0,0,0,0,0,0,0,0,0,0,1.50443279743195,0,0,0,0.619220733642578,0,0,0,0.866551041603088,0,0,1.00357294082642,0.581813216209412,0,15.6632252931595,0,3.31617087125778,0.469816654920578,25.7276412546635,338.956967681646,312.887460768223,193.619127810001,190.209014266729,14.1727235913277,548.945554792881,0,22.8766222894192,3192.16228866577,0,2068.90161848068,9423.83053898811,394.87828630209,7685.3085564971,492.267636954784,1898.58771318197,947.417303860188,1192.74792051315,155.873026669025,1360.70297589898,74.5671996474266,882.351329147816,0,0,55.3500690460205,38.8584435582161,2.28892552852631,0,0,0,1.41394364833832,3.13286769390106,544.411157369614,2086.9865861237,1.65149372816086,0,2.33966624736786,1.79450541734695,1.40630519390106,107.589868754148,0,11.7886527776718,198.604848980904,119.207389801741,0,0,0,23.9966733455658,0,16.1371390223503,45.6396036744118,84.7515790760517,0,11.642327696085,57.1033657193184,184.952335268259,0,0,0,0,0,1.5574803352356,0,0.934184849262238,6.84487509727478,372.326663553715,0,0,0,0,0,0,0,0,0,0,0.987418055534363,0,0,0,0,0
0,0,1.28848320245743,0,0,0,0,0,0,0,0,0,0,0,0,0,1.1420333981514,0,9.80081409215927,0,0,0.874275028705597,20.0020521879196,0,0,0,0,0,48.8058103919029,1.77273607254028,20.939786195755,0.837438404560089,164.607844948769,22.9545179903507,757.530016213655,609.598169833422,285.059956282377,32.1591542065144,421.082542210817,7.97567906975746,22.4067813158035,0,8702.17980116606,2068.90161848068,0,1047.54903358221,1636.74860620499,61.6740026175976,3050.30874475837,304.618882834911,544.073574781418,14.5101628899574,47.7172384858131,11.9851505756378,195.239579200745,50.2858580946922,1.94570022821426,0.694718301296234,145.88936534524,20.0877314507961,14.0454531013966,0,1.22066384553909,0,2.56598603725433,0,2221.1028303504,910.367048293352,0,0.790510475635529,12.0989542901516,0,126.25927272439,4.0950653553009,16.2284035086632,0.553942501544952,366.455359190702,13.7995367646217,0.714170575141907,0,87.5451075434685,0,5.2266611456871,0,99.5581658780575,4.02356624603271,1.16310179233551,0,86.2730387747288,0.822663903236389,2.3558874130249,0,0,0,7.75534653663635,0,4.65642005205154,0,42.3923171162605,1.98321092128754,0,0,0,0,0,0,0,0,0,0,0,0,0,0,0,0
0,0,0,0,0,0,0,0,0,0,0,0,0,0,0,0,0,2.48498994112015,0,0,0,0,0,0,0,0,0,0,0,22.6869474053383,0,0.788967132568359,0,4.14483231306076,318.068580925465,381.59080696106,95.9796530604362,372.914505660534,0,342.683141171932,0,31.4733276963234,1417.19171786308,9423.83053898811,1047.54903358221,0,63.0617355704308,2190.78757470846,158.146393299103,3853.70484545827,240.901785552502,1385.14140632749,11.7371411919594,352.988492131233,3.7288966178894,267.308622896671,0.756475865840912,0,13.4400722980499,469.495517671108,4.18645441532135,0.651044309139252,0,2.76939761638641,1.72885572910309,5.99814441800117,566.553557425737,2295.7159692347,0,0,0,0,0,285.700558394194,0,50.8582182824612,66.0024604797363,267.659792691469,0,1.71265387535095,0,75.7245800197124,0,7.21826910972595,24.9377003312111,185.763428628445,0,0,0,121.943460673094,0,0,0,0,0,19.1952004432678,0,0,1.90766537189484,20.8257386684418,0,0,0,0,0,0,0,0,0,0,0,0,0,0,0,0
1.03669536113739,1.24390912055969,1.78425961732864,0,19.4668729305267,0,2.81352970004082,0,1.55545520782471,0,0,0,2.03074884414673,0,2.68046224117279,0,0,0,8.94878888130188,0.975419104099274,1.25667369365692,0,13.3694117069244,0,0,0,6.80163925886154,0,264.152675002813,0.992568373680115,5.68348556756973,0.716326892375946,11.1002955436707,20.8315843343735,413.526499122381,285.302323192358,1563.15166556835,183.944917410612,1321.3440143466,39.9474442601204,239.670599907637,1.2691997885704,7796.61397314072,394.87828630209,1636.74860620499,63.0617355704308,0,112.994828224182,487.870278686285,17.5263968110085,1608.96569174528,5.4974502325058,1641.09331163764,4.76870584487915,4808.00974223018,72.2820512652397,3.3131245970726,2.40381079912186,90.8823190033436,32.5484511256218,16.7998470067978,0,1.98416388034821,0,27.0325897336006,11.3291490077972,1708.9215208292,707.923327326775,0,1.13436853885651,41.4838642776012,1.25401222705841,306.523231804371,10.5556070208549,23.8477766513824,0,773.472244232893,35.6243358254433,1.22023701667786,0,79.4205813705921,1.37524271011353,64.8340559005737,0,215.74823153019,5.67499351501465,76.9184604585171,0,1093.42842486501,15.9571339488029,573.622878462076,0,0,0,23.3498841226101,4.21625036001205,60.08041203022,0,877.545970410109,0,0,0,1.15596425533295,0.503774881362915,3.19140338897705,1.58796733617783,0.562851786613464,0,2.57115972042084,48.8865495920181,0.920224249362946,0,0,0,0.487253963947296,0
0.5021852850914,24.3953685760498,0,2.72143715620041,0,0.834916412830353,0,0,0,0,0,0,0,0,0,0.88332861661911,0,0.514001131057739,0,0.796115696430206,0.948767006397247,2.76225382089615,0,1.81617343425751,0,0,7.22306728363037,11.8654038310051,0,34.0485047996044,0,19.8326413631439,0.598677396774292,88.4365446567535,137.350043833256,123.381248772144,101.972254484892,470.661715149879,8.09882783889771,797.977864652872,0,63.7624707520008,1195.35440659523,7685.3085564971,61.6740026175976,2190.78757470846,112.994828224182,0,4.99516862630844,448.394946038723,0.575246572494507,275.75522261858,0,1263.14763128757,2.05585384368896,3294.67260140181,2.82527673244476,25.2743892669678,2.74617618322372,51.5014360547066,0,6.06775146722794,1.31366527080536,3.97873872518539,0,10.5367305278778,201.59842762351,1119.65755909681,0.792148530483246,3.49830090999603,1.22042882442474,26.8902714252472,1.03758370876312,260.681237339973,0.449879854917526,40.2560017704964,94.9520462155342,627.078161180019,0,0,0,25.8319952189922,0,32.6529504358768,0,158.589987248182,0,46.8882761895657,3.04739058017731,449.677836596966,2.59926092624664,1.5037656724453,0,0,0,16.0298839509487,0.809569478034973,6.77773183584213,0,958.171148985624,0.881908297538757,0,1.69074881076813,0,0,0,1.02087259292603,0,0,25.3629661798477,2.07809907197952,0,0,0,0,0.475582093000412
5.94510817527771,0,5.75507593154907,0,0,0,14.9165097475052,0,0,0,3.9304673075676,0,0,0,0,0,4.7566280066967,0,1.32694721221924,0.960953295230865,0.903107583522797,0,0,0,0,0,0.935042977333069,1.04416763782501,109.036185115576,0,0,0,2.83161628246307,7.21054399013519,245.946298122406,275.430085510015,555.47830671072,35.269479572773,222.729111492634,4.56416368484497,68.074314057827,0,2640.78766980767,492.267636954784,3050.30874475837,158.146393299103,487.870278686285,4.99516862630844,0,88.9697586297989,5284.12558412552,10.5198296904564,157.185047835112,1.25437045097351,218.494731158018,29.0559376478195,7.78133100271225,0,862.209891051054,19.7669018507004,125.960208117962,0,10.3066216111183,0,4.83373987674713,0,729.12717333436,611.889405220747,0,0.793789386749268,41.2291514277458,0.610645890235901,316.488235324621,0,38.5467423498631,0,787.629148066044,1.66246026754379,3.34786123037338,0,216.758034437895,0,37.7926701307297,0,188.000338405371,1.28684377670288,5.02311342954636,0,163.665042668581,0,4.62565279006958,0,0,0,25.6794960200787,0,12.3812902569771,0,11.0892201662064,0,0,0,0,0,0,0,0.662445724010468,0,0,1.79284286499023,0,0,0,0,0,0
0,1.91129541397095,0,2.04893350601196,0,0,0,6.40101391077042,0,0,0,0.454523026943207,0,0,0,0,0,0,0,0,0,0,0,0,0,0,0,3.3342080116272,0,34.8518853187561,0,0,0,0.881162583827972,224.253651708364,216.466160535812,71.4116305112839,382.397491753101,1.10437107086182,111.407253235579,0,36.5536458790302,447.338882178068,1898.58771318197,304.618882834911,3853.70484545827,17.5263968110085,448.394946038723,88.9697586297989,0,143.301078140736,4143.1128257513,3.32447147369385,784.850226730108,3.18167340755463,277.223542124033,0,5.11211115121841,16.1359521150589,854.469511061907,0,4.27057486772537,0,0,0,458.75258743763,398.812890976667,1106.30891686678,0,0,0,3.00663596391678,0,312.821714222431,0,66.8851037323475,77.7706981003284,348.055469751358,0,0.746591031551361,0,120.010282218456,0,17.0250423252583,27.0351057648659,372.789462834597,0,1.18584501743317,3.8048620223999,198.519598692656,0,0,0,0,0,25.2625061869621,0,0,0,11.762975692749,0,0,0,0,0,0,0,2.1813268661499,0,0.590859293937683,0,0,0,0,0,0
308.06712731719,0,22.6128054261208,0,15.9535265266895,0,386.664797514677,0,0,0,117.366002738476,0,122.29506868124,0,0.54276704788208,0,31.8616830706596,0,8.46066647768021,0,0,0,0.556761145591736,0,0,0,5.64693677425385,1.1834237575531,580.039493203163,0,0,1.08293914794922,2.67564958333969,27.2473904490471,336.637136459351,357.398518443108,1161.98971131444,102.486274123192,203.480599045753,4.49993544816971,215.220916539431,0,3870.48142942786,947.417303860188,544.073574781418,240.901785552502,1608.96569174528,0.575246572494507,5284.12558412552,143.301078140736,0,5.08857297897339,4096.95300734043,0,2018.44748726487,94.5641433596611,498.33053073287,3.15021634101868,2769.53790539503,35.8793520331383,1764.76195853949,1.99077975749969,48.219638466835,0,1558.24055245519,0,979.752877980471,1317.14639994502,0.664124846458435,1.60992032289505,344.248759627342,4.29324150085449,1026.34394305944,0.837116777896881,98.2382950186729,0,1577.83819493651,25.3613074123859,34.7417417764664,0,793.623612552881,0,209.117939800024,0,3414.83123812079,4.6276683807373,56.7226941585541,0,1917.91944825649,0,39.5386276245117,0,0,0,35.1466166675091,0,32.1060262322426,0,27.3565205335617,0,0,0,0,0,0,0,3.77403527498245,0,1.73249632120132,0.608378529548645,0,0,0,0,0,0
0,60.8430631756783,0,4.28402256965637,0,0,0,92.4061337709427,0,0,0,17.8136831521988,0,8.65397143363953,0,0,0,6.48945069313049,0,0.552048563957214,0,0.800482869148254,0,0,0,0,2.16123533248901,0.853422284126282,0,58.4378943443298,0,1.53914499282837,1.7244371175766,5.64968711137772,156.292819678783,115.767625451088,83.2184557616711,458.597925543785,0,87.3931696116924,0,56.7431267499924,102.979198932648,1192.74792051315,14.5101628899574,1385.14140632749,5.4974502325058,275.75522261858,10.5198296904564,4143.1128257513,5.08857297897339,0,0,3435.02972564101,0,461.668523132801,0,42.2729460895061,2.13233172893524,1496.06383141875,0,53.5022706389427,0,11.1664163470268,0,1213.01985657215,180.531019538641,756.093414664268,0,0,3.74656713008881,26.4794154167175,0,532.261890262365,0,114.086513698101,90.5006892383099,527.433916896582,0,25.1945986151695,0,408.897717893124,0,63.8170597553253,3.65954542160034,4307.69389891624,0,6.86149826645851,0,787.299390077591,0,0,0,0,0,33.6378307044506,0,0,0,11.7584680616856,0,0,0,0,0,0,0,1.79513776302338,0,1.73327869176865,0,0,0,0,0,0
0.680634558200836,0,0,0,2.93940794467926,0,4.11905610561371,0,0,0,6.43787240982056,0,2.36902642250061,0,0,0,0,0,0,0,0,0,0,0,0,0,0,0,54.5156254470348,0,0,0,0,0,68.051460146904,70.4480445384979,184.206278055906,8.0754753947258,45.4208633005619,1.56968402862549,35.8487712144852,0,547.768157988787,155.873026669025,47.7172384858131,11.7371411919594,1641.09331163764,0,157.185047835112,3.32447147369385,4096.95300734043,0,0,0,1706.8737719059,10.1277421712875,6.74348133802414,0,8.68174397945404,0,7.4832398891449,0,0.809059321880341,0,5.1650892496109,0,217.601084142923,174.607933521271,0,0,8.22069311141968,0,113.070770382881,0,5.13742178678513,0,177.728300988674,0.583379566669464,0.4239402115345,0,38.1533738970757,0,15.757054746151,0,149.509444147348,0,2.30811089277267,0,270.026754111052,0,56.7503963708878,0,0,0,3.59727174043655,0,2.74390196800232,0,49.6362672448158,0,0,0,0,0,0,0,0,0,0,0.523097932338715,0,0,0,0,0,0
0,0,0,0,0,0,0,0,0,0,0,0,0,0,0,0.382966548204422,0,0,0,0,0,1.04032111167908,0,0,0,0,0,1.35220411419868,0,51.184721082449,0,0,0,0,175.098881721497,98.7815752029419,85.442945599556,299.551068007946,0,128.864840388298,0,61.6877763271332,81.7006226480007,1360.70297589898,11.9851505756378,352.988492131233,4.76870584487915,1263.14763128757,1.25437045097351,784.850226730108,0,3435.02972564101,0,0,0,3854.4110775888,0,0,0,45.6359820663929,0,0,0,2.24888867139816,0,10.389029353857,165.213085889816,255.730339795351,0,0,1.01923310756683,3.76233220100403,0,312.832240879536,0,42.586894094944,99.4091456532478,235.742585718632,0,1.3199834227562,0,65.7413618862629,0,52.0082508921623,11.0796238183975,811.948262602091,0,19.0548273921013,0,1081.67618000507,0,0,0,0,0,19.3657740056515,0,0,0,73.1606675684452,0,0,0,0,0,0,0,0,0,1.85619878768921,0,0,0,0,0,0
1.16653180122375,0,0,0,9.6226914525032,0,0.75547331571579,0,0,0,0.777373790740967,0,0,0,0.627876400947571,0,0,0,0,0,2.66229319572449,0,0,0,0,0,0.630545616149902,0,125.20127427578,0,0,0,1.38304555416107,8.03315830230713,93.8181958794594,72.1586299836636,2118.4390757978,41.1675106883049,1860.70478138328,1.28669440746307,325.68841907382,12.7980163097382,499.216942846775,74.5671996474266,195.239579200745,3.7288966178894,4808.00974223018,2.05585384368896,218.494731158018,3.18167340755463,2018.44748726487,0,1706.8737719059,0,0,14.35957467556,6.78430366516113,0,26.4926517605782,4.15947675704956,24.1558886766434,0,2.6538153886795,0,17.719619601965,0,275.844802260399,123.099004000425,0,0,29.1673795282841,13.6654587388039,166.547263413668,1.27733254432678,47.3028253912926,4.56215447187424,350.288779556751,1.91004228591919,0,0,75.0706734955311,0,55.9857191741467,0,339.014223754406,0,277.402801245451,0,2150.59632354975,0,62.0782432556152,0,0,0,6.90298476815224,0,6.07454425096512,0,88.857789516449,0,0,0,0,0,0,0,0,0,0.695792317390442,0,0,0,0,0,0,0
0,1.95881199836731,0,1.47193074226379,0,1.78298759460449,0,2.5666446685791,0,2.6637167930603,0,0,0,0,0,15.8371471762657,0,0,0,0,0,0.869897425174713,0,0,0,0,0,1.72955277562141,7.96728444099426,46.5785006582737,0,0,0,9.7692608833313,91.5986166894436,77.5630669891834,119.519445449114,1848.3746047914,7.18883323669434,2660.51722562313,2.17611122131348,632.932118147612,90.8897131383419,882.351329147816,50.2858580946922,267.308622896671,72.2820512652397,3294.67260140181,29.0559376478195,277.223542124033,94.5641433596611,461.668523132801,10.1277421712875,3854.4110775888,14.35957467556,0,0,1.78853660821915,84.4733476042747,90.6836516261101,16.8126055598259,5.13871890306473,2.37948727607727,2.18341439962387,4.14539849758148,54.2581209540367,339.08031719923,480.307230383158,0,0,4.28257471323013,13.2175871133804,4.59117686748505,325.885278433561,6.41954576969147,37.6265960633755,72.5799464583397,246.012108445168,0,1.96130135655403,0,80.7169553637505,0,127.039783358574,27.5860741138458,973.781716912985,0,374.897577941418,83.076623737812,4260.40597268939,0,0,0,0,0,7.66083198785782,0,1.64927762746811,0,288.984297811985,0,0,0,0,0,0,0,0,0,0,0,0,0,0,0,0
11528.6913903058,294.611997634172,462.417580932379,67.345855653286,0,0,771.325450390577,30.2720088362694,0,0,903.873743355274,9.21317344903946,430.503799021244,0,2.09552264213562,0,2300.65821045637,5.62834534049034,262.912291884422,210.99190852046,0,0,5.82138705253601,0,0,0,2.76763558387756,0.83917909860611,1611.25407412648,3.40767157077789,1.0264518558979,0,14.8815368711948,120.702492445707,0.932020723819733,0.864712774753571,397.242619663477,8.82966983318329,141.57244771719,1.63976681232452,3.88670194149017,0,0,0,1.94570022821426,0.756475865840912,3.3131245970726,2.82527673244476,7.78133100271225,0,498.33053073287,0,6.74348133802414,0,6.78430366516113,0,0,174.984421551228,1786.55846321583,14.652199447155,4893.69634184241,4.97423094511032,1456.19729062915,54.9769253432751,275.212248057127,7.37848836183548,445.861188113689,147.907650887966,1069.18404558301,109.437558621168,1694.95471259952,57.8207002878189,1900.04792752862,19.5620684325695,340.299416482449,7.67071175575256,2783.90277424455,78.673821657896,34.8425278365612,3.30868750810623,318.068968176842,22.8353623747826,8.69752323627472,0,249.739293962717,0.623484313488007,0.525976061820984,0,44.705200701952,0,0,0,0,0,237.151574790478,0,33.7158263921738,0,0,0,0,0,0.642007350921631,0,6.17883145809174,0,11.4556736946106,0,2.80948078632355,3.64069497585297,0,0,0,0,0,0.820826530456543
62.4623865187168,12928.3830876946,9.85693275928497,614.229576081038,0,0,3.96655735373497,813.623053014278,0,0,0,693.102646827698,0,80.2541231811047,0,5.10135078430176,12.0764397978783,1850.78074944019,114.178585469723,722.684170663357,0,0,1.07992458343506,3.53493189811707,0,0,0,1.41124439239502,21.4664047062397,173.394516795874,0.910284876823425,10.4755829274654,99.6391731798649,441.948735326529,36.3673759698868,0,8.78625464439392,203.016878724098,10.230498790741,125.216021418571,0,1.95172506570816,1.87900120019913,0,0.694718301296234,0,2.40381079912186,25.2743892669678,0,5.11211115121841,3.15021634101868,42.2729460895061,0,0,0,1.78853660821915,174.984421551228,0,85.1367772817612,959.735413700342,64.0856668353081,1760.41242825985,24.5091482698917,3478.24315217137,3.72514677047729,439.924111664295,762.964637815952,235.965359210968,373.075320422649,1297.54808920622,105.071289211512,1163.676035285,45.5643210709095,2499.78677359223,4.19605445861816,644.713941991329,742.986543953419,3045.13614684343,8.04871761798859,96.2852072417736,10.2407157421112,389.612938731909,0,8.55238211154938,4.37038934230804,135.897541046143,0,0,0,56.2432846724987,0,0,0,0,4.00219333171844,192.034185707569,3.40295386314392,1.11046767234802,0,1.29767489433289,0,0,0,0,0,2.31277695298195,0,1.19142067432404,0.732364535331726,12.8821777701378,0,0,0,0,0,0.857208609580994
326.658454120159,5.13045397400856,112.277574837208,0.625000774860382,3.72137677669525,0,233.262231260538,0,0,0,93.0071874260902,0,18.5957193374634,0,0,0,95.4255644381046,0,102.101953566074,17.6232508718967,0,0,1.15745878219604,0,0,0,0.969090104103088,0.415042579174042,620.686316043139,0,2.00415363907814,0,10.1893801689148,121.544135302305,74.5026012659073,112.343316912651,477.702326983213,319.241112947464,179.417184770107,6.28179043531418,62.0137473940849,0,47.5446217656136,55.3500690460205,145.88936534524,13.4400722980499,90.8823190033436,2.74617618322372,862.209891051054,16.1359521150589,2769.53790539503,2.13233172893524,8.68174397945404,0,26.4926517605782,84.4733476042747,1786.55846321583,85.1367772817612,0,101.406270951033,4300.36095461249,32.4130437970161,129.605328142643,31.0444225668907,633.974267750978,21.3266882300377,2761.70876985788,794.509226322174,76.9428477883339,25.4710220694542,276.868371993303,19.4358966052532,913.825274735689,16.8617290854454,109.429237663746,0,1369.94834241271,59.4281447827816,126.415362477303,4.17114746570587,607.70727071166,19.1654652953148,44.3329111039639,0,261.129351466894,3.58537650108337,1.9343581199646,0,362.010557234287,0,0.962904274463654,0,0,0,95.4994535446167,0,30.5966103076935,0,1.17982184886932,0,0,0,0,0,0,0,7.23723244667053,0,1.36782848834991,2.17702585458755,0,0,0,0,0,0
0,249.787077218294,0,44.6586083769798,0,0,0,205.914862900972,0,0,0,47.8685645759106,0,6.37344548106194,0,0,2.64368832111359,32.5821745097637,6.5976647734642,47.2618525922298,0,0,0,0,0,0,0,0,9.14045137166977,65.1953032612801,0,1.24968713521957,19.4099524319172,62.6558105051517,59.0191376805305,42.5283378362656,52.4377546310425,549.940318793058,22.3618062734604,73.9961594343185,0,60.9505102932453,35.1627048254013,38.8584435582161,20.0877314507961,469.495517671108,32.5484511256218,51.5014360547066,19.7669018507004,854.469511061907,35.8793520331383,1496.06383141875,0,45.6359820663929,4.15947675704956,90.6836516261101,14.652199447155,959.735413700342,101.406270951033,0,84.154163479805,1931.5822057128,28.3890516459942,390.562058597803,6.24217230081558,1964.18074646592,469.850893646479,2489.82035189867,10.9324274659157,16.5793562531471,35.9585517048836,66.2532286643982,13.1308690607548,954.783313542604,1.34205174446106,182.660705178976,196.457936048508,944.566750645638,0,112.050904780626,9.16384983062744,588.827662706375,0,26.6986584663391,23.9139375090599,374.626712441444,0,0.744533956050873,3.2093266248703,177.492875516415,0,0,0,0,0,52.221145093441,0,2.11294436454773,0,0.678228914737701,0,0,0,0,0,0,0,0,0,5.64031440019608,0,0,0,0,0,0
834.583710730076,6.33274018764496,73.575374186039,0,1.248859167099,0,341.926562041044,2.39161461591721,0,0,818.112757176161,0,370.707325786352,0,0,0,619.880580723286,0,18.0362379848957,1.86307924985886,0,1.85988688468933,0,0,0,0,0,0,530.351516127586,0,0.871249794960022,0.50131893157959,0.787944972515106,80.694912135601,8.01703602075577,33.3889297842979,310.299962759018,233.343548893929,36.2983463406563,9.98865652084351,55.5531905293465,0,0.495527774095535,2.28892552852631,14.0454531013966,4.18645441532135,16.7998470067978,0,125.960208117962,0,1764.76195853949,0,7.4832398891449,0,24.1558886766434,16.8126055598259,4893.69634184241,64.0856668353081,4300.36095461249,84.154163479805,0,20.3123558759689,3616.06604087353,13.1963155865669,2257.06336915493,8.42290836572647,307.903408229351,401.254173874855,27.5725291967392,25.3920748829842,504.468893915415,14.0108782351017,571.003726154566,4.47229048609734,72.0685955286026,2.1717334985733,1152.7276622057,78.4232075214386,38.1795724332333,3.65079206228256,295.064802139997,9.5268748998642,17.0736946165562,0,1273.66728875041,0,8.83630532026291,0,379.990825235844,0,1.29214072227478,0,0,0,59.9440522193909,0,5.71725517511368,0,0,0,0,0,0,0,0,0,9.88576173782349,0,1.0280989408493,1.93733805418015,0,0,0,0,0,0
0,684.203547716141,0,93.114434748888,0,0,1.01175570487976,234.08775421977,0,0,0,726.835485816002,0,199.115014046431,0,2.80846071243286,0,188.7378654778,0,44.7986906766891,0,0,0,0,0,0,0,0.710660576820374,1.38129150867462,47.6170306801796,0,1.2315171957016,3.30776607990265,17.1470782160759,7.79414641857147,1.35632920265198,12.3450567126274,301.466972321272,6.59583449363708,26.0988466739655,0,8.54802203178406,0,0,0,0.651044309139252,0,6.06775146722794,0,4.27057486772537,1.99077975749969,53.5022706389427,0,0,0,5.13871890306473,4.97423094511032,1760.41242825985,32.4130437970161,1931.5822057128,20.3123558759689,0,9.62924885749817,4284.31878748536,0,2830.80377659202,94.4092315137386,104.001923978329,2.25445336103439,7.76161015033722,21.4989494681358,163.02003005147,2.30883026123047,517.447200238705,0,101.091873317957,144.974299699068,398.973021715879,0,42.1449413895607,4.37090158462524,290.916627913713,0,17.0768258571625,0,214.176839381456,0,2.49075609445572,0,83.4469293951988,0,0,0,0,0,14.8482402563095,0,0,0,0,0,0,0,0,0,0,0,0.995567500591278,0,1.63130879402161,0,0,0,0,0,0
168.783593595028,3.40392798185349,17.2990351319313,0,2.65020024776459,0,19.8042027950287,0,0,0,679.541870296001,0,305.203640937805,0,1.13919806480408,0,1202.4450455904,1.86962080001831,4.18198519945145,0,0,0,0,0,0,0,0,1.88075959682465,696.599664956331,0,0,0,1.52511215209961,30.9737122058868,2.80200672149658,3.66535586118698,111.78134906292,39.2379653453827,50.5652926564217,0,9.75830370187759,0,1.71554899215698,0,1.22066384553909,0,1.98416388034821,1.31366527080536,10.3066216111183,0,48.219638466835,0,0.809059321880341,0,2.6538153886795,2.37948727607727,1456.19729062915,24.5091482698917,129.605328142643,28.3890516459942,3616.06604087353,9.62924885749817,0,3.32625323534012,702.078880250454,5.89519071578979,152.749214619398,109.297565817833,25.4471294879913,16.3296014964581,312.953778833151,21.7878065705299,303.372113883495,5.05774474143982,33.7349661588669,1.65167886018753,578.298615396023,20.9752098619938,49.7822570204735,0,2095.7576559782,3.50001752376556,27.1591634452343,0,1865.56140187383,0,13.3192848861217,0,156.505165010691,0,0,0,0,0,27.8646285533905,0,6.33432483673096,0,0,0,0,0,0,0,1.42062371969223,0,0,0,0,0,0,0,0,0,0,0
4.14845606684685,613.648017942905,0,170.06192445755,0,0.807129800319672,0,113.523191034794,0,0,0,1197.67381677032,0,377.600494027138,0,26.7990896105766,7.51590311527252,2138.46812641621,4.21958100795746,62.1456138491631,0,0,0,13.6834105849266,0,0,0,1.12406980991364,6.23257979750633,457.063919097185,1.43720006942749,8.04081255197525,27.5630933046341,53.8717319071293,3.14603996276855,2.43369033932686,4.04101729393005,51.8061057925224,0,16.5497160553932,0,1.38178396224976,0,0,0,2.76939761638641,0,3.97873872518539,0,0,0,11.1664163470268,0,2.24888867139816,0,2.18341439962387,54.9769253432751,3478.24315217137,31.0444225668907,390.562058597803,13.1963155865669,4284.31878748536,3.32625323534012,0,0.888748049736023,788.310190856457,179.304299086332,135.44741782546,52.3899515271187,82.7617385983467,40.9012406766415,689.634192228317,8.74473094940186,1913.47851347923,0,161.526282310486,292.893877565861,519.826915532351,0,94.1230144500732,6.03252547979355,2557.68548426032,0,13.6116859912872,0,360.309557020664,0,7.46613442897797,0,69.4484640657902,0,0,0,0,0,16.7771854400635,0,0,0,0,0,0,0,0,0,0,0,0,0,0,0,0,0,0,0,0
159.33868843317,0,19.6622521579266,0,1.11778128147125,0,132.462332010269,0,0,0,91.303542137146,0,86.2932730019093,0,0,0,12.2474749684334,0,9.22212868928909,0.771720349788666,0,0,0,0,0,0,0,0,77.4650573432446,0,0,0,0,12.0627293586731,5.63352197408676,11.2738134860992,111.236356019974,49.011698693037,14.5097957849503,0,37.0591863393784,0,0.798406302928925,1.41394364833832,2.56598603725433,1.72885572910309,27.0325897336006,0,4.83373987674713,0,1558.24055245519,0,5.1650892496109,0,17.719619601965,4.14539849758148,275.212248057127,3.72514677047729,633.974267750978,6.24217230081558,2257.06336915493,0,702.078880250454,0.888748049736023,0,0,58.1251530349255,68.3958553373814,0,0,77.4063630402088,2.59381127357483,70.5898248851299,0,14.0230967402458,0,205.122935652733,4.32908290624619,1.76982444524765,0,41.6269230246544,1.43476474285126,8.84935963153839,0,3622.35036128759,0,5.23437038064003,0,301.65337395668,0,0,0,0,0,4.46963784098625,0,0,0,0,0,0,0,0,0,0,0,0,0,0,0,0,0,0,0,0,0
0,489.824276715517,0,77.86706122756,0,0,0,628.976130157709,0,0,0,437.391557365656,0,195.820582151413,0,0.738151490688324,1.46155023574829,41.7933466136456,1.61382961273193,35.9679438769817,0,0,0,0,0,0,1.09060776233673,3.87061661481857,1.01226878166199,38.2310451865196,1.18896555900574,0,6.78708627820015,15.506475508213,5.74349999427795,4.87112784385681,9.23260980844498,475.058072566986,1.58833634853363,33.5989834070206,0,40.1004622578621,0,3.13286769390106,0,5.99814441800117,11.3291490077972,10.5367305278778,0,458.75258743763,0,1213.01985657215,0,10.389029353857,0,54.2581209540367,7.37848836183548,439.924111664295,21.3266882300377,1964.18074646592,8.42290836572647,2830.80377659202,5.89519071578979,788.310190856457,0,0,78.4825205206871,262.657300770283,1.45506703853607,7.45278036594391,26.5258887112141,200.507637768984,2.21764731407166,904.994284719229,0,182.581097245216,144.677871078253,570.060674577951,0,15.6286677718163,1.58863139152527,822.47864112258,0,44.3715259730816,0,4572.85319876671,0,16.1975851655006,0,917.97923502326,0,0,0,0,0,14.0729144513607,0,0,0,0,0,0,0,0,0,0,0,0,0,0,0,0,0,0,0,0
247.842912912369,252.570777982473,376.781740039587,11.5669285356998,1.85665947198868,0,144.74882119894,8.98768669366837,0,0,160.791326314211,0,24.3606241345406,0,0.739311277866364,0,80.2138307094574,2.86273977160454,1433.71207031608,417.473911345005,1.96826165914536,0.91812264919281,391.237238526344,0,6.79252392053604,0,3.27318692207336,0,331.575445860624,3.9102258682251,380.45864996314,23.6021393537521,2932.68365687132,1557.76191365719,3595.63343551755,942.31823644042,668.519163310528,821.945337235928,429.97700175643,53.1062193512917,81.1887793838978,4.63030076026917,2324.30043676496,544.411157369614,2221.1028303504,566.553557425737,1708.9215208292,201.59842762351,729.12717333436,398.812890976667,979.752877980471,180.531019538641,217.601084142923,165.213085889816,275.844802260399,339.08031719923,445.861188113689,762.964637815952,2761.70876985788,469.850893646479,307.903408229351,94.4092315137386,152.749214619398,179.304299086332,58.1251530349255,78.4825205206871,0,4651.51511740685,2573.95408818126,569.141395747662,412.435746401548,151.215758979321,550.204973638058,77.7866907715797,107.714278697968,13.8540228009224,1862.18435785174,298.741826653481,28.3626089990139,19.8755668401718,267.676238507032,100.044789880514,15.7416534423828,0,282.073981434107,13.4630943536758,5.34641000628471,0,673.727023005486,20.7011081576347,32.1747797131538,0,0,0,90.1671112477779,0,18.707485973835,0,46.7276837825775,19.0643724799156,0,0,0,0,1.02019879221916,0,5.49370300769806,0,0,0,0,0,0,0,0,0
7.98906320333481,55.1953702867031,1.85869258642197,166.85077676177,0,0,3.62219676375389,40.6860035061836,0,0.510241389274597,0,28.2516866326332,0,6.81524273753166,0,0,16.2719581723213,15.1498217582703,74.229003816843,415.181715011597,0,0.527634739875793,0,124.898492515087,0,0,0,0.681865990161896,51.0321362614632,51.1207664906979,7.98569211363792,456.370418429375,195.547632038593,4378.98841914535,626.919852226973,2221.63982751966,477.066050380468,933.44903293252,90.3706767559052,710.108411163092,9.2992998957634,101.343336522579,724.082746326923,2086.9865861237,910.367048293352,2295.7159692347,707.923327326775,1119.65755909681,611.889405220747,1106.30891686678,1317.14639994502,756.093414664268,174.607933521271,255.730339795351,123.099004000425,480.307230383158,147.907650887966,235.965359210968,794.509226322174,2489.82035189867,401.254173874855,104.001923978329,109.297565817833,135.44741782546,68.3958553373814,262.657300770283,4651.51511740685,0,163.118735790253,337.216833412647,109.845339566469,94.4497739076614,59.3607741594315,652.135901719332,7.87247657775879,134.950390607119,663.073727607727,1037.78695508838,6.98602610826492,40.0448668897152,43.7527340054512,422.818678945303,0.455093026161194,27.805161178112,328.936485677958,281.601245254278,0,9.59290471673012,333.78822055459,432.648967266083,5.31386661529541,0,0,0,1.11183440685272,82.230392485857,0,0,13.980297088623,37.8361616134644,0,0,0,0,0,0,0,0,0,3.47324419021606,0,0,0,0,0,0
2467.0168736279,1151.8125654161,283.707327365875,69.3607464432716,0,0,34.8246897161007,59.9883351325989,0,0,48.9307396411896,8.08305388689041,15.8329012691975,0,0,0,24.3560805916786,3.03788354992867,1961.66964513063,833.800372213125,0.528600454330444,0,27.6263574957848,0,0,0,0,0,80.3225999474525,2.19920855760574,18.3795202076435,3.16834950447083,743.710382014513,588.818721562624,0,2.74080389738083,223.780598044395,0,72.0140147209167,0,0,0,0,1.65149372816086,0,0,0,0.792148530483246,0,0,0.664124846458435,0,0,0,0,0,1069.18404558301,373.075320422649,76.9428477883339,10.9324274659157,27.5725291967392,2.25445336103439,25.4471294879913,52.3899515271187,0,1.45506703853607,2573.95408818126,163.118735790253,0,748.244182795286,776.148536831141,101.372551947832,428.390099644661,22.46759557724,191.827657878399,17.0918760299683,2052.34468999505,115.596845567226,0,1.57090651988983,5.84532079100609,16.4623886942863,0.977544665336609,0,3.47231018543243,0,0,0,0.77190101146698,0,0,0,0,0,147.25669670105,0,10.0599603056908,0,0,0,0,0,0,0,3.73650735616684,0,2.84132397174835,0,1.15855836868286,0,0,0,0,0,0,0
106.869357854128,1284.08702176809,11.0384907126427,129.477484077215,0,0,2.73904517292976,8.67668175697327,0,0,0,12.8565334379673,0,1.8300918340683,0,0,3.98768186569214,19.3745884299278,220.866896510124,2556.67638149858,0,0,0,11.738274037838,0,0,0,0,16.991837054491,8.05229485034943,2.76213264465332,19.9190397262573,155.14798411727,1024.06958895922,22.3905785679817,1.32497334480286,1.57436990737915,16.3052195012569,4.46859562397003,15.4895824193954,0,0,1.79701268672943,0,0.790510475635529,0,1.13436853885651,3.49830090999603,0.793789386749268,0,1.60992032289505,0,0,0,0,0,109.437558621168,1297.54808920622,25.4710220694542,16.5793562531471,25.3920748829842,7.76161015033722,16.3296014964581,82.7617385983467,0,7.45278036594391,569.141395747662,337.216833412647,748.244182795286,0,38.6033961772919,232.322115659714,16.9563927650452,146.876452326775,5.97337621450424,69.0583671927452,209.265818655491,585.821917057037,2.04516243934631,5.96563589572906,4.78057420253754,31.6304096281528,0,1.14709794521332,0,5.08325165510178,0,0,0,0.837577939033508,0,0,0,0,0,24.6056904792786,0,0,0,0,0,0,0,0,0,0,0,0,0.515164077281952,4.9601982831955,0,0,0,0.850345253944397,0,0
3384.53961429,260.877080887556,1948.76035019755,942.110290586948,1269.62905195355,299.255406975746,4782.27708667517,1221.05131211877,795.098737329245,156.34331715107,1245.82699480653,221.801449239254,3836.62916049361,284.027647852898,1679.80459204316,92.3886361420155,220.232822209597,32.0093041658401,841.3429043293,646.40667501092,922.961685121059,211.728697478771,1166.08184245229,1102.85013788939,540.915289402008,541.270665049553,605.353166103363,381.594238251448,1224.42825174332,19.7279939055443,997.976034849882,504.391938745975,232.727692484856,233.907279849052,47.5856272578239,8.50825220346451,545.563460916281,69.9562797546387,89.2636290788651,11.1135058403015,432.006505072117,27.7837266325951,2.85101521015167,2.33966624736786,12.0989542901516,0,41.4838642776012,1.22042882442474,41.2291514277458,0,344.248759627342,3.74656713008881,8.22069311141968,1.01923310756683,29.1673795282841,4.28257471323013,1694.95471259952,105.071289211512,276.868371993303,35.9585517048836,504.468893915415,21.4989494681358,312.953778833151,40.9012406766415,77.4063630402088,26.5258887112141,412.435746401548,109.845339566469,776.148536831141,38.6033961772919,0,709.929293751717,6271.13121747971,219.796993553638,3305.07716354728,71.4623323380947,7116.69427973032,494.668314635754,29.6671791374683,0.912153422832489,234.028507232666,32.7224977016449,246.063012093306,7.72128856182098,307.004863649607,19.4876180291176,26.08304220438,6.84497630596161,123.718309283257,7.26464462280273,28.3576186001301,20.7938603162766,8.86679148674011,5.75416567921638,448.451290428638,28.842740893364,30.9673601686954,3.5309756398201,20.7270732820034,5.30995279550552,16.1736195385456,0.927101671695709,27.5030701160431,8.96090450882912,121.685784846544,24.2534221410751,23.9719407558441,22.7986609339714,68.8467944562435,17.301311314106,3.13564714789391,0.878657102584839,0.672140598297119,3.46686738729477,0,34.8287119567394
141.788308292627,2776.14738422632,411.987403512001,2206.41836342216,170.600118368864,1088.3257856369,630.054001152515,4542.23936396837,64.0305479764938,1320.22149580717,38.2208265662193,1264.48052752018,208.183245927095,2228.84099918604,91.9513866901398,1260.5150436759,5.93667662143707,266.248484939337,476.00728943944,618.030077278614,41.0865449309349,707.525718569756,649.18885242939,1120.2022742331,155.041147053242,543.413757860661,133.466974765062,959.770371764898,80.4970477223396,138.167358338833,198.762802422047,373.423403769732,104.080883800983,208.322813868523,3.17812770605087,3.29955476522446,46.5246529281139,287.806186914444,32.6385932266712,77.2614567875862,49.9593788981438,319.628264665604,0,1.79450541734695,0,0,1.25401222705841,26.8902714252472,0.610645890235901,3.00663596391678,4.29324150085449,26.4794154167175,0,3.76233220100403,13.6654587388039,13.2175871133804,57.8207002878189,1163.676035285,19.4358966052532,66.2532286643982,14.0108782351017,163.02003005147,21.7878065705299,689.634192228317,2.59381127357483,200.507637768984,151.215758979321,94.4497739076614,101.372551947832,232.322115659714,709.929293751717,0,131.473286569118,2174.88306233287,81.1670795083046,2563.55167356133,254.620699048042,10526.2434527278,0,39.3660683631897,8.32086825370789,411.901392877102,4.24704778194427,28.3303562402725,3.61537432670593,173.646943062544,11.8347333669662,82.3313814401627,23.6989064216614,125.058370530605,17.7151783108711,59.336549282074,6.48356252908707,34.3106170892715,76.9293976426125,256.580472141504,33.8715273737907,17.000405818224,10.5261142849922,35.8760642707348,14.1441104114056,5.2999701499939,18.9865800738335,71.500234246254,73.5571819841862,107.42225471139,55.1725414693356,29.2961825430393,138.685469150543,65.7916241288185,3.16022491455078,2.88869518041611,5.88184612989426,4.00279635190964,4.64482301473618,63.2406165599823
2774.16094049811,134.544235646725,1939.23528000712,340.318609029055,831.004932940006,21.5820284485817,1285.44586730003,292.787133336067,940.523178040981,14.8014618754387,310.253708928823,53.6966771185398,1009.32211628556,36.3049788475037,1524.68275123835,5.88162302970886,243.058727025986,10.9849411249161,887.48028832674,430.078558117151,261.873049736023,4.91427540779114,836.005778580904,390.385992974043,169.056934028864,38.3470652103424,105.503729999065,24.852653503418,2071.39300072193,2.7372899055481,84.0065494775772,213.794081747532,61.3080399632454,164.546356528997,22.4023517370224,14.6967564821243,388.797721326351,37.8226732611656,57.8340483307838,3.20622050762177,1134.8418776989,35.0273745059967,74.6502927541733,1.40630519390106,126.25927272439,0,306.523231804371,1.03758370876312,316.488235324621,0,1026.34394305944,0,113.070770382881,0,166.547263413668,4.59117686748505,1900.04792752862,45.5643210709095,913.825274735689,13.1308690607548,571.003726154566,2.30883026123047,303.372113883495,8.74473094940186,70.5898248851299,2.21764731407166,550.204973638058,59.3607741594315,428.390099644661,16.9563927650452,6271.13121747971,131.473286569118,0,52.6972552835941,2477.50168049335,35.5826572775841,2160.03505936265,85.7535579502583,30.2478720545769,0,264.648277878761,3.49993389844894,318.933242201805,1.51490014791489,474.977025389671,0.641744256019592,47.4825931787491,8.96246764063835,194.472277581692,14.9480972290039,20.7638769447803,27.7173908948898,9.6105380654335,20.0490922033787,150.697833418846,14.4397142529488,30.4141519367695,1.21319055557251,18.9019331336021,9.98716086149216,7.99998676776886,4.85191014409065,15.1387494802475,14.4046193659306,61.9377250373363,15.850433588028,15.3844532370567,4.74818271398544,37.1996994018555,5.78488856554031,0,1.35832047462463,3.15756374597549,2.09889832139015,0,17.6772802472115
68.2054894268513,2017.18652591109,171.019622892141,2566.91118571162,20.1341121196747,779.385237932205,297.715156286955,1481.74216380715,7.5077982544899,1057.81435754895,22.1999526023865,1344.69583967328,42.4903203845024,2081.49943038821,8.97265875339508,3354.51212120056,6.21230095624924,1917.35172432661,291.281488448381,651.063056975603,1.97957932949066,128.37092512846,287.785652399063,747.135323733091,21.5889671444893,167.785194844007,20.8909240067005,269.437722176313,19.4712082445621,5328.6627291441,57.6060502529144,110.383762538433,50.8502208292484,125.504942953587,36.7487325370312,31.0923514962196,38.7970176041126,511.539081543684,6.28324979543686,38.2967859506607,10.8746894598007,1057.67829161882,11.7794357538223,107.589868754148,4.0950653553009,285.700558394194,10.5556070208549,260.681237339973,0,312.821714222431,0.837116777896881,532.261890262365,0,312.832240879536,1.27733254432678,325.885278433561,19.5620684325695,2499.78677359223,16.8617290854454,954.783313542604,4.47229048609734,517.447200238705,5.05774474143982,1913.47851347923,0,904.994284719229,77.7866907715797,652.135901719332,22.46759557724,146.876452326775,219.796993553638,2174.88306233287,52.6972552835941,0,19.3472445011139,1164.53210934997,174.402586251497,744.653616249561,0,353.724051654339,1.09011921286583,1536.36665523052,0,803.337955057621,0,1101.44747239351,5.45181691646576,146.062606573105,5.80796974897385,336.798919796944,5.6853321492672,8.08118489384651,2.8643034696579,2.99603712558746,6.92717117071152,28.1171230077744,4.88908645510674,1.24207878112793,1.71446144580841,46.8951603472233,3.69016265869141,3.74319139122963,8.17067176103592,14.857421964407,7.35527420043945,15.4271697998047,3.3223585486412,1.63738858699799,14.1635398864746,7.19686090946198,2.71382820606232,0.588705658912659,0,0.629527926445007,0.659200966358185,2.11367544531822
854.850925415754,30.1954458653927,560.101552307606,67.9737922847271,25.2174515426159,3.21222162246704,285.866968840361,55.6475313305855,44.9813020825386,0,58.8548040390015,8.38279342651367,138.871694028378,4.70486634969711,124.650993287563,0,22.0266618728638,3.44876229763031,327.749465227127,123.525897920132,13.1764857769012,0,138.574851602316,49.7251225709915,6.33441126346588,1.66877323389053,26.7326193451881,18.7611634731293,93.1506095528603,1.0197731256485,22.106237590313,41.2622842788696,19.8370263576508,69.8145876526833,3.6643026471138,0.7564417719841,1417.69574338198,42.2983969151974,139.580669850111,32.7579298317432,349.248850405216,37.4723443388939,7.43167135119438,0,16.2284035086632,0,23.8477766513824,0.449879854917526,38.5467423498631,0,98.2382950186729,0,5.13742178678513,0,47.3028253912926,6.41954576969147,340.299416482449,4.19605445861816,109.429237663746,1.34205174446106,72.0685955286026,0,33.7349661588669,0,14.0230967402458,0,107.714278697968,7.87247657775879,191.827657878399,5.97337621450424,3305.07716354728,81.1670795083046,2477.50168049335,19.3472445011139,0,69.0290712416172,1238.77790719271,84.59228053689,1.17163610458374,1.51104080677032,11.9416963458061,0,21.6258550882339,1.65281575918198,45.8137273788452,1.08574903011322,25.5657086968422,10.9914916157722,82.1128330230713,11.6344972252846,95.2469440698624,190.719749331474,59.3892863094807,88.2058466672897,502.076427876949,98.007961422205,85.4890855848789,27.9679672122002,61.6741999685764,58.6306499540806,48.997871696949,23.5002582073212,67.8307044506073,129.760583311319,145.671251684427,67.7080528736115,72.344279974699,31.0834137499332,109.964966922998,15.804101318121,21.2209841310978,5.11453747749329,5.87009048461914,4.83707290887833,3.57356318831444,50.1991557180882
25.943063467741,856.201297968626,60.2146839797497,660.666518777609,2.44540649652481,37.1781961917877,78.9677354693413,389.111736774445,0,67.6089973449707,4.93790310621262,105.199910789728,13.3891630768776,279.911333978176,0.840186774730682,178.238276541233,2.00711905956268,88.1207914352417,105.821572810411,251.779687851667,2.8990815281868,3.18625569343567,112.793189048767,248.087179601192,7.03877252340317,4.14034390449524,5.89164972305298,14.6720572113991,7.89595061540604,26.8281520009041,15.178338766098,38.9340698719025,14.7991788983345,44.4848542511463,4.15914130210876,3.53866577148438,47.7142793834209,376.568025052547,22.440197467804,27.6052818894386,42.3903204798698,295.280270576477,2.01922541856766,11.7886527776718,0.553942501544952,50.8582182824612,0,40.2560017704964,0,66.8851037323475,0,114.086513698101,0,42.586894094944,4.56215447187424,37.6265960633755,7.67071175575256,644.713941991329,0,182.660705178976,2.1717334985733,101.091873317957,1.65167886018753,161.526282310486,0,182.581097245216,13.8540228009224,134.950390607119,17.0918760299683,69.0583671927452,71.4623323380947,2563.55167356133,35.5826572775841,1164.53210934997,69.0290712416172,0,67.5775200128555,543.963725358248,0,10.8615589141846,1.91302561759949,70.000640720129,0,4.2818568944931,1.10534632205963,208.380367994308,9.10939449071884,27.5164234638214,22.0698547661304,69.2955197393894,69.9633798897266,63.5243432819843,21.3914397954941,36.762605547905,43.3768028020859,98.3412978053093,55.7909654974937,13.9154391288757,28.5016189813614,27.7581584751606,37.8530295193195,11.7592561244965,39.8385590016842,91.7021086215973,47.1992898285389,73.774333357811,37.9826266467571,27.4911425709724,37.223590284586,33.5842234194279,10.1603076457977,2.12878686189651,6.58086264133453,3.28063642978668,3.99003344774246,24.0191511511803
3841.33400630951,1488.81402933598,2184.90050259233,413.976578712463,134.792811244726,0,1751.34716975689,385.39222189784,229.081349760294,0,328.283410817385,169.647249341011,1089.95236420631,20.7348663806915,505.521434575319,1.08788681030273,134.417608618736,56.7291359603405,1617.08914005756,982.692281752825,5.67710071802139,0.890520036220551,770.593638211489,102.020711958408,30.1308004260063,2.85397839546204,14.675056874752,12.0315235853195,516.095678806305,11.8897492587566,94.2085777521133,226.504978895187,118.671051323414,412.015846520662,98.8897647559643,78.0441257953644,4537.37840420008,356.268058598042,230.667153060436,84.5720819830894,417.571029990911,22.1293268501759,182.300198853016,198.604848980904,366.455359190702,66.0024604797363,773.472244232893,94.9520462155342,787.629148066044,77.7706981003284,1577.83819493651,90.5006892383099,177.728300988674,99.4091456532478,350.288779556751,72.5799464583397,2783.90277424455,742.986543953419,1369.94834241271,196.457936048508,1152.7276622057,144.974299699068,578.298615396023,292.893877565861,205.122935652733,144.677871078253,1862.18435785174,663.073727607727,2052.34468999505,209.265818655491,7116.69427973032,254.620699048042,2160.03505936265,174.402586251497,1238.77790719271,67.5775200128555,0,493.811022281647,18.3186933398247,13.9297325015068,391.761263400316,253.706075847149,98.2904048860073,11.5706914663315,659.620610356331,172.483467519283,77.4072309732437,1.47958314418793,607.961850047112,103.65493580699,131.205646067858,45.0541156232357,143.550610601902,37.3717875182629,889.738147139549,72.2553016245365,393.254586309195,18.4071995317936,58.9964835643768,36.1831171512604,79.3004787564278,7.6167608499527,119.495167791843,69.4421527981758,544.818551272154,100.827494263649,111.366061657667,20.2540600895882,340.930848360062,466.532127052546,32.8236327767372,12.2551332712173,19.4810194671154,32.17780777812,6.18668493628502,128.597633719444
151.738478899002,5028.41425219178,282.457411378622,2814.09324333072,0,48.2458611130714,372.428703069687,1855.11486154795,1.24118673801422,90.1829988360405,33.0642763972282,478.939397364855,61.5214830040932,672.745090335608,0,224.365769505501,11.0324117839336,209.482366323471,701.924394965172,1569.24140569568,0,16.7060700654984,352.453785955906,629.365311980247,2.12915861606598,11.8436201810837,28.1785569190979,112.008889585733,41.7132875323296,59.8164213895798,81.2326248884201,233.106036901474,142.422130793333,377.875644356012,45.9920380711555,169.28238004446,119.15733987093,4348.81608998775,74.77088996768,235.225377261639,5.32529067993164,139.901706635952,15.8518207371235,119.207389801741,13.7995367646217,267.659792691469,35.6243358254433,627.078161180019,1.66246026754379,348.055469751358,25.3613074123859,527.433916896582,0.583379566669464,235.742585718632,1.91004228591919,246.012108445168,78.673821657896,3045.13614684343,59.4281447827816,944.566750645638,78.4232075214386,398.973021715879,20.9752098619938,519.826915532351,4.32908290624619,570.060674577951,298.741826653481,1037.78695508838,115.596845567226,585.821917057037,494.668314635754,10526.2434527278,85.7535579502583,744.653616249561,84.59228053689,543.963725358248,493.811022281647,0,3.63553720712662,20.8059682250023,8.95894676446915,387.163539201021,0.713760077953339,55.433194488287,18.0974951386452,571.401009649038,0,183.905937492847,8.77737754583359,354.680176377296,73.0534910857677,150.852471888065,49.6600243449211,194.386661618948,155.747522294521,695.246346503496,101.54850435257,35.1940253674984,23.2831067442894,78.9236062765121,43.9722191989422,37.0923046171665,55.1379795074463,219.149152904749,179.293301850557,337.912156075239,88.2637379467487,65.1369907557964,507.913466572762,771.772699475288,58.954386472702,22.545803129673,38.4623070657253,31.5921210646629,20.8055133223534,186.611573398113
5.67641258239746,1.41543591022491,0,0,0,0,4.54148238897324,0,0,0,6.45283418893814,0,3.09017843008041,0,0,0,311.70789039135,0,0,0,0,0,0,0,0,0,0,0,309.149635374546,0,0,0,0,2.07926863431931,0.829528331756592,0,0,2.11948895454407,0,0,0,0,0,0,0.714170575141907,0,1.22023701667786,0,3.34786123037338,0,34.7417417764664,0,0.4239402115345,0,0,0,34.8425278365612,8.04871761798859,126.415362477303,0,38.1795724332333,0,49.7822570204735,0,1.76982444524765,0,28.3626089990139,6.98602610826492,0,2.04516243934631,29.6671791374683,0,30.2478720545769,0,1.17163610458374,0,18.3186933398247,3.63553720712662,0,0,775.379605412483,1.38325607776642,22.6791760921478,0,14.0665027499199,0,0,0,5.38606339693069,0,0,0,0,0,0,0,0,0,0,0,0,0,0,0,0,0,0,0,0,0,0,0,0,0,0,0
0,7.58309435844421,0,0.482944458723068,0,0,0,0,0,0,0,2.48949217796326,0,1.87380963563919,0,0,3.02374970912933,230.090340226889,0,0,0,0,0,0,0,0,0,0,0,161.378095328808,0,0,3.06562262773514,0,0,0,0,4.22770142555237,0,1.61650884151459,0,1.08269894123077,0,0,0,1.71265387535095,0,0,0,0.746591031551361,0,25.1945986151695,0,1.3199834227562,0,1.96130135655403,3.30868750810623,96.2852072417736,4.17114746570587,112.050904780626,3.65079206228256,42.1449413895607,0,94.1230144500732,0,15.6286677718163,19.8755668401718,40.0448668897152,1.57090651988983,5.96563589572906,0.912153422832489,39.3660683631897,0,353.724051654339,1.51104080677032,10.8615589141846,13.9297325015068,20.8059682250023,0,0,0,852.505775153637,0,23.2225391864777,1.1778392791748,11.3627787828445,0,0,0,3.4528596997261,0,0,0,0,0,0,0,0,0,0,0,0,0,0,0,0,0,0,0,0,0,0,0,0,0,0
16.5776544809341,0.885009109973907,2.18593108654022,0,2.3129471540451,0,5.96506875753403,0,0,0,202.105961322784,0,157.865062773228,0,3.92770659923553,0,1354.13592770696,0,2.66756820678711,0,0,0,1.04066443443298,0,2.18272966146469,0,0,0,1339.40840050578,0,0.816641390323639,0,2.07299828529358,30.4965512156487,14.9742114543915,13.7161376476288,90.0618698596954,18.2425879836082,18.8071088194847,0,16.4508950710297,0,21.3844218552113,0,87.5451075434685,0,79.4205813705921,0,216.758034437895,0,793.623612552881,0,38.1533738970757,0,75.0706734955311,0,318.068968176842,10.2407157421112,607.70727071166,9.16384983062744,295.064802139997,4.37090158462524,2095.7576559782,6.03252547979355,41.6269230246544,1.58863139152527,267.676238507032,43.7527340054512,5.84532079100609,4.78057420253754,234.028507232666,8.32086825370789,264.648277878761,1.09011921286583,11.9416963458061,1.91302561759949,391.761263400316,8.95894676446915,775.379605412483,0,0,5.96808815002441,1199.19495776296,0,4569.50091820955,0,136.946802258492,0,195.44306370616,0,1.21340197324753,0,0,0,5.1311674118042,0,1.94368332624435,0,3.3649782538414,0,0,0,0,0,0,0,0.924603998661041,0,0,0.638631522655487,0,0,0,0,0,0
0.768644332885742,35.3579612374306,0,22.7309624552727,0,0,0,12.6226319670677,0,0,0,82.8466441035271,0,49.5375345349312,0,15.6592079401016,2.81817865371704,779.937045276165,0,4.43882870674133,0,0,0,2.20976489782333,0,0,0,0,3.41992604732513,433.527302831411,1.27746140956879,2.56850689649582,13.2668745517731,37.7167862951756,5.07183021306992,16.3339300751686,7.09090614318848,167.003449946642,1.43663477897644,16.9048383831978,0,27.3493531942368,1.13086768984795,23.9966733455658,0,75.7245800197124,1.37524271011353,25.8319952189922,0,120.010282218456,0,408.897717893124,0,65.7413618862629,0,80.7169553637505,22.8353623747826,389.612938731909,19.1654652953148,588.827662706375,9.5268748998642,290.916627913713,3.50001752376556,2557.68548426032,1.43476474285126,822.47864112258,100.044789880514,422.818678945303,16.4623886942863,31.6304096281528,32.7224977016449,411.901392877102,3.49993389844894,1536.36665523052,0,70.000640720129,253.706075847149,387.163539201021,1.38325607776642,852.505775153637,5.96808815002441,0,0,2115.69453689456,1.19114100933075,5898.8331695199,0,95.869391232729,0,530.994084447622,0,0,0,0,0,4.83224999904633,0,0,0,3.95652371644974,0,0,0,0,0,0,0,2.03036046028137,0.648970723152161,0,0,0,0,0,0,0
1.39585500955582,0,19.8511824607849,5.526700258255,212.596389710903,2.7929493188858,4.53911018371582,3.49302136898041,292.61686232686,1.92186260223389,6.48314261436462,0,59.750555574894,0,1101.47462776303,0,52.9000096321106,0,1.1002711057663,1.01424503326416,0,0.561584293842316,15.8726981878281,5.80222278833389,26.2914725840092,8.54016619920731,18.9050846397877,2.20157361030579,1126.35800606012,0,0.592711806297302,6.16874206066132,0,2.91141760349274,0.636321306228638,3.39575231075287,257.712815076113,0,211.159955859184,0,878.887383341789,2.84019124507904,4.60108205676079,0,5.2266611456871,0,64.8340559005737,0,37.7926701307297,0,209.117939800024,0,15.757054746151,0,55.9857191741467,0,8.69752323627472,0,44.3329111039639,0,17.0736946165562,0,27.1591634452343,0,8.84935963153839,0,15.7416534423828,0.455093026161194,0.977544665336609,0,246.063012093306,4.24704778194427,318.933242201805,0,21.6258550882339,0,98.2904048860073,0.713760077953339,22.6791760921478,0,1199.19495776296,0,0,0,916.911790400743,0,1335.92910003662,0,138.357650369406,0,0,0,0,0,0.718597769737244,0,0.534147560596466,0,0,0,0,0,0,0,0.695604920387268,0,0,0,0,0,0,0,0,0,0,0
0,0,0,0.622933804988861,0,89.7989740967751,0,0,0.472803205251694,52.1046484708786,0,0,0,0,0,240.543055385351,0,6.23863825201988,0,0,2.3949111700058,116.662562549114,0,0,0,10.2490205466747,6.8881910443306,50.0608368813992,0,495.16593003273,0.78085845708847,3.53196972608566,0,1.53422904014587,0,1.93076741695404,0.988124251365662,381.348231911659,0,86.4958049952984,1.26832902431488,1884.72022369504,1.6278310418129,16.1371390223503,0,7.21826910972595,0,32.6529504358768,0,17.0250423252583,0,63.8170597553253,0,52.0082508921623,0,127.039783358574,0,8.55238211154938,0,26.6986584663391,0,17.0768258571625,0,13.6116859912872,0,44.3715259730816,0,27.805161178112,0,1.14709794521332,7.72128856182098,28.3303562402725,1.51490014791489,803.337955057621,1.65281575918198,4.2818568944931,11.5706914663315,55.433194488287,0,23.2225391864777,0,2115.69453689456,0,0,0,822.118434786797,0,960.406976670027,0,72.752376139164,0,0,0,0,0,0.539361298084259,0,0,0,2.54143851995468,0,0,0,0,0,0,0,0,0,0,0,0,0,0,0,0
324.324992209673,0,55.7494816184044,0,18.8864525556564,0,180.04975733161,0,0,0,1344.67397269607,0,915.137627661228,0,6.65711969137192,0,196.342827141285,0,21.2773562073708,0,0,0,0,0,0,0,0,0,690.688415557146,0,0,0,1.19722831249237,36.4497828483582,30.8986397981644,51.7859205901623,301.902454584837,82.6323900818825,56.9136885106564,0,102.248589217663,0,34.0606447160244,45.6396036744118,99.5581658780575,24.9377003312111,215.74823153019,0,188.000338405371,27.0351057648659,3414.83123812079,3.65954542160034,149.509444147348,11.0796238183975,339.014223754406,27.5860741138458,249.739293962717,4.37038934230804,261.129351466894,23.9139375090599,1273.66728875041,0,1865.56140187383,0,3622.35036128759,0,282.073981434107,328.936485677958,3.47231018543243,0,307.004863649607,3.61537432670593,474.977025389671,0,45.8137273788452,1.10534632205963,659.620610356331,18.0974951386452,14.0665027499199,1.1778392791748,4569.50091820955,1.19114100933075,916.911790400743,0,0,0,746.512580752373,0,7581.48554867506,0,1.56532031297684,0,0,0,28.9996240139008,0,10.5951437950134,0,7.11712175607681,0,0,0,0,0,0,0,1.11436414718628,0,0,0,0,0,0,0,0,0
0,117.464509725571,0,8.87152636051178,0,2.19042539596558,0,149.018604576588,0,2.25977039337158,0,105.395546704531,0,50.649495780468,0,9.66854178905487,0,18.489898443222,0,8.20877593755722,1.24880981445312,1.43722951412201,0,0,0.820869386196136,0.610719501972198,0,6.61805897951126,0,96.1961735486984,0,0,2.10310584306717,23.7309027314186,20.4071090221405,21.1069219708443,8.76060819625854,572.635718047619,0,98.4327076375484,2.6017861366272,162.049999952316,5.89437162876129,84.7515790760517,4.02356624603271,185.763428628445,5.67499351501465,158.589987248182,1.28684377670288,372.789462834597,4.6276683807373,4307.69389891624,0,811.948262602091,0,973.781716912985,0.623484313488007,135.897541046143,3.58537650108337,374.626712441444,0,214.176839381456,0,360.309557020664,0,4572.85319876671,13.4630943536758,281.601245254278,0,5.08325165510178,19.4876180291176,173.646943062544,0.641744256019592,1101.44747239351,1.08574903011322,208.380367994308,172.483467519283,571.401009649038,0,11.3627787828445,0,5898.8331695199,0,822.118434786797,0,0,1.3014041185379,1187.81658014655,0,7150.41999855638,0,0,0,0,0,27.2153300642967,0,0,0,21.081609338522,0,0,0,0,0,0,0,0,0,3.57433605194092,0,0,0,0,0,0
0,0,0,0,26.8777951598167,0,0,0,1.45641672611237,0,0,0,0,0,4.44897556304932,0,1.37085634469986,0,0,0,3.78791910409927,0,0,0,0,0,0.652337193489075,0,289.091206967831,0,0,0,0,0,3.81951898336411,4.58396971225739,606.987323254347,1.9014168381691,145.254853278399,1.06664037704468,944.091869235039,7.92708122730255,1.90983211994171,0,1.16310179233551,0,76.9184604585171,0,5.02311342954636,0,56.7226941585541,0,2.30811089277267,0,277.402801245451,0,0.525976061820984,0,1.9343581199646,0,8.83630532026291,0,13.3192848861217,0,5.23437038064003,0,5.34641000628471,0,0,0,26.08304220438,11.8347333669662,47.4825931787491,5.45181691646576,25.5657086968422,9.10939449071884,77.4072309732437,0,0,0,136.946802258492,0,1335.92910003662,0,746.512580752373,1.3014041185379,0,0,626.667513817549,0,0,0,0,0,2.41733479499817,0,1.43268895149231,0,0,0,0,0,0,0,1.34677422046661,0,0,0,0,0,0,0,0,0,0,0
0,0,0,0,0,8.68803310394287,0,0.985288083553314,0,10.0327282547951,0,0,0,0,0.892208397388458,29.6327414512634,0,0,0,0,0,16.8726812005043,0,0,0,1.70234444737434,1.96276944875717,8.25250789523125,0,51.2932397425175,0,0,0,0.611338794231415,0.762714803218842,1.4524781703949,4.83317685127258,1248.70978826284,0,175.628956764936,19.2293447256088,1838.57390660048,0.461963683366776,11.642327696085,0,0,0,46.8882761895657,0,1.18584501743317,0,6.86149826645851,0,19.0548273921013,0,374.897577941418,0,0,0,0.744533956050873,0,2.49075609445572,0,7.46613442897797,0,16.1975851655006,0,9.59290471673012,0,0,6.84497630596161,82.3313814401627,8.96246764063835,146.062606573105,10.9914916157722,27.5164234638214,1.47958314418793,183.905937492847,0,0,0,95.869391232729,0,960.406976670027,0,1187.81658014655,0,0,0,2027.3951484561,0,0,0,0,0,4.61025816202164,0,0,0,0,0,0,0,0,0,0,0,0,0,0,0,0,0,0,0,0
34.6815172433853,0,6.68849563598633,0,25.0117779970169,0,14.2089157700539,0,1.36596596240997,0,181.245913088322,0,139.741403102875,0,5.14032757282257,0,9.21502256393433,0,0,0,5.59522861242294,0,0,0,0,0,1.43717831373215,0,300.044791519642,0,0,0,0.802381455898285,28.4244211912155,155.581161201,145.493480920792,1495.18181464076,67.8476366996765,535.998562842607,0.892205536365509,284.508941680193,21.7637835144997,122.275145888329,57.1033657193184,86.2730387747288,0,1093.42842486501,3.04739058017731,163.665042668581,3.8048620223999,1917.91944825649,0,270.026754111052,0,2150.59632354975,83.076623737812,44.705200701952,0,362.010557234287,3.2093266248703,379.990825235844,0,156.505165010691,0,301.65337395668,0,673.727023005486,333.78822055459,0.77190101146698,0,123.718309283257,23.6989064216614,194.472277581692,5.80796974897385,82.1128330230713,22.0698547661304,607.961850047112,8.77737754583359,5.38606339693069,0,195.44306370616,0,138.357650369406,0,7581.48554867506,0,626.667513817549,0,0,0,1.08611106872559,0,0,0,4.11742675304413,0,2.57385540008545,0,20.3521925806999,0,0,0,0,0,0,1.51126575469971,0,0,0,0,0,0,0,0,0,0
0,18.9883848428726,0,2.88252913951874,0,0.429329067468643,0,10.0203751325607,0,0,0,13.3851573467255,0,2.02111113071442,0,3.54903435707092,0,3.78840273618698,0,0,0,0,0,0,0,0,0,0,0,29.3932054638863,0,0,0,6.94963324069977,38.579498142004,39.7752152383327,35.7541291117668,2212.21558991075,0,566.868813842535,7.77536207437515,333.499895781279,13.9234434366226,184.952335268259,0.822663903236389,121.943460673094,15.9571339488029,449.677836596966,0,198.519598692656,0,787.299390077591,0,1081.67618000507,0,4260.40597268939,0,56.2432846724987,0,177.492875516415,0,83.4469293951988,0,69.4484640657902,0,917.97923502326,20.7011081576347,432.648967266083,0,0.837577939033508,7.26464462280273,125.058370530605,14.9480972290039,336.798919796944,11.6344972252846,69.2955197393894,103.65493580699,354.680176377296,0,3.4528596997261,0,530.994084447622,0,72.752376139164,0,7150.41999855638,0,2027.3951484561,0,0,0,0,0,0,0,10.2973265647888,0,0,0,47.2341400682926,0,0,0,0,0,0,0,0,0,0,0,0,0,0,0,0
0,0,0,0,0,0,1.02833998203278,0,0,0,0,0,0,0,0,0,0,0,0,0,0,0,0,0,0,0,0,0,0.679189383983612,1.9391838312149,0,0,0,0,2.39099252223969,6.17775964736938,76.1220836043358,32.5623034238815,250.952990829945,52.227084338665,6.04912370443344,0,68.9168338775635,0,2.3558874130249,0,573.622878462076,2.59926092624664,4.62565279006958,0,39.5386276245117,0,56.7503963708878,0,62.0782432556152,0,0,0,0.962904274463654,0,1.29214072227478,0,0,0,0,0,32.1747797131538,5.31386661529541,0,0,28.3576186001301,17.7151783108711,20.7638769447803,5.6853321492672,95.2469440698624,69.9633798897266,131.205646067858,73.0534910857677,0,0,1.21340197324753,0,0,0,1.56532031297684,0,0,0,1.08611106872559,0,0,610.854828447104,1834.38368824124,203.055832892656,449.77127212286,286.662479430437,2657.51480326056,154.743336617947,2749.53281721473,222.095764786005,802.190011322498,78.1094970405102,498.281546711922,517.811510235071,663.280375897884,142.9804469347,753.57868078351,117.042361348867,52.7975215613842,20.2762414515018,131.707232445478,18.3279933929443,55.8339196145535,19.6447079181671,10.6883401274681,28.7406631708145
0,0,0,0,0,0,0,0,0,0,0,0,0,0,0,0,0,0,0,0,0,0,0,0,0,0,0,0,0,0,0,0,0,0,0,0,148.446067750454,25.1706797778606,555.969352215528,55.7258943319321,0,0,0,0,0,0,0,1.5037656724453,0,0,0,0,0,0,0,0,0,0,0,0,0,0,0,0,0,0,0,0,0,0,20.7938603162766,59.336549282074,27.7173908948898,8.08118489384651,190.719749331474,63.5243432819843,45.0541156232357,150.852471888065,0,0,0,0,0,0,0,0,0,0,0,0,610.854828447104,0,101.233504503965,2141.60220813751,316.848909109831,578.586857289076,617.781575322151,567.990933269262,348.019212275743,1938.70563983917,241.444969207048,113.675046473742,396.1051851511,695.935027182102,157.956559091806,745.921515822411,248.30269369483,331.249590784311,55.1157669126987,57.1658210456371,207.009886056185,39.928083717823,83.5095926225185,8.22907489538193,55.071914345026,76.7011442184448
0,0,0,0,0,0,0,0,0,0,0.9929319024086,0,0,0,0,0,0,0,0,0,0,0,0,0,0,0,0,0,0,0,0,0,0,0,0,0,32.8026999533176,6.93883764743805,77.2750889360905,7.40570157766342,2.86594945192337,0,0,0,0,0,0,0,0,0,0,0,0,0,0,0,0,0,0,0,0,0,0,0,0,0,0,0,0,0,8.86679148674011,6.48356252908707,9.6105380654335,2.8643034696579,59.3892863094807,21.3914397954941,143.550610601902,49.6600243449211,0,0,0,0,0,0,0,0,0,0,0,0,1834.38368824124,101.233504503965,0,62.7704039216042,478.123455643654,149.06579169631,748.110958367586,64.4940662682056,190.486010372639,69.2312903702259,1098.99745428562,26.9973147511482,1057.38100120425,200.689139604568,923.479743748903,76.7843989133835,355.365921169519,61.5077066421509,62.3174426555634,26.7772228717804,113.384817630053,21.5256765186787,79.4784630537033,41.9713655412197,6.06967517733574,29.5218950212002
0,0,0,0,0,0,0,0,0,0,0,0,0,0,0,0,0,0,0,0,0,0,0,0,0,0,0,0,0,0,0,0,0,0,0,0,61.7165468335152,11.6246836185455,183.435864388943,14.2643814086914,2.45603743195534,0.56535542011261,0,0,0,0,0,0,0,0,0,0,0,0,0,0,0,0,0,0,0,0,0,0,0,0,0,0,0,0,5.75416567921638,34.3106170892715,20.0490922033787,2.99603712558746,88.2058466672897,36.762605547905,37.3717875182629,194.386661618948,0,0,0,0,0,0,0,0,0,0,0,0,203.055832892656,2141.60220813751,62.7704039216042,0,175.515531539917,220.819058716297,279.049273103476,188.417565435171,123.906936764717,174.104828715324,122.831859976053,191.219337850809,203.413837611675,1086.52720671892,98.4461952149868,1009.69966465235,148.341959267855,199.929329007864,66.2181840538979,89.7129146158695,248.304399877787,43.602559864521,125.824673801661,29.1461307406425,98.1698943078518,116.480447232723
312.093411058187,14.9459356069565,115.474047958851,10.0163809657097,3.82220298051834,0,49.0676783919334,2.6252453327179,3.92480427026749,0,9.43686544895172,0,30.2142515182495,2.24740070104599,15.4154679775238,0.420140236616135,11.4874610900879,0,97.9644648432732,8.42128026485443,0,0.656086921691895,39.6377087235451,2.0412175655365,1.25118100643158,0,0.920339941978455,3.81166958808899,24.4580460786819,0,7.6272981762886,3.43871504068375,3.83197444677353,12.8162146508694,1.10177063941956,6.77026563882828,171.949284017086,23.0849445164204,63.5911029577255,8.85220265388489,17.2769321203232,0.573121905326843,0.900803804397583,0,7.75534653663635,0,23.3498841226101,0,25.6794960200787,0,35.1466166675091,0,3.59727174043655,0,6.90298476815224,0,237.151574790478,4.00219333171844,95.4994535446167,0,59.9440522193909,0,27.8646285533905,0,4.46963784098625,0,90.1671112477779,1.11183440685272,147.25669670105,0,448.451290428638,76.9293976426125,150.697833418846,6.92717117071152,502.076427876949,43.3768028020859,889.738147139549,155.747522294521,0,0,5.1311674118042,0,0.718597769737244,0,28.9996240139008,0,2.41733479499817,0,4.11742675304413,0,449.77127212286,316.848909109831,478.123455643654,175.515531539917,0,132.452286183834,969.929583787918,60.23711130023,197.358458548784,105.998519092798,265.477658808231,48.1661536097527,430.436791419983,271.628694832325,785.815564066172,173.442798048258,266.952850580215,52.9264730215073,225.792677402496,473.731669902802,325.404497951269,67.0973736643791,125.596944630146,148.590996026993,42.4193557202816,121.942871123552
3.08408588171005,206.622670412064,4.61081373691559,74.4436902403831,0,1.13546106219292,2.42533278465271,26.7530615925789,0,2.05356186628342,0,8.72663730382919,0.463983207941055,8.76616236567497,0,4.97102496027946,0,9.97607660293579,4.79665237665176,31.1339305043221,0,1.34986913204193,0.956938147544861,3.55532237887383,0,0.489907205104828,0.741424739360809,6.85573774576187,1.39994633197784,2.02438861131668,2.79278641939163,2.98417234420776,3.1938790678978,12.5436521172523,0.537129938602448,0,57.2391220033169,100.928460866213,118.894196003675,25.5133118033409,0.901079773902893,4.5357386469841,0,1.5574803352356,0,19.1952004432678,4.21625036001205,16.0298839509487,0,25.2625061869621,0,33.6378307044506,0,19.3657740056515,0,7.66083198785782,0,192.034185707569,0,52.221145093441,0,14.8482402563095,0,16.7771854400635,0,14.0729144513607,0,82.230392485857,0,24.6056904792786,28.842740893364,256.580472141504,14.4397142529488,28.1171230077744,98.007961422205,98.3412978053093,72.2553016245365,695.246346503496,0,0,0,4.83224999904633,0,0.539361298084259,0,27.2153300642967,0,4.61025816202164,0,10.2973265647888,286.662479430437,578.586857289076,149.06579169631,220.819058716297,132.452286183834,0,201.289144903421,1004.21794834733,114.001022994518,597.08844563365,152.457710891962,56.0609513223171,158.890672504902,272.672645330429,102.812518328428,258.19400370121,102.55711582303,108.388462930918,29.5696054399014,461.230636119843,307.155313670635,27.6378919482231,39.5429774522781,7.74021905660629,14.408455491066,26.6937869787216
33.6632676422596,6.07148694992065,4.11304914951324,0,0,0,2.0481064915657,0,0,0,1.04249441623688,0,0,0,0,0,1.86753380298615,0,1.37524735927582,1.8321433365345,0,0,0,0,0,0,0.886602997779846,0,3.7096266746521,0,0,0,0,0.816563785076141,0.731059968471527,0,106.645252794027,29.7999681532383,80.0599539577961,27.0412908196449,1.8390092253685,0,1.15846568346024,0,4.65642005205154,0,60.08041203022,0.809569478034973,12.3812902569771,0,32.1060262322426,0,2.74390196800232,0,6.07454425096512,0,33.7158263921738,3.40295386314392,30.5966103076935,0,5.71725517511368,0,6.33432483673096,0,0,0,18.707485973835,0,10.0599603056908,0,30.9673601686954,33.8715273737907,30.4141519367695,4.88908645510674,85.4890855848789,55.7909654974937,393.254586309195,101.54850435257,0,0,1.94368332624435,0,0.534147560596466,0,10.5951437950134,0,1.43268895149231,0,2.57385540008545,0,2657.51480326056,617.781575322151,748.110958367586,279.049273103476,969.929583787918,201.289144903421,0,109.673481374979,3120.18276703358,198.627949416637,485.093945324421,78.1347770094872,470.282095491886,514.228933960199,739.571304947138,155.907922267914,342.970043957233,75.3371743857861,68.6912794411182,230.885374814272,398.945185661316,32.8733583986759,64.2153130173683,26.0348777770996,18.0598033666611,70.3551455140114
0,7.79366910457611,0,0,0,0,1.42588317394257,0.730471014976501,0,0,0,0,0,0,0,0,0,0,0,0.672981381416321,0,0,0,0,0,0,0,0,0,0,0,0,0,0,0,0,26.3449314832687,8.59101685881615,41.8806351721287,11.8103685975075,0,0,0,0.934184849262238,0,0,0,6.77773183584213,0,0,0,0,0,0,0,1.64927762746811,0,1.11046767234802,0,2.11294436454773,0,0,0,0,0,0,0,0,0,0,3.5309756398201,17.000405818224,1.21319055557251,1.24207878112793,27.9679672122002,13.9154391288757,18.4071995317936,35.1940253674984,0,0,0,0,0,0,0,0,0,0,0,0,154.743336617947,567.990933269262,64.4940662682056,188.417565435171,60.23711130023,1004.21794834733,109.673481374979,0,63.2530260980129,1718.72704678774,84.4548734426498,13.339932769537,118.370984345675,136.792638480663,46.5399937331676,145.322258353233,49.2072832584381,148.79369789362,6.55088025331497,13.2779171466827,436.142750114202,123.103621602058,165.516923487186,8.0276455283165,4.21947732567787,10.3049804568291
2.60208207368851,0,0,0,0,0,0,0,0,0,0,0,0,0,0,0,0,0,1.35535514354706,0,0,0,0,0,0,0,0,0,6.72048038244247,0,0,0,0,0,7.55499351024628,7.20974743366241,44.2203078269958,20.2234365046024,67.0799289345741,13.7862027287483,9.60593956708908,0,336.369809657335,6.84487509727478,42.3923171162605,1.90766537189484,877.545970410109,0,11.0892201662064,0,27.3565205335617,0,49.6362672448158,0,88.857789516449,0,0,0,1.17982184886932,0,0,0,0,0,0,0,46.7276837825775,13.980297088623,0,0,20.7270732820034,10.5261142849922,18.9019331336021,1.71446144580841,61.6741999685764,28.5016189813614,58.9964835643768,23.2831067442894,0,0,3.3649782538414,0,0,0,7.11712175607681,0,0,0,20.3521925806999,0,2749.53281721473,348.019212275743,190.486010372639,123.906936764717,197.358458548784,114.001022994518,3120.18276703358,63.2530260980129,0,127.685258388519,113.105554789305,35.0398830771446,115.626144945621,245.544482290745,258.267168462276,71.5736183226109,172.841661810875,32.9851146936417,24.0686748325825,20.9501130580902,179.163254022598,90.4709751009941,39.8588740825653,77.5936944782734,21.1259291470051,15.333188354969
0,0,0,0,0,0,0,1.07619535923004,0,0,0,0,0,0,0,0,0,0,0,0,0,0,0,0,0,0,1.0369873046875,1.19923543930054,0,7.30411165952682,0,0,0,1.71919012069702,7.97163832187653,10.0672637820244,58.2299888730049,43.3750967383385,130.139185994864,30.6371268630028,0,7.09936356544495,167.662913143635,372.326663553715,1.98321092128754,20.8257386684418,0,958.171148985624,0,11.762975692749,0,11.7584680616856,0,73.1606675684452,0,288.984297811985,0,1.29767489433289,0,0.678228914737701,0,0,0,0,0,0,19.0643724799156,37.8361616134644,0,0,5.30995279550552,35.8760642707348,9.98716086149216,46.8951603472233,58.6306499540806,27.7581584751606,36.1831171512604,78.9236062765121,0,0,0,3.95652371644974,0,2.54143851995468,0,21.081609338522,0,0,0,47.2341400682926,222.095764786005,1938.70563983917,69.2312903702259,174.104828715324,105.998519092798,597.08844563365,198.627949416637,1718.72704678774,127.685258388519,0,108.164020299911,21.8137897253036,155.417377591133,158.927623569965,67.642370313406,194.767307192087,83.5404797494411,297.305433183908,7.16205731034279,11.9585941135883,143.785703748465,114.847427070141,71.8728051781654,2.95178723335266,5.42502677440643,8.94928976893425
0,0,0,0,0,0,0,0,0,0,0,0,0,0,0,0,0,0,0,0,0,0,0,0,0,0,0,0,0,2.535151720047,0,0,0,0,0,0,21.2357618808746,7.9997064769268,56.2370110154152,8.65337181091309,6.00683218240738,0,0,0,0,0,0,0.881908297538757,0,0,0,0,0,0,0,0,0,0,0,0,0,0,0,0,0,0,0,0,0,0,16.1736195385456,14.1441104114056,7.99998676776886,3.69016265869141,48.997871696949,37.8530295193195,79.3004787564278,43.9722191989422,0,0,0,0,0,0,0,0,0,0,0,0,802.190011322498,241.444969207048,1098.99745428562,122.831859976053,265.477658808231,152.457710891962,485.093945324421,84.4548734426498,113.105554789305,108.164020299911,0,58.1754311323166,1485.28439715505,342.403185129166,634.868583917618,107.596274077892,427.697840005159,73.532246619463,25.006916642189,12.5749824047089,83.8992041349411,9.99366301298141,48.3748925924301,20.6047097146511,7.79136124253273,16.5014544725418
0,0,0,0,0,0,0,0,0,0,0,0,0,0,0,0,0,0,0,0,0,0,0,0,0,0,0,0,0,0,0,0,0,0,0,0,21.5008298754692,4.46865916252136,39.5290220081806,2.86070281267166,0,0,0,0,0,0,0,0,0,0,0,0,0,0,0,0,0,0,0,0,0,0,0,0,0,0,0,0,0,0,0.927101671695709,5.2999701499939,4.85191014409065,3.74319139122963,23.5002582073212,11.7592561244965,7.6167608499527,37.0923046171665,0,0,0,0,0,0,0,0,0,0,0,0,78.1094970405102,113.675046473742,26.9973147511482,191.219337850809,48.1661536097527,56.0609513223171,78.1347770094872,13.339932769537,35.0398830771446,21.8137897253036,58.1754311323166,0,84.2576856315136,1307.31315013766,35.636961042881,300.847197204828,53.7038691937923,62.0745851993561,12.2275095880032,14.0379950404167,24.9135343134403,2.47982215881348,6.19373175501823,4.26292908191681,17.5339436531067,14.0269227325916
0,0,0,0,0,0,0,0,0,0,0,0,0,0,0,0,0.672368347644806,0,0,0,0,0,0,0,0,0,0,0,0,0,0,0,0,0,0,0,34.6278261840343,12.7130564451218,49.159821331501,9.06897205114365,2.02464461326599,0.568922758102417,0,0,0,0,1.15596425533295,1.69074881076813,0,0,0,0,0,0,0,0,0.642007350921631,0,0,0,0,0,0,0,0,0,0,0,0,0,27.5030701160431,18.9865800738335,15.1387494802475,8.17067176103592,67.8307044506073,39.8385590016842,119.495167791843,55.1379795074463,0,0,0,0,0,0,0,0,0,0,0,0,498.281546711922,396.1051851511,1057.38100120425,203.413837611675,430.436791419983,158.890672504902,470.282095491886,118.370984345675,115.626144945621,155.417377591133,1485.28439715505,84.2576856315136,0,571.160933762789,4074.18920126557,179.475115150213,692.124979108572,126.331196993589,74.0752398073673,91.7751288712025,262.888938337564,55.7174404859543,156.959876000881,777.007936507463,448.485866755247,72.7792291343212
0,0,0,0.899146258831024,0,0,0,0,0,0,0,0,0,0,0,0,0,0,0,0,0,0,0,0,0,0,0,0.642913579940796,0,0,0,0,0,0.802056610584259,0,0,78.1358064711094,39.7361485958099,135.345351606607,13.3960657119751,0.928193181753159,0.612122714519501,0,0,0,0,0.503774881362915,0,0,0,0,0,0,0,0,0,0,0,0,0,0,0,0,0,0,0,0,0,0,0,8.96090450882912,71.500234246254,14.4046193659306,14.857421964407,129.760583311319,91.7021086215973,69.4421527981758,219.149152904749,0,0,0,0,0,0,0,0,0,0,0,0,517.811510235071,695.935027182102,200.689139604568,1086.52720671892,271.628694832325,272.672645330429,514.228933960199,136.792638480663,245.544482290745,158.927623569965,342.403185129166,1307.31315013766,571.160933762789,0,222.403026074171,4998.46812912822,308.099497944117,438.564834475517,70.4044907987118,102.301659077406,287.384719401598,45.451500415802,127.883041739464,285.672658413649,187.632392972708,117.503572762012
15.1563860476017,0,10.6288964748383,0.825606346130371,0,0,5.44534307718277,1.15184092521667,0,0,0,0,0,0,0,0,0,0,5.84504294395447,1.48888385295868,0,0,0,0,0,0,0.832683205604553,0.739432036876678,2.63878273963928,0,0,0,0,1.48885548114777,0,0,52.2688802182674,12.3208784759045,24.4819314181805,11.863129556179,7.53628477454185,1.18094074726105,0,0,0,0,3.19140338897705,0,0,0,0,0,0,0,0,0,6.17883145809174,0,0,0,0,0,1.42062371969223,0,0,0,1.02019879221916,0,3.73650735616684,0,121.685784846544,73.5571819841862,61.9377250373363,7.35527420043945,145.671251684427,47.1992898285389,544.818551272154,179.293301850557,0,0,0,0,0.695604920387268,0,0,0,1.34677422046661,0,0,0,663.280375897884,157.956559091806,923.479743748903,98.4461952149868,785.815564066172,102.812518328428,739.571304947138,46.5399937331676,258.267168462276,67.642370313406,634.868583917618,35.636961042881,4074.18920126557,222.403026074171,0,348.743733853102,463.309048682451,57.5218644440174,223.802673250437,107.238877296448,393.088498711586,51.6673125624657,103.111559957266,79.4959544837475,369.802417993546,314.121418356895
1.41049325466156,12.345212996006,2.40477418899536,7.56355631351471,0,0.531014323234558,1.46613597869873,4.58591878414154,0.776360929012299,0,0,3.48543560504913,0,0.481555104255676,0.575032413005829,0.897145926952362,0,2.41487950086594,0,7.38451153039932,0,0,0,0,0,0,0,0,0,0,0.735578060150146,1.22184205055237,1.32402348518372,2.49369752407074,0,0,39.1546852588654,23.027572453022,36.3908608257771,4.93833816051483,3.12243753671646,0.665548622608185,0,0,0,0,1.58796733617783,0,0,0,0,0,0,0,0,0,0,2.31277695298195,0,0,0,0,0,0,0,0,0,0,0,0,24.2534221410751,107.42225471139,15.850433588028,15.4271697998047,67.7080528736115,73.774333357811,100.827494263649,337.912156075239,0,0,0,0,0,0,0,0,0,0,1.51126575469971,0,142.9804469347,745.921515822411,76.7843989133835,1009.69966465235,173.442798048258,258.19400370121,155.907922267914,145.322258353233,71.5736183226109,194.767307192087,107.596274077892,300.847197204828,179.475115150213,4998.46812912822,348.743733853102,0,112.23955270648,576.051702588797,169.78943914175,137.698750823736,450.568823188543,66.2784220278263,121.3611369133,122.80605751276,648.099019914865,374.552440166473
10.7397775650024,1.59808433055878,1.36895358562469,0,0,0,3.22001111507416,1.82060623168945,0,0,0,0,0,0,0,0,0,1.48145091533661,0,0,0,0,0,0,0,0,0,0,1.48648846149445,1.53639709949493,0,0.64695006608963,0,0,0,0,36.7726846933365,14.8405126929283,26.2181385755539,7.13920244574547,3.07183429598808,0,0,0,0,0,0.562851786613464,1.02087259292603,0.662445724010468,0,3.77403527498245,0,0,0,0,0,11.4556736946106,0,7.23723244667053,0,9.88576173782349,0,0,0,0,0,5.49370300769806,0,2.84132397174835,0,23.9719407558441,55.1725414693356,15.3844532370567,3.3223585486412,72.344279974699,37.9826266467571,111.366061657667,88.2637379467487,0,0,0.924603998661041,0,0,0,1.11436414718628,0,0,0,0,0,753.57868078351,248.30269369483,355.365921169519,148.341959267855,266.952850580215,102.55711582303,342.970043957233,49.2072832584381,172.841661810875,83.5404797494411,427.697840005159,53.7038691937923,692.124979108572,308.099497944117,463.309048682451,112.23955270648,0,85.5464746952057,27.9830337762833,15.5582611262798,114.881936371326,15.9928219914436,15.1058782041073,13.4394421577454,19.0130861401558,28.9802127480507
0,1.11073124408722,0,0,0,0,0,1.92559349536896,0,0,0,0,0,0,0,0,0,0,0,4.64562833309174,0,0,0,0,0,0,0,0,1.35214138031006,0,0,0,0,2.82057839632034,0,0,27.7921198010445,7.75044363737106,31.9969956874847,4.35770642757416,0.602539598941803,0,0,0,0,0,0,0,0,2.1813268661499,0,1.79513776302338,0,0,0,0,0,1.19142067432404,0,0,0,0.995567500591278,0,0,0,0,0,0,0,0,22.7986609339714,29.2961825430393,4.74818271398544,1.63738858699799,31.0834137499332,27.4911425709724,20.2540600895882,65.1369907557964,0,0,0,2.03036046028137,0,0,0,0,0,0,0,0,117.042361348867,331.249590784311,61.5077066421509,199.929329007864,52.9264730215073,108.388462930918,75.3371743857861,148.79369789362,32.9851146936417,297.305433183908,73.532246619463,62.0745851993561,126.331196993589,438.564834475517,57.5218644440174,576.051702588797,85.5464746952057,0,24.2956792116165,17.8084887266159,100.338309377432,23.6603073477745,22.9479643404484,13.3460015058517,18.0441569983959,34.2379972934723
14.5404645800591,28.9388198256493,35.4522779583931,70.9241994321346,1.91770303249359,0.442681819200516,15.9447117745876,36.8585976660252,1.91902655363083,3.26749163866043,0,4.37058418989182,5.00633788108826,11.1167579293251,5.02573782205582,3.1244803071022,0,5.04937154054642,33.1801865100861,32.2683981359005,0,0,11.7320578694344,12.3777376413345,0.468659430742264,0,0,0,1.41140747070312,0,0.791248321533203,6.10001248121262,0,1.32535421848297,0,0,26.7432959675789,6.64870771765709,4.89176213741302,2.99108636379242,5.55606389045715,0,0,0,0,0,2.57115972042084,0,0,0,1.73249632120132,0,0,0,0.695792317390442,0,2.80948078632355,0.732364535331726,1.36782848834991,0,1.0280989408493,0,0,0,0,0,0,0,1.15855836868286,0.515164077281952,68.8467944562435,138.685469150543,37.1996994018555,14.1635398864746,109.964966922998,37.223590284586,340.930848360062,507.913466572762,0,0,0,0.648970723152161,0,0,0,0,0,0,0,0,52.7975215613842,55.1157669126987,62.3174426555634,66.2181840538979,225.792677402496,29.5696054399014,68.6912794411182,6.55088025331497,24.0686748325825,7.16205731034279,25.006916642189,12.2275095880032,74.0752398073673,70.4044907987118,223.802673250437,169.78943914175,27.9830337762833,24.2956792116165,0,134.659619361162,256.882072150707,65.5632088780403,123.231324762106,192.297880530357,93.3566944599152,214.907146036625
8.25087112188339,30.5807445645332,5.83743703365326,21.4619752168655,0,0,1.71294504404068,8.98462009429932,1.19649487733841,0,0,4.07341730594635,0,4.54022324085236,1.54203313589096,0.636995434761047,0,1.9311934709549,1.24855133891106,11.3663635849953,0,0,0.56192809343338,5.38739705085754,0,0,0,0,1.36107510328293,0,0,0,0.713967502117157,2.05292141437531,0,0,36.1607139706612,13.2885894179344,4.35416483879089,0,2.72972923517227,1.48325371742249,0,0,0,0,48.8865495920181,25.3629661798477,1.79284286499023,0.590859293937683,0.608378529548645,1.73327869176865,0.523097932338715,1.85619878768921,0,0,3.64069497585297,12.8821777701378,2.17702585458755,5.64031440019608,1.93733805418015,1.63130879402161,0,0,0,0,0,3.47324419021606,0,4.9601982831955,17.301311314106,65.7916241288185,5.78488856554031,7.19686090946198,15.804101318121,33.5842234194279,466.532127052546,771.772699475288,0,0,0.638631522655487,0,0,0,0,3.57433605194092,0,0,0,0,20.2762414515018,57.1658210456371,26.7772228717804,89.7129146158695,473.731669902802,461.230636119843,230.885374814272,13.2779171466827,20.9501130580902,11.9585941135883,12.5749824047089,14.0379950404167,91.7751288712025,102.301659077406,107.238877296448,137.698750823736,15.5582611262798,17.8084887266159,134.659619361162,0,413.889660954475,85.5000112652779,183.045719563961,262.963958829641,143.378319829702,201.152859658003
0,0,0,0,0,0,0,0,0,0,0,0,0,0,1.71265590190887,0,0,0,0,0,0,0,0,0,0,0,0,0,0,0,0,0,0,0,0,0,18.044748544693,5.34411969780922,17.0364117920399,0.641762793064117,0.639056444168091,0,0,0.987418055534363,0,0,0.920224249362946,2.07809907197952,0,0,0,0,0,0,0,0,0,0,0,0,0,0,0,0,0,0,0,0,0,0,3.13564714789391,3.16022491455078,0,2.71382820606232,21.2209841310978,10.1603076457977,32.8236327767372,58.954386472702,0,0,0,0,0,0,0,0,0,0,0,0,131.707232445478,207.009886056185,113.384817630053,248.304399877787,325.404497951269,307.155313670635,398.945185661316,436.142750114202,179.163254022598,143.785703748465,83.8992041349411,24.9135343134403,262.888938337564,287.384719401598,393.088498711586,450.568823188543,114.881936371326,100.338309377432,256.882072150707,413.889660954475,0,305.582400768995,410.232026278973,327.542512893677,182.572259515524,257.307992517948
0,0,0,0,0,0,0,0,0,0,0,0,0,0,0,0,0,0,0,0,0,0,0,0,0,0,0,0,0,0,0,0,0,0,0,0,1.41230905056,0,1.68352085351944,0,0,0,0,0,0,0,0,0,0,0,0,0,0,0,0,0,0,0,0,0,0,0,0,0,0,0,0,0,0,0,0.878657102584839,2.88869518041611,1.35832047462463,0.588705658912659,5.11453747749329,2.12878686189651,12.2551332712173,22.545803129673,0,0,0,0,0,0,0,0,0,0,0,0,18.3279933929443,39.928083717823,21.5256765186787,43.602559864521,67.0973736643791,27.6378919482231,32.8733583986759,123.103621602058,90.4709751009941,114.847427070141,9.99366301298141,2.47982215881348,55.7174404859543,45.451500415802,51.6673125624657,66.2784220278263,15.9928219914436,23.6603073477745,65.5632088780403,85.5000112652779,305.582400768995,0,190.733778834343,206.277788043022,65.9078785181046,89.0111036300659
0,0,0,0,0,0,0,0,0,0,0,0,0,0,0,0,0,0,0,0,0,0,0,0,0,0,0,0,0,0,0,0,0,0.584304392337799,0,0,3.99694842100143,0,4.43429318070412,0,0,0,0,0,0,0,0,0,0,0,0,0,0,0,0,0,0,0,0,0,0,0,0,0,0,0,0,0,0,0,0.672140598297119,5.88184612989426,3.15756374597549,0,5.87009048461914,6.58086264133453,19.4810194671154,38.4623070657253,0,0,0,0,0,0,0,0,0,0,0,0,55.8339196145535,83.5095926225185,79.4784630537033,125.824673801661,125.596944630146,39.5429774522781,64.2153130173683,165.516923487186,39.8588740825653,71.8728051781654,48.3748925924301,6.19373175501823,156.959876000881,127.883041739464,103.111559957266,121.3611369133,15.1058782041073,22.9479643404484,123.231324762106,183.045719563961,410.232026278973,190.733778834343,0,428.471298992634,149.772977590561,189.14312595129
1.26073777675629,0,0,0,0,0,0,0,0,0,0,0,0,0,0,0,0,0,0,0,0,0,0,0,0,0,0,0,0,0,0,0,0,2.5120735168457,0,0,2.26322996616364,0.665124654769897,0,0,0,0,0,0,0,0,0,0,0,0,0,0,0,0,0,0,0,0,0,0,0,0,0,0,0,0,0,0,0,0.850345253944397,3.46686738729477,4.00279635190964,2.09889832139015,0.629527926445007,4.83707290887833,3.28063642978668,32.17780777812,31.5921210646629,0,0,0,0,0,0,0,0,0,0,0,0,19.6447079181671,8.22907489538193,41.9713655412197,29.1461307406425,148.590996026993,7.74021905660629,26.0348777770996,8.0276455283165,77.5936944782734,2.95178723335266,20.6047097146511,4.26292908191681,777.007936507463,285.672658413649,79.4959544837475,122.80605751276,13.4394421577454,13.3460015058517,192.297880530357,262.963958829641,327.542512893677,206.277788043022,428.471298992634,0,806.229599237442,455.962969481945
0,1.30427980422974,0,0,0,0,0,0,0,0,0,0,0,0,0,0,0,0,0,0,0,0,0,0,0,0,0,0,0,0,0,0,0,0,0,0,5.04704934358597,0,2.8558195233345,1.14922714233398,0,0,0,0,0,0,0.487253963947296,0,0,0,0,0,0,0,0,0,0,0,0,0,0,0,0,0,0,0,0,0,0,0,0,4.64482301473618,0,0.659200966358185,3.57356318831444,3.99003344774246,6.18668493628502,20.8055133223534,0,0,0,0,0,0,0,0,0,0,0,0,10.6883401274681,55.071914345026,6.06967517733574,98.1698943078518,42.4193557202816,14.408455491066,18.0598033666611,4.21947732567787,21.1259291470051,5.42502677440643,7.79136124253273,17.5339436531067,448.485866755247,187.632392972708,369.802417993546,648.099019914865,19.0130861401558,18.0441569983959,93.3566944599152,143.378319829702,182.572259515524,65.9078785181046,149.772977590561,806.229599237442,0,220.822265952826
5.27600580453873,9.53001219034195,6.22853404283524,28.6434673070908,0,0,17.2326258420944,9.42647606134415,0,0,0,2.37090158462524,0.717521488666534,3.82389390468597,2.39839881658554,1.28056919574738,0,0,7.54388511180878,8.81448408961296,0,0,0.718176364898682,2.29606795310974,0,0,0,0,2.33651888370514,0,1.05147016048431,0.964286327362061,0,8.33340093493462,0,0,6.14478799700737,3.85829448699951,1.46875470876694,0,4.36488121747971,0.702265679836273,0,0,0,0,0,0.475582093000412,0,0,0,0,0,0,0,0,0.820826530456543,0.857208609580994,0,0,0,0,0,0,0,0,0,0,0,0,34.8287119567394,63.2406165599823,17.6772802472115,2.11367544531822,50.1991557180882,24.0191511511803,128.597633719444,186.611573398113,0,0,0,0,0,0,0,0,0,0,0,0,28.7406631708145,76.7011442184448,29.5218950212002,116.480447232723,121.942871123552,26.6937869787216,70.3551455140114,10.3049804568291,15.333188354969,8.94928976893425,16.5014544725418,14.0269227325916,72.7792291343212,117.503572762012,314.121418356895,374.552440166473,28.9802127480507,34.2379972934723,214.907146036625,201.152859658003,257.307992517948,89.0111036300659,189.14312595129,455.962969481945,220.822265952826,0
