0,203.510278970003,1787.95662495494,117.983289897442,0,0,6049.65041410923,24.7822018563747,6.23592329025269,0,2023.04976460338,7.90425822138786,827.681623607874,0,18.5692301690578,0,491.25861120224,1.30307728052139,315.846778213978,477.886228471994,0,0,10.9501070380211,1.09337556362152,0,0,0,0,771.882537603378,0,9.85199630260468,2.73808318376541,33.0819745361805,188.585870593786,3.07323175668716,0,364.549951672554,2.28358137607574,81.9021954238415,0,2.74713289737701,0,0,0,0.548512101173401,0,1.43777084350586,0.953946828842163,5.85971057415009,0,182.283820271492,0,10.7417420744896,0,15.6119720935822,0,11517.3529237211,13.0463540256023,331.153994858265,0,1383.12135648727,0,393.556557893753,0,432.069811105728,0,163.096580326557,1.09934544563293,1827.09292864799,48.7565734386444,2195.17188176513,100.16109713912,2554.97764131427,15.8849843144417,926.604364901781,4.68744319677353,3057.65345185995,54.344508677721,2.61800646781921,0,161.301959335804,0,55.9656241834164,0,609.437972009182,0,0,0,342.915876239538,0,0,0,0,0,150.608243018389,0,16.9294881224632,0,0,0,0,0,1.02971696853638,0,5.77850300073624,0,11.0621293783188,0,8.71549850702286,0.82812088727951,1.54275619983673,0,0,0,0,3.56295919418335
203.510278970003,0,133.628527283669,4885.01735705137,0,0,25.9823968708515,4146.19711917639,0,3.13291600346565,1.48327565193176,1711.02808594704,0.688258171081543,525.493096917868,0,18.5775406360626,2.50317621231079,780.175494194031,353.969073086977,1606.36558774114,0,0,4.3016631603241,23.5100895166397,0,1.26654326915741,0,0,16.433934867382,136.188706874847,21.0100718140602,18.5744647681713,145.813292235136,358.424500226974,9.82935267686844,0,15.7086377739906,158.861881285906,0,31.3857743144035,0,0,0,0,0,0,0,34.1332134008408,0,8.21203672885895,0,290.591693043709,0,0,0,73.8538336455822,55.8500029146671,12184.8996021748,3.62599658966064,548.408523827791,11.6548330783844,748.913861453533,4.54957723617554,250.633216738701,0,570.88780221343,80.9429493546486,87.3709056973457,425.761188149452,1059.77617573738,230.034925818443,2885.81437861919,94.5566821396351,2553.77083939314,30.4623838663101,700.241286218166,471.310517132282,4697.56194123626,1.40677404403687,8.82772913575172,4.28228461742401,21.6210363805294,0,0,0,413.507655292749,0,0,0,160.907180815935,0,0,0,0,3.44596284627914,110.796231776476,0,0,0,0,0,0,0,0,0,1.97518107295036,0,2.61505156755447,18.6103165149689,41.0389561057091,0,0,0,0,0,2.1839611530304
1787.95662495494,133.628527283669,0,735.67983391881,946.549006789923,95.9097402691841,9892.18733528256,515.122564345598,628.04690271616,50.5532886385918,427.99723726511,47.9971799254417,1016.85204488039,18.2881943583488,419.055913358927,16.3584901094437,97.6434994339943,13.3862680792809,1960.04320296645,969.747783631086,2.82065150141716,6.64658653736115,3679.91402024031,953.470533430576,113.763858497143,161.525104701519,30.0649370849133,15.5229573845863,875.269360929728,2.84091144800186,162.236961454153,662.683996260166,84.4837299585342,328.512983441353,9.39680153131485,1.11175906658173,67.0654508769512,0,14.0998727679253,0,17.8103964328766,0,2.91081643104553,0,0,0,0,0,2.67395973205566,0,27.1969805955887,0,0,0,0,0,229.548165798187,0.612554371356964,160.696246981621,0,35.1902821362019,0,15.2522687613964,0,15.2138559520245,0,473.448608756065,0,450.061605334282,3.74986153841019,2510.29005905986,531.801953226328,2032.98502641916,266.684365332127,346.217114210129,25.1163235902786,1431.33264002204,95.1617134213448,3.24969375133514,0,20.5498355031013,0,66.708737462759,0,16.0618444085121,0,1.22584137320518,0,4.39443764090538,0,0,0,0,0,37.3640270233154,0,4.61489969491959,0,0,0,0,0,0,0,1.33583807945251,0,0,0,3.45917409658432,1.86010432243347,0,0,0,0,0,0.62371301651001
117.983289897442,4885.01735705137,735.67983391881,0,93.6715513467789,324.469627827406,453.511102735996,9478.61176514626,77.5126025378704,144.196169793606,29.6332966685295,717.715567141771,103.70508402586,369.217109560966,37.221130669117,98.4283610582352,2.60416424274445,312.907972693443,724.735067218542,3069.07998156548,2.44097340106964,7.97517618536949,1022.78424531221,3640.6343241632,38.8673577308655,156.803404450417,7.10703036189079,9.57095938920975,66.4901134669781,89.5028047859669,143.944649666548,439.579359829426,129.31797337532,188.253671765327,2.33238506317139,3.06636741757393,0.75740772485733,52.154061794281,0,1.28648579120636,0,20.1501108407974,0,0,0,3.0644816160202,0,26.6770979762077,0,9.79049015045166,0,320.457925409079,0,0,0,18.1396368145943,7.27988770604134,689.380834162235,0,233.096343129873,0,61.6536046266556,0,17.5994591712952,0,191.301817327738,3.20217275619507,90.1567607522011,71.4023757874966,182.355557262897,430.058062911034,2681.7439301908,228.003556787968,1876.27540147305,48.2525230944157,486.777300775051,133.649668246508,2220.24370208383,0,1.7065024971962,0,10.1869916915894,2.15240415930748,0.920946776866913,0,62.3945682644844,0,2.2894052863121,0,15.3131673932076,0,0,0,0,4.71204349398613,46.9284613132477,0,1.67212879657745,0,0,0,0,0,0,0,1.93554106354713,0,0,26.3238665759563,15.5692049264908,0,0,0,0,0,1.17709630727768
0,0,946.549006789923,93.6715513467789,0,78.5910089313984,428.091214507818,33.0038943588734,1865.05765360594,37.9455031752586,0.421848058700562,0,20.5936704874039,0,2074.1632130146,8.21301764249802,0.899961531162262,0,1.41229856014252,0,194.791840612888,95.284963876009,370.690674722195,225.250478893518,421.050682723522,462.943554848433,1126.82589006424,82.6685799956322,729.069401085377,0,125.392357349396,220.918472468853,18.6457232832909,7.44229301810265,0.713139891624451,0,26.1124603152275,10.6557264328003,2.41334688663483,1.20198690891266,148.704361557961,0,0,0,0,0,1.69099152088165,0,0,0,2.48634469509125,0,1.4877256155014,0,11.2075219154358,0,0,0,0,0,0,0,0,0,0,0,0,0,0,0,1218.68910589814,128.297880649567,1188.79165405035,31.2219277024269,45.0073000192642,0.920586407184601,49.1717570722103,1.19420969486237,0,0,1.406574010849,0,110.358920127153,0,12.0836943984032,0,50.0947372019291,0,37.8002516925335,0,0,0,0,0,1.5640917122364,0,0,0,0,0,0,0,0,0,0,0,0,0,0,0,0,0,0,0,0,0
0,0,95.9097402691841,324.469627827406,78.5910089313984,0,6.38204210996628,562.017687082291,45.7998303472996,1888.910895437,0,2.65914368629456,0,15.7634661197662,26.7156336903572,1742.48931768537,0,0,0,1.25461971759796,4.06397485733032,533.491217792034,205.439377307892,82.2095668613911,53.4333553910255,345.76768669486,32.8865206837654,1963.48606544733,4.51475358009338,213.080864846706,66.2576850652695,50.9091236591339,0,4.6682687997818,0,0,0,10.6410648226738,0,0.446616142988205,1.07505869865417,229.45782199502,0,0,0,0,0,0,0,0,0,0,0,0,0,1.19742029905319,0,0,0,0,0,0,0,0,0,0,0,0,0,0,150.232689797878,927.650282800198,48.1023551821709,737.710498601198,1.45850551128387,38.2698476314545,1.13897109031677,31.7709373235703,0,0,0,0,0,65.4012676179409,0,5.7298396229744,0,34.9749449491501,0,7.48736935853958,0,0,0,0,0,0.465381443500519,0,0,0,0,0,0,0,0,0,0,0,0,0,0,0,0,0,0,0,0
6049.65041410923,25.9823968708515,9892.18733528256,453.511102735996,428.091214507818,6.38204210996628,0,376.280540704727,1091.44484481215,11.721207678318,1533.51456713676,33.6527115404606,5761.27659425139,23.4642511308193,223.941142380238,0,136.394053518772,0.994987308979034,409.258548051119,441.772920757532,0,0,397.734620600939,525.466546088457,0,10.2967499494553,0,0.748335063457489,840.98957836628,2.53775978088379,57.413358271122,291.690990060568,26.4273291230202,165.507372260094,3.79151856899261,0,72.6536756753922,0,14.8354101479053,0,1.76021647453308,0,0,0,3.79336363077164,0,0,0,14.3875688910484,0,761.944519072771,0,18.6983708739281,0,7.56427165865898,0,1059.65755903721,1.73329704999924,273.355876266956,0,1062.62483078241,0,140.078222632408,0,754.521001905203,0,134.539958447218,0.556927740573883,121.565474569798,0,3000.84867286682,235.206045567989,1547.82567447424,129.010440707207,350.527920901775,11.8553735613823,1616.03115749359,40.7869402170181,3.64044159650803,0,134.758077204227,0,91.5999152362347,0,1067.30672565103,0,0,0,477.775417864323,0,0,0,0,0,47.2468363642693,0,3.8060342669487,0,0,0,0,0,0,0,1.18897318840027,0,1.25288319587708,0,3.14512985944748,1.18029630184174,0,0,0,0,0,1.77856606245041
24.7822018563747,4146.19711917639,515.122564345598,9478.61176514626,33.0038943588734,562.017687082291,376.280540704727,0,56.9312631487846,1132.70989319682,6.63649350404739,2531.89533320069,61.549165725708,4792.7365372777,20.8182982802391,525.654571145773,1.13617563247681,156.27500000596,281.544162303209,230.740554273129,2.06806263327599,0.892764985561371,674.238702952862,905.978632003069,17.3556535542011,5.71771788597107,0.917569279670715,2.2203106880188,25.1702095866203,67.4896531701088,98.8440764546394,159.666981220245,50.9474109113216,83.8696266412735,1.12871408462524,1.39482250809669,2.24146163463593,46.4487971067429,2.31503260135651,3.75194823741913,0,9.10613721609116,0,0.877910017967224,0,0,0,20.7270610630512,0,10.9870622158051,0,232.401551395655,0,0,0,92.0740955471992,1.02401897311211,600.302310854197,0,243.583198279142,0,570.653274893761,0,115.634155035019,0,756.590079784393,0,34.8821022510529,32.6591817438602,31.1581165790558,277.83864146471,4801.12184610963,125.93646004796,2098.28261864185,7.54045116901398,578.643088579178,58.8390164673328,2310.55257165432,0,6.13371503353119,0,96.6884455084801,0,0,0,1196.93050348759,0,0.593479931354523,0,204.265197575092,0,0,0,0,0.775929093360901,26.3321758508682,0,0,0,0,0,0,0,0,0,0,0,0,23.0984257459641,8.23952826857567,0,0,0,0,0,0
6.23592329025269,0,628.04690271616,77.5126025378704,1865.05765360594,45.7998303472996,1091.44484481215,56.9312631487846,0,33.7450875937939,3.97838252782822,0,709.297697335482,0,2884.9469871223,5.62554848194122,0,0,9.53909879922867,1.18319952487946,20.0647573769093,2.74450540542603,127.088482141495,145.927752107382,12.0864971876144,84.7022529244423,69.5846944153309,14.9507295489311,384.363414883614,0,28.0905531048775,94.6984532475471,2.12380397319794,5.74157297611237,0,0,11.7944578826427,0,3.26812025904655,0,69.493026137352,0,0,0,0,0,0,0,0,0,0,0,0,0,5.26741057634354,0,1.56722378730774,0,0,0,0,0,0,0,0,0,0,0,0.482789427042007,0,881.505466043949,65.6531408429146,1457.44064617157,40.7768351435661,50.3011150658131,0,178.509074151516,0,0,0,0.828653335571289,0,44.2001102566719,0,11.8286261558533,0,16.4467603564262,0,9.49529108405113,0,0,0,0,0,2.03112494945526,0,0,0,0,0,0,0,0,0,0,0,0,0,0,0,0,0,0,0,0,0
0,3.13291600346565,50.5532886385918,144.196169793606,37.9455031752586,1888.910895437,11.721207678318,1132.70989319682,33.7450875937939,0,0,14.4135133624077,0,296.093933433294,7.71783149242401,2846.10101592541,0,6.71801286935806,0,3.46441268920898,2.09094673395157,132.255765199661,126.90601554513,76.5253192484379,21.6542054414749,75.8285717368126,8.48001098632812,404.692747622728,3.12308233976364,63.7199010252953,18.8308987319469,23.077635705471,0.71535062789917,8.00994423031807,0,0,0,24.8544554710388,0,0,0,213.1480640769,0,0,0,0,0,5.56673872470856,0,0,0,0,0,0,0,1.37260580062866,0,3.00877594947815,0,0,0,0,0,0.833735466003418,0,0,0,0,0,0,77.8118723928928,1353.63795092702,24.0476012825966,1640.95306199789,0,116.831835955381,0.577632188796997,179.892432749271,0,0.977883458137512,0,1.55706286430359,0,37.7367288470268,0,5.9981107711792,0,21.7315475642681,0,12.1550737321377,0,0,0,0,0,0.87046006321907,0,0,0,0,0,0,0,0,0,0,0,0,0,0,0,0,0,0,0,0
2023.04976460338,1.48327565193176,427.99723726511,29.6332966685295,0.421848058700562,0,1533.51456713676,6.63649350404739,3.97838252782822,0,0,8.80788272619247,1910.43773400784,1.55651038885117,31.7336542010307,0,553.788709819317,0,223.638672202826,113.251496016979,0,0,33.4496472477913,2.26660597324371,0,0,0,0,587.384044349194,0,3.72404962778091,0.618246495723724,13.8382375836372,48.9327370524406,0,0,9.42639476060867,0,3.78974670171738,0,2.19194424152374,0,0,0,0,0,0.4801906645298,0,0,0,9.32385993003845,0,0,0,0.60743910074234,0,293.694742560387,0,67.4543688893318,0,379.186861217022,0,414.507782459259,0,83.0841739475727,0,28.4181086421013,0,44.2437393069267,0,318.994628190994,18.1401152610779,141.074351221323,2.2354129254818,24.5475566387177,2.85040932893753,170.393105924129,6.64879018068314,21.4883472323418,0,643.551013380289,0,138.536113917828,0,584.605867356062,0,0,0,229.941609174013,0,0,0,0,0,0.670419037342072,0,0.855186820030212,0,0,0,0,0,0,0,0,0,0,0,0,0,0,0,0,0,0,0
7.90425822138786,1711.02808594704,47.9971799254417,717.715567141771,0,2.65914368629456,33.6527115404606,2531.89533320069,0,14.4135133624077,8.80788272619247,0,2.71997034549713,3446.18669912219,0,122.106992840767,0,1291.80945181847,109.010176181793,277.409278690815,0,0.660017609596252,27.8590855002403,49.7972161769867,0,0,0,0,7.25683200359344,593.896483033895,2.19597309827805,22.9970863461494,17.0663510560989,33.0845143198967,0.802595257759094,0.647213160991669,0,8.36845111846924,0,0,0,0,0,0,0,0,0,0,0,0,0,4.4646520614624,0,0,0,4.06630289554596,0,244.706827670336,0,88.9671978056431,0,714.43505820632,0,464.301451086998,0,232.714117467403,0,12.3848474919796,0.801540791988373,7.08673322200775,34.968987762928,786.101968824863,8.68044519424438,753.088449716568,0.61537230014801,79.2272718548775,5.18322879076004,261.336827754974,0,11.0673589706421,0,228.318347752094,0.58470606803894,3.58421123027802,0,470.811519503593,0,0,0,33.3743432760239,0,0,0,0,0,2.39268004894257,0,0.855854988098145,0,0,0,0,0,0,0,0,0,0,2.50115036964417,0.585052967071533,0,0,0,0,0,0
827.681623607874,0.688258171081543,1016.85204488039,103.70508402586,20.5936704874039,0,5761.27659425139,61.549165725708,709.297697335482,0,1910.43773400784,2.71997034549713,0,3.22104823589325,1982.84320938587,0,270.792171627283,0,398.515485137701,105.650296360254,0,0,317.715126156807,86.5449811220169,0,0,0,0,2050.94366261363,0,23.7543506622314,71.6743207573891,4.15912467241287,81.8970996439457,0.661069393157959,0,28.8314340114594,0,3.31302171945572,0,0,0,0,0,0,0,0,0,0,0,13.3003367781639,0,1.13359117507935,0,3.52146065235138,0,380.060878455639,0,57.3859309256077,0,244.229113310575,0,258.213603436947,0,76.0731770694256,0,44.6694509387016,0.648099064826965,42.8070161640644,0,1192.3661261797,70.7546448707581,1078.78991803527,5.80435228347778,143.293695598841,0,729.77578124404,6.48601460456848,29.1623918414116,0,689.892044007778,0,30.4581019878387,0,647.852969944477,0,0,0,202.689269840717,0,0,0,0,0,15.3931491374969,0,1.62257650494576,0,0,0,0,0,0,0,0.622183561325073,0,0,0,1.82425159215927,0,0,0,0,0,0,1.44399070739746
0,525.493096917868,18.2881943583488,369.217109560966,0,15.7634661197662,23.4642511308193,4792.7365372777,0,296.093933433294,1.55651038885117,3446.18669912219,3.22104823589325,0,0,2097.17422538996,0,241.710006773472,18.6580373048782,88.5979163050652,0,1.12991786003113,47.5764507651329,124.112776458263,0,0,0,0,0.579618632793427,768.633604764938,6.19199097156525,38.9464594721794,7.96210861206055,31.2794259190559,1.11266434192657,3.18757218122482,0,17.5443412661552,1.48388659954071,1.2602686882019,0,12.6005461215973,0,0,0,0,0,5.83051773905754,0,0,0,0,0,0,0,0.607730209827423,0,174.998002052307,0,34.3072001039982,0,565.91272854805,0,567.995692789555,0,204.528190851212,0,6.69110345840454,0,2.929547727108,34.2726697921753,1019.53058850765,4.46764093637466,1653.14116090536,1.6063586473465,186.590707540512,0.483419090509415,593.720793634653,0,30.1806018352509,0,384.621546268463,0,7.46586281061172,0,419.363061070442,0,0.905839651823044,0,9.46170216798782,0,0,0,0,2.11624908447266,7.23485621809959,0,0,0,0,0,0,0,0,0,0,0,0,2.46804288029671,4.00016364455223,0,0,0,0,0,0
18.5692301690578,0,419.055913358927,37.221130669117,2074.1632130146,26.7156336903572,223.941142380238,20.8182982802391,2884.9469871223,7.71783149242401,31.7336542010307,0,1982.84320938587,0,0,1.22233843803406,7.92095792293549,0,22.8914520442486,0,137.068200051785,10.4267781972885,192.929649621248,80.974802583456,56.8211641907692,66.8480041027069,228.034219324589,11.7708465456963,3239.85359534621,0,73.3121666908264,77.6649340391159,8.57531869411469,4.58984303474426,0,0,41.5962040424347,0,1.67653077840805,0,82.7344842553139,0,0,0,0,0,2.07608985900879,0,0,0,0,0,0,0,3.85375785827637,0,3.93746909499168,0,0,0,0,0,0,0,0,0,0,0,0,0,1123.34995800257,46.0424126386642,2552.6911034286,6.8699004650116,107.962591469288,0,294.457259774208,0,0,0,25.738381922245,0,209.472100526094,0,25.9001554846764,0,85.0259075164795,0,43.2756431698799,0,0,0,0,0,5.28571993112564,0,0.674732863903046,0,0,0,0,0,0,0,0,0,0,0,0,1.67232358455658,0,0,0,0,0,0
0,18.5775406360626,16.3584901094437,98.4283610582352,8.21301764249802,1742.48931768537,0,525.654571145773,5.62554848194122,2846.10101592541,0,122.106992840767,0,2097.17422538996,1.22233843803406,0,0,55.7337262034416,0,2.97271424531937,1.13325500488281,297.125972926617,39.6746296882629,76.4171924591064,11.4539875388145,128.044161140919,1.0156923532486,535.960517764091,0,2083.15622329712,13.5909117162228,20.0080280303955,0,7.72653484344482,0,0,0,63.0212469696999,0,4.00932329893112,0,560.433598518372,0,0.490957289934158,0,0,0,0.716390907764435,0,0,0,0,0,0,0,17.6974211335182,0,14.8908070325851,0,0,0,0,0,12.9426255822182,0,0,0,0,0,0,31.7493004202843,976.634247332811,7.61732333898544,3035.40566506982,0,175.207984775305,0,210.610144168139,0,2.93839120864868,0,24.5887929201126,0,200.174912273884,0,52.7801325321198,0,91.8215627968311,0,33.5993145704269,0,0,0,0,0,1.079748660326,0,0,0,0,0,0,0,0,0,0,0,0,0.557324767112732,0.564476847648621,0,0,0,0,0,0
491.25861120224,2.50317621231079,97.6434994339943,2.60416424274445,0.899961531162262,0,136.394053518772,1.13617563247681,0,0,553.788709819317,0,270.792171627283,0,7.92095792293549,0,0,0,41.6090717613697,22.4135642051697,0,0,5.45618510246277,0,0,0,0,0,3115.01301884651,0,4.46483248472214,0.981223165988922,5.5123473405838,33.9336574971676,7.63000506162643,3.85216045379639,6.79456424713135,4.81985676288605,1.51661133766174,0,0,0,0.982720971107483,1.92978596687317,5.90707385540009,0,3.56255742907524,0,2.92841982841492,0,21.7844676375389,0,0.557976067066193,0,0,0,1797.12819883227,2.90846341848373,135.675606250763,2.21339774131775,367.893666505814,0,2114.19319671392,1.55287849903107,34.8099211454391,0,60.6946049034595,10.8587301373482,29.968873500824,0,85.3856011927128,3.9354082942009,166.356709837914,0,27.4848355650902,0,82.9132175445557,2.71214717626572,417.626236319542,0,1596.12315306067,0,185.770886570215,0,132.729530692101,0,1.66386336088181,0,25.1378858089447,0,0,0,0,0,1.6505064368248,0,5.26315820217133,0,0,0,0,0,0,0,0,0,0.6513911485672,0,0,0,0,0,0,0,0,0
1.30307728052139,780.175494194031,13.3862680792809,312.907972693443,0,0,0.994987308979034,156.27500000596,0,6.71801286935806,0,1291.80945181847,0,241.710006773472,0,55.7337262034416,0,0,42.5706800222397,194.604515314102,0,0,6.16014885902405,13.7008944153786,0,0,0,0,3.42497575283051,2114.45943778753,4.2910168170929,5.72332346439362,11.0208660364151,28.0431121587753,9.34969556331635,0.962045788764954,2.73827034235001,4.36629229784012,0,1.65961182117462,0,0,0,0,0,0,0,1.28008759021759,0,0.859718084335327,0,8.21685481071472,0,0,0,0.96159964799881,1.60088568925858,2253.6780629158,3.20328080654144,55.9959217011929,0,346.434459537268,0,1373.07905614376,0,17.217018276453,10.6509221196175,31.3969448804855,3.56672650575638,24.1103343963623,10.4924773573875,232.906512349844,7.29667741060257,1379.68027153611,0,66.105789065361,16.1685600280762,167.473229467869,0,445.86080750823,0,787.219271510839,0,4.49465242028236,0,111.856043994427,0,1.33360075950623,0,15.1236548423767,0,0,0,0,0,4.27244848012924,0,0,0,0,0,0,0,0,0,0,0,0,0,0,0.532950401306152,0,0,0,0,1.15850949287415
315.846778213978,353.969073086977,1960.04320296645,724.735067218542,1.41229856014252,0,409.258548051119,281.544162303209,9.53909879922867,0,223.638672202826,109.010176181793,398.515485137701,18.6580373048782,22.8914520442486,0,41.6090717613697,42.5706800222397,0,3512.94951462746,0,0,1777.00769090652,175.257082313299,0.870350658893585,0,0,0,245.299048423767,1.37742835283279,375.171033114195,278.304216653109,2528.74127048254,1043.29305225611,50.996068239212,1.12523838877678,35.2154616117477,0,11.8443352282047,0,1.84025764465332,0,19.1099231541157,0,34.1495700180531,0,13.3501476049423,0.951055347919464,0,0,0,0,0,0,0,0,190.736841112375,12.6363415718079,82.5116426348686,0,3.34999620914459,0,4.85077852010727,0,5.53343492746353,0,1461.9435389936,5.86264741420746,1704.59924712777,72.4137302339077,1040.39799207449,412.061190128326,509.334513098001,174.233938872814,158.512356609106,53.832086712122,787.826144367456,268.937352955341,0,0,7.81873613595963,0,51.1914553046227,0,8.63794350624084,0,0,0,0,0,0,0,0,0,21.6377317905426,0,1.29615896940231,0,0,0,0,0,0,0,0,0,0,0,3.16820734739304,0.778476655483246,0,0,0,0,0,0
477.886228471994,1606.36558774114,969.747783631086,3069.07998156548,0,1.25461971759796,441.772920757532,230.740554273129,1.18319952487946,3.46441268920898,113.251496016979,277.409278690815,105.650296360254,88.5979163050652,0,2.97271424531937,22.4135642051697,194.604515314102,3512.94951462746,0,0,0,934.966821432114,1343.76135647297,0,1.52834892272949,0,0,219.3818615973,26.33078789711,209.25963562727,393.257390290499,845.077592223883,4742.81784951687,1.5080463886261,15.4896658957005,7.89632362127304,23.6022931933403,2.73921579122543,1.82486915588379,0,0,0,3.95588064193726,0.675798058509827,0,0,22.9843539893627,0,0,0,2.61933976411819,0,0,0,0.600005328655243,59.6867373287678,431.419826567173,8.29153668880463,255.466139435768,4.37535345554352,5.99811351299286,1.40134406089783,16.8618077635765,0,1.62056869268417,89.0239081382751,494.225200682878,897.486182838678,2055.61594939232,701.509225279093,958.388677150011,518.456878691912,572.164608299732,156.822136759758,187.235146731138,760.495659142733,1366.52962270379,0,0,0,4.16459339857101,5.89797872304916,0,0,1.87635743618011,0,0,0,0,0,0,0,0,1.34591150283813,17.0546572506428,0,0,0,0,0,0,0,0,0,0,0,1.15652930736542,8.19159716367722,5.72957864403725,2.70275741815567,0,0,0,0,0
0,0,2.82065150141716,2.44097340106964,194.791840612888,4.06397485733032,0,2.06806263327599,20.0647573769093,2.09094673395157,0,0,0,0,137.068200051785,1.13325500488281,0,0,0,0,0,87.3741100132465,54.6915130615234,10.9308466315269,92.3565081059933,46.1322633326054,689.39394441247,23.5474919974804,116.79436570406,0,530.854038417339,24.1090331971645,82.2569689154625,0.339036911725998,21.0834823846817,0.46904730796814,15.0578550696373,0,3.66320359706879,0,47.0764929652214,7.90948700904846,0,0,0,0,1.17405605316162,0,0,0,0,0,0,0,0.784797549247742,0,0,0,0,0,0,0,0,0,0,0,4.27992701530457,0,0,0,860.831912457943,70.5351662039757,87.1375358998775,3.48851668834686,8.89542698860168,4.93714249134064,4.50906240940094,3.03155660629272,0,0,0,0,3.71021848917007,0,0.77025294303894,0,3.59165227413177,1.98526304960251,5.87774768471718,0.950210630893707,0,0,0,0,0,0,0,0,0,0,0,0,0,0,0,0,0,0,0,0,0,0,0,0,0,0
0,0,6.64658653736115,7.97517618536949,95.284963876009,533.491217792034,0,0.892764985561371,2.74450540542603,132.255765199661,0,0.660017609596252,0,1.12991786003113,10.4267781972885,297.125972926617,0,0,0,0,87.3741100132465,0,50.9421753883362,78.4466671943665,78.6235536634922,795.360410422087,284.935673773289,1521.62159770727,0.996375918388367,131.533538818359,125.902728170156,943.67024153471,11.4343275427818,26.2846578359604,2.98287880420685,3.55081826448441,32.8192479014397,176.599663853645,19.1856300830841,10.1401722431183,1.30799067020416,549.514897167683,0,0,0,0,0,3.58107757568359,0,0,0,0.612281024456024,0,0,0,8.5076522231102,0,0,0,0,0,0,0,0,0,0,0,2.99539625644684,0,0,181.699151873589,707.50689843297,6.01689040660858,272.860600918531,1.19026207923889,2.22876036167145,1.05680048465729,7.32468956708908,0,0,0,0,0,70.8036474585533,0,0.803538262844086,0,35.4746826887131,0,2.76993376016617,0,0,0,0,0,0.703998208045959,0,0.766822874546051,0,0,0,0,0,1.15321278572083,0,0,0,0,0,0,0,0,0,0,0,0
10.9501070380211,4.3016631603241,3679.91402024031,1022.78424531221,370.690674722195,205.439377307892,397.734620600939,674.238702952862,127.088482141495,126.90601554513,33.4496472477913,27.8590855002403,317.715126156807,47.5764507651329,192.929649621248,39.6746296882629,5.45618510246277,6.16014885902405,1777.00769090652,934.966821432114,54.6915130615234,50.9421753883362,0,2100.53422740102,929.75067037344,507.400324642658,328.817455410957,64.4761864840984,275.988457411528,3.75723975896835,3561.90790644288,1965.7771345377,809.725285798311,506.926769077778,213.118047207594,1.20068764686584,19.6629278659821,0,2.80811792612076,0,7.76291459798813,2.02933394908905,38.4901279807091,0,48.1334593296051,0,15.3519178032875,0,0,0,0,0,0,0,0,0,7.32369583845139,0,4.65795338153839,0,0,0,0,0,0,0,406.446956396103,0,40.0327406525612,0,1654.16071781516,768.717930167913,950.105405151844,401.575423747301,108.833522260189,47.9620098471642,503.083495140076,58.1597470641136,0,0,0.687044501304626,0,4.06139713525772,0,1.12750327587128,0,0,0,0,0,0,0,0,0,4.44935786724091,0,0,0,0,0,0,0,0,0,0,0,0,0,0.911624133586884,0,0,0,0,0,0,0
1.09337556362152,23.5100895166397,953.470533430576,3640.6343241632,225.250478893518,82.2095668613911,525.466546088457,905.978632003069,145.927752107382,76.5253192484379,2.26660597324371,49.7972161769867,86.5449811220169,124.112776458263,80.974802583456,76.4171924591064,0,13.7008944153786,175.257082313299,1343.76135647297,10.9308466315269,78.4466671943665,2100.53422740102,0,156.659318238497,1232.13412415981,49.7105523347855,61.0802453756332,60.5815105438232,20.9981752932072,469.760908812284,2750.48769947886,47.581226348877,1669.29907166958,0,24.8920690119267,0.500732719898224,4.68498986959457,0,0,0,23.3583722114563,0,0,0,0,0,1.06832528114319,0,0,0,0,0,0,0,0,0,10.8451142907143,0,1.66974699497223,0,0,0,2.44726252555847,0,0,0,40.5569454282522,0,8.0547608435154,631.122709721327,1791.17846304178,328.866980493069,624.643717765808,12.9832801222801,125.310344606638,25.8402426242828,306.159295558929,0,0,0,3.96060848236084,1.8079269528389,0,0,0,0,0,0,0,0,0,0,0,0,0.58874374628067,0,0,0,0,0,0,0,0,0,0,0,0,1.99417471885681,0,0.406622648239136,0,0,0,0,0
0,0,113.763858497143,38.8673577308655,421.050682723522,53.4333553910255,0,17.3556535542011,12.0864971876144,21.6542054414749,0,0,0,0,56.8211641907692,11.4539875388145,0,0,0.870350658893585,0,92.3565081059933,78.6235536634922,929.75067037344,156.659318238497,0,380.176329225302,860.714539051056,75.2616296112537,18.4132317304611,0,417.993344068527,177.138498574495,8.31534725427628,3.74585574865341,1.88948464393616,0,2.68529284000397,0,0,0,11.7188395857811,0,0,0,0,0,0,0,0,0,0,0,0,0,0,0,0,0,0,0,0,0,0,0,0,0,0,0,0,0,381.449502080679,88.6739659011364,115.774617373943,8.60754406452179,4.89289796352386,1.53468549251556,2.34330087900162,0,0,0,0,0,3.6390392780304,0,0,0,1.59974640607834,0,0,0,0,0,0,0,0,0,0,0,0,0,0,0,0,0,0,0,0,0,0,0,0,0,0,0,0,0
0,1.26654326915741,161.525104701519,156.803404450417,462.943554848433,345.76768669486,10.2967499494553,5.71771788597107,84.7022529244423,75.8285717368126,0,0,0,0,66.8480041027069,128.044161140919,0,0,0,1.52834892272949,46.1322633326054,795.360410422087,507.400324642658,1232.13412415981,380.176329225302,0,347.856511205435,1523.40826669335,9.75336003303528,7.1975222826004,332.54428294301,853.106658250093,20.6009900271893,30.6613013446331,0,0.84443411231041,0,4.36690008640289,0,0,0,28.1698477864265,0,0,0,0,0,0,0,0,0,0,0,0,0,0,0,0,0,0,0,0,0,0,0,0,0,0,0,0,851.671464413404,823.514508515596,87.9157034754753,167.903218477964,1.6050671339035,11.7011749744415,0,0.499314397573471,0,0,0,0,0,4.11113387346268,0,0,0,0.937549471855164,0,0,0,0,0,0,0,0,0,0,0,0,0,0,0,0,0,0,0,0,0,0,0,0,0,0,0,0
0,0,30.0649370849133,7.10703036189079,1126.82589006424,32.8865206837654,0,0.917569279670715,69.5846944153309,8.48001098632812,0,0,0,0,228.034219324589,1.0156923532486,0,0,0,0,689.39394441247,284.935673773289,328.817455410957,49.7105523347855,860.714539051056,347.856511205435,0,190.030976474285,38.4886889755726,0,504.695722013712,139.12847918272,48.4073115587234,1.02198895812035,0.942132294178009,0,55.8640753626823,38.5069726109505,36.8117165565491,1.04703605175018,17.5408282279968,0,0,0,0,0,0.779002130031586,0,0,0,0,0,0,0,0.799762725830078,0,0,0,0,0,0,0,0,0,0,0,0.603244006633759,0,0,0,934.603201836348,93.4335925877094,162.822541713715,7.70252430438995,10.5982629954815,0,6.02151191234589,3.12249004840851,0,0,0,0,4.71134734153748,0,0.517447769641876,0,2.0651661157608,0,2.15083158016205,0,0,0,0,0,0,0.884865522384644,0.513974368572235,0,0,0,0,0,0,0,0,0,0,0,0,0,0,0,0,0,0,0
0,0,15.5229573845863,9.57095938920975,82.6685799956322,1963.48606544733,0.748335063457489,2.2203106880188,14.9507295489311,404.692747622728,0,0,0,0,11.7708465456963,535.960517764091,0,0,0,0,23.5474919974804,1521.62159770727,64.4761864840984,61.0802453756332,75.2616296112537,1523.40826669335,190.030976474285,0,0.695452213287354,64.0406286120415,88.1115286052227,167.221526443958,5.29642975330353,12.1597869992256,0,0,11.2187054157257,8.77714592218399,15.0477792024612,0,0,104.734152436256,0,0,0,0,0,0,0,0,0,0,0,0,0,0,0,0,0,0,0,0,0,0,0,0,0,0,0,0,222.958981245756,665.332066714764,11.3298378586769,279.595685660839,0,7.24920791387558,0,2.47081100940704,0,0,0,0,0,30.056930243969,0,0.827090203762054,0,10.9589310586452,0,3.68411684036255,0,0,0,0,0,0,0,0,0,0,0,0,0,0,0,0,0,0,0,0,0,0,0,0,0,0
771.882537603378,16.433934867382,875.269360929728,66.4901134669781,729.069401085377,4.51475358009338,840.98957836628,25.1702095866203,384.363414883614,3.12308233976364,587.384044349194,7.25683200359344,2050.94366261363,0.579618632793427,3239.85359534621,0,3115.01301884651,3.42497575283051,245.299048423767,219.3818615973,116.79436570406,0.996375918388367,275.988457411528,60.5815105438232,18.4132317304611,9.75336003303528,38.4886889755726,0.695452213287354,0,0,32.2829352021217,66.596683204174,16.7501790821552,100.806426286697,44.0486884713173,35.5476868748665,217.996848404408,21.9031440019608,45.8062499463558,0,361.311404764652,0,77.3058196604252,8.87088525295258,69.104837924242,3.73364186286926,297.483131319284,0.846912145614624,95.3179186582565,0.734855115413666,416.615274399519,0,79.4712308943272,0,148.665690928698,0,1219.50869065523,16.6214509010315,686.553018033504,6.65513747930527,444.241225719452,1.16529953479767,794.89741358161,5.59378197789192,124.432101756334,0,439.625173121691,80.4459462761879,73.4285519123077,15.9836468994617,641.923725098372,54.9808330833912,3172.79765030742,27.0962213277817,106.067422509193,7.33551323413849,551.663911491632,42.7703090310097,320.522436141968,0,1548.69821178913,0,1386.74416902661,0,417.593798100948,0,354.355962008238,0,313.196394562721,0,7.59431776404381,0,0,0,26.8362258672714,0,3.67806404829025,0,12.6356077492237,0,0,0,2.95515096187592,0,5.59866997599602,0,2.89403277635574,0,0.635489642620087,0,1.31223785877228,0,0,0,0,0
0,136.188706874847,2.84091144800186,89.5028047859669,0,213.080864846706,2.53775978088379,67.4896531701088,0,63.7199010252953,0,593.896483033895,0,768.633604764938,0,2083.15622329712,0,2114.45943778753,1.37742835283279,26.33078789711,0,131.533538818359,3.75723975896835,20.9981752932072,0,7.1975222826004,0,64.0406286120415,0,0,0,5.43064057826996,3.51470750570297,13.7507856786251,15.9668037891388,9.45255357027054,3.28778198361397,104.565774083138,0,8.56610086560249,0,422.485173583031,3.24536508321762,33.4041756093502,1.28610914945602,27.4955065846443,0,38.4179367423058,0,42.0782180428505,0,103.055118560791,0,4.75820910930634,0,18.2480930089951,0,371.700509399176,0,111.746449321508,0.911757707595825,78.5494559407234,0,258.940771877766,0,31.6376059353352,5.04164582490921,85.5951824486256,0,8.96270284056664,3.14652240276337,85.9910179376602,1.85065841674805,5502.58743080497,0,25.2416444420815,1.10647737979889,47.4831302762032,0,626.055840730667,0,599.574931651354,0,578.768345028162,0,180.538027316332,0,100.927629143,0,48.8245660662651,0,2.36234784126282,0,0,0,5.50617414712906,2.35595512390137,0,0,5.83597719669342,0,0,0,2.68366193771362,0,0,0,0,0,0,1.38438165187836,0,0,0,0,0
9.85199630260468,21.0100718140602,162.236961454153,143.944649666548,125.392357349396,66.2576850652695,57.413358271122,98.8440764546394,28.0905531048775,18.8308987319469,3.72404962778091,2.19597309827805,23.7543506622314,6.19199097156525,73.3121666908264,13.5909117162228,4.46483248472214,4.2910168170929,375.171033114195,209.25963562727,530.854038417339,125.902728170156,3561.90790644288,469.760908812284,417.993344068527,332.54428294301,504.695722013712,88.1115286052227,32.2829352021217,0,0,821.344078689814,1259.90408840775,224.511418700218,305.195051908493,0.35972473025322,2.47698843479156,0,1.99806225299835,0,1.21407997608185,3.14657723903656,42.2504875361919,0,68.019881606102,0,17.1772272288799,0,0,0,0,0,0,0,0,0,5.9864798784256,4.63664132356644,3.11817306280136,2.12603425979614,2.27619743347168,0,2.81360292434692,0,0,1.63103115558624,493.401770889759,3.53440880775452,55.9600011706352,36.0117464661598,955.133572936058,199.1593567729,181.887476980686,97.1067374050617,14.9767417311668,18.5384150147438,71.7456421554089,31.5198889970779,0,0,1.85100948810577,0,1.57571804523468,0,0,0,1.29637897014618,0,0,0,0,0,0,0,1.65462076663971,0,0,0,0,0,0,0,0,0,1.13568234443665,0,0,0,0,0,0,0,0,0,0,0
2.73808318376541,18.5744647681713,662.683996260166,439.579359829426,220.918472468853,50.9091236591339,291.690990060568,159.666981220245,94.6984532475471,23.077635705471,0.618246495723724,22.9970863461494,71.6743207573891,38.9464594721794,77.6649340391159,20.0080280303955,0.981223165988922,5.72332346439362,278.304216653109,393.257390290499,24.1090331971645,943.67024153471,1965.7771345377,2750.48769947886,177.138498574495,853.106658250093,139.12847918272,167.221526443958,66.596683204174,5.43064057826996,821.344078689814,0,129.067650645971,2309.84905540943,10.1919696927071,187.030281245708,5.61446809768677,4.42761132121086,0,0.946514904499054,1.55625128746033,8.81534963846207,0,3.87914234399796,0.786409020423889,0,0,53.5776067376137,0,0,0,0,0,0,0,0,0,7.38419044017792,0,2.1498743891716,0,1.16028940677643,0,1.51768398284912,0,0,4.28374576568604,475.175596371293,5.93068188428879,15.4828264415264,613.994719862938,755.546570032835,337.448499262333,304.442342638969,12.7093115448952,53.0614142417908,108.196244388819,170.895087838173,0,0,1.64531445503235,0.405178338289261,4.3946515917778,0.786153852939606,0,2.45234179496765,0,0,0,0,0,0,0,0,3.91599625349045,3.61544108390808,0,0,0,0,0,0,0,0,0,0,0,0,3.43492752313614,0.669604182243347,7.96997860074043,0,0,0,0,0
33.0819745361805,145.813292235136,84.4837299585342,129.31797337532,18.6457232832909,0,26.4273291230202,50.9474109113216,2.12380397319794,0.71535062789917,13.8382375836372,17.0663510560989,4.15912467241287,7.96210861206055,8.57531869411469,0,5.5123473405838,11.0208660364151,2528.74127048254,845.077592223883,82.2569689154625,11.4343275427818,809.725285798311,47.581226348877,8.31534725427628,20.6009900271893,48.4073115587234,5.29642975330353,16.7501790821552,3.51470750570297,1259.90408840775,129.067650645971,0,642.642508715391,1008.59522429109,6.8747381567955,12.4681622385979,15.7879511117935,20.0668786168098,1.09160304069519,1.12429964542389,0,121.825969040394,1.97296833992004,322.662876039743,5.88980424404144,45.9931402802467,1.83594065904617,2.3468325138092,0,3.7486053109169,0.755819916725159,0,0,1.05511286854744,0,167.434162735939,77.6224219799042,24.8426066637039,23.8427460193634,2.19550740718842,3.82078373432159,2.11512768268585,10.7047788500786,0,0,3964.92198354006,129.946359097958,1230.76687520742,179.707728296518,247.152659624815,81.398526519537,61.5593511164188,30.2254131436348,15.5669922828674,8.8303659260273,91.0615181028843,83.2148171663284,0,2.25451248884201,3.86414021253586,3.18269437551498,2.78169238567352,0,4.8913060426712,0,0,0,3.51211133599281,0,0,0,0,0,3.74740898609161,0,1.19639843702316,0,0,0,0,0,0,0,0.716109454631805,0,0,0,0.804592967033386,0.476131796836853,0,0,0,0,0,0
188.585870593786,358.424500226974,328.512983441353,188.253671765327,7.44229301810265,4.6682687997818,165.507372260094,83.8696266412735,5.74157297611237,8.00994423031807,48.9327370524406,33.0845143198967,81.8970996439457,31.2794259190559,4.58984303474426,7.72653484344482,33.9336574971676,28.0431121587753,1043.29305225611,4742.81784951687,0.339036911725998,26.2846578359604,506.926769077778,1669.29907166958,3.74585574865341,30.6613013446331,1.02198895812035,12.1597869992256,100.806426286697,13.7507856786251,224.511418700218,2309.84905540943,642.642508715391,0,130.701230585575,947.487551301718,130.254846155643,58.5573029220104,30.7531667053699,37.9767534434795,0.792529046535492,3.04852885007858,31.9529336690903,23.9087054133415,64.4035341739655,17.6894592046738,30.7438848018646,174.585876405239,5.2132556438446,1.49765610694885,14.3650223016739,5.62146434187889,2.46410048007965,1.27373600006104,1.38999131321907,6.42335784435272,200.144837617874,383.068613499403,104.724475950003,185.276648461819,66.373222976923,29.1074222028255,52.3446509242058,83.4824770987034,13.8363862037659,2.2489487528801,1618.3472840488,3600.72272127867,1083.91835036874,1943.80066931248,269.376604527235,303.487430438399,266.288596451283,157.47811627388,80.597068041563,33.2514113783836,489.878259807825,263.958329349756,2.00828355550766,15.1782912015915,51.7383880019188,64.3508230447769,4.86481302976608,2.40306630730629,11.4948053359985,34.4099894464016,0,1.6065086722374,26.9493746161461,12.3821169137955,0,0,0,0,13.3040950000286,9.57414790987968,6.22799640893936,0,0,0,0,0,0,0.669240117073059,0.510764539241791,1.27950450778008,0,0,1.63266706466675,0,14.7735592722893,0,0,0,0,0
3.07323175668716,9.82935267686844,9.39680153131485,2.33238506317139,0.713139891624451,0,3.79151856899261,1.12871408462524,0,0,0,0.802595257759094,0.661069393157959,1.11266434192657,0,0,7.63000506162643,9.34969556331635,50.996068239212,1.5080463886261,21.0834823846817,2.98287880420685,213.118047207594,0,1.88948464393616,0,0.942132294178009,0,44.0486884713173,15.9668037891388,305.195051908493,10.1919696927071,1008.59522429109,130.701230585575,0,220.499567836523,250.752871066332,155.783483475447,78.5468320250511,65.230287104845,16.287056684494,1.84959065914154,672.657815158367,433.231300830841,806.963263809681,457.133227080107,277.535087823868,155.358808249235,298.95925322175,231.997923761606,153.726339429617,114.132428646088,37.6132301688194,21.4953438043594,54.5874959528446,81.6471808850765,4.24471098184586,63.3751718997955,42.1826240420341,92.3260349929333,11.3293717205524,24.6090925335884,14.0584868490696,32.1477180421352,12.9707918465137,4.08504998683929,2398.31508401036,702.413428276777,0,19.7844091653824,36.6404305696487,6.82419842481613,86.868888348341,96.6232816874981,8.2614324092865,21.222323179245,164.281244874001,78.8973706364632,2.76466554403305,10.3969033956528,66.5902511775494,55.0987140834332,7.15323665738106,3.7000846862793,46.15615016222,30.8044043779373,2.28611326217651,0.36565425992012,147.46579888463,33.3225530087948,6.83973038196564,0.782226860523224,0,0,3.26858615875244,5.00291234254837,9.46301257610321,3.98158246278763,0,6.66029095649719,0,0,0,0,0.744713723659515,0,0,0,0,3.11812579631805,6.32558560371399,0,0,0,0,0
0,0,1.11175906658173,3.06636741757393,0,0,0,1.39482250809669,0,0,0,0.647213160991669,0,3.18757218122482,0,0,3.85216045379639,0.962045788764954,1.12523838877678,15.4896658957005,0.46904730796814,3.55081826448441,1.20068764686584,24.8920690119267,0,0.84443411231041,0,0,35.5476868748665,9.45255357027054,0.35972473025322,187.030281245708,6.8747381567955,947.487551301718,220.499567836523,0,162.197019249201,128.738193243742,35.662423312664,95.9276024997234,14.4766281843185,6.21310484409332,198.461245417595,332.842269957066,295.369697988033,399.274376988411,101.604158163071,156.707901448011,155.179773569107,163.531157404184,99.5675254762173,75.9553115367889,11.1150631308556,15.2909578084946,44.6176601946354,60.6139808893204,0.934405148029327,8.53739726543427,43.1746372282505,19.9549314677715,8.72680348157883,30.5649999082088,8.83983528614044,24.5305169522762,13.1663331389427,9.28246462345123,377.809876650572,1595.79375612736,0,0,7.53163129091263,4.87279516458511,85.3092214465141,61.9544996917248,6.21448391675949,15.4782469272614,94.2655318677425,57.0528845489025,3.12306159734726,12.870914041996,39.1813016533852,52.0746763050556,5.06846743822098,2.99570375680923,33.029912352562,27.5824611186981,0,0.43356055021286,97.1364749968052,29.4490087330341,0,0,0,0,6.92551857233047,5.19721922278404,1.66743135452271,3.4998200237751,0,0,0,0,0,0,0,0,0.924101948738098,2.21196913719177,0,0.862036764621735,5.7164386510849,0,0,0,0,0
364.549951672554,15.7086377739906,67.0654508769512,0.75740772485733,26.1124603152275,0,72.6536756753922,2.24146163463593,11.7944578826427,0,9.42639476060867,0,28.8314340114594,0,41.5962040424347,0,6.79456424713135,2.73827034235001,35.2154616117477,7.89632362127304,15.0578550696373,32.8192479014397,19.6629278659821,0.500732719898224,2.68529284000397,0,55.8640753626823,11.2187054157257,217.996848404408,3.28778198361397,2.47698843479156,5.61446809768677,12.4681622385979,130.254846155643,250.752871066332,162.197019249201,0,369.1399281919,1539.7305752635,65.3039923608303,798.904908299446,84.1989320516586,424.66723933816,194.287445157766,391.00047647953,116.116411149502,1486.7366604507,98.1197108030319,459.034898042679,54.5152105093002,770.405920833349,22.6556437313557,186.363821536303,8.07183536887169,1628.03453344107,58.7353011369705,275.272893875837,36.9442502856255,298.823503226042,154.51500660181,124.320172339678,21.872079372406,35.884540438652,24.6523652076721,74.0230912566185,3.61139684915543,1102.45801559091,798.766376048326,125.015740454197,11.5716912746429,466.377335935831,66.9539122581482,1193.94179284573,87.5247930884361,1743.90206381679,56.5108865499496,3484.72937709093,110.967866122723,6.70820859074593,5.45096623897552,114.618297576904,8.83652836084366,304.070760548115,1.023308634758,181.704769730568,8.80102515220642,1181.1957500577,5.17764437198639,1294.99432346225,15.8515104055405,68.7409911155701,42.9285598993301,27.0717176198959,15.4099140167236,188.414215326309,20.0483133494854,95.5921002626419,9.64079269766808,68.4279008209705,22.6885488927364,32.7173547148705,6.61699146032333,51.9996120035648,50.0660945773125,65.883541405201,38.6800731420517,74.9661178588867,10.9151276350021,15.4745693802834,16.3055888414383,7.13244372606277,1.03413206338882,1.77939867973328,0.920248329639435,0,9.69832944869995
2.28358137607574,158.861881285906,0,52.154061794281,10.6557264328003,10.6410648226738,0,46.4487971067429,0,24.8544554710388,0,8.36845111846924,0,17.5443412661552,0,63.0212469696999,4.81985676288605,4.36629229784012,0,23.6022931933403,0,176.599663853645,0,4.68498986959457,0,4.36690008640289,38.5069726109505,8.77714592218399,21.9031440019608,104.565774083138,0,4.42761132121086,15.7879511117935,58.5573029220104,155.783483475447,128.738193243742,369.1399281919,0,76.9119282960892,1187.57947638631,8.70951300859451,733.925353646278,104.921967595816,390.952444881201,85.6627331972122,287.289296269417,55.4606568217278,1313.4499668777,11.4078163504601,292.811068505049,11.4236682057381,333.9553193748,0,72.6947781443596,11.1966945230961,1875.64405411482,0.753028631210327,178.391710639,76.4371149241924,395.605486452579,31.8420057892799,98.5939781367779,11.8237901329994,58.371238142252,19.7362781763077,75.6644539833069,648.62785384059,933.068162471056,0,32.8340219855309,23.5130504369736,286.573464155197,100.950133919716,869.525049954653,27.9925297498703,833.536235928535,129.881130814552,4057.36084419489,0.662022948265076,11.2656426131725,16.2823539972305,95.2534341514111,0,279.501584559679,10.5326088666916,299.895513743162,4.25316965579987,835.93200981617,15.3064544796944,1172.29902392626,34.0853515863419,183.263103723526,15.5919864177704,72.3666999042034,22.2360515594482,300.026494562626,40.2094479799271,31.1206228137016,27.9849499166012,116.113673835993,11.3200260102749,37.902304649353,22.2310125231743,190.919213473797,21.4912742078304,56.406251758337,11.8525557518005,48.478546500206,15.4795181751251,48.0592055916786,14.7089687585831,2.20100143551826,12.1177894175053,1.31346637010574,2.97429019212723,5.12224107980728
81.9021954238415,0,14.0998727679253,0,2.41334688663483,0,14.8354101479053,2.31503260135651,3.26812025904655,0,3.78974670171738,0,3.31302171945572,1.48388659954071,1.67653077840805,0,1.51661133766174,0,11.8443352282047,2.73921579122543,3.66320359706879,19.1856300830841,2.80811792612076,0,0,0,36.8117165565491,15.0477792024612,45.8062499463558,0,1.99806225299835,0,20.0668786168098,30.7531667053699,78.5468320250511,35.662423312664,1539.7305752635,76.9119282960892,0,49.0440567731857,411.555650085211,1.51092779636383,383.024563968182,41.4131624102592,234.772972583771,4.76835942268372,1122.24689880013,7.11580228805542,105.096583306789,5.10522496700287,106.661623835564,2.07839918136597,41.9642015397549,0,1861.32832708955,0.867550253868103,108.444117039442,2.38917714357376,121.623521894217,16.5030611753464,28.8805758357048,2.50092196464539,13.754624068737,1.11989986896515,16.0281723439693,0,507.505769938231,170.789044111967,40.3942278623581,0,78.8721200227737,4.86787390708923,242.723508805037,6.10515528917313,140.725460410118,23.6227177977562,232.540354967117,24.7048048377037,0,0,33.3964266777039,0,200.025456100702,0,21.7214702963829,0,418.670453250408,0,357.329938441515,0,152.818253785372,122.70006108284,78.298504948616,34.4075281620026,57.5996675491333,52.2774819731712,175.025510370731,18.5865471959114,78.8392674922943,48.6657101809978,99.6023433506489,13.3880563378334,105.33500212431,37.1508858203888,33.3204185962677,3.10100105404854,36.8778194785118,2.8732618689537,0.700709879398346,2.70957791805267,8.39392954111099,0,6.75042602419853,0.937013328075409,1.44877165555954,1.76503109931946
0,31.3857743144035,0,1.28648579120636,1.20198690891266,0.446616142988205,0,3.75194823741913,0,0,0,0,0,1.2602686882019,0,4.00932329893112,0,1.65961182117462,0,1.82486915588379,0,10.1401722431183,0,0,0,0,1.04703605175018,0,0,8.56610086560249,0,0.946514904499054,1.09160304069519,37.9767534434795,65.230287104845,95.9276024997234,65.3039923608303,1187.57947638631,49.0440567731857,0,0,855.716638803482,47.6828413307667,497.264996021986,17.1506353020668,191.486431181431,19.9512501358986,1489.43376839161,4.44956433773041,105.021258115768,0,83.254913687706,0,21.2734119296074,1.04016876220703,2156.47482582927,0,47.0809495449066,2.05135983228683,31.835902005434,0,4.68652278184891,0,6.240105509758,0,8.51515594124794,137.619077831507,800.861547648907,0,3.52930521965027,2.2939555644989,34.3397098183632,0,87.5380083024502,0,49.1107243895531,57.9466226100922,91.4139002561569,0,5.06050050258636,0,21.2104225158691,0,59.2956925332546,0,31.1813968420029,0,428.009408652782,0,185.891789108515,14.8703584074974,123.275913834572,15.3089912235737,31.3087802231312,5.99703377485275,123.735440611839,11.6373842358589,64.7612012922764,5.71094304323196,49.5514988899231,5.1703462600708,10.8927431702614,10.7318767309189,67.2802561819553,6.8378072977066,17.8099800050259,4.75430411100388,14.5425583720207,0,1.36261117458344,27.1840660572052,0.81866842508316,1.11686283349991,0,0.920457482337952,0
2.74713289737701,0,17.8103964328766,0,148.704361557961,1.07505869865417,1.76021647453308,0,69.493026137352,0,2.19194424152374,0,0,0,82.7344842553139,0,0,0,1.84025764465332,0,47.0764929652214,1.30799067020416,7.76291459798813,0,11.7188395857811,0,17.5408282279968,0,361.311404764652,0,1.21407997608185,1.55625128746033,1.12429964542389,0.792529046535492,16.287056684494,14.4766281843185,798.904908299446,8.70951300859451,411.555650085211,0,0,61.1754932403564,42.4984974265099,0,12.7587034702301,0,211.389950931072,0,10.3977312445641,0,78.1398139297962,0,23.3737968802452,0,278.554523348808,1.44519305229187,0.701546907424927,0,12.6506335735321,0,4.49377438426018,0,7.79492509365082,0,13.6362517774105,0,53.6322221159935,3.22260308265686,3.20864427089691,0,278.54440176487,28.4674656391144,1298.98823529482,6.14573287963867,263.925180256367,23.6356204152107,228.28415080905,1.3755401968956,0,0,11.6496013402939,0,917.032072424889,0.686551749706268,56.3592395484447,0,806.536021411419,9.41795039176941,198.668275296688,2.35971057415009,5.9436471760273,0,0.878424346446991,0,7.19878023862839,0,2.28774559497833,0,5.20057111978531,0,0.586925268173218,0,0.77409416437149,0.734358310699463,5.62067428231239,1.92281150817871,0.562284350395203,0,1.86223125457764,0,0,0,0,0,0.371012687683105,1.34799695014954
0,0,0,20.1501108407974,0,229.45782199502,0,9.10613721609116,0,213.1480640769,0,0,0,12.6005461215973,0,560.433598518372,0,0,0,0,7.90948700904846,549.514897167683,2.02933394908905,23.3583722114563,0,28.1698477864265,0,104.734152436256,0,422.485173583031,3.14657723903656,8.81534963846207,0,3.04852885007858,1.84959065914154,6.21310484409332,84.1989320516586,733.925353646278,1.51092779636383,855.716638803482,61.1754932403564,0,20.9399139583111,83.6204478144646,0,16.3211873173714,2.44583916664124,221.121243298054,0,23.7599518299103,0,56.8312634527683,0,12.0325285196304,5.79035520553589,583.108784109354,0,1.38324564695358,0,3.58868750929832,0,2.09438246488571,0,7.89143496751785,0,12.1457256674767,0,20.5921276807785,0,0,52.1182727217674,347.449282705784,75.7902745008469,2272.62592670321,77.5613860487938,325.82704615593,6.9348748922348,86.3805847764015,0,0.557451367378235,0,47.7005008757114,3.65832024812698,1961.86902022362,0,247.465686827898,15.4508235454559,1765.37170448899,19.8378776907921,549.479907810688,0,4.20508998632431,0,0,0.894823789596558,8.42591691017151,0,1.13366004824638,0,10.8142634034157,0,0.497979372739792,0,0.64230340719223,0,0.772805452346802,0,0,0,0,0,0,0,0,0,0
0,0,2.91081643104553,0,0,0,0,0,0,0,0,0,0,0,0,0,0.982720971107483,0,19.1099231541157,0,0,0,38.4901279807091,0,0,0,0,0,77.3058196604252,3.24536508321762,42.2504875361919,0,121.825969040394,31.9529336690903,672.657815158367,198.461245417595,424.66723933816,104.921967595816,383.024563968182,47.6828413307667,42.4984974265099,20.9399139583111,0,1409.5127311945,8727.3054703176,834.532720655203,6491.01806814969,1023.12731266022,1608.76143473387,216.239482700825,696.512834787369,39.4008206427097,278.93553468585,6.56329065561295,461.835611701012,63.6565263569355,0,5.17610514163971,54.7095004320145,10.3528762459755,5.4226670563221,2.0653862953186,1.27137380838394,0.767562210559845,2.65211468935013,0,2980.40889513493,744.935780346394,0,1.46931219100952,5.05283871293068,0,149.423489272594,78.0740502774715,3.37371981143951,7.10401552915573,187.406718343496,36.5585273504257,3.15195137262344,2.01785439252853,75.4552176296711,14.3536222279072,7.17517665028572,1.74415880441666,27.1240374147892,15.0164271593094,8.66855853796005,0,215.563338309526,32.8411111533642,29.2579082846642,0.831687331199646,0,0,2.90482199192047,0,224.13438564539,2.31069266796112,255.1508923769,71.7435784339905,0,0,0,0,0,0,0,0,0,0,7.66575342416763,0,0,0,0,0
0,0,0,0,0,0,0,0.877910017967224,0,0,0,0,0,0,0,0.490957289934158,1.92978596687317,0,0,3.95588064193726,0,0,0,0,0,0,0,0,8.87088525295258,33.4041756093502,0,3.87914234399796,1.97296833992004,23.9087054133415,433.231300830841,332.842269957066,194.287445157766,390.952444881201,41.4131624102592,497.264996021986,0,83.6204478144646,1409.5127311945,0,1315.85864078999,8306.21051192284,91.1494504213333,7099.11670020223,291.738026350737,1583.48333230615,137.436712384224,2068.83276054263,40.9902544021606,342.733377575874,56.1332243382931,670.446723461151,0,0.601137161254883,46.387442111969,1.42795765399933,2.98675322532654,0.514659285545349,0,0.97834524512291,1.50042200088501,1.63061743974686,833.644860208035,2241.75222021341,0,0,2.47440659999847,2.27874279022217,29.9557634592056,375.967453151941,2.24496185779572,49.1900816857815,104.992818892002,166.836376935244,0,6.30561864376068,9.80408149957657,113.83158916235,0,43.7227394282818,3.04759740829468,177.785740494728,0,28.6558935046196,89.4173585772514,288.421909928322,0,15.7508780360222,0,0,0,11.6518214941025,1.53741449117661,159.820006281137,0,248.069244265556,0,0,0,0,0,0,0,0.846110224723816,0.974407255649567,3.42337176203728,67.6367859840393,0,0,0,0,0
0.548512101173401,0,0,0,0,0,3.79336363077164,0,0,0,0,0,0,0,0,0,5.90707385540009,0,34.1495700180531,0.675798058509827,0,0,48.1334593296051,0,0,0,0,0,69.104837924242,1.28610914945602,68.019881606102,0.786409020423889,322.662876039743,64.4035341739655,806.963263809681,295.369697988033,391.00047647953,85.6627331972122,234.772972583771,17.1506353020668,12.7587034702301,0,8727.3054703176,1315.85864078999,0,1138.9426882267,865.259968906641,97.7519638538361,4116.34006565809,95.4247533679008,1477.50046432018,10.2286657691002,72.0970402956009,0,167.154052108526,14.3733926713467,1.8112855553627,6.52650845050812,252.678807854652,11.5431270599365,15.6372640430927,2.35176360607147,3.21929389238358,3.46501952409744,7.66498643159866,0,2350.78908634186,1029.84846562147,0,2.53594523668289,13.6981241106987,0,210.393817275763,22.4714622497559,12.2285448014736,4.86241549253464,319.31099742651,25.622692078352,3.76271259784698,0.970388829708099,156.988340497017,4.48349756002426,4.21470952033997,0,81.5419888198376,3.39307677745819,2.16352006793022,0,142.920737177134,0.529241859912872,2.44954788684845,0,0,0,6.05553883314133,0,52.1734631955624,2.77342694997787,11.8047488927841,0,0,0,0,0,0,0,0,0,0,0,6.08142703771591,0,0,0,0,0
0,0,0,3.0644816160202,0,0,0,0,0,0,0,0,0,0,0,0,0,0,0,0,0,0,0,0,0,0,0,0,3.73364186286926,27.4955065846443,0,0,5.88980424404144,17.6894592046738,457.133227080107,399.274376988411,116.116411149502,287.289296269417,4.76835942268372,191.486431181431,0,16.3211873173714,834.532720655203,8306.21051192284,1138.9426882267,0,36.5407007336617,934.196288734674,57.538603246212,3533.39482834935,34.1481728255749,1410.44090685248,8.14561152458191,83.6659804880619,10.0650901198387,405.662431389093,0,0.845404207706451,18.2129584550858,33.5384409427643,0,1.10896891355515,0,1.83882066607475,0,6.38791972398758,735.258226662874,2671.96858221292,0,1.56390857696533,0,1.96991729736328,7.96698033809662,284.470364302397,0,65.5031902194023,50.8026243448257,148.537357896566,0,15.6033105254173,2.28489571809769,192.836669772863,0,0,0,280.451594084501,0,1.11970001459122,6.51289242506027,234.021524786949,0,0.590560078620911,0,0,0,4.93140161037445,0,53.3677119016647,0,30.7987377345562,0,0,0,0,0,0,0,0,0,0.337753087282181,14.9250643253326,0,0,0,0,0
1.43777084350586,0,0,0,1.69099152088165,0,0,0,0,0,0.4801906645298,0,0,0,2.07608985900879,0,3.56255742907524,0,13.3501476049423,0,1.17405605316162,0,15.3519178032875,0,0,0,0.779002130031586,0,297.483131319284,0,17.1772272288799,0,45.9931402802467,30.7438848018646,277.535087823868,101.604158163071,1486.7366604507,55.4606568217278,1122.24689880013,19.9512501358986,211.389950931072,2.44583916664124,6491.01806814969,91.1494504213333,865.259968906641,36.5407007336617,0,35.4713536500931,797.726873680949,17.6451948285103,1827.2616481334,0.97722715139389,2178.00533469021,0,4055.84279060364,19.2342631220818,5.24393838644028,2.11688435077667,40.3052069842815,14.7808599472046,5.16705316305161,0,3.58608025312424,0.522156178951263,10.6186527907848,1.41713619232178,1781.74630323052,318.613211095333,0,0.814821839332581,7.56490540504456,2.86900854110718,525.190155982971,5.10595175623894,14.20992359519,3.19026964902878,787.777788996696,21.4727239608765,5.97851127386093,1.80070340633392,212.638666272163,0.857267081737518,54.1555541157722,0,232.789762198925,0,85.9251702725887,0,822.960625618696,0.475127100944519,182.758381098509,0,0,0.44172802567482,86.5407835543156,1.41474163532257,747.087439030409,0,683.748458206654,0,1.05815616250038,0,2.48820921778679,1.416468501091,2.86466604471207,0,0,0,0.75519585609436,14.7749872207642,1.45974504947662,0,0.61988365650177,0.534881472587585,0,0
0.953946828842163,34.1332134008408,0,26.6770979762077,0,0,0,20.7270610630512,0,5.56673872470856,0,0,0,5.83051773905754,0,0.716390907764435,0,1.28008759021759,0.951055347919464,22.9843539893627,0,3.58107757568359,0,1.06832528114319,0,0,0,0,0.846912145614624,38.4179367423058,0,53.5776067376137,1.83594065904617,174.585876405239,155.358808249235,156.707901448011,98.1197108030319,1313.4499668777,7.11580228805542,1489.43376839161,0,221.121243298054,1023.12731266022,7099.11670020223,97.7519638538361,934.196288734674,35.4713536500931,0,22.3276535868645,274.467189311981,5.07534205913544,1001.31913524866,6.56731760501862,1851.95804569125,1.92132085561752,3883.86084589362,1.828125,39.6943635344505,6.63386672735214,29.553640037775,0,14.6549454629421,2.4608325958252,10.7225256860256,0,6.41104239225388,262.660373330116,1534.02087441087,0,4.51240170001984,0.912674307823181,96.509705632925,6.25603055953979,619.702788472176,2.58390957117081,89.4874683916569,70.1185710132122,1004.51223424077,0,21.2925790846348,5.20393621921539,185.422520071268,0,65.5855278670788,0,231.853273540735,0,95.7168859541416,0,538.49350258708,0,511.854653179646,0.462720662355423,18.6012841463089,5.01082909107208,177.803650945425,1.79489523172379,542.211572080851,0,1492.49883601069,0,2.44156387448311,3.49849972128868,19.4818710386753,4.79750040173531,14.6315214633942,1.47863346338272,1.63632357120514,22.85504591465,260.349728167057,53.586538374424,0.817467570304871,0.54822701215744,1.90303003787994,4.09001880884171,1.46984267234802
5.85971057415009,0,2.67395973205566,0,0,0,14.3875688910484,0,0,0,0,0,0,0,0,0,2.92841982841492,0,0,0,0,0,0,0,0,0,0,0,95.3179186582565,0,0,0,2.3468325138092,5.2132556438446,298.95925322175,155.179773569107,459.034898042679,11.4078163504601,105.096583306789,4.44956433773041,10.3977312445641,0,1608.76143473387,291.738026350737,4116.34006565809,57.538603246212,797.726873680949,22.3276535868645,0,34.8296658396721,7281.95631310344,1.70680904388428,384.181848317385,0,202.563411861658,1.96815586090088,8.28464263677597,0,886.822961658239,0,71.7317410111427,0,1.85639381408691,0,19.0640000700951,0,1062.55684539676,421.985731303692,0,0,22.0770598948002,0,272.023401141167,0,14.7252819538116,0,382.99765458703,2.32441520690918,1.98484319448471,0,200.469054460526,0,7.513452231884,0,112.525791794062,0.770847916603088,1.11921441555023,0,134.72257399559,0,8.39106500148773,0,0,0,3.49161034822464,0,17.7003785669804,0,6.17221730947495,0,0,0,0,0,0,0,0.883619427680969,0,0,0,1.41157054901123,0,0,0,0,0
0,8.21203672885895,0,9.79049015045166,0,0,0,10.9870622158051,0,0,0,0,0,0,0,0,0,0.859718084335327,0,0,0,0,0,0,0,0,0,0,0.734855115413666,42.0782180428505,0,0,0,1.49765610694885,231.997923761606,163.531157404184,54.5152105093002,292.811068505049,5.10522496700287,105.021258115768,0,23.7599518299103,216.239482700825,1583.48333230615,95.4247533679008,3533.39482834935,17.6451948285103,274.467189311981,34.8296658396721,0,18.378998696804,5580.59946069121,0,173.663833081722,0,478.507564425468,0,3.47797271609306,11.9004463553429,739.597508728504,0,14.7185393571854,2.05949854850769,11.0177524387836,0,510.246030658484,414.863321810961,1073.53515267372,0,0,3.55692422389984,5.81613057851791,0,336.137515097857,0,58.630144149065,17.2561866939068,230.435916423798,0,33.258847206831,5.03049343824387,266.423132956028,0,8.86802661418915,0,453.245239078999,0,3.00106900930405,1.70973443984985,349.483574867249,0,0.99714720249176,0,0,0,15.0565994381905,0,6.99897041916847,0,30.010126054287,0,0,0,0,0,0,0,0,0,1.35595244169235,3.07557451725006,0,0,0,0,0
182.283820271492,0,27.1969805955887,0,2.48634469509125,0,761.944519072771,0,0,0,9.32385993003845,0,13.3003367781639,0,0,0,21.7844676375389,0,0,0,0,0,0,0,0,0,0,0,416.615274399519,0,0,0,3.7486053109169,14.3650223016739,153.726339429617,99.5675254762173,770.405920833349,11.4236682057381,106.661623835564,0,78.1398139297962,0,696.512834787369,137.436712384224,1477.50046432018,34.1481728255749,1827.2616481334,5.07534205913544,7281.95631310344,18.378998696804,0,2.92200899124146,3894.28377725184,0,760.33835709095,0,156.921243041754,1.27209806442261,2743.15771585703,0,1314.8008005023,0,29.1102893054485,0,1237.9584954679,1.97457158565521,810.286774724722,206.13299369812,1.26669585704803,0,205.458616584539,1.59285533428192,837.691004633904,1.3554584980011,64.8967315852642,0,726.801022142172,1.32108056545258,36.1562716066837,0,694.390309333801,0,119.385007351637,0,3144.10921153426,0,25.2918775379658,0,1759.20437957346,0,14.7468373477459,0,0,0,20.8950282931328,0,10.7355446815491,0,22.3287915587425,0,0,0,0,0,0,0,0,0,0,1.60786885023117,0.870111227035522,0,0,0,0,0
0,290.591693043709,0,320.457925409079,0,0,0,232.401551395655,0,0,0,4.4646520614624,0,0,0,0,0,8.21685481071472,0,2.61933976411819,0,0.612281024456024,0,0,0,0,0,0,0,103.055118560791,0,0,0.755819916725159,5.62146434187889,114.132428646088,75.9553115367889,22.6556437313557,333.9553193748,2.07839918136597,83.254913687706,0,56.8312634527683,39.4008206427097,2068.83276054263,10.2286657691002,1410.44090685248,0.97722715139389,1001.31913524866,1.70680904388428,5580.59946069121,2.92200899124146,0,0,2869.52922365069,0,1203.93116006255,0,96.771590590477,1.47555220127106,1053.57248741388,0,43.7760205864906,0,40.9556479156017,0,938.482927322388,137.653407841921,587.985996842384,0,2.08656257390976,1.28232443332672,70.1056992709637,0,709.31728553772,0,125.146163254976,16.8283153176308,366.24395263195,0,40.421398550272,0,649.796255499125,0,54.3856986761093,0,4423.59253966808,0,21.9158889949322,1.46910691261292,1261.48336338997,0,8.97642141580582,0,0,0,22.759452432394,0,1.14547020196915,0,27.1041663885117,0,0,0,0,0,0,0,0.640898764133453,0,2.217549264431,0,0,0,0,0,0
10.7417420744896,0,0,0,1.4877256155014,0,18.6983708739281,0,0,0,0,0,1.13359117507935,0,0,0,0.557976067066193,0,0,0,0,0,0,0,0,0,0,0,79.4712308943272,0,0,0,0,2.46410048007965,37.6132301688194,11.1150631308556,186.363821536303,0,41.9642015397549,0,23.3737968802452,0,278.93553468585,40.9902544021606,72.0970402956009,8.14561152458191,2178.00533469021,6.56731760501862,384.181848317385,0,3894.28377725184,0,0,0,2502.6808732748,0,10.3659052848816,0,22.0867064595222,0,16.5953334271908,0,2.79911956191063,0,34.7699999809265,0,122.612981557846,55.4805798232555,0,0,8.39348161220551,0,118.606738626957,0,9.47915548086166,0,121.062059909105,0,0,0,86.8310181796551,0,15.0505837500095,0,176.449253946543,0,12.2293167114258,0,656.971927195787,0,30.649434030056,0,0,0,1.82336312532425,0,1.34425407648087,0,8.26281124353409,0,0,0,0,0,0,0,0,0,0,0,2.62278985977173,0,0,0,0,0
0,0,0,0,0,0,0,0,0,0,0,0,0,0,0,0,0,0,0,0,0,0,0,0,0,0,0,0,0,4.75820910930634,0,0,0,1.27373600006104,21.4953438043594,15.2909578084946,8.07183536887169,72.6947781443596,0,21.2734119296074,0,12.0325285196304,6.56329065561295,342.733377575874,0,83.6659804880619,0,1851.95804569125,0,173.663833081722,0,2869.52922365069,0,0,0,4383.04757526517,0,0,0,0,0,0,0,0,0,1.18089652061462,38.6371909976006,27.5566892027855,0,0,0,0,0,74.046335786581,0,15.8579345941544,4.97936820983887,37.9790613353252,0,0.55024254322052,0,26.407909989357,0,5.09433460235596,0,560.165365725756,0,6.8197363615036,0,1060.1800660789,0,56.559878885746,0,0,0,0,0,0,0,142.922778666019,0,0,0,0,0,0,0,0,0,0.793643534183502,0,0,0,0,0,0
15.6119720935822,0,0,0,11.2075219154358,0,7.56427165865898,0,5.26741057634354,0,0.60743910074234,0,3.52146065235138,0,3.85375785827637,0,0,0,0,0,0.784797549247742,0,0,0,0,0,0.799762725830078,0,148.665690928698,0,0,0,1.05511286854744,1.38999131321907,54.5874959528446,44.6176601946354,1628.03453344107,11.1966945230961,1861.32832708955,1.04016876220703,278.554523348808,5.79035520553589,461.835611701012,56.1332243382931,167.154052108526,10.0650901198387,4055.84279060364,1.92132085561752,202.563411861658,0,760.33835709095,0,2502.6808732748,0,0,0,8.23900219798088,0,34.3548026382923,1.66025149822235,18.9670922160149,0,2.84250843524933,0,18.4883506000042,0,274.215757250786,108.882264733315,0,0,23.1711588799953,7.52724754810333,233.421212285757,1.19550490379333,42.2746448516846,4.13739556074142,233.36978328228,1.41377663612366,0.435773879289627,0,86.1180936396122,0,185.518940359354,0,214.022480517626,0,1001.99296331406,0,4444.28470140696,0,53.2335375845432,0,0,0,5.09059488773346,0,31.0271970629692,0,62.2446765303612,0,1.04786694049835,0,0,0,0.72188127040863,0,0,0,0,0.973197281360626,0,0,0,0,0,0
0,73.8538336455822,0,18.1396368145943,0,1.19742029905319,0,92.0740955471992,0,1.37260580062866,0,4.06630289554596,0,0.607730209827423,0,17.6974211335182,0,0.96159964799881,0,0.600005328655243,0,8.5076522231102,0,0,0,0,0,0,0,18.2480930089951,0,0,0,6.42335784435272,81.6471808850765,60.6139808893204,58.7353011369705,1875.64405411482,0.867550253868103,2156.47482582927,1.44519305229187,583.108784109354,63.6565263569355,670.446723461151,14.3733926713467,405.662431389093,19.2342631220818,3883.86084589362,1.96815586090088,478.507564425468,0,1203.93116006255,0,4383.04757526517,0,0,0,17.9795489609241,0,7.69467830657959,0,4.76161560416222,0,8.19880568981171,0,92.0170206725597,138.156350433826,262.575449645519,0,0,1.70764696598053,25.3662554621696,4.6194354891777,273.691198468208,1.21386539936066,40.5139610469341,30.2383142411709,131.206644028425,0,2.25431084632874,0,59.7601909637451,0,117.955771744251,0,543.460422247648,0,726.915211766958,0,4617.19215717912,0,29.7340103983879,0,0,0,11.9891971349716,0,32.9659648239613,0,258.72558042407,0,0,0,1.45134991407394,0,0,0,0,0,1.5469708442688,3.23230475187302,0,0,0,0,0
11517.3529237211,55.8500029146671,229.548165798187,7.27988770604134,0,0,1059.65755903721,1.02401897311211,1.56722378730774,0,293.694742560387,0,380.060878455639,0,3.93746909499168,0,1797.12819883227,1.60088568925858,190.736841112375,59.6867373287678,0,0,7.32369583845139,0,0,0,0,0,1219.50869065523,0,5.9864798784256,0,167.434162735939,200.144837617874,4.24471098184586,0.934405148029327,275.272893875837,0.753028631210327,108.444117039442,0,0.701546907424927,0,0,0,1.8112855553627,0,5.24393838644028,1.828125,8.28464263677597,0,156.921243041754,0,10.3659052848816,0,8.23900219798088,0,0,64.6249480545521,1056.17148602009,12.1923450827599,4476.49455925822,0.494578927755356,2582.17105576396,9.75275278091431,258.509911775589,0,638.804183930159,37.1652581095695,1334.13394677639,84.6946200728416,883.067935496569,66.5344245433807,1994.15329506993,6.12974816560745,622.51917681098,3.33865791559219,2602.09301555157,37.8776611685753,14.9464191496372,1.1669887304306,213.567833930254,1.00796675682068,30.5190401673317,0,153.941755861044,0,0,0,106.335711687803,0,0,0,0,0,112.966601282358,0,21.723557472229,0,0,0,0,0,0.382527887821198,0,4.58202418684959,0,7.31248891353607,0,3.16331070661545,1.30886483192444,0,0,0,0,0.459971398115158,0.472310662269592
13.0463540256023,12184.8996021748,0.612554371356964,689.380834162235,0,0,1.73329704999924,600.302310854197,0,3.00877594947815,0,244.706827670336,0,174.998002052307,0,14.8908070325851,2.90846341848373,2253.6780629158,12.6363415718079,431.419826567173,0,0,0,10.8451142907143,0,0,0,0,16.6214509010315,371.700509399176,4.63664132356644,7.38419044017792,77.6224219799042,383.068613499403,63.3751718997955,8.53739726543427,36.9442502856255,178.391710639,2.38917714357376,47.0809495449066,0,1.38324564695358,5.17610514163971,0.601137161254883,6.52650845050812,0.845404207706451,2.11688435077667,39.6943635344505,0,3.47797271609306,1.27209806442261,96.771590590477,0,0,0,17.9795489609241,64.6249480545521,0,26.6405013799667,1977.07149121165,10.3962808251381,1955.2877278924,14.1834480762482,2961.78002563119,1.28250229358673,222.401535183191,216.503908962011,601.002225726843,84.0683820545673,997.060601741076,106.263140827417,963.21884572506,28.1542237401009,2282.62800392509,1.54225707054138,479.676693737507,237.21078684926,2446.82976180315,2.01295566558838,160.209591180086,14.2674866318703,257.349678784609,0,2.00743496417999,0,106.575861006975,0,0.458484768867493,0,46.7471477091312,0,0,0,0,1.27207922935486,109.855939120054,0,0,0,0,0,0,0,0,0,0,0,2.25921666622162,6.3979218006134,17.07935115695,0,0,0,0,0,2.86649948358536
331.153994858265,3.62599658966064,160.696246981621,0,0,0,273.355876266956,0,0,0,67.4543688893318,0,57.3859309256077,0,0,0,135.675606250763,3.20328080654144,82.5116426348686,8.29153668880463,0,0,4.65795338153839,0,0,0,0,0,686.553018033504,0,3.11817306280136,0,24.8426066637039,104.724475950003,42.1826240420341,43.1746372282505,298.823503226042,76.4371149241924,121.623521894217,2.05135983228683,12.6506335735321,0,54.7095004320145,46.387442111969,252.678807854652,18.2129584550858,40.3052069842815,6.63386672735214,886.822961658239,11.9004463553429,2743.15771585703,1.47555220127106,22.0867064595222,0,34.3548026382923,0,1056.17148602009,26.6405013799667,0,20.5313636064529,3910.9287173748,4.95989435911179,218.038487702608,13.237488925457,1047.3586563766,0,1658.09934404492,271.666339069605,196.308055341244,21.2014530301094,223.39146143198,16.8586731851101,759.291013479233,4.39401060342789,117.149086922407,0,969.67656993866,32.7053492069244,94.033781349659,0,444.978227376938,2.23517501354218,10.6439909636974,0,133.378745853901,0,0,0,166.848627507687,0,0,0,0,0,57.9035874605179,0,16.221019923687,0,0,0,0,0,0,0,0,0,0.761837303638458,0,0.71613872051239,1.42340087890625,0,0,0,0,0,0
0,548.408523827791,0,233.096343129873,0,0,0,243.583198279142,0,0,0,88.9671978056431,0,34.3072001039982,0,0,2.21339774131775,55.9959217011929,0,255.466139435768,0,0,0,1.66974699497223,0,0,0,0,6.65513747930527,111.746449321508,2.12603425979614,2.1498743891716,23.8427460193634,185.276648461819,92.3260349929333,19.9549314677715,154.51500660181,395.605486452579,16.5030611753464,31.835902005434,0,3.58868750929832,10.3528762459755,1.42795765399933,11.5431270599365,33.5384409427643,14.7808599472046,29.553640037775,0,739.597508728504,0,1053.57248741388,0,0,1.66025149822235,7.69467830657959,12.1923450827599,1977.07149121165,20.5313636064529,0,4.43730491399765,1582.12436789274,1.05935525894165,565.49047088623,2.31310093402863,1359.39388251305,187.846032202244,1305.5487537086,6.8586910367012,105.598619520664,23.1510452628136,156.45176923275,11.0478686690331,825.680066674948,0,173.818834155798,71.1326195001602,805.912999510765,0,286.100443691015,2.76069569587708,658.077874541283,0,10.1231355369091,1.31288635730743,134.321926146746,0,0.993126660585403,0,33.8970051705837,0,0,0,0,0,53.8552067875862,0,0,0,0,0,0,0,0,0,0,0,0,0.508048713207245,7.46581518650055,2.25815683603287,0,0,0,0,0
1383.12135648727,11.6548330783844,35.1902821362019,0,0,0,1062.62483078241,0,0,0,379.186861217022,0,244.229113310575,0,0,0,367.893666505814,0,3.34999620914459,4.37535345554352,0,0,0,0,0,0,0,0,444.241225719452,0.911757707595825,2.27619743347168,0,2.19550740718842,66.373222976923,11.3293717205524,8.72680348157883,124.320172339678,31.8420057892799,28.8805758357048,0,4.49377438426018,0,5.4226670563221,2.98675322532654,15.6372640430927,0,5.16705316305161,0,71.7317410111427,0,1314.8008005023,0,16.5953334271908,0,18.9670922160149,0,4476.49455925822,10.3962808251381,3910.9287173748,4.43730491399765,0,1.73656225204468,3510.80533069372,0.677085161209106,3062.76329532266,0,222.97421336174,40.9737048745155,27.6714039444923,10.5751270055771,270.24922272563,14.1757872104645,477.336368113756,9.22649577260017,103.278668820858,1.98543131351471,596.208857119083,12.245741546154,51.352255821228,0,417.982632040977,0,50.4435432851315,0,672.024431169033,0,4.91034305095673,0,242.026824116707,0,0,0,0,0,13.2203905880451,0,8.43439096212387,0,0,0,0.913852572441101,0,0,0,0,0,1.01924693584442,0,0,0,0,0,0,0,0,0
0,748.913861453533,0,61.6536046266556,0,0,0,570.653274893761,0,0,0,714.43505820632,0,565.91272854805,0,0,0,346.434459537268,0,5.99811351299286,0,0,0,0,0,0,0,0,1.16529953479767,78.5494559407234,0,1.16028940677643,3.82078373432159,29.1074222028255,24.6090925335884,30.5649999082088,21.872079372406,98.5939781367779,2.50092196464539,4.68652278184891,0,2.09438246488571,2.0653862953186,0.514659285545349,2.35176360607147,1.10896891355515,0,14.6549454629421,0,14.7185393571854,0,43.7760205864906,0,0,0,4.76161560416222,0.494578927755356,1955.2877278924,4.95989435911179,1582.12436789274,1.73656225204468,0,1.82003951072693,4362.91802713275,0,3028.45796719193,30.0606212615967,140.444229334593,0,8.82820406556129,5.65465974807739,86.3818009495735,0,143.080707371235,0,10.5562072694302,14.3987492322922,42.17570951581,0,26.9877492487431,2.39317607879639,240.96572342515,0,1.4160989522934,0,464.421127378941,0,2.35559830069542,0,92.2382705211639,0,0,0,0,0,2.2813326716423,0,0,0,0,0,0,0,0,0,0,0,0,0,0,3.08107176423073,0,0,0,0,0
393.556557893753,4.54957723617554,15.2522687613964,0,0,0,140.078222632408,0,0,0,414.507782459259,0,258.213603436947,0,0,0,2114.19319671392,0,4.85077852010727,1.40134406089783,0,0,0,0,0,0,0,0,794.89741358161,0,2.81360292434692,0,2.11512768268585,52.3446509242058,14.0584868490696,8.83983528614044,35.884540438652,11.8237901329994,13.754624068737,0,7.79492509365082,0,1.27137380838394,0,3.21929389238358,0,3.58608025312424,2.4608325958252,1.85639381408691,2.05949854850769,29.1102893054485,0,2.79911956191063,0,2.84250843524933,0,2582.17105576396,14.1834480762482,218.038487702608,1.05935525894165,3510.80533069372,1.82003951072693,0,1.37524610757828,510.894591629505,0,172.544732451439,21.7101701796055,40.1116759181023,12.5522999167442,100.153568059206,20.0956013798714,178.750809431076,7.79263770580292,28.4619694948196,0,263.890297889709,14.1858227849007,51.8325746059418,0,1859.99407678843,0,73.3546421825886,0,1072.3212479353,0,7.00012290477753,0,287.246619969606,0,0,0,0,0,7.32659149169922,0,0,0,0,0,0,0,0,0,0,0,0,0,0,0,0,0,0,0,0,0
0,250.633216738701,0,17.5994591712952,0,0,0,115.634155035019,0,0.833735466003418,0,464.301451086998,0,567.995692789555,0,12.9426255822182,1.55287849903107,1373.07905614376,0,16.8618077635765,0,0,0,2.44726252555847,0,0,0,0,5.59378197789192,258.940771877766,0,1.51768398284912,10.7047788500786,83.4824770987034,32.1477180421352,24.5305169522762,24.6523652076721,58.371238142252,1.11989986896515,6.240105509758,0,7.89143496751785,0.767562210559845,0.97834524512291,3.46501952409744,1.83882066607475,0.522156178951263,10.7225256860256,0,11.0177524387836,0,40.9556479156017,0,0,0,8.19880568981171,9.75275278091431,2961.78002563119,13.237488925457,565.49047088623,0.677085161209106,4362.91802713275,1.37524610757828,0,0.516404926776886,881.454114586115,56.6900092959404,278.764205336571,9.80634486675262,64.8008768260479,24.6554516851902,79.4071947038174,7.37628120183945,369.266947627068,0,18.362384468317,56.812446475029,61.4365366995335,0,117.51926997304,6.89264523983002,2686.5586976707,0,4.46317046880722,0,1849.87835428119,0,10.8841128349304,0,266.759301990271,0,0,0,0,0,1.57101285457611,0,0,0,0,0,0,0,0,0,0,0,0,0,0,1.64859849214554,0,0,0,0,1.63213610649109
432.069811105728,0,15.2138559520245,0,0,0,754.521001905203,0,0,0,83.0841739475727,0,76.0731770694256,0,0,0,34.8099211454391,0,5.53343492746353,0,0,0,0,0,0,0,0,0,124.432101756334,0,0,0,0,13.8363862037659,12.9707918465137,13.1663331389427,74.0230912566185,19.7362781763077,16.0281723439693,0,13.6362517774105,0,2.65211468935013,1.50042200088501,7.66498643159866,0,10.6186527907848,0,19.0640000700951,0,1237.9584954679,0,34.7699999809265,0,18.4883506000042,0,258.509911775589,1.28250229358673,1047.3586563766,2.31310093402863,3062.76329532266,0,510.894591629505,0.516404926776886,0,0,101.800379812717,27.5769446790218,0,0,116.176419854164,0.563952028751373,210.545199930668,3.90956676006317,40.2983287572861,0,147.912335842848,2.72015124559402,10.6776156127453,0,317.655929654837,0,28.3631425201893,0,3244.51755028963,0,6.51053011417389,0,539.118098795414,0,0,0,0,0,6.50595510005951,0,0.902537763118744,0,0,0,0,0,0,0,0,0,0,0,0,0,0,0,0,0,0,0
0,570.88780221343,0,191.301817327738,0,0,0,756.590079784393,0,0,0,232.714117467403,0,204.528190851212,0,0,0,17.217018276453,0,1.62056869268417,0,0,0,0,0,0,0,0,0,31.6376059353352,1.63103115558624,0,0,2.2489487528801,4.08504998683929,9.28246462345123,3.61139684915543,75.6644539833069,0,8.51515594124794,0,12.1457256674767,0,1.63061743974686,0,6.38791972398758,1.41713619232178,6.41104239225388,0,510.246030658484,1.97457158565521,938.482927322388,0,1.18089652061462,0,92.0170206725597,0,222.401535183191,0,1359.39388251305,0,3028.45796719193,0,881.454114586115,0,0,9.18456423282623,115.155538707972,0,0.929149776697159,1.38787418603897,49.2992095649242,0,196.318218439817,0,27.8470799326897,4.90581274032593,73.9558019340038,0,27.2434224784374,0,791.276425719261,0,9.31426510214806,0,3060.13542130589,0,16.3113095462322,0,630.662732034922,0,0,0,0,0,5.49278074502945,0,0,0,0,0,0,0,0,0,0,0,0,0,0.690319776535034,0,0,0,0,0,0
163.096580326557,80.9429493546486,473.448608756065,3.20217275619507,0,0,134.539958447218,0,0,0,28.4181086421013,0,44.6694509387016,0,0,0,60.6946049034595,10.6509221196175,1461.9435389936,89.0239081382751,4.27992701530457,0,406.446956396103,0,0,0,0.603244006633759,0,439.625173121691,5.04164582490921,493.401770889759,4.28374576568604,3964.92198354006,1618.3472840488,2398.31508401036,377.809876650572,1102.45801559091,648.62785384059,507.505769938231,137.619077831507,53.6322221159935,0,2980.40889513493,833.644860208035,2350.78908634186,735.258226662874,1781.74630323052,262.660373330116,1062.55684539676,414.863321810961,810.286774724722,137.653407841921,122.612981557846,38.6371909976006,274.215757250786,138.156350433826,638.804183930159,216.503908962011,1658.09934404492,187.846032202244,222.97421336174,30.0606212615967,172.544732451439,56.6900092959404,101.800379812717,9.18456423282623,0,2566.61785715818,2154.83110952377,254.270103394985,385.593330323696,128.884618520737,643.325041532516,97.7080914378166,78.4652771651745,25.7771927118301,1524.41985118389,225.672809362411,32.9002721309662,14.7860968112946,436.168922930956,24.9346745610237,8.88275077939034,0,158.25392305851,9.2670823931694,5.21312829852104,0,372.758503466845,33.7728056311607,7.61336171627045,0.728996455669403,0,0,61.1042850613594,2.89125049114227,107.033842861652,7.16093009710312,18.2642885446548,7.20450764894485,0,0,0,0,0,0,0,0,1.15627253055573,0,13.3861090540886,0,0,0,0,0
1.09934544563293,87.3709056973457,0,90.1567607522011,0,0,0.556927740573883,34.8821022510529,0,0,0,12.3848474919796,0.648099064826965,6.69110345840454,0,0,10.8587301373482,31.3969448804855,5.86264741420746,494.225200682878,0,2.99539625644684,0,40.5569454282522,0,0,0,0,80.4459462761879,85.5951824486256,3.53440880775452,475.175596371293,129.946359097958,3600.72272127867,702.413428276777,1595.79375612736,798.766376048326,933.068162471056,170.789044111967,800.861547648907,3.22260308265686,20.5921276807785,744.935780346394,2241.75222021341,1029.84846562147,2671.96858221292,318.613211095333,1534.02087441087,421.985731303692,1073.53515267372,206.13299369812,587.985996842384,55.4805798232555,27.5566892027855,108.882264733315,262.575449645519,37.1652581095695,601.002225726843,271.666339069605,1305.5487537086,40.9737048745155,140.444229334593,21.7101701796055,278.764205336571,27.5769446790218,115.155538707972,2566.61785715818,0,35.239575356245,395.239571213722,72.1941946446896,127.266944259405,183.640518903732,661.326397925615,10.3289281129837,125.001835644245,549.380317926407,832.916643232107,13.5930709242821,139.398711800575,73.2253645658493,546.743890434504,0,8.31937715411186,23.7213381528854,173.447317957878,0,17.3898384571075,260.828178912401,150.621709376574,1.80870270729065,1.98606783151627,0,0,0.411547750234604,55.890441775322,5.77985966205597,36.1781589984894,0,10.1896042525768,0,0,0,0,0,0,0,0,0,6.63555353879929,204.152684867382,0,0,0,0,0
1827.09292864799,425.761188149452,450.061605334282,71.4023757874966,0,0,121.565474569798,32.6591817438602,0.482789427042007,0,44.2437393069267,0.801540791988373,42.8070161640644,0,0,0,29.968873500824,3.56672650575638,1704.59924712777,897.486182838678,0,0,40.0327406525612,0,0,0,0,0,73.4285519123077,0,55.9600011706352,5.93068188428879,1230.76687520742,1083.91835036874,0,0,125.015740454197,0,40.3942278623581,0,3.20864427089691,0,0,0,0,0,0,0,0,0,1.26669585704803,0,0,0,0,0,1334.13394677639,84.0683820545673,196.308055341244,6.8586910367012,27.6714039444923,0,40.1116759181023,9.80634486675262,0,0,2154.83110952377,35.239575356245,0,393.664408773184,928.943431586027,291.63358604908,421.864210277796,35.1052386760712,245.95375007391,5.90538823604584,1311.04922288656,125.906319320202,0,0,4.46611070632935,0,5.45797395706177,0,0,0,0,0,0,0,0,0,0,0,41.5190780162811,0,6.2493451833725,0,0,0,0,0,0,0,1.29251134395599,0,0,0,4.31039541959763,0,0,0,0,0,0,0
48.7565734386444,1059.77617573738,3.74986153841019,182.355557262897,0,0,0,31.1581165790558,0,0,0,7.08673322200775,0,2.929547727108,0,0,0,24.1103343963623,72.4137302339077,2055.61594939232,0,0,0,8.0547608435154,0,0,0,0,15.9836468994617,8.96270284056664,36.0117464661598,15.4828264415264,179.707728296518,1943.80066931248,19.7844091653824,0,11.5716912746429,32.8340219855309,0,3.52930521965027,0,0,1.46931219100952,0,2.53594523668289,1.56390857696533,0.814821839332581,4.51240170001984,0,0,0,2.08656257390976,0,0,0,0,84.6946200728416,997.060601741076,21.2014530301094,105.598619520664,10.5751270055771,8.82820406556129,12.5522999167442,64.8008768260479,0,0.929149776697159,254.270103394985,395.239571213722,393.664408773184,0,144.552199393511,460.912619799376,59.7384727597237,186.198021739721,12.9299684166908,64.0753799974918,335.545454800129,652.151220619678,0,2.19066244363785,9.08956462144852,18.6459118723869,0,0,0,6.59678339958191,0,0,0,1.84654730558395,0,0,0,0,0,21.0678357481956,0,0,0,0,0,0,0,0,0,0,0,1.30124497413635,1.2137713432312,3.32490909099579,0,0,0,0,0,0
2195.17188176513,230.034925818443,2510.29005905986,430.058062911034,1218.68910589814,150.232689797878,3000.84867286682,277.83864146471,881.505466043949,77.8118723928928,318.994628190994,34.968987762928,1192.3661261797,34.2726697921753,1123.34995800257,31.7493004202843,85.3856011927128,10.4924773573875,1040.39799207449,701.509225279093,860.831912457943,181.699151873589,1654.16071781516,631.122709721327,381.449502080679,851.671464413404,934.603201836348,222.958981245756,641.923725098372,3.14652240276337,955.133572936058,613.994719862938,247.152659624815,269.376604527235,36.6404305696487,7.53163129091263,466.377335935831,23.5130504369736,78.8721200227737,2.2939555644989,278.54440176487,52.1182727217674,5.05283871293068,2.47440659999847,13.6981241106987,0,7.56490540504456,0.912674307823181,22.0770598948002,3.55692422389984,205.458616584539,1.28232443332672,8.39348161220551,0,23.1711588799953,1.70764696598053,883.067935496569,106.263140827417,223.39146143198,23.1510452628136,270.24922272563,5.65465974807739,100.153568059206,24.6554516851902,116.176419854164,1.38787418603897,385.593330323696,72.1941946446896,928.943431586027,144.552199393511,0,665.569843620062,5219.41263511777,166.006641358137,2969.97482159734,53.0798290371895,4803.05840978026,143.983145266771,5.65303486585617,2.46521830558777,50.2132100462914,6.88854455947876,66.8606739342213,1.41432452201843,141.950844138861,0,14.5802493989468,7.29938215017319,171.136806964874,6.09224611520767,13.9882555305958,1.32592296600342,8.38953095674515,0.834173083305359,206.994347572327,8.59600108861923,33.6062475442886,0.766207158565521,18.521119594574,2.22160682082176,10.3363905251026,2.11385667324066,10.4522956609726,3.32933467626572,72.5530872344971,15.7775089740753,25.0221328139305,3.41605913639069,21.2366676330566,5.52861243486404,0,0,1.67686489224434,2.7771720290184,0.593116044998169,13.1717012822628
100.16109713912,2885.81437861919,531.801953226328,2681.7439301908,128.297880649567,927.650282800198,235.206045567989,4801.12184610963,65.6531408429146,1353.63795092702,18.1401152610779,786.101968824863,70.7546448707581,1019.53058850765,46.0424126386642,976.634247332811,3.9354082942009,232.906512349844,412.061190128326,958.388677150011,70.5351662039757,707.50689843297,768.717930167913,1791.17846304178,88.6739659011364,823.514508515596,93.4335925877094,665.332066714764,54.9808330833912,85.9910179376602,199.1593567729,755.546570032835,81.398526519537,303.487430438399,6.82419842481613,4.87279516458511,66.9539122581482,286.573464155197,4.86787390708923,34.3397098183632,28.4674656391144,347.449282705784,0,2.27874279022217,0,1.96991729736328,2.86900854110718,96.509705632925,0,5.81613057851791,1.59285533428192,70.1056992709637,0,0,7.52724754810333,25.3662554621696,66.5344245433807,963.21884572506,16.8586731851101,156.45176923275,14.1757872104645,86.3818009495735,20.0956013798714,79.4071947038174,0.563952028751373,49.2992095649242,128.884618520737,127.266944259405,291.63358604908,460.912619799376,665.569843620062,0,259.183182239532,3213.02569711208,36.2601971328259,3310.49430671334,265.225861549377,10088.9764906466,0,2.50666892528534,5.57586008310318,50.6474828720093,5.45758771896362,10.1423934698105,4.74892711639404,257.003012180328,15.3751764297485,32.9860340952873,12.0402784347534,83.1236750781536,8.76526817679405,43.1738312244415,1.01551494002342,15.9392592012882,21.1109254956245,141.328131616116,20.6419178247452,11.9568868875504,8.34330299496651,15.9327548742294,5.03399002552032,4.68776798248291,5.08767583966255,99.4135241806507,33.1742621660233,116.61779499054,16.9756408631802,13.7812520563602,88.2869068682194,44.3641295135021,11.8933166563511,3.15948891639709,6.08879804611206,8.36557438969612,5.11267846822739,25.0880308449268
2554.97764131427,94.5566821396351,2032.98502641916,228.003556787968,1188.79165405035,48.1023551821709,1547.82567447424,125.93646004796,1457.44064617157,24.0476012825966,141.074351221323,8.68044519424438,1078.78991803527,4.46764093637466,2552.6911034286,7.61732333898544,166.356709837914,7.29667741060257,509.334513098001,518.456878691912,87.1375358998775,6.01689040660858,950.105405151844,328.866980493069,115.774617373943,87.9157034754753,162.822541713715,11.3298378586769,3172.79765030742,1.85065841674805,181.887476980686,337.448499262333,61.5593511164188,266.288596451283,86.868888348341,85.3092214465141,1193.94179284573,100.950133919716,242.723508805037,0,1298.98823529482,75.7902745008469,149.423489272594,29.9557634592056,210.393817275763,7.96698033809662,525.190155982971,6.25603055953979,272.023401141167,0,837.691004633904,0,118.606738626957,0,233.421212285757,4.6194354891777,1994.15329506993,28.1542237401009,759.291013479233,11.0478686690331,477.336368113756,0,178.750809431076,7.37628120183945,210.545199930668,0,643.325041532516,183.640518903732,421.864210277796,59.7384727597237,5219.41263511777,259.183182239532,0,91.7435723245144,2672.58628877997,43.2037941217422,3117.57498848438,67.2274633646011,27.3787764906883,1.08098912239075,353.953414142132,0,219.149229228497,1.81719136238098,322.095957785845,0,120.846619725227,5.74908173084259,336.824293524027,5.39676266908646,45.2149951756001,11.4711060523987,28.9806258380413,8.29102766513824,236.448944211006,11.1157500743866,66.1752601861954,1.9640896320343,36.1594848036766,3.70100572705269,24.7435332238674,3.47173225879669,38.103591889143,16.1535922288895,65.9229844808578,21.6252260804176,22.8922367990017,3.40339815616608,23.0491790175438,6.46918553113937,5.99730876088142,0,0.959309965372086,2.26456788182259,0.889881014823914,13.2317219674587
15.8849843144417,2553.77083939314,266.684365332127,1876.27540147305,31.2219277024269,737.710498601198,129.010440707207,2098.28261864185,40.7768351435661,1640.95306199789,2.2354129254818,753.088449716568,5.80435228347778,1653.14116090536,6.8699004650116,3035.40566506982,0,1379.68027153611,174.233938872814,572.164608299732,3.48851668834686,272.860600918531,401.575423747301,624.643717765808,8.60754406452179,167.903218477964,7.70252430438995,279.595685660839,27.0962213277817,5502.58743080497,97.1067374050617,304.442342638969,30.2254131436348,157.47811627388,96.6232816874981,61.9544996917248,87.5247930884361,869.525049954653,6.10515528917313,87.5380083024502,6.14573287963867,2272.62592670321,78.0740502774715,375.967453151941,22.4714622497559,284.470364302397,5.10595175623894,619.702788472176,0,336.137515097857,1.3554584980011,709.31728553772,0,74.046335786581,1.19550490379333,273.691198468208,6.12974816560745,2282.62800392509,4.39401060342789,825.680066674948,9.22649577260017,143.080707371235,7.79263770580292,369.266947627068,3.90956676006317,196.318218439817,97.7080914378166,661.326397925615,35.1052386760712,186.198021739721,166.006641358137,3213.02569711208,91.7435723245144,0,24.1781097054482,1255.24855265021,72.0391234755516,1123.60504716635,0,594.529144346714,2.24334561824799,1038.58247131109,0.818672478199005,632.667127281427,0.604518592357635,928.179766744375,3.03833132982254,357.874932289124,7.59936314821243,481.941430956125,8.79432094097137,60.3285818099976,1.18037688732147,27.2962598204613,13.0933992266655,107.436387628317,14.5540683269501,10.3584358096123,5.79177704453468,94.1609708666801,5.03265750408173,5.81746175885201,7.23159337043762,69.2896247506142,4.70465132594109,38.3447298407555,12.2094412147999,15.0941900312901,14.9041041433811,19.1579867303371,9.19329130649567,0.667452335357666,1.92462354898453,1.01951169967651,2.66857975721359,9.18952575325966
926.604364901781,30.4623838663101,346.217114210129,48.2525230944157,45.0073000192642,1.45850551128387,350.527920901775,7.54045116901398,50.3011150658131,0,24.5475566387177,0.61537230014801,143.293695598841,1.6063586473465,107.962591469288,0,27.4848355650902,0,158.512356609106,156.822136759758,8.89542698860168,1.19026207923889,108.833522260189,12.9832801222801,4.89289796352386,1.6050671339035,10.5982629954815,0,106.067422509193,0,14.9767417311668,12.7093115448952,15.5669922828674,80.597068041563,8.2614324092865,6.21448391675949,1743.90206381679,27.9925297498703,140.725460410118,0,263.925180256367,77.5613860487938,3.37371981143951,2.24496185779572,12.2285448014736,0,14.20992359519,2.58390957117081,14.7252819538116,0,64.8967315852642,0,9.47915548086166,0,42.2746448516846,1.21386539936066,622.51917681098,1.54225707054138,117.149086922407,0,103.278668820858,0,28.4619694948196,0,40.2983287572861,0,78.4652771651745,10.3289281129837,245.95375007391,12.9299684166908,2969.97482159734,36.2601971328259,2672.58628877997,24.1781097054482,0,49.8250351250172,1332.56946855783,35.8339038193226,0.652339398860931,0,2.10052764415741,0,11.5596770048141,0,25.4967675209045,0,46.3420193493366,10.1687449812889,80.5380594730377,5.39009493589401,54.7467452585697,52.8549356460571,26.3011093437672,29.7102944552898,295.156323879957,19.9505826830864,77.2615387737751,11.7313833236694,39.5808147490025,17.0500148236752,34.5730391144753,14.3336607813835,53.2716467380524,52.031197309494,96.0130736231804,34.783289372921,52.662476837635,12.6021486222744,19.9239307045937,6.20428115129471,4.15907800197601,1.10286974906921,3.79051196575165,6.2106314599514,1.1430162191391,15.3932801485062
4.68744319677353,700.241286218166,25.1163235902786,486.777300775051,0.920586407184601,38.2698476314545,11.8553735613823,578.643088579178,0,116.831835955381,2.85040932893753,79.2272718548775,0,186.590707540512,0,175.207984775305,0,66.105789065361,53.832086712122,187.235146731138,4.93714249134064,2.22876036167145,47.9620098471642,125.310344606638,1.53468549251556,11.7011749744415,0,7.24920791387558,7.33551323413849,25.2416444420815,18.5384150147438,53.0614142417908,8.8303659260273,33.2514113783836,21.222323179245,15.4782469272614,56.5108865499496,833.536235928535,23.6227177977562,49.1107243895531,23.6356204152107,325.82704615593,7.10401552915573,49.1900816857815,4.86241549253464,65.5031902194023,3.19026964902878,89.4874683916569,0,58.630144149065,0,125.146163254976,0,15.8579345941544,4.13739556074142,40.5139610469341,3.33865791559219,479.676693737507,0,173.818834155798,1.98543131351471,10.5562072694302,0,18.362384468317,0,27.8470799326897,25.7771927118301,125.001835644245,5.90538823604584,64.0753799974918,53.0798290371895,3310.49430671334,43.2037941217422,1255.24855265021,49.8250351250172,0,40.1471582651138,747.203743219376,0,7.38941693305969,0,32.3279503583908,2.58064258098602,6.53712522983551,2.20624756813049,86.5309520959854,4.93963658809662,24.5832408666611,12.5004091262817,60.6711106300354,50.0779776573181,123.27379450202,20.1276461780071,49.9072684943676,30.9283853471279,173.963089376688,54.2284442782402,20.7829784750938,34.8908499479294,33.3606613576412,28.0784859955311,25.5547271966934,52.4987750053406,149.311895817518,30.6431782543659,75.2649267613888,28.0560147762299,34.9529524147511,32.6578593254089,23.1627870500088,10.4825092256069,2.49675440788269,6.67409574985504,3.03733602166176,0.941437244415283,15.2389730215073
3057.65345185995,471.310517132282,1431.33264002204,133.649668246508,49.1717570722103,1.13897109031677,1616.03115749359,58.8390164673328,178.509074151516,0.577632188796997,170.393105924129,5.18322879076004,729.77578124404,0.483419090509415,294.457259774208,0,82.9132175445557,16.1685600280762,787.826144367456,760.495659142733,4.50906240940094,1.05680048465729,503.083495140076,25.8402426242828,2.34330087900162,0,6.02151191234589,0,551.663911491632,1.10647737979889,71.7456421554089,108.196244388819,91.0615181028843,489.878259807825,164.281244874001,94.2655318677425,3484.72937709093,129.881130814552,232.540354967117,57.9466226100922,228.28415080905,6.9348748922348,187.406718343496,104.992818892002,319.31099742651,50.8026243448257,787.777788996696,70.1185710132122,382.99765458703,17.2561866939068,726.801022142172,16.8283153176308,121.062059909105,4.97936820983887,233.36978328228,30.2383142411709,2602.09301555157,237.21078684926,969.67656993866,71.1326195001602,596.208857119083,14.3987492322922,263.890297889709,56.812446475029,147.912335842848,4.90581274032593,1524.41985118389,549.380317926407,1311.04922288656,335.545454800129,4803.05840978026,265.225861549377,3117.57498848438,72.0391234755516,1332.56946855783,40.1471582651138,0,350.635167092085,8.16393780708313,5.49691247940063,117.040375947952,5.77836275100708,63.6676027178764,0,115.211790829897,1.23854812979698,57.0840475857258,0.907769858837128,204.206996649504,4.17420428991318,88.7695533931255,23.8878327012062,127.211260259151,21.4234669804573,964.545848935843,34.1113560199738,369.185158252716,11.3404090106487,41.9989091157913,3.65597987174988,105.512425631285,4.54259377717972,170.090192437172,41.5303360521793,478.965576827526,87.5697040557861,100.924986898899,9.62947449088097,209.035215735435,263.308577805758,36.8574260175228,3.79025557637215,28.3285529017448,32.8789444565773,12.7066169977188,102.021504104137
54.344508677721,4697.56194123626,95.1617134213448,2220.24370208383,1.19420969486237,31.7709373235703,40.7869402170181,2310.55257165432,0,179.892432749271,6.64879018068314,261.336827754974,6.48601460456848,593.720793634653,0,210.610144168139,2.71214717626572,167.473229467869,268.937352955341,1366.52962270379,3.03155660629272,7.32468956708908,58.1597470641136,306.159295558929,0,0.499314397573471,3.12249004840851,2.47081100940704,42.7703090310097,47.4831302762032,31.5198889970779,170.895087838173,83.2148171663284,263.958329349756,78.8973706364632,57.0528845489025,110.967866122723,4057.36084419489,24.7048048377037,91.4139002561569,1.3755401968956,86.3805847764015,36.5585273504257,166.836376935244,25.622692078352,148.537357896566,21.4727239608765,1004.51223424077,2.32441520690918,230.435916423798,1.32108056545258,366.24395263195,0,37.9790613353252,1.41377663612366,131.206644028425,37.8776611685753,2446.82976180315,32.7053492069244,805.912999510765,12.245741546154,42.17570951581,14.1858227849007,61.4365366995335,2.72015124559402,73.9558019340038,225.672809362411,832.916643232107,125.906319320202,652.151220619678,143.983145266771,10088.9764906466,67.2274633646011,1123.60504716635,35.8339038193226,747.203743219376,350.635167092085,0,1.18775951862335,10.2958431243896,9.96994227170944,71.1779219806194,0,36.5101800858974,0,135.278459072113,0,70.3796077668667,1.78309202194214,154.216084808111,34.4789488017559,217.861757040024,30.3666127622128,302.009125947952,127.337629705667,650.068723082542,71.0002689063549,50.5544424653053,36.9841537177563,88.3702649176121,33.610437899828,48.0365871787071,58.4048104286194,375.883552670479,110.538223326206,426.03038880229,59.4919371306896,59.1215394437313,433.171638637781,775.046024143696,61.1959474980831,11.0614283084869,32.9731712043285,47.3612963557243,35.201474994421,117.294478833675
2.61800646781921,1.40677404403687,3.24969375133514,0,0,0,3.64044159650803,0,0,0,21.4883472323418,0,29.1623918414116,0,0,0,417.626236319542,0,0,0,0,0,0,0,0,0,0,0,320.522436141968,0,0,0,0,2.00828355550766,2.76466554403305,3.12306159734726,6.70820859074593,0.662022948265076,0,0,0,0,3.15195137262344,0,3.76271259784698,0,5.97851127386093,0,1.98484319448471,0,36.1562716066837,0,0,0,0.435773879289627,0,14.9464191496372,2.01295566558838,94.033781349659,0,51.352255821228,0,51.8325746059418,0,10.6776156127453,0,32.9002721309662,13.5930709242821,0,0,5.65303486585617,0,27.3787764906883,0,0.652339398860931,0,8.16393780708313,1.18775951862335,0,0,831.795950829983,0,7.82021799683571,0,20.2827192544937,1.21329021453857,0,0,4.29997533559799,0,0,0,0,0,0,0,0,0,0,0,0,0,0,0,0,0,0,0,0,0,0,0,0,0,0,0
0,8.82772913575172,0,1.7065024971962,0,0,0,6.13371503353119,0,0.977883458137512,0,11.0673589706421,0,30.1806018352509,0,2.93839120864868,0,445.86080750823,0,0,0,0,0,0,0,0,0,0,0,626.055840730667,0,0,2.25451248884201,15.1782912015915,10.3969033956528,12.870914041996,5.45096623897552,11.2656426131725,0,5.06050050258636,0,0.557451367378235,2.01785439252853,6.30561864376068,0.970388829708099,15.6033105254173,1.80070340633392,21.2925790846348,0,33.258847206831,0,40.421398550272,0,0.55024254322052,0,2.25431084632874,1.1669887304306,160.209591180086,0,286.100443691015,0,26.9877492487431,0,117.51926997304,0,27.2434224784374,14.7860968112946,139.398711800575,0,2.19066244363785,2.46521830558777,2.50666892528534,1.08098912239075,594.529144346714,0,7.38941693305969,5.49691247940063,10.2958431243896,0,0,0.866298317909241,2065.80335316062,0,13.1290863156319,0,39.0707158446312,0,1.62147051095963,0,1.91197001934052,0,0,0,0,0,0,0,0,0,0.931964039802551,0,0,0,1.48183953762054,0,0,0,1.0735936164856,0,0,1.97252076864243,0,0,0,0,0
161.301959335804,4.28228461742401,20.5498355031013,0,1.406574010849,0,134.758077204227,0,0.828653335571289,0,643.551013380289,0,689.892044007778,0,25.738381922245,0,1596.12315306067,0,7.81873613595963,0,0,0,0.687044501304626,0,0,0,0,0,1548.69821178913,0,1.85100948810577,1.64531445503235,3.86414021253586,51.7383880019188,66.5902511775494,39.1813016533852,114.618297576904,16.2823539972305,33.3964266777039,0,11.6496013402939,0,75.4552176296711,9.80408149957657,156.988340497017,2.28489571809769,212.638666272163,5.20393621921539,200.469054460526,5.03049343824387,694.390309333801,0,86.8310181796551,0,86.1180936396122,0,213.567833930254,14.2674866318703,444.978227376938,2.76069569587708,417.982632040977,2.39317607879639,1859.99407678843,6.89264523983002,317.655929654837,0,436.168922930956,73.2253645658493,4.46611070632935,9.08956462144852,50.2132100462914,5.57586008310318,353.953414142132,2.24334561824799,2.10052764415741,0,117.040375947952,9.96994227170944,831.795950829983,0.866298317909241,0,0,1198.24783289433,0,5663.89771389961,0,84.0125077664852,0,207.561154067516,0,0,0,0,0,5.29559522867203,0,0.563809275627136,0,3.21418911218643,0,0,0,0,0,0,0,0,0,0,0,0,0,0,0,0,0
0,21.6210363805294,0,10.1869916915894,0,0,0,96.6884455084801,0,1.55706286430359,0,228.318347752094,0,384.621546268463,0,24.5887929201126,0,787.219271510839,0,4.16459339857101,0,0,0,3.96060848236084,0,0,0,0,0,599.574931651354,0,0.405178338289261,3.18269437551498,64.3508230447769,55.0987140834332,52.0746763050556,8.83652836084366,95.2534341514111,0,21.2104225158691,0,47.7005008757114,14.3536222279072,113.83158916235,4.48349756002426,192.836669772863,0.857267081737518,185.422520071268,0,266.423132956028,0,649.796255499125,0,26.407909989357,0,59.7601909637451,1.00796675682068,257.349678784609,2.23517501354218,658.077874541283,0,240.96572342515,0,2686.5586976707,0,791.276425719261,24.9346745610237,546.743890434504,0,18.6459118723869,6.88854455947876,50.6474828720093,0,1038.58247131109,0,32.3279503583908,5.77836275100708,71.1779219806194,0,2065.80335316062,0,0,0,2651.4021500051,0,5000.66737121344,0,324.011081725359,0,181.698453187943,0,5.305040538311,0,0,0,0.568925559520721,0,1.42705619335175,0,18.5478962659836,0,0,0,0.811936914920807,0,0,0,0,0,0.687856435775757,10.8423190712929,0,0,0,0,0
55.9656241834164,0,66.708737462759,2.15240415930748,110.358920127153,0,91.5999152362347,0,44.2001102566719,0,138.536113917828,0.58470606803894,30.4581019878387,0,209.472100526094,0,185.770886570215,0,51.1914553046227,5.89797872304916,3.71021848917007,0,4.06139713525772,1.8079269528389,3.6390392780304,0,4.71134734153748,0,1386.74416902661,0,1.57571804523468,4.3946515917778,2.78169238567352,4.86481302976608,7.15323665738106,5.06846743822098,304.070760548115,0,200.025456100702,0,917.032072424889,3.65832024812698,7.17517665028572,0,4.21470952033997,0,54.1555541157722,0,7.513452231884,0,119.385007351637,0,15.0505837500095,0,185.518940359354,0,30.5190401673317,0,10.6439909636974,0,50.4435432851315,0,73.3546421825886,0,28.3631425201893,0,8.88275077939034,0,5.45797395706177,0,66.8606739342213,5.45758771896362,219.149229228497,0.818672478199005,11.5596770048141,2.58064258098602,63.6676027178764,0,7.82021799683571,0,1198.24783289433,0,0,0.918059706687927,1310.54761976004,0,1671.84204179049,0,273.652956217527,0,0.551722943782806,0,0,0,3.89625024795532,0,2.23372882604599,0,1.83648616075516,0,0,0,0,0,0,0,0,0,0,0,0,0,0,0,0,0
0,0,0,0.920946776866913,0,65.4012676179409,0,0,0,37.7367288470268,0,3.58421123027802,0,7.46586281061172,0,200.174912273884,0,4.49465242028236,0,0,0,70.8036474585533,0,0,0,4.11113387346268,0,30.056930243969,0,578.768345028162,0,0.786153852939606,0,2.40306630730629,3.7000846862793,2.99570375680923,1.023308634758,279.501584559679,0,59.2956925332546,0.686551749706268,1961.86902022362,1.74415880441666,43.7227394282818,0,0,0,65.5855278670788,0,8.86802661418915,0,54.3856986761093,0,5.09433460235596,0,117.955771744251,0,2.00743496417999,0,10.1231355369091,0,1.4160989522934,0,4.46317046880722,0,9.31426510214806,0,8.31937715411186,0,0,1.41432452201843,10.1423934698105,1.81719136238098,632.667127281427,0,6.53712522983551,0,36.5101800858974,0,13.1290863156319,0,2651.4021500051,0.918059706687927,0,0,541.856122046709,0,1283.63286966085,0,292.627013415098,0,1.20034956932068,0,0,0,3.32824856042862,0,0.442513525485992,0,0.512632250785828,0,0,0,0,0,0,0,0,0,0,0,0,0,0,0,0
609.437972009182,0,16.0618444085121,0,12.0836943984032,0,1067.30672565103,0,11.8286261558533,0,584.605867356062,0,647.852969944477,0,25.9001554846764,0,132.729530692101,0,8.63794350624084,0,0.77025294303894,0,1.12750327587128,0,0,0,0.517447769641876,0,417.593798100948,0,0,0,4.8913060426712,11.4948053359985,46.15615016222,33.029912352562,181.704769730568,10.5326088666916,21.7214702963829,0,56.3592395484447,0,27.1240374147892,3.04759740829468,81.5419888198376,0,232.789762198925,0,112.525791794062,0,3144.10921153426,0,176.449253946543,0,214.022480517626,0,153.941755861044,0,133.378745853901,1.31288635730743,672.024431169033,0,1072.3212479353,0,3244.51755028963,0,158.25392305851,23.7213381528854,0,0,141.950844138861,4.74892711639404,322.095957785845,0.604518592357635,25.4967675209045,2.20624756813049,115.211790829897,0,20.2827192544937,0,5663.89771389961,0,1310.54761976004,0,0,0,627.634255051613,0,5160.3447419107,0,6.46434473991394,0,0,0,1.8601801097393,0,4.25328150391579,0,1.56419122219086,0,0,0,0,0,0,0,0,0,0,0,0,0,0,0,0,0
0,413.507655292749,0,62.3945682644844,0,5.7298396229744,0,1196.93050348759,0,5.9981107711792,0,470.811519503593,0,419.363061070442,0,52.7801325321198,0,111.856043994427,0,1.87635743618011,0,0.803538262844086,0,0,0,0,0,0.827090203762054,0,180.538027316332,0,2.45234179496765,0,34.4099894464016,30.8044043779373,27.5824611186981,8.80102515220642,299.895513743162,0,31.1813968420029,0,247.465686827898,15.0164271593094,177.785740494728,3.39307677745819,280.451594084501,0,231.853273540735,0.770847916603088,453.245239078999,0,4423.59253966808,0,560.165365725756,0,543.460422247648,0,106.575861006975,0,134.321926146746,0,464.421127378941,0,1849.87835428119,0,3060.13542130589,9.2670823931694,173.447317957878,0,6.59678339958191,0,257.003012180328,0,928.179766744375,0,86.5309520959854,1.23854812979698,135.278459072113,1.21329021453857,39.0707158446312,0,5000.66737121344,0,541.856122046709,0,0,0,1614.00715398788,0.955238163471222,6811.91998118162,0,1.89033818244934,0,0,0,7.28414630889893,0,0,0,13.4491478800774,0,0,0,0,0,0,0,0,0,0,3.17456802725792,0,0,0,0,0
0,0,1.22584137320518,0,50.0947372019291,0,0,0,16.4467603564262,0,0,0,0,0,85.0259075164795,0,1.66386336088181,0,0,0,3.59165227413177,0,0,0,1.59974640607834,0,2.0651661157608,0,354.355962008238,0,1.29637897014618,0,0,0,2.28611326217651,0,1181.1957500577,4.25316965579987,418.670453250408,0,806.536021411419,15.4508235454559,8.66855853796005,0,2.16352006793022,0,85.9251702725887,0,1.11921441555023,0,25.2918775379658,0,12.2293167114258,0,1001.99296331406,0,0,0,0,0,4.91034305095673,0,7.00012290477753,0,6.51053011417389,0,5.21312829852104,0,0,0,14.5802493989468,15.3751764297485,120.846619725227,3.03833132982254,46.3420193493366,4.93963658809662,57.0840475857258,0,0,0,84.0125077664852,0,1671.84204179049,0,627.634255051613,0,0,0,1559.37118780613,0,0,0,0,0,0,0,0,0,0,0,0,0,0,0,0,0,0,0,0,0,0,0,0,0,0,0
0,0,0,2.2894052863121,0,34.9749449491501,0,0.593479931354523,0,21.7315475642681,0,0,0,0.905839651823044,0,91.8215627968311,0,1.33360075950623,0,0,1.98526304960251,35.4746826887131,0,0,0,0.937549471855164,0,10.9589310586452,0,100.927629143,0,0,0,1.6065086722374,0.36565425992012,0.43356055021286,5.17764437198639,835.93200981617,0,428.009408652782,9.41795039176941,1765.37170448899,0,28.6558935046196,0,1.11970001459122,0,95.7168859541416,0,3.00106900930405,0,21.9158889949322,0,6.8197363615036,0,726.915211766958,0,0.458484768867493,0,0.993126660585403,0,2.35559830069542,0,10.8841128349304,0,16.3113095462322,0,17.3898384571075,0,0,7.29938215017319,32.9860340952873,5.74908173084259,357.874932289124,10.1687449812889,24.5832408666611,0.907769858837128,70.3796077668667,0,1.62147051095963,0,324.011081725359,0,1283.63286966085,0,1614.00715398788,0,0,0,1940.17650440335,0,0,0,0,0,1.41337099671364,0,0.59800523519516,0,1.35600131750107,0,0,0,0,0,0,0,0,0.695984244346619,0,0,0,0,0,0,0
342.915876239538,0,4.39443764090538,0,37.8002516925335,0,477.775417864323,0,9.49529108405113,0,229.941609174013,0,202.689269840717,0,43.2756431698799,0,25.1378858089447,0,0,0,5.87774768471718,0,0,0,0,0,2.15083158016205,0,313.196394562721,0,0,0,3.51211133599281,26.9493746161461,147.46579888463,97.1364749968052,1294.99432346225,15.3064544796944,357.329938441515,0,198.668275296688,19.8378776907921,215.563338309526,89.4173585772514,142.920737177134,6.51289242506027,822.960625618696,0,134.72257399559,1.70973443984985,1759.20437957346,1.46910691261292,656.971927195787,0,4444.28470140696,0,106.335711687803,0,166.848627507687,0,242.026824116707,0,287.246619969606,0,539.118098795414,0,372.758503466845,260.828178912401,0,0,171.136806964874,12.0402784347534,336.824293524027,7.59936314821243,80.5380594730377,12.5004091262817,204.206996649504,1.78309202194214,4.29997533559799,0,207.561154067516,0,273.652956217527,0,5160.3447419107,0.955238163471222,1559.37118780613,0,0,0,18.9613146781921,0,0,0,2.87727537751198,0,7.89098188281059,0,30.3309929668903,0,0,0,0,0,0,0,0,0,0,0,0,0,0,0,0,0.935809850692749
0,160.907180815935,0,15.3131673932076,0,7.48736935853958,0,204.265197575092,0,12.1550737321377,0,33.3743432760239,0,9.46170216798782,0,33.5993145704269,0,15.1236548423767,0,0,0.950210630893707,2.76993376016617,0,0,0,0,0,3.68411684036255,0,48.8245660662651,0,0,0,12.3821169137955,33.3225530087948,29.4490087330341,15.8515104055405,1172.29902392626,0,185.891789108515,2.35971057415009,549.479907810688,32.8411111533642,288.421909928322,0.529241859912872,234.021524786949,0.475127100944519,538.49350258708,0,349.483574867249,0,1261.48336338997,0,1060.1800660789,0,4617.19215717912,0,46.7471477091312,0,33.8970051705837,0,92.2382705211639,0,266.759301990271,0,630.662732034922,33.7728056311607,150.621709376574,0,1.84654730558395,6.09224611520767,83.1236750781536,5.39676266908646,481.941430956125,5.39009493589401,60.6711106300354,4.17420428991318,154.216084808111,0,1.91197001934052,0,181.698453187943,0,292.627013415098,0,6811.91998118162,0,1940.17650440335,0,0,0,2.8349227309227,0,0,0,5.10480684041977,0,1.83478856086731,0,35.6199671626091,0,0,0,0,0,1.36262142658234,0,0,0,0.939159274101257,1.72861993312836,0,0,0,0,0
0,0,0,0,0,0,0,0,0,0,0,0,0,0,0,0,0,0,0,0,0,0,0,0,0,0,0,0,7.59431776404381,0,0,0,0,0,6.83973038196564,0,68.7409911155701,34.0853515863419,152.818253785372,14.8703584074974,5.9436471760273,0,29.2579082846642,0,2.44954788684845,0,182.758381098509,0,8.39106500148773,0,14.7468373477459,0,30.649434030056,0,53.2335375845432,0,0,0,0,0,0,0,0,0,0,0,7.61336171627045,1.80870270729065,0,0,13.9882555305958,8.76526817679405,45.2149951756001,8.79432094097137,54.7467452585697,50.0779776573181,88.7695533931255,34.4789488017559,0,0,0,0,0.551722943782806,0,6.46434473991394,0,0,0,18.9613146781921,0,0,98.2735159099102,1036.15294057131,23.8642098903656,339.723845392466,151.146606117487,2084.92257806659,48.4379764795303,2732.79454571009,95.8725553154945,606.12371763587,15.2227647900581,462.525678634644,159.011400461197,264.583016395569,48.2450140714645,286.41955062747,24.6826487183571,5.62677356600761,4.87878787517548,93.1901541650295,59.9347278475761,42.6057422161102,8.80146944522858,1.77332139015198,10.1692298650742
0,0,0,0,0,0,0,0,0,0,0,0,0,0,0,0,0,0,0,0,0,0,0,0,0,0,0,0,0,2.36234784126282,0,0,0,0,0.782226860523224,0,42.9285598993301,183.263103723526,122.70006108284,123.275913834572,0,4.20508998632431,0.831687331199646,15.7508780360222,0,0.590560078620911,0,511.854653179646,0,0.99714720249176,0,8.97642141580582,0,56.559878885746,0,29.7340103983879,0,0,0,0,0,0,0,0,0,0,0.728996455669403,1.98606783151627,0,0,1.32592296600342,43.1738312244415,11.4711060523987,60.3285818099976,52.8549356460571,123.27379450202,23.8878327012062,217.861757040024,0,0,0,5.305040538311,0,1.20034956932068,0,1.89033818244934,0,0,0,2.8349227309227,98.2735159099102,0,7.80686408281326,1717.80505463481,47.2081816792488,416.135333746672,230.293417811394,411.767409741879,106.35686019063,1858.98167183995,60.4411423206329,167.034212321043,98.065174639225,466.564769387245,30.4253652691841,396.150517702103,63.594800144434,255.294467806816,26.7450370192528,24.6337254345417,187.420141786337,35.9754078388214,79.0301910638809,1.37986925244331,35.4144868850708,24.9211838543415
0,0,0,0,0,0,0,0,0,0,0,0,0,0,0,0,0,0,0,0,0,0,0,0,0,0,0,0,0,0,0,0,0,0,0,0,27.0717176198959,15.5919864177704,78.298504948616,15.3089912235737,0.878424346446991,0,0,0,0,0,0,0.462720662355423,0,0,0,0,0,0,0,0,0,0,0,0,0,0,0,0,0,0,0,0,0,0,8.38953095674515,1.01551494002342,28.9806258380413,1.18037688732147,26.3011093437672,20.1276461780071,127.211260259151,30.3666127622128,0,0,0,0,0,0,0,0,0,0,0,0,1036.15294057131,7.80686408281326,0,4.38104605674744,428.457468032837,56.8340414762497,878.127252191305,29.0881817042828,270.241396993399,25.5429486334324,1951.85386940837,0.743270039558411,1063.63607627153,44.3708356320858,669.823636442423,25.2405060231686,383.520968168974,9.64712566137314,17.3877981007099,12.7192739248276,144.929906308651,28.7914852499962,89.8871985077858,19.3811622858047,8.59500753879547,10.951420456171
0,0,0,0,0,0,0,0,0,0,0,0,0,0,0,0,0,0,0,0,0,0,0,0,0,0,0,0,0,0,0,0,0,0,0,0,15.4099140167236,72.3666999042034,34.4075281620026,31.3087802231312,0,0,0,0,0,0,0.44172802567482,18.6012841463089,0,0,0,0,0,0,0,0,0,0,0,0,0,0,0,0,0,0,0,0,0,0,0.834173083305359,15.9392592012882,8.29102766513824,27.2962598204613,29.7102944552898,49.9072684943676,21.4234669804573,302.009125947952,0,0,0,0,0,0,0,0,0,0,0,0,23.8642098903656,1717.80505463481,4.38104605674744,0,45.518061041832,279.718956321478,120.935748755932,271.495118737221,43.5853752791882,288.09855812788,11.1846907138824,1420.17050874233,31.7884621918201,1285.14478510618,35.1002983748913,875.513267159462,46.3584566414356,283.341695994139,103.547559291124,62.5743108093739,386.521041423082,89.832817196846,266.914267838001,62.6611556112766,87.4947997629642,89.8330007195473
150.608243018389,3.44596284627914,37.3640270233154,4.71204349398613,1.5640917122364,0,47.2468363642693,0.775929093360901,2.03112494945526,0,0.670419037342072,0,15.3931491374969,2.11624908447266,5.28571993112564,0,1.6505064368248,0,21.6377317905426,1.34591150283813,0,0,4.44935786724091,0,0,0,0,0,26.8362258672714,0,1.65462076663971,3.91599625349045,3.74740898609161,13.3040950000286,3.26858615875244,6.92551857233047,188.414215326309,22.2360515594482,57.5996675491333,5.99703377485275,7.19878023862839,0.894823789596558,2.90482199192047,0,6.05553883314133,0,86.5407835543156,5.01082909107208,3.49161034822464,0,20.8950282931328,0,1.82336312532425,0,5.09059488773346,0,112.966601282358,1.27207922935486,57.9035874605179,0,13.2203905880451,0,7.32659149169922,0,6.50595510005951,0,61.1042850613594,0.411547750234604,41.5190780162811,0,206.994347572327,21.1109254956245,236.448944211006,13.0933992266655,295.156323879957,30.9283853471279,964.545848935843,127.337629705667,0,0,5.29559522867203,0,3.89625024795532,0,1.8601801097393,0,0,0,2.87727537751198,0,339.723845392466,47.2081816792488,428.457468032837,45.518061041832,0,60.9554542005062,1741.20950847864,13.8916331231594,344.019081443548,28.9361568689346,294.437669157982,14.6015335023403,397.97638592124,87.6051354408264,728.429458260536,147.238491356373,185.325453877449,17.3547298312187,166.441752910614,445.881223976612,329.997523993254,28.4975093901157,86.0836001932621,101.217787057161,21.4979975223541,92.9209037125111
0,110.796231776476,0,46.9284613132477,0,0.465381443500519,0,26.3321758508682,0,0.87046006321907,0,2.39268004894257,0,7.23485621809959,0,1.079748660326,0,4.27244848012924,0,17.0546572506428,0,0.703998208045959,0,0.58874374628067,0,0,0.884865522384644,0,0,5.50617414712906,0,3.61544108390808,0,9.57414790987968,5.00291234254837,5.19721922278404,20.0483133494854,300.026494562626,52.2774819731712,123.735440611839,0,8.42591691017151,0,11.6518214941025,0,4.93140161037445,1.41474163532257,177.803650945425,0,15.0565994381905,0,22.759452432394,0,0,0,11.9891971349716,0,109.855939120054,0,53.8552067875862,0,2.2813326716423,0,1.57101285457611,0,5.49278074502945,2.89125049114227,55.890441775322,0,21.0678357481956,8.59600108861923,141.328131616116,11.1157500743866,107.436387628317,19.9505826830864,173.963089376688,34.1113560199738,650.068723082542,0,0,0,0.568925559520721,0,3.32824856042862,0,7.28414630889893,0,1.41337099671364,0,5.10480684041977,151.146606117487,416.135333746672,56.8340414762497,279.718956321478,60.9554542005062,0,135.126499205828,960.606248885393,80.1600424051285,458.810047745705,56.8801376819611,34.025677293539,74.6625871062279,252.445141643286,60.3050054609776,236.03846475482,41.3411186635494,94.2481616735458,56.5750045776367,448.145542025566,228.89391463995,25.0729125738144,42.4713064134121,13.5654472112656,13.7607438266277,15.1326332390308
16.9294881224632,0,4.61489969491959,0,0,0,3.8060342669487,0,0,0,0.855186820030212,0,1.62257650494576,0,0.674732863903046,0,5.26315820217133,0,1.29615896940231,0,0,0,0,0,0,0,0.513974368572235,0,3.67806404829025,2.35595512390137,0,0,1.19639843702316,6.22799640893936,9.46301257610321,1.66743135452271,95.5921002626419,40.2094479799271,175.025510370731,11.6373842358589,2.28774559497833,0,224.13438564539,1.53741449117661,52.1734631955624,0,747.087439030409,1.79489523172379,17.7003785669804,0,10.7355446815491,0,1.34425407648087,0,31.0271970629692,0,21.723557472229,0,16.221019923687,0,8.43439096212387,0,0,0,0.902537763118744,0,107.033842861652,5.77985966205597,6.2493451833725,0,33.6062475442886,20.6419178247452,66.1752601861954,14.5540683269501,77.2615387737751,54.2284442782402,369.185158252716,71.0002689063549,0,0,0.563809275627136,0,2.23372882604599,0,4.25328150391579,0,0,0,7.89098188281059,0,2084.92257806659,230.293417811394,878.127252191305,120.935748755932,1741.20950847864,135.126499205828,0,69.5420615971088,2909.55766770244,108.743264615536,740.334206819534,36.5233760774136,895.291754931211,180.494863241911,761.787081509829,86.5013159811497,332.722516328096,28.8093647658825,57.354410558939,175.462027132511,986.307184189558,111.39385175705,235.873498439789,46.6758643090725,11.2989134788513,71.8636492192745
0,0,0,1.67212879657745,0,0,0,0,0,0,0,0.855854988098145,0,0,0,0,0,0,0,0,0,0.766822874546051,0,0,0,0,0,0,0,0,0,0,0,0,3.98158246278763,3.4998200237751,9.64079269766808,31.1206228137016,18.5865471959114,64.7612012922764,0,1.13366004824638,2.31069266796112,159.820006281137,2.77342694997787,53.3677119016647,0,542.211572080851,0,6.99897041916847,0,1.14547020196915,0,0,0,32.9659648239613,0,0,0,0,0,0,0,0,0,0,7.16093009710312,36.1781589984894,0,0,0.766207158565521,11.9568868875504,1.9640896320343,10.3584358096123,11.7313833236694,20.7829784750938,11.3404090106487,50.5544424653053,0,0,0,1.42705619335175,0,0.442513525485992,0,0,0,0.59800523519516,0,1.83478856086731,48.4379764795303,411.767409741879,29.0881817042828,271.495118737221,13.8916331231594,960.606248885393,69.5420615971088,0,33.6901114583015,1635.0420781076,27.7391032278538,29.7903125286102,41.9096007347107,143.875318288803,21.8371898531914,193.82778736949,21.3505587279797,117.488660633564,6.4898077249527,17.9445160031319,562.74592974782,151.861631453037,124.52547198534,8.11312806606293,10.2908393740654,8.85160130262375
0,0,0,0,0,0,0,0,0,0,0,0,0,0,0,0,0,0,0,0,0,0,0,0,0,0,0,0,12.6356077492237,0,0,0,0,0,0,0,68.4279008209705,27.9849499166012,78.8392674922943,5.71094304323196,5.20057111978531,0,255.1508923769,0,11.8047488927841,0,683.748458206654,0,6.17221730947495,0,22.3287915587425,0,8.26281124353409,0,62.2446765303612,0,0,0,0,0,0,0,0,0,0,0,18.2642885446548,0,0,0,18.521119594574,8.34330299496651,36.1594848036766,5.79177704453468,39.5808147490025,34.8908499479294,41.9989091157913,36.9841537177563,0,0,3.21418911218643,0,1.83648616075516,0,1.56419122219086,0,0,0,30.3309929668903,0,2732.79454571009,106.35686019063,270.241396993399,43.5853752791882,344.019081443548,80.1600424051285,2909.55766770244,33.6901114583015,0,67.0609765350819,143.715600013733,19.6273237466812,119.782598942518,156.168770581484,118.074935644865,27.8192165195942,141.265799105167,13.1137567162514,2.69276493787766,1.22615873813629,126.068209588528,91.5967320799828,54.6581187844276,10.0319491624832,1.48611003160477,4.50048717856407
0,0,0,0,0,0,0,0,0,0,0,0,0,0,0,0,0,0,0,0,0,0,0,0,0,0,0,0,0,5.83597719669342,0,0,0,0,6.66029095649719,0,22.6885488927364,116.113673835993,48.6657101809978,49.5514988899231,0,10.8142634034157,71.7435784339905,248.069244265556,0,30.7987377345562,0,1492.49883601069,0,30.010126054287,0,27.1041663885117,0,142.922778666019,0,258.72558042407,0,0,0,0,0,0,0,0,0,0,7.20450764894485,10.1896042525768,0,0,2.22160682082176,15.9327548742294,3.70100572705269,94.1609708666801,17.0500148236752,33.3606613576412,3.65597987174988,88.3702649176121,0,0.931964039802551,0,18.5478962659836,0,0.512632250785828,0,13.4491478800774,0,1.35600131750107,0,35.6199671626091,95.8725553154945,1858.98167183995,25.5429486334324,288.09855812788,28.9361568689346,458.810047745705,108.743264615536,1635.0420781076,67.0609765350819,0,66.7098633944988,35.2036391496658,74.047034651041,189.692964971066,14.9316980540752,73.1866010129452,25.2691279947758,287.955517441034,4.32145467400551,4.64924904704094,240.507246166468,204.276070743799,211.569354057312,1.97368317842484,4.21815037727356,2.37599515914917
0,0,0,0,0,0,0,0,0,0,0,0,0,0,0,0,0,0,0,0,0,0,0,0,0,0,0,0,0,0,0,0,0,0,0,0,32.7173547148705,11.3200260102749,99.6023433506489,5.1703462600708,0.586925268173218,0,0,0,0,0,1.05815616250038,0,0,0,0,0,0,0,1.04786694049835,0,0,0,0,0,0.913852572441101,0,0,0,0,0,0,0,0,0,10.3363905251026,5.03399002552032,24.7435332238674,5.03265750408173,34.5730391144753,28.0784859955311,105.512425631285,33.610437899828,0,0,0,0,0,0,0,0,0,0,0,0,606.12371763587,60.4411423206329,1951.85386940837,11.1846907138824,294.437669157982,56.8801376819611,740.334206819534,27.7391032278538,143.715600013733,66.7098633944988,0,16.9925155639648,2124.60905706882,83.7764593660831,564.144088327885,32.27840924263,543.636871486902,15.5393245518208,16.8689985573292,7.86694431304932,55.2649041116238,7.19547003507614,63.6401140391827,13.4391089379787,3.08101117610931,13.1086120307446
0,0,0,0,0,0,0,0,0,0,0,0,0,0,0,0,0,0,0,0,0,0,0,0,0,0,0,0,0,0,0,0,0,0,0,0,6.61699146032333,37.902304649353,13.3880563378334,10.8927431702614,0,0.497979372739792,0,0,0,0,0,2.44156387448311,0,0,0,0,0,0,0,0,0,0,0,0,0,0,0,0,0,0,0,0,0,0,2.11385667324066,4.68776798248291,3.47173225879669,5.81746175885201,14.3336607813835,25.5547271966934,4.54259377717972,48.0365871787071,0,0,0,0,0,0,0,0,0,0,0,0,15.2227647900581,167.034212321043,0.743270039558411,1420.17050874233,14.6015335023403,34.025677293539,36.5233760774136,29.7903125286102,19.6273237466812,35.2036391496658,16.9925155639648,0,29.6858125030994,1482.69313192368,12.9592139422894,330.589505165815,17.5272948145866,175.40595677495,5.02424696087837,4.0458602309227,26.1890169084072,1.22173228859901,18.2782897055149,7.91017526388168,28.1038919687271,5.2498407959938
1.02971696853638,0,0,0,0,0,0,0,0,0,0,0,0,0,0,0,0,0,0,0,0,0,0,0,0,0,0,0,2.95515096187592,0,0,0,0,0,0,0,51.9996120035648,22.2310125231743,105.33500212431,10.7318767309189,0.77409416437149,0,0,0,0,0,2.48820921778679,3.49849972128868,0,0,0,0,0,0,0,0,0.382527887821198,0,0,0,0,0,0,0,0,0,0,0,0,0,10.4522956609726,5.08767583966255,38.103591889143,7.23159337043762,53.2716467380524,52.4987750053406,170.090192437172,58.4048104286194,0,0,0,0,0,0,0,0,0,0,0,0,462.525678634644,98.065174639225,1063.63607627153,31.7884621918201,397.97638592124,74.6625871062279,895.291754931211,41.9096007347107,119.782598942518,74.047034651041,2124.60905706882,29.6858125030994,0,225.626843959093,6695.62249276042,132.192383319139,1170.75816458464,29.4141331315041,56.347053527832,44.6205025315285,253.28101837635,46.2954111099243,127.60328373313,1334.50955331326,784.296968460083,70.540597319603
0,0,0,0,0,0,0,0,0,0,0,0,0,0,0,0,0,0,0,0,0,1.15321278572083,0,0,0,0,0,0,0,2.68366193771362,0,0,0,0.669240117073059,0,0,50.0660945773125,190.919213473797,37.1508858203888,67.2802561819553,0.734358310699463,0.64230340719223,0,0,0,0,1.416468501091,19.4818710386753,0,0,0,0,0,0,0,1.45134991407394,0,0,0,0,0,0,0,0,0,0,0,0,0,0,3.32933467626572,99.4135241806507,16.1535922288895,69.2896247506142,52.031197309494,149.311895817518,41.5303360521793,375.883552670479,0,1.48183953762054,0,0.811936914920807,0,0,0,0,0,0,0,0,159.011400461197,466.564769387245,44.3708356320858,1285.14478510618,87.6051354408264,252.445141643286,180.494863241911,143.875318288803,156.168770581484,189.692964971066,83.7764593660831,1482.69313192368,225.626843959093,0,123.58467105031,6438.33222314715,92.2640416026115,627.715316653252,106.01956859231,82.6704949140549,306.908323258162,50.0011849403381,209.3023416996,352.611437022686,259.719225347042,88.3274481892586
5.77850300073624,0,1.33583807945251,0,0,0,1.18897318840027,0,0,0,0,0,0.622183561325073,0,0,0,0,0,0,0,0,0,0,0,0,0,0,0,5.59866997599602,0,1.13568234443665,0,0.716109454631805,0.510764539241791,0.744713723659515,0,65.883541405201,21.4912742078304,33.3204185962677,6.8378072977066,5.62067428231239,0,0,0,0,0,2.86466604471207,4.79750040173531,0,0,0,0,0,0,0.72188127040863,0,4.58202418684959,0,0,0,0,0,0,0,0,0,0,0,1.29251134395599,0,72.5530872344971,33.1742621660233,65.9229844808578,4.70465132594109,96.0130736231804,30.6431782543659,478.965576827526,110.538223326206,0,0,0,0,0,0,0,0,0,0,0,0,264.583016395569,30.4253652691841,669.823636442423,35.1002983748913,728.429458260536,60.3050054609776,761.787081509829,21.8371898531914,118.074935644865,14.9316980540752,564.144088327885,12.9592139422894,6695.62249276042,123.58467105031,0,1681.51536777616,841.759440511465,31.2499669194221,155.620959669352,41.7224279940128,167.628391891718,27.4901784062386,84.1235710680485,53.3272602260113,1728.73720443249,369.808674156666
0,1.97518107295036,0,1.93554106354713,0,0,0,0,0,0,0,0,0,0,0,0,0,0,0,0,0,0,0,0,0,0,0,0,0,0,0,0,0,1.27950450778008,0,0,38.6800731420517,56.406251758337,3.10100105404854,17.8099800050259,1.92281150817871,0.772805452346802,0,0,0,0,0,14.6315214633942,0,0,0,0,0,0,0,0,0,0,0,0,0,0,0,0,0,0,0,0,0,0,15.7775089740753,116.61779499054,21.6252260804176,38.3447298407555,34.783289372921,75.2649267613888,87.5697040557861,426.03038880229,0,0,0,0,0,0,0,0,0,0,0,1.36262142658234,48.2450140714645,396.150517702103,25.2405060231686,875.513267159462,147.238491356373,236.03846475482,86.5013159811497,193.82778736949,27.8192165195942,73.1866010129452,32.27840924263,330.589505165815,132.192383319139,6438.33222314715,1681.51536777616,0,75.0104124248028,668.751244157553,254.421530932188,68.5199218690395,490.132820248604,67.6668772399426,104.02870631218,104.173433661461,1694.09548383951,451.209203243256
11.0621293783188,0,0,0,0,0,1.25288319587708,0,0,0,0,0,0,0,0,0,0.6513911485672,0,0,0,0,0,0,0,0,0,0,0,2.89403277635574,0,0,0,0,0,0,0.924101948738098,74.9661178588867,11.8525557518005,36.8778194785118,4.75430411100388,0.562284350395203,0,0,0,0,0,0,1.47863346338272,0.883619427680969,0,0,0,0,0,0,0,7.31248891353607,0,0.761837303638458,0,1.01924693584442,0,0,0,0,0,0,0,0,0,25.0221328139305,16.9756408631802,22.8922367990017,12.2094412147999,52.662476837635,28.0560147762299,100.924986898899,59.4919371306896,0,0,0,0,0,0,0,0,0,0,0,0,286.41955062747,63.594800144434,383.520968168974,46.3584566414356,185.325453877449,41.3411186635494,332.722516328096,21.3505587279797,141.265799105167,25.2691279947758,543.636871486902,17.5272948145866,1170.75816458464,92.2640416026115,841.759440511465,75.0104124248028,0,24.2014816403389,35.2303400039673,6.23809242248535,51.0413970947266,6.86646836996078,20.0391214191914,9.17470583319664,12.2319899201393,49.511117041111
0,2.61505156755447,0,0,0,0,0,0,0,0,0,0,0,0,0,0,0,0,0,1.15652930736542,0,0,0,0,0,0,0,0,0,0,0,0,0,0,0,2.21196913719177,10.9151276350021,48.478546500206,2.8732618689537,14.5425583720207,0,0,0,0.846110224723816,0,0,0,1.63632357120514,0,0,0,0.640898764133453,0,0,0,0,0,2.25921666622162,0,0,0,0,0,0,0,0,0,0,0,1.30124497413635,3.41605913639069,13.7812520563602,3.40339815616608,15.0941900312901,12.6021486222744,34.9529524147511,9.62947449088097,59.1215394437313,0,1.0735936164856,0,0,0,0,0,0,0,0,0,0,24.6826487183571,255.294467806816,9.64712566137314,283.341695994139,17.3547298312187,94.2481616735458,28.8093647658825,117.488660633564,13.1137567162514,287.955517441034,15.5393245518208,175.40595677495,29.4141331315041,627.715316653252,31.2499669194221,668.751244157553,24.2014816403389,0,20.3786714375019,5.44010165333748,58.7689899802208,9.90300658345222,17.1767863631248,3.4889103770256,12.5295028090477,18.2259989380836
8.71549850702286,18.6103165149689,3.45917409658432,26.3238665759563,0,0,3.14512985944748,23.0984257459641,0,0,0,2.50115036964417,1.82425159215927,2.46804288029671,0,0.557324767112732,0,0,3.16820734739304,8.19159716367722,0,0,0.911624133586884,1.99417471885681,0,0,0,0,0.635489642620087,0,0,3.43492752313614,0.804592967033386,1.63266706466675,0,0,15.4745693802834,15.4795181751251,0.700709879398346,0,1.86223125457764,0,0,0.974407255649567,0,0,0.75519585609436,22.85504591465,0,0,0,0,0,0,0,0,3.16331070661545,6.3979218006134,0.71613872051239,0.508048713207245,0,0,0,0,0,0,1.15627253055573,0,4.31039541959763,1.2137713432312,21.2366676330566,88.2869068682194,23.0491790175438,14.9041041433811,19.9239307045937,32.6578593254089,209.035215735435,433.171638637781,0,0,0,0,0,0,0,0,0,0.695984244346619,0,0,5.62677356600761,26.7450370192528,17.3877981007099,103.547559291124,166.441752910614,56.5750045776367,57.354410558939,6.4898077249527,2.69276493787766,4.32145467400551,16.8689985573292,5.02424696087837,56.347053527832,106.01956859231,155.620959669352,254.421530932188,35.2303400039673,20.3786714375019,0,234.151228368282,237.36077183485,3.63658136129379,97.7962971329689,244.292762041092,87.9561493992805,215.570258885622
0.82812088727951,41.0389561057091,1.86010432243347,15.5692049264908,0,0,1.18029630184174,8.23952826857567,0,0,0,0.585052967071533,0,4.00016364455223,1.67232358455658,0.564476847648621,0,0,0.778476655483246,5.72957864403725,0,0,0,0,0,0,0,0,0,0,0,0.669604182243347,0.476131796836853,0,3.11812579631805,0.862036764621735,16.3055888414383,48.0592055916786,2.70957791805267,1.36261117458344,0,0,0,3.42337176203728,0,0.337753087282181,14.7749872207642,260.349728167057,0,1.35595244169235,1.60786885023117,2.217549264431,0,0.793643534183502,0.973197281360626,1.5469708442688,1.30886483192444,17.07935115695,1.42340087890625,7.46581518650055,0,0,0,0,0,0.690319776535034,0,6.63555353879929,0,3.32490909099579,5.52861243486404,44.3641295135021,6.46918553113937,19.1579867303371,6.20428115129471,23.1627870500088,263.308577805758,775.046024143696,0,0,0,0.687856435775757,0,0,0,0,0,0,0,0.939159274101257,4.87878787517548,24.6337254345417,12.7192739248276,62.5743108093739,445.881223976612,448.145542025566,175.462027132511,17.9445160031319,1.22615873813629,4.64924904704094,7.86694431304932,4.0458602309227,44.6205025315285,82.6704949140549,41.7224279940128,68.5199218690395,6.23809242248535,5.44010165333748,234.151228368282,0,651.762230992317,14.6139240264893,60.8510101437569,148.699646174908,41.6017073988914,142.529528081417
1.54275619983673,0,0,0,0,0,0,0,0,0,0,0,0,0,0,0,0,0.532950401306152,0,2.70275741815567,0,0,0,0.406622648239136,0,0,0,0,1.31223785877228,1.38438165187836,0,7.96997860074043,0,14.7735592722893,6.32558560371399,5.7164386510849,7.13244372606277,14.7089687585831,8.39392954111099,27.1840660572052,0,0,7.66575342416763,67.6367859840393,6.08142703771591,14.9250643253326,1.45974504947662,53.586538374424,1.41157054901123,3.07557451725006,0.870111227035522,0,2.62278985977173,0,0,3.23230475187302,0,0,0,2.25815683603287,0,3.08107176423073,0,1.64859849214554,0,0,13.3861090540886,204.152684867382,0,0,0,11.8933166563511,5.99730876088142,9.19329130649567,4.15907800197601,10.4825092256069,36.8574260175228,61.1959474980831,0,1.97252076864243,0,10.8423190712929,0,0,0,3.17456802725792,0,0,0,1.72861993312836,93.1901541650295,187.420141786337,144.929906308651,386.521041423082,329.997523993254,228.89391463995,986.307184189558,562.74592974782,126.068209588528,240.507246166468,55.2649041116238,26.1890169084072,253.28101837635,306.908323258162,167.628391891718,490.132820248604,51.0413970947266,58.7689899802208,237.36077183485,651.762230992317,0,498.840277910233,697.485346198082,670.031599104404,110.677765995264,162.05129301548
0,0,0,0,0,0,0,0,0,0,0,0,0,0,0,0,0,0,0,0,0,0,0,0,0,0,0,0,0,0,0,0,0,0,0,0,1.03413206338882,2.20100143551826,0,0.81866842508316,0,0,0,0,0,0,0,0.817467570304871,0,0,0,0,0,0,0,0,0,0,0,0,0,0,0,0,0,0,0,0,0,0,0,3.15948891639709,0,0.667452335357666,1.10286974906921,2.49675440788269,3.79025557637215,11.0614283084869,0,0,0,0,0,0,0,0,0,0,0,0,59.9347278475761,35.9754078388214,28.7914852499962,89.832817196846,28.4975093901157,25.0729125738144,111.39385175705,151.861631453037,91.5967320799828,204.276070743799,7.19547003507614,1.22173228859901,46.2954111099243,50.0011849403381,27.4901784062386,67.6668772399426,6.86646836996078,9.90300658345222,3.63658136129379,14.6139240264893,498.840277910233,0,231.444401919842,131.07659393549,5.69066870212555,11.5786203145981
0,0,0,0,0,0,0,0,0,0,0,0,0,0,0,0,0,0,0,0,0,0,0,0,0,0,0,0,0,0,0,0,0,0,0,0,1.77939867973328,12.1177894175053,6.75042602419853,1.11686283349991,0,0,0,0,0,0,0.61988365650177,0.54822701215744,0,0,0,0,0,0,0,0,0,0,0,0,0,0,0,0,0,0,0,0,0,0,1.67686489224434,6.08879804611206,0.959309965372086,1.92462354898453,3.79051196575165,6.67409574985504,28.3285529017448,32.9731712043285,0,0,0,0,0,0,0,0,0,0,0,0,42.6057422161102,79.0301910638809,89.8871985077858,266.914267838001,86.0836001932621,42.4713064134121,235.873498439789,124.52547198534,54.6581187844276,211.569354057312,63.6401140391827,18.2782897055149,127.60328373313,209.3023416996,84.1235710680485,104.02870631218,20.0391214191914,17.1767863631248,97.7962971329689,60.8510101437569,697.485346198082,231.444401919842,0,359.337362587452,22.1049223840237,50.7376814484596
0,0,0,0,0,0,0,0,0,0,0,0,0,0,0,0,0,0,0,0,0,0,0,0,0,0,0,0,0,0,0,0,0,0,0,0,0.920248329639435,1.31346637010574,0.937013328075409,0,0,0,0,0,0,0,0.534881472587585,1.90303003787994,0,0,0,0,0,0,0,0,0,0,0,0,0,0,0,0,0,0,0,0,0,0,2.7771720290184,8.36557438969612,2.26456788182259,1.01951169967651,6.2106314599514,3.03733602166176,32.8789444565773,47.3612963557243,0,0,0,0,0,0,0,0,0,0,0,0,8.80146944522858,1.37986925244331,19.3811622858047,62.6611556112766,101.217787057161,13.5654472112656,46.6758643090725,8.11312806606293,10.0319491624832,1.97368317842484,13.4391089379787,7.91017526388168,1334.50955331326,352.611437022686,53.3272602260113,104.173433661461,9.17470583319664,3.4889103770256,244.292762041092,148.699646174908,670.031599104404,131.07659393549,359.337362587452,0,334.242258787155,222.204815089703
0,0,0,0,0,0,0,0,0,0,0,0,0,0,0,0,0,0,0,0,0,0,0,0,0,0,0,0,0,0,0,0,0,0,0,0,0,2.97429019212723,1.44877165555954,0.920457482337952,0.371012687683105,0,0,0,0,0,0,4.09001880884171,0,0,0,0,0,0,0,0,0.459971398115158,0,0,0,0,0,0,0,0,0,0,0,0,0,0.593116044998169,5.11267846822739,0.889881014823914,2.66857975721359,1.1430162191391,0.941437244415283,12.7066169977188,35.201474994421,0,0,0,0,0,0,0,0,0,0,0,0,1.77332139015198,35.4144868850708,8.59500753879547,87.4947997629642,21.4979975223541,13.7607438266277,11.2989134788513,10.2908393740654,1.48611003160477,4.21815037727356,3.08101117610931,28.1038919687271,784.296968460083,259.719225347042,1728.73720443249,1694.09548383951,12.2319899201393,12.5295028090477,87.9561493992805,41.6017073988914,110.677765995264,5.69066870212555,22.1049223840237,334.242258787155,0,676.136631220579
3.56295919418335,2.1839611530304,0.62371301651001,1.17709630727768,0,0,1.77856606245041,0,0,0,0,0,1.44399070739746,0,0,0,0,1.15850949287415,0,0,0,0,0,0,0,0,0,0,0,0,0,0,0,0,0,0,9.69832944869995,5.12224107980728,1.76503109931946,0,1.34799695014954,0,0,0,0,0,0,1.46984267234802,0,0,0,0,0,0,0,0,0.472310662269592,2.86649948358536,0,0,0,0,0,1.63213610649109,0,0,0,0,0,0,13.1717012822628,25.0880308449268,13.2317219674587,9.18952575325966,15.3932801485062,15.2389730215073,102.021504104137,117.294478833675,0,0,0,0,0,0,0,0,0,0,0.935809850692749,0,10.1692298650742,24.9211838543415,10.951420456171,89.8330007195473,92.9209037125111,15.1326332390308,71.8636492192745,8.85160130262375,4.50048717856407,2.37599515914917,13.1086120307446,5.2498407959938,70.540597319603,88.3274481892586,369.808674156666,451.209203243256,49.511117041111,18.2259989380836,215.570258885622,142.529528081417,162.05129301548,11.5786203145981,50.7376814484596,222.204815089703,676.136631220579,0
